BEGIN_YEARMONTH,BEGIN_DAY,BEGIN_TIME,END_YEARMONTH,END_DAY,END_TIME,EPISODE_ID,EVENT_ID,STATE,STATE_FIPS,YEAR,MONTH_NAME,EVENT_TYPE,CZ_TYPE,CZ_FIPS,CZ_NAME,cty_fips,WFO,BEGIN_DATE_TIME,CZ_TIMEZONE,END_DATE_TIME,INJURIES_DIRECT,INJURIES_INDIRECT,DEATHS_DIRECT,DEATHS_INDIRECT,DAMAGE_PROPERTY,DAMAGE_CROPS,SOURCE,MAGNITUDE,MAGNITUDE_TYPE,FLOOD_CAUSE,CATEGORY,TOR_F_SCALE,TOR_LENGTH,TOR_WIDTH,TOR_OTHER_WFO,TOR_OTHER_CZ_STATE,TOR_OTHER_CZ_FIPS,TOR_OTHER_CZ_NAME,BEGIN_RANGE,BEGIN_AZIMUTH,BEGIN_LOCATION,END_RANGE,END_AZIMUTH,END_LOCATION,BEGIN_LAT,BEGIN_LON,END_LAT,END_LON,EPISODE_NARRATIVE,EVENT_NARRATIVE,DATA_SOURCE
200205,30,1652,200205,30,1652,1134602,5296437,LAKE HURON,90,2002,May,Marine Hail,M,362,LH PRESQUE ISL LT TO ALABASTER MI EWD BYD 5NM OFFSHORE TO INTL BORDER,90362,APX,30-MAY-02 16:52:00,EST,30-MAY-02 16:52:00,0,0,0,0,NA,NA,TRAINED SPOTTER,0.75,NA,NA,NA,NA,NA,NA,NA,NA,NA,NA,NA,NA,STURGEON POINT,NA,NA,STURGEON POINT,44.71667,-83.25,44.71667,-83.25,NA,NA,PDS
200205,30,1652,200205,30,1652,1134602,5296438,LAKE HURON,90,2002,May,Marine Hail,M,349,STURGEON PT TO ALABASTER MI,90349,APX,30-MAY-02 16:52:00,EST,30-MAY-02 16:52:00,0,0,0,0,NA,NA,TRAINED SPOTTER,0.75,NA,NA,NA,NA,NA,NA,NA,NA,NA,NA,NA,NA,HARRISVILLE,NA,NA,HARRISVILLE,44.66667,-83.28333,44.66667,-83.28333,NA,NA,PDS
200206,15,1707,200206,15,1707,1136830,5303013,LAKE MICHIGAN,91,2002,June,Marine Hail,M,646,WIND PT LT WI TO WINTHROP HBR IL,91646,MKX,15-JUN-02 17:07:00,CST,15-JUN-02 17:07:00,0,0,0,0,NA,NA,TRAINED SPOTTER,0.75,NA,NA,NA,NA,NA,NA,NA,NA,NA,NA,NA,NA,WIND POINT,NA,NA,WIND POINT,42.78333,-87.83333,42.48333,-87.81667,"Scattered severe thunderstorms with large hail moved east out over the Lake Michigan waters between Wind Point, WI and Winthrop Harbor, IL.",NA,PDS
200206,17,1345,200206,17,1345,1136565,5302598,LAKE ST CLAIR,81,2002,June,Marine Hail,M,422,ST CLAIR RIVER,81422,DTX,17-JUN-02 13:45:00,EST,17-JUN-02 13:45:00,0,0,0,0,NA,NA,LAW ENFORCEMENT,0.75,NA,NA,NA,NA,NA,NA,NA,NA,NA,NA,0,N,CITY OF ST. CLAIR,0,N,CITY OF ST. CLAIR,42.83333,-82.48333,42.83333,-82.48333,NA,NA,PDS
200206,17,1350,200206,17,1350,1136565,5302599,LAKE ST CLAIR,81,2002,June,Marine Hail,M,423,DETROIT RIVER,81423,DTX,17-JUN-02 13:50:00,EST,17-JUN-02 13:50:00,0,0,0,0,NA,NA,GENERAL PUBLIC,0.75,NA,NA,NA,NA,NA,NA,NA,NA,NA,NA,3,W,GROSSE ILE,3,W,GROSSE ILE,42.18333,-83.23333,42.18333,-83.23333,NA,NA,PDS
200206,21,1320,200206,21,1320,1136569,5302676,LAKE ST CLAIR,81,2002,June,Marine Hail,M,423,DETROIT RIVER,81423,DTX,21-JUN-02 13:20:00,EST,21-JUN-02 13:20:00,0,0,0,0,NA,NA,GENERAL PUBLIC,0.88,NA,NA,NA,NA,NA,NA,NA,NA,NA,NA,4,NW,BELLE ISLE,4,NW,BELLE ISLE,42.28333,-83.06667,42.28333,-83.06667,NA,NA,PDS
200206,21,1320,200206,21,1320,1136569,5302677,LAKE ST CLAIR,81,2002,June,Marine Hail,M,460,LAKE ST CLAIR (U.S. PORTION),81460,DTX,21-JUN-02 13:20:00,EST,21-JUN-02 13:20:00,0,0,0,0,NA,NA,GENERAL PUBLIC,0.88,NA,NA,NA,NA,NA,NA,NA,NA,NA,NA,4,W,GROSSE POINTE,4,W,GROSSE POINTE,42.26667,-83.01667,42.26667,-83.01667,NA,NA,PDS
200206,15,1623,200206,15,1632,1136829,5303011,LAKE MICHIGAN,91,2002,June,Marine Hail,M,645,NORTH PT LT TO WIND PT WI,91645,MKX,15-JUN-02 16:23:00,CST,15-JUN-02 16:32:00,0,0,0,0,NA,NA,TRAINED SPOTTER,0.88,NA,NA,NA,NA,NA,NA,NA,NA,NA,NA,NA,NA,MILWAUKEE HARBOR,NA,NA,MILWAUKEE HARBOR,43.03333,-87.96667,42.78333,-87.83333,"Severe thunderstorms packing large hail moved east out over the Lake Michigan waters between the Milwaukee Harbor and Winthrop Harbor, IL.",NA,PDS
200206,15,1627,200206,15,1627,1136829,5303012,LAKE MICHIGAN,91,2002,June,Marine Hail,M,646,WIND PT LT WI TO WINTHROP HBR IL,91646,MKX,15-JUN-02 16:27:00,CST,15-JUN-02 16:27:00,0,0,0,0,NA,NA,TRAINED SPOTTER,0.75,NA,NA,NA,NA,NA,NA,NA,NA,NA,NA,NA,NA,RACINE,NA,NA,RACINE,42.71667,-87.8,42.48333,-87.81667,"Severe thunderstorms packing large hail moved east out over the Lake Michigan waters between the Milwaukee Harbor and Winthrop Harbor, IL.",NA,PDS
200207,25,1536,200207,25,1536,1138497,5303521,GULF OF MEXICO,85,2002,July,Marine Hail,M,830,TAMPA BAY,85830,TBW,25-JUL-02 15:36:00,EST,25-JUL-02 15:36:00,0,0,0,0,NA,NA,BROADCAST MEDIA,1,NA,NA,NA,NA,NA,NA,NA,NA,NA,NA,NA,NA,OLD TAMPA BAY,NA,NA,OLD TAMPA BAY,27.85,-82.58333,27.85,-82.58333,NA,Hail was reported on the Courtney Campbell Causeway in Old Tampa Bay.,PDS
200209,30,410,200209,30,410,1143848,5319714,LAKE HURON,90,2002,September,Marine Hail,M,347,5NM E OF MACKINAC BRIDGE TO PRESQUE ISLE LT MI,90347,APX,30-SEP-02 04:10:00,EST,30-SEP-02 04:10:00,0,0,0,0,NA,NA,TRAINED SPOTTER,0.75,NA,NA,NA,NA,NA,NA,NA,NA,NA,NA,NA,NA,CHEBOYGAN,NA,NA,CHEBOYGAN,45.65,-84.48333,45.65,-84.48333,NA,NA,PDS
200209,30,410,200209,30,410,1143848,5319715,LAKE HURON,90,2002,September,Marine Hail,M,361,LH 5NM E OF MACKINAC BRIDGE TO PRESQUE ISL LT MI EWD BYD 5NM OFFSHORE TO INTL BORDER,90361,APX,30-SEP-02 04:10:00,EST,30-SEP-02 04:10:00,0,0,0,0,NA,NA,TRAINED SPOTTER,0.75,NA,NA,NA,NA,NA,NA,NA,NA,NA,NA,NA,NA,CHEBOYGAN,NA,NA,CHEBOYGAN,45.65,-84.48333,45.65,-84.48333,NA,NA,PDS
200209,30,410,200209,30,410,1143848,5319716,LAKE HURON,90,2002,September,Marine Hail,M,345,STRAITS OF MACKINAC WITHIN 5NM OF MACKINAC BRIDGE INCLUDING MACKINAC ISLAND,90345,APX,30-SEP-02 04:10:00,EST,30-SEP-02 04:10:00,0,0,0,0,NA,NA,TRAINED SPOTTER,0.75,NA,NA,NA,NA,NA,NA,NA,NA,NA,NA,NA,NA,FORT MICHILIMACKINAC,NA,NA,FORT MICHILIMACKINAC,45.8,-84.75,45.8,-84.75,NA,NA,PDS
200209,30,410,200209,30,410,1143847,5319713,LAKE MICHIGAN,91,2002,September,Marine Hail,M,342,NORWOOD MI TO 5NM W OF MACKINAC BRIDGE,91342,APX,30-SEP-02 04:10:00,EST,30-SEP-02 04:10:00,0,0,0,0,NA,NA,TRAINED SPOTTER,0.75,NA,NA,NA,NA,NA,NA,NA,NA,NA,NA,NA,NA,CROSS VILLAGE,NA,NA,CROSS VILLAGE,45.5,-85.06667,45.5,-85.06667,NA,NA,PDS
200209,3,1115,200209,3,1115,1143812,5320587,LAKE ERIE,95,2002,September,Marine Hail,M,20,BUFFALO HBR AND UPR NIAGARA R,95020,BUF,03-SEP-02 11:15:00,EST,03-SEP-02 11:15:00,0,0,0,0,NA,NA,GENERAL PUBLIC,0.75,NA,NA,NA,NA,NA,NA,NA,NA,NA,NA,NA,NA,GRAND ISLAND,NA,NA,GRAND ISLAND,43,-78.91667,43,-78.91667,NA,NA,PDS
200307,30,1817,200307,30,1817,1159069,5330419,LAKE SUPERIOR,92,2003,July,Marine Hail,M,221,KEWEENAW BAY AND HURON BAY LWR ENT LT TO PORTAGE LAKE TO HURON IS MI,92221,MQT,30-JUL-03 18:17:00,EST,30-JUL-03 18:17:00,0,0,0,0,NA,NA,LAW ENFORCEMENT,0.88,NA,NA,NA,NA,NA,NA,NA,NA,NA,NA,NA,NA,L'ANSE,NA,NA,L'ANSE,NA,NA,NA,NA,NA,Nickel sized hail reported.,PDS
200309,2,1543,200309,2,1543,1163729,5335310,ATLANTIC NORTH,88,2003,September,Marine Hail,M,536,TIDAL POTOMAC INDIAN HD TO COBB IS MD,88536,LWX,02-SEP-03 15:43:00,EST,02-SEP-03 15:43:00,0,0,0,0,NA,NA,FIRE DEPT/RESCUE SQUAD,1,NA,NA,NA,NA,NA,NA,NA,NA,NA,NA,NA,NA,DAHLGREN,NA,NA,DAHLGREN,NA,NA,NA,NA,NA,Quarter sized hail fell.,PDS
200307,7,1700,200307,7,1700,1164422,5332333,LAKE SUPERIOR,92,2003,July,Marine Hail,M,248,GRAND MARAIS TO WHITEFISH PT MI,92248,MQT,07-JUL-03 17:00:00,EST,07-JUL-03 17:00:00,0,0,0,0,NA,NA,TRAINED SPOTTER,2.5,NA,NA,NA,NA,NA,NA,NA,NA,NA,NA,9,SW,CRISP POINT LIGHT,9,SW,CRISP POINT LIGHT,NA,NA,NA,NA,NA,Tennis ball sized hail fell at Two Heart before the storm moved off-shore.,PDS
200304,20,1445,200304,20,1445,1149884,5351196,GULF OF MEXICO,85,2003,April,Marine Hail,M,470,CAMERON LA TO HIGH IS TX 20 TO 60NM,85470,LCH,20-APR-03 14:45:00,CST,20-APR-03 14:45:00,0,0,0,0,NA,NA,GENERAL PUBLIC,0.75,NA,NA,NA,NA,NA,NA,NA,NA,NA,NA,30,S,MOUTH OF SABINE RIVER,30,S,MOUTH OF SABINE RIVER,NA,NA,NA,NA,NA,NA,PDS
200304,24,1600,200304,24,1600,1149885,5351197,GULF OF MEXICO,85,2003,April,Marine Hail,M,475,ATCHAFALAYA R TO CAMERON LA 20 TO 60NM,85475,LCH,24-APR-03 16:00:00,CST,24-APR-03 16:00:00,0,0,0,0,NA,NA,GENERAL PUBLIC,1.75,NA,NA,NA,NA,NA,NA,NA,NA,NA,NA,25,SE,CAMERON,25,SE,CAMERON,NA,NA,NA,NA,NA,NA,PDS
200304,20,1525,200304,20,1525,1149676,5350474,LAKE HURON,90,2003,April,Marine Hail,M,463,LH HBR BEACH TO PT SANILAC 5NM OFFSHORE TO INTL BORDER,90463,DTX,20-APR-03 15:25:00,EST,20-APR-03 15:25:00,0,0,0,0,NA,NA,LAW ENFORCEMENT,0.75,NA,NA,NA,NA,NA,NA,NA,NA,NA,NA,NA,NA,RICHMONDVILLE,NA,NA,RICHMONDVILLE,NA,NA,NA,NA,"For more information on this event, please see Eastern Michigan storm data.",NA,PDS
200304,20,1525,200304,20,1525,1149676,5350475,LAKE HURON,90,2003,April,Marine Hail,M,442,HBR BEACH TO PT SANILAC MI,90442,DTX,20-APR-03 15:25:00,EST,20-APR-03 15:25:00,0,0,0,0,NA,NA,LAW ENFORCEMENT,0.75,NA,NA,NA,NA,NA,NA,NA,NA,NA,NA,NA,NA,RICHMONDVILLE,NA,NA,RICHMONDVILLE,NA,NA,NA,NA,"For more information on this event, please see Eastern Michigan storm data.",NA,PDS
200304,20,1525,200304,20,1525,1149676,5350476,LAKE HURON,90,2003,April,Marine Hail,M,464,LH PT SANILAC TO PT HURON 5NM OFFSHORE TO INTL BORDER,90464,DTX,20-APR-03 15:25:00,EST,20-APR-03 15:25:00,0,0,0,0,NA,NA,LAW ENFORCEMENT,0.75,NA,NA,NA,NA,NA,NA,NA,NA,NA,NA,NA,NA,PORT SANILAC,NA,NA,PORT SANILAC,NA,NA,NA,NA,"For more information on this event, please see Eastern Michigan storm data.",NA,PDS
200304,20,1525,200304,20,1525,1149676,5350477,LAKE HURON,90,2003,April,Marine Hail,M,443,PT SANILAC TO PT HURON MI,90443,DTX,20-APR-03 15:25:00,EST,20-APR-03 15:25:00,0,0,0,0,NA,NA,LAW ENFORCEMENT,0.75,NA,NA,NA,NA,NA,NA,NA,NA,NA,NA,NA,NA,PORT SANILAC,NA,NA,PORT SANILAC,NA,NA,NA,NA,"For more information on this event, please see Eastern Michigan storm data.",NA,PDS
200304,26,1100,200304,26,1100,1148560,5348633,ATLANTIC SOUTH,87,2003,April,Marine Hail,M,350,S SANTEE R TO EDISTO BEACH SC OUT 20NM,87350,CHS,26-APR-03 11:00:00,EST,26-APR-03 11:00:00,0,0,0,0,NA,NA,MARINER,0.75,NA,NA,NA,NA,NA,NA,NA,NA,NA,NA,NA,NA,BULLS BAY,NA,NA,BULLS BAY,NA,NA,NA,NA,NA,NA,PDS
200305,10,5,200305,10,5,1151191,5355016,LAKE ST CLAIR,81,2003,May,Marine Hail,M,423,DETROIT RIVER,81423,DTX,10-MAY-03 00:05:00,EST,10-MAY-03 00:05:00,0,0,0,0,NA,NA,TRAINED SPOTTER,0.75,NA,NA,NA,NA,NA,NA,NA,NA,NA,NA,0,N,WYANDOTTE,0,N,WYANDOTTE,NA,NA,NA,NA,Refer to Eastern Michigan for more details.,NA,PDS
200305,10,320,200305,10,320,1151192,5355017,LAKE ERIE,95,2003,May,Marine Hail,M,444,MI WATERS OF LAKE ERIE,95444,DTX,10-MAY-03 03:20:00,EST,10-MAY-03 03:20:00,0,0,0,0,NA,NA,TRAINED SPOTTER,1,NA,NA,NA,NA,NA,NA,NA,NA,NA,NA,0,N,MONROE HARBOR,0,N,MONROE HARBOR,NA,NA,NA,NA,Refer to Eastern Michigan for more details.,NA,PDS
200306,27,1542,200306,27,1542,1153430,5360136,ATLANTIC NORTH,88,2003,June,Marine Hail,M,250,MERRIMACK RIVER MA AND OUT 20NM TO PLYMOUTH MA AND OUT 40NM,88250,BOX,27-JUN-03 15:42:00,EST,27-JUN-03 15:42:00,0,0,0,0,NA,NA,OFFICIAL NWS OBS.,0.75,NA,NA,NA,NA,NA,NA,NA,NA,NA,NA,NA,NA,ROCKPORT,NA,NA,ROCKPORT,NA,NA,NA,NA,NA,NA,PDS
200304,25,1618,200304,25,1618,1154199,5361837,ATLANTIC SOUTH,87,2003,April,Marine Hail,M,550,FLAGLER BEACH TO COCOA BEACH FL OUT 20NM,87550,MLB,25-APR-03 16:18:00,EST,25-APR-03 16:18:00,0,0,0,0,0,0,OTHER FEDERAL AGENCY,0.75,NA,NA,NA,NA,NA,NA,NA,NA,NA,NA,5,N,CAPE CANAVERAL,5,N,CAPE CANAVERAL,NA,NA,NA,NA,NA,NA,PDS
200304,25,1730,200304,25,1730,1154199,5361838,ATLANTIC SOUTH,87,2003,April,Marine Hail,M,555,COCOA BEACH TO JUPITER INLET FL OUT 20NM,87555,MLB,25-APR-03 17:30:00,EST,25-APR-03 17:30:00,0,0,0,0,0,0,NWS EMPLOYEE(OFF DUTY),0.75,NA,NA,NA,NA,NA,NA,NA,NA,NA,NA,NA,NA,MELBOURNE BEACH,NA,NA,MELBOURNE BEACH,NA,NA,NA,NA,NA,NA,PDS
200305,5,1852,200305,5,1852,1151188,5355000,LAKE ST CLAIR,81,2003,May,Marine Hail,M,460,LAKE ST CLAIR (U.S. PORTION),81460,DTX,05-MAY-03 18:52:00,EST,05-MAY-03 18:52:00,0,0,0,0,NA,NA,TRAINED SPOTTER,1,NA,NA,NA,NA,NA,NA,NA,NA,NA,NA,0,N,GROSSE POINTE,0,N,GROSSE POINTE,NA,NA,NA,NA,See Eastern Michigan for more details on this event.,NA,PDS
200305,5,1852,200305,5,1852,1151188,5355001,LAKE ST CLAIR,81,2003,May,Marine Hail,M,423,DETROIT RIVER,81423,DTX,05-MAY-03 18:52:00,EST,05-MAY-03 18:52:00,0,0,0,0,NA,NA,TRAINED SPOTTER,1,NA,NA,NA,NA,NA,NA,NA,NA,NA,NA,0,N,BELLE ISLE,0,N,BELLE ISLE,NA,NA,NA,NA,See Eastern Michigan for more details on this event.,NA,PDS
200305,3,1145,200305,3,1147,1151945,5356543,GULF OF MEXICO,85,2003,May,Marine Hail,M,655,DESTIN TO PENSACOLA FL OUT 20NM,85655,MOB,03-MAY-03 11:45:00,CST,03-MAY-03 11:47:00,0,0,0,0,NA,NA,MARINER,0.75,NA,NA,NA,NA,NA,NA,NA,NA,NA,NA,NA,NA,NAVARRE,NA,NA,NAVARRE,NA,NA,NA,NA,NA,NA,PDS
200308,1,1548,200308,1,1548,1160294,5368349,LAKE HURON,90,2003,August,Marine Hail,M,443,PT SANILAC TO PT HURON MI,90443,DTX,01-AUG-03 15:48:00,EST,01-AUG-03 15:48:00,0,0,0,0,NA,NA,EMERGENCY MANAGER,1,NA,NA,NA,NA,NA,NA,NA,NA,NA,NA,NA,NA,PORT HURON,NA,NA,PORT HURON,NA,NA,NA,NA,NA,NA,PDS
200308,21,1927,200308,21,1927,1160300,5368618,LAKE HURON,90,2003,August,Marine Hail,M,464,LH PT SANILAC TO PT HURON 5NM OFFSHORE TO INTL BORDER,90464,DTX,21-AUG-03 19:27:00,EST,21-AUG-03 19:27:00,0,0,0,0,NA,NA,TRAINED SPOTTER,0.75,NA,NA,NA,NA,NA,NA,NA,NA,NA,NA,NA,NA,PORT SANILAC,NA,NA,PORT SANILAC,NA,NA,NA,NA,NA,NA,PDS
200308,21,1927,200308,21,1927,1160300,5368619,LAKE HURON,90,2003,August,Marine Hail,M,443,PT SANILAC TO PT HURON MI,90443,DTX,21-AUG-03 19:27:00,EST,21-AUG-03 19:27:00,0,0,0,0,NA,NA,TRAINED SPOTTER,0.75,NA,NA,NA,NA,NA,NA,NA,NA,NA,NA,NA,NA,PORT SANILAC,NA,NA,PORT SANILAC,NA,NA,NA,NA,NA,NA,PDS
200308,1,1548,200308,1,1548,1160294,5368348,LAKE HURON,90,2003,August,Marine Hail,M,464,LH PT SANILAC TO PT HURON 5NM OFFSHORE TO INTL BORDER,90464,DTX,01-AUG-03 15:48:00,EST,01-AUG-03 15:48:00,0,0,0,0,NA,NA,EMERGENCY MANAGER,1,NA,NA,NA,NA,NA,NA,NA,NA,NA,NA,NA,NA,PORT HURON,NA,NA,PORT HURON,NA,NA,NA,NA,NA,NA,PDS
200307,6,1913,200307,6,1913,1156013,5368157,LAKE HURON,90,2003,July,Marine Hail,M,422,INNER SAGINAW BAY & SW OF PT AU GRES TO BAY PORT MI,90422,DTX,06-JUL-03 19:13:00,EST,06-JUL-03 19:13:00,0,0,0,0,NA,NA,TRAINED SPOTTER,0.75,NA,NA,NA,NA,NA,NA,NA,NA,NA,NA,NA,NA,SAGINAW RIVER MOUTH,NA,NA,SAGINAW RIVER MOUTH,NA,NA,NA,NA,NA,NA,PDS
200308,21,1900,200308,21,1900,1160300,5368504,LAKE HURON,90,2003,August,Marine Hail,M,462,LH PT AUSTIN TO HBR BEACH MI 5NM OFFSHORE TO INTL BORDER,90462,DTX,21-AUG-03 19:00:00,EST,21-AUG-03 19:00:00,0,0,0,0,NA,NA,TRAINED SPOTTER,0.75,NA,NA,NA,NA,NA,NA,NA,NA,NA,NA,NA,NA,PORT HOPE,NA,NA,PORT HOPE,NA,NA,NA,NA,NA,NA,PDS
200308,21,1900,200308,21,1900,1160300,5368505,LAKE HURON,90,2003,August,Marine Hail,M,441,PT AUSTIN TO HBR BEACH MI,90441,DTX,21-AUG-03 19:00:00,EST,21-AUG-03 19:00:00,0,0,0,0,NA,NA,TRAINED SPOTTER,0.75,NA,NA,NA,NA,NA,NA,NA,NA,NA,NA,NA,NA,PORT HOPE,NA,NA,PORT HOPE,NA,NA,NA,NA,NA,NA,PDS
200308,21,1900,200308,21,1900,1160300,5368506,LAKE HURON,90,2003,August,Marine Hail,M,463,LH HBR BEACH TO PT SANILAC 5NM OFFSHORE TO INTL BORDER,90463,DTX,21-AUG-03 19:00:00,EST,21-AUG-03 19:00:00,0,0,0,0,NA,NA,TRAINED SPOTTER,0.75,NA,NA,NA,NA,NA,NA,NA,NA,NA,NA,NA,NA,HARBOR BEACH,NA,NA,HARBOR BEACH,NA,NA,NA,NA,NA,NA,PDS
200308,21,1900,200308,21,1900,1160300,5368507,LAKE HURON,90,2003,August,Marine Hail,M,442,HBR BEACH TO PT SANILAC MI,90442,DTX,21-AUG-03 19:00:00,EST,21-AUG-03 19:00:00,0,0,0,0,NA,NA,TRAINED SPOTTER,0.75,NA,NA,NA,NA,NA,NA,NA,NA,NA,NA,NA,NA,HARBOR BEACH,NA,NA,HARBOR BEACH,NA,NA,NA,NA,NA,NA,PDS
200308,21,1740,200308,21,1740,1160243,5368986,LAKE HURON,90,2003,August,Marine Hail,M,349,STURGEON PT TO ALABASTER MI,90349,APX,21-AUG-03 17:40:00,EST,21-AUG-03 17:40:00,0,0,0,0,NA,NA,TRAINED SPOTTER,2,NA,NA,NA,NA,NA,NA,NA,NA,NA,NA,NA,NA,TAWAS POINT,NA,NA,TAWAS POINT,NA,NA,NA,NA,NA,NA,PDS
200308,21,1745,200308,21,1745,1160243,5368987,LAKE HURON,90,2003,August,Marine Hail,M,362,LH PRESQUE ISL LT TO ALABASTER MI EWD BYD 5NM OFFSHORE TO INTL BORDER,90362,APX,21-AUG-03 17:45:00,EST,21-AUG-03 17:45:00,0,0,0,0,NA,NA,TRAINED SPOTTER,2,NA,NA,NA,NA,NA,NA,NA,NA,NA,NA,12,E,EAST TAWAS,12,E,EAST TAWAS,NA,NA,NA,NA,NA,NA,PDS
200308,25,1930,200308,25,1930,1160245,5368994,LAKE MICHIGAN,91,2003,August,Marine Hail,M,341,SEUL CHOIX PT MI TO 5NM W OF MACKINAC BRIDGE,91341,APX,25-AUG-03 19:30:00,EST,25-AUG-03 19:30:00,0,0,0,0,NA,NA,GENERAL PUBLIC,0.75,NA,NA,NA,NA,NA,NA,NA,NA,NA,NA,7,NE,POINT PATTERSON,7,NE,POINT PATTERSON,NA,NA,NA,NA,NA,NA,PDS
200308,25,1935,200308,25,1935,1160245,5369068,LAKE MICHIGAN,91,2003,August,Marine Hail,M,363,LM 5NM W OF MACKINAC BRIDGE TO MANISTEE MI NWD BEYOND 5NM OFFSHORE TO MID LINE OF LAKE,91363,APX,25-AUG-03 19:35:00,EST,25-AUG-03 19:35:00,0,0,0,0,NA,NA,GENERAL PUBLIC,0.75,NA,NA,NA,NA,NA,NA,NA,NA,NA,NA,12,N,BEAVER ISLAND,12,N,BEAVER ISLAND,NA,NA,NA,NA,NA,NA,PDS
200308,25,2037,200308,25,2037,1160246,5369070,LAKE HURON,90,2003,August,Marine Hail,M,348,PRESQUE ISL LT TO STURGEON PT MI,90348,APX,25-AUG-03 20:37:00,EST,25-AUG-03 20:37:00,0,0,0,0,NA,NA,TRAINED SPOTTER,0.75,NA,NA,NA,NA,NA,NA,NA,NA,NA,NA,NA,NA,MIDDLE ISLAND,NA,NA,MIDDLE ISLAND,NA,NA,NA,NA,NA,NA,PDS
200308,25,2042,200308,25,2042,1160246,5369071,LAKE HURON,90,2003,August,Marine Hail,M,362,LH PRESQUE ISL LT TO ALABASTER MI EWD BYD 5NM OFFSHORE TO INTL BORDER,90362,APX,25-AUG-03 20:42:00,EST,25-AUG-03 20:42:00,0,0,0,0,NA,NA,TRAINED SPOTTER,0.75,NA,NA,NA,NA,NA,NA,NA,NA,NA,NA,20,ENE,ALPENA,20,ENE,ALPENA,NA,NA,NA,NA,NA,NA,PDS
200307,6,1447,200307,6,1447,1156015,5366998,LAKE ERIE,95,2003,July,Marine Hail,M,444,MI WATERS OF LAKE ERIE,95444,DTX,06-JUL-03 14:47:00,EST,06-JUL-03 14:47:00,0,0,0,0,NA,NA,TRAINED SPOTTER,0.75,NA,NA,NA,NA,NA,NA,NA,NA,NA,NA,NA,NA,STONY POINT,NA,NA,STONY POINT,NA,NA,NA,NA,NA,NA,PDS
200306,28,1536,200306,28,1536,1155267,5366668,LAKE HURON,90,2003,June,Marine Hail,M,422,INNER SAGINAW BAY & SW OF PT AU GRES TO BAY PORT MI,90422,DTX,28-JUN-03 15:36:00,EST,28-JUN-03 15:36:00,0,0,0,0,NA,NA,METEOROLOGIST(NON NWS),0.75,NA,NA,NA,NA,NA,NA,NA,NA,NA,NA,NA,NA,SAGINAW RIVER MOUTH,NA,NA,SAGINAW RIVER MOUTH,NA,NA,NA,NA,NA,NA,PDS
200306,28,1536,200306,28,1536,1155267,5366669,LAKE HURON,90,2003,June,Marine Hail,M,421,OUTER SAGINAW BAY & SW OF ALABASTER TO PT AUSTIN MI,90421,DTX,28-JUN-03 15:36:00,EST,28-JUN-03 15:36:00,0,0,0,0,NA,NA,METEOROLOGIST(NON NWS),0.75,NA,NA,NA,NA,NA,NA,NA,NA,NA,NA,NA,NA,BAY PORT,NA,NA,BAY PORT,NA,NA,NA,NA,NA,NA,PDS
200305,8,1305,200305,8,1305,1156665,5370168,ATLANTIC NORTH,88,2003,May,Marine Hail,M,534,CHESAPEAKE BAY DRUM PT TO SMITH PT VA,88534,LWX,08-MAY-03 13:05:00,EST,08-MAY-03 13:05:00,0,0,0,0,NA,NA,TRAINED SPOTTER,0.75,NA,NA,NA,NA,NA,NA,NA,NA,NA,NA,NA,NA,PATUXENT RIVER NAS,NA,NA,PATUXENT RIVER NAS,NA,NA,NA,NA,NA,The hail size was estimated.,PDS
200308,28,2350,200308,28,2350,1160251,5369403,LAKE MICHIGAN,91,2003,August,Marine Hail,M,323,GRAND TRAVERSE BAY & NORWOOD TO GRAND TRAVERSE LT MI,91323,APX,28-AUG-03 23:50:00,EST,28-AUG-03 23:50:00,0,0,0,0,NA,NA,BROADCAST MEDIA,0.88,NA,NA,NA,NA,NA,NA,NA,NA,NA,NA,NA,NA,TRAVERSE CITY,NA,NA,TRAVERSE CITY,NA,NA,NA,NA,NA,NA,PDS
200307,17,1759,200307,17,1759,1158179,5375562,ST LAWRENCE R,93,2003,July,Marine Hail,M,22,ST LAWRENCE R ABOVE OGDENSBURG NY,93022,BUF,17-JUL-03 17:59:00,EST,17-JUL-03 17:59:00,0,0,0,0,NA,NA,TRAINED SPOTTER,0.75,NA,NA,NA,NA,NA,NA,NA,NA,NA,NA,NA,NA,OGDENSBURG,NA,NA,OGDENSBURG,NA,NA,NA,NA,NA,NA,PDS
200307,17,1759,200307,17,1759,1158179,5375563,ST LAWRENCE R,93,2003,July,Marine Hail,M,24,ST LAWRENCE R FROM OGDENSBURG TO ST REGIS NY,93024,BUF,17-JUL-03 17:59:00,EST,17-JUL-03 17:59:00,0,0,0,0,NA,NA,TRAINED SPOTTER,0.75,NA,NA,NA,NA,NA,NA,NA,NA,NA,NA,NA,NA,OGDENSBURG,NA,NA,OGDENSBURG,NA,NA,NA,NA,NA,NA,PDS
200307,20,1922,200307,20,1922,1158240,5379722,LAKE MICHIGAN,91,2003,July,Marine Hail,M,345,SLEEPING BEAR PT TO MANISTEE MI,91345,APX,20-JUL-03 19:22:00,EST,20-JUL-03 19:22:00,0,0,0,0,NA,NA,LAW ENFORCEMENT,0.88,NA,NA,NA,NA,NA,NA,NA,NA,NA,NA,NA,NA,PIERPORT,NA,NA,PIERPORT,NA,NA,NA,NA,NA,NA,PDS
200405,1,1610,200405,1,1610,1169970,5396341,GULF OF MEXICO,85,2004,May,Marine Hail,M,475,ATCHAFALAYA R TO CAMERON LA 20 TO 60NM,85475,LCH,01-MAY-04 16:10:00,CST,01-MAY-04 16:10:00,0,0,0,0,NA,NA,GENERAL PUBLIC,1,NA,NA,NA,NA,NA,NA,NA,NA,NA,NA,48,SSE,MARSH ISLAND,48,SSE,MARSH ISLAND,NA,NA,NA,NA,NA,NA,PDS
200405,5,40,200405,5,40,1170979,5399264,LAKE ST CLAIR,81,2004,May,Marine Hail,M,460,LAKE ST CLAIR (U.S. PORTION),81460,DTX,05-MAY-04 00:40:00,EST,05-MAY-04 00:40:00,0,0,0,0,NA,NA,TRAINED SPOTTER,0.75,NA,NA,NA,NA,NA,NA,NA,NA,NA,NA,NA,NA,ST. CLAIR SHORES,NA,NA,ST. CLAIR SHORES,NA,NA,NA,NA,NA,NA,PDS
200405,7,43,200405,7,43,1170980,5399266,LAKE ST CLAIR,81,2004,May,Marine Hail,M,423,DETROIT RIVER,81423,DTX,07-MAY-04 00:43:00,EST,07-MAY-04 00:43:00,0,0,0,0,NA,NA,TRAINED SPOTTER,1.5,NA,NA,NA,NA,NA,NA,NA,NA,NA,NA,NA,NA,BELLE ISLE,NA,NA,BELLE ISLE,NA,NA,NA,NA,NA,NA,PDS
200405,21,1350,200405,21,1350,1170995,5399734,LAKE ST CLAIR,81,2004,May,Marine Hail,M,423,DETROIT RIVER,81423,DTX,21-MAY-04 13:50:00,EST,21-MAY-04 13:50:00,0,0,0,0,NA,NA,TRAINED SPOTTER,0.75,NA,NA,NA,NA,NA,NA,NA,NA,NA,NA,NA,NA,BELLE ISLE,NA,NA,BELLE ISLE,NA,NA,NA,NA,NA,NA,PDS
200405,21,1350,200405,21,1350,1170995,5399735,LAKE ST CLAIR,81,2004,May,Marine Hail,M,460,LAKE ST CLAIR (U.S. PORTION),81460,DTX,21-MAY-04 13:50:00,EST,21-MAY-04 13:50:00,0,0,0,0,NA,NA,TRAINED SPOTTER,0.75,NA,NA,NA,NA,NA,NA,NA,NA,NA,NA,NA,NA,ST. CLAIR SHORES,NA,NA,ST. CLAIR SHORES,NA,NA,NA,NA,NA,NA,PDS
200405,21,1333,200405,21,1333,1170996,5399738,LAKE ERIE,95,2004,May,Marine Hail,M,444,MI WATERS OF LAKE ERIE,95444,DTX,21-MAY-04 13:33:00,EST,21-MAY-04 13:33:00,0,0,0,0,NA,NA,LAW ENFORCEMENT,0.75,NA,NA,NA,NA,NA,NA,NA,NA,NA,NA,NA,NA,DETROIT RIVER LIGHT,NA,NA,DETROIT RIVER LIGHT,NA,NA,NA,NA,NA,NA,PDS
200406,9,1320,200406,9,1320,1172985,5404838,LAKE HURON,90,2004,June,Marine Hail,M,464,LH PT SANILAC TO PT HURON 5NM OFFSHORE TO INTL BORDER,90464,DTX,09-JUN-04 13:20:00,EST,09-JUN-04 13:20:00,0,0,0,0,NA,NA,TRAINED SPOTTER,1,NA,NA,NA,NA,NA,NA,NA,NA,NA,NA,NA,NA,PORT HURON,NA,NA,PORT HURON,NA,NA,NA,NA,NA,NA,PDS
200406,9,1320,200406,9,1320,1172985,5404839,LAKE HURON,90,2004,June,Marine Hail,M,443,PT SANILAC TO PT HURON MI,90443,DTX,09-JUN-04 13:20:00,EST,09-JUN-04 13:20:00,0,0,0,0,NA,NA,TRAINED SPOTTER,1,NA,NA,NA,NA,NA,NA,NA,NA,NA,NA,NA,NA,PORT HURON,NA,NA,PORT HURON,NA,NA,NA,NA,NA,NA,PDS
200405,6,2225,200405,6,2225,1170973,5399252,LAKE ERIE,95,2004,May,Marine Hail,M,444,MI WATERS OF LAKE ERIE,95444,DTX,06-MAY-04 22:25:00,EST,06-MAY-04 22:25:00,0,0,0,0,NA,NA,STORM CHASER,0.75,NA,NA,NA,NA,NA,NA,NA,NA,NA,NA,0,N,DETROIT RIVER LIGHT,0,N,DETROIT RIVER LIGHT,NA,NA,NA,NA,NA,NA,PDS
200405,27,1744,200405,27,1744,1171009,5399918,LAKE ERIE,95,2004,May,Marine Hail,M,444,MI WATERS OF LAKE ERIE,95444,DTX,27-MAY-04 17:44:00,EST,27-MAY-04 17:44:00,0,0,0,0,NA,NA,TRAINED SPOTTER,0.75,NA,NA,NA,NA,NA,NA,NA,NA,NA,NA,NA,NA,NORTH CAPE,NA,NA,NORTH CAPE,NA,NA,NA,NA,NA,NA,PDS
200405,17,1437,200405,17,1437,1170989,5399524,LAKE ST CLAIR,81,2004,May,Marine Hail,M,460,LAKE ST CLAIR (U.S. PORTION),81460,DTX,17-MAY-04 14:37:00,EST,17-MAY-04 14:37:00,0,0,0,0,NA,NA,TRAINED SPOTTER,1,NA,NA,NA,NA,NA,NA,NA,NA,NA,NA,NA,NA,ST. CLAIR SHORES,NA,NA,ST. CLAIR SHORES,NA,NA,NA,NA,NA,NA,PDS
200405,17,1437,200405,17,1437,1170989,5399525,LAKE ST CLAIR,81,2004,May,Marine Hail,M,423,DETROIT RIVER,81423,DTX,17-MAY-04 14:37:00,EST,17-MAY-04 14:37:00,0,0,0,0,NA,NA,TRAINED SPOTTER,1,NA,NA,NA,NA,NA,NA,NA,NA,NA,NA,NA,NA,BELLE ISLE,NA,NA,BELLE ISLE,NA,NA,NA,NA,NA,NA,PDS
200407,13,1426,200407,13,1426,1175831,5412769,LAKE HURON,90,2004,July,Marine Hail,M,347,5NM E OF MACKINAC BRIDGE TO PRESQUE ISLE LT MI,90347,APX,13-JUL-04 14:26:00,EST,13-JUL-04 14:26:00,0,0,0,0,NA,NA,TRAINED SPOTTER,0.75,NA,NA,NA,NA,NA,NA,NA,NA,NA,NA,1,NE,ROGERS CITY,1,NE,ROGERS CITY,NA,NA,NA,NA,NA,NA,PDS
200407,13,1718,200407,13,1718,1175831,5412775,LAKE HURON,90,2004,July,Marine Hail,M,347,5NM E OF MACKINAC BRIDGE TO PRESQUE ISLE LT MI,90347,APX,13-JUL-04 17:18:00,EST,13-JUL-04 17:18:00,0,0,0,0,NA,NA,GENERAL PUBLIC,2.75,NA,NA,NA,NA,NA,NA,NA,NA,NA,NA,6,NW,PRESQUE ISLE LIGHT,6,NW,PRESQUE ISLE LIGHT,NA,NA,NA,NA,NA,NA,PDS
200407,13,1436,200407,13,1436,1175831,5412770,LAKE HURON,90,2004,July,Marine Hail,M,361,LH 5NM E OF MACKINAC BRIDGE TO PRESQUE ISL LT MI EWD BYD 5NM OFFSHORE TO INTL BORDER,90361,APX,13-JUL-04 14:36:00,EST,13-JUL-04 14:36:00,0,0,0,0,NA,NA,TRAINED SPOTTER,0.75,NA,NA,NA,NA,NA,NA,NA,NA,NA,NA,7,NE,ROGERS CITY,7,NE,ROGERS CITY,NA,NA,NA,NA,NA,NA,PDS
200406,13,1412,200406,13,1412,1174580,5409635,LAKE MICHIGAN,91,2004,June,Marine Hail,M,344,GRAND TRAVERSE LT TO SLEEPING BEAR PT MI,91344,APX,13-JUN-04 14:12:00,EST,13-JUN-04 14:12:00,0,0,0,0,NA,NA,LAW ENFORCEMENT,1,NA,NA,NA,NA,NA,NA,NA,NA,NA,NA,1,W,LELAND,1,W,LELAND,NA,NA,NA,NA,NA,NA,PDS
200406,13,1402,200406,13,1402,1174580,5409636,LAKE MICHIGAN,91,2004,June,Marine Hail,M,363,LM 5NM W OF MACKINAC BRIDGE TO MANISTEE MI NWD BEYOND 5NM OFFSHORE TO MID LINE OF LAKE,91363,APX,13-JUN-04 14:02:00,EST,13-JUN-04 14:02:00,0,0,0,0,NA,NA,LAW ENFORCEMENT,1,NA,NA,NA,NA,NA,NA,NA,NA,NA,NA,10,S,SOUTH FOX ISLAND,10,S,SOUTH FOX ISLAND,NA,NA,NA,NA,NA,NA,PDS
200408,2,1832,200408,2,1832,1176811,5414637,LAKE HURON,90,2004,August,Marine Hail,M,443,PT SANILAC TO PT HURON MI,90443,DTX,02-AUG-04 18:32:00,EST,02-AUG-04 18:32:00,0,0,0,0,NA,NA,GENERAL PUBLIC,0.75,NA,NA,NA,NA,NA,NA,NA,NA,NA,NA,NA,NA,PORT SANILAC,NA,NA,PORT SANILAC,NA,NA,NA,NA,NA,NA,PDS
200407,13,1403,200407,13,1403,1177230,5417014,LAKE MICHIGAN,91,2004,July,Marine Hail,M,221,BAY OF GREEN BAY N OF LINE FROM CEDAR R MI TO ROCK IS PSG,91221,MQT,13-JUL-04 14:03:00,EST,13-JUL-04 14:03:00,0,0,0,0,NA,NA,LAW ENFORCEMENT,1,NA,NA,NA,NA,NA,NA,NA,NA,NA,NA,13,SW,ESCANABA LIGHT,13,SW,ESCANABA LIGHT,NA,NA,NA,NA,NA,One-inch diameter hail was reported.,PDS
200407,14,23,200407,14,23,1176639,5414028,LAKE ST CLAIR,81,2004,July,Marine Hail,M,423,DETROIT RIVER,81423,DTX,14-JUL-04 00:23:00,EST,14-JUL-04 00:23:00,0,0,0,0,NA,NA,TRAINED SPOTTER,0.75,NA,NA,NA,NA,NA,NA,NA,NA,NA,NA,NA,NA,GROSSE ILE,NA,NA,GROSSE ILE,NA,NA,NA,NA,NA,NA,PDS
200407,21,1530,200407,21,1600,1176632,5413974,LAKE MICHIGAN,91,2004,July,Marine Hail,M,868,LM HOLLAND TO WHITEHALL MI 5NM OFFSHORE TO MID LINE OF LAKE,91868,GRR,21-JUL-04 15:30:00,EST,21-JUL-04 16:00:00,0,0,0,0,NA,NA,COASTAL OBSERVING STATION,1,NA,NA,NA,NA,NA,NA,NA,NA,NA,NA,NA,NA,GRAND HAVEN HARBOR,NA,NA,GRAND HAVEN HARBOR,NA,NA,NA,NA,One inch diameter hail was reported along the Lake Michigan shoreline in and near Grand Haven and Saugatuck.,NA,PDS
200407,21,1530,200407,21,1600,1176632,5413975,LAKE MICHIGAN,91,2004,July,Marine Hail,M,867,LM NEW BUFFALO TO HOLLAND MI 5NM OFFSHORE TO MID LINE OF LAKE,91867,GRR,21-JUL-04 15:30:00,EST,21-JUL-04 16:00:00,0,0,0,0,NA,NA,COASTAL OBSERVING STATION,1,NA,NA,NA,NA,NA,NA,NA,NA,NA,NA,NA,NA,SAUGATUCK HARBOR,NA,NA,SAUGATUCK HARBOR,NA,NA,NA,NA,One inch diameter hail was reported along the Lake Michigan shoreline in and near Grand Haven and Saugatuck.,NA,PDS
200407,21,1530,200407,21,1600,1176632,5413976,LAKE MICHIGAN,91,2004,July,Marine Hail,M,845,SOUTH HAVEN TO HOLLAND MI,91845,GRR,21-JUL-04 15:30:00,EST,21-JUL-04 16:00:00,0,0,0,0,NA,NA,COASTAL OBSERVING STATION,1,NA,NA,NA,NA,NA,NA,NA,NA,NA,NA,NA,NA,SAUGATUCK HARBOR,NA,NA,SAUGATUCK HARBOR,NA,NA,NA,NA,One inch diameter hail was reported along the Lake Michigan shoreline in and near Grand Haven and Saugatuck.,NA,PDS
200407,21,1530,200407,21,1600,1176632,5414188,LAKE MICHIGAN,91,2004,July,Marine Hail,M,846,HOLLAND TO GRAND HAVEN MI,91846,GRR,21-JUL-04 15:30:00,EST,21-JUL-04 16:00:00,0,0,0,0,NA,NA,COASTAL OBSERVING STATION,1,NA,NA,NA,NA,NA,NA,NA,NA,NA,NA,NA,NA,GRAND HAVEN HARBOR,NA,NA,GRAND HAVEN HARBOR,NA,NA,NA,NA,One inch diameter hail was reported along the Lake Michigan shoreline in and near Grand Haven and Saugatuck.,NA,PDS
200407,21,1530,200407,21,1600,1176632,5414189,LAKE MICHIGAN,91,2004,July,Marine Hail,M,847,GRAND HAVEN TO WHITEHALL MI,91847,GRR,21-JUL-04 15:30:00,EST,21-JUL-04 16:00:00,0,0,0,0,NA,NA,COASTAL OBSERVING STATION,1,NA,NA,NA,NA,NA,NA,NA,NA,NA,NA,NA,NA,GRAND HAVEN HARBOR,NA,NA,GRAND HAVEN HARBOR,NA,NA,NA,NA,One inch diameter hail was reported along the Lake Michigan shoreline in and near Grand Haven and Saugatuck.,NA,PDS
200408,9,1703,200408,9,1703,1178589,5419481,LAKE MICHIGAN,91,2004,August,Marine Hail,M,221,BAY OF GREEN BAY N OF LINE FROM CEDAR R MI TO ROCK IS PSG,91221,MQT,09-AUG-04 17:03:00,CST,09-AUG-04 17:03:00,0,0,0,0,NA,NA,GENERAL PUBLIC,1,NA,NA,NA,NA,NA,NA,NA,NA,NA,NA,2,NE,CEDAR RIVER ENT LT,2,NE,CEDAR RIVER ENT LT,NA,NA,NA,NA,NA,Quarter-sized hail was reported.,PDS
200406,26,1645,200406,26,1645,1179053,5419442,ST LAWRENCE R,93,2004,June,Marine Hail,M,22,ST LAWRENCE R ABOVE OGDENSBURG NY,93022,BUF,26-JUN-04 16:45:00,EST,26-JUN-04 16:45:00,0,0,0,0,NA,NA,PARK/FOREST SERVICE,0.75,NA,NA,NA,NA,NA,NA,NA,NA,NA,NA,6,SW,OGDENSBURG,6,SW,OGDENSBURG,NA,NA,NA,NA,NA,NA,PDS
200408,2,1832,200408,2,1832,1176811,5414636,LAKE HURON,90,2004,August,Marine Hail,M,464,LH PT SANILAC TO PT HURON 5NM OFFSHORE TO INTL BORDER,90464,DTX,02-AUG-04 18:32:00,EST,02-AUG-04 18:32:00,0,0,0,0,NA,NA,GENERAL PUBLIC,0.75,NA,NA,NA,NA,NA,NA,NA,NA,NA,NA,NA,NA,PORT SANILAC,NA,NA,PORT SANILAC,NA,NA,NA,NA,NA,NA,PDS
200407,15,1330,200407,15,1335,1176520,5414457,ATLANTIC SOUTH,87,2004,July,Marine Hail,M,352,EDISTO BEACH SC TO SAVANNAH GA OUT 20NM,87352,CHS,15-JUL-04 13:30:00,EST,15-JUL-04 13:35:00,0,0,0,0,NA,NA,MARINER,0.75,NA,NA,NA,NA,NA,NA,NA,NA,NA,NA,17,S,PORT ROYAL SOUND,17,S,PORT ROYAL SOUND,NA,NA,NA,NA,NA,Hail was reported by Savannah pilot boat.,PDS
200406,30,1423,200406,30,1423,1174582,5409682,LAKE HURON,90,2004,June,Marine Hail,M,348,PRESQUE ISL LT TO STURGEON PT MI,90348,APX,30-JUN-04 14:23:00,EST,30-JUN-04 14:23:00,0,0,0,0,NA,NA,TRAINED SPOTTER,1,NA,NA,NA,NA,NA,NA,NA,NA,NA,NA,4,SSE,BLACK RIVER,4,SSE,BLACK RIVER,NA,NA,NA,NA,NA,NA,PDS
200406,30,1423,200406,30,1423,1174582,5409683,LAKE HURON,90,2004,June,Marine Hail,M,349,STURGEON PT TO ALABASTER MI,90349,APX,30-JUN-04 14:23:00,EST,30-JUN-04 14:23:00,0,0,0,0,NA,NA,TRAINED SPOTTER,1,NA,NA,NA,NA,NA,NA,NA,NA,NA,NA,1,SE,HARRISVILLE,1,SE,HARRISVILLE,NA,NA,NA,NA,NA,NA,PDS
200406,30,1420,200406,30,1420,1174582,5409684,LAKE HURON,90,2004,June,Marine Hail,M,362,LH PRESQUE ISL LT TO ALABASTER MI EWD BYD 5NM OFFSHORE TO INTL BORDER,90362,APX,30-JUN-04 14:20:00,EST,30-JUN-04 14:20:00,0,0,0,0,NA,NA,TRAINED SPOTTER,0.75,NA,NA,NA,NA,NA,NA,NA,NA,NA,NA,9,NE,STURGEON POINT,9,NE,STURGEON POINT,NA,NA,NA,NA,NA,NA,PDS
200406,30,1516,200406,30,1516,1174582,5409685,LAKE HURON,90,2004,June,Marine Hail,M,348,PRESQUE ISL LT TO STURGEON PT MI,90348,APX,30-JUN-04 15:16:00,EST,30-JUN-04 15:16:00,0,0,0,0,NA,NA,TRAINED SPOTTER,1,NA,NA,NA,NA,NA,NA,NA,NA,NA,NA,4,SSE,BLACK RIVER,4,SSE,BLACK RIVER,NA,NA,NA,NA,NA,NA,PDS
200406,30,1516,200406,30,1516,1174582,5409686,LAKE HURON,90,2004,June,Marine Hail,M,349,STURGEON PT TO ALABASTER MI,90349,APX,30-JUN-04 15:16:00,EST,30-JUN-04 15:16:00,0,0,0,0,NA,NA,TRAINED SPOTTER,1,NA,NA,NA,NA,NA,NA,NA,NA,NA,NA,3,SSE,OSCODA,3,SSE,OSCODA,NA,NA,NA,NA,NA,NA,PDS
200406,30,1528,200406,30,1528,1174582,5409687,LAKE HURON,90,2004,June,Marine Hail,M,362,LH PRESQUE ISL LT TO ALABASTER MI EWD BYD 5NM OFFSHORE TO INTL BORDER,90362,APX,30-JUN-04 15:28:00,EST,30-JUN-04 15:28:00,0,0,0,0,NA,NA,TRAINED SPOTTER,1,NA,NA,NA,NA,NA,NA,NA,NA,NA,NA,7,E,OSCODA,7,E,OSCODA,NA,NA,NA,NA,NA,NA,PDS
200406,23,1605,200406,23,1605,1173470,5406969,LAKE MICHIGAN,91,2004,June,Marine Hail,M,645,NORTH PT LT TO WIND PT WI,91645,MKX,23-JUN-04 16:05:00,CST,23-JUN-04 16:05:00,0,0,0,0,NA,NA,TRAINED SPOTTER,0.88,NA,NA,NA,NA,NA,NA,NA,NA,NA,NA,NA,NA,WIND POINT,NA,NA,WIND POINT,NA,NA,NA,NA,Two separate lines/small clusters of thunderstorms moved east out over Lake Michigan.  The thunderstorms dumped large hail and generated strong wind gusts.,NA,PDS
200406,23,2108,200406,23,2108,1173470,5406974,LAKE MICHIGAN,91,2004,June,Marine Hail,M,646,WIND PT LT WI TO WINTHROP HBR IL,91646,MKX,23-JUN-04 21:08:00,CST,23-JUN-04 21:08:00,0,0,0,0,NA,NA,TRAINED SPOTTER,1,NA,NA,NA,NA,NA,NA,NA,NA,NA,NA,1,S,WIND POINT,1,S,WIND POINT,NA,NA,NA,NA,Two separate lines/small clusters of thunderstorms moved east out over Lake Michigan.  The thunderstorms dumped large hail and generated strong wind gusts.,NA,PDS
200406,23,2035,200406,23,2035,1173470,5406971,LAKE MICHIGAN,91,2004,June,Marine Hail,M,645,NORTH PT LT TO WIND PT WI,91645,MKX,23-JUN-04 20:35:00,CST,23-JUN-04 20:35:00,0,0,0,0,NA,NA,TRAINED SPOTTER,0.75,NA,NA,NA,NA,NA,NA,NA,NA,NA,NA,NA,NA,CUDAHY,NA,NA,CUDAHY,NA,NA,NA,NA,Two separate lines/small clusters of thunderstorms moved east out over Lake Michigan.  The thunderstorms dumped large hail and generated strong wind gusts.,NA,PDS
200406,13,1504,200406,13,1504,1172989,5404941,LAKE HURON,90,2004,June,Marine Hail,M,422,INNER SAGINAW BAY & SW OF PT AU GRES TO BAY PORT MI,90422,DTX,13-JUN-04 15:04:00,EST,13-JUN-04 15:04:00,0,0,0,0,NA,NA,TRAINED SPOTTER,1.75,NA,NA,NA,NA,NA,NA,NA,NA,NA,NA,NA,NA,PINCONNING,NA,NA,PINCONNING,NA,NA,NA,NA,NA,NA,PDS
200406,13,1504,200406,13,1504,1172989,5404942,LAKE HURON,90,2004,June,Marine Hail,M,421,OUTER SAGINAW BAY & SW OF ALABASTER TO PT AUSTIN MI,90421,DTX,13-JUN-04 15:04:00,EST,13-JUN-04 15:04:00,0,0,0,0,NA,NA,TRAINED SPOTTER,1.75,NA,NA,NA,NA,NA,NA,NA,NA,NA,NA,NA,NA,BAY PORT,NA,NA,BAY PORT,NA,NA,NA,NA,NA,NA,PDS
200406,13,1630,200406,13,1630,1172989,5404943,LAKE HURON,90,2004,June,Marine Hail,M,441,PT AUSTIN TO HBR BEACH MI,90441,DTX,13-JUN-04 16:30:00,EST,13-JUN-04 16:30:00,0,0,0,0,NA,NA,BROADCAST MEDIA,2,NA,NA,NA,NA,NA,NA,NA,NA,NA,NA,NA,NA,PORT AUSTIN,NA,NA,PORT AUSTIN,NA,NA,NA,NA,NA,NA,PDS
200406,13,1630,200406,13,1630,1172989,5404944,LAKE HURON,90,2004,June,Marine Hail,M,462,LH PT AUSTIN TO HBR BEACH MI 5NM OFFSHORE TO INTL BORDER,90462,DTX,13-JUN-04 16:30:00,EST,13-JUN-04 16:30:00,0,0,0,0,NA,NA,BROADCAST MEDIA,2,NA,NA,NA,NA,NA,NA,NA,NA,NA,NA,NA,NA,PORT AUSTIN,NA,NA,PORT AUSTIN,NA,NA,NA,NA,NA,NA,PDS
200406,7,1945,200406,7,1945,1173370,5405601,LAKE SUPERIOR,92,2004,June,Marine Hail,M,263,LS E OF LN FROM SAXON HBR WI TO GRAND PORTAGE MN TO LN MANITOU IS MI NWD BYD 5NM AND S OF INTL BORDER,92263,MQT,07-JUN-04 19:45:00,EST,07-JUN-04 19:45:00,0,0,0,0,NA,NA,PARK/FOREST SERVICE,0.75,NA,NA,NA,NA,NA,NA,NA,NA,NA,NA,52,NW,COPPER HARBOR,52,NW,COPPER HARBOR,NA,NA,NA,NA,NA,Three-quarter inch hail was reported at Windigo on Isle Royale.,PDS
200408,11,1520,200408,11,1520,1179594,5421801,ATLANTIC NORTH,88,2004,August,Marine Hail,M,535,TIDAL POTOMAC KEY BRIDGE TO INDIAN HD MD,88535,LWX,11-AUG-04 15:20:00,EST,11-AUG-04 15:20:00,0,0,0,0,NA,NA,TRAINED SPOTTER,0.75,NA,NA,NA,NA,NA,NA,NA,NA,NA,NA,5,W,RNLD REAGAN NATL ARPT,5,W,RNLD REAGAN NATL ARPT,NA,NA,NA,NA,NA,NA,PDS
200407,13,1403,200407,13,1403,1177227,5416932,LAKE MICHIGAN,91,2004,July,Marine Hail,M,542,STURGEON BAY TO TWO RIVERS WI,91542,GRB,13-JUL-04 14:03:00,CST,13-JUL-04 14:03:00,0,0,0,0,NA,NA,UNKNOWN,1,NA,NA,NA,NA,NA,NA,NA,NA,NA,NA,NA,NA,ALGOMA,NA,NA,ALGOMA,NA,NA,NA,NA,Severe thunderstorms that formed during the afternoon and passed through northeast Wisconsin produced large hail and strong winds as they moved over the nearshore waters of Lake Michigan and the Bay of Green Bay.  The storms damaged trees at Whitefish Dunes State Park and dropped quarter size hail at Algoma.  A wind gust to 48 knots was measured at Sister Bay and a gust to 37 knots was recorded at the Green Bay harbor entrance light.,NA,PDS
200408,2,1607,200408,2,1607,1178144,5418169,LAKE HURON,90,2004,August,Marine Hail,M,349,STURGEON PT TO ALABASTER MI,90349,APX,02-AUG-04 16:07:00,EST,02-AUG-04 16:07:00,0,0,0,0,NA,NA,OTHER FEDERAL AGENCY,1,NA,NA,NA,NA,NA,NA,NA,NA,NA,NA,1,E,OSCODA,1,E,OSCODA,NA,NA,NA,NA,NA,NA,PDS
200408,2,1619,200408,2,1619,1178144,5418170,LAKE HURON,90,2004,August,Marine Hail,M,362,LH PRESQUE ISL LT TO ALABASTER MI EWD BYD 5NM OFFSHORE TO INTL BORDER,90362,APX,02-AUG-04 16:19:00,EST,02-AUG-04 16:19:00,0,0,0,0,NA,NA,OTHER FEDERAL AGENCY,1,NA,NA,NA,NA,NA,NA,NA,NA,NA,NA,7,E,OSCODA,7,E,OSCODA,NA,NA,NA,NA,NA,NA,PDS
200408,9,1921,200408,9,1921,1178146,5418261,LAKE MICHIGAN,91,2004,August,Marine Hail,M,323,GRAND TRAVERSE BAY & NORWOOD TO GRAND TRAVERSE LT MI,91323,APX,09-AUG-04 19:21:00,EST,09-AUG-04 19:21:00,0,0,0,0,NA,NA,TRAINED SPOTTER,0.88,NA,NA,NA,NA,NA,NA,NA,NA,NA,NA,7,NNE,OLD MISSION,7,NNE,OLD MISSION,NA,NA,NA,NA,NA,NA,PDS
200408,9,1921,200408,9,1921,1178146,5418262,LAKE MICHIGAN,91,2004,August,Marine Hail,M,342,NORWOOD MI TO 5NM W OF MACKINAC BRIDGE,91342,APX,09-AUG-04 19:21:00,EST,09-AUG-04 19:21:00,0,0,0,0,NA,NA,TRAINED SPOTTER,0.88,NA,NA,NA,NA,NA,NA,NA,NA,NA,NA,1,NW,NORWOOD,1,NW,NORWOOD,NA,NA,NA,NA,NA,NA,PDS
200408,9,1830,200408,9,1830,1178146,5418263,LAKE MICHIGAN,91,2004,August,Marine Hail,M,344,GRAND TRAVERSE LT TO SLEEPING BEAR PT MI,91344,APX,09-AUG-04 18:30:00,EST,09-AUG-04 18:30:00,0,0,0,0,NA,NA,TRAINED SPOTTER,0.75,NA,NA,NA,NA,NA,NA,NA,NA,NA,NA,1,NE,SLEEPING BEAR POINT,1,NE,SLEEPING BEAR POINT,NA,NA,NA,NA,NA,NA,PDS
200408,9,1830,200408,9,1830,1178146,5418264,LAKE MICHIGAN,91,2004,August,Marine Hail,M,345,SLEEPING BEAR PT TO MANISTEE MI,91345,APX,09-AUG-04 18:30:00,EST,09-AUG-04 18:30:00,0,0,0,0,NA,NA,TRAINED SPOTTER,0.75,NA,NA,NA,NA,NA,NA,NA,NA,NA,NA,1,W,EMPIRE,1,W,EMPIRE,NA,NA,NA,NA,NA,NA,PDS
200408,9,1830,200408,9,1830,1178146,5418265,LAKE MICHIGAN,91,2004,August,Marine Hail,M,363,LM 5NM W OF MACKINAC BRIDGE TO MANISTEE MI NWD BEYOND 5NM OFFSHORE TO MID LINE OF LAKE,91363,APX,09-AUG-04 18:30:00,EST,09-AUG-04 18:30:00,0,0,0,0,NA,NA,TRAINED SPOTTER,0.75,NA,NA,NA,NA,NA,NA,NA,NA,NA,NA,15,N,FRANKFORT,15,N,FRANKFORT,NA,NA,NA,NA,NA,NA,PDS
200408,2,1257,200408,2,1257,1178144,5418165,LAKE HURON,90,2004,August,Marine Hail,M,347,5NM E OF MACKINAC BRIDGE TO PRESQUE ISLE LT MI,90347,APX,02-AUG-04 12:57:00,EST,02-AUG-04 12:57:00,0,0,0,0,NA,NA,TRAINED SPOTTER,0.88,NA,NA,NA,NA,NA,NA,NA,NA,NA,NA,1,N,ROGERS CITY,1,N,ROGERS CITY,NA,NA,NA,NA,NA,NA,PDS
200408,9,1730,200408,9,1730,1178590,5419482,LAKE SUPERIOR,92,2004,August,Marine Hail,M,246,MARQUETTE TO MUNISING MI,92246,MQT,09-AUG-04 17:30:00,EST,09-AUG-04 17:30:00,0,0,0,0,NA,NA,GENERAL PUBLIC,1.75,NA,NA,NA,NA,NA,NA,NA,NA,NA,NA,6,SE,MARQUETTE LIGHTHOUSE,6,SE,MARQUETTE LIGHTHOUSE,NA,NA,NA,NA,NA,"Golf-ball sized hail was reported near Harvey, Mi.",PDS
200503,20,1544,200503,20,1715,1185779,5440087,ATLANTIC NORTH,88,2005,March,Marine Hail,M,535,TIDAL POTOMAC KEY BRIDGE TO INDIAN HD MD,88535,LWX,20-MAR-05 15:44:00,EST,20-MAR-05 17:15:00,0,0,0,0,NA,NA,GENERAL PUBLIC,0.75,NA,NA,NA,NA,NA,NA,NA,NA,NA,NA,NA,NA,RNLD REAGAN NATL ARPT,NA,NA,RNLD REAGAN NATL ARPT,38.86667,-77.06667,38.81667,-77.08333,NA,hail assoc with strong storm which moved from the district into the tidal pot.,PDS
200503,20,405,200503,20,405,1185807,5440275,GULF OF MEXICO,85,2005,March,Marine Hail,M,455,ATCHAFALAYA R TO CAMERON LA OUT 20NM,85455,LCH,20-MAR-05 04:05:00,CST,20-MAR-05 04:05:00,0,0,0,0,NA,NA,GENERAL PUBLIC,0.75,NA,NA,NA,NA,NA,NA,NA,NA,NA,NA,25,SSW,CYPREMORT POINT,25,SSW,CYPREMORT POINT,29.41667,-92,29.41667,-92,NA,NA,PDS
200503,30,2000,200503,30,2000,1185662,5442016,LAKE MICHIGAN,91,2005,March,Marine Hail,M,644,PT WASHINGTON TO NORTH PT LT WI,91644,MKX,30-MAR-05 20:00:00,CST,30-MAR-05 20:00:00,0,0,0,0,NA,NA,TRAINED SPOTTER,0.75,NA,NA,NA,NA,NA,NA,NA,NA,NA,NA,1,N,NORTH POINT LTHOUSE,1,N,NORTH POINT LTHOUSE,42.58333,-87.83333,42.58333,-87.83333,"Clusters or short lines of severe thunderstorms moved out over Lake Michigan, resulting in scattered reports of large hail and powerful downburst straight-line wind gusts.  These storms were the 3rd round of severe storms which affected other parts of south-central and southeast Wisconsin during the late morning through early evening hours of March 30th.",NA,PDS
200504,13,1535,200504,13,1535,1186635,5445617,ATLANTIC SOUTH,87,2005,April,Marine Hail,M,330,CHARLESTON HARBOR,87330,CHS,13-APR-05 15:35:00,EST,13-APR-05 15:35:00,0,0,0,0,NA,NA,POST OFFICE,1,NA,NA,NA,NA,NA,NA,NA,NA,NA,NA,2,SE,THE CHARLESTON BATTRY,2,SE,THE CHARLESTON BATTRY,32.76667,-79.88333,32.78333,-79.9,NA,"Quarter size hail fell on James Island, which borders the harbor.",PDS
200506,5,1317,200506,5,1317,1192463,5459043,LAKE HURON,90,2005,June,Marine Hail,M,361,LH 5NM E OF MACKINAC BRIDGE TO PRESQUE ISL LT MI EWD BYD 5NM OFFSHORE TO INTL BORDER,90361,APX,05-JUN-05 13:17:00,EST,05-JUN-05 13:17:00,0,0,0,0,NA,NA,TRAINED SPOTTER,0.88,NA,NA,NA,NA,NA,NA,NA,NA,NA,NA,20,E,CHEBOYGAN,20,E,CHEBOYGAN,45.55,-84.08333,45.55,-84.08333,NA,NA,PDS
200506,5,1604,200506,5,1604,1192463,5459044,LAKE HURON,90,2005,June,Marine Hail,M,348,PRESQUE ISL LT TO STURGEON PT MI,90348,APX,05-JUN-05 16:04:00,EST,05-JUN-05 16:04:00,0,0,0,0,NA,NA,TRAINED SPOTTER,1,NA,NA,NA,NA,NA,NA,NA,NA,NA,NA,1,NE,STURGEON POINT,1,NE,STURGEON POINT,45.65,-84.06667,45.65,-84.06667,NA,NA,PDS
200506,30,230,200506,30,230,1191279,5456591,LAKE MICHIGAN,91,2005,June,Marine Hail,M,644,PT WASHINGTON TO NORTH PT LT WI,91644,MKX,30-JUN-05 02:30:00,CST,30-JUN-05 02:30:00,0,0,0,0,NA,NA,GENERAL PUBLIC,0.75,NA,NA,NA,NA,NA,NA,NA,NA,NA,NA,NA,NA,PORT WASHINGTON,NA,NA,PORT WASHINGTON,43.38333,-87.86667,43.38333,-87.86667,"A bowing line of severe storms that moved through southern Wisconsin eventually moved east across Lake Michigan, but weakened with time.  Some strong gusts and large hail were noted along the immdiate Lake Michigan shoreline.",NA,PDS
200506,5,1604,200506,5,1604,1192463,5459045,LAKE HURON,90,2005,June,Marine Hail,M,349,STURGEON PT TO ALABASTER MI,90349,APX,05-JUN-05 16:04:00,EST,05-JUN-05 16:04:00,0,0,0,0,NA,NA,TRAINED SPOTTER,1,NA,NA,NA,NA,NA,NA,NA,NA,NA,NA,1,SE,STURGEON POINT,1,SE,STURGEON POINT,44.73333,-83.23333,44.73333,-83.23333,NA,NA,PDS
200506,5,1950,200506,5,1950,1192463,5459047,LAKE HURON,90,2005,June,Marine Hail,M,347,5NM E OF MACKINAC BRIDGE TO PRESQUE ISLE LT MI,90347,APX,05-JUN-05 19:50:00,EST,05-JUN-05 19:50:00,0,0,0,0,NA,NA,TRAINED SPOTTER,1.25,NA,NA,NA,NA,NA,NA,NA,NA,NA,NA,1,NE,ROGERS CITY,1,NE,ROGERS CITY,44.26667,-83.41667,44.26667,-83.41667,NA,NA,PDS
200506,5,1925,200506,5,1925,1191221,5457186,LAKE SUPERIOR,92,2005,June,Marine Hail,M,245,HURON IS TO MARQUETTE MI,92245,MQT,05-JUN-05 19:25:00,EST,05-JUN-05 19:25:00,0,0,0,0,NA,NA,TRAINED SPOTTER,1,NA,NA,NA,NA,NA,NA,NA,NA,NA,NA,NA,NA,BIG BAY POINT LIGHT,NA,NA,BIG BAY POINT LIGHT,46.81667,-87.71667,46.81667,-87.71667,NA,NA,PDS
200505,13,1840,200505,13,1840,1189650,5449842,LAKE ST CLAIR,81,2005,May,Marine Hail,M,423,DETROIT RIVER,81423,DTX,13-MAY-05 18:40:00,EST,13-MAY-05 18:40:00,0,0,0,0,NA,NA,TRAINED SPOTTER,1,NA,NA,NA,NA,NA,NA,NA,NA,NA,NA,NA,NA,GROSSE ILE,NA,NA,GROSSE ILE,42.18333,-83.16667,42.2,-83.16667,NA,NA,PDS
200505,13,1805,200505,13,1805,1189650,5449841,LAKE ST CLAIR,81,2005,May,Marine Hail,M,460,LAKE ST CLAIR (U.S. PORTION),81460,DTX,13-MAY-05 18:05:00,EST,13-MAY-05 18:05:00,0,0,0,0,NA,NA,TRAINED SPOTTER,1,NA,NA,NA,NA,NA,NA,NA,NA,NA,NA,NA,NA,GROSSE POINTE,NA,NA,GROSSE POINTE,42.26667,-82.93333,42.26667,-82.93333,NA,NA,PDS
200506,19,1400,200506,19,1400,1192353,5459210,ATLANTIC SOUTH,87,2005,June,Marine Hail,M,350,S SANTEE R TO EDISTO BEACH SC OUT 20NM,87350,CHS,19-JUN-05 14:00:00,EST,19-JUN-05 14:00:00,0,0,0,0,NA,NA,GENERAL PUBLIC,0.88,NA,NA,NA,NA,NA,NA,NA,NA,NA,NA,NA,NA,FOLLY BEACH,NA,NA,FOLLY BEACH,34.33333,-79.91667,34.33333,-79.91667,NA,Nickel size hail fell on Folly Beach and the adjacent coastal waters.,PDS
200507,30,1113,200507,30,1113,1194583,5465643,LAKE SUPERIOR,92,2005,July,Marine Hail,M,241,SAXON HBR WI TO ONTONAGON MI,92241,MQT,30-JUL-05 11:13:00,EST,30-JUL-05 11:13:00,0,0,0,0,NA,NA,TRAINED SPOTTER,1,NA,NA,NA,NA,NA,NA,NA,NA,NA,NA,8,SW,ONTONAGON LIGHT,8,SW,ONTONAGON LIGHT,45.95,-89.41667,45.95,-89.41667,NA,One-inch diameter hail observed.,PDS
200507,24,201,200507,24,201,1195871,5466723,LAKE MICHIGAN,91,2005,July,Marine Hail,M,363,LM 5NM W OF MACKINAC BRIDGE TO MANISTEE MI NWD BEYOND 5NM OFFSHORE TO MID LINE OF LAKE,91363,APX,24-JUL-05 02:01:00,EST,24-JUL-05 02:01:00,0,0,0,0,NA,NA,TRAINED SPOTTER,0.88,NA,NA,NA,NA,NA,NA,NA,NA,NA,NA,20,NW,MANISTEE,20,NW,MANISTEE,44.45,-86.6,44.45,-86.6,NA,NA,PDS
200506,5,315,200506,5,315,1191280,5456592,LAKE MICHIGAN,91,2005,June,Marine Hail,M,646,WIND PT LT WI TO WINTHROP HBR IL,91646,MKX,05-JUN-05 03:15:00,CST,05-JUN-05 03:15:00,0,0,0,0,NA,NA,LAW ENFORCEMENT,0.75,NA,NA,NA,NA,NA,NA,NA,NA,NA,NA,NA,NA,KENOSHA,NA,NA,KENOSHA,42.58333,-87.83333,42.58333,-87.83333,A thunderstorm in the last of three rounds of severe weather to affect southern Wisconsin from June 4th into June 5th managed to produce 3/4 inch diameter hail on the lakeshore of Kenosha.,NA,PDS
200506,7,1550,200506,7,1550,1191281,5456593,LAKE MICHIGAN,91,2005,June,Marine Hail,M,645,NORTH PT LT TO WIND PT WI,91645,MKX,07-JUN-05 15:50:00,CST,07-JUN-05 15:50:00,0,0,0,0,NA,NA,AMATEUR RADIO,1,NA,NA,NA,NA,NA,NA,NA,NA,NA,NA,NA,NA,CUDAHY,NA,NA,CUDAHY,42.95,-87.85,42.95,-87.85,Isolated to scattered thunderstorms during the afternoon affected the nearshore area around Milwaukee.  One storm pulsed to severe limits and produced some large hail and strong gusty winds along the nearshore south of Milwaukee.,NA,PDS
200506,14,1518,200506,14,1518,1192182,5460017,LAKE HURON,90,2005,June,Marine Hail,M,442,HBR BEACH TO PT SANILAC MI,90442,DTX,14-JUN-05 15:18:00,EST,14-JUN-05 15:18:00,0,0,0,0,NA,NA,TRAINED SPOTTER,0.75,NA,NA,NA,NA,NA,NA,NA,NA,NA,NA,NA,NA,HARBOR BEACH,NA,NA,HARBOR BEACH,43.83333,-82.65,43.7,-82.6,NA,NA,PDS
200506,5,1940,200506,5,1940,1192172,5459899,LAKE HURON,90,2005,June,Marine Hail,M,462,LH PT AUSTIN TO HBR BEACH MI 5NM OFFSHORE TO INTL BORDER,90462,DTX,05-JUN-05 19:40:00,EST,05-JUN-05 19:40:00,0,0,0,0,NA,NA,TRAINED SPOTTER,0.75,EG,NA,NA,NA,NA,NA,NA,NA,NA,NA,NA,NA,PORT HOPE,NA,NA,PORT HOPE,43.93333,-82.71667,43.93333,-82.71667,NA,NA,PDS
200506,5,1940,200506,5,1940,1192172,5459898,LAKE HURON,90,2005,June,Marine Hail,M,441,PT AUSTIN TO HBR BEACH MI,90441,DTX,05-JUN-05 19:40:00,EST,05-JUN-05 19:40:00,0,0,0,0,NA,NA,TRAINED SPOTTER,0.75,EG,NA,NA,NA,NA,NA,NA,NA,NA,NA,NA,NA,PORT HOPE,NA,NA,PORT HOPE,43.93333,-82.71667,43.93333,-82.71667,NA,NA,PDS
200506,5,1307,200506,5,1307,1192463,5460239,LAKE HURON,90,2005,June,Marine Hail,M,347,5NM E OF MACKINAC BRIDGE TO PRESQUE ISLE LT MI,90347,APX,05-JUN-05 13:07:00,EST,05-JUN-05 13:07:00,0,0,0,0,NA,NA,TRAINED SPOTTER,0.88,NA,NA,NA,NA,NA,NA,NA,NA,NA,NA,9,WNW,FORTY MILE POINT,9,WNW,FORTY MILE POINT,45.43333,-83.81667,45.43333,-83.81667,NA,NA,PDS
200506,5,1345,200506,5,1345,1192172,5459829,LAKE HURON,90,2005,June,Marine Hail,M,422,INNER SAGINAW BAY & SW OF PT AU GRES TO BAY PORT MI,90422,DTX,05-JUN-05 13:45:00,EST,05-JUN-05 13:45:00,0,0,0,0,NA,NA,TRAINED SPOTTER,0.75,NA,NA,NA,NA,NA,NA,NA,NA,NA,NA,NA,NA,SAGINAW RIVER MOUTH,NA,NA,SAGINAW RIVER MOUTH,43.65,-83.83333,43.65,-83.83333,NA,NA,PDS
200506,5,1815,200506,5,1815,1192172,5459834,LAKE HURON,90,2005,June,Marine Hail,M,422,INNER SAGINAW BAY & SW OF PT AU GRES TO BAY PORT MI,90422,DTX,05-JUN-05 18:15:00,EST,05-JUN-05 18:15:00,0,0,0,0,NA,NA,TRAINED SPOTTER,0.75,NA,NA,NA,NA,NA,NA,NA,NA,NA,NA,NA,NA,SEBEWAING,NA,NA,SEBEWAING,43.73333,-83.45,43.73333,-83.45,NA,NA,PDS
200506,5,1815,200506,5,1815,1192172,5459835,LAKE HURON,90,2005,June,Marine Hail,M,421,OUTER SAGINAW BAY & SW OF ALABASTER TO PT AUSTIN MI,90421,DTX,05-JUN-05 18:15:00,EST,05-JUN-05 18:15:00,0,0,0,0,NA,NA,TRAINED SPOTTER,0.75,NA,NA,NA,NA,NA,NA,NA,NA,NA,NA,NA,NA,BAY PORT,NA,NA,BAY PORT,43.85,-83.38333,43.85,-83.38333,NA,NA,PDS
200506,14,1518,200506,14,1518,1192182,5460018,LAKE HURON,90,2005,June,Marine Hail,M,463,LH HBR BEACH TO PT SANILAC 5NM OFFSHORE TO INTL BORDER,90463,DTX,14-JUN-05 15:18:00,EST,14-JUN-05 15:18:00,0,0,0,0,NA,NA,TRAINED SPOTTER,0.75,NA,NA,NA,NA,NA,NA,NA,NA,NA,NA,NA,NA,HARBOR BEACH,NA,NA,HARBOR BEACH,43.83333,-82.65,43.7,-82.6,NA,NA,PDS
200506,10,1808,200506,10,1808,1192179,5460001,LAKE HURON,90,2005,June,Marine Hail,M,422,INNER SAGINAW BAY & SW OF PT AU GRES TO BAY PORT MI,90422,DTX,10-JUN-05 18:08:00,EST,10-JUN-05 18:08:00,0,0,0,0,NA,NA,TRAINED SPOTTER,0.75,NA,NA,NA,NA,NA,NA,NA,NA,NA,NA,NA,NA,SEBEWAING,NA,NA,SEBEWAING,43.73333,-83.45,43.73333,-83.45,NA,NA,PDS
200506,18,1615,200506,18,1615,1193679,5460696,GULF OF MEXICO,85,2005,June,Marine Hail,M,450,CAMERON LA TO HIGH IS TX OUT 20NM,85450,LCH,18-JUN-05 16:15:00,CST,18-JUN-05 16:15:00,0,0,0,0,NA,NA,OTHER FEDERAL AGENCY,1,NA,NA,NA,NA,NA,NA,NA,NA,NA,NA,10,N,MOUTH OF SABINE RIVER,10,N,MOUTH OF SABINE RIVER,29.88333,-93.88333,29.88333,-93.88333,Coast Guard reported large hail near Pleasure Island.,NA,PDS
200509,20,1510,200509,20,1510,1199071,5474420,ATLANTIC NORTH,88,2005,September,Marine Hail,M,534,CHESAPEAKE BAY DRUM PT TO SMITH PT VA,88534,LWX,20-SEP-05 15:10:00,EST,20-SEP-05 15:10:00,0,0,0,0,NA,NA,POST OFFICE,0.88,NA,NA,NA,NA,NA,NA,NA,NA,NA,NA,17,E,PATUXENT RIVER NAS,17,E,PATUXENT RIVER NAS,38.28,-76.11667,38.28,-76.11667,NA,NA,PDS
200509,7,1525,200509,7,1525,1198785,5475673,LAKE HURON,90,2005,September,Marine Hail,M,349,STURGEON PT TO ALABASTER MI,90349,APX,07-SEP-05 15:25:00,EST,07-SEP-05 15:25:00,0,0,0,0,NA,NA,TRAINED SPOTTER,0.75,NA,NA,NA,NA,NA,NA,NA,NA,NA,NA,1,E,GREENBUSH,1,E,GREENBUSH,44.58333,-83.3,44.58333,-83.3,NA,NA,PDS
200509,7,1540,200509,7,1540,1198785,5475674,LAKE HURON,90,2005,September,Marine Hail,M,362,LH PRESQUE ISL LT TO ALABASTER MI EWD BYD 5NM OFFSHORE TO INTL BORDER,90362,APX,07-SEP-05 15:40:00,EST,07-SEP-05 15:40:00,0,0,0,0,NA,NA,TRAINED SPOTTER,0.75,NA,NA,NA,NA,NA,NA,NA,NA,NA,NA,12,SE,STURGEON POINT,12,SE,STURGEON POINT,44.6,-83.08333,44.6,-83.08333,NA,NA,PDS
200509,7,1625,200509,7,1625,1198786,5475675,LAKE MICHIGAN,91,2005,September,Marine Hail,M,345,SLEEPING BEAR PT TO MANISTEE MI,91345,APX,07-SEP-05 16:25:00,EST,07-SEP-05 16:25:00,0,0,0,0,NA,NA,TRAINED SPOTTER,0.75,NA,NA,NA,NA,NA,NA,NA,NA,NA,NA,2,SW,FRANKFORT,2,SW,FRANKFORT,44.61667,-86.25,44.61667,-86.25,NA,NA,PDS
200509,7,1625,200509,7,1625,1198786,5475676,LAKE MICHIGAN,91,2005,September,Marine Hail,M,363,LM 5NM W OF MACKINAC BRIDGE TO MANISTEE MI NWD BEYOND 5NM OFFSHORE TO MID LINE OF LAKE,91363,APX,07-SEP-05 16:25:00,EST,07-SEP-05 16:25:00,0,0,0,0,NA,NA,TRAINED SPOTTER,0.75,NA,NA,NA,NA,NA,NA,NA,NA,NA,NA,7,W,FRANKFORT,7,W,FRANKFORT,44.63333,-86.38333,44.63333,-86.38333,NA,NA,PDS
200507,28,1330,200507,28,1330,1196232,5469964,LAKE MICHIGAN,91,2005,July,Marine Hail,M,541,ROCK IS PSG TO STURGEON BAY WI,91541,GRB,28-JUL-05 13:30:00,CST,28-JUL-05 13:30:00,0,0,0,0,NA,NA,POST OFFICE,0.75,NA,NA,NA,NA,NA,NA,NA,NA,NA,NA,NA,NA,WASHINGTON ISLAND,NA,NA,WASHINGTON ISLAND,45.45,-86.93333,45.45,-86.93333,"Thunderstorms ahead of a cold front, that moved across Wisconsin and northern Lake Michigan from the northwest, produced a wind gust to 35 knots near Menominee MI and penny size hail at Washington Island.",NA,PDS
200507,24,241,200507,24,241,1195871,5466969,LAKE MICHIGAN,91,2005,July,Marine Hail,M,345,SLEEPING BEAR PT TO MANISTEE MI,91345,APX,24-JUL-05 02:41:00,EST,24-JUL-05 02:41:00,0,0,0,0,NA,NA,TRAINED SPOTTER,0.88,NA,NA,NA,NA,NA,NA,NA,NA,NA,NA,1,NW,MANISTEE,1,NW,MANISTEE,44.26667,-86.33333,44.26667,-86.33333,NA,NA,PDS
200507,24,254,200507,24,254,1195871,5466970,LAKE MICHIGAN,91,2005,July,Marine Hail,M,363,LM 5NM W OF MACKINAC BRIDGE TO MANISTEE MI NWD BEYOND 5NM OFFSHORE TO MID LINE OF LAKE,91363,APX,24-JUL-05 02:54:00,EST,24-JUL-05 02:54:00,0,0,0,0,NA,NA,TRAINED SPOTTER,0.88,NA,NA,NA,NA,NA,NA,NA,NA,NA,NA,7,NW,MANISTEE,7,NW,MANISTEE,44.31667,-86.41667,44.31667,-86.41667,NA,NA,PDS
200507,31,820,200507,31,820,1195872,5466972,LAKE SUPERIOR,92,2005,July,Marine Hail,M,321,WHITEFISH BAY & WHITEFISH PT TO PT IROQUOIS MI,92321,APX,31-JUL-05 08:20:00,EST,31-JUL-05 08:20:00,0,0,0,0,NA,NA,TRAINED SPOTTER,0.75,NA,NA,NA,NA,NA,NA,NA,NA,NA,NA,1,E,PARADISE,1,E,PARADISE,46.63333,-85.01667,46.63333,-85.01667,NA,NA,PDS
200507,31,2330,200507,31,2330,1195873,5466973,LAKE SUPERIOR,92,2005,July,Marine Hail,M,321,WHITEFISH BAY & WHITEFISH PT TO PT IROQUOIS MI,92321,APX,31-JUL-05 23:30:00,EST,31-JUL-05 23:30:00,0,0,0,0,NA,NA,GENERAL PUBLIC,1,NA,NA,NA,NA,NA,NA,NA,NA,NA,NA,2,NW,NAOMIKONG POINT,2,NW,NAOMIKONG POINT,46.51667,-84.83333,46.51667,-84.83333,NA,NA,PDS
200507,31,1312,200507,31,1312,1195874,5466974,LAKE HURON,90,2005,July,Marine Hail,M,347,5NM E OF MACKINAC BRIDGE TO PRESQUE ISLE LT MI,90347,APX,31-JUL-05 13:12:00,EST,31-JUL-05 13:12:00,0,0,0,0,NA,NA,TRAINED SPOTTER,1,NA,NA,NA,NA,NA,NA,NA,NA,NA,NA,9,WNW,FORTY MILE POINT,9,WNW,FORTY MILE POINT,45.55,-84.08333,45.55,-84.08333,NA,NA,PDS
200507,31,1320,200507,31,1320,1195874,5466975,LAKE HURON,90,2005,July,Marine Hail,M,361,LH 5NM E OF MACKINAC BRIDGE TO PRESQUE ISL LT MI EWD BYD 5NM OFFSHORE TO INTL BORDER,90361,APX,31-JUL-05 13:20:00,EST,31-JUL-05 13:20:00,0,0,0,0,NA,NA,TRAINED SPOTTER,1,NA,NA,NA,NA,NA,NA,NA,NA,NA,NA,15,NW,ROGERS CITY,15,NW,ROGERS CITY,45.56667,-84.05,45.56667,-84.05,NA,NA,PDS
200510,14,2034,200510,14,2034,1199903,5476747,LAKE MICHIGAN,91,2005,October,Marine Hail,M,342,NORWOOD MI TO 5NM W OF MACKINAC BRIDGE,91342,APX,14-OCT-05 20:34:00,EST,14-OCT-05 20:34:00,0,0,0,0,NA,NA,TRAINED SPOTTER,1,NA,NA,NA,NA,NA,NA,NA,NA,NA,NA,1,NW,CROSS VILLAGE,1,NW,CROSS VILLAGE,45.51667,-85.08333,45.51667,-85.08333,NA,NA,PDS
200510,14,2026,200510,14,2026,1199903,5476748,LAKE MICHIGAN,91,2005,October,Marine Hail,M,363,LM 5NM W OF MACKINAC BRIDGE TO MANISTEE MI NWD BEYOND 5NM OFFSHORE TO MID LINE OF LAKE,91363,APX,14-OCT-05 20:26:00,EST,14-OCT-05 20:26:00,0,0,0,0,NA,NA,TRAINED SPOTTER,1,NA,NA,NA,NA,NA,NA,NA,NA,NA,NA,15,E,BEAVER ISLAND,15,E,BEAVER ISLAND,45.6,-85.23333,45.6,-85.23333,NA,NA,PDS
200603,31,1710,200603,31,1710,1204895,5490531,LAKE HURON,90,2006,March,Marine Hail,M,421,OUTER SAGINAW BAY & SW OF ALABASTER TO PT AUSTIN MI,90421,DTX,31-MAR-06 17:10:00,EST,31-MAR-06 17:10:00,0,0,0,0,NA,NA,TRAINED SPOTTER,0.75,NA,NA,NA,NA,NA,NA,NA,NA,NA,NA,NA,NA,CASEVILLE,NA,NA,CASEVILLE,43.93333,-83.26667,43.93333,-83.26667,NA,NA,PDS
200603,31,1710,200603,31,1710,1204895,5490532,LAKE HURON,90,2006,March,Marine Hail,M,422,INNER SAGINAW BAY & SW OF PT AU GRES TO BAY PORT MI,90422,DTX,31-MAR-06 17:10:00,EST,31-MAR-06 17:10:00,0,0,0,0,NA,NA,TRAINED SPOTTER,0.75,NA,NA,NA,NA,NA,NA,NA,NA,NA,NA,NA,NA,SAGINAW RIVER MOUTH,NA,NA,SAGINAW RIVER MOUTH,43.65,-83.83333,43.65,-83.83333,NA,NA,PDS
200604,15,1635,200604,15,1650,1209475,5507083,ATLANTIC NORTH,88,2006,April,Marine Hail,M,536,TIDAL POTOMAC INDIAN HD TO COBB IS MD,88536,LWX,15-APR-06 16:35:00,EST,15-APR-06 16:50:00,0,0,0,0,NA,NA,EMERGENCY MANAGER,1.5,NA,NA,NA,NA,NA,NA,NA,NA,NA,NA,NA,NA,COBB ISLAND,NA,NA,COBB ISLAND,38.26667,-76.85,38.33333,-77.01667,"Strong daytime heating conditions, combined with favorable winds and cold temperatures at a higher altitude, contributed to scattered thunderstorm development during the afternoon and evening of April 15. Some of these storms reached severe limits, with the primary hazard being large hail.",NA,PDS
200604,13,1320,200604,13,1325,1209471,5507075,ATLANTIC NORTH,88,2006,April,Marine Hail,M,536,TIDAL POTOMAC INDIAN HD TO COBB IS MD,88536,LWX,13-APR-06 13:20:00,EST,13-APR-06 13:25:00,0,0,0,0,NA,NA,EMERGENCY MANAGER,0.75,NA,NA,NA,NA,NA,NA,NA,NA,NA,NA,NA,NA,QUANTICO,NA,NA,QUANTICO,NA,NA,NA,NA,A strong upper level disturbance caused scattered showers and thunderstorms to develop during the afternoon and evening of April 13. A few of these storms reached severe limits with damaging winds and large hail.,NA,PDS
200605,17,1642,200605,17,1642,1209860,5504977,LAKE HURON,90,2006,May,Marine Hail,M,349,STURGEON PT TO ALABASTER MI,90349,APX,17-MAY-06 16:42:00,EST,17-MAY-06 16:42:00,0,0,0,0,NA,NA,TRAINED SPOTTER,1.25,NA,NA,NA,NA,NA,NA,NA,NA,NA,NA,2,SW,TAWAS POINT,2,SW,TAWAS POINT,44.26667,-83.45,44.26667,-83.45,NA,NA,PDS
200604,23,2018,200604,23,2100,1209478,5507163,ATLANTIC NORTH,88,2006,April,Marine Hail,M,530,CHESAPEAKE BAY N OF POOLES IS MD,88530,LWX,23-APR-06 20:18:00,EST,23-APR-06 21:00:00,0,0,0,0,NA,NA,TRAINED SPOTTER,0.75,NA,NA,NA,NA,NA,NA,NA,NA,NA,NA,NA,NA,ABERDEEN PROVING GRND,NA,NA,ABERDEEN PROVING GRND,39.46667,-76.11667,39.55,-76.1,"Strong thunderstorms were capable of producing very large hail during the late evening of April 23, due to very cold air aloft in the atmosphere. Severe criteria large hail reports were received from areas near Baltimore, Maryland, including the adjacent waters of the Chesapeake Bay.",NA,PDS
200604,23,2018,200604,23,2115,1209478,5507164,ATLANTIC NORTH,88,2006,April,Marine Hail,M,531,CHESAPEAKE BAY POOLES IS TO SANDY PT MD,88531,LWX,23-APR-06 20:18:00,EST,23-APR-06 21:15:00,0,0,0,0,NA,NA,TRAINED SPOTTER,0.88,NA,NA,NA,NA,NA,NA,NA,NA,NA,NA,NA,NA,MILLERS ISLAND,NA,NA,MILLERS ISLAND,39.16667,-76.41667,39.11667,-76.51667,"Strong thunderstorms were capable of producing very large hail during the late evening of April 23, due to very cold air aloft in the atmosphere. Severe criteria large hail reports were received from areas near Baltimore, Maryland, including the adjacent waters of the Chesapeake Bay.",NA,PDS
200604,22,2044,200604,22,2044,1206471,5498384,LAKE ERIE,95,2006,April,Marine Hail,M,444,MI WATERS OF LAKE ERIE,95444,DTX,22-APR-06 20:44:00,EST,22-APR-06 20:44:00,0,0,0,0,NA,NA,TRAINED SPOTTER,1.5,NA,NA,NA,NA,NA,NA,NA,NA,NA,NA,NA,NA,MONROE HARBOR,NA,NA,MONROE HARBOR,41.91667,-83.4,41.91667,-83.4,NA,NA,PDS
200605,17,1545,200605,17,1545,1212944,5515691,LAKE MICHIGAN,91,2006,May,Marine Hail,M,646,WIND PT LT WI TO WINTHROP HBR IL,91646,MKX,17-MAY-06 15:45:00,CST,17-MAY-06 15:45:00,0,0,0,0,NA,NA,COASTAL OBSERVING STATION,0.75,NA,NA,NA,NA,NA,NA,NA,NA,NA,NA,2,E,RACINE,2,E,RACINE,NA,NA,NA,NA,Thunderstorm that pulsed to severe limits over land managed to maintain their strength and move out over the nearshore waters of Lake Michigan in the Racine to Kenosha area.,NA,PDS
200605,28,1130,200605,28,1130,1212076,5513140,LAKE HURON,90,2006,May,Marine Hail,M,441,PT AUSTIN TO HBR BEACH MI,90441,DTX,28-MAY-06 11:30:00,EST,28-MAY-06 11:30:00,0,0,0,0,NA,NA,GENERAL PUBLIC,0.75,NA,NA,NA,NA,NA,NA,NA,NA,NA,NA,NA,NA,PORT HOPE,NA,NA,PORT HOPE,NA,NA,NA,NA,NA,NA,PDS
200605,28,1130,200605,28,1130,1212076,5513141,LAKE HURON,90,2006,May,Marine Hail,M,462,LH PT AUSTIN TO HBR BEACH MI 5NM OFFSHORE TO INTL BORDER,90462,DTX,28-MAY-06 11:30:00,EST,28-MAY-06 11:30:00,0,0,0,0,NA,NA,GENERAL PUBLIC,0.75,NA,NA,NA,NA,NA,NA,NA,NA,NA,NA,NA,NA,PORT HOPE,NA,NA,PORT HOPE,NA,NA,NA,NA,NA,NA,PDS
200604,13,2150,200604,13,2200,1212943,5515687,LAKE MICHIGAN,91,2006,April,Marine Hail,M,644,PT WASHINGTON TO NORTH PT LT WI,91644,MKX,13-APR-06 21:50:00,CST,13-APR-06 22:00:00,0,0,0,0,NA,NA,LAW ENFORCEMENT,1,NA,NA,NA,NA,NA,NA,NA,NA,NA,NA,NA,NA,PORT WASHINGTON,NA,NA,PORT WASHINGTON,NA,NA,NA,NA,"A short line of storms that bowed out and moved east-southeast through northern Sheboygan county continued out over the Lake Michigan waters.  Buidling, tree, and power-line damage was noted all the way to the shoreline in Sheboygan County.  The northward extension of this line also resulted in wind damage to the shoreline in Manitowoc County.",NA,PDS
200604,13,2210,200604,13,2210,1212943,5515688,LAKE MICHIGAN,91,2006,April,Marine Hail,M,645,NORTH PT LT TO WIND PT WI,91645,MKX,13-APR-06 22:10:00,CST,13-APR-06 22:10:00,0,0,0,0,NA,NA,LAW ENFORCEMENT,1,NA,NA,NA,NA,NA,NA,NA,NA,NA,NA,NA,NA,MILWAUKEE HARBOR,NA,NA,MILWAUKEE HARBOR,NA,NA,NA,NA,"A short line of storms that bowed out and moved east-southeast through northern Sheboygan county continued out over the Lake Michigan waters.  Buidling, tree, and power-line damage was noted all the way to the shoreline in Sheboygan County.  The northward extension of this line also resulted in wind damage to the shoreline in Manitowoc County.",NA,PDS
200606,27,955,200606,27,955,1213899,5518731,LAKE ST CLAIR,81,2006,June,Marine Hail,M,460,LAKE ST CLAIR (U.S. PORTION),81460,DTX,27-JUN-06 09:55:00,EST,27-JUN-06 09:55:00,0,0,0,0,NA,NA,GENERAL PUBLIC,0.75,NA,NA,NA,NA,NA,NA,NA,NA,NA,NA,NA,NA,METROPOLITAN BEACH,NA,NA,METROPOLITAN BEACH,NA,NA,NA,NA,NA,NA,PDS
200606,27,955,200606,27,955,1213899,5518732,LAKE ST CLAIR,81,2006,June,Marine Hail,M,422,ST CLAIR RIVER,81422,DTX,27-JUN-06 09:55:00,EST,27-JUN-06 09:55:00,0,0,0,0,NA,NA,GENERAL PUBLIC,0.75,NA,NA,NA,NA,NA,NA,NA,NA,NA,NA,NA,NA,ALGONAC,NA,NA,ALGONAC,NA,NA,NA,NA,NA,NA,PDS
200606,27,1530,200606,27,1530,1213899,5518733,LAKE ST CLAIR,81,2006,June,Marine Hail,M,423,DETROIT RIVER,81423,DTX,27-JUN-06 15:30:00,EST,27-JUN-06 15:30:00,0,0,0,0,NA,NA,GENERAL PUBLIC,0.75,NA,NA,NA,NA,NA,NA,NA,NA,NA,NA,NA,NA,WYANDOTTE,NA,NA,WYANDOTTE,NA,NA,NA,NA,NA,NA,PDS
200606,27,1540,200606,27,1540,1213899,5518734,LAKE ST CLAIR,81,2006,June,Marine Hail,M,460,LAKE ST CLAIR (U.S. PORTION),81460,DTX,27-JUN-06 15:40:00,EST,27-JUN-06 15:40:00,0,0,0,0,NA,NA,BROADCAST MEDIA,0.75,NA,NA,NA,NA,NA,NA,NA,NA,NA,NA,NA,NA,GROSSE POINTE,NA,NA,GROSSE POINTE,NA,NA,NA,NA,NA,NA,PDS
200606,8,1715,200606,8,1715,1213889,5518478,LAKE ST CLAIR,81,2006,June,Marine Hail,M,422,ST CLAIR RIVER,81422,DTX,08-JUN-06 17:15:00,EST,08-JUN-06 17:15:00,0,0,0,0,NA,NA,GENERAL PUBLIC,0.75,NA,NA,NA,NA,NA,NA,NA,NA,NA,NA,NA,NA,CITY OF ST. CLAIR,NA,NA,CITY OF ST. CLAIR,NA,NA,NA,NA,NA,NA,PDS
200606,8,1715,200606,8,1715,1213889,5518479,LAKE ST CLAIR,81,2006,June,Marine Hail,M,460,LAKE ST CLAIR (U.S. PORTION),81460,DTX,08-JUN-06 17:15:00,EST,08-JUN-06 17:15:00,0,0,0,0,NA,NA,GENERAL PUBLIC,0.75,NA,NA,NA,NA,NA,NA,NA,NA,NA,NA,NA,NA,NEW BALTIMORE,NA,NA,NEW BALTIMORE,NA,NA,NA,NA,NA,NA,PDS
200605,25,1640,200605,25,1640,1212072,5513130,LAKE ERIE,95,2006,May,Marine Hail,M,444,MI WATERS OF LAKE ERIE,95444,DTX,25-MAY-06 16:40:00,EST,25-MAY-06 16:40:00,0,0,0,0,NA,NA,TRAINED SPOTTER,0.75,NA,NA,NA,NA,NA,NA,NA,NA,NA,NA,NA,NA,STONY POINT,NA,NA,STONY POINT,NA,NA,NA,NA,NA,NA,PDS
200605,25,1750,200605,25,1750,1212074,5513134,LAKE HURON,90,2006,May,Marine Hail,M,441,PT AUSTIN TO HBR BEACH MI,90441,DTX,25-MAY-06 17:50:00,EST,25-MAY-06 17:50:00,0,0,0,0,NA,NA,GENERAL PUBLIC,0.75,NA,NA,NA,NA,NA,NA,NA,NA,NA,NA,NA,NA,HARBOR BEACH,NA,NA,HARBOR BEACH,NA,NA,NA,NA,NA,NA,PDS
200605,25,1750,200605,25,1750,1212074,5513135,LAKE HURON,90,2006,May,Marine Hail,M,462,LH PT AUSTIN TO HBR BEACH MI 5NM OFFSHORE TO INTL BORDER,90462,DTX,25-MAY-06 17:50:00,EST,25-MAY-06 17:50:00,0,0,0,0,NA,NA,GENERAL PUBLIC,0.75,NA,NA,NA,NA,NA,NA,NA,NA,NA,NA,NA,NA,HARBOR BEACH,NA,NA,HARBOR BEACH,NA,NA,NA,NA,NA,NA,PDS
200605,25,1750,200605,25,1750,1212074,5513136,LAKE HURON,90,2006,May,Marine Hail,M,442,HBR BEACH TO PT SANILAC MI,90442,DTX,25-MAY-06 17:50:00,EST,25-MAY-06 17:50:00,0,0,0,0,NA,NA,GENERAL PUBLIC,0.75,NA,NA,NA,NA,NA,NA,NA,NA,NA,NA,NA,NA,HARBOR BEACH,NA,NA,HARBOR BEACH,NA,NA,NA,NA,NA,NA,PDS
200606,19,1220,200606,19,1220,1213891,5518544,LAKE ST CLAIR,81,2006,June,Marine Hail,M,460,LAKE ST CLAIR (U.S. PORTION),81460,DTX,19-JUN-06 12:20:00,EST,19-JUN-06 12:20:00,0,0,0,0,NA,NA,LAW ENFORCEMENT,1,NA,NA,NA,NA,NA,NA,NA,NA,NA,NA,NA,NA,GROSSE POINTE,NA,NA,GROSSE POINTE,NA,NA,NA,NA,NA,NA,PDS
200606,19,1220,200606,19,1220,1213891,5518545,LAKE ST CLAIR,81,2006,June,Marine Hail,M,423,DETROIT RIVER,81423,DTX,19-JUN-06 12:20:00,EST,19-JUN-06 12:20:00,0,0,0,0,NA,NA,LAW ENFORCEMENT,1,NA,NA,NA,NA,NA,NA,NA,NA,NA,NA,NA,NA,AMBASSADOR BRIDGE,NA,NA,AMBASSADOR BRIDGE,NA,NA,NA,NA,NA,NA,PDS
200606,19,1629,200606,19,1629,1213891,5518547,LAKE ST CLAIR,81,2006,June,Marine Hail,M,423,DETROIT RIVER,81423,DTX,19-JUN-06 16:29:00,EST,19-JUN-06 16:29:00,0,0,0,0,NA,NA,TRAINED SPOTTER,1,NA,NA,NA,NA,NA,NA,NA,NA,NA,NA,NA,NA,WYANDOTTE,NA,NA,WYANDOTTE,NA,NA,NA,NA,NA,NA,PDS
200606,19,1629,200606,19,1629,1213892,5518549,LAKE ERIE,95,2006,June,Marine Hail,M,444,MI WATERS OF LAKE ERIE,95444,DTX,19-JUN-06 16:29:00,EST,19-JUN-06 16:29:00,0,0,0,0,NA,NA,TRAINED SPOTTER,1,NA,NA,NA,NA,NA,NA,NA,NA,NA,NA,NA,NA,DETROIT RIVER LIGHT,NA,NA,DETROIT RIVER LIGHT,NA,NA,NA,NA,NA,NA,PDS
200605,17,1813,200605,17,1813,1212070,5513513,LAKE ST CLAIR,81,2006,May,Marine Hail,M,422,ST CLAIR RIVER,81422,DTX,17-MAY-06 18:13:00,EST,17-MAY-06 18:13:00,0,0,0,0,NA,NA,EMERGENCY MANAGER,1,NA,NA,NA,NA,NA,NA,NA,NA,NA,NA,NA,NA,PORT HURON,NA,NA,PORT HURON,NA,NA,NA,NA,NA,NA,PDS
200605,30,1740,200605,30,1740,1212081,5512767,LAKE HURON,90,2006,May,Marine Hail,M,422,INNER SAGINAW BAY & SW OF PT AU GRES TO BAY PORT MI,90422,DTX,30-MAY-06 17:40:00,EST,30-MAY-06 17:40:00,0,0,0,0,NA,NA,TRAINED SPOTTER,0.88,NA,NA,NA,NA,NA,NA,NA,NA,NA,NA,NA,NA,SAGINAW RIVER MOUTH,NA,NA,SAGINAW RIVER MOUTH,NA,NA,NA,NA,NA,NA,PDS
200604,23,2145,200604,23,2200,1209478,5507165,ATLANTIC NORTH,88,2006,April,Marine Hail,M,530,CHESAPEAKE BAY N OF POOLES IS MD,88530,LWX,23-APR-06 21:45:00,EST,23-APR-06 22:00:00,0,0,0,0,NA,NA,GOVT OFFICIAL,0.88,NA,NA,NA,NA,NA,NA,NA,NA,NA,NA,NA,NA,POOLES ISLAND,NA,NA,POOLES ISLAND,39.33333,-76.08333,39.43333,-76.03333,"Strong thunderstorms were capable of producing very large hail during the late evening of April 23, due to very cold air aloft in the atmosphere. Severe criteria large hail reports were received from areas near Baltimore, Maryland, including the adjacent waters of the Chesapeake Bay.",NA,PDS
200606,28,1330,200606,28,1330,1213902,5518706,LAKE HURON,90,2006,June,Marine Hail,M,464,LH PT SANILAC TO PT HURON 5NM OFFSHORE TO INTL BORDER,90464,DTX,28-JUN-06 13:30:00,EST,28-JUN-06 13:30:00,0,0,0,0,NA,NA,GENERAL PUBLIC,0.75,NA,NA,NA,NA,NA,NA,NA,NA,NA,NA,NA,NA,PORT HURON,NA,NA,PORT HURON,NA,NA,NA,NA,NA,NA,PDS
200606,28,1330,200606,28,1330,1213902,5518707,LAKE HURON,90,2006,June,Marine Hail,M,443,PT SANILAC TO PT HURON MI,90443,DTX,28-JUN-06 13:30:00,EST,28-JUN-06 13:30:00,0,0,0,0,NA,NA,GENERAL PUBLIC,0.75,NA,NA,NA,NA,NA,NA,NA,NA,NA,NA,NA,NA,PORT HURON,NA,NA,PORT HURON,NA,NA,NA,NA,NA,NA,PDS
200606,28,1618,200606,28,1618,1213903,5518708,LAKE HURON,90,2006,June,Marine Hail,M,464,LH PT SANILAC TO PT HURON 5NM OFFSHORE TO INTL BORDER,90464,DTX,28-JUN-06 16:18:00,EST,28-JUN-06 16:18:00,0,0,0,0,NA,NA,GENERAL PUBLIC,0.75,NA,NA,NA,NA,NA,NA,NA,NA,NA,NA,NA,NA,LEXINGTON,NA,NA,LEXINGTON,NA,NA,NA,NA,NA,NA,PDS
200606,28,1618,200606,28,1618,1213903,5518709,LAKE HURON,90,2006,June,Marine Hail,M,443,PT SANILAC TO PT HURON MI,90443,DTX,28-JUN-06 16:18:00,EST,28-JUN-06 16:18:00,0,0,0,0,NA,NA,GENERAL PUBLIC,0.75,NA,NA,NA,NA,NA,NA,NA,NA,NA,NA,NA,NA,LEXINGTON,NA,NA,LEXINGTON,NA,NA,NA,NA,NA,NA,PDS
200607,29,1400,200607,29,1400,1215181,5521030,ST LAWRENCE R,93,2006,July,Marine Hail,M,22,ST LAWRENCE R ABOVE OGDENSBURG NY,93022,BUF,29-JUL-06 14:00:00,EST,29-JUL-06 14:00:00,0,0,0,0,NA,NA,GENERAL PUBLIC,0.75,NA,NA,NA,NA,NA,NA,NA,NA,NA,NA,NA,NA,CLAYTON,NA,NA,CLAYTON,NA,NA,NA,NA,NA,NA,PDS
200606,17,1328,200606,17,1333,1215385,5521487,LAKE SUPERIOR,92,2006,June,Marine Hail,M,221,KEWEENAW BAY AND HURON BAY LWR ENT LT TO PORTAGE LAKE TO HURON IS MI,92221,MQT,17-JUN-06 13:28:00,EST,17-JUN-06 13:33:00,0,0,0,0,NA,NA,TRAINED SPOTTER,0.75,NA,NA,NA,NA,NA,NA,NA,NA,NA,NA,2,SW,ROCK BEACH POINT,2,SW,ROCK BEACH POINT,NA,NA,NA,NA,Severe thunderstorms produced damaging wind and large hail over portions of west and central Lake Superior nearshore areas  on the afternoon of the 17th.,Three-quarter inch hail reported in Pequaming.,PDS
200606,28,1635,200606,28,1635,1213901,5518705,LAKE ST CLAIR,81,2006,June,Marine Hail,M,422,ST CLAIR RIVER,81422,DTX,28-JUN-06 16:35:00,EST,28-JUN-06 16:35:00,0,0,0,0,NA,NA,GENERAL PUBLIC,0.75,NA,NA,NA,NA,NA,NA,NA,NA,NA,NA,NA,NA,CITY OF ST. CLAIR,NA,NA,CITY OF ST. CLAIR,NA,NA,NA,NA,NA,NA,PDS
200607,18,2235,200607,18,2235,1215199,5521351,ATLANTIC NORTH,88,2006,July,Marine Hail,M,234,BUZZARDS BAY,88234,BOX,18-JUL-06 22:35:00,EST,18-JUL-06 22:35:00,0,0,0,0,0K,NA,AMATEUR RADIO,1,NA,NA,NA,NA,NA,NA,NA,NA,NA,NA,NA,NA,BZZRDS BAY ENT TOWER,NA,NA,BZZRDS BAY ENT TOWER,NA,NA,NA,NA,"Quarter sized hail was reported by a mariner in Buzzards Bay, just off the coast of South Dartmouth Massachusetts.",Offshore of South Dartmouth Massachusetts,PDS
200607,17,1320,200607,17,1320,1217269,5522990,LAKE HURON,90,2006,July,Marine Hail,M,345,STRAITS OF MACKINAC WITHIN 5NM OF MACKINAC BRIDGE INCLUDING MACKINAC ISLAND,90345,APX,17-JUL-06 13:20:00,EST,17-JUL-06 13:20:00,0,0,0,0,NA,NA,TRAINED SPOTTER,0.88,NA,NA,NA,NA,NA,NA,NA,NA,NA,NA,4,E,MACKINAW CITY,4,E,MACKINAW CITY,NA,NA,NA,NA,NA,NA,PDS
200607,17,1440,200607,17,1440,1216288,5524786,LAKE MICHIGAN,91,2006,July,Marine Hail,M,521,BAY OF GREEN BAY CEDAR R TO ROCK IS PSG TO MARINETTE TO FISH CR WI,91521,GRB,17-JUL-06 14:40:00,CST,17-JUL-06 14:40:00,0,0,0,0,NA,NA,NWS EMPLOYEE(OFF DUTY),1,NA,NA,NA,NA,NA,NA,NA,NA,NA,NA,4,SW,SISTER BAY,4,SW,SISTER BAY,NA,NA,NA,NA,Thunderstorms that moved across the Bay of Green Bay and Lake Michigan along with a cold front produced large hail and high winds.,NA,PDS
200607,17,1442,200607,17,1442,1216288,5524787,LAKE MICHIGAN,91,2006,July,Marine Hail,M,521,BAY OF GREEN BAY CEDAR R TO ROCK IS PSG TO MARINETTE TO FISH CR WI,91521,GRB,17-JUL-06 14:42:00,CST,17-JUL-06 14:42:00,0,0,0,0,NA,NA,LAW ENFORCEMENT,0.75,NA,NA,NA,NA,NA,NA,NA,NA,NA,NA,6,SW,SISTER BAY,6,SW,SISTER BAY,NA,NA,NA,NA,Thunderstorms that moved across the Bay of Green Bay and Lake Michigan along with a cold front produced large hail and high winds.,NA,PDS
200608,24,851,200608,24,853,1218269,5525582,LAKE MICHIGAN,91,2006,August,Marine Hail,M,740,WINTHROP HBR TO WILMETTE HBR IL,91740,LOT,24-AUG-06 08:51:00,CST,24-AUG-06 08:53:00,0,0,0,0,NA,NA,LAW ENFORCEMENT,0.88,NA,NA,NA,NA,NA,NA,NA,NA,NA,NA,NA,NA,WINTHROP HARBOR,NA,NA,WINTHROP HARBOR,NA,NA,NA,NA,NA,NA,PDS
200606,21,1725,200606,21,1725,1215386,5521689,LAKE SUPERIOR,92,2006,June,Marine Hail,M,246,MARQUETTE TO MUNISING MI,92246,MQT,21-JUN-06 17:25:00,EST,21-JUN-06 17:25:00,0,0,0,0,NA,NA,GENERAL PUBLIC,0.75,NA,NA,NA,NA,NA,NA,NA,NA,NA,NA,6,WNW,AU TRAIN,6,WNW,AU TRAIN,NA,NA,NA,NA,Several thunderstorms produced damaging wind and large hail over central Lake Superior nearshore waters on the afternoon of the 21st.,Three-quarter inch hail fell for five minutes.,PDS
200607,1,1727,200607,1,1727,1216286,5524778,LAKE MICHIGAN,91,2006,July,Marine Hail,M,542,STURGEON BAY TO TWO RIVERS WI,91542,GRB,01-JUL-06 17:27:00,CST,01-JUL-06 17:27:00,0,0,0,0,NA,NA,AMATEUR RADIO,0.75,NA,NA,NA,NA,NA,NA,NA,NA,NA,NA,NA,NA,ALGOMA,NA,NA,ALGOMA,NA,NA,NA,NA,Thunderstorms that accompanied a cold front that passed through the area produced large hail and wind gusts to 40 knots on the nearshore waters of Lake Michigan.,NA,PDS
200607,1,1614,200607,1,1614,1216286,5524780,LAKE MICHIGAN,91,2006,July,Marine Hail,M,542,STURGEON BAY TO TWO RIVERS WI,91542,GRB,01-JUL-06 16:14:00,CST,01-JUL-06 16:14:00,0,0,0,0,NA,NA,LAW ENFORCEMENT,0.75,NA,NA,NA,NA,NA,NA,NA,NA,NA,NA,NA,NA,ALGOMA,NA,NA,ALGOMA,NA,NA,NA,NA,Thunderstorms that accompanied a cold front that passed through the area produced large hail and wind gusts to 40 knots on the nearshore waters of Lake Michigan.,NA,PDS
200607,17,1626,200607,17,1626,1217270,5523001,LAKE MICHIGAN,91,2006,July,Marine Hail,M,323,GRAND TRAVERSE BAY & NORWOOD TO GRAND TRAVERSE LT MI,91323,APX,17-JUL-06 16:26:00,EST,17-JUL-06 16:26:00,0,0,0,0,NA,NA,TRAINED SPOTTER,1,NA,NA,NA,NA,NA,NA,NA,NA,NA,NA,2,NNW,ELK RAPIDS,2,NNW,ELK RAPIDS,NA,NA,NA,NA,NA,NA,PDS
200607,17,1559,200607,17,1559,1217270,5523003,LAKE MICHIGAN,91,2006,July,Marine Hail,M,344,GRAND TRAVERSE LT TO SLEEPING BEAR PT MI,91344,APX,17-JUL-06 15:59:00,EST,17-JUL-06 15:59:00,0,0,0,0,NA,NA,TRAINED SPOTTER,0.88,NA,NA,NA,NA,NA,NA,NA,NA,NA,NA,5,NNE,LELAND,5,NNE,LELAND,NA,NA,NA,NA,NA,NA,PDS
200607,31,710,200607,31,710,1217272,5523006,LAKE SUPERIOR,92,2006,July,Marine Hail,M,321,WHITEFISH BAY & WHITEFISH PT TO PT IROQUOIS MI,92321,APX,31-JUL-06 07:10:00,EST,31-JUL-06 07:10:00,0,0,0,0,NA,NA,TRAINED SPOTTER,0.75,NA,NA,NA,NA,NA,NA,NA,NA,NA,NA,2,NW,POINT IROQUOIS,2,NW,POINT IROQUOIS,NA,NA,NA,NA,NA,NA,PDS
200607,17,1320,200607,17,1320,1217269,5522991,LAKE HURON,90,2006,July,Marine Hail,M,361,LH 5NM E OF MACKINAC BRIDGE TO PRESQUE ISL LT MI EWD BYD 5NM OFFSHORE TO INTL BORDER,90361,APX,17-JUL-06 13:20:00,EST,17-JUL-06 13:20:00,0,0,0,0,NA,NA,TRAINED SPOTTER,0.88,NA,NA,NA,NA,NA,NA,NA,NA,NA,NA,15,NE,CHEBOYGAN,15,NE,CHEBOYGAN,NA,NA,NA,NA,NA,NA,PDS
200607,17,1341,200607,17,1341,1217269,5522993,LAKE HURON,90,2006,July,Marine Hail,M,347,5NM E OF MACKINAC BRIDGE TO PRESQUE ISLE LT MI,90347,APX,17-JUL-06 13:41:00,EST,17-JUL-06 13:41:00,0,0,0,0,NA,NA,TRAINED SPOTTER,0.88,NA,NA,NA,NA,NA,NA,NA,NA,NA,NA,8,WNW,FORTY MILE POINT,8,WNW,FORTY MILE POINT,NA,NA,NA,NA,NA,NA,PDS
200607,17,1615,200607,17,1615,1217269,5522996,LAKE HURON,90,2006,July,Marine Hail,M,348,PRESQUE ISL LT TO STURGEON PT MI,90348,APX,17-JUL-06 16:15:00,EST,17-JUL-06 16:15:00,0,0,0,0,NA,NA,TRAINED SPOTTER,2.5,NA,NA,NA,NA,NA,NA,NA,NA,NA,NA,5,SE,PRESQUE ISLE LIGHT,5,SE,PRESQUE ISLE LIGHT,NA,NA,NA,NA,NA,NA,PDS
200606,21,2013,200606,21,2013,1213895,5518669,LAKE ERIE,95,2006,June,Marine Hail,M,444,MI WATERS OF LAKE ERIE,95444,DTX,21-JUN-06 20:13:00,EST,21-JUN-06 20:13:00,0,0,0,0,NA,NA,TRAINED SPOTTER,1,NA,NA,NA,NA,NA,NA,NA,NA,NA,NA,NA,NA,NORTH CAPE,NA,NA,NORTH CAPE,NA,NA,NA,NA,NA,NA,PDS
200606,3,1544,200606,3,1544,1213887,5518422,LAKE ST CLAIR,81,2006,June,Marine Hail,M,423,DETROIT RIVER,81423,DTX,03-JUN-06 15:44:00,EST,03-JUN-06 15:44:00,0,0,0,0,NA,NA,TRAINED SPOTTER,0.75,NA,NA,NA,NA,NA,NA,NA,NA,NA,NA,NA,NA,AMBASSADOR BRIDGE,NA,NA,AMBASSADOR BRIDGE,NA,NA,NA,NA,NA,NA,PDS
200607,1,1455,200607,1,1455,1215670,5519830,LAKE SUPERIOR,92,2006,July,Marine Hail,M,247,MUNISING TO GRAND MARAIS MI,92247,MQT,01-JUL-06 14:55:00,EST,01-JUL-06 14:55:00,0,0,0,0,NA,NA,TRAINED SPOTTER,0.75,NA,NA,NA,NA,NA,NA,NA,NA,NA,NA,6,S,MINERS CASTLE POINT,6,S,MINERS CASTLE POINT,NA,NA,NA,NA,NA,Three-quarter inch hail reported five miles east of Munising.,PDS
200607,3,1945,200607,3,1945,1215670,5519831,LAKE SUPERIOR,92,2006,July,Marine Hail,M,248,GRAND MARAIS TO WHITEFISH PT MI,92248,MQT,03-JUL-06 19:45:00,EST,03-JUL-06 19:45:00,0,0,0,0,NA,NA,TRAINED SPOTTER,0.88,NA,NA,NA,NA,NA,NA,NA,NA,NA,NA,7,E,MUSKALLONGE LAKE SP,7,E,MUSKALLONGE LAKE SP,NA,NA,NA,NA,NA,Nickel-sized hail reported seven miles east of Deer Park.,PDS
200607,15,2300,200607,15,2310,1215671,5519832,LAKE SUPERIOR,92,2006,July,Marine Hail,M,263,LS E OF LN FROM SAXON HBR WI TO GRAND PORTAGE MN TO LN MANITOU IS MI NWD BYD 5NM AND S OF INTL BORDER,92263,MQT,15-JUL-06 23:00:00,EST,15-JUL-06 23:10:00,0,0,0,0,NA,NA,PARK/FOREST SERVICE,0.88,NA,NA,NA,NA,NA,NA,NA,NA,NA,NA,8,SW,PASSAGE ISLAND LIGHT,8,SW,PASSAGE ISLAND LIGHT,NA,NA,NA,NA,NA,Nickel-sized hail reported lasting for ten mintues at Rock Harbor Lodge on Isle Royale.,PDS
200607,28,1605,200607,28,1605,1215673,5519841,LAKE MICHIGAN,91,2006,July,Marine Hail,M,248,SEUL CHOIX PT TO PT DETOUR MI,91248,MQT,28-JUL-06 16:05:00,EST,28-JUL-06 16:05:00,0,0,0,0,NA,NA,TRAINED SPOTTER,1,NA,NA,NA,NA,NA,NA,NA,NA,NA,NA,5,WNW,POINT AUX BARQUES,5,WNW,POINT AUX BARQUES,NA,NA,NA,NA,NA,One-inch hail reported eight miles southwest of Thompson.,PDS
200607,24,1445,200607,24,1445,1215672,5519839,LAKE MICHIGAN,91,2006,July,Marine Hail,M,221,BAY OF GREEN BAY N OF LINE FROM CEDAR R MI TO ROCK IS PSG,91221,MQT,24-JUL-06 14:45:00,CST,24-JUL-06 14:45:00,0,0,0,0,NA,NA,TRAINED SPOTTER,0.88,NA,NA,NA,NA,NA,NA,NA,NA,NA,NA,1,W,CEDAR RIVER ENT LT,1,W,CEDAR RIVER ENT LT,NA,NA,NA,NA,NA,Nickel-sized hail one mile southwest of Cedar River.,PDS
200607,16,438,200607,16,438,1215671,5519834,LAKE SUPERIOR,92,2006,July,Marine Hail,M,243,UPR ENT OF PORTAGE CANAL TO MANITOU IS MI,92243,MQT,16-JUL-06 04:38:00,EST,16-JUL-06 04:38:00,0,0,0,0,NA,NA,TRAINED SPOTTER,1,NA,NA,NA,NA,NA,NA,NA,NA,NA,NA,7,E,MCCLAIN STATE PARK,7,E,MCCLAIN STATE PARK,NA,NA,NA,NA,NA,One-inch diameter hail reported at Calumet.,PDS
200607,28,2038,200607,28,2038,1215673,5519843,LAKE MICHIGAN,91,2006,July,Marine Hail,M,248,SEUL CHOIX PT TO PT DETOUR MI,91248,MQT,28-JUL-06 20:38:00,EST,28-JUL-06 20:38:00,0,0,0,0,NA,NA,TRAINED SPOTTER,0.75,NA,NA,NA,NA,NA,NA,NA,NA,NA,NA,1,N,MANISTIQUE LIGHT,1,N,MANISTIQUE LIGHT,NA,NA,NA,NA,NA,Three-quarter inch hail reported in Manistique.,PDS
200606,27,1718,200606,27,1718,1214189,5517751,LAKE HURON,90,2006,June,Marine Hail,M,361,LH 5NM E OF MACKINAC BRIDGE TO PRESQUE ISL LT MI EWD BYD 5NM OFFSHORE TO INTL BORDER,90361,APX,27-JUN-06 17:18:00,EST,27-JUN-06 17:18:00,0,0,0,0,NA,NA,TRAINED SPOTTER,0.75,NA,NA,NA,NA,NA,NA,NA,NA,NA,NA,16,NW,ROGERS CITY,16,NW,ROGERS CITY,NA,NA,NA,NA,NA,NA,PDS
200607,2,1718,200607,2,1718,1215496,5519624,ATLANTIC NORTH,88,2006,July,Marine Hail,M,535,TIDAL POTOMAC KEY BRIDGE TO INDIAN HD MD,88535,LWX,02-JUL-06 17:18:00,EST,02-JUL-06 17:18:00,0,0,0,0,NA,NA,"AWOS,ASOS,MESONET,ETC",0.75,NA,NA,NA,NA,NA,NA,NA,NA,NA,NA,NA,NA,RNLD REAGAN NATL ARPT,NA,NA,RNLD REAGAN NATL ARPT,NA,NA,NA,NA,"A frontal boundary sagged south into the Mid Atlantic on July 2, and combined with very strong daytime heating and instability, contributed to scattered severe thunderstorm activity. The coastal waters of the Tidal Potomac and Chesapeake Bay experienced Special Marine Warning criteria winds, with a few reports of winds in excess of 50 knots. One report of large hail also occurred on the coastal waters.",Penny sized hail was reported.,PDS
200606,27,1658,200606,27,1658,1214189,5517750,LAKE HURON,90,2006,June,Marine Hail,M,347,5NM E OF MACKINAC BRIDGE TO PRESQUE ISLE LT MI,90347,APX,27-JUN-06 16:58:00,EST,27-JUN-06 16:58:00,0,0,0,0,NA,NA,TRAINED SPOTTER,0.75,NA,NA,NA,NA,NA,NA,NA,NA,NA,NA,10,WNW,FORTY MILE POINT,10,WNW,FORTY MILE POINT,NA,NA,NA,NA,NA,NA,PDS
200609,8,1540,200609,8,1540,1220646,5530485,LAKE MICHIGAN,91,2006,September,Marine Hail,M,644,PT WASHINGTON TO NORTH PT LT WI,91644,MKX,08-SEP-06 15:40:00,CST,08-SEP-06 15:40:00,0,0,0,0,NA,NA,FIRE DEPT/RESCUE SQUAD,0.75,NA,NA,NA,NA,NA,NA,NA,NA,NA,NA,3,S,PORT WASHINGTON,3,S,PORT WASHINGTON,NA,NA,NA,NA,Scattered strong to severe thunderstorms developed over southern Wisconsin and moved over Lake Michigan between Sheboygan and Milwaukee during the late afternoon hours.,NA,PDS
200609,6,1442,200609,6,1442,1220401,5531270,LAKE ST CLAIR,81,2006,September,Marine Hail,M,423,DETROIT RIVER,81423,DTX,06-SEP-06 14:42:00,EST,06-SEP-06 14:42:00,0,0,0,0,NA,NA,GENERAL PUBLIC,0.75,NA,NA,NA,NA,NA,NA,NA,NA,NA,NA,NA,NA,AMBASSADOR BRIDGE,NA,NA,AMBASSADOR BRIDGE,NA,NA,NA,NA,NA,NA,PDS
200609,6,1522,200609,6,1522,1220401,5531271,LAKE ST CLAIR,81,2006,September,Marine Hail,M,423,DETROIT RIVER,81423,DTX,06-SEP-06 15:22:00,EST,06-SEP-06 15:22:00,0,0,0,0,NA,NA,TRAINED SPOTTER,0.75,NA,NA,NA,NA,NA,NA,NA,NA,NA,NA,NA,NA,GROSSE ILE,NA,NA,GROSSE ILE,NA,NA,NA,NA,NA,NA,PDS
200609,16,2250,200609,16,2250,1220659,5530650,LAKE SUPERIOR,92,2006,September,Marine Hail,M,221,KEWEENAW BAY AND HURON BAY LWR ENT LT TO PORTAGE LAKE TO HURON IS MI,92221,MQT,16-SEP-06 22:50:00,EST,16-SEP-06 22:50:00,0,0,0,0,NA,NA,TRAINED SPOTTER,0.75,NA,NA,NA,NA,NA,NA,NA,NA,NA,NA,2,W,SAND POINT LIGHT,2,W,SAND POINT LIGHT,NA,NA,NA,NA,NA,Hail reported one mile northwest of Baraga.,PDS
200609,22,1705,200609,22,1708,1220919,5534272,LAKE MICHIGAN,91,2006,September,Marine Hail,M,741,WILMETTE HBR TO MEIGS FIELD IL,91741,LOT,22-SEP-06 17:05:00,CST,22-SEP-06 17:08:00,0,0,0,0,NA,NA,TRAINED SPOTTER,1,NA,NA,NA,NA,NA,NA,NA,NA,NA,NA,NA,NA,WILMETTE HARBOR,NA,NA,WILMETTE HARBOR,NA,NA,NA,NA,NA,NA,PDS
200609,22,1705,200609,22,1708,1220919,5534273,LAKE MICHIGAN,91,2006,September,Marine Hail,M,740,WINTHROP HBR TO WILMETTE HBR IL,91740,LOT,22-SEP-06 17:05:00,CST,22-SEP-06 17:08:00,0,0,0,0,NA,NA,TRAINED SPOTTER,1,NA,NA,NA,NA,NA,NA,NA,NA,NA,NA,NA,NA,WILMETTE HARBOR,NA,NA,WILMETTE HARBOR,NA,NA,NA,NA,NA,NA,PDS
200608,2,1620,200608,2,1620,1220009,5532712,LAKE MICHIGAN,91,2006,August,Marine Hail,M,644,PT WASHINGTON TO NORTH PT LT WI,91644,MKX,02-AUG-06 16:20:00,CST,02-AUG-06 16:20:00,0,0,0,0,NA,NA,GENERAL PUBLIC,0.88,NA,NA,NA,NA,NA,NA,NA,NA,NA,NA,2,NNW,NORTH POINT LTHOUSE,2,NNW,NORTH POINT LTHOUSE,NA,NA,NA,NA,NA,NA,PDS
200608,24,847,200608,24,847,1220010,5532713,LAKE MICHIGAN,91,2006,August,Marine Hail,M,646,WIND PT LT WI TO WINTHROP HBR IL,91646,MKX,24-AUG-06 08:47:00,CST,24-AUG-06 08:47:00,0,0,0,0,NA,NA,GENERAL PUBLIC,0.75,NA,NA,NA,NA,NA,NA,NA,NA,NA,NA,2,ESE,KENOSHA,2,ESE,KENOSHA,NA,NA,NA,NA,NA,NA,PDS
200608,23,1457,200608,23,1457,1220018,5532790,LAKE MICHIGAN,91,2006,August,Marine Hail,M,645,NORTH PT LT TO WIND PT WI,91645,MKX,23-AUG-06 14:57:00,CST,23-AUG-06 14:57:00,0,0,0,0,NA,NA,GENERAL PUBLIC,0.75,NA,NA,NA,NA,NA,NA,NA,NA,NA,NA,NA,NA,MILWAUKEE HARBOR,NA,NA,MILWAUKEE HARBOR,NA,NA,NA,NA,A line of thunderstorms crossed southern Wisconsin and moved out over Lake Michigan during the early afternoon hours.,NA,PDS
200607,17,1935,200607,17,1935,1220013,5532782,LAKE MICHIGAN,91,2006,July,Marine Hail,M,643,SHEBOYGAN TO PT WASHINGTON WI,91643,MKX,17-JUL-06 19:35:00,CST,17-JUL-06 19:35:00,0,0,0,0,NA,NA,TRAINED SPOTTER,0.75,NA,NA,NA,NA,NA,NA,NA,NA,NA,NA,NA,NA,HARRINGTON BCH ST PRK,NA,NA,HARRINGTON BCH ST PRK,NA,NA,NA,NA,"The remains of a line of storms (bow echo) moved east out over Lake Michigan, resulting in a few powerful wind gusts over the nearshore waters, as well as some isolated large hail.",NA,PDS
200607,22,1800,200607,22,1800,1220015,5532784,LAKE MICHIGAN,91,2006,July,Marine Hail,M,645,NORTH PT LT TO WIND PT WI,91645,MKX,22-JUL-06 18:00:00,CST,22-JUL-06 18:00:00,0,0,0,0,NA,NA,TRAINED SPOTTER,0.75,NA,NA,NA,NA,NA,NA,NA,NA,NA,NA,NA,NA,MILWAUKEE HARBOR,NA,NA,MILWAUKEE HARBOR,NA,NA,NA,NA,A cluster of storms that popped up over Milwaukee County managed to move out over Lake Michigan around the Milwaukee Harbor area and locations just to the south of the harbor.,NA,PDS
200608,23,1348,200608,23,1348,1220018,5532789,LAKE MICHIGAN,91,2006,August,Marine Hail,M,646,WIND PT LT WI TO WINTHROP HBR IL,91646,MKX,23-AUG-06 13:48:00,CST,23-AUG-06 13:48:00,0,0,0,0,NA,NA,GENERAL PUBLIC,0.75,NA,NA,NA,NA,NA,NA,NA,NA,NA,NA,4,NE,RACINE,4,NE,RACINE,NA,NA,NA,NA,A line of thunderstorms crossed southern Wisconsin and moved out over Lake Michigan during the early afternoon hours.,NA,PDS
200607,17,1532,200607,17,1532,1216288,5524789,LAKE MICHIGAN,91,2006,July,Marine Hail,M,542,STURGEON BAY TO TWO RIVERS WI,91542,GRB,17-JUL-06 15:32:00,CST,17-JUL-06 15:32:00,0,0,0,0,NA,NA,AMATEUR RADIO,1,NA,NA,NA,NA,NA,NA,NA,NA,NA,NA,NA,NA,KEWAUNEE,NA,NA,KEWAUNEE,NA,NA,NA,NA,Thunderstorms that moved across the Bay of Green Bay and Lake Michigan along with a cold front produced large hail and high winds.,NA,PDS
200607,17,1649,200607,17,1649,1216288,5524790,LAKE MICHIGAN,91,2006,July,Marine Hail,M,543,TWO RIVERS TO SHEBOYGAN WI,91543,GRB,17-JUL-06 16:49:00,CST,17-JUL-06 16:49:00,0,0,0,0,NA,NA,TRAINED SPOTTER,2,NA,NA,NA,NA,NA,NA,NA,NA,NA,NA,NA,NA,MANITOWOC,NA,NA,MANITOWOC,NA,NA,NA,NA,Thunderstorms that moved across the Bay of Green Bay and Lake Michigan along with a cold front produced large hail and high winds.,NA,PDS
200607,24,218,200607,24,218,1216289,5524792,LAKE MICHIGAN,91,2006,July,Marine Hail,M,521,BAY OF GREEN BAY CEDAR R TO ROCK IS PSG TO MARINETTE TO FISH CR WI,91521,GRB,24-JUL-06 02:18:00,CST,24-JUL-06 02:18:00,0,0,0,0,NA,NA,AMATEUR RADIO,0.75,NA,NA,NA,NA,NA,NA,NA,NA,NA,NA,NA,NA,MENOMINEE MI,NA,NA,MENOMINEE MI,NA,NA,NA,NA,Scattered severe thunderstorms produced penny size hail as they moved across the Bay of Green Bay and nearshore waters of Lake Michigan.,NA,PDS
200607,24,218,200607,24,218,1216289,5524793,LAKE MICHIGAN,91,2006,July,Marine Hail,M,522,BAY OF GREEN BAY S OF LN MARINETTE TO FISH CREEK WI,91522,GRB,24-JUL-06 02:18:00,CST,24-JUL-06 02:18:00,0,0,0,0,NA,NA,AMATEUR RADIO,0.75,NA,NA,NA,NA,NA,NA,NA,NA,NA,NA,NA,NA,MARINETTE,NA,NA,MARINETTE,NA,NA,NA,NA,Scattered severe thunderstorms produced penny size hail as they moved across the Bay of Green Bay and nearshore waters of Lake Michigan.,NA,PDS
200607,24,451,200607,24,451,1216289,5524794,LAKE MICHIGAN,91,2006,July,Marine Hail,M,543,TWO RIVERS TO SHEBOYGAN WI,91543,GRB,24-JUL-06 04:51:00,CST,24-JUL-06 04:51:00,0,0,0,0,NA,NA,AMATEUR RADIO,0.75,NA,NA,NA,NA,NA,NA,NA,NA,NA,NA,NA,NA,MANITOWOC,NA,NA,MANITOWOC,NA,NA,NA,NA,Scattered severe thunderstorms produced penny size hail as they moved across the Bay of Green Bay and nearshore waters of Lake Michigan.,NA,PDS
200607,17,1445,200607,17,1445,1216288,5524788,LAKE MICHIGAN,91,2006,July,Marine Hail,M,541,ROCK IS PSG TO STURGEON BAY WI,91541,GRB,17-JUL-06 14:45:00,CST,17-JUL-06 14:45:00,0,0,0,0,NA,NA,AMATEUR RADIO,1.75,NA,NA,NA,NA,NA,NA,NA,NA,NA,NA,NA,NA,BAILEYS HARBOR,NA,NA,BAILEYS HARBOR,NA,NA,NA,NA,Thunderstorms that moved across the Bay of Green Bay and Lake Michigan along with a cold front produced large hail and high winds.,NA,PDS
200609,27,1619,200609,27,1619,1220405,5531331,LAKE HURON,90,2006,September,Marine Hail,M,464,LH PT SANILAC TO PT HURON 5NM OFFSHORE TO INTL BORDER,90464,DTX,27-SEP-06 16:19:00,EST,27-SEP-06 16:19:00,0,0,0,0,NA,NA,TRAINED SPOTTER,0.75,NA,NA,NA,NA,NA,NA,NA,NA,NA,NA,NA,NA,PORT HURON,NA,NA,PORT HURON,NA,NA,NA,NA,NA,NA,PDS
200609,27,1619,200609,27,1619,1220405,5531332,LAKE HURON,90,2006,September,Marine Hail,M,443,PT SANILAC TO PT HURON MI,90443,DTX,27-SEP-06 16:19:00,EST,27-SEP-06 16:19:00,0,0,0,0,NA,NA,TRAINED SPOTTER,0.75,NA,NA,NA,NA,NA,NA,NA,NA,NA,NA,NA,NA,PORT HURON,NA,NA,PORT HURON,NA,NA,NA,NA,NA,NA,PDS
200611,6,2051,200611,6,2051,1397,6441,GULF OF MEXICO,85,2006,November,Marine Hail,Z,235,PT O'CONNOR TO ARANSAS PASS,85235,CRP,06-NOV-06 20:51:00,CST-6,06-NOV-06 20:51:00,0,0,0,0,0.00K,0.00K,Law Enforcement,1,NA,NA,NA,NA,NA,NA,NA,NA,NA,NA,1,S,SEADRIFT,1,S,SEADRIFT,28.41,-96.72,28.41,-96.72,An isolated severe storm that moved through Seadrift continued south into San Antonio Bay.,Nickle to quarter size hail was reported.|,CSV
200610,4,152,200610,4,152,123,418,LAKE HURON,90,2006,October,Marine Hail,Z,422,INNER SAGINAW BAY & SW OF PT AU GRES TO BAY PORT MI,90422,DTX,04-OCT-06 01:52:00,EST-5,04-OCT-06 01:52:00,0,0,0,0,0.00K,0.00K,Trained Spotter,0.75,NA,NA,NA,NA,NA,NA,NA,NA,NA,NA,0,N,SAGINAW RIVER MOUTH,0,N,SAGINAW RIVER MOUTH,43.65,-83.83,43.65,-83.83,A line of thunderstorms developed way out ahead of a cold front and dropped southeast across Saginaw Bay and Lake Huron. This late season event occurred at night with intense lightning strikes and damaging wind gusts.,NA,CSV
200610,2,1615,200610,2,1615,124,426,LAKE HURON,90,2006,October,Marine Hail,Z,421,OUTER SAGINAW BAY & SW OF ALABASTER TO PT AUSTIN MI,90421,DTX,02-OCT-06 16:15:00,EST-5,02-OCT-06 16:15:00,0,0,0,0,0.00K,0.00K,Trained Spotter,1,NA,NA,NA,NA,NA,NA,NA,NA,NA,NA,0,N,POINT AU GRES,0,N,POINT AU GRES,43.97,-83.65,43.97,-83.65,A complex of thunderstorms moved across the region resulting in large hail.,NA,CSV
200610,2,1752,200610,2,1752,124,428,LAKE HURON,90,2006,October,Marine Hail,Z,463,LH HBR BEACH TO PT SANILAC 5NM OFFSHORE TO INTL BORDER,90463,DTX,02-OCT-06 17:52:00,EST-5,02-OCT-06 17:52:00,0,0,0,0,0.00K,0.00K,Public,0.88,NA,NA,NA,NA,NA,NA,NA,NA,NA,NA,0,N,RICHMONDVILLE,0,N,RICHMONDVILLE,43.57,-82.6,43.57,-82.6,A complex of thunderstorms moved across the region resulting in large hail.,NA,CSV
200612,30,0,200612,30,0,1929,9496,GULF OF MEXICO,85,2006,December,Marine Hail,Z,475,ATCHAFALAYA R TO INTRACOASTAL CITY LA 20 TO 60NM,85475,LCH,30-DEC-06 00:00:00,CST-6,30-DEC-06 00:00:00,0,0,0,0,0.00K,0.00K,Public,0.88,NA,NA,NA,NA,NA,NA,NA,NA,NA,NA,25.27,SSE,MARSH ISLAND,25.27,SSE,MARSH ISLAND,29.07,-91.71,29.07,-91.71,Severe weather caused several reports of high winds in the northwest Gulf of Mexico.,Offshore platform estimated hail the size of 0.88 inch.,CSV
200610,2,1752,200610,2,1752,124,427,LAKE HURON,90,2006,October,Marine Hail,Z,442,HBR BEACH TO PT SANILAC MI,90442,DTX,02-OCT-06 17:52:00,EST-5,02-OCT-06 17:52:00,0,0,0,0,0.00K,0.00K,Public,0.88,NA,NA,NA,NA,NA,NA,NA,NA,NA,NA,0,N,RICHMONDVILLE,0,N,RICHMONDVILLE,43.57,-82.6,43.57,-82.6,A complex of thunderstorms moved across the region resulting in large hail.,NA,CSV
200610,3,2211,200610,3,2211,611,2629,LAKE MICHIGAN,91,2006,October,Marine Hail,Z,345,SLEEPING BEAR PT TO MANISTEE MI,91345,APX,03-OCT-06 22:11:00,EST-5,03-OCT-06 22:11:00,0,0,0,0,0.00K,0.00K,Trained Spotter,3.25,NA,NA,NA,NA,NA,NA,NA,NA,NA,NA,5,NNW,ARCADIA,5,NNW,ARCADIA,44.57,-86.19,44.57,-86.19,A disorganized band of thunderstorms ahead of a cold front produced strong winds and very large hail in central Lake Michigan.,NA,CSV
200610,4,405,200610,4,405,441,1750,LAKE MICHIGAN,91,2006,October,Marine Hail,Z,644,PT WASHINGTON TO NORTH PT LT WI,91644,MKX,04-OCT-06 04:05:00,CST-6,04-OCT-06 04:05:00,0,0,0,0,0.00K,0.00K,NWS Employee,0.88,NA,NA,NA,NA,NA,NA,NA,NA,NA,NA,1,N,NORTH POINT LTHOUSE,1,N,NORTH POINT LTHOUSE,43.09,-87.93,43.09,-87.93,"Scattered severe thunderstorms generated severe hail and powerful downburst winds.  The storms were related to warm front over northern Illinois, a short-wave trough aloft, and a low-level jet pumping moisture northward.",NA,CSV
200610,3,2213,200610,3,2213,611,2632,LAKE MICHIGAN,91,2006,October,Marine Hail,Z,323,GRAND TRAVERSE BAY & NORWOOD TO GRAND TRAVERSE LT MI,91323,APX,03-OCT-06 22:13:00,EST-5,03-OCT-06 22:13:00,0,0,0,0,0.00K,0.00K,Trained Spotter,0.88,NA,NA,NA,NA,NA,NA,NA,NA,NA,NA,1,N,TRAVERSE CITY,1,N,TRAVERSE CITY,44.61,-85.62,44.61,-85.62,A disorganized band of thunderstorms ahead of a cold front produced strong winds and very large hail in central Lake Michigan.,NA,CSV
200706,17,2032,200706,17,2032,7293,41923,LAKE SUPERIOR,92,2007,June,Marine Hail,Z,243,UPR ENT OF PORTAGE CANAL TO MANITOU IS MI,92243,MQT,17-JUN-07 20:32:00,EST-5,17-JUN-07 20:32:00,0,0,0,0,0.00K,0.00K,Public,1,NA,NA,NA,NA,NA,NA,NA,NA,NA,NA,0,N,SAND HILLS LIGHT,5,E,SAND HILLS LIGHT,47.33,-88.42,47.33,-88.3133,Thunderstorms produced large hail over the Keweenaw Peninsula on the 17th.,Three-quarter to one inch diameter hail reported.,CSV
200706,20,1402,200706,20,1408,7304,41948,LAKE SUPERIOR,92,2007,June,Marine Hail,Z,245,HURON IS TO MARQUETTE MI,92245,MQT,20-JUN-07 14:02:00,EST-5,20-JUN-07 14:08:00,0,0,0,0,0.00K,0.00K,Trained Spotter,1.75,NA,NA,NA,NA,NA,NA,NA,NA,NA,NA,3,W,MARQUETTE LIGHTHOUSE,0,N,MARQUETTE LIGHTHOUSE,46.55,-87.4431,46.55,-87.38,Severe thunderstorms dropped large hail over the Lake Superior nearshore waters between Marquette and Harvey on the afternoon of the 20th.,Numerous reports of nickel to golfball-sized hail covering the ground in Marquette.,CSV
200706,20,1405,200706,20,1415,7304,41957,LAKE SUPERIOR,92,2007,June,Marine Hail,Z,246,MARQUETTE TO MUNISING MI,92246,MQT,20-JUN-07 14:05:00,EST-5,20-JUN-07 14:15:00,0,0,0,0,0.00K,0.00K,Trained Spotter,3,NA,NA,NA,NA,NA,NA,NA,NA,NA,NA,0,N,MARQUETTE LIGHTHOUSE,4,SE,MARQUETTE LIGHTHOUSE,46.55,-87.38,46.5091,-87.3206,Severe thunderstorms dropped large hail over the Lake Superior nearshore waters between Marquette and Harvey on the afternoon of the 20th.,Numerous reports of one to three-inch diameter hail from Marquette to Harvey.,CSV
200707,5,1410,200707,5,1410,9312,52329,LAKE MICHIGAN,91,2007,July,Marine Hail,Z,221,BAY OF GREEN BAY N OF LINE FROM CEDAR R MI TO ROCK IS PSG,91221,MQT,05-JUL-07 14:10:00,EST-5,05-JUL-07 14:10:00,0,0,0,0,0.00K,0.00K,Public,0.75,NA,NA,NA,NA,NA,NA,NA,NA,NA,NA,7,SW,ESCANABA LIGHT,7,SW,ESCANABA LIGHT,45.6784,-87.1725,45.6784,-87.1725,A severe thunderstorm dropped large hail at Ford River on the 5th.,NA,CSV
200707,8,550,200707,8,550,9313,52330,LAKE MICHIGAN,91,2007,July,Marine Hail,Z,221,BAY OF GREEN BAY N OF LINE FROM CEDAR R MI TO ROCK IS PSG,91221,MQT,08-JUL-07 05:50:00,EST-5,08-JUL-07 05:50:00,0,0,0,0,0.00K,0.00K,Trained Spotter,0.88,NA,NA,NA,NA,NA,NA,NA,NA,NA,NA,2,N,POINT PENINSULA LIGHT,2,N,POINT PENINSULA LIGHT,45.6989,-86.98,45.6989,-86.98,Severe thunderstorms dropped large hail over northern Lake Michigan nearshore waters on the morning of the 8th.,NA,CSV
200707,8,728,200707,8,728,9313,52331,LAKE MICHIGAN,91,2007,July,Marine Hail,Z,248,SEUL CHOIX PT TO PT DETOUR MI,91248,MQT,08-JUL-07 07:28:00,EST-5,08-JUL-07 07:28:00,0,0,0,0,0.00K,0.00K,Public,0.88,NA,NA,NA,NA,NA,NA,NA,NA,NA,NA,7,NW,SEUL CHOIX POINT LT,7,NW,SEUL CHOIX POINT LT,45.9216,-85.6528,45.9216,-85.6528,Severe thunderstorms dropped large hail over northern Lake Michigan nearshore waters on the morning of the 8th.,NA,CSV
200707,8,611,200707,8,611,9315,52333,LAKE SUPERIOR,92,2007,July,Marine Hail,Z,246,MARQUETTE TO MUNISING MI,92246,MQT,08-JUL-07 06:11:00,EST-5,08-JUL-07 06:11:00,0,0,0,0,0.00K,0.00K,NWS Employee,1,NA,NA,NA,NA,NA,NA,NA,NA,NA,NA,5,SSE,MARQUETTE LIGHTHOUSE,5,SSE,MARQUETTE LIGHTHOUSE,46.4832,-87.3398,46.4832,-87.3398,Severe thunderstorms dropped large hail near Harvey in Marquette County on the morning of the 8th.,NA,CSV
200707,8,617,200707,8,618,9315,52334,LAKE SUPERIOR,92,2007,July,Marine Hail,Z,246,MARQUETTE TO MUNISING MI,92246,MQT,08-JUL-07 06:17:00,EST-5,08-JUL-07 06:18:00,0,0,0,0,0.00K,0.00K,COOP Observer,1.25,NA,NA,NA,NA,NA,NA,NA,NA,NA,NA,9,SSE,MARQUETTE LIGHTHOUSE,9,SSE,MARQUETTE LIGHTHOUSE,46.4298,-87.3077,46.4298,-87.3077,Severe thunderstorms dropped large hail near Harvey in Marquette County on the morning of the 8th.,NA,CSV
200707,8,1736,200707,8,1737,9317,52336,LAKE MICHIGAN,91,2007,July,Marine Hail,Z,221,BAY OF GREEN BAY N OF LINE FROM CEDAR R MI TO ROCK IS PSG,91221,MQT,08-JUL-07 17:36:00,EST-5,08-JUL-07 17:37:00,0,0,0,0,0.00K,0.00K,Public,0.88,NA,NA,NA,NA,NA,NA,NA,NA,NA,NA,1,N,GLADSTONE,1,N,GLADSTONE,45.8645,-87.02,45.8645,-87.02,Severe thunderstorms dropped large hail over the bay of Green Bay nearshore waters on the evening of the 8th.,Penny to nickel-sized hail.,CSV
200707,8,1745,200707,8,1747,9317,52337,LAKE MICHIGAN,91,2007,July,Marine Hail,Z,221,BAY OF GREEN BAY N OF LINE FROM CEDAR R MI TO ROCK IS PSG,91221,MQT,08-JUL-07 17:45:00,EST-5,08-JUL-07 17:47:00,0,0,0,0,0.00K,0.00K,Trained Spotter,1,NA,NA,NA,NA,NA,NA,NA,NA,NA,NA,0,N,GLADSTONE,0,N,GLADSTONE,45.85,-87.02,45.85,-87.02,Severe thunderstorms dropped large hail over the bay of Green Bay nearshore waters on the evening of the 8th.,NA,CSV
200707,8,1738,200707,8,1740,9317,52339,LAKE MICHIGAN,91,2007,July,Marine Hail,Z,221,BAY OF GREEN BAY N OF LINE FROM CEDAR R MI TO ROCK IS PSG,91221,MQT,08-JUL-07 17:38:00,EST-5,08-JUL-07 17:40:00,0,0,0,0,0.00K,0.00K,Trained Spotter,1.75,NA,NA,NA,NA,NA,NA,NA,NA,NA,NA,4,N,GLADSTONE,4,N,GLADSTONE,45.9078,-87.02,45.9078,-87.02,Severe thunderstorms dropped large hail over the bay of Green Bay nearshore waters on the evening of the 8th.,NA,CSV
200707,8,1740,200707,8,1742,9317,52340,LAKE MICHIGAN,91,2007,July,Marine Hail,Z,221,BAY OF GREEN BAY N OF LINE FROM CEDAR R MI TO ROCK IS PSG,91221,MQT,08-JUL-07 17:40:00,EST-5,08-JUL-07 17:42:00,0,0,0,0,0.00K,0.00K,Trained Spotter,1,NA,NA,NA,NA,NA,NA,NA,NA,NA,NA,5,NNE,GLADSTONE,5,NNE,GLADSTONE,45.9168,-86.9803,45.9168,-86.9803,Severe thunderstorms dropped large hail over the bay of Green Bay nearshore waters on the evening of the 8th.,NA,CSV
200704,8,342,200704,8,342,5894,34478,GULF OF MEXICO,85,2007,April,Marine Hail,Z,230,CORPUS CHRISTI TO BAFFIN BAY,85230,CRP,08-APR-07 03:42:00,CST-6,08-APR-07 03:42:00,0,0,0,0,0.00K,0.00K,Trained Spotter,0.88,NA,NA,NA,NA,NA,NA,NA,NA,NA,NA,2.14,ENE,CORPUS CHRISTI,2.14,ENE,CORPUS CHRISTI,27.7937,-97.3886,27.7937,-97.3886,An isolated thunderstorm produced small hail across portions of Corpus Christi and the adjacent Corpus Christi Bay.,Pea to nickle size hail reported in downtown Corpus Christi and the marina.|,CSV
200703,26,5,200703,26,5,3680,20371,LAKE SUPERIOR,92,2007,March,Marine Hail,Z,321,WHITEFISH BAY & WHITEFISH PT TO PT IROQUOIS MI,92321,APX,26-MAR-07 00:05:00,EST-5,26-MAR-07 00:05:00,0,0,0,0,0.00K,0.00K,Trained Spotter,1,NA,NA,NA,NA,NA,NA,NA,NA,NA,NA,2,WNW,NAOMIKONG POINT,2,WNW,NAOMIKONG POINT,46.5111,-84.8388,46.5111,-84.8388,"An upper level disturbance ignited a band of showers and embedded thunderstorms, which moved into Northern Michigan from the southwest. A few storms in the band produced marginally large hail.",NA,CSV
200707,19,1610,200707,19,1610,8948,51005,LAKE HURON,90,2007,July,Marine Hail,Z,348,PRESQUE ISL LT TO STURGEON PT MI,90348,APX,19-JUL-07 16:10:00,EST-5,19-JUL-07 16:10:00,0,0,0,0,0.00K,0.00K,Trained Spotter,1,NA,NA,NA,NA,NA,NA,NA,NA,NA,NA,1,SE,ALPENA,1,SE,ALPENA,45.0598,-83.4355,45.0598,-83.4355,Severe thunderstorms moved off of Alpena.,NA,CSV
200707,19,1615,200707,19,1615,8948,51006,LAKE HURON,90,2007,July,Marine Hail,Z,362,LH PRESQUE ISL LT TO ALABASTER MI EWD BYD 5NM OFFSHORE TO INTL BORDER,90362,APX,19-JUL-07 16:15:00,EST-5,19-JUL-07 16:15:00,0,0,0,0,0.00K,0.00K,Trained Spotter,1,NA,NA,NA,NA,NA,NA,NA,NA,NA,NA,14,E,ALPENA,14,E,ALPENA,45.07,-83.1634,45.07,-83.1634,Severe thunderstorms moved off of Alpena.,NA,CSV
200710,18,1910,200710,18,1910,11772,64710,LAKE MICHIGAN,91,2007,October,Marine Hail,Z,342,NORWOOD MI TO 5NM W OF MACKINAC BRIDGE INC LITTLE TRAVERSE BAY,91342,APX,18-OCT-07 19:10:00,EST-5,18-OCT-07 19:10:00,0,0,0,0,0.00K,0.00K,Trained Spotter,0.75,NA,NA,NA,NA,NA,NA,NA,NA,NA,NA,3,NNE,CHARLEVOIX,3,NNE,CHARLEVOIX,45.3601,-85.2364,45.3601,-85.2364,"An historic severe weather outbreak occurred over Northern Lower Michigan during the late afternoon and evening hours of the 18th.  A few storms grazed the Lake Michigan coastline, producing large hail.",NA,CSV
200710,18,1836,200710,18,1836,11772,64711,LAKE MICHIGAN,91,2007,October,Marine Hail,Z,345,POINT BETSIE TO SLEEPING BEAR POINT MI,91345,APX,18-OCT-07 18:36:00,EST-5,18-OCT-07 18:36:00,0,0,0,0,0.00K,0.00K,Trained Spotter,1,NA,NA,NA,NA,NA,NA,NA,NA,NA,NA,4,W,EMPIRE,4,W,EMPIRE,44.81,-86.1516,44.81,-86.1516,"An historic severe weather outbreak occurred over Northern Lower Michigan during the late afternoon and evening hours of the 18th.  A few storms grazed the Lake Michigan coastline, producing large hail.",NA,CSV
200707,5,1509,200707,5,1509,8938,50965,LAKE HURON,90,2007,July,Marine Hail,Z,348,PRESQUE ISL LT TO STURGEON PT MI,90348,APX,05-JUL-07 15:09:00,EST-5,05-JUL-07 15:09:00,0,0,0,0,0.00K,0.00K,Trained Spotter,0.75,NA,NA,NA,NA,NA,NA,NA,NA,NA,NA,2,ESE,ALPENA,2,ESE,ALPENA,45.0589,-83.4122,45.0589,-83.4122,Hail-producing thunderstorms moved offshore from Alpena.,NA,CSV
200707,5,1522,200707,5,1522,8938,50966,LAKE HURON,90,2007,July,Marine Hail,Z,362,LH PRESQUE ISL LT TO ALABASTER MI EWD BYD 5NM OFFSHORE TO INTL BORDER,90362,APX,05-JUL-07 15:22:00,EST-5,05-JUL-07 15:22:00,0,0,0,0,0.00K,0.00K,Trained Spotter,0.75,NA,NA,NA,NA,NA,NA,NA,NA,NA,NA,14,ESE,ALPENA,14,ESE,ALPENA,44.9926,-83.1854,44.9926,-83.1854,Hail-producing thunderstorms moved offshore from Alpena.,NA,CSV
200707,8,1102,200707,8,1102,8940,50971,LAKE HURON,90,2007,July,Marine Hail,Z,346,ST IGNACE TO FALSE DETOUR CHANNEL,90346,APX,08-JUL-07 11:02:00,EST-5,08-JUL-07 11:02:00,0,0,0,0,0.00K,0.00K,Public,0.75,NA,NA,NA,NA,NA,NA,NA,NA,NA,NA,4,SSE,CEDARVILLE,4,SSE,CEDARVILLE,45.9466,-84.2882,45.9466,-84.2882,An isolated severe thunderstorm moved southeast from Eastern Upper Michigan.,NA,CSV
200707,8,1109,200707,8,1109,8940,50972,LAKE HURON,90,2007,July,Marine Hail,Z,361,LH 5NM E OF MACKINAC BRIDGE TO PRESQUE ISL LT MI EWD BYD 5NM OFFSHORE TO INTL BORDER,90361,APX,08-JUL-07 11:09:00,EST-5,08-JUL-07 11:09:00,0,0,0,0,0.00K,0.00K,Public,0.75,NA,NA,NA,NA,NA,NA,NA,NA,NA,NA,5,NE,BOIS BLANC ISLAND,5,NE,BOIS BLANC ISLAND,45.8011,-84.7567,45.8011,-84.7567,An isolated severe thunderstorm moved southeast from Eastern Upper Michigan.,NA,CSV
200703,26,308,200703,26,308,3681,20372,LAKE MICHIGAN,91,2007,March,Marine Hail,Z,323,GRAND TRAVERSE BAY & NORWOOD TO GRAND TRAVERSE LT MI,91323,APX,26-MAR-07 03:08:00,EST-5,26-MAR-07 03:08:00,0,0,0,0,0.00K,0.00K,Trained Spotter,0.75,NA,NA,NA,NA,NA,NA,NA,NA,NA,NA,4,SSW,NORWOOD,4,SSW,NORWOOD,45.1666,-85.4014,45.1666,-85.4014,"An upper level disturbance ignited a band of showers and embedded thunderstorms, which moved into Northern Michigan from the southwest. A few storms in the band produced marginally large hail.",NA,CSV
200703,26,305,200703,26,305,3681,20373,LAKE MICHIGAN,91,2007,March,Marine Hail,Z,342,NORWOOD MI TO 5NM W OF MACKINAC BRIDGE,91342,APX,26-MAR-07 03:05:00,EST-5,26-MAR-07 03:05:00,0,0,0,0,0.00K,0.00K,Trained Spotter,0.75,NA,NA,NA,NA,NA,NA,NA,NA,NA,NA,1,NW,NORWOOD,1,NW,NORWOOD,45.2302,-85.3845,45.2302,-85.3845,"An upper level disturbance ignited a band of showers and embedded thunderstorms, which moved into Northern Michigan from the southwest. A few storms in the band produced marginally large hail.",NA,CSV
200706,20,1859,200706,20,1859,7531,43288,LAKE MICHIGAN,91,2007,June,Marine Hail,Z,345,SLEEPING BEAR PT TO MANISTEE MI,91345,APX,20-JUN-07 18:59:00,EST-5,20-JUN-07 18:59:00,0,0,0,0,0.00K,0.00K,Law Enforcement,1,NA,NA,NA,NA,NA,NA,NA,NA,NA,NA,1.5,W,FRANKFORT,1.5,W,FRANKFORT,44.63,-86.2605,44.63,-86.2605,One thunderstorm near the Lake Michigan coast produced large hail.,NA,CSV
200707,10,1226,200707,10,1250,8237,47522,ATLANTIC NORTH,88,2007,July,Marine Hail,Z,531,CHESAPEAKE BAY POOLES IS TO SANDY PT MD,88531,LWX,10-JUL-07 12:26:00,EST-5,10-JUL-07 12:50:00,0,0,0,0,0.00K,0.00K,Trained Spotter,1,NA,NA,NA,NA,NA,NA,NA,NA,NA,NA,11,NW,RIVIERA BEACH,8,WNW,RIVIERA BEACH,39.2325,-76.6651,39.1643,-76.6578,"High pressure across the western Atlantic brought hot and humid conditions to the Mid Atlantic on July 10th. Showers and thunderstorms developed along and east of the Interstate 95 corridor, including the Washington DC and Baltimore metro areas, in the very hot and unstable air mass ahead of a cold front approaching the region from the Ohio Valley. Some of these storms became severe as they approached the Tidal Potomac River and Maryland Chesapeake Bay, producing wind gusts in excess of 40 knots and even large hail along the western shore of the Bay.","Trained Spotter reported quarter size hail in Linthicum Heights, MD near the shore of the Bay. Hail was also reported in the City of Baltimore near the Inner Harbor.",CSV
200707,16,1532,200707,16,1535,8243,47540,ATLANTIC NORTH,88,2007,July,Marine Hail,Z,533,CHESAPEAKE BAY N BEACH TO DRUM PT MD,88533,LWX,16-JUL-07 15:32:00,EST-5,16-JUL-07 15:35:00,0,0,0,0,0.00K,0.00K,Emergency Manager,1,NA,NA,NA,NA,NA,NA,NA,NA,NA,NA,10,NW,COVE POINT,10,NW,COVE POINT,38.4822,-76.5305,38.4822,-76.5305,"A strong cold front moving east across the Ohio Valley stalled as it moved over the Mid Atlantic. This allowed numerous showers and thunderstorms to develop across the region during the afternoon of July 16th. Many of these storms became severe, producing wind gusts in excess of 30 knots over the Tidal Potomac River and Maryland Chesapeake Bay.","Calvert County Emergency Management relayed a public report of quarter size hail southwest of Saint Leonard, MD.",CSV
200708,28,243,200708,28,243,9680,54259,LAKE SUPERIOR,92,2007,August,Marine Hail,Z,246,MARQUETTE TO MUNISING MI,92246,MQT,28-AUG-07 02:43:00,EST-5,28-AUG-07 02:43:00,0,0,0,0,0.00K,0.00K,Trained Spotter,0.75,NA,NA,NA,NA,NA,NA,NA,NA,NA,NA,4,SE,MARQUETTE LIGHTHOUSE,4,SE,MARQUETTE LIGHTHOUSE,46.5091,-87.3206,46.5091,-87.3206,Thunderstorms produced gusty winds and large hail over portions of Lake Superior early on the 28th.,NA,CSV
200707,5,1820,200707,5,1820,8832,50353,LAKE ST CLAIR,81,2007,July,Marine Hail,Z,460,LAKE ST CLAIR (U.S. PORTION),81460,DTX,05-JUL-07 18:20:00,EST-5,05-JUL-07 18:20:00,0,0,0,0,0.00K,0.00K,Trained Spotter,1,NA,NA,NA,NA,NA,NA,NA,NA,NA,NA,0,N,NEW BALTIMORE,0,N,NEW BALTIMORE,42.68,-82.73,42.68,-82.73,Thunderstorms impacted the marine waters of Lake St Clair and the Detroit River with wind gusts near 40 knots and hail the size of quarters.,NA,CSV
200707,9,1515,200707,9,1515,8841,50375,LAKE HURON,90,2007,July,Marine Hail,Z,442,HBR BEACH TO PT SANILAC MI,90442,DTX,09-JUL-07 15:15:00,EST-5,09-JUL-07 15:15:00,0,0,0,0,0.00K,0.00K,Trained Spotter,0.75,NA,NA,NA,NA,NA,NA,NA,NA,NA,NA,0,N,FORESTVILLE,0,N,FORESTVILLE,43.67,-82.62,43.67,-82.62,Severe thunderstorms with penny sized hail and measured wind gusts to 54 knots moved across Saginaw Bay.,NA,CSV
200707,9,1515,200707,9,1515,8841,50376,LAKE HURON,90,2007,July,Marine Hail,Z,463,LH HBR BEACH TO PT SANILAC 5NM OFFSHORE TO INTL BORDER,90463,DTX,09-JUL-07 15:15:00,EST-5,09-JUL-07 15:15:00,0,0,0,0,0.00K,0.00K,Trained Spotter,0.75,NA,NA,NA,NA,NA,NA,NA,NA,NA,NA,0,N,FORESTVILLE,0,N,FORESTVILLE,43.67,-82.62,43.67,-82.62,Severe thunderstorms with penny sized hail and measured wind gusts to 54 knots moved across Saginaw Bay.,NA,CSV
200705,14,1330,200705,14,1330,6161,35922,LAKE SUPERIOR,92,2007,May,Marine Hail,Z,246,MARQUETTE TO MUNISING MI,92246,MQT,14-MAY-07 13:30:00,EST-5,14-MAY-07 13:30:00,0,0,0,0,0.00K,0.00K,Trained Spotter,0.88,NA,NA,NA,NA,NA,NA,NA,NA,NA,NA,4,SSE,MARQUETTE LIGHTHOUSE,4,SSE,MARQUETTE LIGHTHOUSE,46.4966,-87.3478,46.4966,-87.3478,Scattered thunderstorms tracked across Lake Superior on the afternoon of the 14th ahead and along a warm frontal passage. A few of these storms produced large hail and strong wind over nearshore waters in central Lake Superior.,Nickel-sized hail reported in Harvey.,CSV
200705,14,1349,200705,14,1349,6161,35923,LAKE SUPERIOR,92,2007,May,Marine Hail,Z,246,MARQUETTE TO MUNISING MI,92246,MQT,14-MAY-07 13:49:00,EST-5,14-MAY-07 13:49:00,0,0,0,0,0.00K,0.00K,Trained Spotter,0.75,NA,NA,NA,NA,NA,NA,NA,NA,NA,NA,2,E,SHOT POINT,2,E,SHOT POINT,46.52,-87.138,46.52,-87.138,Scattered thunderstorms tracked across Lake Superior on the afternoon of the 14th ahead and along a warm frontal passage. A few of these storms produced large hail and strong wind over nearshore waters in central Lake Superior.,NA,CSV
200703,27,1342,200703,27,1342,4147,23176,LAKE ST CLAIR,81,2007,March,Marine Hail,Z,422,ST CLAIR RIVER,81422,DTX,27-MAR-07 13:42:00,EST-5,27-MAR-07 13:42:00,0,0,0,0,0.00K,0.00K,Trained Spotter,1,NA,NA,NA,NA,NA,NA,NA,NA,NA,NA,0,N,ALGONAC,0,N,ALGONAC,42.62,-82.53,42.62,-82.53,Thunderstorms producing hail up to the size of quarters affected portions of Lake St Clair and the St Clair River.,NA,CSV
200703,27,1315,200703,27,1315,4147,23177,LAKE ST CLAIR,81,2007,March,Marine Hail,Z,422,ST CLAIR RIVER,81422,DTX,27-MAR-07 13:15:00,EST-5,27-MAR-07 13:15:00,0,0,0,0,0.00K,0.00K,Trained Spotter,1,NA,NA,NA,NA,NA,NA,NA,NA,NA,NA,0,N,ALGONAC,0,N,ALGONAC,42.62,-82.53,42.62,-82.53,Thunderstorms producing hail up to the size of quarters affected portions of Lake St Clair and the St Clair River.,NA,CSV
200703,27,1342,200703,27,1342,4147,23179,LAKE ST CLAIR,81,2007,March,Marine Hail,Z,460,LAKE ST CLAIR (U.S. PORTION),81460,DTX,27-MAR-07 13:42:00,EST-5,27-MAR-07 13:42:00,0,0,0,0,0.00K,0.00K,Trained Spotter,1,NA,NA,NA,NA,NA,NA,NA,NA,NA,NA,0,N,NEW BALTIMORE,0,N,NEW BALTIMORE,42.68,-82.73,42.68,-82.73,Thunderstorms producing hail up to the size of quarters affected portions of Lake St Clair and the St Clair River.,NA,CSV
200703,27,1315,200703,27,1315,4147,23180,LAKE ST CLAIR,81,2007,March,Marine Hail,Z,460,LAKE ST CLAIR (U.S. PORTION),81460,DTX,27-MAR-07 13:15:00,EST-5,27-MAR-07 13:15:00,0,0,0,0,0.00K,0.00K,Trained Spotter,1,NA,NA,NA,NA,NA,NA,NA,NA,NA,NA,0,N,NEW BALTIMORE,0,N,NEW BALTIMORE,42.68,-82.73,42.68,-82.73,Thunderstorms producing hail up to the size of quarters affected portions of Lake St Clair and the St Clair River.,NA,CSV
200706,17,1813,200706,17,1813,7190,41282,LAKE MICHIGAN,91,2007,June,Marine Hail,Z,542,STURGEON BAY TO TWO RIVERS WI,91542,GRB,17-JUN-07 18:13:00,CST-6,17-JUN-07 18:13:00,0,0,0,0,0.00K,0.00K,Coast Guard,1.5,NA,NA,NA,NA,NA,NA,NA,NA,NA,NA,0,N,STURGEON BAY,0,N,STURGEON BAY,44.83,-87.38,44.83,-87.38,Thunderstorms that passed through northeast Wisconsin continued to produce large hail as they moved over the nearshore waters of Lake Michigan.,NA,CSV
200706,20,1737,200706,20,1737,7326,42102,LAKE MICHIGAN,91,2007,June,Marine Hail,Z,541,ROCK IS PSG TO STURGEON BAY WI,91541,GRB,20-JUN-07 17:37:00,CST-6,20-JUN-07 17:37:00,0,0,0,0,0.00K,0.00K,Public,0.75,NA,NA,NA,NA,NA,NA,NA,NA,NA,NA,4,E,STURGEON BAY,4,E,STURGEON BAY,44.83,-87.2985,44.83,-87.2985,Severe thunderstorms that passed through eastern Wisconsin continued to produce high winds and large hail as they moved offshore.,NA,CSV
200706,7,1935,200706,7,1935,7290,41914,LAKE MICHIGAN,91,2007,June,Marine Hail,Z,221,BAY OF GREEN BAY N OF LINE FROM CEDAR R MI TO ROCK IS PSG,91221,MQT,07-JUN-07 19:35:00,EST-5,07-JUN-07 19:35:00,0,0,0,0,0.00K,0.00K,Trained Spotter,0.88,NA,NA,NA,NA,NA,NA,NA,NA,NA,NA,6,SE,STONY POINT,6,SE,STONY POINT,45.7587,-86.082,45.7587,-86.082,Severe thunderstorms produced damaging wind and large hail over the Garden Peninsula on the 7th.,Nickel sized hail was reported at Garden.,CSV
200710,18,1720,200710,18,1721,11224,62616,LAKE SUPERIOR,92,2007,October,Marine Hail,Z,242,ONTONAGON TO UPPER ENTRANCE OF PORTAGE CANAL MI,92242,MQT,18-OCT-07 17:20:00,EST-5,18-OCT-07 17:21:00,0,0,0,0,0.00K,0.00K,Public,0.75,NA,NA,NA,NA,NA,NA,NA,NA,NA,NA,3,E,ONTONAGON LIGHT,3,E,ONTONAGON LIGHT,46.03,-89.2375,46.03,-89.2375,A severe thunderstorm dropped large hail near Ontonagon on the evening of the 18th.,NA,CSV
200706,7,1935,200706,7,1935,7290,41917,LAKE MICHIGAN,91,2007,June,Marine Hail,Z,248,SEUL CHOIX PT TO PT DETOUR MI,91248,MQT,07-JUN-07 19:35:00,EST-5,07-JUN-07 19:35:00,0,0,0,0,0.00K,0.00K,Trained Spotter,0.88,NA,NA,NA,NA,NA,NA,NA,NA,NA,NA,6,SE,STONY POINT,6,SE,STONY POINT,45.7587,-86.082,45.7587,-86.082,Severe thunderstorms produced damaging wind and large hail over the Garden Peninsula on the 7th.,Nickel sized hail was reported at Garden.,CSV
200706,11,1845,200706,11,1845,5301,31001,ATLANTIC NORTH,88,2007,June,Marine Hail,Z,536,TIDAL POTOMAC INDIAN HD TO COBB IS MD,88536,LWX,11-JUN-07 18:45:00,EST-5,11-JUN-07 18:45:00,0,0,0,0,0.00K,0.00K,Trained Spotter,1.75,NA,NA,NA,NA,NA,NA,NA,NA,NA,NA,0,N,COLONIAL BEACH,0,N,COLONIAL BEACH,38.25,-76.95,38.25,-76.95,A warm and humid airmass on the afternoon of June 11th allowed isolated showers and thunderstorms to develop over central and northern Virginia and spread east into lower southern Maryland before moving across the Tidal Potomac River and Maryland Chesapeake bay during the evening. One storm that crossed the lower Tidal Potomac River produced large hail.,"A Trained Spotter reported hail measuring between quarter to golf ball size in the City of Colonial Beach, VA.",CSV
200709,4,908,200709,4,909,10602,59014,LAKE SUPERIOR,92,2007,September,Marine Hail,Z,242,ONTONAGON TO UPR ENT OF PORTAGE CANAL MI,92242,MQT,04-SEP-07 09:08:00,EST-5,04-SEP-07 09:09:00,0,0,0,0,0.00K,0.00K,Trained Spotter,0.88,NA,NA,NA,NA,NA,NA,NA,NA,NA,NA,2,NE,ONTONAGON LIGHT,2,NE,ONTONAGON LIGHT,46.0505,-89.2706,46.0505,-89.2706,A severe thunderstorm dropped large hail near Ontonagon on the morning of the 4th.,NA,CSV
200707,5,1333,200707,5,1333,8392,48074,LAKE MICHIGAN,91,2007,July,Marine Hail,Z,522,BAY OF GREEN BAY S OF LN MARINETTE TO FISH CREEK WI,91522,GRB,05-JUL-07 13:33:00,CST-6,05-JUL-07 13:33:00,0,0,0,0,0.00K,0.00K,Trained Spotter,0.88,NA,NA,NA,NA,NA,NA,NA,NA,NA,NA,0,N,EGG HARBOR,0,N,EGG HARBOR,45.05,-87.28,45.05,-87.28,Severe thunderstorms that passed through northeast Wisconsin produced strong wind gusts and large hail as they moved across the waters of central and southern Green Bay.,NA,CSV
200707,5,1335,200707,5,1335,8392,48075,LAKE MICHIGAN,91,2007,July,Marine Hail,Z,522,BAY OF GREEN BAY S OF LN MARINETTE TO FISH CREEK WI,91522,GRB,05-JUL-07 13:35:00,CST-6,05-JUL-07 13:35:00,0,0,0,0,0.00K,0.00K,Fire Department/Rescue,1,NA,NA,NA,NA,NA,NA,NA,NA,NA,NA,0,N,EGG HARBOR,0,N,EGG HARBOR,45.05,-87.28,45.05,-87.28,Severe thunderstorms that passed through northeast Wisconsin produced strong wind gusts and large hail as they moved across the waters of central and southern Green Bay.,NA,CSV
200705,15,1505,200705,15,1505,6250,36401,LAKE ST CLAIR,81,2007,May,Marine Hail,Z,460,LAKE ST CLAIR (U.S. PORTION),81460,DTX,15-MAY-07 15:05:00,EST-5,15-MAY-07 15:05:00,0,0,0,0,0.00K,0.00K,Trained Spotter,0.75,NA,NA,NA,NA,NA,NA,NA,NA,NA,NA,0,N,ST CLAIR SHORES,0,N,ST CLAIR SHORES,42.3,-82.87,42.3,-82.87,"Severe thunderstorms impacted the Detroit River, the St Clair River, and the waters of Lake St Clair in advance of a strong cold front. This was the first major severe weather event of the season, producing both damaging wind gusts and large hail.",NA,CSV
200705,15,1536,200705,15,1536,6250,36404,LAKE ST CLAIR,81,2007,May,Marine Hail,Z,460,LAKE ST CLAIR (U.S. PORTION),81460,DTX,15-MAY-07 15:36:00,EST-5,15-MAY-07 15:36:00,0,0,0,0,0.00K,0.00K,Trained Spotter,0.88,NA,NA,NA,NA,NA,NA,NA,NA,NA,NA,0,N,ST CLAIR SHORES,0,N,ST CLAIR SHORES,42.3,-82.87,42.3,-82.87,"Severe thunderstorms impacted the Detroit River, the St Clair River, and the waters of Lake St Clair in advance of a strong cold front. This was the first major severe weather event of the season, producing both damaging wind gusts and large hail.",NA,CSV
200705,1,1337,200705,1,1337,5528,32322,LAKE ST CLAIR,81,2007,May,Marine Hail,Z,423,DETROIT RIVER,81423,DTX,01-MAY-07 13:37:00,EST-5,01-MAY-07 13:37:00,0,0,0,0,0.00K,0.00K,Public,0.75,NA,NA,NA,NA,NA,NA,NA,NA,NA,NA,0,N,GROSSE ILE,0,N,GROSSE ILE,42.18,-83.17,42.18,-83.17,A severe thunderstorm produced large hail over the Detroit River as low pressure tracked from about Chicago to Cleveland along a warm front during the day.,NA,CSV
200705,1,1630,200705,1,1630,5528,32323,LAKE ST CLAIR,81,2007,May,Marine Hail,Z,423,DETROIT RIVER,81423,DTX,01-MAY-07 16:30:00,EST-5,01-MAY-07 16:30:00,0,0,0,0,0.00K,0.00K,Trained Spotter,1.25,NA,NA,NA,NA,NA,NA,NA,NA,NA,NA,0,N,BELLE ISLE,0,N,BELLE ISLE,42.25,-83.02,42.25,-83.02,A severe thunderstorm produced large hail over the Detroit River as low pressure tracked from about Chicago to Cleveland along a warm front during the day.,NA,CSV
200706,12,1340,200706,12,1340,5304,39400,ATLANTIC NORTH,88,2007,June,Marine Hail,Z,534,CHESAPEAKE BAY DRUM PT TO SMITH PT VA,88534,LWX,12-JUN-07 13:40:00,EST-5,12-JUN-07 13:40:00,0,0,0,0,0.00K,0.00K,Trained Spotter,1,NA,NA,NA,NA,NA,NA,NA,NA,NA,NA,0,N,CRISFIELD,0,N,CRISFIELD,37.98,-75.85,37.98,-75.85,"Upper Level disturbances combined with a warm and unstable airmass to produce widespread showers and thunderstorms across the Mid Atlantic. Some of these storms crossed the Tidal Potomac River and Maryland Chesapeake Bay during the afternoon and evening of June 12th, producing wind gusts in excess of 30 knots.",A Trained Spotter at Crisfield Marina reporter hail measuring 1 inch in diameter.,CSV
200708,9,1356,200708,9,1400,9154,51825,ATLANTIC NORTH,88,2007,August,Marine Hail,Z,536,TIDAL POTOMAC INDIAN HD TO COBB IS MD,88536,LWX,09-AUG-07 13:56:00,EST-5,09-AUG-07 14:00:00,0,0,0,0,0.00K,0.00K,Unknown,0.75,NA,NA,NA,NA,NA,NA,NA,NA,NA,NA,4,NNW,QUANTICO,4,NNW,QUANTICO,38.4234,-75.7582,38.4234,-75.7582,"A strong cold front combined with a humid and unstable air mass across the Mid Atlantic on August 9th. Scattered showers and thunderstorms developed across northern Virginia and central Maryland during the late morning and spread east into the early and mid afternoon. Many of these storms became severe, producing wind gusts in excess of 30 knots and large hail over the Tidal Potomac River and Maryland Chesapeake Bay.","Penny size hail was reported in Dumphries, VA.",CSV
200707,26,2035,200707,26,2035,8930,50947,LAKE ERIE,95,2007,July,Marine Hail,Z,444,MI WATERS OF LAKE ERIE,95444,DTX,26-JUL-07 20:35:00,EST-5,26-JUL-07 20:35:00,0,0,0,0,0.00K,0.00K,Law Enforcement,1.5,NA,NA,NA,NA,NA,NA,NA,NA,NA,NA,0,N,LUNA PIER,0,N,LUNA PIER,41.83,-83.45,41.83,-83.45,Strong Thunderstorms producing large hail moved over the Michigan Waters of Lake Erie.,NA,CSV
200710,18,1720,200710,18,1721,11224,62614,LAKE SUPERIOR,92,2007,October,Marine Hail,Z,241,BLACK RIVER TO ONTONAGON MI,92241,MQT,18-OCT-07 17:20:00,EST-5,18-OCT-07 17:21:00,0,0,0,0,0.00K,0.00K,Public,0.75,NA,NA,NA,NA,NA,NA,NA,NA,NA,NA,3,E,ONTONAGON LIGHT,3,E,ONTONAGON LIGHT,46.03,-89.2375,46.03,-89.2375,A severe thunderstorm dropped large hail near Ontonagon on the evening of the 18th.,NA,CSV
200708,29,1731,200708,29,1731,10293,57352,LAKE HURON,90,2007,August,Marine Hail,Z,464,LH PT SANILAC TO PT HURON 5NM OFFSHORE TO INTL BORDER,90464,DTX,29-AUG-07 17:31:00,EST-5,29-AUG-07 17:31:00,0,0,0,0,0.00K,0.00K,Trained Spotter,0.75,NA,NA,NA,NA,NA,NA,NA,NA,NA,NA,0,N,PORT HURON,0,N,PORT HURON,42.98,-82.42,42.98,-82.42,"A strong cold front moved through Southeast Michigan during the peak heating of the day and led to another big event, especially for late August. Severe thunderstorms with large hail and damaging wind gusts had an impact on all marine areas neighboring Southeast Lower Michigan.",NA,CSV
200708,29,1731,200708,29,1731,10311,57591,LAKE ST CLAIR,81,2007,August,Marine Hail,Z,422,ST CLAIR RIVER,81422,DTX,29-AUG-07 17:31:00,EST-5,29-AUG-07 17:31:00,0,0,0,0,0.00K,0.00K,Trained Spotter,0.75,NA,NA,NA,NA,NA,NA,NA,NA,NA,NA,0,N,PORT HURON,0,N,PORT HURON,42.98,-82.42,42.98,-82.42,"A strong cold front moved through Southeast Michigan during the peak heating of the day and led to another big event, especially for late August. Severe thunderstorms with large hail and damaging wind gusts had an impact on all marine areas neighboring Southeast Lower Michigan.",NA,CSV
200708,29,1731,200708,29,1731,10293,57349,LAKE HURON,90,2007,August,Marine Hail,Z,443,PT SANILAC TO PT HURON MI,90443,DTX,29-AUG-07 17:31:00,EST-5,29-AUG-07 17:31:00,0,0,0,0,0.00K,0.00K,Trained Spotter,0.75,NA,NA,NA,NA,NA,NA,NA,NA,NA,NA,0,N,PORT HURON,0,N,PORT HURON,42.98,-82.42,42.98,-82.42,"A strong cold front moved through Southeast Michigan during the peak heating of the day and led to another big event, especially for late August. Severe thunderstorms with large hail and damaging wind gusts had an impact on all marine areas neighboring Southeast Lower Michigan.",NA,CSV
200707,8,1802,200707,8,1803,9317,52338,LAKE MICHIGAN,91,2007,July,Marine Hail,Z,221,BAY OF GREEN BAY N OF LINE FROM CEDAR R MI TO ROCK IS PSG,91221,MQT,08-JUL-07 18:02:00,EST-5,08-JUL-07 18:03:00,0,0,0,0,0.00K,0.00K,Trained Spotter,0.88,NA,NA,NA,NA,NA,NA,NA,NA,NA,NA,1,NW,GLADSTONE,1,NW,GLADSTONE,45.8602,-87.0347,45.8602,-87.0347,Severe thunderstorms dropped large hail over the bay of Green Bay nearshore waters on the evening of the 8th.,NA,CSV
200703,14,1028,200703,14,1028,4148,23208,GULF OF MEXICO,85,2007,March,Marine Hail,Z,470,CAMERON LA TO HIGH IS TX 20 TO 60NM,85470,LCH,14-MAR-07 10:28:00,CST-6,14-MAR-07 10:28:00,0,0,0,0,0.00K,0.00K,Public,0.75,NA,NA,NA,NA,NA,NA,NA,NA,NA,NA,27.28,SE,HIGH ISLAND,27.28,SE,HIGH ISLAND,29.26,-94.12,29.26,-94.12,"An upper level low pressure system moved across the northwestern Gulf of Mexico, resulting in strong thunderstorms.",NA,CSV
200706,17,1813,200706,17,1813,7190,41285,LAKE MICHIGAN,91,2007,June,Marine Hail,Z,541,ROCK IS PSG TO STURGEON BAY WI,91541,GRB,17-JUN-07 18:13:00,CST-6,17-JUN-07 18:13:00,0,0,0,0,0.00K,0.00K,Coast Guard,1.5,NA,NA,NA,NA,NA,NA,NA,NA,NA,NA,0,N,STURGEON BAY,0,N,STURGEON BAY,44.83,-87.38,44.83,-87.38,Thunderstorms that passed through northeast Wisconsin continued to produce large hail as they moved over the nearshore waters of Lake Michigan.,NA,CSV
200806,15,1355,200806,15,1355,19132,112741,LAKE MICHIGAN,91,2008,June,Marine Hail,Z,541,ROCK ISLAND PASSAGE TO STURGEON BAY WI,91541,GRB,15-JUN-08 13:55:00,CST-6,15-JUN-08 13:55:00,0,0,0,0,NA,NA,Trained Spotter,0.88,NA,NA,NA,NA,NA,NA,NA,NA,NA,NA,0.69,N,BAILEYS HARBOR,0.69,N,BAILEYS HARBOR,45.06,-87.13,45.06,-87.13,Thunderstorms produced large hail as they moved offshore from Door County.,NA,CSV
200805,11,510,200805,11,510,18392,107557,GULF OF MEXICO,85,2008,May,Marine Hail,Z,452,INTRACOASTAL CITY LA TO CAMERON LA OUT 20NM,85452,LCH,11-MAY-08 05:10:00,CST-6,11-MAY-08 05:10:00,0,0,0,0,0.00K,0.00K,Public,0.88,NA,NA,NA,NA,NA,NA,NA,NA,NA,NA,15.46,SE,CAMERON,15.46,SE,CAMERON,29.64,-93.12,29.64,-93.12,"As a cold front moved across the northwest Gulf of Mexico, a few thunderstorms produced wind gusts between 40 and 50 mph, as well as 0.50 to 0.88 inch hail.",Large hail was reported on an oil rig in West Cameron Block 66A.,CSV
200805,11,600,200805,11,600,18392,107559,GULF OF MEXICO,85,2008,May,Marine Hail,Z,452,INTRACOASTAL CITY LA TO CAMERON LA OUT 20NM,85452,LCH,11-MAY-08 06:00:00,CST-6,11-MAY-08 06:00:00,0,0,0,0,0.00K,0.00K,Public,0.75,NA,NA,NA,NA,NA,NA,NA,NA,NA,NA,17.76,SW,WHITE LAKE,17.76,SW,WHITE LAKE,29.53,-92.76,29.53,-92.76,"As a cold front moved across the northwest Gulf of Mexico, a few thunderstorms produced wind gusts between 40 and 50 mph, as well as 0.50 to 0.88 inch hail.",Large hail was reported on an oil rig in East Cameron Block 23.,CSV
200807,15,1749,200807,15,1754,21593,127659,LAKE MICHIGAN,91,2008,July,Marine Hail,Z,221,GREEN BAY N FROM CEDAR RIVER MI TO ROCK ISLAND PASSAGE,91221,MQT,15-JUL-08 17:49:00,EST-5,15-JUL-08 17:54:00,0,0,0,0,0.00K,0.00K,Trained Spotter,1,NA,NA,NA,NA,NA,NA,NA,NA,NA,NA,14.9,NNE,POINT DETOUR,14.9,NNE,POINT DETOUR,45.78,-86.55,45.78,-86.55,A severe thunderstorm dropped large hail near Big Bay De Noc on the evening of the 15th.,NA,CSV
200807,15,1749,200807,15,1754,21593,127662,LAKE MICHIGAN,91,2008,July,Marine Hail,Z,248,SEUL CHOIX POINT TO POINT DETOUR MI,91248,MQT,15-JUL-08 17:49:00,EST-5,15-JUL-08 17:54:00,0,0,0,0,0.00K,0.00K,Trained Spotter,1,NA,NA,NA,NA,NA,NA,NA,NA,NA,NA,9.73,W,CHARBONEAU POINT,9.73,W,CHARBONEAU POINT,45.78,-86.55,45.78,-86.55,A severe thunderstorm dropped large hail near Big Bay De Noc on the evening of the 15th.,NA,CSV
200807,25,1854,200807,25,1856,21599,127703,LAKE SUPERIOR,92,2008,July,Marine Hail,Z,246,POINT ISABELLE TO LOWER ENTRANCE OF PORTAGE CANAL MI,92246,MQT,25-JUL-08 18:54:00,EST-5,25-JUL-08 18:56:00,0,0,0,0,0.00K,0.00K,Trained Spotter,0.75,NA,NA,NA,NA,NA,NA,NA,NA,NA,NA,5.8,W,TRAVERSE POINT,5.8,W,TRAVERSE POINT,47.1605,-88.2927,47.1605,-88.2927,Strong thunderstorms produced gusty winds over western and central Lake Superior nearshore areas on the 25th.,NA,CSV
200805,17,1300,200805,17,1315,17354,100432,LAKE MICHIGAN,91,2008,May,Marine Hail,Z,248,SEUL CHOIX POINT TO POINT DETOUR MI,91248,MQT,17-MAY-08 13:00:00,EST-5,17-MAY-08 13:15:00,0,0,0,0,0.00K,0.00K,Trained Spotter,1,NA,NA,NA,NA,NA,NA,NA,NA,NA,NA,11.84,ENE,MANISTIQUE LIGHT,11.84,ENE,MANISTIQUE LIGHT,45.9912,-86.0106,45.9912,-86.0106,A severe thunderstorm dropped large hail over northern Lake Michigan on the afternoon of the 17th.,One-inch diameter hail was reported in Gulliver.,CSV
200806,24,1511,200806,24,1511,20091,119799,ATLANTIC NORTH,88,2008,June,Marine Hail,Z,232,NANTUCKET SOUND,88232,BOX,24-JUN-08 15:11:00,EST-5,24-JUN-08 15:11:00,0,0,0,0,0.00K,0.00K,Amateur Radio,0.75,NA,NA,NA,NA,NA,NA,NA,NA,NA,NA,12.13,ESE,VINEYARD HAVEN,12.13,ESE,VINEYARD HAVEN,41.3902,-70.3798,41.3902,-70.3798,Penny size hail fell off the east coast of Martha's Vineyard.,NA,CSV
200806,23,1345,200806,23,1345,19959,118924,LAKE ERIE,95,2008,June,Marine Hail,Z,444,MICHIGAN WATERS OF LAKE ERIE FROM DETROIT RIVER TO NORTH CAPE MI,95444,DTX,23-JUN-08 13:45:00,EST-5,23-JUN-08 13:45:00,0,0,0,0,0.00K,0.00K,Public,1,NA,NA,NA,NA,NA,NA,NA,NA,NA,NA,0,N,MONROE HARBOR,0,N,MONROE HARBOR,41.92,-83.4,41.92,-83.4,A thunderstorm moved over the Michigan waters of Lake Erie near Monroe.,NA,CSV
200806,21,1452,200806,21,1452,19967,118965,LAKE ST CLAIR,81,2008,June,Marine Hail,Z,422,ST CLAIR RIVER,81422,DTX,21-JUN-08 14:52:00,EST-5,21-JUN-08 14:52:00,0,0,0,0,0.00K,0.00K,Fire Department/Rescue,1,NA,NA,NA,NA,NA,NA,NA,NA,NA,NA,0,N,MARYSVILLE,0,N,MARYSVILLE,42.9,-82.48,42.9,-82.48,A few thunderstorms tracked in and around Lake Saint Clair during the afternoon hours.,NA,CSV
200806,21,1327,200806,21,1327,19967,118959,LAKE ST CLAIR,81,2008,June,Marine Hail,Z,423,DETROIT RIVER,81423,DTX,21-JUN-08 13:27:00,EST-5,21-JUN-08 13:27:00,0,0,0,0,0.00K,0.00K,Trained Spotter,1,NA,NA,NA,NA,NA,NA,NA,NA,NA,NA,5.77,N,BELLE ISLE,5.77,N,BELLE ISLE,42.3322,-83.0402,42.3322,-83.0402,A few thunderstorms tracked in and around Lake Saint Clair during the afternoon hours.,NA,CSV
200806,21,1335,200806,21,1335,19967,118961,LAKE ST CLAIR,81,2008,June,Marine Hail,Z,423,DETROIT RIVER,81423,DTX,21-JUN-08 13:35:00,EST-5,21-JUN-08 13:35:00,0,0,0,0,0.00K,0.00K,Trained Spotter,0.88,NA,NA,NA,NA,NA,NA,NA,NA,NA,NA,5.77,N,BELLE ISLE,5.77,N,BELLE ISLE,42.3322,-83.0402,42.3322,-83.0402,A few thunderstorms tracked in and around Lake Saint Clair during the afternoon hours.,NA,CSV
200806,21,1342,200806,21,1342,19967,118963,LAKE ST CLAIR,81,2008,June,Marine Hail,Z,423,DETROIT RIVER,81423,DTX,21-JUN-08 13:42:00,EST-5,21-JUN-08 13:42:00,0,0,0,0,0.00K,0.00K,Trained Spotter,1,NA,NA,NA,NA,NA,NA,NA,NA,NA,NA,5.77,N,BELLE ISLE,5.77,N,BELLE ISLE,42.3322,-83.0402,42.3322,-83.0402,A few thunderstorms tracked in and around Lake Saint Clair during the afternoon hours.,NA,CSV
200806,21,1448,200806,21,1448,19967,118964,LAKE ST CLAIR,81,2008,June,Marine Hail,Z,422,ST CLAIR RIVER,81422,DTX,21-JUN-08 14:48:00,EST-5,21-JUN-08 14:48:00,0,0,0,0,0.00K,0.00K,Trained Spotter,1.25,NA,NA,NA,NA,NA,NA,NA,NA,NA,NA,0,N,MARYSVILLE,0,N,MARYSVILLE,42.9,-82.48,42.9,-82.48,A few thunderstorms tracked in and around Lake Saint Clair during the afternoon hours.,NA,CSV
200806,17,0,200806,17,0,20530,122362,GULF OF MEXICO,85,2008,June,Marine Hail,Z,455,ATCHAFALAYA R TO INTRACOASTAL CITY LA OUT 20NM,85455,LCH,17-JUN-08 00:00:00,CST-6,17-JUN-08 00:00:00,0,0,0,0,0.00K,0.00K,Public,0.88,NA,NA,NA,NA,NA,NA,NA,NA,NA,NA,11,W,ATCHAFALAYA BAY,11,W,ATCHAFALAYA BAY,29.4,-91.5527,29.4,-91.5527,"A trough of low pressure intensified some thunderstorms across the northwest Gulf of Mexico, producing wind gusts of 50 to 60 mph.",NA,CSV
200806,29,1220,200806,29,1220,20452,121738,LAKE ONTARIO,94,2008,June,Marine Hail,Z,42,NIAGARA RIVER TO HAMLIN BEACH NY,94042,BUF,29-JUN-08 12:20:00,EST-5,29-JUN-08 12:20:00,0,0,0,0,NA,0.00K,Trained Spotter,0.75,NA,NA,NA,NA,NA,NA,NA,NA,NA,NA,0,N,YOUNGSTOWN,0,N,YOUNGSTOWN,43.25,-79.05,43.25,-79.05,Thunderstorms accompanying the passage of a cold front produced wind gusts measured to 38 knots.,NA,CSV
200806,29,1526,200806,29,1526,18476,108527,ATLANTIC NORTH,88,2008,June,Marine Hail,Z,531,CHESAPEAKE BAY POOLES IS TO SANDY PT MD,88531,LWX,29-JUN-08 15:26:00,EST-5,29-JUN-08 15:26:00,0,0,0,0,0.00K,0.00K,Trained Spotter,0.88,NA,NA,NA,NA,NA,NA,NA,NA,NA,NA,2.98,SW,MARTIN STATE AIRPORT,2.98,SW,MARTIN STATE AIRPORT,39.3,-76.45,39.3,-76.45,"A cold front moved into the Mid Atlantic region on June 29th. With afternoon heat and humidity in place, scattered strong to severe thunderstorms developed during the afternoon and evening hours. These thunderstorms produced gusty winds across the Tidal Potomac and Maryland Chesapeake Bay. 34 knots occurred at Lewisetta, Point Lookout and Bishops Head.",A trained spotter reported nickel-size hail near Essex.,CSV
200806,15,1630,200806,15,1630,19669,116660,LAKE MICHIGAN,91,2008,June,Marine Hail,Z,345,POINT BETSIE TO SLEEPING BEAR POINT MI,91345,APX,15-JUN-08 16:30:00,EST-5,15-JUN-08 16:30:00,0,0,0,0,0.00K,0.00K,Broadcast Media,0.88,NA,NA,NA,NA,NA,NA,NA,NA,NA,NA,0.5,W,EMPIRE,0.5,W,EMPIRE,44.81,-86.0802,44.81,-86.0802,Cold air aloft again contributed to thunderstorm development in the Great Lakes region.,NA,CSV
200806,15,1726,200806,15,1726,19670,116670,LAKE HURON,90,2008,June,Marine Hail,Z,348,PRESQUE ISLE LIGHT TO STURGEON POINT MI INC THUNDER BAY NATIONAL MARINE SANCTUARY,90348,APX,15-JUN-08 17:26:00,EST-5,15-JUN-08 17:26:00,0,0,0,0,0.00K,0.00K,Trained Spotter,1,NA,NA,NA,NA,NA,NA,NA,NA,NA,NA,2.6,S,MIDDLE ISLAND,2.6,S,MIDDLE ISLAND,45.1624,-83.34,45.1624,-83.34,Cold air aloft again contributed to thunderstorm development in the Great Lakes region.,NA,CSV
200806,15,1720,200806,15,1720,19669,116675,LAKE MICHIGAN,91,2008,June,Marine Hail,Z,323,GRAND TRAVERSE BAY FROM GRAND TRAVERSE LIGHT TO NORWOOD MI,91323,APX,15-JUN-08 17:20:00,EST-5,15-JUN-08 17:20:00,0,0,0,0,0.00K,0.00K,Trained Spotter,0.88,NA,NA,NA,NA,NA,NA,NA,NA,NA,NA,1.24,NW,TRAVERSE CITY,1.24,NW,TRAVERSE CITY,44.7748,-85.6343,44.7748,-85.6343,Cold air aloft again contributed to thunderstorm development in the Great Lakes region.,NA,CSV
200806,15,1319,200806,15,1319,19670,116681,LAKE HURON,90,2008,June,Marine Hail,Z,349,STURGEON PT TO ALABASTER MI,90349,APX,15-JUN-08 13:19:00,EST-5,15-JUN-08 13:19:00,0,0,0,0,0.00K,0.00K,Trained Spotter,1,NA,NA,NA,NA,NA,NA,NA,NA,NA,NA,3,SSE,OSCODA,3,SSE,OSCODA,44.3799,-83.3067,44.3799,-83.3067,Cold air aloft again contributed to thunderstorm development in the Great Lakes region.,NA,CSV
200806,14,1920,200806,14,1920,19643,116323,LAKE MICHIGAN,91,2008,June,Marine Hail,Z,346,MANISTEE TO POINT BETSIE MI,91346,APX,14-JUN-08 19:20:00,EST-5,14-JUN-08 19:20:00,0,0,0,0,0.00K,0.00K,Broadcast Media,1,NA,NA,NA,NA,NA,NA,NA,NA,NA,NA,2,W,ARCADIA,2,W,ARCADIA,44.51,-86.2806,44.51,-86.2806,Cold air aloft contributed to numerous showers and thunderstorms in the late afternoon and evening hours.,NA,CSV
200806,6,1705,200806,6,1705,19637,116259,LAKE SUPERIOR,92,2008,June,Marine Hail,Z,322,ST MARYS RIVER FROM POINT IROQUOIS TO E POTAGANNISSING BAY,92322,APX,06-JUN-08 17:05:00,EST-5,06-JUN-08 17:05:00,0,0,0,0,0.00K,0.00K,Trained Spotter,0.75,NA,NA,NA,NA,NA,NA,NA,NA,NA,NA,4.96,SSW,ROCK CUT,4.96,SSW,ROCK CUT,46.2084,-84.2432,46.2084,-84.2432,A strong low pressure system kicked off numerous thunderstorms.,NA,CSV
200806,8,1452,200806,8,1452,19644,116328,LAKE HURON,90,2008,June,Marine Hail,Z,349,STURGEON PT TO ALABASTER MI,90349,APX,08-JUN-08 14:52:00,EST-5,08-JUN-08 14:52:00,0,0,0,0,0.00K,0.00K,Trained Spotter,1.75,NA,NA,NA,NA,NA,NA,NA,NA,NA,NA,1,NE,ALABASTER,1,NE,ALABASTER,44.1902,-83.5457,44.1902,-83.5457,A line of strong to severe thunderstorms moved out of East Central Lower Michigan onto Lake Huron.,NA,CSV
200806,22,1250,200806,22,1250,19763,117254,LAKE HURON,90,2008,June,Marine Hail,Z,349,STURGEON PT TO ALABASTER MI,90349,APX,22-JUN-08 12:50:00,EST-5,22-JUN-08 12:50:00,0,0,0,0,0.00K,0.00K,Emergency Manager,0.75,NA,NA,NA,NA,NA,NA,NA,NA,NA,NA,1.95,NE,GREENBUSH,1.95,NE,GREENBUSH,44.5915,-83.2942,44.5915,-83.2942,"Thunderstorms developed over Northern Lower Michigan, and moved out over Lake Huron.",NA,CSV
200806,22,1447,200806,22,1447,19763,117255,LAKE HURON,90,2008,June,Marine Hail,Z,349,STURGEON PT TO ALABASTER MI,90349,APX,22-JUN-08 14:47:00,EST-5,22-JUN-08 14:47:00,0,0,0,0,0.00K,0.00K,Public,1.25,NA,NA,NA,NA,NA,NA,NA,NA,NA,NA,3.49,SSE,GREENBUSH,3.49,SSE,GREENBUSH,44.521,-83.3025,44.521,-83.3025,"Thunderstorms developed over Northern Lower Michigan, and moved out over Lake Huron.",NA,CSV
200806,21,1448,200806,21,1448,19742,117088,LAKE HURON,90,2008,June,Marine Hail,Z,349,STURGEON PT TO ALABASTER MI,90349,APX,21-JUN-08 14:48:00,EST-5,21-JUN-08 14:48:00,0,0,0,0,0.00K,0.00K,Public,0.75,NA,NA,NA,NA,NA,NA,NA,NA,NA,NA,1.82,SSE,STURGEON POINT,1.82,SSE,STURGEON POINT,44.6848,-83.2695,44.6848,-83.2695,Severe thunderstorms moved off of Northeast Lower Michigan and over Lake Huron.,NA,CSV
200806,21,1630,200806,21,1630,19742,117089,LAKE HURON,90,2008,June,Marine Hail,Z,349,STURGEON PT TO ALABASTER MI,90349,APX,21-JUN-08 16:30:00,EST-5,21-JUN-08 16:30:00,0,0,0,0,0.00K,0.00K,Trained Spotter,0.88,NA,NA,NA,NA,NA,NA,NA,NA,NA,NA,0.7,SE,TAWAS CITY,0.7,SE,TAWAS CITY,44.2628,-83.51,44.2628,-83.51,Severe thunderstorms moved off of Northeast Lower Michigan and over Lake Huron.,NA,CSV
200808,2,1535,200808,2,1535,22083,136701,ATLANTIC NORTH,88,2008,August,Marine Hail,Z,531,CHESAPEAKE BAY POOLES IS TO SANDY PT MD,88531,LWX,02-AUG-08 15:35:00,EST-5,02-AUG-08 15:35:00,0,0,0,0,NA,NA,Trained Spotter,1,NA,NA,NA,NA,NA,NA,NA,NA,NA,NA,1.07,W,MARTIN STATE AIRPORT,1.07,W,MARTIN STATE AIRPORT,39.33,-76.43,39.33,-76.43,"A cold front passing through the waters combined with an unstable atmosphere to trigger showers and thunderstorms. Some thunderstorms were severe, producing gusty winds and large hail.",Hail to the size of quarters was reported by a trained spotter.,CSV
200808,2,1539,200808,2,1539,22083,136702,ATLANTIC NORTH,88,2008,August,Marine Hail,Z,531,CHESAPEAKE BAY POOLES IS TO SANDY PT MD,88531,LWX,02-AUG-08 15:39:00,EST-5,02-AUG-08 15:39:00,0,0,0,0,NA,NA,Public,0.88,NA,NA,NA,NA,NA,NA,NA,NA,NA,NA,2.12,SE,MARTIN STATE AIRPORT,2.12,SE,MARTIN STATE AIRPORT,39.31,-76.38,39.31,-76.38,"A cold front passing through the waters combined with an unstable atmosphere to trigger showers and thunderstorms. Some thunderstorms were severe, producing gusty winds and large hail.",Hail to the size of nickels was reported by the public.,CSV
200808,15,1520,200808,15,1520,22499,132110,ATLANTIC NORTH,88,2008,August,Marine Hail,Z,455,CP HENLOPEN TO FENWICK IS DE OUT 20NM,88455,PHI,15-AUG-08 15:20:00,EST-5,15-AUG-08 15:20:00,0,0,0,0,0.00K,0.00K,Trained Spotter,0.88,NA,NA,NA,NA,NA,NA,NA,NA,NA,NA,1.25,NNW,DEWEY BEACH,1.25,NNW,DEWEY BEACH,38.7175,-75.0759,38.7175,-75.0759,A secondary cold frontal passage coupled with an upper air disturbance aloft helped trigger thunderstorms with large hail along coastal areas of Sussex County.,Nickel size hail fell on Rehoboth Beach.,CSV
200811,2,1430,200811,2,1500,23511,137254,ATLANTIC SOUTH,87,2008,November,Marine Hail,Z,474,ST AUGUSTINE TO FLAGLER BEACH FL 20 TO 60NM,87474,JAX,02-NOV-08 14:30:00,EST-5,02-NOV-08 15:00:00,0,0,0,0,NA,0.00K,Mariner,1,NA,NA,NA,NA,NA,NA,NA,NA,NA,NA,46.17,ENE,CRESCENT BEACH,46.17,ENE,CRESCENT BEACH,30.03,-80.54,30.03,-80.54,A mariner reported quarter size hail and estimated wind gusts to near 40 knots when he was about 35 nm northeast of Marineland. His vessel suffered hail damage.,A mariner reported quarter size hail and estimated wind gusts to near 40 knots when he was about 35 nm northeast of Marineland. His vessel suffered hail damage.,CSV
200808,2,1742,200808,2,1742,22083,136705,ATLANTIC NORTH,88,2008,August,Marine Hail,Z,532,CHESAPEAKE BAY SANDY PT TO N BEACH MD,88532,LWX,02-AUG-08 17:42:00,EST-5,02-AUG-08 17:42:00,0,0,0,0,NA,NA,Trained Spotter,1.75,NA,NA,NA,NA,NA,NA,NA,NA,NA,NA,3.3,WSW,ANNAPOLIS,3.3,WSW,ANNAPOLIS,38.97,-76.54,38.97,-76.54,"A cold front passing through the waters combined with an unstable atmosphere to trigger showers and thunderstorms. Some thunderstorms were severe, producing gusty winds and large hail.",Hail to the size of golf balls was reported near the coast by a trained spotter.,CSV
200808,2,1722,200808,2,1722,22083,136706,ATLANTIC NORTH,88,2008,August,Marine Hail,Z,534,CHESAPEAKE BAY DRUM PT TO SMITH PT VA,88534,LWX,02-AUG-08 17:22:00,EST-5,02-AUG-08 17:22:00,0,0,0,0,NA,NA,Trained Spotter,0.75,NA,NA,NA,NA,NA,NA,NA,NA,NA,NA,0.27,SSE,CRISFIELD,0.27,SSE,CRISFIELD,37.9667,-75.8773,37.9667,-75.8773,"A cold front passing through the waters combined with an unstable atmosphere to trigger showers and thunderstorms. Some thunderstorms were severe, producing gusty winds and large hail.",Hail to the size of pennies was reported near Crisfield.,CSV
200809,7,2116,200809,7,2116,23278,135945,LAKE MICHIGAN,91,2008,September,Marine Hail,Z,344,SLEEPING BEAR POINT TO GRAND TRAVERSE LIGHT MI,91344,APX,07-SEP-08 21:16:00,EST-5,07-SEP-08 21:16:00,0,0,0,0,0.00K,0.00K,Trained Spotter,0.75,NA,NA,NA,NA,NA,NA,NA,NA,NA,NA,1,W,LELAND,1,W,LELAND,45.02,-85.8005,45.02,-85.8005,A few strong to severe thunderstorms developed near the Lake Michigan coastline of Northwest Lower Michigan.,NA,CSV
200808,14,1650,200808,14,1650,22670,133143,ATLANTIC NORTH,88,2008,August,Marine Hail,Z,345,SOUTH SHORE BAYS FROM JONES INLET THROUGH SHINNECOCK BAY,88345,OKX,14-AUG-08 16:50:00,EST-5,14-AUG-08 16:50:00,0,0,0,0,NA,NA,Mariner,0.88,NA,NA,NA,NA,NA,NA,NA,NA,NA,NA,7.04,ENE,FIRE ISLAND INLET,7.04,ENE,FIRE ISLAND INLET,40.6409,-73.1986,40.6409,-73.1986,A trough of low pressure at the surface coupled with a passing upper level disturbance triggered a round of strong thunderstorms producing penny to quarter size hail and gusty winds across the waters around Long Island on the 14th.,Nickel size hail was reported by the Bayshore Ferry Operator in Saltaire.,CSV
200808,11,2024,200808,11,2024,22770,133579,ATLANTIC NORTH,88,2008,August,Marine Hail,Z,330,LONG ISLAND SOUND E OF NEW HAVEN CT TO PORT JEFFERSON NY,88330,OKX,11-AUG-08 20:24:00,EST-5,11-AUG-08 20:24:00,0,0,0,0,NA,NA,Public,0.75,NA,NA,NA,NA,NA,NA,NA,NA,NA,NA,3.05,WNW,PORT JEFFERSON HARBOR,3.05,WNW,PORT JEFFERSON HARBOR,40.9423,-73.1061,40.9423,-73.1061,"A strong upper level low pressure system spawned strong thunderstorms over the waters around Long Island, some of these produced waterspouts.",Penny size hail was reported in East Setauket.,CSV
200805,31,1135,200805,31,1135,16612,95805,LAKE ST CLAIR,81,2008,May,Marine Hail,Z,422,ST CLAIR RIVER,81422,DTX,31-MAY-08 11:35:00,EST-5,31-MAY-08 11:35:00,0,0,0,0,0.00K,0.00K,Trained Spotter,0.88,NA,NA,NA,NA,NA,NA,NA,NA,NA,NA,1,N,PORT HURON,1,N,PORT HURON,42.9945,-82.42,42.9945,-82.42,"An isolated marginally severe storm popped up over Saint Clair county, producing nickel size hail and wind gusts to 60 mph, before weakening as it move over the marine waters.",NA,CSV
200805,31,1135,200805,31,1135,16614,99863,LAKE HURON,90,2008,May,Marine Hail,Z,443,PORT SANILAC TO PORT HURON MI,90443,DTX,31-MAY-08 11:35:00,EST-5,31-MAY-08 11:35:00,0,0,0,0,0.00K,0.00K,Trained Spotter,0.88,NA,NA,NA,NA,NA,NA,NA,NA,NA,NA,1,N,PORT HURON,1,N,PORT HURON,42.9945,-82.42,42.9945,-82.42,"An isolated marginally severe storm popped up over Saint Clair county, producing nickel size hail and wind gusts to 60 mph, before weakening as it move over the marine waters.",NA,CSV
200806,18,1910,200806,18,1910,19414,114839,ATLANTIC NORTH,88,2008,June,Marine Hail,Z,330,LONG ISLAND SOUND E OF NEW HAVEN CT TO PORT JEFFERSON NY,88330,OKX,18-JUN-08 19:10:00,EST-5,18-JUN-08 19:10:00,0,0,0,0,0.00K,0.00K,Public,1,NA,NA,NA,NA,NA,NA,NA,NA,NA,NA,0,N,ORIENT POINT,0,N,ORIENT POINT,41.15,-72.25,41.15,-72.25,"An upper level cold pool provided sufficient instability to produce an isolated severe thunderstorm over Long Island Sound, including a funnel cloud North of Port Jefferson Harbor.",Quarter size hail was reported at Orient Point.,CSV
200807,27,1115,200807,27,1115,18497,124999,ATLANTIC NORTH,88,2008,July,Marine Hail,Z,453,GREAT EGG INLET TO CP MAY NJ OUT 20NM,88453,PHI,27-JUL-08 11:15:00,EST-5,27-JUL-08 11:15:00,0,0,0,0,0.00K,0.00K,Trained Spotter,0.75,NA,NA,NA,NA,NA,NA,NA,NA,NA,NA,0.9,SSW,OCEAN CITY,0.9,SSW,OCEAN CITY,39.2679,-74.5862,39.2679,-74.5862,A strong cold frontal passage triggered strong to severe thunderstorms over the area waters on the afternoon of the 27th.,Penny size hail fell in Ocean City.,CSV
200807,27,1225,200807,27,1225,18497,125032,ATLANTIC NORTH,88,2008,July,Marine Hail,Z,450,SANDY HOOK TO MANASQUAN INLET NJ OUT 20NM,88450,PHI,27-JUL-08 12:25:00,EST-5,27-JUL-08 12:25:00,0,0,0,0,0.00K,0.00K,Trained Spotter,0.75,NA,NA,NA,NA,NA,NA,NA,NA,NA,NA,0.96,E,BELMAR,0.96,E,BELMAR,40.18,-74.0118,40.18,-74.0118,A strong cold frontal passage triggered strong to severe thunderstorms over the area waters on the afternoon of the 27th.,Penny size hail fell in Belmar.,CSV
200807,2,1115,200807,2,1115,21164,125178,ATLANTIC NORTH,88,2008,July,Marine Hail,Z,345,SOUTH SHORE BAYS FROM JONES INLET THROUGH SHINNECOCK BAY,88345,OKX,02-JUL-08 11:15:00,EST-5,02-JUL-08 11:15:00,0,0,0,0,NA,NA,Law Enforcement,1,NA,NA,NA,NA,NA,NA,NA,NA,NA,NA,3.66,ENE,FIRE ISLAND INLET,3.66,ENE,FIRE ISLAND INLET,40.6349,-73.263,40.6349,-73.263,"An upper level disturbance moving across the Tri-State area, produced enough instability to cause an isolated report of hail up to 1 inch in diameter in the Great South Bay.",Quarter size hail was reported along the Robert Moses Causeway in Robert Moses State Park.,CSV
200807,15,1859,200807,15,1859,21406,126536,LAKE HURON,90,2008,July,Marine Hail,Z,349,STURGEON PT TO ALABASTER MI,90349,APX,15-JUL-08 18:59:00,EST-5,15-JUL-08 18:59:00,0,0,0,0,0.00K,0.00K,Trained Spotter,1,NA,NA,NA,NA,NA,NA,NA,NA,NA,NA,1,SE,TAWAS CITY,1,SE,TAWAS CITY,44.2598,-83.5057,44.2598,-83.5057,Several strong to severe thunderstorms moved off of Northeast Lower Michigan.,NA,CSV
200808,16,1815,200808,16,1815,22087,130164,ATLANTIC NORTH,88,2008,August,Marine Hail,Z,270,MERRIMACK RIVER MA TO WATCH HILL RI 25 TO 40NM,88270,BOX,16-AUG-08 18:15:00,EST-5,16-AUG-08 18:15:00,0,0,0,0,2.00K,0.00K,Amateur Radio,1.25,NA,NA,NA,NA,NA,NA,NA,NA,NA,NA,33.73,E,STELLWAGEN BANK,33.73,E,STELLWAGEN BANK,42.46,-69.62,42.46,-69.62,Cold temperatures aloft preceded a cold front through southern New England. This increased instability in the area and contributed to large hail forming in thunderstorms that occurred across the area. These storms largely affected southeastern Massachusetts and the coastal waters east of Cape Cod. The only wind damage that occurred was in the Myles Standish State Forest in Plymouth where numerous trees were downed by strong winds.,Mariners reported minor boat damage from half dollar sized hail.,CSV
200808,16,1802,200808,16,1802,22087,130163,ATLANTIC NORTH,88,2008,August,Marine Hail,Z,254,PROVINCETOWN MA TO CHATHAM MA TO NANTUCKET MA OUT 20NM,88254,BOX,16-AUG-08 18:02:00,EST-5,16-AUG-08 18:02:00,0,0,0,0,2.00K,0.00K,Amateur Radio,1,NA,NA,NA,NA,NA,NA,NA,NA,NA,NA,19.33,ESE,PROVINCETOWN,19.33,ESE,PROVINCETOWN,41.93,-69.84,41.93,-69.84,Cold temperatures aloft preceded a cold front through southern New England. This increased instability in the area and contributed to large hail forming in thunderstorms that occurred across the area. These storms largely affected southeastern Massachusetts and the coastal waters east of Cape Cod. The only wind damage that occurred was in the Myles Standish State Forest in Plymouth where numerous trees were downed by strong winds.,Mariners reported minor boat damage from quarter sized hail.,CSV
200808,19,1215,200808,19,1215,22508,132155,ATLANTIC NORTH,88,2008,August,Marine Hail,Z,254,PROVINCETOWN MA TO CHATHAM MA TO NANTUCKET MA OUT 20NM,88254,BOX,19-AUG-08 12:15:00,EST-5,19-AUG-08 12:15:00,0,0,0,0,0.00K,0.00K,Amateur Radio,1.5,NA,NA,NA,NA,NA,NA,NA,NA,NA,NA,16.6,ESE,PROVINCETOWN,16.6,ESE,PROVINCETOWN,41.93,-69.9,41.93,-69.9,"A cold front moved through southern New England, producing showers and thunderstorms that became severe as they moved across southeastern Massachusetts. Large hail and damaging winds affected southeast Massachusetts, Cape Cod, and the waters off the Cape. A strong microburst produced significant damage in Acushnet.",NA,CSV
200808,19,1230,200808,19,1230,22508,132157,ATLANTIC NORTH,88,2008,August,Marine Hail,Z,254,PROVINCETOWN MA TO CHATHAM MA TO NANTUCKET MA OUT 20NM,88254,BOX,19-AUG-08 12:30:00,EST-5,19-AUG-08 12:30:00,0,0,0,0,0.00K,0.00K,Amateur Radio,1.75,NA,NA,NA,NA,NA,NA,NA,NA,NA,NA,27.22,E,PROVINCETOWN,27.22,E,PROVINCETOWN,42.07,-69.65,42.07,-69.65,"A cold front moved through southern New England, producing showers and thunderstorms that became severe as they moved across southeastern Massachusetts. Large hail and damaging winds affected southeast Massachusetts, Cape Cod, and the waters off the Cape. A strong microburst produced significant damage in Acushnet.",NA,CSV
200808,14,1626,200808,14,1626,22070,136708,ATLANTIC NORTH,88,2008,August,Marine Hail,Z,532,CHESAPEAKE BAY SANDY PT TO N BEACH MD,88532,LWX,14-AUG-08 16:26:00,EST-5,14-AUG-08 16:26:00,0,0,0,0,NA,NA,Trained Spotter,0.75,NA,NA,NA,NA,NA,NA,NA,NA,NA,NA,8.76,SW,THOMAS POINT LIGHT,8.76,SW,THOMAS POINT LIGHT,38.8,-76.54,38.8,-76.54,"An upper-level low produced an unstable atmosphere, triggering showers and thunderstorms. Some of the thunderstorms produced gusty winds over the Chesapeake Bay.",Hail to the size of pennies was reported near the coast around Churchton.,CSV
200808,1,1427,200808,1,1429,22839,133901,LAKE MICHIGAN,91,2008,August,Marine Hail,Z,250,5NM E OF FAIRPORT MI TO ROCK ISLAND PASSAGE,91250,MQT,01-AUG-08 14:27:00,EST-5,01-AUG-08 14:29:00,0,0,0,0,0.00K,0.00K,Public,1.75,NA,NA,NA,NA,NA,NA,NA,NA,NA,NA,17.15,NW,SAINT MARTIN ISLAND,17.15,NW,SAINT MARTIN ISLAND,45.7,-86.98,45.7,-86.98,Severe thunderstorms caused damage along near shore areas from Escanaba to Stonington on the afternoon of the 1st.,NA,CSV
200808,25,2007,200808,25,2007,22383,131425,ATLANTIC NORTH,88,2008,August,Marine Hail,Z,254,PROVINCETOWN MA TO CHATHAM MA TO NANTUCKET MA OUT 20NM,88254,BOX,25-AUG-08 20:07:00,EST-5,25-AUG-08 20:07:00,0,0,0,0,0.00K,0.00K,Amateur Radio,0.75,NA,NA,NA,NA,NA,NA,NA,NA,NA,NA,16.71,NNE,GREAT POINT LIGHT,16.71,NNE,GREAT POINT LIGHT,41.61,-69.93,41.61,-69.93,An isolated severe thunderstorm produced penny size hail just off Cape Cod.,NA,CSV
200808,10,1127,200808,10,1127,19206,133268,ATLANTIC NORTH,88,2008,August,Marine Hail,Z,455,CP HENLOPEN TO FENWICK IS DE OUT 20NM,88455,PHI,10-AUG-08 11:27:00,EST-5,10-AUG-08 11:27:00,0,0,0,0,0.00K,0.00K,Trained Spotter,0.88,NA,NA,NA,NA,NA,NA,NA,NA,NA,NA,1.18,NNW,DEWEY BEACH,1.18,NNW,DEWEY BEACH,38.7166,-75.0755,38.7166,-75.0755,An intense upper air disturbance coupled with a strong warm and then cold front produced strong to severe thunderstorms on the area waters on the 10th.,Nickel size hail fell on Rehoboth Beach.,CSV
200808,1,1418,200808,1,1420,22839,133899,LAKE MICHIGAN,91,2008,August,Marine Hail,Z,221,GREEN BAY N FROM CEDAR RIVER MI TO ROCK ISLAND PASSAGE,91221,MQT,01-AUG-08 14:18:00,EST-5,01-AUG-08 14:20:00,0,0,0,0,0.00K,0.00K,Law Enforcement,0.88,NA,NA,NA,NA,NA,NA,NA,NA,NA,NA,2,NNW,ESCANABA LIGHT,2,NNW,ESCANABA LIGHT,45.7767,-87.0859,45.7767,-87.0859,Severe thunderstorms caused damage along near shore areas from Escanaba to Stonington on the afternoon of the 1st.,NA,CSV
200808,14,1626,200808,14,1626,22070,136709,ATLANTIC NORTH,88,2008,August,Marine Hail,Z,532,CHESAPEAKE BAY SANDY PT TO N BEACH MD,88532,LWX,14-AUG-08 16:26:00,EST-5,14-AUG-08 16:26:00,0,0,0,0,NA,NA,Trained Spotter,1,NA,NA,NA,NA,NA,NA,NA,NA,NA,NA,10.19,SW,THOMAS POINT LIGHT,10.19,SW,THOMAS POINT LIGHT,38.78,-76.55,38.78,-76.55,"An upper-level low produced an unstable atmosphere, triggering showers and thunderstorms. Some of the thunderstorms produced gusty winds over the Chesapeake Bay.",Hail to the size of quarters was reported near the coast.,CSV
200804,25,1520,200804,25,1520,16589,95731,LAKE HURON,90,2008,April,Marine Hail,Z,349,STURGEON PT TO ALABASTER MI,90349,APX,25-APR-08 15:20:00,EST-5,25-APR-08 15:20:00,0,0,0,0,0.00K,0.00K,Trained Spotter,0.88,NA,NA,NA,NA,NA,NA,NA,NA,NA,NA,1,SE,TAWAS CITY,1,SE,TAWAS CITY,44.2598,-83.5057,44.2598,-83.5057,An isolated severe thunderstorm affected the Tawas Bay coastline.,NA,CSV
200905,5,1525,200905,5,1525,29302,171934,LAKE SUPERIOR,92,2009,May,Marine Hail,Z,144,TWO HBRS TO DULUTH MN,92144,DLH,05-MAY-09 15:25:00,CST-6,05-MAY-09 15:25:00,0,0,0,0,0.00K,0.00K,Amateur Radio,0.75,NA,NA,NA,NA,NA,NA,NA,NA,NA,NA,0,N,DULUTH,0,N,DULUTH,46.8,-92.1,46.8,-92.1,"Strong thunderstorms moved out over the head of Lake Superior, producing large hail.",NA,CSV
200904,24,2320,200904,24,2320,28465,167580,LAKE ONTARIO,94,2009,April,Marine Hail,Z,44,SODUS BAY TO MEXICO BAY NY,94044,BUF,24-APR-09 23:20:00,EST-5,24-APR-09 23:20:00,0,0,0,0,0.00K,0.00K,Emergency Manager,0.75,NA,NA,NA,NA,NA,NA,NA,NA,NA,NA,2.63,NE,FAIR HAVEN,2.63,NE,FAIR HAVEN,43.3774,-76.6636,43.3774,-76.6636,Three-quarter inch hail fell at Sterling.,NA,CSV
200904,20,1917,200904,20,1917,27807,163235,ATLANTIC NORTH,88,2009,April,Marine Hail,Z,534,CHESAPEAKE BAY DRUM PT TO SMITH PT VA,88534,LWX,20-APR-09 19:17:00,EST-5,20-APR-09 19:17:00,0,0,0,0,NA,NA,Trained Spotter,0.75,NA,NA,NA,NA,NA,NA,NA,NA,NA,NA,40.7,W,CHESAPEAKE BIOLOGICAL LABORATORY,40.7,W,CHESAPEAKE BIOLOGICAL LABORATORY,38.35,-77.2,38.35,-77.2,A storm system combined with an unstable atmosphere to trigger showers and thunderstorms across the Tidal Potomac and Chesapeake Bay. There was enough instability for thunderstorms to contain gusty winds and large hail.,Penny size hail was reported three miles east-northeast of Fairview Beach.,CSV
200905,30,1555,200905,30,1558,29501,173028,LAKE HURON,90,2009,May,Marine Hail,Z,349,STURGEON PT TO ALABASTER MI,90349,APX,30-MAY-09 15:55:00,EST-5,30-MAY-09 15:58:00,0,0,0,0,0.00K,0.00K,Trained Spotter,0.75,NA,NA,NA,NA,NA,NA,NA,NA,NA,NA,2.9,S,OSCODA,2.9,S,OSCODA,44.3784,-83.3224,44.3784,-83.3224,A line of thunderstorms moved off of Lower Michigan and across portions of Northern Lake Huron.,NA,CSV
200906,25,531,200906,25,531,30707,179971,LAKE HURON,90,2009,June,Marine Hail,Z,349,STURGEON PT TO ALABASTER MI,90349,APX,25-JUN-09 05:31:00,EST-5,25-JUN-09 05:31:00,0,0,0,0,0.00K,0.00K,Trained Spotter,0.88,NA,NA,NA,NA,NA,NA,NA,NA,NA,NA,2,E,HARRISVILLE,2,E,HARRISVILLE,44.66,-83.2593,44.66,-83.2593,A small cluster of thunderstorms moved off of Northeast Lower Michigan.,NA,CSV
200906,25,1430,200906,25,1430,31071,182196,LAKE ST CLAIR,81,2009,June,Marine Hail,Z,460,LAKE ST CLAIR (U.S. PORTION),81460,DTX,25-JUN-09 14:30:00,EST-5,25-JUN-09 14:30:00,0,0,0,0,0.00K,0.00K,SHAVE Project,1.75,NA,NA,NA,NA,NA,NA,NA,NA,NA,NA,4.09,NW,METROPOLITAN BEACH,4.09,NW,METROPOLITAN BEACH,42.5102,-82.879,42.5102,-82.879,A severe thunderstorm produced large hail and strong winds over Lake Saint Clair between Lac Saint Clair Park and Memorial Park.,NA,CSV
200906,14,1452,200906,14,1452,30664,179743,LAKE HURON,90,2009,June,Marine Hail,Z,348,PRESQUE ISLE LIGHT TO STURGEON POINT MI INC THUNDER BAY NATIONAL MARINE SANCTUARY,90348,APX,14-JUN-09 14:52:00,EST-5,14-JUN-09 14:52:00,0,0,0,0,0.00K,0.00K,Trained Spotter,0.75,NA,NA,NA,NA,NA,NA,NA,NA,NA,NA,3,E,OSSINEKE,3,E,OSSINEKE,44.92,-83.3587,44.92,-83.3587,Scattered thunderstorms developed on the afternoon of the 14th.,NA,CSV
200907,24,1808,200907,24,1808,31822,186900,ATLANTIC NORTH,88,2009,July,Marine Hail,Z,530,CHESAPEAKE BAY N OF POOLES IS MD,88530,LWX,24-JUL-09 18:08:00,EST-5,24-JUL-09 18:08:00,0,0,0,0,NA,NA,Trained Spotter,0.75,NA,NA,NA,NA,NA,NA,NA,NA,NA,NA,4.27,W,PHILLIPS ARMY AIRFIELD,4.27,W,PHILLIPS ARMY AIRFIELD,39.47,-76.25,39.47,-76.25,A cold front passed through the waters triggering showers and thunderstorms. There was enough instability ahead of the front for an isolated thunderstorm to produce large hail.,Penny size hail was reported near Belcamp.,CSV
200907,1,1910,200907,1,1910,31821,186885,ATLANTIC NORTH,88,2009,July,Marine Hail,Z,537,TIDAL POTOMAC COBB IS MD TO SMITH PT VA,88537,LWX,01-JUL-09 19:10:00,EST-5,01-JUL-09 19:10:00,0,0,0,0,NA,NA,Fire Department/Rescue,0.75,NA,NA,NA,NA,NA,NA,NA,NA,NA,NA,18.18,WNW,PINEY POINT,18.18,WNW,PINEY POINT,38.2464,-76.8301,38.2464,-76.8301,"A potent cold front passed through the waters on the first. Ahead of the front, plenty of moisture lead to unstable conditions. The instability combined with the forcing from the front to trigger showers and thunderstorms. Thunderstorms produced gusty winds and large hail.",Penny size hail was reported near Cobb Island.,CSV
200908,11,1132,200908,11,1136,31301,183860,LAKE ST CLAIR,81,2009,August,Marine Hail,Z,422,ST CLAIR RIVER,81422,DTX,11-AUG-09 11:32:00,EST-5,11-AUG-09 11:36:00,0,0,0,0,0.00K,0.00K,Trained Spotter,0.75,NA,NA,NA,NA,NA,NA,NA,NA,NA,NA,9.46,WNW,ALGONAC,11.28,WNW,ALGONAC,42.69,-82.69,42.6819,-82.7353,A few thunderstorms produced nickel size hail and wind gusts to 55 mph along the nearshore waters of Lake St. Clair.,NA,CSV
200908,11,1623,200908,11,1625,31301,183863,LAKE ST CLAIR,81,2009,August,Marine Hail,Z,460,LAKE ST CLAIR (U.S. PORTION),81460,DTX,11-AUG-09 16:23:00,EST-5,11-AUG-09 16:25:00,0,0,0,0,0.00K,0.00K,Trained Spotter,0.88,NA,NA,NA,NA,NA,NA,NA,NA,NA,NA,0,N,GROSSE POINTE,0,N,GROSSE POINTE,42.27,-82.93,42.27,-82.93,A few thunderstorms produced nickel size hail and wind gusts to 55 mph along the nearshore waters of Lake St. Clair.,NA,CSV
200905,29,1648,200905,29,1648,29188,171330,ATLANTIC NORTH,88,2009,May,Marine Hail,Z,536,TIDAL POTOMAC INDIAN HD TO COBB IS MD,88536,LWX,29-MAY-09 16:48:00,EST-5,29-MAY-09 16:48:00,0,0,0,0,NA,NA,Trained Spotter,0.75,NA,NA,NA,NA,NA,NA,NA,NA,NA,NA,3.82,NNE,ROUTE 301 BRIDGE,3.82,NNE,ROUTE 301 BRIDGE,38.41,-76.99,38.41,-76.99,A cold front combined with plenty of instability to trigger showers and thunderstorms. Thunderstorms produced gusty winds and large hail over the Tidal Potomac and Chesapeake Bay.,Penny size hail was reported near the Route 301 Bridge.,CSV
200905,29,1422,200905,29,1422,29188,171333,ATLANTIC NORTH,88,2009,May,Marine Hail,Z,532,CHESAPEAKE BAY SANDY PT TO N BEACH MD,88532,LWX,29-MAY-09 14:22:00,EST-5,29-MAY-09 14:22:00,0,0,0,0,NA,NA,Public,0.75,NA,NA,NA,NA,NA,NA,NA,NA,NA,NA,6.47,NW,ARNOLD,6.47,NW,ARNOLD,39.08,-76.57,39.08,-76.57,A cold front combined with plenty of instability to trigger showers and thunderstorms. Thunderstorms produced gusty winds and large hail over the Tidal Potomac and Chesapeake Bay.,Penny size hail was reported near Severna Park.,CSV
200906,26,2015,200906,26,2016,31034,181936,ATLANTIC NORTH,88,2009,June,Marine Hail,Z,536,TIDAL POTOMAC INDIAN HD TO COBB IS MD,88536,LWX,26-JUN-09 20:15:00,EST-5,26-JUN-09 20:16:00,0,0,0,0,NA,NA,Public,1.5,NA,NA,NA,NA,NA,NA,NA,NA,NA,NA,0.37,NE,QUANTICO,0.37,NE,QUANTICO,38.5036,-77.305,38.5036,-77.305,A potent cold front combined with plenty of instability to trigger showers and thunderstorms over the Tidal Potomac and Chesapeake Bay. Some thunderstorms produced gusty winds and hail.,Hail up to the size of ping pongs was reported near Quantico.,CSV
200906,2,1713,200906,2,1713,30946,181959,ATLANTIC NORTH,88,2009,June,Marine Hail,Z,533,CHESAPEAKE BAY N BEACH TO DRUM PT MD,88533,LWX,02-JUN-09 17:13:00,EST-5,02-JUN-09 17:13:00,0,0,0,0,NA,NA,Trained Spotter,0.88,NA,NA,NA,NA,NA,NA,NA,NA,NA,NA,11.5,WNW,COVE POINT,11.5,WNW,COVE POINT,38.4703,-76.5962,38.4703,-76.5962,A pressure trough combined with warm and humid conditions to trigger showers and thunderstorms during the afternoon and evening hours of June 2nd. The warm and humid conditions caused plenty of instability and this lead to some of the thunderstorms causing gusty winds and large hail.,Nickel size hail was reported about four miles north-northeast of Sandgates.,CSV
200906,2,1740,200906,2,1740,30946,181961,ATLANTIC NORTH,88,2009,June,Marine Hail,Z,533,CHESAPEAKE BAY N BEACH TO DRUM PT MD,88533,LWX,02-JUN-09 17:40:00,EST-5,02-JUN-09 17:40:00,0,0,0,0,NA,NA,Trained Spotter,0.88,NA,NA,NA,NA,NA,NA,NA,NA,NA,NA,9.75,SSW,COVE POINT,9.75,SSW,COVE POINT,38.3,-76.46,38.3,-76.46,A pressure trough combined with warm and humid conditions to trigger showers and thunderstorms during the afternoon and evening hours of June 2nd. The warm and humid conditions caused plenty of instability and this lead to some of the thunderstorms causing gusty winds and large hail.,Nickel size hail was reported about about 2 miles east of California.,CSV
200906,2,2013,200906,2,2013,30946,181963,ATLANTIC NORTH,88,2009,June,Marine Hail,Z,536,TIDAL POTOMAC INDIAN HD TO COBB IS MD,88536,LWX,02-JUN-09 20:13:00,EST-5,02-JUN-09 20:13:00,0,0,0,0,NA,NA,Trained Spotter,0.75,NA,NA,NA,NA,NA,NA,NA,NA,NA,NA,1.76,NE,ROUTE 301 BRIDGE,1.76,NE,ROUTE 301 BRIDGE,38.38,-77,38.38,-77,A pressure trough combined with warm and humid conditions to trigger showers and thunderstorms during the afternoon and evening hours of June 2nd. The warm and humid conditions caused plenty of instability and this lead to some of the thunderstorms causing gusty winds and large hail.,Penny size hail was reported about four miles north of Dahlgren.,CSV
200906,9,1643,200906,9,1643,30983,182009,ATLANTIC NORTH,88,2009,June,Marine Hail,Z,531,CHESAPEAKE BAY POOLES IS TO SANDY PT MD,88531,LWX,09-JUN-09 16:43:00,EST-5,09-JUN-09 16:43:00,0,0,0,0,NA,NA,Trained Spotter,0.75,NA,NA,NA,NA,NA,NA,NA,NA,NA,NA,5.95,NE,MARTIN STATE AIRPORT,5.95,NE,MARTIN STATE AIRPORT,39.39,-76.33,39.39,-76.33,"A cold front approached the waters on the 9th. Ahead of the front, warm and humid air led to unstable conditions. The instability combined with the boundary and an upper-level disturbance to trigger showers and thunderstorms on the afternoon and evening hours of the 9th. Some thunderstorms became severe, producing large hail and gusty winds.",Penny size hail was reported near Magnolia.,CSV
200906,2,1727,200906,2,1727,30946,181619,ATLANTIC NORTH,88,2009,June,Marine Hail,Z,533,CHESAPEAKE BAY N BEACH TO DRUM PT MD,88533,LWX,02-JUN-09 17:27:00,EST-5,02-JUN-09 17:27:00,0,0,0,0,NA,NA,Trained Spotter,0.75,NA,NA,NA,NA,NA,NA,NA,NA,NA,NA,5.41,W,COVE POINT,5.41,W,COVE POINT,38.43,-76.49,38.43,-76.49,A pressure trough combined with warm and humid conditions to trigger showers and thunderstorms during the afternoon and evening hours of June 2nd. The warm and humid conditions caused plenty of instability and this lead to some of the thunderstorms causing gusty winds and large hail.,Penny size hail was reported about five miles west of Cove Point.,CSV
200906,3,2143,200906,3,2143,30982,181625,ATLANTIC NORTH,88,2009,June,Marine Hail,Z,535,TIDAL POTOMAC KEY BRIDGE TO INDIAN HD MD,88535,LWX,03-JUN-09 21:43:00,EST-5,03-JUN-09 21:43:00,0,0,0,0,NA,NA,Trained Spotter,0.75,NA,NA,NA,NA,NA,NA,NA,NA,NA,NA,0.19,NE,RONALD REAGAN NATL ARPT,0.19,NE,RONALD REAGAN NATL ARPT,38.8521,-77.0377,38.8521,-77.0377,"A cold front combined with an unstable atmosphere to trigger showers and thunderstorms during the afternoon and evening hours of the third. An isolated thunderstorm did become severe, producing large hail.",Penny size hail was reported near Reagan National Airport.,CSV
200907,18,1815,200907,18,1815,29710,174039,ATLANTIC SOUTH,87,2009,July,Marine Hail,Z,555,SEBASTIAN INLET TO JUPITER INLET 0-20NM,87555,MLB,18-JUL-09 18:15:00,EST-5,18-JUL-09 18:15:00,0,0,0,0,0.00K,0.00K,Park/Forest Service,1,NA,NA,NA,NA,NA,NA,NA,NA,NA,NA,3.92,NNW,TEQUESTA,3.92,NNW,TEQUESTA,27.01,-80.12,27.01,-80.12,"Scattered strong thunderstorms moved from the peninsula, across the intracoastal and near shore waters of the Atlantic.",A park ranger at Johnathan Dickinson State Parked observed quarter size hail falling in a severe storm that was exiting offshore.,CSV
200907,5,1345,200907,5,1345,33874,196299,LAKE HURON,90,2009,July,Marine Hail,Z,349,STURGEON PT TO ALABASTER MI,90349,APX,05-JUL-09 13:45:00,EST-5,05-JUL-09 13:45:00,0,0,0,0,0.00K,0.00K,Trained Spotter,0.75,NA,NA,NA,NA,NA,NA,NA,NA,NA,NA,1,WNW,TAWAS POINT,1,WNW,TAWAS POINT,44.2555,-83.4787,44.2555,-83.4787,An isolated strong thunderstorm produced hail near Tawas Bay.,NA,CSV
200908,9,1509,200908,9,1509,33494,196300,LAKE HURON,90,2009,August,Marine Hail,Z,348,PRESQUE ISLE LIGHT TO STURGEON POINT MI INC THUNDER BAY NATIONAL MARINE SANCTUARY,90348,APX,09-AUG-09 15:09:00,EST-5,09-AUG-09 15:09:00,0,0,0,0,0.00K,0.00K,Trained Spotter,0.75,NA,NA,NA,NA,NA,NA,NA,NA,NA,NA,2,ESE,PRESQUE ISLE LIGHT,2,ESE,PRESQUE ISLE LIGHT,45.3489,-83.4619,45.3489,-83.4619,A cluster of strong storms moved off of Northeast Lower Michigan.,NA,CSV
200904,25,222,200904,25,222,28282,166279,LAKE MICHIGAN,91,2009,April,Marine Hail,Z,323,GRAND TRAVERSE BAY FROM GRAND TRAVERSE LIGHT TO NORWOOD MI,91323,APX,25-APR-09 02:22:00,EST-5,25-APR-09 02:22:00,0,0,0,0,0.00K,0.00K,Trained Spotter,0.75,NA,NA,NA,NA,NA,NA,NA,NA,NA,NA,1,E,SUTTONS BAY,1,E,SUTTONS BAY,44.98,-85.6295,44.98,-85.6295,Several bands of thunderstorms moved across the Northern Great Lakes during the early morning hours of the 25th. One storm produced penny sized hail.,NA,CSV
200906,2,1720,200906,2,1720,30946,181618,ATLANTIC NORTH,88,2009,June,Marine Hail,Z,533,CHESAPEAKE BAY N BEACH TO DRUM PT MD,88533,LWX,02-JUN-09 17:20:00,EST-5,02-JUN-09 17:20:00,0,0,0,0,NA,NA,Trained Spotter,0.75,NA,NA,NA,NA,NA,NA,NA,NA,NA,NA,6.08,WSW,COVE POINT,6.08,WSW,COVE POINT,38.39,-76.49,38.39,-76.49,A pressure trough combined with warm and humid conditions to trigger showers and thunderstorms during the afternoon and evening hours of June 2nd. The warm and humid conditions caused plenty of instability and this lead to some of the thunderstorms causing gusty winds and large hail.,Penny size hail was reported about six miles west of Cove Point.,CSV
200905,5,1630,200905,5,1630,29302,171933,LAKE SUPERIOR,92,2009,May,Marine Hail,Z,144,TWO HBRS TO DULUTH MN,92144,DLH,05-MAY-09 16:30:00,CST-6,05-MAY-09 16:30:00,0,0,0,0,0.00K,0.00K,Amateur Radio,0.75,NA,NA,NA,NA,NA,NA,NA,NA,NA,NA,0,N,DULUTH,0,N,DULUTH,46.8,-92.1,46.8,-92.1,"Strong thunderstorms moved out over the head of Lake Superior, producing large hail.",NA,CSV
200906,3,1352,200906,3,1410,31754,186427,GULF OF MEXICO,85,2009,June,Marine Hail,Z,235,PT O'CONNOR TO ARANSAS PASS,85235,CRP,03-JUN-09 13:52:00,CST-6,03-JUN-09 14:10:00,0,0,0,0,0.00K,0.00K,Park/Forest Service,1.75,NA,NA,NA,NA,NA,NA,NA,NA,NA,NA,7.11,SSW,SEADRIFT,7.11,SSW,SEADRIFT,28.3219,-96.7552,28.3219,-96.7552,A severe storm that developed over the Aransas National Wildlife Refuge produced hail in the adjacent San Antonio and Ayrers Bays.,The Aransas Wildlife Refuge reported hail ranging from the size of quarters to golfballs.  Multiple funnel clouds and excessive cloud to ground lightning was also reported.,CSV
200907,27,1407,200907,27,1407,29948,186331,ATLANTIC NORTH,88,2009,July,Marine Hail,Z,455,CP HENLOPEN TO FENWICK IS DE OUT 20NM,88455,PHI,27-JUL-09 14:07:00,EST-5,27-JUL-09 14:07:00,0,0,0,0,0.00K,0.00K,Trained Spotter,1,NA,NA,NA,NA,NA,NA,NA,NA,NA,NA,0.64,S,FENWICK ISLAND,0.64,S,FENWICK ISLAND,38.4607,-75.0502,38.4607,-75.0502,An approaching cold front produced strong to severe thunderstorms across the area waters during the late afternoon of the 27th.,A severe thunderstorm dropped quarter size hail on Fenwick Island.,CSV
201006,22,1816,201006,22,1816,41568,242682,ATLANTIC NORTH,88,2010,June,Marine Hail,Z,531,CHESAPEAKE BAY POOLES IS TO SANDY PT MD,88531,LWX,22-JUN-10 18:16:00,EST-5,22-JUN-10 18:16:00,0,0,0,0,NA,NA,Public,0.75,NA,NA,NA,NA,NA,NA,NA,NA,NA,NA,4.78,NE,MARTIN STATE AIRPORT,4.78,NE,MARTIN STATE AIRPORT,39.3724,-76.3392,39.3724,-76.3392,The subtropical ridge was to our south while the subtropical jet remained just to our north. An upper-level disturbance in the jet stream passed through on the 22nd. Warm and humid air was in place due to a west-southwest flow around the ridge. Moderate amounts of instability along with the upper-level disturbance caused showers and thunderstorms to develop. Some thunderstorms produced gusty winds over the waters.,Penny size hail was reported about five miles northeast of the Martin State Airport.,CSV
201004,6,1426,201004,6,1426,38682,224404,LAKE ERIE,95,2010,April,Marine Hail,Z,40,RIPLEY TO DUNKIRK NY,95040,BUF,06-APR-10 14:26:00,EST-5,06-APR-10 14:26:00,0,0,0,0,NA,0.00K,Public,0.75,NA,NA,NA,NA,NA,NA,NA,NA,NA,NA,0,N,DUNKIRK,0,N,DUNKIRK,42.49,-79.34,42.49,-79.34,A warm front slowly lifted north across the region during the early afternoon. A thunderstorm accompanying the front produced three-quarter inch hail at Dunkirk.,NA,CSV
201004,6,1426,201004,6,1426,38682,224405,LAKE ERIE,95,2010,April,Marine Hail,Z,41,DUNKIRK TO BUFFALO NY,95041,BUF,06-APR-10 14:26:00,EST-5,06-APR-10 14:26:00,0,0,0,0,NA,0.00K,Public,0.75,NA,NA,NA,NA,NA,NA,NA,NA,NA,NA,0,N,DUNKIRK,0,N,DUNKIRK,42.49,-79.34,42.49,-79.34,A warm front slowly lifted north across the region during the early afternoon. A thunderstorm accompanying the front produced three-quarter inch hail at Dunkirk.,NA,CSV
201006,9,1520,201006,9,1520,41579,242266,LAKE MICHIGAN,91,2010,June,Marine Hail,Z,342,NORWOOD MI TO 5NM W OF MACKINAC BRIDGE INC LITTLE TRAVERSE BAY,91342,APX,09-JUN-10 15:20:00,EST-5,09-JUN-10 15:20:00,0,0,0,0,0.00K,0.00K,Trained Spotter,0.75,NA,NA,NA,NA,NA,NA,NA,NA,NA,NA,1,NW,PETOSKEY,1,NW,PETOSKEY,45.3902,-84.9746,45.3902,-84.9746,Severe thunderstorms crossed northern Lake Michigan.,NA,CSV
201005,25,1609,201005,25,1611,40283,234689,LAKE SUPERIOR,92,2010,May,Marine Hail,Z,241,BLACK RIVER TO ONTONAGON MI,92241,MQT,25-MAY-10 16:09:00,EST-5,25-MAY-10 16:11:00,0,0,0,0,0.00K,0.00K,Law Enforcement,1,NA,NA,NA,NA,NA,NA,NA,NA,NA,NA,1.17,SE,ONTONAGON LIGHT,1.17,SE,ONTONAGON LIGHT,46.87,-89.31,46.87,-89.31,Severe thunderstorms caused strong gusty winds and large hail over portions of western Lake Superior on the afternoon of the 25th.,NA,CSV
201005,25,1609,201005,25,1611,40283,234707,LAKE SUPERIOR,92,2010,May,Marine Hail,Z,242,ONTONAGON TO UPPER ENTRANCE OF PORTAGE CANAL MI,92242,MQT,25-MAY-10 16:09:00,EST-5,25-MAY-10 16:11:00,0,0,0,0,0.00K,0.00K,Law Enforcement,1,NA,NA,NA,NA,NA,NA,NA,NA,NA,NA,1.17,SE,ONTONAGON LIGHT,1.17,SE,ONTONAGON LIGHT,46.87,-89.31,46.87,-89.31,Severe thunderstorms caused strong gusty winds and large hail over portions of western Lake Superior on the afternoon of the 25th.,NA,CSV
201009,12,1627,201009,12,1627,44995,260766,LAKE SUPERIOR,92,2010,September,Marine Hail,Z,322,ST MARYS RIVER FROM POINT IROQUOIS TO E POTAGANNISSING BAY,92322,APX,12-SEP-10 16:27:00,EST-5,12-SEP-10 16:27:00,0,0,0,0,0.00K,0.00K,Broadcast Media,1.5,NA,NA,NA,NA,NA,NA,NA,NA,NA,NA,5.43,ENE,BRIMLEY,5.43,ENE,BRIMLEY,46.4407,-84.4725,46.4407,-84.4725,Thunderstorms produced large hail near Eastern Upper Michigan.,NA,CSV
201007,21,1741,201007,21,1741,43507,253335,LAKE ONTARIO,94,2010,July,Marine Hail,Z,44,SODUS BAY TO MEXICO BAY NY,94044,BUF,21-JUL-10 17:41:00,EST-5,21-JUL-10 17:41:00,0,0,0,0,NA,0.00K,Public,0.88,NA,NA,NA,NA,NA,NA,NA,NA,NA,NA,0.7,ENE,FAIR HAVEN,0.7,ENE,FAIR HAVEN,43.3538,-76.687,43.3538,-76.687,Strong thunderstorms moved across southern Ontario and Lake Ontario during the late afternoon and evening hours. The thunderstorms produced wind gusts measured to 35 knots and nickel-sized hail.,NA,CSV
201007,20,1500,201007,20,1500,43477,253156,LAKE SUPERIOR,92,2010,July,Marine Hail,Z,322,ST MARYS RIVER FROM POINT IROQUOIS TO E POTAGANNISSING BAY,92322,APX,20-JUL-10 15:00:00,EST-5,20-JUL-10 15:00:00,0,0,0,0,0.00K,0.00K,Trained Spotter,1,NA,NA,NA,NA,NA,NA,NA,NA,NA,NA,4.19,NNW,ROCK CUT,4.19,NNW,ROCK CUT,46.3294,-84.2078,46.3294,-84.2078,An isolated thunderstorm dropped hail in the St Marys River.,NA,CSV
201005,5,1425,201005,5,1425,39447,229221,LAKE ST CLAIR,81,2010,May,Marine Hail,Z,422,ST CLAIR RIVER,81422,DTX,05-MAY-10 14:25:00,EST-5,05-MAY-10 14:25:00,0,0,0,0,0.00K,0.00K,Trained Spotter,0.75,NA,NA,NA,NA,NA,NA,NA,NA,NA,NA,3.48,W,ALGONAC,3.48,W,ALGONAC,42.6267,-82.5977,42.6267,-82.5977,A few strong thunderstorms moved through producing hail and winds to around 40 mph.,NA,CSV
201005,5,1445,201005,5,1445,39447,229222,LAKE ST CLAIR,81,2010,May,Marine Hail,Z,422,ST CLAIR RIVER,81422,DTX,05-MAY-10 14:45:00,EST-5,05-MAY-10 14:45:00,0,0,0,0,0.00K,0.00K,Trained Spotter,0.75,NA,NA,NA,NA,NA,NA,NA,NA,NA,NA,0,N,ALGONAC,0,N,ALGONAC,42.62,-82.53,42.62,-82.53,A few strong thunderstorms moved through producing hail and winds to around 40 mph.,NA,CSV
201005,27,2010,201005,27,2010,39450,229227,LAKE ERIE,95,2010,May,Marine Hail,Z,444,MICHIGAN WATERS OF LAKE ERIE FROM DETROIT RIVER TO NORTH CAPE MI,95444,DTX,27-MAY-10 20:10:00,EST-5,27-MAY-10 20:10:00,0,0,0,0,0.00K,0.00K,Trained Spotter,0.88,NA,NA,NA,NA,NA,NA,NA,NA,NA,NA,2.92,SW,DETROIT RIVER LIGHT,2.92,SW,DETROIT RIVER LIGHT,42.0716,-83.2422,42.0716,-83.2422,A thunderstorm moving into western Lake Erie produced nickel size hail.,NA,CSV
201006,5,234,201006,5,234,41408,241253,ATLANTIC NORTH,88,2010,June,Marine Hail,Z,230,BOSTON HARBOR,88230,BOX,05-JUN-10 02:34:00,EST-5,05-JUN-10 02:34:00,0,0,0,0,0.00K,0.00K,Amateur Radio,1.5,NA,NA,NA,NA,NA,NA,NA,NA,NA,NA,6.99,WSW,BOSTON LIGHT,6.99,WSW,BOSTON LIGHT,42.2778,-71.0072,42.2778,-71.0072,A wave of low pressure moving along a stationary front in place across Southern New England produced showers and thunderstorms across much of the region.,NA,CSV
201007,18,1852,201007,18,1852,43494,253241,LAKE ST CLAIR,81,2010,July,Marine Hail,Z,460,LAKE ST CLAIR (U.S. PORTION),81460,DTX,18-JUL-10 18:52:00,EST-5,18-JUL-10 18:52:00,0,0,0,0,0.00K,0.00K,Trained Spotter,1,NA,NA,NA,NA,NA,NA,NA,NA,NA,NA,6.86,N,METROPOLITAN BEACH,6.86,N,METROPOLITAN BEACH,42.5693,-82.817,42.5693,-82.817,A few strong to marginally severe thunderstorms moved through the Detroit River and Lake St. Clair.,NA,CSV
201004,25,1940,201004,25,1940,38846,225343,ATLANTIC NORTH,88,2010,April,Marine Hail,Z,531,CHESAPEAKE BAY POOLES IS TO SANDY PT MD,88531,LWX,25-APR-10 19:40:00,EST-5,25-APR-10 19:40:00,0,0,0,0,NA,NA,Trained Spotter,1,NA,NA,NA,NA,NA,NA,NA,NA,NA,NA,3.55,NE,MARTIN STATE AIRPORT,3.55,NE,MARTIN STATE AIRPORT,39.3653,-76.3617,39.3653,-76.3617,A strong upper-level low slowly tracked through the central portion of the country on the 25th. A southwest flow ahead of this system ushered in warm and humid air. A cold front dropped into the region from the northeast during the afternoon and evening hours of the 25th. The cold front combined with plenty of instability for showers and thunderstorms to develop. An isolated thunderstorm did produce large hail over the Chesapeake Bay.,Quarter size hail was reported near Chase.,CSV
201010,11,2111,201010,11,2111,45494,264073,ATLANTIC NORTH,88,2010,October,Marine Hail,Z,531,CHESAPEAKE BAY POOLES IS TO SANDY PT MD,88531,LWX,11-OCT-10 21:11:00,EST-5,11-OCT-10 21:11:00,0,0,0,0,NA,NA,Public,0.88,NA,NA,NA,NA,NA,NA,NA,NA,NA,NA,5.19,SSW,PATAPSCO BUOY,5.19,SSW,PATAPSCO BUOY,39.0817,-76.4304,39.0817,-76.4304,High pressure off the East Coast pumped in warm and moist air over the waters. An upper-level disturbance passed through in the westerly flow aloft during the evening of the 11th. The upper-level disturbance combined with limited instability to trigger showers and thunderstorms. An isolated thunderstorm was able to produce large hail.,Nickel size hail was reported near Gibson Island.,CSV
201009,6,2335,201009,6,2337,44873,260077,LAKE MICHIGAN,91,2010,September,Marine Hail,Z,221,GREEN BAY N FROM CEDAR RIVER MI TO ROCK ISLAND PASSAGE,91221,MQT,06-SEP-10 23:35:00,EST-5,06-SEP-10 23:37:00,0,0,0,0,0.00K,0.00K,Law Enforcement,0.75,NA,NA,NA,NA,NA,NA,NA,NA,NA,NA,0,N,CEDAR RIVER ENTRANCE LIGHT,0,N,CEDAR RIVER ENTRANCE LIGHT,45.41,-87.35,45.41,-87.35,A low pressure trough triggered thunderstorms and hail near Cedar River late on the 6th.,Hail was reported by the State Police trooper along Highway M-35 near Cedar River.,CSV
201006,24,1344,201006,24,1344,41876,244066,ATLANTIC NORTH,88,2010,June,Marine Hail,Z,335,LONG ISLAND SOUND W OF NEW HAVEN CT TO PORT JEFFERSON NY,88335,OKX,24-JUN-10 13:44:00,EST-5,24-JUN-10 13:44:00,0,0,0,0,NA,NA,Trained Spotter,1.75,NA,NA,NA,NA,NA,NA,NA,NA,NA,NA,2.91,SW,STATION KPTN6,2.91,SW,STATION KPTN6,40.796,-73.8257,40.796,-73.8257,"A Cold front and strong 500hPa trough moved across the Tri-State, triggering severe thunderstorms across the waters around Long Island.",At least golf ball size hail was reported on the Queens Side of the Whitestone Bridge.,CSV
201007,19,1256,201007,19,1258,43419,252738,LAKE SUPERIOR,92,2010,July,Marine Hail,Z,249,MARQUETTE TO MUNISING MI,92249,MQT,19-JUL-10 12:56:00,EST-5,19-JUL-10 12:58:00,0,0,0,0,0.00K,0.00K,Trained Spotter,1,NA,NA,NA,NA,NA,NA,NA,NA,NA,NA,0.27,SSE,MARQUETTE LIGHTHOUSE,0.27,SSE,MARQUETTE LIGHTHOUSE,46.5466,-87.3772,46.5466,-87.3772,An upper level disturbance generated severe thunderstorms which produced large hail in Marquette on the afternoon of the 19th.,NA,CSV
201007,19,1256,201007,19,1258,43419,252737,LAKE SUPERIOR,92,2010,July,Marine Hail,Z,248,HURON ISLANDS TO MARQUETTE MI,92248,MQT,19-JUL-10 12:56:00,EST-5,19-JUL-10 12:58:00,0,0,0,0,0.00K,0.00K,Trained Spotter,1,NA,NA,NA,NA,NA,NA,NA,NA,NA,NA,0.07,W,MARQUETTE LIGHTHOUSE,0.07,W,MARQUETTE LIGHTHOUSE,46.5502,-87.3815,46.5502,-87.3815,An upper level disturbance generated severe thunderstorms which produced large hail in Marquette on the afternoon of the 19th.,NA,CSV
201002,22,1726,201002,22,1726,36113,209419,ATLANTIC SOUTH,87,2010,February,Marine Hail,Z,550,FLAGLER BEACH TO VOLUSIA-BREVARD COUNTY LINE 0-20NM,87550,MLB,22-FEB-10 17:26:00,EST-5,22-FEB-10 17:26:00,0,0,0,0,0.00K,0.00K,Public,1,NA,NA,NA,NA,NA,NA,NA,NA,NA,NA,1.51,E,DAYTONA BEACH,1.51,E,DAYTONA BEACH,29.2166,-81.0052,29.2166,-81.0052,"During the late afternoon, a severe thunderstorm containing large hail and strong, gusty winds exited the mainland and traveled across the barrier island east of central Daytona Beach. The storm remained strong as it spread offshore over the nearshore coastal waters. Several hours later, a second storm moved offshore to the south of Cape Canaveral with strong wind gusts.","A severe thunderstorm moved from eastern Volusia County, across the barrier island just south of International Speedway Boulevard and produced large hail as it exited into the Atlantic. The storm remained severe as it spread east across the nearshore coastal waters.",CSV
201004,6,1145,201004,6,1145,38404,222910,LAKE ST CLAIR,81,2010,April,Marine Hail,Z,460,LAKE ST CLAIR (U.S. PORTION),81460,DTX,06-APR-10 11:45:00,EST-5,06-APR-10 11:45:00,0,0,0,0,0.00K,0.00K,Trained Spotter,1.75,NA,NA,NA,NA,NA,NA,NA,NA,NA,NA,6.41,SW,NEW BALTIMORE,6.41,SW,NEW BALTIMORE,42.6092,-82.8115,42.6092,-82.8115,A few thunderstorms moved into Lake St. Clair producing large hail.,NA,CSV
201004,6,1155,201004,6,1155,38404,222911,LAKE ST CLAIR,81,2010,April,Marine Hail,Z,460,LAKE ST CLAIR (U.S. PORTION),81460,DTX,06-APR-10 11:55:00,EST-5,06-APR-10 11:55:00,0,0,0,0,0.00K,0.00K,Trained Spotter,1.75,NA,NA,NA,NA,NA,NA,NA,NA,NA,NA,10.92,ESE,NEW BALTIMORE,10.92,ESE,NEW BALTIMORE,42.6117,-82.5362,42.6117,-82.5362,A few thunderstorms moved into Lake St. Clair producing large hail.,NA,CSV
201005,27,1930,201005,27,1930,39449,229226,LAKE ST CLAIR,81,2010,May,Marine Hail,Z,423,DETROIT RIVER,81423,DTX,27-MAY-10 19:30:00,EST-5,27-MAY-10 19:30:00,0,0,0,0,0.00K,0.00K,Trained Spotter,0.75,NA,NA,NA,NA,NA,NA,NA,NA,NA,NA,0.42,S,GROSSE ILE,0.42,S,GROSSE ILE,42.174,-83.1714,42.174,-83.1714,Thunderstorms moving through the Detroit River produced hail and a measured wind gust of 45 mph.,NA,CSV
201003,22,1603,201003,22,1603,37678,219277,ATLANTIC NORTH,88,2010,March,Marine Hail,Z,536,TIDAL POTOMAC INDIAN HD TO COBB IS MD,88536,LWX,22-MAR-10 16:03:00,EST-5,22-MAR-10 16:03:00,0,0,0,0,NA,NA,Trained Spotter,0.75,NA,NA,NA,NA,NA,NA,NA,NA,NA,NA,11.23,NE,QUANTICO,11.23,NE,QUANTICO,38.6037,-77.1499,38.6037,-77.1499,An upper-level low over the Ohio Valley provided plenty of cold air aloft while a southerly flow ahead of this system ushered in warm and moist air from the south at the surface. The combination of the warm low-levels and the colder air aloft provided enough instability for showers and thunderstorms to develop. An isolated thunderstorm did produce large hail.,Penny size hail was reported near Indian Head.,CSV
201006,20,1432,201006,20,1432,42243,246642,ATLANTIC NORTH,88,2010,June,Marine Hail,Z,251,MASSACHUSETTS BAY AND IPSWICH BAY,88251,BOX,20-JUN-10 14:32:00,EST-5,20-JUN-10 14:32:00,0,0,0,0,0.00K,0.00K,Mariner,1.25,NA,NA,NA,NA,NA,NA,NA,NA,NA,NA,20,E,BOSTON LIGHT,20,E,BOSTON LIGHT,42.33,-70.4985,42.33,-70.4985,A cold front moved across Southern New England producing showers and thunderstorms.,A mariner reported half dollar size hail covering the deck of his boat.,CSV
201006,9,1320,201006,9,1322,41339,244789,LAKE SUPERIOR,92,2010,June,Marine Hail,Z,250,MUNISING TO GRAND MARAIS MI,92250,MQT,09-JUN-10 13:20:00,EST-5,09-JUN-10 13:22:00,0,0,0,0,0.00K,0.00K,Public,0.88,NA,NA,NA,NA,NA,NA,NA,NA,NA,NA,0.84,SW,GRAND MARAIS LIGHT,0.84,SW,GRAND MARAIS LIGHT,46.67,-85.98,46.67,-85.98,A cold front passing through the area helped trigger some strong thunderstorms over the Alger and Marquette County near shore areas on the afternoon of the 9th.,NA,CSV
201006,24,1600,201006,24,1600,39179,240814,ATLANTIC NORTH,88,2010,June,Marine Hail,Z,452,LITTLE EGG INLET TO GREAT EGG INLET NJ OUT 20NM,88452,PHI,24-JUN-10 16:00:00,EST-5,24-JUN-10 16:00:00,0,0,0,0,0.00K,0.00K,Trained Spotter,1.25,NA,NA,NA,NA,NA,NA,NA,NA,NA,NA,2.16,ESE,ATLANTIC CITY,2.16,ESE,ATLANTIC CITY,39.3626,-74.4107,39.3626,-74.4107,A strong cold front caused strong to locally severe thunderstorms to move through the marine waters from the mid afternoon into the early evening on the 24th.,Quarter to half dollar size hail fell in Atlantic City.,CSV
201106,12,1550,201106,12,1550,54175,324916,ATLANTIC NORTH,88,2011,June,Marine Hail,Z,530,CHESAPEAKE BAY N OF POOLES IS MD,88530,LWX,12-JUN-11 15:50:00,EST-5,12-JUN-11 15:50:00,0,0,0,0,NA,NA,Public,0.75,NA,NA,NA,NA,NA,NA,NA,NA,NA,NA,3.42,W,PHILLIPS ARMY AIRFIELD,3.42,W,PHILLIPS ARMY AIRFIELD,39.4731,-76.234,39.4731,-76.234,A cold front combined with moderate instability to trigger showers and thunderstorms on the twelfth. Stronger winds aloft due to an upper-level low over New England caused thunderstorms to become well organized. Thunderstorms were able to produce gusty winds over the waters.,Penny sized hail was reported near Phillips Army Field.,CSV
201106,8,157,201106,8,157,54435,326938,LAKE ERIE,95,2011,June,Marine Hail,Z,41,DUNKIRK TO BUFFALO NY,95041,BUF,08-JUN-11 01:57:00,EST-5,08-JUN-11 01:57:00,0,0,0,0,NA,0.00K,Law Enforcement,1,NA,NA,NA,NA,NA,NA,NA,NA,NA,NA,0,N,DUNKIRK,0,N,DUNKIRK,42.49,-79.34,42.49,-79.34,A thunderstorm complex developed during the late evening hours of the 7th over Lake Huron then moved southeast across the lower Lakes region. As the thunderstorms crossed eastern Lake Erie during the early overnight hours they produced hail measured to one inch in diameter at Dunkirk.,NA,CSV
201106,8,830,201106,8,830,54364,326415,LAKE MICHIGAN,91,2011,June,Marine Hail,Z,342,NORWOOD MI TO 5NM W OF MACKINAC BRIDGE INC LITTLE TRAVERSE BAY,91342,APX,08-JUN-11 08:30:00,EST-5,08-JUN-11 08:30:00,0,0,0,0,0.00K,0.00K,Trained Spotter,0.75,NA,NA,NA,NA,NA,NA,NA,NA,NA,NA,0.79,NNW,CHARLEVOIX,0.79,NNW,CHARLEVOIX,45.3297,-85.2687,45.3297,-85.2687,Numerous severe thunderstorms developed along and ahead of a cold front.,NA,CSV
201106,22,1625,201106,22,1625,54292,325901,LAKE HURON,90,2011,June,Marine Hail,Z,464,PORT SANILAC TO PORT HURON MI 5NM OFFSHORE TO US/CANADIAN BORDER,90464,DTX,22-JUN-11 16:25:00,EST-5,22-JUN-11 16:25:00,0,0,0,0,0.00K,0.00K,Public,1.75,NA,NA,NA,NA,NA,NA,NA,NA,NA,NA,2.81,S,LAKEPORT,2.81,S,LAKEPORT,43.08,-82.49,43.08,-82.49,A few strong to severe thunderstorms moved through Saginaw Bay and the nearshore waters of southern Lake Huron.,A severe thunderstorm which produced golf ball size hail near Fort Gratiot moved into Lake Huron.,CSV
201106,8,157,201106,8,157,54435,326937,LAKE ERIE,95,2011,June,Marine Hail,Z,40,RIPLEY TO DUNKIRK NY,95040,BUF,08-JUN-11 01:57:00,EST-5,08-JUN-11 01:57:00,0,0,0,0,NA,0.00K,Law Enforcement,1,NA,NA,NA,NA,NA,NA,NA,NA,NA,NA,0,N,DUNKIRK,0,N,DUNKIRK,42.49,-79.34,42.49,-79.34,A thunderstorm complex developed during the late evening hours of the 7th over Lake Huron then moved southeast across the lower Lakes region. As the thunderstorms crossed eastern Lake Erie during the early overnight hours they produced hail measured to one inch in diameter at Dunkirk.,NA,CSV
201106,8,1410,201106,8,1410,54369,326437,LAKE HURON,90,2011,June,Marine Hail,Z,347,5NM E OF MACKINAC BRIDGE TO PRESQUE ISLE LIGHT MI INC BOIS BLANC ISLAND,90347,APX,08-JUN-11 14:10:00,EST-5,08-JUN-11 14:10:00,0,0,0,0,0.00K,0.00K,Trained Spotter,1.25,NA,NA,NA,NA,NA,NA,NA,NA,NA,NA,0.54,NNE,ROGERS CITY,0.54,NNE,ROGERS CITY,45.4276,-83.8071,45.4276,-83.8071,Numerous severe thunderstorms developed along and ahead of a cold front.,NA,CSV
201106,19,1632,201106,19,1632,51621,306747,ATLANTIC SOUTH,87,2011,June,Marine Hail,Z,158,CP LOOKOUT TO SURF CITY NC OUT 20NM,87158,MHX,19-JUN-11 16:32:00,EST-5,19-JUN-11 16:32:00,0,0,0,0,0.00K,0.00K,Law Enforcement,1,NA,NA,NA,NA,NA,NA,NA,NA,NA,NA,1.41,SSW,EMERALD ISLE,1.41,SSW,EMERALD ISLE,34.6829,-76.8937,34.6829,-76.8937,"A weak cold front pushed southeast into eastern North Carolina on June 19th, 2011. Weak showers and thunderstorms developed ahead of the front producing a few hail reports on the beaches of Carteret County.",Law enforcement reported nickle to quarter size hail fell in Indian Beach.,CSV
201105,29,1705,201105,29,1705,52247,311677,LAKE ERIE,95,2011,May,Marine Hail,Z,444,MICHIGAN WATERS OF LAKE ERIE FROM DETROIT RIVER TO NORTH CAPE MI,95444,DTX,29-MAY-11 17:05:00,EST-5,29-MAY-11 17:05:00,0,0,0,0,0.00K,0.00K,Trained Spotter,0.75,NA,NA,NA,NA,NA,NA,NA,NA,NA,NA,1,SE,STONY POINT,1,SE,STONY POINT,41.9898,-83.2862,41.9898,-83.2862,A thunderstorm moving through western Lake Erie produced three quarter inch hail and estimated winds to 55 mph.,NA,CSV
201106,9,2230,201106,9,2230,54172,324892,ATLANTIC NORTH,88,2011,June,Marine Hail,Z,532,CHESAPEAKE BAY SANDY PT TO N BEACH MD,88532,LWX,09-JUN-11 22:30:00,EST-5,09-JUN-11 22:30:00,0,0,0,0,NA,NA,Public,0.88,NA,NA,NA,NA,NA,NA,NA,NA,NA,NA,1.5,WNW,THOMAS POINT LIGHT,1.5,WNW,THOMAS POINT LIGHT,38.9085,-76.4656,38.9085,-76.4656,Plenty of moisture continued to rotate around high pressure over the southeastern Conus. Hot conditions combined with the moisture to cause moderate amounts of instability to develop. The instability combined with forcing from a surface trough to trigger showers and thunderstorms during the afternoon and evening hours. The moderate instability caused some thunderstorms to produce gusty winds and large hail.,Nickel sized hail was reported near Highland Beach.,CSV
201106,19,1627,201106,19,1627,51621,306746,ATLANTIC SOUTH,87,2011,June,Marine Hail,Z,158,CP LOOKOUT TO SURF CITY NC OUT 20NM,87158,MHX,19-JUN-11 16:27:00,EST-5,19-JUN-11 16:27:00,0,0,0,0,0.00K,0.00K,Broadcast Media,1.25,NA,NA,NA,NA,NA,NA,NA,NA,NA,NA,4.45,ESE,BOGUE INLET,4.45,ESE,BOGUE INLET,34.6711,-76.9599,34.6711,-76.9599,"A weak cold front pushed southeast into eastern North Carolina on June 19th, 2011. Weak showers and thunderstorms developed ahead of the front producing a few hail reports on the beaches of Carteret County.",Media reported quarter to half dollar size hail on Emerald Isle Beach.,CSV
201105,29,1950,201105,29,1950,52755,315272,LAKE ERIE,95,2011,May,Marine Hail,Z,40,RIPLEY TO DUNKIRK NY,95040,BUF,29-MAY-11 19:50:00,EST-5,29-MAY-11 19:50:00,0,0,0,0,NA,0.00K,Trained Spotter,0.88,NA,NA,NA,NA,NA,NA,NA,NA,NA,NA,0,N,RIPLEY,0,N,RIPLEY,42.28,-79.73,42.28,-79.73,A thunderstorm crossing Lake Erie dropped nickel-sized hail at Ripley.,NA,CSV
201106,8,1424,201106,8,1427,53791,322336,LAKE SUPERIOR,92,2011,June,Marine Hail,Z,250,MUNISING TO GRAND MARAIS MI,92250,MQT,08-JUN-11 14:24:00,EST-5,08-JUN-11 14:27:00,0,0,0,0,0.00K,0.00K,Park/Forest Service,1.75,NA,NA,NA,NA,NA,NA,NA,NA,NA,NA,0.84,SW,GRAND MARAIS LIGHT,0.84,SW,GRAND MARAIS LIGHT,46.67,-85.98,46.67,-85.98,A cold front moving through the area spawned severe thunderstorms at Grand Marais on the afternoon of the 8th.,Report time was radar estimated.  Exact location of the report was unknown but it was close to Grand Marais.,CSV
201106,8,1424,201106,8,1427,53791,322337,LAKE SUPERIOR,92,2011,June,Marine Hail,Z,251,GRAND MARAIS TO WHITEFISH POINT MI,92251,MQT,08-JUN-11 14:24:00,EST-5,08-JUN-11 14:27:00,0,0,0,0,0.00K,0.00K,Park/Forest Service,1.75,NA,NA,NA,NA,NA,NA,NA,NA,NA,NA,0.84,SW,GRAND MARAIS LIGHT,0.84,SW,GRAND MARAIS LIGHT,46.67,-85.98,46.67,-85.98,A cold front moving through the area spawned severe thunderstorms at Grand Marais on the afternoon of the 8th.,Report time was radar estimated.  Exact location of the report was unknown but it was close to Grand Marais.,CSV
201106,7,1717,201106,7,1717,54358,326397,LAKE SUPERIOR,92,2011,June,Marine Hail,Z,322,ST MARYS RIVER FROM POINT IROQUOIS TO E POTAGANNISSING BAY,92322,APX,07-JUN-11 17:17:00,EST-5,07-JUN-11 17:17:00,0,0,0,0,0.00K,0.00K,Trained Spotter,0.88,NA,NA,NA,NA,NA,NA,NA,NA,NA,NA,2.13,N,DE TOUR VILLAGE,2.13,N,DE TOUR VILLAGE,46.0208,-83.9071,46.0208,-83.9071,A strong thunderstorm brought hail to areas near Eastern Upper Michigan.,NA,CSV
201106,8,1041,201106,8,1041,54364,326427,LAKE MICHIGAN,91,2011,June,Marine Hail,Z,323,GRAND TRAVERSE BAY FROM GRAND TRAVERSE LIGHT TO NORWOOD MI,91323,APX,08-JUN-11 10:41:00,EST-5,08-JUN-11 10:41:00,0,0,0,0,0.00K,0.00K,Trained Spotter,1.25,NA,NA,NA,NA,NA,NA,NA,NA,NA,NA,3.43,SSW,NORWOOD,3.43,SSW,NORWOOD,45.1715,-85.405,45.1715,-85.405,Numerous severe thunderstorms developed along and ahead of a cold front.,NA,CSV
201108,24,1712,201108,24,1712,57525,345112,LAKE HURON,90,2011,August,Marine Hail,Z,443,PORT SANILAC TO PORT HURON MI,90443,DTX,24-AUG-11 17:12:00,EST-5,24-AUG-11 17:12:00,0,0,0,0,0.00K,0.00K,Trained Spotter,0.88,NA,NA,NA,NA,NA,NA,NA,NA,NA,NA,4.93,NW,LEXINGTON,4.93,NW,LEXINGTON,43.3233,-82.5952,43.3233,-82.5952,Severe thunderstorms over Sanilac county moved into Lake Huron.,NA,CSV
201108,24,1712,201108,24,1712,57525,345113,LAKE HURON,90,2011,August,Marine Hail,Z,443,PORT SANILAC TO PORT HURON MI,90443,DTX,24-AUG-11 17:12:00,EST-5,24-AUG-11 17:12:00,0,0,0,0,0.00K,0.00K,Public,1,NA,NA,NA,NA,NA,NA,NA,NA,NA,NA,4,S,LEXINGTON,4,S,LEXINGTON,43.2121,-82.53,43.2121,-82.53,Severe thunderstorms over Sanilac county moved into Lake Huron.,NA,CSV
201108,24,1712,201108,24,1712,57525,345114,LAKE HURON,90,2011,August,Marine Hail,Z,443,PORT SANILAC TO PORT HURON MI,90443,DTX,24-AUG-11 17:12:00,EST-5,24-AUG-11 17:12:00,0,0,0,0,0.00K,0.00K,Public,1,NA,NA,NA,NA,NA,NA,NA,NA,NA,NA,0,N,LEXINGTON,0,N,LEXINGTON,43.27,-82.53,43.27,-82.53,Severe thunderstorms over Sanilac county moved into Lake Huron.,NA,CSV
201107,23,1334,201107,23,1334,55853,334859,ATLANTIC NORTH,88,2011,July,Marine Hail,Z,232,NANTUCKET SOUND,88232,BOX,23-JUL-11 13:34:00,EST-5,23-JUL-11 13:34:00,0,0,0,0,0.00K,0.00K,Amateur Radio,0.75,NA,NA,NA,NA,NA,NA,NA,NA,NA,NA,0.72,S,CHATHAM LIGHT,0.72,S,CHATHAM LIGHT,41.6596,-69.9505,41.6596,-69.9505,"A cold front moved through Southern New England one day after the hottest temperatures of the year, providing a focus for showers and thunderstorms. Some of these thunderstorms became severe producing damaging winds.",NA,CSV
201107,23,1338,201107,23,1338,55853,334938,ATLANTIC NORTH,88,2011,July,Marine Hail,Z,254,COASTAL WATERS FROM PROVINCETOWN MA TO CHATHAM MA TO NANTUCKET MA OUT 20 nm values,88254,BOX,23-JUL-11 13:38:00,EST-5,23-JUL-11 13:38:00,0,0,0,0,0.00K,0.00K,Amateur Radio,0.75,NA,NA,NA,NA,NA,NA,NA,NA,NA,NA,4.15,SE,CHATHAM LIGHT,4.15,SE,CHATHAM LIGHT,41.63,-69.89,41.63,-69.89,"A cold front moved through Southern New England one day after the hottest temperatures of the year, providing a focus for showers and thunderstorms. Some of these thunderstorms became severe producing damaging winds.",NA,CSV
201105,22,1410,201105,22,1410,52815,315637,LAKE HURON,90,2011,May,Marine Hail,Z,347,5NM E OF MACKINAC BRIDGE TO PRESQUE ISLE LIGHT MI INC BOIS BLANC ISLAND,90347,APX,22-MAY-11 14:10:00,EST-5,22-MAY-11 14:10:00,0,0,0,0,0.00K,0.00K,Trained Spotter,1,NA,NA,NA,NA,NA,NA,NA,NA,NA,NA,0.83,NE,HURON BEACH,0.83,NE,HURON BEACH,45.509,-84.0986,45.509,-84.0986,Strong to severe thunderstorms moved off of Northeast Lower Michigan.,NA,CSV
201105,22,1428,201105,22,1428,52815,315643,LAKE HURON,90,2011,May,Marine Hail,Z,348,PRESQUE ISLE LIGHT TO STURGEON POINT MI INC THUNDER BAY NATIONAL MARINE SANCTUARY,90348,APX,22-MAY-11 14:28:00,EST-5,22-MAY-11 14:28:00,0,0,0,0,0.00K,0.00K,Trained Spotter,1,NA,NA,NA,NA,NA,NA,NA,NA,NA,NA,4.58,SE,PRESQUE ISLE LIGHT,4.58,SE,PRESQUE ISLE LIGHT,45.3107,-83.437,45.3107,-83.437,Strong to severe thunderstorms moved off of Northeast Lower Michigan.,NA,CSV
201105,11,1525,201105,11,1525,52801,315514,LAKE MICHIGAN,91,2011,May,Marine Hail,Z,346,MANISTEE TO POINT BETSIE MI,91346,APX,11-MAY-11 15:25:00,EST-5,11-MAY-11 15:25:00,0,0,0,0,0.00K,0.00K,Trained Spotter,1.5,NA,NA,NA,NA,NA,NA,NA,NA,NA,NA,0.64,NNE,MANISTEE,0.64,NNE,MANISTEE,44.258,-86.3436,44.258,-86.3436,A large area of thunderstorms impacted the Northern Great Lakes region for much of the 11th.,NA,CSV
201111,14,1419,201111,14,1419,58658,351762,LAKE ERIE,95,2011,November,Marine Hail,Z,444,MICHIGAN WATERS OF LAKE ERIE FROM DETROIT RIVER TO NORTH CAPE MI,95444,DTX,14-NOV-11 14:19:00,EST-5,14-NOV-11 14:19:00,0,0,0,0,0.00K,0.00K,Trained Spotter,0.88,NA,NA,NA,NA,NA,NA,NA,NA,NA,NA,4.42,SSE,STONY POINT,4.42,SSE,STONY POINT,41.94,-83.27,41.94,-83.27,A thunderstorm produced nickel size hail and estimated 40 mph wind gust.,NA,CSV
201103,31,1325,201103,31,1325,48788,285447,ATLANTIC SOUTH,87,2011,March,Marine Hail,Z,550,FLAGLER BEACH TO VOLUSIA-BREVARD COUNTY LINE 0-20NM,87550,MLB,31-MAR-11 13:25:00,EST-5,31-MAR-11 13:25:00,0,0,0,0,0.00K,0.00K,Emergency Manager,1,NA,NA,NA,NA,NA,NA,NA,NA,NA,NA,1.38,S,ORMOND BEACH,1.38,S,ORMOND BEACH,29.33,-81.07,29.33,-81.07,A squall line containing strong to locally severe thunderstorms moved across central Florida from just after sunrise though early evening. Strong wind gusts of 34 to 48 knots accompanied the storms as they spread across the intracoastal and coastal waters.,Quarter size hail fell with a thunderstorm near the intersection of US1 and Interstate 95. The severe thunderstorm spread across the intracoastal and near-shore coastal waters.,CSV
201108,21,1230,201108,21,1230,57276,344714,ATLANTIC NORTH,88,2011,August,Marine Hail,Z,538,PATAPSCO RIVER INCLUDING BALTIMORE HARBOR,88538,LWX,21-AUG-11 12:30:00,EST-5,21-AUG-11 12:30:00,0,0,0,0,NA,NA,Unknown,1.25,NA,NA,NA,NA,NA,NA,NA,NA,NA,NA,4.7,SE,BALTIMORE CITY,4.7,SE,BALTIMORE CITY,39.2401,-76.5189,39.2401,-76.5189,A cold front approached the waters from the Ohio Valley on the 21st. Warm and moist air ahead of the boundary caused an unstable atmosphere. Some thunderstorms ahead of the cold front produced gusty winds.,Half dollar sized hail was estimated.,CSV
201108,21,1240,201108,21,1240,57276,344715,ATLANTIC NORTH,88,2011,August,Marine Hail,Z,538,PATAPSCO RIVER INCLUDING BALTIMORE HARBOR,88538,LWX,21-AUG-11 12:40:00,EST-5,21-AUG-11 12:40:00,0,0,0,0,NA,NA,Unknown,1,NA,NA,NA,NA,NA,NA,NA,NA,NA,NA,4.73,SE,BALTIMORE CITY,4.73,SE,BALTIMORE CITY,39.2387,-76.5194,39.2387,-76.5194,A cold front approached the waters from the Ohio Valley on the 21st. Warm and moist air ahead of the boundary caused an unstable atmosphere. Some thunderstorms ahead of the cold front produced gusty winds.,Quarter sized hail was estimated.,CSV
201104,26,1949,201104,26,1949,50422,297102,LAKE HURON,90,2011,April,Marine Hail,Z,422,INNER SAGINAW BAY SW OF POINT AU GRES TO BAY PORT MI,90422,DTX,26-APR-11 19:49:00,EST-5,26-APR-11 19:49:00,0,0,0,0,0.00K,0.00K,Public,1,NA,NA,NA,NA,NA,NA,NA,NA,NA,NA,4.69,NNW,POINT AU GRES,4.69,NNW,POINT AU GRES,44.0329,-83.6856,44.0329,-83.6856,Thunderstorms tracking through Saginaw Bay produced 1 inch hail and wind gusts to around 50 mph.,NA,CSV
201104,10,1712,201104,10,1712,51223,303775,LAKE MICHIGAN,91,2011,April,Marine Hail,Z,345,POINT BETSIE TO SLEEPING BEAR POINT MI,91345,APX,10-APR-11 17:12:00,EST-5,10-APR-11 17:12:00,0,0,0,0,0.00K,0.00K,Trained Spotter,1,NA,NA,NA,NA,NA,NA,NA,NA,NA,NA,1,W,EMPIRE,1,W,EMPIRE,44.81,-86.0904,44.81,-86.0904,A strong upper level disturbance brought another round of strong to severe thunderstorms to central and northern Lake Michigan.,NA,CSV
201104,10,1755,201104,10,1755,51223,303776,LAKE MICHIGAN,91,2011,April,Marine Hail,Z,323,GRAND TRAVERSE BAY FROM GRAND TRAVERSE LIGHT TO NORWOOD MI,91323,APX,10-APR-11 17:55:00,EST-5,10-APR-11 17:55:00,0,0,0,0,0.00K,0.00K,Trained Spotter,1,NA,NA,NA,NA,NA,NA,NA,NA,NA,NA,7.41,S,SUTTONS BAY,7.41,S,SUTTONS BAY,44.8735,-85.6316,44.8735,-85.6316,A strong upper level disturbance brought another round of strong to severe thunderstorms to central and northern Lake Michigan.,NA,CSV
201104,10,1931,201104,10,1931,51224,303778,LAKE HURON,90,2011,April,Marine Hail,Z,349,STURGEON PT TO ALABASTER MI,90349,APX,10-APR-11 19:31:00,EST-5,10-APR-11 19:31:00,0,0,0,0,0.00K,0.00K,Trained Spotter,1,NA,NA,NA,NA,NA,NA,NA,NA,NA,NA,1.43,SE,STURGEON POINT,1.43,SE,STURGEON POINT,44.6961,-83.2585,44.6961,-83.2585,A strong upper level disturbance produced strong to severe thunderstorms over central Lake Huron.,NA,CSV
201104,10,24,201104,10,25,50374,296649,LAKE SUPERIOR,92,2011,April,Marine Hail,Z,249,MARQUETTE TO MUNISING MI,92249,MQT,10-APR-11 00:24:00,EST-5,10-APR-11 00:25:00,0,0,0,0,0.00K,0.00K,NWS Employee,0.75,NA,NA,NA,NA,NA,NA,NA,NA,NA,NA,0,N,MARQUETTE LIGHTHOUSE,0,N,MARQUETTE LIGHTHOUSE,46.55,-87.38,46.55,-87.38,A low pressure system moving from Minnesota into northwest Ontario produced thunderstorms with hail and some strong wind gusts over eastern Lake Superior on the 10th.,NA,CSV
201104,10,1847,201104,10,1849,50374,296650,LAKE SUPERIOR,92,2011,April,Marine Hail,Z,241,BLACK RIVER TO ONTONAGON MI,92241,MQT,10-APR-11 18:47:00,EST-5,10-APR-11 18:49:00,0,0,0,0,0.00K,0.00K,Trained Spotter,0.75,NA,NA,NA,NA,NA,NA,NA,NA,NA,NA,0.17,WNW,SILVER CITY,0.17,WNW,SILVER CITY,46.8308,-89.5733,46.8308,-89.5733,A low pressure system moving from Minnesota into northwest Ontario produced thunderstorms with hail and some strong wind gusts over eastern Lake Superior on the 10th.,NA,CSV
201105,18,1650,201105,18,1650,52878,316324,ATLANTIC NORTH,88,2011,May,Marine Hail,Z,536,TIDAL POTOMAC INDIAN HD TO COBB IS MD,88536,LWX,18-MAY-11 16:50:00,EST-5,18-MAY-11 16:50:00,0,0,0,0,NA,NA,Public,0.75,NA,NA,NA,NA,NA,NA,NA,NA,NA,NA,8.23,S,QUANTICO,8.23,S,QUANTICO,38.3812,-77.299,38.3812,-77.299,An upper-level low was over the waters during the 18th. Showers and thunderstorms developed due to the instability associated with the upper-level low. Isolated thunderstorms did produce gusty winds and large hail.,Penny sized hail was reported near Potomac Creek.,CSV
201105,22,1650,201105,22,1650,51655,306987,LAKE HURON,90,2011,May,Marine Hail,Z,441,PORT AUSTIN TO HARBOR BEACH MI,90441,DTX,22-MAY-11 16:50:00,EST-5,22-MAY-11 16:50:00,0,0,0,0,0.00K,0.00K,Public,1.5,NA,NA,NA,NA,NA,NA,NA,NA,NA,NA,5,NW,PORT HOPE,5,NW,PORT HOPE,43.9812,-82.7911,43.9812,-82.7911,A couple strong to severe thunderstorms moved through Saginaw Bay and the nearshore waters of Lake Huron around Port Hope.,NA,CSV
201104,10,24,201104,10,25,50374,296648,LAKE SUPERIOR,92,2011,April,Marine Hail,Z,248,HURON ISLANDS TO MARQUETTE MI,92248,MQT,10-APR-11 00:24:00,EST-5,10-APR-11 00:25:00,0,0,0,0,0.00K,0.00K,NWS Employee,0.75,NA,NA,NA,NA,NA,NA,NA,NA,NA,NA,0,N,MARQUETTE LIGHTHOUSE,0,N,MARQUETTE LIGHTHOUSE,46.55,-87.38,46.55,-87.38,A low pressure system moving from Minnesota into northwest Ontario produced thunderstorms with hail and some strong wind gusts over eastern Lake Superior on the 10th.,NA,CSV
201106,7,1738,201106,7,1738,54359,326400,LAKE HURON,90,2011,June,Marine Hail,Z,346,ST IGNACE TO FALSE DETOUR CHANNEL,90346,APX,07-JUN-11 17:38:00,EST-5,07-JUN-11 17:38:00,0,0,0,0,0.00K,0.00K,Trained Spotter,0.88,NA,NA,NA,NA,NA,NA,NA,NA,NA,NA,1.19,SE,DE TOUR VILLAGE,1.19,SE,DE TOUR VILLAGE,45.9758,-83.8961,45.9758,-83.8961,Thunderstorms impacted areas near Eastern Upper and Northeast Lower Michigan.,NA,CSV
201109,12,1852,201109,12,1857,57863,347146,LAKE SUPERIOR,92,2011,September,Marine Hail,Z,242,ONTONAGON TO UPPER ENTRANCE OF PORTAGE CANAL MI,92242,MQT,12-SEP-11 18:52:00,EST-5,12-SEP-11 18:57:00,0,0,0,0,0.00K,0.00K,Trained Spotter,1,NA,NA,NA,NA,NA,NA,NA,NA,NA,NA,0.4,ESE,ONTONAGON LIGHT,0.4,ESE,ONTONAGON LIGHT,46.8769,-89.323,46.8769,-89.323,A powerful cold front produced strong to severe thunderstorms over Lake Superior on the evening of the 12th.,Quarter and dime-sized hail were reported.  Thunderstorms wind gusts estimated up to 65 mph also brought down several large branches.,CSV
201106,29,1427,201106,29,1430,54754,329011,ATLANTIC SOUTH,87,2011,June,Marine Hail,Z,252,CAPE FEAR NC TO LITTLE RIVER INLET SC,87252,ILM,29-JUN-11 14:27:00,EST-5,29-JUN-11 14:30:00,0,0,0,0,0.00K,0.00K,Public,0.75,NA,NA,NA,NA,NA,NA,NA,NA,NA,NA,53.84,NE,LOCKWOOD FOLLY INLET,53.84,NE,LOCKWOOD FOLLY INLET,34.4248,-77.5422,34.4248,-77.5422,Pulse severe storms produced hail and gusty winds near the coast.,Penny size hail was reported at Surf City Beach.,CSV
201106,29,1515,201106,29,1518,54754,329015,ATLANTIC SOUTH,87,2011,June,Marine Hail,Z,252,CAPE FEAR NC TO LITTLE RIVER INLET SC,87252,ILM,29-JUN-11 15:15:00,EST-5,29-JUN-11 15:18:00,0,0,0,0,NA,0.00K,Public,1.75,NA,NA,NA,NA,NA,NA,NA,NA,NA,NA,33.29,NE,LOCKWOOD FOLLY INLET,33.29,NE,LOCKWOOD FOLLY INLET,34.2083,-77.7953,34.2083,-77.7953,Pulse severe storms produced hail and gusty winds near the coast.,Golfball size hail was reported at Wrightsville Beach.,CSV
201106,1,1807,201106,1,1807,54365,326432,ATLANTIC NORTH,88,2011,June,Marine Hail,Z,350,MONTAUK POINT TO MORICHES INLET NY OUT 20NM,88350,OKX,01-JUN-11 18:07:00,EST-5,01-JUN-11 18:07:00,0,0,0,0,NA,NA,Trained Spotter,1,NA,NA,NA,NA,NA,NA,NA,NA,NA,NA,2.63,E,EAST HAMPTON AIRPORT,2.63,E,EAST HAMPTON AIRPORT,40.945,-72.2,40.945,-72.2,"A passing cold front triggered isolated strong to severe thunderstorms that impacted New York Harbor, Eastern Long Island Sound and the coastal ocean waters south of the Twin Forks of Long Island.",NA,CSV
201106,1,1626,201106,1,1626,54365,326421,ATLANTIC NORTH,88,2011,June,Marine Hail,Z,330,LONG ISLAND SOUND E OF NEW HAVEN CT TO PORT JEFFERSON NY,88330,OKX,01-JUN-11 16:26:00,EST-5,01-JUN-11 16:26:00,0,0,0,0,NA,NA,Trained Spotter,0.75,NA,NA,NA,NA,NA,NA,NA,NA,NA,NA,4.15,E,CLINTON HARBOR,4.15,E,CLINTON HARBOR,41.28,-72.45,41.28,-72.45,"A passing cold front triggered isolated strong to severe thunderstorms that impacted New York Harbor, Eastern Long Island Sound and the coastal ocean waters south of the Twin Forks of Long Island.",NA,CSV
201106,1,1700,201106,1,1700,54365,326429,ATLANTIC NORTH,88,2011,June,Marine Hail,Z,330,LONG ISLAND SOUND E OF NEW HAVEN CT TO PORT JEFFERSON NY,88330,OKX,01-JUN-11 17:00:00,EST-5,01-JUN-11 17:00:00,0,0,0,0,NA,NA,Trained Spotter,1,NA,NA,NA,NA,NA,NA,NA,NA,NA,NA,4.37,ENE,GROTON AIRPORT,4.37,ENE,GROTON AIRPORT,41.35,-71.97,41.35,-71.97,"A passing cold front triggered isolated strong to severe thunderstorms that impacted New York Harbor, Eastern Long Island Sound and the coastal ocean waters south of the Twin Forks of Long Island.",NA,CSV
201109,12,1622,201109,12,1622,55396,333689,ATLANTIC SOUTH,87,2011,September,Marine Hail,Z,555,SEBASTIAN INLET TO JUPITER INLET 0-20NM,87555,MLB,12-SEP-11 16:22:00,EST-5,12-SEP-11 16:22:00,0,0,0,0,0.00K,0.00K,Other Federal Agency,0.88,NA,NA,NA,NA,NA,NA,NA,NA,NA,NA,12.01,E,VERO BEACH,12.01,E,VERO BEACH,27.656,-80.376,27.656,-80.376,"An afternoon thunderstorm formed between the east coast and Lake Okeechobee, producing severe winds as it moved off the Indian River County coast and into the Atlantic.",Observers at the Vero Beach Municipal Airport control tower reported dime to nickel sized hail as a strong thunderstorm pushed across the intracoastal waterway before moving offshore.,CSV
201108,24,1905,201108,24,1905,57527,345116,LAKE ST CLAIR,81,2011,August,Marine Hail,Z,422,ST CLAIR RIVER,81422,DTX,24-AUG-11 19:05:00,EST-5,24-AUG-11 19:05:00,0,0,0,0,0.00K,0.00K,Trained Spotter,1.75,NA,NA,NA,NA,NA,NA,NA,NA,NA,NA,0,N,MARYSVILLE,0,N,MARYSVILLE,42.9,-82.48,42.9,-82.48,A few strong to severe storms moved into Lake St. Clair and the adjacent rivers.,NA,CSV
201108,24,1937,201108,24,1938,57527,345117,LAKE ST CLAIR,81,2011,August,Marine Hail,Z,460,LAKE ST CLAIR (U.S. PORTION),81460,DTX,24-AUG-11 19:37:00,EST-5,24-AUG-11 19:38:00,0,0,0,0,0.00K,0.00K,ASOS,1,NA,NA,NA,NA,NA,NA,NA,NA,NA,NA,6.78,SW,NEW BALTIMORE,6.57,SSW,NEW BALTIMORE,42.6128,-82.8273,42.6,-82.8,A few strong to severe storms moved into Lake St. Clair and the adjacent rivers.,NA,CSV
201108,1,1515,201108,1,1515,57646,345957,ATLANTIC NORTH,88,2011,August,Marine Hail,Z,335,LONG ISLAND SOUND W OF NEW HAVEN CT TO PORT JEFFERSON NY,88335,OKX,01-AUG-11 15:15:00,EST-5,01-AUG-11 15:15:00,0,0,0,0,NA,NA,Trained Spotter,1.75,NA,NA,NA,NA,NA,NA,NA,NA,NA,NA,2.55,ESE,KINGS POINT,2.55,ESE,KINGS POINT,40.8007,-73.7285,40.8007,-73.7285,A passing cold front and mid level shortwave combined to produce strong to severe thunderstorms across the waters around Long Island.,NA,CSV
201106,1,1754,201106,1,1802,54171,324878,ATLANTIC NORTH,88,2011,June,Marine Hail,Z,535,TIDAL POTOMAC KEY BRIDGE TO INDIAN HD MD,88535,LWX,01-JUN-11 17:54:00,EST-5,01-JUN-11 18:02:00,0,0,0,0,NA,NA,ASOS,0.75,NA,NA,NA,NA,NA,NA,NA,NA,NA,NA,0.73,E,(DCA)REAGAN NATIONAL AIRPORT,0.73,E,(DCA)REAGAN NATIONAL AIRPORT,38.8483,-77.0266,38.8483,-77.0266,A cold front passed through the waters on the first. Warm and humid conditions ahead of the front allowed moderate amounts of instability to develop. The instability combined with forcing from the front to trigger showers and thunderstorms. Some thunderstorms were able to produce gusty winds and large hail.,Penny sized hail was reported at the Reagan National Airport.,CSV
201106,1,1753,201106,1,1753,54171,324877,ATLANTIC NORTH,88,2011,June,Marine Hail,Z,535,TIDAL POTOMAC KEY BRIDGE TO INDIAN HD MD,88535,LWX,01-JUN-11 17:53:00,EST-5,01-JUN-11 17:53:00,0,0,0,0,NA,NA,NWS Employee,1,NA,NA,NA,NA,NA,NA,NA,NA,NA,NA,1.16,SSW,(DCA)REAGAN NATIONAL AIRPORT,1.16,SSW,(DCA)REAGAN NATIONAL AIRPORT,38.8356,-77.0512,38.8356,-77.0512,A cold front passed through the waters on the first. Warm and humid conditions ahead of the front allowed moderate amounts of instability to develop. The instability combined with forcing from the front to trigger showers and thunderstorms. Some thunderstorms were able to produce gusty winds and large hail.,Quarter sized hail was reported near Reagan National Airport.,CSV
201108,21,1240,201108,21,1240,56985,341376,LAKE HURON,90,2011,August,Marine Hail,Z,349,STURGEON PT TO ALABASTER MI,90349,APX,21-AUG-11 12:40:00,EST-5,21-AUG-11 12:40:00,0,0,0,0,0.00K,0.00K,Trained Spotter,1.75,NA,NA,NA,NA,NA,NA,NA,NA,NA,NA,1.6,NNE,GREENBUSH,1.6,NNE,GREENBUSH,44.59,-83.3038,44.59,-83.3038,A line of thunderstorms crossed Northern Lake Huron.,NA,CSV
201108,18,1615,201108,18,1615,57117,342174,LAKE ST CLAIR,81,2011,August,Marine Hail,Z,423,DETROIT RIVER,81423,DTX,18-AUG-11 16:15:00,EST-5,18-AUG-11 16:15:00,0,0,0,0,0.00K,0.00K,Trained Spotter,0.88,NA,NA,NA,NA,NA,NA,NA,NA,NA,NA,3,S,WYANDOTTE,3,S,WYANDOTTE,42.1566,-83.17,42.1566,-83.17,"A thunderstorm over Detroit moved into the Detroit River, while a second storm near Wyandotte also moved over the Detroit River.",NA,CSV
201205,15,1341,201205,15,1341,64382,385815,GULF OF MEXICO,85,2012,May,Marine Hail,Z,230,CORPUS CHRISTI TO BAFFIN BAY,85230,CRP,15-MAY-12 13:41:00,CST-6,15-MAY-12 13:41:00,0,0,0,0,NA,NA,Public,0.75,NA,NA,NA,NA,NA,NA,NA,NA,NA,NA,3.9,NW,PORT ARANSAS,3.9,NW,PORT ARANSAS,27.8762,-97.1068,27.8762,-97.1068,The strong to severe thunderstorms that formed over the Coastal Bend moved into the coastal waters in the afternoon. The storms produced strong winds over portions of the coastal waters.,Public reported dime sized hail occurred near causeway over Redfish Bay.,CSV
201205,10,1357,201205,10,1357,64372,386952,GULF OF MEXICO,85,2012,May,Marine Hail,Z,230,CORPUS CHRISTI TO BAFFIN BAY,85230,CRP,10-MAY-12 13:57:00,CST-6,10-MAY-12 13:57:00,0,0,0,0,0.00K,0.00K,Other Federal Agency,1,NA,NA,NA,NA,NA,NA,NA,NA,NA,NA,9.43,NNW,BOB HALL PIER,9.43,NNW,BOB HALL PIER,27.7076,-97.2846,27.7076,-97.2846,"A long track supercell thunderstorm moved into the coastal waters during the afternoon of May 10th. This storm produced damaging winds and large hail. Later that night, a severe squall line moved through the Coastal Bend and coastal waters of the Middle Texas Coast. The squall line produced widespread wind gusts of 60 to 75 mph.",Quarter sized hail occurred at Corpus Christi Naval Air Station.,CSV
201205,10,1424,201205,10,1424,64372,386958,GULF OF MEXICO,85,2012,May,Marine Hail,Z,250,PT ARANSAS TO BAFFIN BAY TX OUT 20NM,85250,CRP,10-MAY-12 14:24:00,CST-6,10-MAY-12 14:24:00,0,0,0,0,0.00K,0.00K,Park/Forest Service,1.25,NA,NA,NA,NA,NA,NA,NA,NA,NA,NA,7.23,NNE,BOB HALL PIER,7.23,NNE,BOB HALL PIER,27.669,-97.1677,27.669,-97.1677,"A long track supercell thunderstorm moved into the coastal waters during the afternoon of May 10th. This storm produced damaging winds and large hail. Later that night, a severe squall line moved through the Coastal Bend and coastal waters of the Middle Texas Coast. The squall line produced widespread wind gusts of 60 to 75 mph.",Half dollar sized hail reported at Mustang Island State Park beach.,CSV
201204,16,1111,201204,16,1115,63143,378605,GULF OF MEXICO,85,2012,April,Marine Hail,Z,230,CORPUS CHRISTI TO BAFFIN BAY,85230,CRP,16-APR-12 11:11:00,CST-6,16-APR-12 11:15:00,0,0,0,0,25.00K,0.00K,Public,1.25,NA,NA,NA,NA,NA,NA,NA,NA,NA,NA,4.86,NW,BOB HALL PIER,3.58,NNE,BOB HALL PIER,27.6374,-97.2757,27.6295,-97.2125,The strong to severe thunderstorms that developed near a stalled frontal boundary over the Coastal Bend eventually moved into the coastal waters south of Corpus Christi Bay. Wind gusts of 50 to 60 mph occurred along with large hail.,Half dollar sized hail occurred over North Padre Island.,CSV
201204,16,1128,201204,16,1135,63143,378606,GULF OF MEXICO,85,2012,April,Marine Hail,Z,250,PT ARANSAS TO BAFFIN BAY TX OUT 20NM,85250,CRP,16-APR-12 11:28:00,CST-6,16-APR-12 11:35:00,0,0,0,0,0.00K,0.00K,Public,1.5,NA,NA,NA,NA,NA,NA,NA,NA,NA,NA,2.46,NE,BOB HALL PIER,2.6,NE,BOB HALL PIER,27.6078,-97.205,27.603,-97.1964,The strong to severe thunderstorms that developed near a stalled frontal boundary over the Coastal Bend eventually moved into the coastal waters south of Corpus Christi Bay. Wind gusts of 50 to 60 mph occurred along with large hail.,Ping pong ball sized hail occurred at the Holiday Inn beach on North Padre Island.,CSV
201204,20,1603,201204,20,1607,63145,378616,GULF OF MEXICO,85,2012,April,Marine Hail,Z,250,PT ARANSAS TO BAFFIN BAY TX OUT 20NM,85250,CRP,20-APR-12 16:03:00,CST-6,20-APR-12 16:07:00,0,0,0,0,0.00K,0.00K,Public,1,NA,NA,NA,NA,NA,NA,NA,NA,NA,NA,6.68,NNE,BOB HALL PIER,6.56,NE,BOB HALL PIER,27.6647,-97.1775,27.6556,-97.1652,Strong thunderstorms over the Coastal Bend moved into the coastal waters and produced strong winds.,Public reported quarter sized hail on Mustang Island beach.,CSV
201204,20,1628,201204,20,1635,63145,378617,GULF OF MEXICO,85,2012,April,Marine Hail,Z,250,PT ARANSAS TO BAFFIN BAY TX OUT 20NM,85250,CRP,20-APR-12 16:28:00,CST-6,20-APR-12 16:35:00,0,0,0,0,0.00K,0.00K,Park/Forest Service,1,NA,NA,NA,NA,NA,NA,NA,NA,NA,NA,3.67,SSE,SOUTH BIRD ISLAND,4.37,SE,SOUTH BIRD ISLAND,27.4316,-97.2956,27.4291,-97.2778,Strong thunderstorms over the Coastal Bend moved into the coastal waters and produced strong winds.,Quarter sized hail fell on the Padre Island National Seashore north of Malaquite Beach.,CSV
201204,4,1428,201204,4,1430,63244,378618,GULF OF MEXICO,85,2012,April,Marine Hail,Z,235,PT O'CONNOR TO ARANSAS PASS,85235,CRP,04-APR-12 14:28:00,CST-6,04-APR-12 14:30:00,0,0,0,0,10.00K,0.00K,County Official,1.75,NA,NA,NA,NA,NA,NA,NA,NA,NA,NA,7.59,WSW,SEADRIFT,4.44,WSW,SEADRIFT,28.3896,-96.84,28.3915,-96.7854,Severe storms over the northern Coastal Bend affected portions of San Antonio Bay in the afternoon.,Golf ball sized hail occurred in Austwell with storm moving into San Antonio Bay.,CSV
201204,4,1445,201204,4,1450,63244,378619,GULF OF MEXICO,85,2012,April,Marine Hail,Z,235,PT O'CONNOR TO ARANSAS PASS,85235,CRP,04-APR-12 14:45:00,CST-6,04-APR-12 14:50:00,0,0,0,0,5.00K,0.00K,Public,1,NA,NA,NA,NA,NA,NA,NA,NA,NA,NA,3.38,SW,SEADRIFT,1.45,SE,SEADRIFT,28.3867,-96.7607,28.4054,-96.703,Severe storms over the northern Coastal Bend affected portions of San Antonio Bay in the afternoon.,Quarter sized hail occurred in Seadrift after storm moved across San Antonio Bay.,CSV
201203,17,211,201203,17,225,63408,379589,LAKE SUPERIOR,92,2012,March,Marine Hail,Z,246,POINT ISABELLE TO LOWER ENTRANCE OF PORTAGE CANAL MI,92246,MQT,17-MAR-12 02:11:00,EST-5,17-MAR-12 02:25:00,0,0,0,0,0.00K,0.00K,Trained Spotter,0.75,NA,NA,NA,NA,NA,NA,NA,NA,NA,NA,0.84,SW,KEWEENAW LOWER ENTRANCE LIGHT,0.84,SW,KEWEENAW LOWER ENTRANCE LIGHT,46.96,-88.44,46.96,-88.44,An isolated severe thunderstorm dropped large hail over Keweenaw Bay on the morning of the 17th.,A spotter near Chassell measured three-quarter inch diameter hail at 210 am EST.,CSV
201203,17,211,201203,17,225,63408,379590,LAKE SUPERIOR,92,2012,March,Marine Hail,Z,247,PORTAGE LAKE TO HURON IS MI TO LOWER ENTRANCE OF PORTAGE CANAL TO HURON IS INC KEWEENAW AND HURON BAYS,92247,MQT,17-MAR-12 02:11:00,EST-5,17-MAR-12 02:25:00,0,0,0,0,0.00K,0.00K,Trained Spotter,0.75,NA,NA,NA,NA,NA,NA,NA,NA,NA,NA,2.28,SSW,KEWEENAW LOWER ENTRANCE LIGHT,2.28,SSW,KEWEENAW LOWER ENTRANCE LIGHT,46.94,-88.45,46.94,-88.45,An isolated severe thunderstorm dropped large hail over Keweenaw Bay on the morning of the 17th.,A spotter near Chassell measured three-quarter inch diameter hail at 210 am EST.,CSV
201205,1,1915,201205,1,1915,64093,383803,ATLANTIC SOUTH,87,2012,May,Marine Hail,Z,135,PAMLICO SOUND,87135,MHX,01-MAY-12 19:15:00,EST-5,01-MAY-12 19:15:00,0,0,0,0,0.00K,0.00K,Public,1,NA,NA,NA,NA,NA,NA,NA,NA,NA,NA,17.87,WNW,SWANQUARTER,17.87,WNW,SWANQUARTER,35.5331,-76.6156,35.5331,-76.6156,"Two weak upper level disturbances crossed through northeastern North Carolina during the early evening hours of May 1st and May 2nd, 2012. A few severe storms occurred which produced marine thunderstorm wind gusts.",Public reported quarter size hail along East Water Street.,CSV
201206,1,1510,201206,1,1510,65518,395699,ATLANTIC NORTH,88,2012,June,Marine Hail,Z,536,TIDAL POTOMAC INDIAN HD TO COBB IS MD,88536,LWX,01-JUN-12 15:10:00,EST-5,01-JUN-12 15:10:00,0,0,0,0,NA,NA,Trained Spotter,0.75,NA,NA,NA,NA,NA,NA,NA,NA,NA,NA,12.27,NE,QUANTICO,12.27,NE,QUANTICO,38.6319,-77.158,38.6319,-77.158,"Low pressure tracked through the Ohio Valley and into the Great Lakes. The warm front associated with this system passed through the waters during the first. Plenty of moisture from the Gulf of Mexico and the Atlantic Ocean combined with strong forcing associated with the warm front, causing thunderstorms to develop. Moderate instability along with strong forcing caused some thunderstorms to produce gusty winds.",Penny sized hail was reported nearby.,CSV
201206,22,1542,201206,22,1542,65521,395701,ATLANTIC NORTH,88,2012,June,Marine Hail,Z,533,CHESAPEAKE BAY N BEACH TO DRUM PT MD,88533,LWX,22-JUN-12 15:42:00,EST-5,22-JUN-12 15:42:00,0,0,0,0,NA,NA,Trained Spotter,0.75,NA,NA,NA,NA,NA,NA,NA,NA,NA,NA,9.19,S,CHESAPEAKE BEACH,9.19,S,CHESAPEAKE BEACH,38.5589,-76.5108,38.5589,-76.5108,A trough of low pressure triggered showers and thunderstorms during the 22nd. Moderate amounts of instability caused thunderstorms to produce gusty winds.,Penny sized hail was reported.,CSV
201205,3,1235,201205,3,1235,64583,386335,LAKE MICHIGAN,91,2012,May,Marine Hail,Z,323,GRAND TRAVERSE BAY FROM GRAND TRAVERSE LIGHT TO NORWOOD MI,91323,APX,03-MAY-12 12:35:00,EST-5,03-MAY-12 12:35:00,0,0,0,0,0.00K,0.00K,Trained Spotter,1,NA,NA,NA,NA,NA,NA,NA,NA,NA,NA,5.31,E,TRAVERSE CITY,5.31,E,TRAVERSE CITY,44.7702,-85.5128,44.7702,-85.5128,Thunderstorms produced wind and hail along the Northwest Lower Michigan coast.,NA,CSV
201203,15,1431,201203,15,1431,62133,371718,LAKE HURON,90,2012,March,Marine Hail,Z,441,PORT AUSTIN TO HARBOR BEACH MI,90441,DTX,15-MAR-12 14:31:00,EST-5,15-MAR-12 14:31:00,0,0,0,0,0.00K,0.00K,Coast Guard,1,NA,NA,NA,NA,NA,NA,NA,NA,NA,NA,1,NNE,HARBOR BEACH,1,NNE,HARBOR BEACH,43.8634,-82.6323,43.8634,-82.6323,Thunderstorms producing large hail moved through Saginaw Bay and southern Lake Huron.,NA,CSV
201203,15,1431,201203,15,1431,62133,371719,LAKE HURON,90,2012,March,Marine Hail,Z,442,HARBOR BEACH TO PORT SANILAC MI,90442,DTX,15-MAR-12 14:31:00,EST-5,15-MAR-12 14:31:00,0,0,0,0,0.00K,0.00K,Coast Guard,1,NA,NA,NA,NA,NA,NA,NA,NA,NA,NA,1,NNE,HARBOR BEACH,1,NNE,HARBOR BEACH,43.8634,-82.6323,43.8634,-82.6323,Thunderstorms producing large hail moved through Saginaw Bay and southern Lake Huron.,NA,CSV
201206,18,1329,201206,18,1329,65853,394784,LAKE MICHIGAN,91,2012,June,Marine Hail,Z,341,SEUL CHOIX POINT MI TO 5NM W OF MACKINAC BRIDGE,91341,APX,18-JUN-12 13:29:00,EST-5,18-JUN-12 13:29:00,0,0,0,0,0.00K,0.00K,Public,1.5,NA,NA,NA,NA,NA,NA,NA,NA,NA,NA,0.97,NE,SEUL CHOIX POINT,0.97,NE,SEUL CHOIX POINT,45.9292,-85.9049,45.9292,-85.9049,Strong to severe thunderstorms impacted Northern Lake Michigan during the afternoon and evening.,NA,CSV
201203,15,1545,201203,15,1545,62133,371722,LAKE HURON,90,2012,March,Marine Hail,Z,422,INNER SAGINAW BAY SW OF POINT AU GRES TO BAY PORT MI,90422,DTX,15-MAR-12 15:45:00,EST-5,15-MAR-12 15:45:00,0,0,0,0,0.00K,0.00K,Trained Spotter,3,NA,NA,NA,NA,NA,NA,NA,NA,NA,NA,4.23,WNW,SAGINAW RIVER MOUTH,4.23,WNW,SAGINAW RIVER MOUTH,43.67,-83.91,43.67,-83.91,Thunderstorms producing large hail moved through Saginaw Bay and southern Lake Huron.,NA,CSV
201203,15,1550,201203,15,1550,62133,371723,LAKE HURON,90,2012,March,Marine Hail,Z,422,INNER SAGINAW BAY SW OF POINT AU GRES TO BAY PORT MI,90422,DTX,15-MAR-12 15:50:00,EST-5,15-MAR-12 15:50:00,0,0,0,0,0.00K,0.00K,Trained Spotter,2,NA,NA,NA,NA,NA,NA,NA,NA,NA,NA,4.23,WNW,SAGINAW RIVER MOUTH,4.23,WNW,SAGINAW RIVER MOUTH,43.67,-83.91,43.67,-83.91,Thunderstorms producing large hail moved through Saginaw Bay and southern Lake Huron.,NA,CSV
201203,15,2000,201203,15,2000,62133,371725,LAKE HURON,90,2012,March,Marine Hail,Z,422,INNER SAGINAW BAY SW OF POINT AU GRES TO BAY PORT MI,90422,DTX,15-MAR-12 20:00:00,EST-5,15-MAR-12 20:00:00,0,0,0,0,0.00K,0.00K,Trained Spotter,1,NA,NA,NA,NA,NA,NA,NA,NA,NA,NA,8.74,S,PINCONNING,8.74,S,PINCONNING,43.7237,-83.9809,43.7237,-83.9809,Thunderstorms producing large hail moved through Saginaw Bay and southern Lake Huron.,NA,CSV
201207,30,1730,201207,30,1733,67465,404503,LAKE MICHIGAN,91,2012,July,Marine Hail,Z,221,GREEN BAY N FROM CEDAR RIVER MI TO ROCK ISLAND PASSAGE,91221,MQT,30-JUL-12 17:30:00,EST-5,30-JUL-12 17:33:00,0,0,0,0,0.00K,0.00K,Public,1,NA,NA,NA,NA,NA,NA,NA,NA,NA,NA,0.69,S,GLADSTONE,0.69,S,GLADSTONE,45.84,-87.02,45.84,-87.02,A severe thunderstorm near Gladstone produced one inch hail on the evening of the 30th.,The spotter in Gladstone reported one inch hail.,CSV
201205,19,1450,201205,19,1500,62730,375107,ATLANTIC SOUTH,87,2012,May,Marine Hail,Z,555,SEBASTIAN INLET TO JUPITER INLET 0-20NM,87555,MLB,19-MAY-12 14:50:00,EST-5,19-MAY-12 15:00:00,0,0,0,0,0.00K,0.00K,Trained Spotter,1,NA,NA,NA,NA,NA,NA,NA,NA,NA,NA,2.23,SSW,STUART,2.23,SSW,STUART,27.1699,-80.2633,27.1699,-80.2633,Strong to severe thunderstorms moved north across the Martin County coastline. Severe hail fell from this activity as cold temperatures aloft made for a very unstable atmosphere.,A SKYWARN spotter in Palm City reported quarter sized hail from a thunderstorm before it moved offshore into the coastal waters.,CSV
201205,22,1402,201205,22,1402,62613,375112,ATLANTIC SOUTH,87,2012,May,Marine Hail,Z,555,SEBASTIAN INLET TO JUPITER INLET 0-20NM,87555,MLB,22-MAY-12 14:02:00,EST-5,22-MAY-12 14:02:00,0,0,0,0,0.00K,0.00K,Trained Spotter,1,NA,NA,NA,NA,NA,NA,NA,NA,NA,NA,4.44,NNW,ST. LUCIE INLET,4.44,NNW,ST. LUCIE INLET,27.5356,-80.3562,27.5356,-80.3562,"Wet season-like thunderstorms formed during the afternoon across the central Florida peninsula and moved northeast, producing strong wind gusts along the east coast as they interacted with the east coast sea breeze before moving over the Atlantic waters. Large hail also occurred.",A SKYWARN spotter reported quarter sized hail in Lakewood Park before a thunderstorm moved across the intracoastal waters and into the Atlantic.,CSV
201205,17,1838,201205,17,1838,62620,375091,ATLANTIC SOUTH,87,2012,May,Marine Hail,Z,552,VOLUSIA-BREVARD COUNTY LINE TO SEBASTIAN INLET 0-20NM,87552,MLB,17-MAY-12 18:38:00,EST-5,17-MAY-12 18:38:00,0,0,0,0,0.00K,0.00K,Public,1,NA,NA,NA,NA,NA,NA,NA,NA,NA,NA,4.19,N,MERRITT ISLAND,4.19,N,MERRITT ISLAND,28.41,-80.71,28.41,-80.71,"The east coast sea breeze formed in the early afternoon and propagated inland, eventually colliding with the west coast sea breeze over the central peninsula.  Storms moved to the east to the coast where they produced strong winds as they moved offshore into the Atlantic waters.",A citizen reported quarter sized hail northeast of Cocoa as a severe thunderstorm moved offshore into the coastal waters.,CSV
201206,22,1403,201206,22,1403,63935,382936,LAKE MICHIGAN,91,2012,June,Marine Hail,Z,643,SHEBOYGAN TO PT WASHINGTON WI,91643,MKX,22-JUN-12 14:03:00,CST-6,22-JUN-12 14:03:00,0,0,0,0,0.00K,0.00K,Trained Spotter,1,NA,NA,NA,NA,NA,NA,NA,NA,NA,NA,1,N,HARRINGTON BCH ST PRK,1,N,HARRINGTON BCH ST PRK,43.4845,-87.83,43.4845,-87.83,An isolated strong thunderstorm produced large hail on the shore areas of Lake Michigan.,Trained spotter reported 1 inch hail 1 mile north of Harrington Beach State Park.,CSV
201207,1,1459,201207,1,1459,63895,382648,ATLANTIC SOUTH,87,2012,July,Marine Hail,Z,135,PAMLICO SOUND,87135,MHX,01-JUL-12 14:59:00,EST-5,01-JUL-12 14:59:00,0,0,0,0,0.00K,0.00K,Other Federal Agency,1,NA,NA,NA,NA,NA,NA,NA,NA,NA,NA,3.95,NE,CEDAR ISLAND,3.95,NE,CEDAR ISLAND,35.0167,-76.3165,35.0167,-76.3165,Convection developed across the Piedmont of North Carolina during the afternoon hours of July 1st. The storms formed into a line of severe thunderstorms similar to a derecho which caused numerous marine thunderstorm wind gusts over 40 knots and capsized vessels in the Pamlico River near Washington.,Cedar Island ferry terminal reported hail the size of quarters.,CSV
201205,10,1412,201205,10,1412,64372,386957,GULF OF MEXICO,85,2012,May,Marine Hail,Z,250,PT ARANSAS TO BAFFIN BAY TX OUT 20NM,85250,CRP,10-MAY-12 14:12:00,CST-6,10-MAY-12 14:12:00,0,0,0,0,0.00K,0.00K,Park/Forest Service,1,NA,NA,NA,NA,NA,NA,NA,NA,NA,NA,7.23,NNE,BOB HALL PIER,7.23,NNE,BOB HALL PIER,27.669,-97.1677,27.669,-97.1677,"A long track supercell thunderstorm moved into the coastal waters during the afternoon of May 10th. This storm produced damaging winds and large hail. Later that night, a severe squall line moved through the Coastal Bend and coastal waters of the Middle Texas Coast. The squall line produced widespread wind gusts of 60 to 75 mph.",Quarter sized hail reported at Mustang Island State Park beach.,CSV
201206,18,1329,201206,18,1331,65995,395945,LAKE MICHIGAN,91,2012,June,Marine Hail,Z,248,SEUL CHOIX POINT TO POINT DETOUR MI,91248,MQT,18-JUN-12 13:29:00,EST-5,18-JUN-12 13:31:00,0,0,0,0,0.00K,0.00K,Mesonet,1.5,NA,NA,NA,NA,NA,NA,NA,NA,NA,NA,15.93,E,MANISTIQUE LIGHT,15.93,E,MANISTIQUE LIGHT,45.9204,-85.9112,45.9204,-85.9112,An upper disturbance moving through a warm and unstable air mass produced severe thunderstorms over northern Lake Michigan on the 18th.,Large hail was reported at the Seul Choix Point Lighthouse.,CSV
201205,20,1821,201205,20,1830,63410,379594,LAKE SUPERIOR,92,2012,May,Marine Hail,Z,249,MARQUETTE TO MUNISING MI,92249,MQT,20-MAY-12 18:21:00,EST-5,20-MAY-12 18:30:00,0,0,0,0,0.00K,0.00K,Trained Spotter,0.75,NA,NA,NA,NA,NA,NA,NA,NA,NA,NA,1.09,SSW,SHOT POINT,1.09,SSW,SHOT POINT,46.4957,-87.1794,46.4957,-87.1794,The passage of a strong cold front produced severe thunderstorms over nearshore portions of Lake Superior on the afternoon of the 20th.,The spotter near Shot Point measured 0.75 inch diameter hail.,CSV
201206,18,1435,201206,18,1438,65995,395961,LAKE MICHIGAN,91,2012,June,Marine Hail,Z,221,GREEN BAY N FROM CEDAR RIVER MI TO ROCK ISLAND PASSAGE,91221,MQT,18-JUN-12 14:35:00,EST-5,18-JUN-12 14:38:00,0,0,0,0,0.00K,0.00K,COOP Observer,2,NA,NA,NA,NA,NA,NA,NA,NA,NA,NA,0,N,GLADSTONE,0,N,GLADSTONE,45.85,-87.02,45.85,-87.02,An upper disturbance moving through a warm and unstable air mass produced severe thunderstorms over northern Lake Michigan on the 18th.,Two inch diameter hail was measured by the observer in Gladstone.,CSV
201205,20,1512,201205,20,1525,63410,379592,LAKE SUPERIOR,92,2012,May,Marine Hail,Z,246,POINT ISABELLE TO LOWER ENTRANCE OF PORTAGE CANAL MI,92246,MQT,20-MAY-12 15:12:00,EST-5,20-MAY-12 15:25:00,0,0,0,0,0.00K,0.00K,Trained Spotter,0.75,NA,NA,NA,NA,NA,NA,NA,NA,NA,NA,0.84,SW,KEWEENAW LOWER ENTRANCE LIGHT,0.84,SW,KEWEENAW LOWER ENTRANCE LIGHT,46.96,-88.44,46.96,-88.44,The passage of a strong cold front produced severe thunderstorms over nearshore portions of Lake Superior on the afternoon of the 20th.,The spotter near Chassell measured 0.75 inch diameter hail at 15:10 EST.,CSV
201205,20,1512,201205,20,1525,63410,379593,LAKE SUPERIOR,92,2012,May,Marine Hail,Z,247,PORTAGE LAKE TO HURON IS MI TO LOWER ENTRANCE OF PORTAGE CANAL TO HURON IS INC KEWEENAW AND HURON BAYS,92247,MQT,20-MAY-12 15:12:00,EST-5,20-MAY-12 15:25:00,0,0,0,0,0.00K,0.00K,Trained Spotter,0.75,NA,NA,NA,NA,NA,NA,NA,NA,NA,NA,1.02,SW,KEWEENAW LOWER ENTRANCE LIGHT,1.02,SW,KEWEENAW LOWER ENTRANCE LIGHT,46.9597,-88.4454,46.9597,-88.4454,The passage of a strong cold front produced severe thunderstorms over nearshore portions of Lake Superior on the afternoon of the 20th.,The spotter near Chassell measured 0.75 inch diameter hail at 15:10 EST.,CSV
201203,15,1530,201203,15,1530,62133,371721,LAKE HURON,90,2012,March,Marine Hail,Z,422,INNER SAGINAW BAY SW OF POINT AU GRES TO BAY PORT MI,90422,DTX,15-MAR-12 15:30:00,EST-5,15-MAR-12 15:30:00,0,0,0,0,0.00K,0.00K,Trained Spotter,1,NA,NA,NA,NA,NA,NA,NA,NA,NA,NA,4.23,WNW,SAGINAW RIVER MOUTH,4.23,WNW,SAGINAW RIVER MOUTH,43.67,-83.91,43.67,-83.91,Thunderstorms producing large hail moved through Saginaw Bay and southern Lake Huron.,NA,CSV
201203,15,1820,201203,15,1820,62133,371724,LAKE HURON,90,2012,March,Marine Hail,Z,422,INNER SAGINAW BAY SW OF POINT AU GRES TO BAY PORT MI,90422,DTX,15-MAR-12 18:20:00,EST-5,15-MAR-12 18:20:00,0,0,0,0,0.00K,0.00K,Trained Spotter,1,NA,NA,NA,NA,NA,NA,NA,NA,NA,NA,2.59,WSW,SAGINAW RIVER MOUTH,2.59,WSW,SAGINAW RIVER MOUTH,43.64,-83.88,43.64,-83.88,Thunderstorms producing large hail moved through Saginaw Bay and southern Lake Huron.,NA,CSV
201204,20,1647,201204,20,1647,61462,367608,ATLANTIC SOUTH,87,2012,April,Marine Hail,Z,555,SEBASTIAN INLET TO JUPITER INLET 0-20NM,87555,MLB,20-APR-12 16:47:00,EST-5,20-APR-12 16:47:00,0,0,0,0,0.00K,0.00K,Trained Spotter,1,NA,NA,NA,NA,NA,NA,NA,NA,NA,NA,0.69,S,FT. PIERCE INLET,0.69,S,FT. PIERCE INLET,27.44,-80.32,27.44,-80.32,Several strong to severe thunderstorms occurred as low to mid-level southwest winds brought a warm and very moist air mass into east central Florida and across the adjacent coastal waters. Much cooler and drier air above this nearly saturated air allowed for vigorous storm development which acted to produce severe wind gusts and hail in many of the thunderstorms that developed. Offshore winds allowed these storms to continue moving across the intracoastal waterway and into the Atlantic.,A SKYWARN spotter reported quarter sized hail north of Fort Pierce as a severe thunderstorm moved across the intracoastal waters and into the adjacent coastal waters.,CSV
201208,19,1532,201208,19,1532,65913,395326,LAKE MICHIGAN,91,2012,August,Marine Hail,Z,644,PT WASHINGTON TO NORTH PT LT WI,91644,MKX,19-AUG-12 15:32:00,CST-6,19-AUG-12 15:32:00,0,0,0,0,0.00K,0.00K,Trained Spotter,0.88,NA,NA,NA,NA,NA,NA,NA,NA,NA,NA,1,SW,PORT WASHINGTON,1,SW,PORT WASHINGTON,43.3698,-87.8841,43.3698,-87.8841,"Strong thunderstorms formed along the lake breeze and affected the coastal and near shore areas of Lake Michigan, producing gusty winds and large hail.",Nickel size hail observed by trained spotter just southwest of downtown Port Washington.,CSV
201208,1,1206,201208,1,1209,67528,404881,LAKE SUPERIOR,92,2012,August,Marine Hail,Z,240,SAXON HARBOR WI TO BLACK RIVER MI,92240,MQT,01-AUG-12 12:06:00,EST-5,01-AUG-12 12:09:00,0,0,0,0,0.00K,0.00K,Trained Spotter,0.75,NA,NA,NA,NA,NA,NA,NA,NA,NA,NA,2.24,ENE,SAXON HARBOR WI,2.24,ENE,SAXON HARBOR WI,46.5863,-90.3792,46.5863,-90.3792,A thunderstorm dropped three-quarter inch hail near Little Girls Point on the afternoon of the 1st.,The spotter near Little Girls Point reported three quarter inch diameter hail on the afternoon of the 1st.,CSV
201207,25,1913,201207,25,1915,64502,386001,LAKE MICHIGAN,91,2012,July,Marine Hail,Z,543,TWO RIVERS TO SHEBOYGAN WI,91543,GRB,25-JUL-12 19:13:00,CST-6,25-JUL-12 19:15:00,0,0,0,0,0.00K,0.00K,Public,1.75,NA,NA,NA,NA,NA,NA,NA,NA,NA,NA,0,N,TWO RIVERS,0,N,TWO RIVERS,44.15,-87.57,44.15,-87.57,Thunderstorms that produced wind damage and large hail in Manitowoc County moved over the adjacent coastal waters of Lake Michigan.,"Hail, up to golf ball size, along with gusty winds were reported near the lake shore in Two Rivers.",CSV
201206,8,1927,201206,8,1932,65993,395920,LAKE SUPERIOR,92,2012,June,Marine Hail,Z,248,HURON ISLANDS TO MARQUETTE MI,92248,MQT,08-JUN-12 19:27:00,EST-5,08-JUN-12 19:32:00,0,0,0,0,0.00K,0.00K,Trained Spotter,1.75,NA,NA,NA,NA,NA,NA,NA,NA,NA,NA,1.77,NNW,MARQUETTE LIGHTHOUSE,1.77,NNW,MARQUETTE LIGHTHOUSE,46.5739,-87.3933,46.5739,-87.3933,Super cell thunderstorms dropped large hail over the nearshore areas of central Lake Superior on the evening of the 8th.,Spotters over the north side of Marquette measured hail ranging from 1.25 inches to 1.75 inches (golf ball sized) in diameter.,CSV
201206,8,1939,201206,8,1942,65993,395923,LAKE SUPERIOR,92,2012,June,Marine Hail,Z,249,MARQUETTE TO MUNISING MI,92249,MQT,08-JUN-12 19:39:00,EST-5,08-JUN-12 19:42:00,0,0,0,0,0.00K,0.00K,Public,1.5,NA,NA,NA,NA,NA,NA,NA,NA,NA,NA,3.74,WSW,SHOT POINT,3.74,WSW,SHOT POINT,46.4864,-87.2407,46.4864,-87.2407,Super cell thunderstorms dropped large hail over the nearshore areas of central Lake Superior on the evening of the 8th.,Hail was observed near the Ojibwa Casino.  Time of the report was estimated from radar.,CSV
201206,8,1845,201206,8,1847,65993,395926,LAKE SUPERIOR,92,2012,June,Marine Hail,Z,247,PORTAGE LAKE TO HURON IS MI TO LOWER ENTRANCE OF PORTAGE CANAL TO HURON IS INC KEWEENAW AND HURON BAYS,92247,MQT,08-JUN-12 18:45:00,EST-5,08-JUN-12 18:47:00,0,0,0,0,0.00K,0.00K,COOP Observer,1,NA,NA,NA,NA,NA,NA,NA,NA,NA,NA,6.84,SW,POINT ABBAYE,6.84,SW,POINT ABBAYE,46.8806,-88.2166,46.8806,-88.2166,Super cell thunderstorms dropped large hail over the nearshore areas of central Lake Superior on the evening of the 8th.,The observer in Skanee measured one inch diameter hail.,CSV
201207,1,1200,201207,1,1202,65423,392090,LAKE MICHIGAN,91,2012,July,Marine Hail,Z,742,NORTHERLY ISLAND TO CALUMET HARBOR IL,91742,LOT,01-JUL-12 12:00:00,CST-6,01-JUL-12 12:02:00,0,0,0,0,0.00K,0.00K,Mariner,1.75,NA,NA,NA,NA,NA,NA,NA,NA,NA,NA,1.69,ENE,CALUMET HARBOR,1.69,ENE,CALUMET HARBOR,41.74,-87.51,41.74,-87.51,Severe thunderstorms moved across much of southern Lake Michigan during the afternoon hours of July 1st.,Golfball size hail was reported by a tug boat just east of Calumet Harbor.,CSV
201206,8,2001,201206,8,2003,65993,395928,LAKE SUPERIOR,92,2012,June,Marine Hail,Z,248,HURON ISLANDS TO MARQUETTE MI,92248,MQT,08-JUN-12 20:01:00,EST-5,08-JUN-12 20:03:00,0,0,0,0,0.00K,0.00K,Public,1,NA,NA,NA,NA,NA,NA,NA,NA,NA,NA,3.19,NW,MARQUETTE LIGHTHOUSE,3.19,NW,MARQUETTE LIGHTHOUSE,46.5823,-87.4282,46.5823,-87.4282,Super cell thunderstorms dropped large hail over the nearshore areas of central Lake Superior on the evening of the 8th.,One inch diameter hail was observed at a convenience store on County Highway 550.,CSV
201206,8,2001,201206,8,2003,65993,395929,LAKE SUPERIOR,92,2012,June,Marine Hail,Z,249,MARQUETTE TO MUNISING MI,92249,MQT,08-JUN-12 20:01:00,EST-5,08-JUN-12 20:03:00,0,0,0,0,0.00K,0.00K,Public,1,NA,NA,NA,NA,NA,NA,NA,NA,NA,NA,3.26,NW,MARQUETTE LIGHTHOUSE,3.26,NW,MARQUETTE LIGHTHOUSE,46.5823,-87.43,46.5823,-87.43,Super cell thunderstorms dropped large hail over the nearshore areas of central Lake Superior on the evening of the 8th.,One inch diameter hail was observed at a convenience store on County Highway 550.,CSV
201207,1,1713,201207,1,1713,65254,390928,LAKE ST CLAIR,81,2012,July,Marine Hail,Z,423,DETROIT RIVER,81423,DTX,01-JUL-12 17:13:00,EST-5,01-JUL-12 17:13:00,0,0,0,0,0.00K,0.00K,Public,1,NA,NA,NA,NA,NA,NA,NA,NA,NA,NA,3.49,S,DETROIT RIVER LIGHT,3.49,S,DETROIT RIVER LIGHT,42.05,-83.19,42.05,-83.19,A thunderstorm producing one inch hail moved over the Detroit River.,NA,CSV
201207,1,2115,201207,1,2115,63639,402076,ATLANTIC NORTH,88,2012,July,Marine Hail,Z,453,GREAT EGG INLET TO CP MAY NJ OUT 20NM,88453,PHI,01-JUL-12 21:15:00,EST-5,01-JUL-12 21:15:00,0,0,0,0,0.00K,0.00K,Public,1,NA,NA,NA,NA,NA,NA,NA,NA,NA,NA,0.78,ESE,OCEAN CITY,0.78,ESE,OCEAN CITY,39.277,-74.566,39.277,-74.566,A weak cold front triggered isolated strong to locally severe thunderstorms along the New Jersey coastal waters during the evening of the 1st.,A severe thunderstorm dropped quarter size hail in Ocean City.,CSV
201207,1,1712,201207,1,1712,67055,402247,ATLANTIC NORTH,88,2012,July,Marine Hail,Z,345,SOUTH SHORE BAYS FROM JONES INLET THROUGH SHINNECOCK BAY,88345,OKX,01-JUL-12 17:12:00,EST-5,01-JUL-12 17:12:00,0,0,0,0,NA,NA,Trained Spotter,0.75,NA,NA,NA,NA,NA,NA,NA,NA,NA,NA,8.07,NE,FIRE ISLAND INLET,8.07,NE,FIRE ISLAND INLET,40.7166,-73.2435,40.7166,-73.2435,A passing cold front and upper level shortwave triggered multiple strong thunderstorms  across the waters around Eastern Long Island.,NA,CSV
201207,1,1715,201207,1,1715,67055,402248,ATLANTIC NORTH,88,2012,July,Marine Hail,Z,345,SOUTH SHORE BAYS FROM JONES INLET THROUGH SHINNECOCK BAY,88345,OKX,01-JUL-12 17:15:00,EST-5,01-JUL-12 17:15:00,0,0,0,0,NA,NA,Trained Spotter,0.75,NA,NA,NA,NA,NA,NA,NA,NA,NA,NA,6.12,NNE,FIRE ISLAND INLET,6.12,NNE,FIRE ISLAND INLET,40.7,-73.28,40.7,-73.28,A passing cold front and upper level shortwave triggered multiple strong thunderstorms  across the waters around Eastern Long Island.,NA,CSV
201207,15,1404,201207,15,1404,67362,403859,LAKE ST CLAIR,81,2012,July,Marine Hail,Z,422,ST CLAIR RIVER,81422,DTX,15-JUL-12 14:04:00,EST-5,15-JUL-12 14:04:00,0,0,0,0,0.00K,0.00K,Trained Spotter,1,NA,NA,NA,NA,NA,NA,NA,NA,NA,NA,1.23,NW,MARYSVILLE,1.23,NW,MARYSVILLE,42.91,-82.5,42.91,-82.5,A thunderstorm which produced 1 inch hail move into the Lake St. Clair River.,NA,CSV
201207,4,1810,201207,4,1810,67140,402760,LAKE ST CLAIR,81,2012,July,Marine Hail,Z,460,LAKE ST CLAIR (U.S. PORTION),81460,DTX,04-JUL-12 18:10:00,EST-5,04-JUL-12 18:10:00,0,0,0,0,0.00K,0.00K,Trained Spotter,1,NA,NA,NA,NA,NA,NA,NA,NA,NA,NA,7.04,N,GROSSE POINTE,7.04,N,GROSSE POINTE,42.3718,-82.9262,42.3718,-82.9262,"A thunderstorm moving into Lake St. Clair produced large hail, while additional thunderstorms produced strong wind gusts.",NA,CSV
201208,24,1950,201208,24,1950,68220,409230,ATLANTIC SOUTH,87,2012,August,Marine Hail,Z,158,CP LOOKOUT TO SURF CITY NC OUT 20NM,87158,MHX,24-AUG-12 19:50:00,EST-5,24-AUG-12 19:50:00,0,0,0,0,0.00K,0.00K,Public,1,NA,NA,NA,NA,NA,NA,NA,NA,NA,NA,2.34,NNE,HARKERS ISLAND,2.34,NNE,HARKERS ISLAND,34.7322,-76.5372,34.7322,-76.5372,"A surface low pressure traversed Eastern North Carolina on August 25th, 2012. Numerous showers and thunderstorms occurred with the low as it progressed northeast through the region, with several reports of strong marine thunderstorm gusts.",Media relayed report of quarter size hail on Sand Dollar Drive.,CSV
201206,6,1900,201206,6,1900,66013,395992,ATLANTIC NORTH,88,2012,June,Marine Hail,Z,338,NEW YORK HARBOR,88338,OKX,06-JUN-12 19:00:00,EST-5,06-JUN-12 19:00:00,0,0,0,0,NA,NA,Public,1,NA,NA,NA,NA,NA,NA,NA,NA,NA,NA,1.36,ENE,BAYONNE BRIDGE,1.36,ENE,BAYONNE BRIDGE,40.637,-74.1257,40.637,-74.1257,An upper level disturbance triggered an isolated severe storm over New York Harbor.,NA,CSV
201207,1,1617,201207,1,1617,65253,390927,LAKE ERIE,95,2012,July,Marine Hail,Z,444,MICHIGAN WATERS OF LAKE ERIE FROM DETROIT RIVER TO NORTH CAPE MI,95444,DTX,01-JUL-12 16:17:00,EST-5,01-JUL-12 16:17:00,0,0,0,0,0.00K,0.00K,Public,1,NA,NA,NA,NA,NA,NA,NA,NA,NA,NA,4.27,SSW,DETROIT RIVER LIGHT,4.27,SSW,DETROIT RIVER LIGHT,42.04,-83.22,42.04,-83.22,A thunderstorm producing one inch hail moved into Western Lake Erie.,NA,CSV
201208,9,2138,201208,9,2138,68336,410287,LAKE ERIE,95,2012,August,Marine Hail,Z,144,THE ISLANDS TO VERMILION OH,95144,CLE,09-AUG-12 21:38:00,EST-5,09-AUG-12 21:38:00,0,0,0,0,0.00K,0.00K,Trained Spotter,1.5,NA,NA,NA,NA,NA,NA,NA,NA,NA,NA,13.11,SSE,THE ISLANDS,13.11,SSE,THE ISLANDS,41.49,-82.67,41.49,-82.67,A waterspout developed on Lake Erie in the vicinity of a stationary front.  Several hours later another strong thunderstorms occurred behind the front.  This thunderstorm produced ping pong ball sized hail in the waters northeast of Sandusky.,"A trained spotter reported ping pong ball sized hail 3 miles northeast of Sandusky, Ohio.",CSV
201206,22,1645,201206,22,1645,65521,395702,ATLANTIC NORTH,88,2012,June,Marine Hail,Z,542,PATUXENT RIVER TO BROOMES ISLAND MD,88542,LWX,22-JUN-12 16:45:00,EST-5,22-JUN-12 16:45:00,0,0,0,0,NA,NA,Trained Spotter,0.75,NA,NA,NA,NA,NA,NA,NA,NA,NA,NA,2.09,WNW,CHESAPEAKE BIOLOGICAL LABORATORY,2.09,WNW,CHESAPEAKE BIOLOGICAL LABORATORY,38.3265,-76.4877,38.3265,-76.4877,A trough of low pressure triggered showers and thunderstorms during the 22nd. Moderate amounts of instability caused thunderstorms to produce gusty winds.,Penny sized hail was reported.,CSV
201205,20,1215,201205,20,1218,63410,379591,LAKE SUPERIOR,92,2012,May,Marine Hail,Z,242,ONTONAGON TO UPPER ENTRANCE OF PORTAGE CANAL MI,92242,MQT,20-MAY-12 12:15:00,EST-5,20-MAY-12 12:18:00,0,0,0,0,0.00K,0.00K,Public,1,NA,NA,NA,NA,NA,NA,NA,NA,NA,NA,3.03,NE,BEACON HILL,3.03,NE,BEACON HILL,47.1545,-88.7666,47.1545,-88.7666,The passage of a strong cold front produced severe thunderstorms over nearshore portions of Lake Superior on the afternoon of the 20th.,There was a report of one inch hail near Redridge.,CSV
201305,11,1755,201305,11,1755,73213,442224,ATLANTIC SOUTH,87,2013,May,Marine Hail,Z,555,SEBASTIAN INLET TO JUPITER INLET 0-20NM,87555,MLB,11-MAY-13 17:55:00,EST-5,11-MAY-13 17:55:00,0,0,0,0,0.00K,0.00K,Trained Spotter,1,NA,NA,NA,NA,NA,NA,NA,NA,NA,NA,2.26,WSW,STUART,2.26,WSW,STUART,27.1927,-80.2858,27.1927,-80.2858,"Several strong to severe thunderstorms moved from the mainland to the intracoastal waterways and barrier islands then spread into the nearshore Atlantic. Wind gusts over 34 knots occurred, with peak gusts as high as 54 knots.",A weather spotter observed quarter-sized hail in Stuart as a severe thunderstorm exited the mainland and spread across the intracoastal waterways and barrier island.,CSV
201302,22,2140,201302,22,2140,71510,429926,GULF OF MEXICO,85,2013,February,Marine Hail,Z,530,LAKE PONCHARTRAIN AND LAKE MAUREPAS,85530,LIX,22-FEB-13 21:40:00,CST-6,22-FEB-13 21:40:00,0,0,0,0,0.00K,0.00K,Law Enforcement,1,NA,NA,NA,NA,NA,NA,NA,NA,NA,NA,0,N,MID LAKE PONTCHARTRAIN,0,N,MID LAKE PONTCHARTRAIN,30.15,-90.13,30.15,-90.13,Low pressure moving along a stationary front aided in the development of severe thunderstorms during the evening hours.,NA,CSV
201308,21,1603,201308,21,1608,77411,467144,LAKE SUPERIOR,92,2013,August,Marine Hail,Z,250,MUNISING TO GRAND MARAIS MI,92250,MQT,21-AUG-13 16:03:00,EST-5,21-AUG-13 16:08:00,0,0,0,0,0.00K,0.00K,Public,1,NA,NA,NA,NA,NA,NA,NA,NA,NA,NA,0.09,W,GRAND MARAIS LIGHT,0.09,W,GRAND MARAIS LIGHT,46.6798,-85.9718,46.6798,-85.9718,The passage of a cold front through a very warm and unstable air mass generated scattered severe thunderstorms across the near shore waters of Lake Superior on the afternoon of the 21st.,Mostly quarter-sized hail fell at Grand Marais.,CSV
201308,21,1603,201308,21,1608,77411,467145,LAKE SUPERIOR,92,2013,August,Marine Hail,Z,251,GRAND MARAIS TO WHITEFISH POINT MI,92251,MQT,21-AUG-13 16:03:00,EST-5,21-AUG-13 16:08:00,0,0,0,0,0.00K,0.00K,Public,1,NA,NA,NA,NA,NA,NA,NA,NA,NA,NA,0.09,WSW,GRAND MARAIS LIGHT,0.09,WSW,GRAND MARAIS LIGHT,46.6797,-85.9718,46.6797,-85.9718,The passage of a cold front through a very warm and unstable air mass generated scattered severe thunderstorms across the near shore waters of Lake Superior on the afternoon of the 21st.,Mostly quarter-sized hail fell at Grand Marais.,CSV
201305,2,1045,201305,2,1045,74928,453087,GULF OF MEXICO,85,2013,May,Marine Hail,Z,35,GULF OF MEXICO FROM WEST END OF SEVEN MILE BRIDGE TO HALFMOON SHOAL OUT TO 5 FATHOMS,85035,KEY,02-MAY-13 10:45:00,EST-5,02-MAY-13 10:45:00,0,0,0,0,0.00K,0.00K,Mariner,0.75,NA,NA,NA,NA,NA,NA,NA,NA,NA,NA,6.31,NW,KEY WEST,6.31,NW,KEY WEST,24.6227,-81.853,24.6227,-81.853,"Southerly inflow into a large convective complex in the southeast Gulf of Mexico combined with diverging flow aloft and a moist, unstable atmosphere to produce numerous thunderstorms over the extreme lower Florida Keys.",Three-quarter-inch diameter hail was reported by a charter boat captain along with gale force winds in the Northwest Channel a few miles northwest of Key West Harbor.,CSV
201308,21,1454,201308,21,1500,77411,467136,LAKE SUPERIOR,92,2013,August,Marine Hail,Z,248,HURON ISLANDS TO MARQUETTE MI,92248,MQT,21-AUG-13 14:54:00,EST-5,21-AUG-13 15:00:00,0,0,0,0,0.00K,0.00K,NWS Employee,0.75,NA,NA,NA,NA,NA,NA,NA,NA,NA,NA,3.58,W,MARQUETTE LIGHTHOUSE,3.58,W,MARQUETTE LIGHTHOUSE,46.5525,-87.4553,46.5525,-87.4553,The passage of a cold front through a very warm and unstable air mass generated scattered severe thunderstorms across the near shore waters of Lake Superior on the afternoon of the 21st.,Dime-sized hail with a few up to penny-sized hail near Wright Street and Highway US-41.,CSV
201308,21,1454,201308,21,1500,77411,467138,LAKE SUPERIOR,92,2013,August,Marine Hail,Z,249,MARQUETTE TO MUNISING MI,92249,MQT,21-AUG-13 14:54:00,EST-5,21-AUG-13 15:00:00,0,0,0,0,0.00K,0.00K,NWS Employee,0.75,NA,NA,NA,NA,NA,NA,NA,NA,NA,NA,3.66,W,MARQUETTE LIGHTHOUSE,3.66,W,MARQUETTE LIGHTHOUSE,46.5485,-87.457,46.5485,-87.457,The passage of a cold front through a very warm and unstable air mass generated scattered severe thunderstorms across the near shore waters of Lake Superior on the afternoon of the 21st.,Dime-sized hail with a few up to penny-sized hail near Wright Street and Highway US-41.,CSV
201304,14,1443,201304,14,1443,72069,434384,GULF OF MEXICO,85,2013,April,Marine Hail,Z,755,COASTAL WATERS FROM OCHLOCKONEE RIVER TO APALACHICOLA FL OUT TO 20 NM,85755,TAE,14-APR-13 14:43:00,EST-5,14-APR-13 14:43:00,0,0,0,0,0.00K,0.00K,Public,1,NA,NA,NA,NA,NA,NA,NA,NA,NA,NA,1.45,SW,EASTPOINT,1.45,SW,EASTPOINT,29.7357,-84.8877,29.7357,-84.8877,"A warm front south of the area moved back to the north as an upper level shortwave crossed the area.  An MCS developed west of the area and moved across the northern Gulf Coast, producing isolated reports of minor damage and hail.",The public reported quarter size hail near Eastpoint within 1 nm of the coast line.,CSV
201307,18,1816,201307,18,1821,76406,460721,LAKE MICHIGAN,91,2013,July,Marine Hail,Z,248,SEUL CHOIX POINT TO POINT DETOUR MI,91248,MQT,18-JUL-13 18:16:00,EST-5,18-JUL-13 18:21:00,0,0,0,0,0.00K,0.00K,Trained Spotter,0.88,NA,NA,NA,NA,NA,NA,NA,NA,NA,NA,3.2,WSW,STONY POINT,3.2,WSW,STONY POINT,45.91,-86.34,45.91,-86.34,A slow moving cold front triggered strong to severe thunderstorms over northern Lake Michigan from the evening of the 18th into the afternoon of the 19th.,The spotter near Cooks reported nickel-sized hail.,CSV
201303,24,1217,201303,24,1217,72429,436839,GULF OF MEXICO,85,2013,March,Marine Hail,Z,850,TARPON SPRINGS TO SUWANNEE RIVER FL OUT 20NM,85850,TBW,24-MAR-13 12:17:00,EST-5,24-MAR-13 12:17:00,0,0,0,0,0.00K,0.00K,Trained Spotter,1,NA,NA,NA,NA,NA,NA,NA,NA,NA,NA,0,N,HUDSON,0,N,HUDSON,28.37,-82.7,28.37,-82.7,"A very moist air mass provided ample fuel for a prefrontal trough that developed ahead of a strong cold front that moved through Florida on the 24th. The prefrontal trough produced a line of showers and thunderstorms, with a few storms becoming severe with strong marine wind gusts and small hail.",A SKYWARN spotter reported quarter sized hail in Hudson.,CSV
201303,24,1220,201303,24,1220,72429,436840,GULF OF MEXICO,85,2013,March,Marine Hail,Z,850,TARPON SPRINGS TO SUWANNEE RIVER FL OUT 20NM,85850,TBW,24-MAR-13 12:20:00,EST-5,24-MAR-13 12:20:00,0,0,0,0,0.00K,0.00K,Trained Spotter,0.88,NA,NA,NA,NA,NA,NA,NA,NA,NA,NA,3.18,NE,HUDSON,3.18,NE,HUDSON,28.3994,-82.6598,28.3994,-82.6598,"A very moist air mass provided ample fuel for a prefrontal trough that developed ahead of a strong cold front that moved through Florida on the 24th. The prefrontal trough produced a line of showers and thunderstorms, with a few storms becoming severe with strong marine wind gusts and small hail.",A SKYWARN spotter reported nickel sized hail near U.S. 19 and Little Road in Hudson.,CSV
201306,29,939,201306,29,939,76352,460494,GULF OF MEXICO,85,2013,June,Marine Hail,Z,455,ATCHAFALAYA R TO INTRACOASTAL CITY LA OUT 20NM,85455,LCH,29-JUN-13 09:39:00,CST-6,29-JUN-13 09:39:00,0,0,0,0,0.00K,0.00K,Public,0.88,NA,NA,NA,NA,NA,NA,NA,NA,NA,NA,5.12,SE,MARSH ISLAND,5.12,SE,MARSH ISLAND,29.36,-91.78,29.36,-91.78,"Strong thunderstorms affect the coastal waters with strong wind gusts, a water spout, and hail.",Workers at a platform in Eugene Island Block 24 reported nickel to dime sized hail with a passing storm.,CSV
201307,20,1754,201307,20,1754,77696,468649,ATLANTIC NORTH,88,2013,July,Marine Hail,Z,338,NEW YORK HARBOR,88338,OKX,20-JUL-13 17:54:00,EST-5,20-JUL-13 17:54:00,0,0,0,0,NA,NA,Trained Spotter,0.75,NA,NA,NA,NA,NA,NA,NA,NA,NA,NA,5.23,SSW,STATION BATN6,5.23,SSW,STATION BATN6,40.626,-74.041,40.626,-74.041,A pre-frontal trough served as the trigger for scattered strong thunderstorms with increasing moisture and instability ahead of an approaching cold front.,NA,CSV
201306,27,1645,201306,27,1645,74432,450108,LAKE MICHIGAN,91,2013,June,Marine Hail,Z,542,STURGEON BAY TO TWO RIVERS WI,91542,GRB,27-JUN-13 16:45:00,CST-6,27-JUN-13 16:45:00,0,0,0,0,0.00K,0.00K,Public,1,NA,NA,NA,NA,NA,NA,NA,NA,NA,NA,4.24,NNE,TWO CREEKS,4.24,NNE,TWO CREEKS,44.3549,-87.5317,44.3549,-87.5317,Thunderstorms that produced large hail over Kewaunee County and Manitowoc County continued to drop large hail as they moved onto the near-shore marine waters before weakening.,A severe thunderstorm that produced large hail in Kewaunee County moved off shore and continued to produce large hail before weakening.,CSV
201306,27,1708,201306,27,1708,74432,450109,LAKE MICHIGAN,91,2013,June,Marine Hail,Z,543,TWO RIVERS TO SHEBOYGAN WI,91543,GRB,27-JUN-13 17:08:00,CST-6,27-JUN-13 17:08:00,0,0,0,0,0.00K,0.00K,Public,2,NA,NA,NA,NA,NA,NA,NA,NA,NA,NA,1,SE,MANITOWOC,1,SE,MANITOWOC,44.0698,-87.6558,44.0698,-87.6558,Thunderstorms that produced large hail over Kewaunee County and Manitowoc County continued to drop large hail as they moved onto the near-shore marine waters before weakening.,A severe thunderstorm that produced large hail over the city of Manitowoc moved off shore and continued to produce large hail before weakening.,CSV
201309,3,1050,201309,3,1050,79951,479127,ATLANTIC NORTH,88,2013,September,Marine Hail,Z,345,SOUTH SHORE BAYS FROM JONES INLET THROUGH SHINNECOCK BAY,88345,OKX,03-SEP-13 10:50:00,EST-5,03-SEP-13 10:50:00,0,0,0,0,NA,NA,Public,1,NA,NA,NA,NA,NA,NA,NA,NA,NA,NA,2.76,WNW,SHINNECOCK INLET,2.76,WNW,SHINNECOCK INLET,40.8676,-72.5173,40.8676,-72.5173,Scattered showers and thunderstorms with embedded severe thunderstorms formed across the southern coast of Long Island ahead of an approaching cold front.,NA,CSV
201309,3,1224,201309,3,1224,79953,479133,ATLANTIC NORTH,88,2013,September,Marine Hail,Z,330,LONG ISLAND SOUND E OF NEW HAVEN CT TO PORT JEFFERSON NY,88330,OKX,03-SEP-13 12:24:00,EST-5,03-SEP-13 12:24:00,0,0,0,0,NA,NA,Public,1,NA,NA,NA,NA,NA,NA,NA,NA,NA,NA,0.68,ENE,STATION NLNC3,0.68,ENE,STATION NLNC3,41.3749,-72.0686,41.3749,-72.0686,"A cold front triggered scattered showers and thunderstorms, with embedded severe thunderstorms, over Eastern Long Island Sound.",NA,CSV
201309,3,1252,201309,3,1252,79953,479134,ATLANTIC NORTH,88,2013,September,Marine Hail,Z,330,LONG ISLAND SOUND E OF NEW HAVEN CT TO PORT JEFFERSON NY,88330,OKX,03-SEP-13 12:52:00,EST-5,03-SEP-13 12:52:00,0,0,0,0,NA,NA,Trained Spotter,1,NA,NA,NA,NA,NA,NA,NA,NA,NA,NA,0.57,SW,STATION NLNC3,0.57,SW,STATION NLNC3,41.3641,-72.0878,41.3641,-72.0878,"A cold front triggered scattered showers and thunderstorms, with embedded severe thunderstorms, over Eastern Long Island Sound.",NA,CSV
201307,10,1404,201307,10,1404,77734,468853,LAKE HURON,90,2013,July,Marine Hail,Z,443,PORT SANILAC TO PORT HURON MI,90443,DTX,10-JUL-13 14:04:00,EST-5,10-JUL-13 14:04:00,0,0,0,0,0.00K,0.00K,Trained Spotter,0.88,NA,NA,NA,NA,NA,NA,NA,NA,NA,NA,3.45,S,LEXINGTON,3.45,S,LEXINGTON,43.22,-82.53,43.22,-82.53,A thunderstorm produced  nickel sized hail at the Great Lake Beach.,NA,CSV
201308,21,1535,201308,21,1540,77411,467141,LAKE SUPERIOR,92,2013,August,Marine Hail,Z,249,MARQUETTE TO MUNISING MI,92249,MQT,21-AUG-13 15:35:00,EST-5,21-AUG-13 15:40:00,0,0,0,0,0.00K,0.00K,Trained Spotter,0.75,NA,NA,NA,NA,NA,NA,NA,NA,NA,NA,0,N,AU TRAIN,0,N,AU TRAIN,46.43,-86.83,46.43,-86.83,The passage of a cold front through a very warm and unstable air mass generated scattered severe thunderstorms across the near shore waters of Lake Superior on the afternoon of the 21st.,Penny-sized hail fell near Au Train.,CSV
201308,21,1500,201308,21,1510,77411,467142,LAKE SUPERIOR,92,2013,August,Marine Hail,Z,249,MARQUETTE TO MUNISING MI,92249,MQT,21-AUG-13 15:00:00,EST-5,21-AUG-13 15:10:00,0,0,0,0,0.00K,0.00K,Trained Spotter,1,NA,NA,NA,NA,NA,NA,NA,NA,NA,NA,0.38,SSE,SHOT POINT,0.38,SSE,SHOT POINT,46.5053,-87.1658,46.5053,-87.1658,The passage of a cold front through a very warm and unstable air mass generated scattered severe thunderstorms across the near shore waters of Lake Superior on the afternoon of the 21st.,Quarter to dime-sized hail fell for 5 to 10 minutes at Shot Point.,CSV
201306,30,150,201306,30,150,76352,460514,GULF OF MEXICO,85,2013,June,Marine Hail,Z,475,ATCHAFALAYA R TO INTRACOASTAL CITY LA 20 TO 60NM,85475,LCH,30-JUN-13 01:50:00,CST-6,30-JUN-13 01:50:00,0,0,0,0,0.00K,0.00K,Public,0.88,NA,NA,NA,NA,NA,NA,NA,NA,NA,NA,45.22,SSW,MARSH ISLAND,45.22,SSW,MARSH ISLAND,28.8,-92.07,28.8,-92.07,"Strong thunderstorms affect the coastal waters with strong wind gusts, a water spout, and hail.",Penny sized hail was reported at a platform in South Marsh Island Block 40.,CSV
201406,19,2012,201406,19,2012,89168,537312,ATLANTIC SOUTH,87,2014,June,Marine Hail,Z,130,ALBEMARLE SOUND,87130,MHX,19-JUN-14 20:12:00,EST-5,19-JUN-14 20:12:00,0,0,0,0,0.00K,0.00K,911 Call Center,0.75,NA,NA,NA,NA,NA,NA,NA,NA,NA,NA,2.71,SE,BULL BAY,2.71,SE,BULL BAY,35.9139,-76.2839,35.9139,-76.2839,"Scattered showers and thunderstorms developed across eastern North Carolina during the evening of June 19th, 2014, as a cold front approached from the north. A few of the storms producing strong marine gusts.",Tyrrell County 911 received reported of penny sized hail in Columbia.,CSV
201407,28,1610,201407,28,1610,89231,537663,ATLANTIC SOUTH,87,2014,July,Marine Hail,Z,137,NEUSE AND BAY RIVERS,87137,MHX,28-JUL-14 16:10:00,EST-5,28-JUL-14 16:10:00,0,0,0,0,0.00K,0.00K,Social Media,0.88,NA,NA,NA,NA,NA,NA,NA,NA,NA,NA,3.39,NNW,MINNESOTT BEACH FERRY TERMINAL,3.39,NNW,MINNESOTT BEACH FERRY TERMINAL,35.0159,-76.8312,35.0159,-76.8312,"A warm and unstable airmass was present across Eastern North Carolina ahead of an approaching cold front from the northwest. Numerous showers and thunderstorms developed during the afternoon and evening hours of July 28th, 2014. Several storms became severe producing strong winds and very large hail.",Public reported nickel sized hail just southwest of Arapahoe.,CSV
201407,28,1600,201407,28,1600,89231,537665,ATLANTIC SOUTH,87,2014,July,Marine Hail,Z,137,NEUSE AND BAY RIVERS,87137,MHX,28-JUL-14 16:00:00,EST-5,28-JUL-14 16:00:00,0,0,0,0,0.00K,0.00K,Public,1.25,NA,NA,NA,NA,NA,NA,NA,NA,NA,NA,1.9,NW,SLOCUM CREEK,1.9,NW,SLOCUM CREEK,34.9684,-76.925,34.9684,-76.925,"A warm and unstable airmass was present across Eastern North Carolina ahead of an approaching cold front from the northwest. Numerous showers and thunderstorms developed during the afternoon and evening hours of July 28th, 2014. Several storms became severe producing strong winds and very large hail.",Public reported quarter to half dollar sized hail in Carolina Pines.,CSV
201406,5,1729,201406,5,1729,89151,544388,ATLANTIC SOUTH,87,2014,June,Marine Hail,Z,158,CP LOOKOUT TO SURF CITY NC OUT 20NM,87158,MHX,05-JUN-14 17:29:00,EST-5,05-JUN-14 17:29:00,0,0,0,0,0.00K,0.00K,Public,1,NA,NA,NA,NA,NA,NA,NA,NA,NA,NA,1.71,SW,BOGUE INLET,1.71,SW,BOGUE INLET,34.6855,-77.0543,34.6855,-77.0543,"A cold front approached from the northwest during the afternoon and evening hours of June 5th, 2014. Numerous thunderstorms developed over the eastern North Carolina coastal waters. Several of the storms became severe producing damaging winds and hail.",Public reported quarter inch hail in Cape Carteret.,CSV
201407,28,1617,201407,28,1617,89231,537667,ATLANTIC SOUTH,87,2014,July,Marine Hail,Z,137,NEUSE AND BAY RIVERS,87137,MHX,28-JUL-14 16:17:00,EST-5,28-JUL-14 16:17:00,0,0,0,0,0.00K,0.00K,Public,1.75,NA,NA,NA,NA,NA,NA,NA,NA,NA,NA,0.85,ENE,MINNESOTT BEACH FERRY TERMINAL,0.85,ENE,MINNESOTT BEACH FERRY TERMINAL,34.9745,-76.796,34.9745,-76.796,"A warm and unstable airmass was present across Eastern North Carolina ahead of an approaching cold front from the northwest. Numerous showers and thunderstorms developed during the afternoon and evening hours of July 28th, 2014. Several storms became severe producing strong winds and very large hail.",Public reported quarter to golf ball sized hail east of Minnesott Beach.,CSV
201406,20,2140,201406,20,2140,89174,544391,ATLANTIC SOUTH,87,2014,June,Marine Hail,Z,158,CP LOOKOUT TO SURF CITY NC OUT 20NM,87158,MHX,20-JUN-14 21:40:00,EST-5,20-JUN-14 21:40:00,0,0,0,0,0.00K,0.00K,Public,1,NA,NA,NA,NA,NA,NA,NA,NA,NA,NA,4.85,NNW,BEAUFORT INLET,4.85,NNW,BEAUFORT INLET,34.7886,-76.6679,34.7886,-76.6679,Scattered thunderstorms developed along a stationary front across parts of eastern North Carolina during the evening of June 20th. One waterspout was observed earlier in the day near Collington Harbor and the northern portions of Roanoke Sound. One small cluster of storms became severe producing hail and strong winds as it crossed parts of the southern Pamlico Sound and Crystal Coast area.,Public reported quarter sized hail and strong winds along Highway 101 north of Beaufort.,CSV
201405,21,1750,201405,21,1750,86583,524228,ATLANTIC NORTH,88,2014,May,Marine Hail,Z,536,TIDAL POTOMAC INDIAN HD TO COBB IS MD,88536,LWX,21-MAY-14 17:50:00,EST-5,21-MAY-14 17:50:00,0,0,0,0,0.00K,0.00K,Public,0.88,NA,NA,NA,NA,NA,NA,NA,NA,NA,NA,2.5,NNE,POTOMAC LIGHT,2.5,NNE,POTOMAC LIGHT,38.374,-76.974,38.374,-76.974,A warm front lifted northward across the Mid-Atlantic and showers and thunderstorms formed across the Central Foothills where breaks in the clouds led to increased instability. Thunderstorms spread east and north as the boundary moved northward.,NA,CSV
201405,12,1855,201405,12,1855,83839,506101,LAKE MICHIGAN,91,2014,May,Marine Hail,Z,645,NORTH PT LT TO WIND PT WI,91645,MKX,12-MAY-14 18:55:00,CST-6,12-MAY-14 18:55:00,0,0,0,0,0.00K,0.00K,Broadcast Media,0.75,NA,NA,NA,NA,NA,NA,NA,NA,NA,NA,1.82,ENE,MILWAUKEE HARBOR,1.82,ENE,MILWAUKEE HARBOR,43.0401,-87.9367,43.0401,-87.9367,"Slow moving thunderstorms dropped large hail over portions of the shoreline.  The strong thunderstorms were caused by warm, humid air over southern Wisconsin and an approaching strong cold front.",Penny size hail at intersection of 19th and Wells Streets in Milwaukee.,CSV
201405,12,1829,201405,12,1829,83839,506103,LAKE MICHIGAN,91,2014,May,Marine Hail,Z,646,WIND PT LT WI TO WINTHROP HBR IL,91646,MKX,12-MAY-14 18:29:00,CST-6,12-MAY-14 18:29:00,0,0,0,0,0.00K,0.00K,Public,1.5,NA,NA,NA,NA,NA,NA,NA,NA,NA,NA,1.26,NNE,RACINE,1.26,NNE,RACINE,42.7378,-87.7942,42.7378,-87.7942,"Slow moving thunderstorms dropped large hail over portions of the shoreline.  The strong thunderstorms were caused by warm, humid air over southern Wisconsin and an approaching strong cold front.",Large hail reported by the public at the intersection of Albert and Geneva streets in Racine.,CSV
201407,27,1410,201407,27,1410,88793,535388,LAKE HURON,90,2014,July,Marine Hail,Z,422,INNER SAGINAW BAY SW OF POINT AU GRES TO BAY PORT MI,90422,DTX,27-JUL-14 14:10:00,EST-5,27-JUL-14 14:10:00,0,0,0,0,0.00K,0.00K,Trained Spotter,1.5,NA,NA,NA,NA,NA,NA,NA,NA,NA,NA,2,W,SAGINAW RIVER MOUTH,2,W,SAGINAW RIVER MOUTH,43.65,-83.87,43.65,-83.87,Thunderstorms moving through Saginaw Bay and Southern Lake Huron produced large hail and winds to around 60 mph.,NA,CSV
201407,1,1124,201407,1,1124,86703,523275,LAKE MICHIGAN,91,2014,July,Marine Hail,Z,643,SHEBOYGAN TO PT WASHINGTON WI,91643,MKX,01-JUL-14 11:24:00,CST-6,01-JUL-14 11:24:00,0,0,0,0,0.00K,0.00K,Public,1,NA,NA,NA,NA,NA,NA,NA,NA,NA,NA,0.5,E,SHEBOYGAN,0.5,E,SHEBOYGAN,43.75,-87.71,43.75,-87.71,A strong cold front and upper level low pressure triggered scattered strong thunderstorms over east central Wisconsin during the early afternoon.  A few of these thunderstorms produced large hail and gusty winds.,NA,CSV
201408,1,1533,201408,1,1533,87250,526563,LAKE MICHIGAN,91,2014,August,Marine Hail,Z,643,SHEBOYGAN TO PT WASHINGTON WI,91643,MKX,01-AUG-14 15:33:00,CST-6,01-AUG-14 15:33:00,0,0,0,0,0.00K,0.00K,Public,1,NA,NA,NA,NA,NA,NA,NA,NA,NA,NA,0,N,OOSTBURG,0,N,OOSTBURG,43.62,-87.8,43.62,-87.8,"Several strong thunderstorms affected portions of the near shore waters of Lake Michigan in the afternoon on August 1, 2014, producing large hail.",The public reported one inch size hail in Oostburg from a strong thunderstorm passing through.,CSV
201407,27,1355,201407,27,1355,89967,540925,LAKE HURON,90,2014,July,Marine Hail,Z,349,STURGEON PT TO ALABASTER MI,90349,APX,27-JUL-14 13:55:00,EST-5,27-JUL-14 13:55:00,0,0,0,0,0.00K,0.00K,Trained Spotter,1,NA,NA,NA,NA,NA,NA,NA,NA,NA,NA,1.12,E,OSCODA,1.12,E,OSCODA,44.4211,-83.3073,44.4211,-83.3073,A thunderstorm with large hail impacted the Lake Huron coast near Oscoda.,NA,CSV
201410,28,30,201410,28,30,91003,545582,LAKE MICHIGAN,91,2014,October,Marine Hail,Z,521,GREEN BAY SOUTH FROM CEDAR RIVER MI TO ROCK ISLAND PASSAGE AND NORTH FROM OCONTO WI TO LITTLE STURGEON BAY WI,91521,GRB,28-OCT-14 00:30:00,CST-6,28-OCT-14 00:30:00,0,0,0,0,0.00K,0.00K,Public,1,NA,NA,NA,NA,NA,NA,NA,NA,NA,NA,4.39,W,CHAMBERS ISLAND STATION (CBRW3),4.39,W,CHAMBERS ISLAND STATION (CBRW3),45.2025,-87.4502,45.2025,-87.4502,A thunderstorm that produced large hail in northeast Wisconsin continued to drop large hail over the central waters of Green Bay.,"A storm that produced large hail onshore produced quarter size hail west of Chambers Island, WI (CBRW3).",CSV
201403,22,1947,201403,22,1947,84112,507765,ATLANTIC SOUTH,87,2014,March,Marine Hail,Z,158,CP LOOKOUT TO SURF CITY NC OUT 20NM,87158,MHX,22-MAR-14 19:47:00,EST-5,22-MAR-14 19:47:00,0,0,0,0,0.00K,0.00K,911 Call Center,1,NA,NA,NA,NA,NA,NA,NA,NA,NA,NA,7.88,N,NORTH TOPSAIL BEACH,7.88,N,NORTH TOPSAIL BEACH,34.5921,-77.4456,34.5921,-77.4456,A frontal boundary remained stalled across Eastern North Carolina on March 22nd 2014. A few storms formed along this boundary that produced severe hail along the coast of Onslow and Carteret counties.,Onslow County 911 reported quarter sized hail near Dixon High School.,CSV
201403,22,2020,201403,22,2020,84112,507766,ATLANTIC SOUTH,87,2014,March,Marine Hail,Z,158,CP LOOKOUT TO SURF CITY NC OUT 20NM,87158,MHX,22-MAR-14 20:20:00,EST-5,22-MAR-14 20:20:00,0,0,0,0,0.00K,0.00K,Trained Spotter,0.75,NA,NA,NA,NA,NA,NA,NA,NA,NA,NA,6.99,WSW,BOGUE INLET,6.99,WSW,BOGUE INLET,34.6454,-77.1336,34.6454,-77.1336,A frontal boundary remained stalled across Eastern North Carolina on March 22nd 2014. A few storms formed along this boundary that produced severe hail along the coast of Onslow and Carteret counties.,Spotter reported penny size hail near Hammocks Beach.,CSV
201403,22,2023,201403,22,2023,84112,507768,ATLANTIC SOUTH,87,2014,March,Marine Hail,Z,158,CP LOOKOUT TO SURF CITY NC OUT 20NM,87158,MHX,22-MAR-14 20:23:00,EST-5,22-MAR-14 20:23:00,0,0,0,0,0.00K,0.00K,Trained Spotter,1.75,NA,NA,NA,NA,NA,NA,NA,NA,NA,NA,5.13,W,BOGUE INLET,5.13,W,BOGUE INLET,34.6883,-77.1191,34.6883,-77.1191,A frontal boundary remained stalled across Eastern North Carolina on March 22nd 2014. A few storms formed along this boundary that produced severe hail along the coast of Onslow and Carteret counties.,Spotter reported golf ball sized hail in Swansboro.,CSV
201403,22,2037,201403,22,2037,84112,507770,ATLANTIC SOUTH,87,2014,March,Marine Hail,Z,158,CP LOOKOUT TO SURF CITY NC OUT 20NM,87158,MHX,22-MAR-14 20:37:00,EST-5,22-MAR-14 20:37:00,0,0,0,0,0.00K,0.00K,Law Enforcement,0.88,NA,NA,NA,NA,NA,NA,NA,NA,NA,NA,2.42,SSE,BOGUE INLET,2.42,SSE,BOGUE INLET,34.6693,-77.0097,34.6693,-77.0097,A frontal boundary remained stalled across Eastern North Carolina on March 22nd 2014. A few storms formed along this boundary that produced severe hail along the coast of Onslow and Carteret counties.,Emerald Isle Police Department reported dime to nickel size hail.,CSV
201407,27,1358,201407,27,1358,88793,535362,LAKE HURON,90,2014,July,Marine Hail,Z,422,INNER SAGINAW BAY SW OF POINT AU GRES TO BAY PORT MI,90422,DTX,27-JUL-14 13:58:00,EST-5,27-JUL-14 13:58:00,0,0,0,0,0.00K,0.00K,SHAVE Project,1.75,NA,NA,NA,NA,NA,NA,NA,NA,NA,NA,3.57,W,SAGINAW RIVER MOUTH,3.57,W,SAGINAW RIVER MOUTH,43.66,-83.9,43.66,-83.9,Thunderstorms moving through Saginaw Bay and Southern Lake Huron produced large hail and winds to around 60 mph.,NA,CSV
201407,27,1404,201407,27,1404,88793,535365,LAKE HURON,90,2014,July,Marine Hail,Z,422,INNER SAGINAW BAY SW OF POINT AU GRES TO BAY PORT MI,90422,DTX,27-JUL-14 14:04:00,EST-5,27-JUL-14 14:04:00,0,0,0,0,0.00K,0.00K,SHAVE Project,0.88,NA,NA,NA,NA,NA,NA,NA,NA,NA,NA,7.36,WNW,SAGINAW RIVER MOUTH,7.36,WNW,SAGINAW RIVER MOUTH,43.7,-83.96,43.7,-83.96,Thunderstorms moving through Saginaw Bay and Southern Lake Huron produced large hail and winds to around 60 mph.,NA,CSV
201407,27,1410,201407,27,1410,88793,535371,LAKE HURON,90,2014,July,Marine Hail,Z,422,INNER SAGINAW BAY SW OF POINT AU GRES TO BAY PORT MI,90422,DTX,27-JUL-14 14:10:00,EST-5,27-JUL-14 14:10:00,0,0,0,0,0.00K,0.00K,SHAVE Project,1,NA,NA,NA,NA,NA,NA,NA,NA,NA,NA,2.15,W,SAGINAW RIVER MOUTH,2.15,W,SAGINAW RIVER MOUTH,43.65,-83.873,43.65,-83.873,Thunderstorms moving through Saginaw Bay and Southern Lake Huron produced large hail and winds to around 60 mph.,NA,CSV
201407,27,1410,201407,27,1410,88793,535381,LAKE HURON,90,2014,July,Marine Hail,Z,422,INNER SAGINAW BAY SW OF POINT AU GRES TO BAY PORT MI,90422,DTX,27-JUL-14 14:10:00,EST-5,27-JUL-14 14:10:00,0,0,0,0,0.00K,0.00K,Trained Spotter,1.25,NA,NA,NA,NA,NA,NA,NA,NA,NA,NA,3.08,WNW,SAGINAW RIVER MOUTH,3.08,WNW,SAGINAW RIVER MOUTH,43.66,-83.89,43.66,-83.89,Thunderstorms moving through Saginaw Bay and Southern Lake Huron produced large hail and winds to around 60 mph.,NA,CSV
201403,29,1050,201403,29,1050,82752,498764,GULF OF MEXICO,85,2014,March,Marine Hail,Z,850,TARPON SPRINGS TO SUWANNEE RIVER FL OUT 20NM,85850,TBW,29-MAR-14 10:50:00,EST-5,29-MAR-14 10:50:00,0,0,0,0,0.00K,0.00K,Amateur Radio,0.75,NA,NA,NA,NA,NA,NA,NA,NA,NA,NA,0,N,HOMOSSASSA RIVER,0,N,HOMOSSASSA RIVER,28.78,-82.62,28.78,-82.62,A band of thunderstorms developed ahead of a cold front that approached West Central Florida on the afternoon of the 29th. Some of the stronger storms produced marine wind gusts and penny sized hail.,An amateur radio operator relayed a report of penny sized hail in Homosassa.,CSV
201406,5,1525,201406,5,1525,89151,537208,ATLANTIC SOUTH,87,2014,June,Marine Hail,Z,137,NEUSE AND BAY RIVERS,87137,MHX,05-JUN-14 15:25:00,EST-5,05-JUN-14 15:25:00,0,0,0,0,0.00K,0.00K,Social Media,1,NA,NA,NA,NA,NA,NA,NA,NA,NA,NA,6.05,NNW,WHORTONSVILLE,6.05,NNW,WHORTONSVILLE,35.1836,-76.6621,35.1836,-76.6621,"A cold front approached from the northwest during the afternoon and evening hours of June 5th, 2014. Numerous thunderstorms developed over the eastern North Carolina coastal waters. Several of the storms became severe producing damaging winds and hail.",Public reported quarter sized hail in Vandemere.,CSV
201407,27,1829,201407,27,1829,89352,538147,LAKE ERIE,95,2014,July,Marine Hail,Z,40,RIPLEY TO DUNKIRK NY,95040,BUF,27-JUL-14 18:29:00,EST-5,27-JUL-14 18:29:00,0,0,0,0,NA,0.00K,Trained Spotter,0.75,NA,NA,NA,NA,NA,NA,NA,NA,NA,NA,0,N,RIPLEY,0,N,RIPLEY,42.28,-79.73,42.28,-79.73,Low pressure moving from eastern Michigan to New York brought an area of heavy rain and embedded thunderstorms. Thunderstorms crossing Lake Erie produced a waterspout and three-quarter inch hail near Ripley.,NA,CSV
201408,21,1322,201408,21,1323,90100,541348,ATLANTIC SOUTH,87,2014,August,Marine Hail,Z,252,COASTAL WATERS FROM CAPE FEAR NC TO LITTLE RIVER INLET SC OUT 20 NM,87252,ILM,21-AUG-14 13:22:00,EST-5,21-AUG-14 13:23:00,0,0,0,0,0.00K,0.00K,Airplane Pilot,0.75,NA,NA,NA,NA,NA,NA,NA,NA,NA,NA,4.52,ENE,SHALLOTTE RIVER INLET SEA NAVIGATIONAL BUOY,4.52,ENE,SHALLOTTE RIVER INLET SEA NAVIGATIONAL BUOY,33.91,-78.31,33.91,-78.31,Hail slightly larger than a dime was reported near Holden Beach. The hail producing thunderstorm moved out across the waters.,Hail slightly larger than a dime was reported near Holden Beach. This thunderstorm moved out across the waters.,CSV
201407,28,1611,201407,28,1611,89231,537664,ATLANTIC SOUTH,87,2014,July,Marine Hail,Z,137,NEUSE AND BAY RIVERS,87137,MHX,28-JUL-14 16:11:00,EST-5,28-JUL-14 16:11:00,0,0,0,0,0.00K,0.00K,Public,1.75,NA,NA,NA,NA,NA,NA,NA,NA,NA,NA,0.49,WNW,MINNESOTT BEACH FERRY TERMINAL,0.49,WNW,MINNESOTT BEACH FERRY TERMINAL,34.9716,-76.8185,34.9716,-76.8185,"A warm and unstable airmass was present across Eastern North Carolina ahead of an approaching cold front from the northwest. Numerous showers and thunderstorms developed during the afternoon and evening hours of July 28th, 2014. Several storms became severe producing strong winds and very large hail.",Minnesott Golf and Country Club reported golf ball sized hail.,CSV
201508,10,1115,201508,10,1115,97741,587733,LAKE MICHIGAN,91,2015,August,Marine Hail,Z,645,North Point Light to Wind Point WI,91645,MKX,10-AUG-15 11:15:00,CST-6,10-AUG-15 11:15:00,0,0,0,0,0.00K,0.00K,Public,1,NA,NA,NA,NA,NA,NA,NA,NA,NA,NA,3.5,NNW,CUDAHY,3.5,NNW,CUDAHY,42.9936,-87.8852,42.9936,-87.8852,"Severe thunderstorms affected portions of the near shore waters during the late morning and early afternoon, producing strong wind gusts and large hail.",The public reported 1 inch hail a few blocks from South Shore Park in Bayview.,CSV
201508,2,1255,201508,2,1255,100351,601073,LAKE HURON,90,2015,August,Marine Hail,Z,348,Presque Island Light to Sturgeon Point MI,90348,APX,02-AUG-15 12:55:00,EST-5,02-AUG-15 12:55:00,0,0,0,0,0.00K,0.00K,Public,1,NA,NA,NA,NA,NA,NA,NA,NA,NA,NA,1.71,NNE,BLACK RIVER,1.71,NNE,BLACK RIVER,44.8438,-83.3004,44.8438,-83.3004,Multiple waves of severe thunderstorms moved over Lake Huron on the 2nd.,NA,CSV
201508,2,1531,201508,2,1540,100352,601086,LAKE MICHIGAN,91,2015,August,Marine Hail,Z,323,Grand Traverse Bay & Norwood to Grand Traverse Light MI,91323,APX,02-AUG-15 15:31:00,EST-5,02-AUG-15 15:40:00,0,0,0,0,0.00K,0.00K,Public,1,NA,NA,NA,NA,NA,NA,NA,NA,NA,NA,1.05,E,SUTTONS BAY,0.58,NNW,ELK RAPIDS,44.9824,-85.6288,44.908,-85.4235,Several waves of severe thunderstorms crossed Lake Michigan on the 2nd.,NA,CSV
201508,4,1525,201508,4,1525,100251,600571,ATLANTIC NORTH,88,2015,August,Marine Hail,Z,230,Boston Harbor,88230,BOX,04-AUG-15 15:25:00,EST-5,04-AUG-15 15:25:00,0,0,0,0,0.00K,0.00K,Amateur Radio,1,NA,NA,NA,NA,NA,NA,NA,NA,NA,NA,3.8,WSW,BOSTON LIGHT,3.8,WSW,BOSTON LIGHT,42.3018,-70.9538,42.3018,-70.9538,"The second severe weather event for the day occurred north of the Massachusetts Turnpike (Interstate 90). This severe weather was triggered by an approaching cold front from the west. The previously hard hit areas of Rhode Island and southeast Massachusetts were not affected by this second round of storms. As these storms developed across western Massachusetts, they began to produce wind gusts of 50 to 60 mph. As they continued to move eastward, unusually large hail was the main event as several locations, including Boston, had hail up to 2 inches in diameter! In fact, the 2 inch diameter hail that occurred in Boston is the largest to ever occur in Suffolk County since records began in 1950.",Quarter size hail fell over Boston Harbor.,CSV
201508,2,1821,201508,2,1821,97130,584267,LAKE MICHIGAN,91,2015,August,Marine Hail,Z,644,Point Washington to North Point Light WI,91644,MKX,02-AUG-15 18:21:00,CST-6,02-AUG-15 18:21:00,0,0,0,0,0.00K,0.00K,Public,1,NA,NA,NA,NA,NA,NA,NA,NA,NA,NA,1,E,MEQUON,1,E,MEQUON,43.22,-87.9601,43.22,-87.9601,A strong cold front sagging south across Eastern Wisconsin and Lake Michigan triggered a line of strong thunderstorms during the late afternoon and early evening.  The thunderstorms produced large hail and strong wind gusts.,One inch hail reported by public 1 mile east of Mequon.,CSV
201508,2,1906,201508,2,1906,97130,584270,LAKE MICHIGAN,91,2015,August,Marine Hail,Z,645,North Point Light to Wind Point WI,91645,MKX,02-AUG-15 19:06:00,CST-6,02-AUG-15 19:06:00,0,0,0,0,0.00K,0.00K,Public,1,NA,NA,NA,NA,NA,NA,NA,NA,NA,NA,3.27,SE,MILWAUKEE HARBOR,3.27,SE,MILWAUKEE HARBOR,43,-87.92,43,-87.92,A strong cold front sagging south across Eastern Wisconsin and Lake Michigan triggered a line of strong thunderstorms during the late afternoon and early evening.  The thunderstorms produced large hail and strong wind gusts.,The public reported 1 inch hail 2 south of Milwaukee.,CSV
201508,2,1920,201508,2,1920,97130,584271,LAKE MICHIGAN,91,2015,August,Marine Hail,Z,645,North Point Light to Wind Point WI,91645,MKX,02-AUG-15 19:20:00,CST-6,02-AUG-15 19:20:00,0,0,0,0,0.00K,0.00K,Public,1.25,NA,NA,NA,NA,NA,NA,NA,NA,NA,NA,2.81,S,CUDAHY,2.81,S,CUDAHY,42.91,-87.86,42.91,-87.86,A strong cold front sagging south across Eastern Wisconsin and Lake Michigan triggered a line of strong thunderstorms during the late afternoon and early evening.  The thunderstorms produced large hail and strong wind gusts.,The public reported 1.25 inch hail in South Milwaukee.,CSV
201508,2,731,201508,2,733,99812,598527,LAKE MICHIGAN,91,2015,August,Marine Hail,Z,221,Bay of Green Bay North of Line from Cedar River MI to Rock Island Passage,91221,MQT,02-AUG-15 07:31:00,EST-5,02-AUG-15 07:33:00,0,0,0,0,0.00K,0.00K,Social Media,1.5,NA,NA,NA,NA,NA,NA,NA,NA,NA,NA,2.93,NNE,GLADSTONE,2.93,NNE,GLADSTONE,45.89,-87,45.89,-87,A strong cold front moving through the area produced a severe thunderstorm with golf ball sized hail near Rapid River during the morning of the 2nd.,Leaves and small branches were stripped off trees from ping pong sized hailstones near Rapid River.  The report was relayed via social media and time was estimated from radar.,CSV
201508,17,350,201508,17,353,99813,598528,LAKE MICHIGAN,91,2015,August,Marine Hail,Z,248,Seul Choix Point to Point Detour MI,91248,MQT,17-AUG-15 03:50:00,EST-5,17-AUG-15 03:53:00,0,0,0,0,0.00K,0.00K,Public,1,NA,NA,NA,NA,NA,NA,NA,NA,NA,NA,6.75,W,CHARBONEAU POINT,6.75,W,CHARBONEAU POINT,45.72,-86.66,45.72,-86.66,A cold front produced isolated strong to severe thunderstorms near Lake Michigan on the morning of the 17th.,One inch diameter hail was reported in Fayette on the morning of the 17th.,CSV
201506,22,1605,201506,22,1605,98368,591867,LAKE ERIE,95,2015,June,Marine Hail,Z,144,THE ISLANDS TO VERMILION OH,95144,CLE,22-JUN-15 16:05:00,EST-5,22-JUN-15 16:05:00,0,0,0,0,0.00K,0.00K,Public,1,NA,NA,NA,NA,NA,NA,NA,NA,NA,NA,10.95,W,VERMILION,10.95,W,VERMILION,41.3972,-82.5591,41.3972,-82.5591,"A low pressure system moved across the Great Lakes on the evening of Monday, June 22. A strong cold front trailed this low pressure system and produced an impressive line of thunderstorms, called a mesoscale convective system over Minnesota, Iowa, Wisconsin, and Illinois on the morning of the 22nd. The warm sector ahead of the cold front was very impressive with temperatures reaching the mid-80s and rather moderate instability in place for storms to develop in the afternoon. The low-level jet dynamics also looked favorable for severe weather to develop in both the afternoon and overnight hours. Just after 4pm on June 22, thunderstorms moved over western Lake Erie.  Quarter size hail was reported along the Lake Erie shoreline near Huron.",The public reported quarter size hail in Huron near Lake Erie.,CSV
201504,25,910,201504,25,910,95268,572523,GULF OF MEXICO,85,2015,April,Marine Hail,Z,452,COASTAL WATERS FROM INTRACOASTAL CITY TO CAMERON LA OUT 20 NM,85452,LCH,25-APR-15 09:10:00,CST-6,25-APR-15 09:10:00,0,0,0,0,0.00K,0.00K,Public,0.75,NA,NA,NA,NA,NA,NA,NA,NA,NA,NA,19.38,S,CAMERON,19.38,S,CAMERON,29.52,-93.28,29.52,-93.28,A large upper level trough stalled over the southwest states while multiple short waves rotated around the larger trough over a few days. This produced multiple rounds of strong storms over the the coastal waters.,Penny sized hail was reported at platform in West Cameron Block 110.,CSV
201508,2,1812,201508,2,1812,99701,598026,LAKE HURON,90,2015,August,Marine Hail,Z,441,Point Austin to Harbor Beach MI,90441,DTX,02-AUG-15 18:12:00,EST-5,02-AUG-15 18:12:00,0,0,0,0,0.00K,0.00K,Trained Spotter,1,NA,NA,NA,NA,NA,NA,NA,NA,NA,NA,1.21,SW,HARBOR BEACH,1.21,SW,HARBOR BEACH,43.84,-82.66,43.84,-82.66,Thunderstorms moving through Saginaw Bay and southern Lake Huron produced wind gusts to 60 mph.,NA,CSV
201508,2,1335,201508,2,1335,100039,600076,LAKE MICHIGAN,91,2015,August,Marine Hail,Z,522,Bay of Green Bay South of a line from Marinette to Fish Creek WI,91522,GRB,02-AUG-15 13:35:00,CST-6,02-AUG-15 13:35:00,0,0,0,0,0.00K,0.00K,Social Media,3,NA,NA,NA,NA,NA,NA,NA,NA,NA,NA,7.27,NNW,GREEN BAY ENTRANCE LIGHT,7.27,NNW,GREEN BAY ENTRANCE LIGHT,44.762,-87.936,44.762,-87.936,"Thunderstorms that moved across northern Wisconsin intensified as they reached the waters of Green Bay, where they produced strong winds.  Gusts of 47 knots and 54 knots were measured with these storms.",A thunderstorm dropped three inch hail as it moved onto the southern waters of Green Bay.,CSV
201508,2,1418,201508,2,1418,100039,600078,LAKE MICHIGAN,91,2015,August,Marine Hail,Z,522,Bay of Green Bay South of a line from Marinette to Fish Creek WI,91522,GRB,02-AUG-15 14:18:00,CST-6,02-AUG-15 14:18:00,0,0,0,0,0.00K,0.00K,Law Enforcement,1.75,NA,NA,NA,NA,NA,NA,NA,NA,NA,NA,6.72,WSW,GREEN BAY ENTRANCE LIGHT,6.72,WSW,GREEN BAY ENTRANCE LIGHT,44.63,-88.03,44.63,-88.03,"Thunderstorms that moved across northern Wisconsin intensified as they reached the waters of Green Bay, where they produced strong winds.  Gusts of 47 knots and 54 knots were measured with these storms.",A thunderstorm dropped golf ball size hail east of Suamico as the storms moved onto the waters of Green Bay.,CSV
201508,2,1400,201508,2,1400,100039,600079,LAKE MICHIGAN,91,2015,August,Marine Hail,Z,522,Bay of Green Bay South of a line from Marinette to Fish Creek WI,91522,GRB,02-AUG-15 14:00:00,CST-6,02-AUG-15 14:00:00,0,0,0,0,0.00K,0.00K,Social Media,1,NA,NA,NA,NA,NA,NA,NA,NA,NA,NA,0.64,NW,DYCKESVILLE,0.64,NW,DYCKESVILLE,44.656,-87.76,44.656,-87.76,"Thunderstorms that moved across northern Wisconsin intensified as they reached the waters of Green Bay, where they produced strong winds.  Gusts of 47 knots and 54 knots were measured with these storms.","A thunderstorm dropped quarter size hail over the southern waters of Green Bay, near Dyckesville.",CSV
201508,10,1115,201508,10,1115,97741,587735,LAKE MICHIGAN,91,2015,August,Marine Hail,Z,645,North Point Light to Wind Point WI,91645,MKX,10-AUG-15 11:15:00,CST-6,10-AUG-15 11:15:00,0,0,0,0,0.00K,0.00K,Law Enforcement,0.75,NA,NA,NA,NA,NA,NA,NA,NA,NA,NA,3.61,E,MILWAUKEE HARBOR,3.61,E,MILWAUKEE HARBOR,43.0256,-87.8988,43.0256,-87.8988,"Severe thunderstorms affected portions of the near shore waters during the late morning and early afternoon, producing strong wind gusts and large hail.",Law Enforcement reported three quarter inch hail on the Hoan Bridge in Milwaukee.,CSV
201508,2,1812,201508,2,1812,99701,598027,LAKE HURON,90,2015,August,Marine Hail,Z,442,Harbor Beach to Point Sanilac MI,90442,DTX,02-AUG-15 18:12:00,EST-5,02-AUG-15 18:12:00,0,0,0,0,0.00K,0.00K,Trained Spotter,1,NA,NA,NA,NA,NA,NA,NA,NA,NA,NA,0.85,NW,HARBOR BEACH,0.85,NW,HARBOR BEACH,43.84,-82.66,43.84,-82.66,Thunderstorms moving through Saginaw Bay and southern Lake Huron produced wind gusts to 60 mph.,NA,CSV
201504,22,1639,201504,22,1659,95526,574216,GULF OF MEXICO,85,2015,April,Marine Hail,Z,235,PT O'CONNOR TO ARANSAS PASS,85235,CRP,22-APR-15 16:39:00,CST-6,22-APR-15 16:59:00,0,0,0,0,0.00K,0.00K,Law Enforcement,2.5,NA,NA,NA,NA,NA,NA,NA,NA,NA,NA,6.76,SW,SEADRIFT,10.9,SSE,SEADRIFT,28.3463,-96.7932,28.2731,-96.655,Severe supercell thunderstorms formed over South Texas and moved into the coastal waters during the day on April 22nd. The storms produced severe wind gusts and hail. A waterspout was also observed.,Severe thunderstorm producing tennis ball sized hail at Hopper's Landing moved southeast across the San Antonio Bay.,CSV
201504,22,1315,201504,22,1316,95526,574211,GULF OF MEXICO,85,2015,April,Marine Hail,Z,230,CORPUS CHRISTI TO BAFFIN BAY,85230,CRP,22-APR-15 13:15:00,CST-6,22-APR-15 13:16:00,0,0,0,0,0.00K,0.00K,Public,0.88,NA,NA,NA,NA,NA,NA,NA,NA,NA,NA,0.8,E,BOB HALL PIER,2.05,ESE,BOB HALL PIER,27.581,-97.217,27.5693,-97.1988,Severe supercell thunderstorms formed over South Texas and moved into the coastal waters during the day on April 22nd. The storms produced severe wind gusts and hail. A waterspout was also observed.,Nickel sized hail occurred at Bob Hall Pier.,CSV
201606,22,1730,201606,22,1730,105402,632122,LAKE MICHIGAN,91,2016,June,Marine Hail,Z,646,WIND PT LT WI TO WINTHROP HBR IL,91646,MKX,22-JUN-16 17:30:00,CST-6,22-JUN-16 17:30:00,0,0,0,0,0.00K,0.00K,Public,0.75,NA,NA,NA,NA,NA,NA,NA,NA,NA,NA,0,N,WIND POINT,0,N,WIND POINT,42.78,-87.83,42.78,-87.83,Isolated strong thunderstorms affected a small part of the lakeshore waters during the evening of June 22nd.,The public estimated 0.75 inch hail in Wind Point and relayed their report via social media.,CSV
201604,15,1600,201604,15,1600,104558,626297,ATLANTIC SOUTH,87,2016,April,Marine Hail,Z,555,SEBASTIAN INLET TO JUPITER INLET 0-20NM,87555,MLB,15-APR-16 16:00:00,EST-5,15-APR-16 16:00:00,0,0,0,0,0.00K,0.00K,Trained Spotter,1.5,NA,NA,NA,NA,NA,NA,NA,NA,NA,NA,1.85,NW,TEQUESTA,1.85,NW,TEQUESTA,26.98,-80.11,26.98,-80.11,A severe thunderstorm developed over Martin County then moved east to Jupiter Island. Large hail was observed in Jupiter as the storm moved to the intracoastal waters.,A trained weather spotter observed ping pong ball sized hail in Jupiter as the thunderstorm was about to move to the intracoastal waters.,CSV
201604,25,1635,201604,25,1635,103979,622076,LAKE MICHIGAN,91,2016,April,Marine Hail,Z,644,PT WASHINGTON TO NORTH PT LT WI,91644,MKX,25-APR-16 16:35:00,CST-6,25-APR-16 16:35:00,0,0,0,0,0.00K,0.00K,Amateur Radio,1.75,NA,NA,NA,NA,NA,NA,NA,NA,NA,NA,0.85,NW,PORT WASHINGTON,0.85,NW,PORT WASHINGTON,43.39,-87.88,43.39,-87.88,Low pressure and a cold front moving through southeast Wisconsin and Lake Michigan triggered scattered strong thunderstorms over the shore waters of Lake Michigan out to mid-lake.  Several of the thunderstorms produced large hail.,NA,CSV
201604,18,1940,201604,18,1950,105566,633373,GULF OF MEXICO,85,2016,April,Marine Hail,Z,130,LAGUNA MADRE FROM PORT OF BROWNSVILLE TO ARROYO COLORADO,85130,BRO,18-APR-16 19:40:00,CST-6,18-APR-16 19:50:00,0,0,0,0,0.00K,0.00K,Social Media,1,NA,NA,NA,NA,NA,NA,NA,NA,NA,NA,4.25,N,PORT ISABEL,4.25,N,PORT ISABEL,26.1308,-97.1899,26.1308,-97.1899,"Continued flow from the east/northeast ran into northward moving boundaries from storms in Tamaulipas/Nuevo Leon to form a rogue severe storm over the Laguna Madre, Port Isabel, and South Padre Island. This storm would produce quarter sized hail.  Soon after, outflow from this storm would link up with others from a convective complex over Mexico to create a potent local convective system. Outflow from some of thunderstorms in this convective system would produce wind gusts in excess of 34 knots across the Laguna Madre.","Public reported, via social media, quarter sized hail falling near and around South Padre Island.",CSV
201606,1,1700,201606,1,1704,107626,644963,LAKE SUPERIOR,92,2016,June,Marine Hail,Z,248,HURON ISLANDS TO MARQUETTE MI,92248,MQT,01-JUN-16 17:00:00,EST-5,01-JUN-16 17:04:00,0,0,0,0,0.00K,0.00K,Social Media,0.75,NA,NA,NA,NA,NA,NA,NA,NA,NA,NA,2.36,S,LITTLE PRESQUE ISLE,2.36,S,LITTLE PRESQUE ISLE,46.6063,-87.4516,46.6063,-87.4516,Strong thunderstorms developed along a cold front and produced strong winds and large hail over the nearshore waters of south central Lake Superior on the evening of the 1st.,There was a public report via social media of penny-sized hail near Hogback Mountain.,CSV
201606,15,1923,201606,15,1923,105205,630418,LAKE MICHIGAN,91,2016,June,Marine Hail,Z,644,PT WASHINGTON TO NORTH PT LT WI,91644,MKX,15-JUN-16 19:23:00,CST-6,15-JUN-16 19:23:00,0,0,0,0,0.00K,0.00K,Public,1,NA,NA,NA,NA,NA,NA,NA,NA,NA,NA,1.01,E,MEQUON,1.01,E,MEQUON,43.22,-87.96,43.22,-87.96,"Strong thunderstorms developed over central Wisconsin and tracked southeast affecting the lake shore and near shore waters of Lake Michigan during the evening, producing strong winds and large hail.",The public observed one inch hail 4 NW Bayside in eastern Ozaukee county.,CSV
201606,20,1010,201606,20,1010,108008,647060,LAKE HURON,90,2016,June,Marine Hail,Z,348,PRESQUE ISLE LIGHT TO STURGEON POINT MI INC THUNDER BAY NATIONAL MARINE SANCTUARY,90348,APX,20-JUN-16 10:10:00,EST-5,20-JUN-16 10:10:00,0,0,0,0,0.00K,0.00K,Public,0.88,NA,NA,NA,NA,NA,NA,NA,NA,NA,NA,2.06,E,OSSINEKE,2.06,E,OSSINEKE,44.9182,-83.378,44.9182,-83.378,A strong thunderstorm moved off of northeast lower Michigan into northern Lake Huron.,NA,CSV
201606,3,1313,201606,3,1314,107737,645604,GULF OF MEXICO,85,2016,June,Marine Hail,Z,230,CORPUS CHRISTI TO BAFFIN BAY,85230,CRP,03-JUN-16 13:13:00,CST-6,03-JUN-16 13:14:00,0,0,0,0,0.00K,0.00K,NWS Employee,0.75,NA,NA,NA,NA,NA,NA,NA,NA,NA,NA,6.34,NNW,BOB HALL PIER,6,NNW,BOB HALL PIER,27.6623,-97.2757,27.6629,-97.2592,The slow moving upper low over south central Texas interacted with deep moisture over the region to produce scattered thunderstorms. The storms produced wind gusts from 35 to 50 knots over the offshore waters during the early morning hours and along the coast during the afternoon. Dime sized hail occurred near Corpus Christi Bay also.,Dime sized hail occurred at Flour Bluff moving into the northern Laguna Madre.,CSV
201606,15,1922,201606,15,1922,105205,630417,LAKE MICHIGAN,91,2016,June,Marine Hail,Z,644,PT WASHINGTON TO NORTH PT LT WI,91644,MKX,15-JUN-16 19:22:00,CST-6,15-JUN-16 19:22:00,0,0,0,0,0.00K,0.00K,Broadcast Media,1.5,NA,NA,NA,NA,NA,NA,NA,NA,NA,NA,3,E,MEQUON,3,E,MEQUON,43.22,-87.9204,43.22,-87.9204,"Strong thunderstorms developed over central Wisconsin and tracked southeast affecting the lake shore and near shore waters of Lake Michigan during the evening, producing strong winds and large hail.",One and one half inch hail was measured 3 miles east of downtown Mequon.,CSV
201605,23,1454,201605,23,1454,106332,638454,ATLANTIC NORTH,88,2016,May,Marine Hail,Z,536,TIDAL POTOMAC INDIAN HD TO COBB IS MD,88536,LWX,23-MAY-16 14:54:00,EST-5,23-MAY-16 14:54:00,0,0,0,0,NA,NA,Public,0.75,NA,NA,NA,NA,NA,NA,NA,NA,NA,NA,7.01,ENE,LEESYLVANIA STATE PARK (LSLVN),7.01,ENE,LEESYLVANIA STATE PARK (LSLVN),38.7054,-77.1281,38.7054,-77.1281,Scattered showers and thunderstorms with embedded stronger storms formed under a closer upper level low with warm temps and increased low level moisture leading to marginal instability.,Nickel size hail was reported near Fort Belvoir.,CSV
201605,23,1654,201605,23,1654,106332,638459,ATLANTIC NORTH,88,2016,May,Marine Hail,Z,533,CHESAPEAKE BAY N BEACH TO DRUM PT MD,88533,LWX,23-MAY-16 16:54:00,EST-5,23-MAY-16 16:54:00,0,0,0,0,NA,NA,Public,1,NA,NA,NA,NA,NA,NA,NA,NA,NA,NA,0,N,ROD N REEL CHESAPEAKE BEACH (CHSRL),0,N,ROD N REEL CHESAPEAKE BEACH (CHSRL),38.69,-76.53,38.69,-76.53,Scattered showers and thunderstorms with embedded stronger storms formed under a closer upper level low with warm temps and increased low level moisture leading to marginal instability.,Quarter size hail was reported near Chesapeake Bay.,CSV
201605,2,1735,201605,2,1735,106328,638411,ATLANTIC NORTH,88,2016,May,Marine Hail,Z,536,TIDAL POTOMAC INDIAN HD TO COBB IS MD,88536,LWX,02-MAY-16 17:35:00,EST-5,02-MAY-16 17:35:00,0,0,0,0,NA,NA,Public,2.25,NA,NA,NA,NA,NA,NA,NA,NA,NA,NA,0,N,LEESYLVANIA STATE PARK (LSLVN),0,N,LEESYLVANIA STATE PARK (LSLVN),38.67,-77.25,38.67,-77.25,"A cold front moved through the Mid-Atlantic region, with showers and thunderstorms developing ahead and along the frontal boundary. Many thunderstorms became severe with large hail and damaging winds.",Near tennis ball size hail reported between Occoquan and Lorton.,CSV
201608,17,1519,201608,17,1519,109400,654870,LAKE ST CLAIR,81,2016,August,Marine Hail,Z,422,ST CLAIR RIVER,81422,DTX,17-AUG-16 15:19:00,EST-5,17-AUG-16 15:19:00,0,0,0,0,0.00K,0.00K,Emergency Manager,0.75,NA,NA,NA,NA,NA,NA,NA,NA,NA,NA,0.86,NW,PORT HURON,0.86,NW,PORT HURON,42.99,-82.43,42.99,-82.43,"Strong thunderstorms moved through the Detroit and Lake St. Clair Rivers, as well as Lake St. Clair.",NA,CSV
201607,19,2204,201607,19,2209,109127,653598,ATLANTIC NORTH,88,2016,July,Marine Hail,Z,535,TIDAL POTOMAC KEY BRIDGE TO INDIAN HD MD,88535,LWX,19-JUL-16 22:04:00,EST-5,19-JUL-16 22:09:00,0,0,0,0,NA,NA,Public,1,NA,NA,NA,NA,NA,NA,NA,NA,NA,NA,0,N,NATIONALS PARK (WSHNP),0,N,NATIONALS PARK (WSHNP),38.87,-77.01,38.87,-77.01,A boundary stalled over the area. Warm and humid conditions led to an unstable atmosphere while an upper-level trough passed through the area. The forcing from the boundary front combined with the instability to trigger thunderstorms. Stronger shear from the upper-level trough caused some thunderstorms to produce gusty winds.,Quarter sized hail was reported.,CSV
201607,19,2208,201607,19,2208,109127,653600,ATLANTIC NORTH,88,2016,July,Marine Hail,Z,535,TIDAL POTOMAC KEY BRIDGE TO INDIAN HD MD,88535,LWX,19-JUL-16 22:08:00,EST-5,19-JUL-16 22:08:00,0,0,0,0,NA,NA,Public,0.88,NA,NA,NA,NA,NA,NA,NA,NA,NA,NA,0.65,ESE,NATIONALS PARK (WSHNP),0.65,ESE,NATIONALS PARK (WSHNP),38.8659,-76.9991,38.8659,-76.9991,A boundary stalled over the area. Warm and humid conditions led to an unstable atmosphere while an upper-level trough passed through the area. The forcing from the boundary front combined with the instability to trigger thunderstorms. Stronger shear from the upper-level trough caused some thunderstorms to produce gusty winds.,Nickel sized hail was reported.,CSV
201607,8,958,201607,8,958,108823,651898,LAKE MICHIGAN,91,2016,July,Marine Hail,Z,344,SLEEPING BEAR POINT TO GRAND TRAVERSE LIGHT MI,91344,APX,08-JUL-16 09:58:00,EST-5,08-JUL-16 09:58:00,0,0,0,0,0.00K,0.00K,Trained Spotter,3,NA,NA,NA,NA,NA,NA,NA,NA,NA,NA,1.29,E,GLEN HAVEN,1.29,E,GLEN HAVEN,44.9065,-85.9941,44.9065,-85.9941,Thunderstorms with very large hail developed over northern Lake Michigan on the morning of the 8th.,NA,CSV
201607,8,1040,201607,8,1040,108823,651899,LAKE MICHIGAN,91,2016,July,Marine Hail,Z,323,GRAND TRAVERSE BAY FROM GRAND TRAVERSE LIGHT TO NORWOOD MI,91323,APX,08-JUL-16 10:40:00,EST-5,08-JUL-16 10:40:00,0,0,0,0,0.00K,0.00K,Trained Spotter,1,NA,NA,NA,NA,NA,NA,NA,NA,NA,NA,0.9,E,SUTTONS BAY,0.9,E,SUTTONS BAY,44.9804,-85.6316,44.9804,-85.6316,Thunderstorms with very large hail developed over northern Lake Michigan on the morning of the 8th.,NA,CSV
201607,26,1839,201607,26,1844,109026,653098,LAKE SUPERIOR,92,2016,July,Marine Hail,Z,251,GRAND MARAIS TO WHITEFISH POINT MI,92251,MQT,26-JUL-16 18:39:00,EST-5,26-JUL-16 18:44:00,0,0,0,0,0.00K,0.00K,Trained Spotter,0.75,NA,NA,NA,NA,NA,NA,NA,NA,NA,NA,1,WSW,GRAND MARAIS LIGHT,1,WSW,GRAND MARAIS LIGHT,46.6747,-85.9896,46.6747,-85.9896,A cold front moving slowly through an unstable air mass produced severe thunderstorms with large hail from Grand Marais to Deer Park on the evening of the 26th.,A spotter in Grand Marais reported dime-sized hail.,CSV
201607,26,1842,201607,26,1847,109026,653102,LAKE SUPERIOR,92,2016,July,Marine Hail,Z,251,GRAND MARAIS TO WHITEFISH POINT MI,92251,MQT,26-JUL-16 18:42:00,EST-5,26-JUL-16 18:47:00,0,0,0,0,0.00K,0.00K,Public,0.75,NA,NA,NA,NA,NA,NA,NA,NA,NA,NA,1.17,SW,GRAND MARAIS LIGHT,1.17,SW,GRAND MARAIS LIGHT,46.67,-85.99,46.67,-85.99,A cold front moving slowly through an unstable air mass produced severe thunderstorms with large hail from Grand Marais to Deer Park on the evening of the 26th.,There was a public report of dime-sized hail observed along West Bay in Grand Marais.,CSV
201607,26,1835,201607,26,1840,109026,653092,LAKE SUPERIOR,92,2016,July,Marine Hail,Z,251,GRAND MARAIS TO WHITEFISH POINT MI,92251,MQT,26-JUL-16 18:35:00,EST-5,26-JUL-16 18:40:00,0,0,0,0,0.00K,0.00K,Trained Spotter,1,NA,NA,NA,NA,NA,NA,NA,NA,NA,NA,1.68,SE,MUSKALLONGE LAKE STATE PARK,1.68,SE,MUSKALLONGE LAKE STATE PARK,46.66,-85.61,46.66,-85.61,A cold front moving slowly through an unstable air mass produced severe thunderstorms with large hail from Grand Marais to Deer Park on the evening of the 26th.,A spotter just south of Deer Park observed one-inch diameter hail with a thunderstorm.,CSV
201607,26,1843,201607,26,1848,109026,653105,LAKE SUPERIOR,92,2016,July,Marine Hail,Z,251,GRAND MARAIS TO WHITEFISH POINT MI,92251,MQT,26-JUL-16 18:43:00,EST-5,26-JUL-16 18:48:00,0,0,0,0,0.00K,0.00K,Trained Spotter,0.75,NA,NA,NA,NA,NA,NA,NA,NA,NA,NA,1.46,SSE,GRAND MARAIS LIGHT,1.46,SSE,GRAND MARAIS LIGHT,46.66,-85.96,46.66,-85.96,A cold front moving slowly through an unstable air mass produced severe thunderstorms with large hail from Grand Marais to Deer Park on the evening of the 26th.,The spotter near Grand Marais observed dime-sized hail.,CSV
201607,26,1843,201607,26,1850,109026,653108,LAKE SUPERIOR,92,2016,July,Marine Hail,Z,251,GRAND MARAIS TO WHITEFISH POINT MI,92251,MQT,26-JUL-16 18:43:00,EST-5,26-JUL-16 18:50:00,0,0,0,0,0.00K,0.00K,Public,1.25,NA,NA,NA,NA,NA,NA,NA,NA,NA,NA,0.69,S,GRAND MARAIS LIGHT,0.69,S,GRAND MARAIS LIGHT,46.67,-85.97,46.67,-85.97,A cold front moving slowly through an unstable air mass produced severe thunderstorms with large hail from Grand Marais to Deer Park on the evening of the 26th.,There was a public report of hail stones from dime-sized to greater than quarter-sized.  The hail lasted an estimated 5 to 10 minutes.,CSV
201607,13,1425,201607,13,1429,108453,649697,LAKE SUPERIOR,92,2016,July,Marine Hail,Z,247,PORTAGE LAKE TO HURON IS MI TO LOWER ENTRANCE OF PORTAGE CANAL TO HURON IS INC KEWEENAW AND HURON BAYS,92247,MQT,13-JUL-16 14:25:00,EST-5,13-JUL-16 14:29:00,0,0,0,0,0.00K,0.00K,COOP Observer,0.88,NA,NA,NA,NA,NA,NA,NA,NA,NA,NA,2.76,N,KEWEENAW LOWER ENTRANCE LIGHT,2.76,N,KEWEENAW LOWER ENTRANCE LIGHT,47.01,-88.43,47.01,-88.43,Daytime heating and instability produced strong thunderstorms on the afternoon of the 13th which moved over portions of the south central Lake Superior.,Nickel-sized hail was reported by the observer near Jacobsville.,CSV
201701,22,1935,201701,22,1935,112148,668818,ATLANTIC SOUTH,87,2017,January,Marine Hail,Z,454,ST AUGUSTINE TO FLAGLER BEACH FL OUT 20NM,87454,JAX,22-JAN-17 19:35:00,EST-5,22-JAN-17 19:35:00,0,0,0,0,0.00K,0.00K,Trained Spotter,1,NA,NA,NA,NA,NA,NA,NA,NA,NA,NA,5.44,SW,BEVERLY BEACH,5.44,SW,BEVERLY BEACH,29.57,-81.2,29.57,-81.2,"An exceptionally rare high risk of severe storms was issued for the local forecast area with extremely strong shear including a 70 kt 850 mb jet combined with an anomalously deep mid level trough across the Gulf Coast region pumped Gulf of Mexico moisture and instability across the area head of a potent storm system. Two waves of severe storms moved across the forecast area, once during the pre-dawn and early morning hours across SE GA, then another squall line of discrete supercells and leading supercells across both SE GA and NE FL in the afternoon and evening. Three tornado touchdowns were confirmed in SE GA during this time period with 1 fatality in Columbia county Florida due to a tree falling on a mobile home. This was a very unusual strong storm system that brought all modes of severe weather to the Jacksonville Forecast area.",Quarter size hail was reported in the C section of Palm Coast.,CSV
201706,5,1820,201706,5,1825,118940,714534,GULF OF MEXICO,85,2017,June,Marine Hail,Z,235,PT O'CONNOR TO ARANSAS PASS,85235,CRP,05-JUN-17 18:20:00,CST-6,05-JUN-17 18:25:00,0,0,0,0,0.00K,0.00K,Social Media,1.25,NA,NA,NA,NA,NA,NA,NA,NA,NA,NA,9.61,WNW,MESQUITE BAY,9.61,W,MESQUITE BAY,28.1286,-96.9844,28.119,-96.9863,Scattered thunderstorms over the Coastal Bend moved into the coastal waters from Corpus Christi Bay to Baffin Bay during the afternoon. Wind gusts were around 40 knots with the storms.  Large hail up to golf ball sized occurred over Aransas Bay also.,Storm that produced hail to half dollar size at Goose Island State Park moved southeast into Aransas Bay.,CSV
201703,23,2008,201703,23,2008,113163,676881,LAKE MICHIGAN,91,2017,March,Marine Hail,Z,646,WIND PT LT WI TO WINTHROP HBR IL,91646,MKX,23-MAR-17 20:08:00,CST-6,23-MAR-17 20:08:00,0,0,0,0,0.00K,0.00K,Social Media,0.75,NA,NA,NA,NA,NA,NA,NA,NA,NA,NA,0.5,W,WIND POINT,0.5,W,WIND POINT,42.78,-87.8399,42.78,-87.8399,"Several strong thunderstorms moved over the nearshore waters of Lake Michigan during the late evening of March 23rd.  One of these thunderstorms produced a swath of hail across eastern Racine County into the nearshore waters of Lake Michigan.  The hail was reported to be several inches deep, and lingered into the following morning.",Picture of 3/4 inch hail posted on WFO MKX Facebook page. Location was about one half mile from Wind Point lakeshore.,CSV
201705,25,1715,201705,25,1715,117505,706695,ATLANTIC NORTH,88,2017,May,Marine Hail,Z,541,CHOPTANK RIVER TO CAMBRIDGE MD AND THE LITTLE CHOPTANK RIVER,88541,LWX,25-MAY-17 17:15:00,EST-5,25-MAY-17 17:15:00,0,0,0,0,NA,NA,Unknown,0.88,NA,NA,NA,NA,NA,NA,NA,NA,NA,NA,3.74,NNE,TILGHMAN ES (TILHM),3.74,NNE,TILGHMAN ES (TILHM),38.7615,-76.3188,38.7615,-76.3188,Low pressure and an associated cold front moved across the Mid-Atlantic region during the day on May 25th. Warm and humid conditions led to showers and thunderstorms. Some thunderstorms produced gusty winds and large hail.,Nickel sized hail was reported in Sherwood.,CSV
201705,17,1830,201705,17,1834,116604,701225,LAKE MICHIGAN,91,2017,May,Marine Hail,Z,221,GREEN BAY N FROM CEDAR RIVER MI TO ROCK ISLAND PASSAGE,91221,MQT,17-MAY-17 18:30:00,EST-5,17-MAY-17 18:34:00,0,0,0,0,0.00K,0.00K,Trained Spotter,0.88,NA,NA,NA,NA,NA,NA,NA,NA,NA,NA,1.45,W,ESCANABA LIGHT,1.45,W,ESCANABA LIGHT,45.74,-87.07,45.74,-87.07,An upper disturbance moving along a frontal boundary and interacting with a warm and moist air mass produced nickel sized hail near Escanaba on the evening of the 17th.,A spotter in Escanaba reported pea to nickel sized hail from a thunderstorm.,CSV
201703,23,1640,201703,23,1640,114052,683034,GULF OF MEXICO,85,2017,March,Marine Hail,Z,656,CHOKOLOSKEE TO BONITA BEACH FL OUT 20NM,85656,MFL,23-MAR-17 16:40:00,EST-5,23-MAR-17 16:40:00,0,0,0,0,NA,NA,Public,0.88,NA,NA,NA,NA,NA,NA,NA,NA,NA,NA,24.41,SSE,WIGGINS PASS,24.41,SSE,WIGGINS PASS,25.9348,-81.7363,25.9348,-81.7363,A cold front moving across South Florida produced showers and thunderstorms across the area. With cold temperatures aloft and abundant moisture ahead of the cold front conditions were favorable for thunderstorms. Some of these thunderstorms produced gusty winds and hail.,A member of the public called to report nickel size hail on Marco Island.,CSV
201705,25,1723,201705,25,1723,117505,706707,ATLANTIC NORTH,88,2017,May,Marine Hail,Z,543,TANGIER SOUND AND THE INLAND WATERS SURROUNDING BLOODSWORTH ISLAND,88543,LWX,25-MAY-17 17:23:00,EST-5,25-MAY-17 17:23:00,0,0,0,0,NA,NA,Unknown,0.75,NA,NA,NA,NA,NA,NA,NA,NA,NA,NA,7.6,NNW,RACCOON POINT (RAC),7.6,NNW,RACCOON POINT (RAC),38.246,-75.8273,38.246,-75.8273,Low pressure and an associated cold front moved across the Mid-Atlantic region during the day on May 25th. Warm and humid conditions led to showers and thunderstorms. Some thunderstorms produced gusty winds and large hail.,Penny sized hail was estimated near Mount Vernon.,CSV
201702,25,1532,201702,25,1532,113680,680445,ATLANTIC NORTH,88,2017,February,Marine Hail,Z,532,CHESAPEAKE BAY SANDY PT TO N BEACH MD,88532,LWX,25-FEB-17 15:32:00,EST-5,25-FEB-17 15:32:00,0,0,0,0,NA,NA,Trained Spotter,0.75,NA,NA,NA,NA,NA,NA,NA,NA,NA,NA,36.96,NE,POTOMAC RIVER BUOY (44067),36.96,NE,POTOMAC RIVER BUOY (44067),38.7765,-76.5552,38.7765,-76.5552,"A potent cold front passed through the waters on the 25th. Southerly winds ahead of the boundary ushered in unusually warm and humid conditions for this time of year which led to some instability. A line of showers and thunderstorms developed, and this convection was able to pull down strong winds from aloft.",Penny sized hail was reported in Deale.,CSV
201702,25,1535,201702,25,1535,113680,680446,ATLANTIC NORTH,88,2017,February,Marine Hail,Z,533,CHESAPEAKE BAY N BEACH TO DRUM PT MD,88533,LWX,25-FEB-17 15:35:00,EST-5,25-FEB-17 15:35:00,0,0,0,0,NA,NA,Trained Spotter,1,NA,NA,NA,NA,NA,NA,NA,NA,NA,NA,0.39,NNW,ROD N REEL CHESAPEAKE BEACH (CHSRL),0.39,NNW,ROD N REEL CHESAPEAKE BEACH (CHSRL),38.6948,-76.5337,38.6948,-76.5337,"A potent cold front passed through the waters on the 25th. Southerly winds ahead of the boundary ushered in unusually warm and humid conditions for this time of year which led to some instability. A line of showers and thunderstorms developed, and this convection was able to pull down strong winds from aloft.",Quarter sized hail was reported at Chesapeake Beach.,CSV
201702,25,1620,201702,25,1620,113680,680453,ATLANTIC NORTH,88,2017,February,Marine Hail,Z,537,TIDAL POTOMAC COBB IS MD TO SMITH PT VA,88537,LWX,25-FEB-17 16:20:00,EST-5,25-FEB-17 16:20:00,0,0,0,0,NA,NA,Trained Spotter,1.25,NA,NA,NA,NA,NA,NA,NA,NA,NA,NA,5.82,N,COBB POINT (COB),5.82,N,COBB POINT (COB),38.3235,-76.815,38.3235,-76.815,"A potent cold front passed through the waters on the 25th. Southerly winds ahead of the boundary ushered in unusually warm and humid conditions for this time of year which led to some instability. A line of showers and thunderstorms developed, and this convection was able to pull down strong winds from aloft.",Half-dollar sized hail was reported at Redgate.,CSV
201705,23,1910,201705,23,1913,116183,703404,GULF OF MEXICO,85,2017,May,Marine Hail,Z,235,PT O'CONNOR TO ARANSAS PASS,85235,CRP,23-MAY-17 19:10:00,CST-6,23-MAY-17 19:13:00,0,0,0,0,0.00K,0.00K,Public,0.88,NA,NA,NA,NA,NA,NA,NA,NA,NA,NA,20.06,NNW,PORT ARANSAS,19.54,NNW,PORT ARANSAS,28.0922,-97.2112,28.0881,-97.201,"The squall line of storms, that moved through the Coastal Bend, moved through the coastal waters of the Middle Texas coast during the evening hours. The storms produced wind gusts from 40 to 50 knots and hail ranging in size from nickels to ping pong balls.",Nickel sized hail was reported near Bayside.,CSV
201705,23,1915,201705,23,1925,116183,703406,GULF OF MEXICO,85,2017,May,Marine Hail,Z,235,PT O'CONNOR TO ARANSAS PASS,85235,CRP,23-MAY-17 19:15:00,CST-6,23-MAY-17 19:25:00,0,0,0,0,0.00K,0.00K,Public,1.5,NA,NA,NA,NA,NA,NA,NA,NA,NA,NA,16.95,NNW,PORT ARANSAS,15.33,W,MESQUITE BAY,28.0644,-97.1518,28.0828,-97.0807,"The squall line of storms, that moved through the Coastal Bend, moved through the coastal waters of the Middle Texas coast during the evening hours. The storms produced wind gusts from 40 to 50 knots and hail ranging in size from nickels to ping pong balls.",Ping pong ball sized hail was reported west of Rockport.,CSV
201702,25,1518,201702,25,1518,113680,680454,ATLANTIC NORTH,88,2017,February,Marine Hail,Z,538,PATAPSCO RIVER INCLUDING BALTIMORE HARBOR,88538,LWX,25-FEB-17 15:18:00,EST-5,25-FEB-17 15:18:00,0,0,0,0,NA,NA,Trained Spotter,0.75,NA,NA,NA,NA,NA,NA,NA,NA,NA,NA,2.21,ESE,LAKELAND ES AND MS (BLTLK),2.21,ESE,LAKELAND ES AND MS (BLTLK),39.2422,-76.6099,39.2422,-76.6099,"A potent cold front passed through the waters on the 25th. Southerly winds ahead of the boundary ushered in unusually warm and humid conditions for this time of year which led to some instability. A line of showers and thunderstorms developed, and this convection was able to pull down strong winds from aloft.",Penny sized hail was reported at Brooklyn Park.,CSV
201702,25,1456,201702,25,1504,113680,680457,ATLANTIC NORTH,88,2017,February,Marine Hail,Z,536,TIDAL POTOMAC INDIAN HD TO COBB IS MD,88536,LWX,25-FEB-17 14:56:00,EST-5,25-FEB-17 15:04:00,0,0,0,0,NA,NA,Trained Spotter,0.75,NA,NA,NA,NA,NA,NA,NA,NA,NA,NA,52.69,SW,CREEK ROAD (CRKM2),52.69,SW,CREEK ROAD (CRKM2),38.5987,-77.1632,38.5987,-77.1632,"A potent cold front passed through the waters on the 25th. Southerly winds ahead of the boundary ushered in unusually warm and humid conditions for this time of year which led to some instability. A line of showers and thunderstorms developed, and this convection was able to pull down strong winds from aloft.",Penny sized hail was reported at Indian Head.,CSV
201702,25,1442,201702,25,1442,113680,680441,ATLANTIC NORTH,88,2017,February,Marine Hail,Z,536,TIDAL POTOMAC INDIAN HD TO COBB IS MD,88536,LWX,25-FEB-17 14:42:00,EST-5,25-FEB-17 14:42:00,0,0,0,0,NA,NA,Trained Spotter,1,NA,NA,NA,NA,NA,NA,NA,NA,NA,NA,1.54,SE,GRAHAM PARK MS (TRNGL),1.54,SE,GRAHAM PARK MS (TRNGL),38.5429,-77.3019,38.5429,-77.3019,"A potent cold front passed through the waters on the 25th. Southerly winds ahead of the boundary ushered in unusually warm and humid conditions for this time of year which led to some instability. A line of showers and thunderstorms developed, and this convection was able to pull down strong winds from aloft.",Quarter sized hail was reported nearby.,CSV
201704,10,1030,201704,10,1030,116096,697784,LAKE MICHIGAN,91,2017,April,Marine Hail,Z,344,SLEEPING BEAR POINT TO GRAND TRAVERSE LIGHT MI,91344,APX,10-APR-17 10:30:00,EST-5,10-APR-17 10:30:00,0,0,0,0,0.00K,0.00K,Public,0.88,NA,NA,NA,NA,NA,NA,NA,NA,NA,NA,4.23,NNE,LELAND,4.23,NNE,LELAND,45.0711,-85.7325,45.0711,-85.7325,"An area of showers and thunderstorms crossed northern Lake Michigan, ahead of low pressure in Wisconsin.",NA,CSV
201702,23,631,201702,23,631,114135,683535,LAKE SUPERIOR,92,2017,February,Marine Hail,Z,322,ST MARYS RIVER FROM POINT IROQUOIS TO E POTAGANNISSING BAY,92322,APX,23-FEB-17 06:31:00,EST-5,23-FEB-17 06:31:00,0,0,0,0,0.00K,0.00K,Trained Spotter,1,NA,NA,NA,NA,NA,NA,NA,NA,NA,NA,1.05,ENE,DE TOUR VILLAGE,1.05,ENE,DE TOUR VILLAGE,45.9932,-83.8885,45.9932,-83.8885,A line of thunderstorms brought hail to the lower portion of the St Marys River system.,NA,CSV
201702,24,1649,201702,24,1655,114136,683536,LAKE HURON,90,2017,February,Marine Hail,Z,349,STURGEON PT TO ALABASTER MI,90349,APX,24-FEB-17 16:49:00,EST-5,24-FEB-17 16:55:00,0,0,0,0,0.00K,0.00K,Trained Spotter,1,NA,NA,NA,NA,NA,NA,NA,NA,NA,NA,1.85,N,TAWAS POINT,4,S,OSCODA,44.2767,-83.4638,44.3621,-83.33,Scattered thunderstorms north of a warm front brought hail to portions of Lake Huron.,NA,CSV
201706,15,1727,201706,15,1737,117771,708059,LAKE SUPERIOR,92,2017,June,Marine Hail,Z,249,MARQUETTE TO MUNISING MI,92249,MQT,15-JUN-17 17:27:00,EST-5,15-JUN-17 17:37:00,0,0,0,0,0.00K,0.00K,Public,1.5,NA,NA,NA,NA,NA,NA,NA,NA,NA,NA,2.35,NW,MUNISING,2.35,NW,MUNISING,46.44,-86.7,46.44,-86.7,An upper disturbance moving east across a frontal boundary produced strong to severe thunderstorms across portions of the east half of Lake Superior on the afternoon of the 15th.,There was a public report of 1.50 inch diameter hail at Christmas.  The hail lasted approximately ten minutes.,CSV
201706,15,1751,201706,15,1756,117771,708060,LAKE SUPERIOR,92,2017,June,Marine Hail,Z,250,MUNISING TO GRAND MARAIS MI,92250,MQT,15-JUN-17 17:51:00,EST-5,15-JUN-17 17:56:00,0,0,0,0,0.00K,0.00K,Social Media,1.75,NA,NA,NA,NA,NA,NA,NA,NA,NA,NA,2.8,S,GRAND ISLAND HARBOR LIGHT,2.8,S,GRAND ISLAND HARBOR LIGHT,46.42,-86.61,46.42,-86.61,An upper disturbance moving east across a frontal boundary produced strong to severe thunderstorms across portions of the east half of Lake Superior on the afternoon of the 15th.,There was a report of golf ball sized hail at Pictured Rocks Golf Course.,CSV
201704,5,2252,201704,5,2253,115418,694599,ATLANTIC SOUTH,87,2017,April,Marine Hail,Z,354,SAVANNAH GA TO ALTAMAHA SD GA OUT 20NM,87354,CHS,05-APR-17 22:52:00,EST-5,05-APR-17 22:53:00,0,0,0,0,NA,NA,Social Media,1,NA,NA,NA,NA,NA,NA,NA,NA,NA,NA,0.69,S,TYBEE ISLAND,0.69,S,TYBEE ISLAND,32,-80.84,32,-80.84,"Moderately unstable conditions and a highly sheared environment developed ahead of a strong cold front sweeping through the Southeast United States. As this occurred, a squall line of severe thunderstorms tracked through the region and produced strong winds over coastal waters during the evening and overnight hours.",A report via social media indicated quarter size hail observed near 2nd Avenue.,CSV
201704,10,555,201704,10,555,115235,691860,LAKE MICHIGAN,91,2017,April,Marine Hail,Z,542,STURGEON BAY TO TWO RIVERS WI,91542,GRB,10-APR-17 05:55:00,CST-6,10-APR-17 05:55:00,0,0,0,0,0.00K,0.00K,Emergency Manager,1,NA,NA,NA,NA,NA,NA,NA,NA,NA,NA,0.69,N,KEWAUNEE STATION (KWNW3),0.69,N,KEWAUNEE STATION (KWNW3),44.48,-87.5,44.48,-87.5,Large hail fell over the nearshore waters of Lake Michigan near Kewaunee.,A thunderstorm dropped quarter size hail north of Kewaunee before it moved offshore.,CSV
201704,5,2255,201704,5,2256,115418,694600,ATLANTIC SOUTH,87,2017,April,Marine Hail,Z,352,EDISTO BEACH SC TO SAVANNAH GA OUT 20NM,87352,CHS,05-APR-17 22:55:00,EST-5,05-APR-17 22:56:00,0,0,0,0,NA,NA,Social Media,1.5,NA,NA,NA,NA,NA,NA,NA,NA,NA,NA,1.15,NNW,TYBEE ISLAND,1.15,NNW,TYBEE ISLAND,32.0255,-80.8469,32.0255,-80.8469,"Moderately unstable conditions and a highly sheared environment developed ahead of a strong cold front sweeping through the Southeast United States. As this occurred, a squall line of severe thunderstorms tracked through the region and produced strong winds over coastal waters during the evening and overnight hours.",A report via social media indicated golf ball size hail on the northern end of Tybee Island.,CSV
201704,5,1811,201704,5,1813,115645,694877,ATLANTIC SOUTH,87,2017,April,Marine Hail,Z,252,COASTAL WATERS FROM CAPE FEAR NC TO LITTLE RIVER INLET SC OUT 20 NM,87252,ILM,05-APR-17 18:11:00,EST-5,05-APR-17 18:13:00,0,0,0,0,NA,0.00K,Trained Spotter,1,NA,NA,NA,NA,NA,NA,NA,NA,NA,NA,3.3,WNW,SHALLOTTE RIVER INLET SEA NAVIGATIONAL BUOY,3.3,WNW,SHALLOTTE RIVER INLET SEA NAVIGATIONAL BUOY,33.8935,-78.4352,33.8935,-78.4352,Clusters of thunderstorms merged into a squall line that moved through the area during the evening.,Hail to the size of dimes increased to the size of quarters.,CSV
201704,5,1816,201704,5,1818,115645,694878,ATLANTIC SOUTH,87,2017,April,Marine Hail,Z,252,COASTAL WATERS FROM CAPE FEAR NC TO LITTLE RIVER INLET SC OUT 20 NM,87252,ILM,05-APR-17 18:16:00,EST-5,05-APR-17 18:18:00,0,0,0,0,NA,0.00K,Trained Spotter,1,NA,NA,NA,NA,NA,NA,NA,NA,NA,NA,2.44,N,SHALLOTTE RIVER INLET SEA NAVIGATIONAL BUOY,2.44,N,SHALLOTTE RIVER INLET SEA NAVIGATIONAL BUOY,33.915,-78.3741,33.915,-78.3741,Clusters of thunderstorms merged into a squall line that moved through the area during the evening.,Hail to the size of quarters was reported.,CSV
201704,5,1817,201704,5,1819,115645,694885,ATLANTIC SOUTH,87,2017,April,Marine Hail,Z,252,COASTAL WATERS FROM CAPE FEAR NC TO LITTLE RIVER INLET SC OUT 20 NM,87252,ILM,05-APR-17 18:17:00,EST-5,05-APR-17 18:19:00,0,0,0,0,NA,0.00K,Trained Spotter,1.5,NA,NA,NA,NA,NA,NA,NA,NA,NA,NA,4.16,WNW,LOCKWOOD FOLLY INLET SEA NAVIGATIONAL BUOY,4.16,WNW,LOCKWOOD FOLLY INLET SEA NAVIGATIONAL BUOY,33.9146,-78.2862,33.9146,-78.2862,Clusters of thunderstorms merged into a squall line that moved through the area during the evening.,Hail to the size of quarters and half dollars was reported.,CSV
201705,12,1628,201705,12,1628,116322,699501,GULF OF MEXICO,85,2017,May,Marine Hail,Z,530,LAKE PONCHARTRAIN AND LAKE MAUREPAS,85530,LIX,12-MAY-17 16:28:00,CST-6,12-MAY-17 16:28:00,0,0,0,0,0.00K,0.00K,Public,1,NA,NA,NA,NA,NA,NA,NA,NA,NA,NA,10.52,N,MID LAKE PONTCHARTRAIN,10.52,N,MID LAKE PONTCHARTRAIN,30.3007,-90.1044,30.3007,-90.1044,A line of thunderstorms ahead of a cold front moving through Louisiana and the adjacent coastal waters produced many reports of severe weather during the morning and afternoon hours of the 12th.,Quarter size hail was reported on the northern portion of the Lake Pontchartrain Causeway Bridge.,CSV
201708,11,1655,201708,11,1655,120114,720213,LAKE ST CLAIR,81,2017,August,Marine Hail,Z,460,LAKE ST CLAIR (U.S. PORTION),81460,DTX,11-AUG-17 16:55:00,EST-5,11-AUG-17 16:55:00,0,0,0,0,0.00K,0.00K,Trained Spotter,1,NA,NA,NA,NA,NA,NA,NA,NA,NA,NA,0,N,METROPOLITAN BEACH,0,N,METROPOLITAN BEACH,42.58,-82.8,42.58,-82.8,A thunderstorm which produced tree damage on Harsens Island moved into Lake St. Clair.,NA,CSV
201708,2,1439,201708,2,1439,120076,719481,LAKE HURON,90,2017,August,Marine Hail,Z,443,PORT SANILAC TO PORT HURON MI,90443,DTX,02-AUG-17 14:39:00,EST-5,02-AUG-17 14:39:00,0,0,0,0,0.00K,0.00K,Public,0.75,NA,NA,NA,NA,NA,NA,NA,NA,NA,NA,2.57,NW,FORT GRATIOT WLON STATION (FTGM4),2.57,NW,FORT GRATIOT WLON STATION (FTGM4),43.04,-82.45,43.04,-82.45,A thunderstorm near Fort Gratiot produced penny size hail and moved into Lake Huron.,NA,CSV
201708,10,1512,201708,10,1512,119813,718417,LAKE MICHIGAN,91,2017,August,Marine Hail,Z,542,STURGEON BAY TO TWO RIVERS WI,91542,GRB,10-AUG-17 15:12:00,CST-6,10-AUG-17 15:12:00,0,0,0,0,0.00K,0.00K,Public,1,NA,NA,NA,NA,NA,NA,NA,NA,NA,NA,0.69,S,KEWAUNEE STATION (KWNW3),0.69,S,KEWAUNEE STATION (KWNW3),44.46,-87.5,44.46,-87.5,Scattered thunderstorms that dropped large hail in eastern Wisconsin continued to produce large hail as they moved over the nearshore waters of Lake Michigan.,Quarter size hail fell as a thunderstorm moved over the nearshore waters of Lake Michigan near Kewaunee.,CSV
201708,11,1514,201708,11,1514,120114,719692,LAKE ST CLAIR,81,2017,August,Marine Hail,Z,423,DETROIT RIVER,81423,DTX,11-AUG-17 15:14:00,EST-5,11-AUG-17 15:14:00,0,0,0,0,0.00K,0.00K,Trained Spotter,0.88,NA,NA,NA,NA,NA,NA,NA,NA,NA,NA,1,SSE,WYANDOTTE,1,SSE,WYANDOTTE,42.1866,-83.1625,42.1866,-83.1625,A thunderstorm which produced tree damage on Harsens Island moved into Lake St. Clair.,NA,CSV
201708,11,1639,201708,11,1639,120114,719693,LAKE ST CLAIR,81,2017,August,Marine Hail,Z,460,LAKE ST CLAIR (U.S. PORTION),81460,DTX,11-AUG-17 16:39:00,EST-5,11-AUG-17 16:39:00,0,0,0,0,0.00K,0.00K,Trained Spotter,0.75,NA,NA,NA,NA,NA,NA,NA,NA,NA,NA,6.08,NNW,METROPOLITAN BEACH,6.08,NNW,METROPOLITAN BEACH,42.66,-82.85,42.66,-82.85,A thunderstorm which produced tree damage on Harsens Island moved into Lake St. Clair.,NA,CSV
201705,18,2240,201705,18,2240,116997,703693,LAKE ERIE,95,2017,May,Marine Hail,Z,41,DUNKIRK TO BUFFALO NY,95041,BUF,18-MAY-17 22:40:00,EST-5,18-MAY-17 22:40:00,0,0,0,0,NA,0.00K,Trained Spotter,0.75,NA,NA,NA,NA,NA,NA,NA,NA,NA,NA,0,N,DUNKIRK,0,N,DUNKIRK,42.49,-79.33,42.49,-79.33,A thunderstorm crossing Lake Erie produced three-quarter inch hail and wind gusts measured to 34 knots at Dunkirk.,NA,CSV
201704,21,1826,201704,21,1826,115648,694907,ATLANTIC NORTH,88,2017,April,Marine Hail,Z,536,TIDAL POTOMAC INDIAN HD TO COBB IS MD,88536,LWX,21-APR-17 18:26:00,EST-5,21-APR-17 18:26:00,0,0,0,0,NA,NA,Unknown,1,NA,NA,NA,NA,NA,NA,NA,NA,NA,NA,1.85,NNW,MONROE CREEK (MON),1.85,NNW,MONROE CREEK (MON),38.2546,-76.9636,38.2546,-76.9636,"A cold front moved through the area. Ahead of the boundary, a southwest flow led to warm and humid conditions. The unstable atmosphere from warm and humid conditions along with stronger winds aloft caused some storms to produce gusty winds.",Quarter sized hail was estimated based on an observation nearby.,CSV
201704,21,1849,201704,21,1849,115648,694912,ATLANTIC NORTH,88,2017,April,Marine Hail,Z,533,CHESAPEAKE BAY N BEACH TO DRUM PT MD,88533,LWX,21-APR-17 18:49:00,EST-5,21-APR-17 18:49:00,0,0,0,0,NA,NA,Unknown,1,NA,NA,NA,NA,NA,NA,NA,NA,NA,NA,1.2,N,ROD N REEL CHESAPEAKE BEACH (CHSRL),1.2,N,ROD N REEL CHESAPEAKE BEACH (CHSRL),38.7073,-76.531,38.7073,-76.531,"A cold front moved through the area. Ahead of the boundary, a southwest flow led to warm and humid conditions. The unstable atmosphere from warm and humid conditions along with stronger winds aloft caused some storms to produce gusty winds.",Quarter sized hail was estimated based on an observation nearby.,CSV
201705,28,1305,201705,28,1305,116998,703704,LAKE ONTARIO,94,2017,May,Marine Hail,Z,45,MEXICO BAY NY TO THE ST LAWRENCE RIVER,94045,BUF,28-MAY-17 13:05:00,EST-5,28-MAY-17 13:05:00,0,0,0,0,NA,0.00K,Public,0.75,NA,NA,NA,NA,NA,NA,NA,NA,NA,NA,0,N,NORTH POND,0,N,NORTH POND,43.66,-76.19,43.66,-76.19,Thunderstorms crossing Lake Ontario produced three-quarter inch hail near North Pond and Fair Haven.,NA,CSV
201705,28,1325,201705,28,1325,116998,703696,LAKE ONTARIO,94,2017,May,Marine Hail,Z,44,SODUS BAY TO MEXICO BAY NY,94044,BUF,28-MAY-17 13:25:00,EST-5,28-MAY-17 13:25:00,0,0,0,0,NA,0.00K,Public,0.75,NA,NA,NA,NA,NA,NA,NA,NA,NA,NA,0,N,FAIR HAVEN,0,N,FAIR HAVEN,43.35,-76.7,43.35,-76.7,Thunderstorms crossing Lake Ontario produced three-quarter inch hail near North Pond and Fair Haven.,NA,CSV
201707,1,1836,201707,1,1836,119062,715810,ATLANTIC NORTH,88,2017,July,Marine Hail,Z,537,TIDAL POTOMAC COBB IS MD TO SMITH PT VA,88537,LWX,01-JUL-17 18:36:00,EST-5,01-JUL-17 18:36:00,0,0,0,0,0.00K,0.00K,Trained Spotter,0.75,NA,NA,NA,NA,NA,NA,NA,NA,NA,NA,4.95,NNE,COLES POINT (COL),4.95,NNE,COLES POINT (COL),38.2062,-76.5751,38.2062,-76.5751,"A cold front moved into the area triggering showers and thunderstorms. Hot and humid air ahead of the boundary caused an unstable air mass, which led to gusty winds with some thunderstorms.",Penny sized hail was estimated nearby.,CSV
201707,23,1630,201707,23,1630,119201,715838,LAKE HURON,90,2017,July,Marine Hail,Z,421,OUTER SAGINAW BAY SW OF ALABASTER TO PORT AUSTIN MI TO INNER SAGINAW BAY,90421,DTX,23-JUL-17 16:30:00,EST-5,23-JUL-17 16:30:00,0,0,0,0,0.00K,0.00K,Trained Spotter,0.75,NA,NA,NA,NA,NA,NA,NA,NA,NA,NA,0.69,N,CASEVILLE,0.69,N,CASEVILLE,43.94,-83.27,43.94,-83.27,Strong to severe thunderstorms tracked through Saginaw Bay.,NA,CSV
201707,7,1655,201707,7,1655,118869,714176,LAKE MICHIGAN,91,2017,July,Marine Hail,Z,543,TWO RIVERS TO SHEBOYGAN WI,91543,GRB,07-JUL-17 16:55:00,CST-6,07-JUL-17 16:55:00,0,0,0,0,0.00K,0.00K,Public,1,NA,NA,NA,NA,NA,NA,NA,NA,NA,NA,2.03,SE,CLEVELAND,2.03,SE,CLEVELAND,43.9,-87.72,43.9,-87.72,Thunderstorms that produced large hail and isolated wind damage across eastern Wisconsin also dropped large hail over the nearshore waters of Lake Michigan.,Large hail fell over the nearshore waters of Lake Michigan southeast of Cleveland.,CSV
201805,26,1615,201805,26,1620,125343,751713,LAKE MICHIGAN,91,2018,May,Marine Hail,Z,221,GREEN BAY N FROM CEDAR RIVER MI TO ROCK ISLAND PASSAGE,91221,MQT,26-MAY-18 16:15:00,EST-5,26-MAY-18 16:20:00,0,0,0,0,0.00K,0.00K,Public,0.75,NA,NA,NA,NA,NA,NA,NA,NA,NA,NA,4.74,SSW,CEDAR RIVER ENTRANCE LIGHT,4.74,SSW,CEDAR RIVER ENTRANCE LIGHT,45.3495,-87.3961,45.3495,-87.3961,A strong thunderstorm dropped penny-sized hail five miles southwest of Cedar River on the afternoon of the 26th.,There was a public report of penny-sized hail southwest of Cedar River.,CSV
201807,27,1630,201807,27,1630,128758,772235,ATLANTIC NORTH,88,2018,July,Marine Hail,Z,538,PATAPSCO RIVER INCLUDING BALTIMORE HARBOR,88538,LWX,27-JUL-18 16:30:00,EST-5,27-JUL-18 16:30:00,0,0,0,0,NA,NA,Public,1.25,NA,NA,NA,NA,NA,NA,NA,NA,NA,NA,0.29,NNW,ORIOLE PARK AT CAMDEN YARDS (BLTPC),0.29,NNW,ORIOLE PARK AT CAMDEN YARDS (BLTPC),39.2839,-76.6219,39.2839,-76.6219,"A cold front passed through the area on the 27th. Ahead of the boundary, a southerly flow led to plenty of moisture an unstable atmosphere. A potent upper-level low caused stronger winds aloft as well. Some thunderstorms associated with the cold front produced gusty winds due to the instability and stronger winds aloft.",Half dollar sized hail was reported near Baltimore.,CSV
201803,20,1428,201803,20,1433,122974,737414,GULF OF MEXICO,85,2018,March,Marine Hail,Z,850,TARPON SPRINGS TO SUWANNEE RIVER FL OUT 20NM,85850,TBW,20-MAR-18 14:28:00,EST-5,20-MAR-18 14:33:00,0,0,0,0,0.00K,0.00K,Public,0.88,NA,NA,NA,NA,NA,NA,NA,NA,NA,NA,1.81,W,CRYSTAL RIVER,1.81,W,CRYSTAL RIVER,28.9,-82.6,28.9,-82.6,"A prefrontal trough developed ahead of a cold front moving southeast through the eastern Gulf of Mexico and Florida peninsula on the 20th, producing numerous thunderstorms. Some of these storms caused marine wind gusts and hail as they came onshore.",A school bus driver reported nickel sized hail in Crystal River.,CSV
201803,20,1454,201803,20,1454,122839,735996,ATLANTIC SOUTH,87,2018,March,Marine Hail,Z,552,VOLUSIA-BREVARD COUNTY LINE TO SEBASTIAN INLET 0-20NM,87552,MLB,20-MAR-18 14:54:00,EST-5,20-MAR-18 14:54:00,0,0,0,0,0.00K,0.00K,Trained Spotter,1,NA,NA,NA,NA,NA,NA,NA,NA,NA,NA,1.58,WNW,PLAYALINDA BEACH,1.58,WNW,PLAYALINDA BEACH,28.5598,-80.8035,28.5598,-80.8035,"A mid-level weather disturbance moved across north Florida with an associated strong cold front. These features sparked several rounds of strong to severe storms that moved over the intracoastal and near-shore waters of Volusia and Brevard Counties. These storms produced hail ranging from 1.25 to 2 inches in Volusia County. In Brevard County, |near-hurricane-force wind gusts and hail up to 1.25 inches occurred.",A trained spotter reported quarter size hail as a severe thunderstorm moved over the intracoastal waters in Titusville.,CSV
201803,20,1514,201803,20,1514,122839,735997,ATLANTIC SOUTH,87,2018,March,Marine Hail,Z,552,VOLUSIA-BREVARD COUNTY LINE TO SEBASTIAN INLET 0-20NM,87552,MLB,20-MAR-18 15:14:00,EST-5,20-MAR-18 15:14:00,0,0,0,0,0.00K,0.00K,Trained Spotter,1.25,NA,NA,NA,NA,NA,NA,NA,NA,NA,NA,5.52,N,MERRITT ISLAND,5.52,N,MERRITT ISLAND,28.4299,-80.723,28.4299,-80.723,"A mid-level weather disturbance moved across north Florida with an associated strong cold front. These features sparked several rounds of strong to severe storms that moved over the intracoastal and near-shore waters of Volusia and Brevard Counties. These storms produced hail ranging from 1.25 to 2 inches in Volusia County. In Brevard County, |near-hurricane-force wind gusts and hail up to 1.25 inches occurred.",A trained spotter reported half dollar sized hail in North Merritt Island as a severe thunderstorm moved over the intracoastal waters.,CSV
201803,20,1650,201803,20,1650,122839,735998,ATLANTIC SOUTH,87,2018,March,Marine Hail,Z,550,FLAGLER BEACH TO VOLUSIA-BREVARD COUNTY LINE 0-20NM,87550,MLB,20-MAR-18 16:50:00,EST-5,20-MAR-18 16:50:00,0,0,0,0,0.00K,0.00K,Public,1.5,NA,NA,NA,NA,NA,NA,NA,NA,NA,NA,1.18,NE,DAYTONA BEACH,1.18,NE,DAYTONA BEACH,29.2335,-81.0181,29.2335,-81.0181,"A mid-level weather disturbance moved across north Florida with an associated strong cold front. These features sparked several rounds of strong to severe storms that moved over the intracoastal and near-shore waters of Volusia and Brevard Counties. These storms produced hail ranging from 1.25 to 2 inches in Volusia County. In Brevard County, |near-hurricane-force wind gusts and hail up to 1.25 inches occurred.",A member of the public reported ping pong ball sized hail at the intersection of Halifax Avenue and Seabreeze Boulevard as a severe thunderstorm moved across the intracoastal waters and barrier islands in Daytona Beach.,CSV
201803,20,1651,201803,20,1651,122839,736001,ATLANTIC SOUTH,87,2018,March,Marine Hail,Z,550,FLAGLER BEACH TO VOLUSIA-BREVARD COUNTY LINE 0-20NM,87550,MLB,20-MAR-18 16:51:00,EST-5,20-MAR-18 16:51:00,0,0,0,0,0.00K,0.00K,Trained Spotter,2,NA,NA,NA,NA,NA,NA,NA,NA,NA,NA,1.51,NNW,DAYTONA BEACH,1.51,NNW,DAYTONA BEACH,29.24,-81.04,29.24,-81.04,"A mid-level weather disturbance moved across north Florida with an associated strong cold front. These features sparked several rounds of strong to severe storms that moved over the intracoastal and near-shore waters of Volusia and Brevard Counties. These storms produced hail ranging from 1.25 to 2 inches in Volusia County. In Brevard County, |near-hurricane-force wind gusts and hail up to 1.25 inches occurred.",A trained spotter in Holly Hill reported two inch hail as a severe thunderstorm moved over the intracoastal waterway.,CSV
201803,20,1623,201803,20,1623,122839,736002,ATLANTIC SOUTH,87,2018,March,Marine Hail,Z,550,FLAGLER BEACH TO VOLUSIA-BREVARD COUNTY LINE 0-20NM,87550,MLB,20-MAR-18 16:23:00,EST-5,20-MAR-18 16:23:00,0,0,0,0,0.00K,0.00K,Trained Spotter,1,NA,NA,NA,NA,NA,NA,NA,NA,NA,NA,4.52,NNW,DAYTONA BEACH,4.52,NNW,DAYTONA BEACH,29.28,-81.06,29.28,-81.06,"A mid-level weather disturbance moved across north Florida with an associated strong cold front. These features sparked several rounds of strong to severe storms that moved over the intracoastal and near-shore waters of Volusia and Brevard Counties. These storms produced hail ranging from 1.25 to 2 inches in Volusia County. In Brevard County, |near-hurricane-force wind gusts and hail up to 1.25 inches occurred.",A trained spotter in Ormond Beach reported quarter size hail as a severe thunderstorm moved over the intracoastal waterway.,CSV
201803,20,1502,201803,20,1505,124051,744623,ATLANTIC SOUTH,87,2018,March,Marine Hail,Z,330,CHARLESTON HARBOR,87330,CHS,20-MAR-18 15:02:00,EST-5,20-MAR-18 15:05:00,0,0,0,0,NA,0.00K,Public,0.75,NA,NA,NA,NA,NA,NA,NA,NA,NA,NA,1.09,NNW,THE CHARLESTON BATTERY,1.09,NNW,THE CHARLESTON BATTERY,32.785,-79.9357,32.785,-79.9357,"Inland thunderstorms that developed in the vicinity of a warm front inland moved to the coast and out over the adjacent coastal waters in the early morning hours. Then later in the day, additional thunderstorms impacted the coast and the coastal waters during the afternoon. Some of these thunderstorms became strong enough to produce strong wind gusts and large hail.",Penny sized hail was reported on King Street between George and Calhoun Streets.,CSV
201803,20,1345,201803,20,1348,124051,744475,ATLANTIC SOUTH,87,2018,March,Marine Hail,Z,352,EDISTO BEACH SC TO SAVANNAH GA OUT 20NM,87352,CHS,20-MAR-18 13:45:00,EST-5,20-MAR-18 13:48:00,0,0,0,0,NA,0.00K,Broadcast Media,1,NA,NA,NA,NA,NA,NA,NA,NA,NA,NA,2.55,S,HILTON HEAD SOUND,2.55,S,HILTON HEAD SOUND,32.1533,-80.7437,32.1533,-80.7437,"Inland thunderstorms that developed in the vicinity of a warm front inland moved to the coast and out over the adjacent coastal waters in the early morning hours. Then later in the day, additional thunderstorms impacted the coast and the coastal waters during the afternoon. Some of these thunderstorms became strong enough to produce strong wind gusts and large hail.",Quarter sized hail was reported near Central Church on Highway 278.,CSV
201803,20,1400,201803,20,1403,124051,744476,ATLANTIC SOUTH,87,2018,March,Marine Hail,Z,352,EDISTO BEACH SC TO SAVANNAH GA OUT 20NM,87352,CHS,20-MAR-18 14:00:00,EST-5,20-MAR-18 14:03:00,0,0,0,0,NA,0.00K,Social Media,2,NA,NA,NA,NA,NA,NA,NA,NA,NA,NA,7.11,N,TYBEE ISLAND,7.11,N,TYBEE ISLAND,32.1127,-80.8468,32.1127,-80.8468,"Inland thunderstorms that developed in the vicinity of a warm front inland moved to the coast and out over the adjacent coastal waters in the early morning hours. Then later in the day, additional thunderstorms impacted the coast and the coastal waters during the afternoon. Some of these thunderstorms became strong enough to produce strong wind gusts and large hail.",A photo of 2 inch diameter hail on Daufuskie Island was received via Twitter.,CSV
201803,20,1421,201803,20,1424,124051,744478,ATLANTIC SOUTH,87,2018,March,Marine Hail,Z,352,EDISTO BEACH SC TO SAVANNAH GA OUT 20NM,87352,CHS,20-MAR-18 14:21:00,EST-5,20-MAR-18 14:24:00,0,0,0,0,NA,0.00K,Trained Spotter,0.75,NA,NA,NA,NA,NA,NA,NA,NA,NA,NA,4.89,NNW,HUNTING ISLAND,4.89,NNW,HUNTING ISLAND,32.4349,-80.4735,32.4349,-80.4735,"Inland thunderstorms that developed in the vicinity of a warm front inland moved to the coast and out over the adjacent coastal waters in the early morning hours. Then later in the day, additional thunderstorms impacted the coast and the coastal waters during the afternoon. Some of these thunderstorms became strong enough to produce strong wind gusts and large hail.",A trained spotter reported penny sized hail at Racoon Ridge Road on Saint Helena Island. The hail lasted about 5 minutes.,CSV
201804,24,1325,201804,24,1325,124327,745885,ATLANTIC SOUTH,87,2018,April,Marine Hail,Z,555,SEBASTIAN INLET TO JUPITER INLET 0-20NM,87555,MLB,24-APR-18 13:25:00,EST-5,24-APR-18 13:25:00,0,0,0,0,0.00K,0.00K,Trained Spotter,1,NA,NA,NA,NA,NA,NA,NA,NA,NA,NA,8.2,NNW,TEQUESTA,8.2,NNW,TEQUESTA,27.07,-80.14,27.07,-80.14,"A mid level closed low at 500 mb across western Tennessee with a surface low pressure across northern Georgia caused the predominant southwest/west-southwest winds to veer to the west across east central Florida. A drier, cooler air mass moved in across the northern half of east central Florida through the afternoon hours, which led to greater instability across the Treasure Coast. Deep moisture moved eastward across southern Osceola and Okeechobee counties and the Treasure Coast resulting in the development of strong to severe thunderstorms from Okeechobee to St. Lucie to Maritn counties. Two severe thunderstorms produced hail and strong winds along the Martin County coast as they moved offshore.",A trained spotter reported quarter-sized hail in Hobe Sound.,CSV
201804,24,1410,201804,24,1410,124327,745886,ATLANTIC SOUTH,87,2018,April,Marine Hail,Z,555,SEBASTIAN INLET TO JUPITER INLET 0-20NM,87555,MLB,24-APR-18 14:10:00,EST-5,24-APR-18 14:10:00,0,0,0,0,0.00K,0.00K,Public,1.75,NA,NA,NA,NA,NA,NA,NA,NA,NA,NA,1.85,NW,TEQUESTA,1.85,NW,TEQUESTA,26.98,-80.11,26.98,-80.11,"A mid level closed low at 500 mb across western Tennessee with a surface low pressure across northern Georgia caused the predominant southwest/west-southwest winds to veer to the west across east central Florida. A drier, cooler air mass moved in across the northern half of east central Florida through the afternoon hours, which led to greater instability across the Treasure Coast. Deep moisture moved eastward across southern Osceola and Okeechobee counties and the Treasure Coast resulting in the development of strong to severe thunderstorms from Okeechobee to St. Lucie to Maritn counties. Two severe thunderstorms produced hail and strong winds along the Martin County coast as they moved offshore.",A member of the public reported golf ball sized hail at the River Ridge community in Tequesta off County Line Road.,CSV
201804,13,932,201804,13,932,123385,739879,LAKE MICHIGAN,91,2018,April,Marine Hail,Z,643,SHEBOYGAN TO PT WASHINGTON WI,91643,MKX,13-APR-18 09:32:00,CST-6,13-APR-18 09:32:00,0,0,0,0,0.00K,0.00K,Coast Guard,0.75,NA,NA,NA,NA,NA,NA,NA,NA,NA,NA,0.76,E,SHEBOYGAN,0.76,E,SHEBOYGAN,43.7494,-87.7049,43.7494,-87.7049,A strong push of warm air triggered severe thunderstorms over central Wisconsin and moved across the near shore waters of Lake Michigan during the late morning.  These thunderstorms produced large hail and strong wind gusts at the Coast Guard Station in Sheboygan.,NA,CSV
201805,26,1836,201805,26,1836,126357,760589,LAKE MICHIGAN,91,2018,May,Marine Hail,Z,541,ROCK ISLAND PASSAGE TO STURGEON BAY WI,91541,GRB,26-MAY-18 18:36:00,CST-6,26-MAY-18 18:36:00,0,0,0,0,0.00K,0.00K,Trained Spotter,1.75,NA,NA,NA,NA,NA,NA,NA,NA,NA,NA,3.15,ESE,JACKSONPORT,3.15,ESE,JACKSONPORT,44.9698,-87.1171,44.9698,-87.1171,"Thunderstorms that developed in northern Wisconsin and Upper Michigan produced strong winds and large hail as they moved over the waters of Green Bay and Lake Michigan. The storms produced a gust to 41 mph as they reached the waters of Green Bay, and dropped quarter to golf ball size hail as they reached Lake Michigan.",A storm dropped golf ball size hail as it was about to move over the waters of Lake Michigan.,CSV
201805,26,1902,201805,26,1902,126357,760590,LAKE MICHIGAN,91,2018,May,Marine Hail,Z,541,ROCK ISLAND PASSAGE TO STURGEON BAY WI,91541,GRB,26-MAY-18 19:02:00,CST-6,26-MAY-18 19:02:00,0,0,0,0,0.00K,0.00K,Trained Spotter,1,NA,NA,NA,NA,NA,NA,NA,NA,NA,NA,0.99,ENE,BAILEYS HARBOR,0.99,ENE,BAILEYS HARBOR,45.0534,-87.1103,45.0534,-87.1103,"Thunderstorms that developed in northern Wisconsin and Upper Michigan produced strong winds and large hail as they moved over the waters of Green Bay and Lake Michigan. The storms produced a gust to 41 mph as they reached the waters of Green Bay, and dropped quarter to golf ball size hail as they reached Lake Michigan.",A storm dropped quarter size hail as it was about to move over the waters of Lake Michigan.,CSV
201806,30,1235,201806,30,1245,128235,769134,LAKE SUPERIOR,92,2018,June,Marine Hail,Z,251,GRAND MARAIS TO WHITEFISH POINT MI,92251,MQT,30-JUN-18 12:35:00,EST-5,30-JUN-18 12:45:00,0,0,0,0,0.00K,0.00K,Park/Forest Service,4,NA,NA,NA,NA,NA,NA,NA,NA,NA,NA,0.34,SW,MUSKALLONGE LAKE STATE PARK,0.34,SW,MUSKALLONGE LAKE STATE PARK,46.6769,-85.6355,46.6769,-85.6355,A cold front moving through a very moist and unstable air mass produced strong to severe thunderstorms over the open water and nearshore portions of the east half of Lake Superior on the 30th.,Rangers at Muskallonge State Park measured hail from 2.5 to 4.0 inches in diameter.,CSV
201806,30,1235,201806,30,1245,128235,769135,LAKE SUPERIOR,92,2018,June,Marine Hail,Z,267,GRAND MARAIS MI TO WHITEFISH POINT MI 5NM OFFSHORE TO THE US/CANADIAN BORDER,92267,MQT,30-JUN-18 12:35:00,EST-5,30-JUN-18 12:45:00,0,0,0,0,0.00K,0.00K,Park/Forest Service,4,NA,NA,NA,NA,NA,NA,NA,NA,NA,NA,16.39,E,GRAND MARAIS,16.39,E,GRAND MARAIS,46.6782,-85.6344,46.6782,-85.6344,A cold front moving through a very moist and unstable air mass produced strong to severe thunderstorms over the open water and nearshore portions of the east half of Lake Superior on the 30th.,Rangers at Muskallonge State Park measured hail from 2.5 to 4.0 inches in diameter.,CSV
201806,30,1912,201806,30,1917,128235,769139,LAKE SUPERIOR,92,2018,June,Marine Hail,Z,249,MARQUETTE TO MUNISING MI,92249,MQT,30-JUN-18 19:12:00,EST-5,30-JUN-18 19:17:00,0,0,0,0,0.00K,0.00K,Public,0.75,NA,NA,NA,NA,NA,NA,NA,NA,NA,NA,3.79,SE,LAUGHING FISH POINT,3.79,SE,LAUGHING FISH POINT,46.4971,-86.9561,46.4971,-86.9561,A cold front moving through a very moist and unstable air mass produced strong to severe thunderstorms over the open water and nearshore portions of the east half of Lake Superior on the 30th.,There was a public report of penny-sized hail in Deerton.,CSV
201807,16,1252,201807,16,1252,129782,777426,LAKE HURON,90,2018,July,Marine Hail,Z,349,STURGEON PT TO ALABASTER MI,90349,APX,16-JUL-18 12:52:00,EST-5,16-JUL-18 12:52:00,0,0,0,0,0.00K,0.00K,Law Enforcement,1,NA,NA,NA,NA,NA,NA,NA,NA,NA,NA,1.62,NE,GREENBUSH,1.62,NE,GREENBUSH,44.5891,-83.3011,44.5891,-83.3011,An organizing line of storms produced significant weather as it moved off of northeast lower Michigan.,NA,CSV
201808,15,1606,201808,15,1606,130725,782254,ST LAWRENCE R,93,2018,August,Marine Hail,Z,22,ST LAWRENCE RIVER ABOVE OGDENSBURG NY,93022,BUF,15-AUG-18 16:06:00,EST-5,15-AUG-18 16:06:00,0,0,0,0,0.00K,0.00K,Public,1.75,NA,NA,NA,NA,NA,NA,NA,NA,NA,NA,1.67,ESE,WELLESLEY ISLAND,1.67,ESE,WELLESLEY ISLAND,44.2793,-76.0097,44.2793,-76.0097,Thunderstorms developed as expected north of Lake Ontario across southern Ontario province. Storms just on the north side of the St. Lawrence River began to strengthen during the afternoon. The storms continued to strengthen as they approached the area with impressive lightning jumps and impressive reflectivity cores aloft that included 60 dbz over 30kft and 50 dbz to around 40 kft.,Hail was reported by a restaurant directly on the edge of the river.,CSV
201806,16,749,201806,16,754,126793,760041,LAKE MICHIGAN,91,2018,June,Marine Hail,Z,221,GREEN BAY N FROM CEDAR RIVER MI TO ROCK ISLAND PASSAGE,91221,MQT,16-JUN-18 07:49:00,EST-5,16-JUN-18 07:54:00,0,0,0,0,0.00K,0.00K,Public,0.75,NA,NA,NA,NA,NA,NA,NA,NA,NA,NA,0.31,NE,GLADSTONE,0.31,NE,GLADSTONE,45.8527,-87.015,45.8527,-87.015,A strong thunderstorm dropped dime-sized hail at Gladstone on the morning of the 16th.,A strong thunderstorm dropped dime-sized hail near Gladstone.,CSV
201810,29,600,201810,29,600,131966,789564,ATLANTIC NORTH,88,2018,October,Marine Hail,Z,330,LONG ISLAND SOUND E OF NEW HAVEN CT TO PORT JEFFERSON NY,88330,OKX,29-OCT-18 06:00:00,EST-5,29-OCT-18 06:00:00,0,0,0,0,0.00K,0.00K,Broadcast Media,0.75,NA,NA,NA,NA,NA,NA,NA,NA,NA,NA,10.44,ENE,CLINTON HARBOR,10.44,ENE,CLINTON HARBOR,41.3018,-72.3267,41.3018,-72.3267,An upper level disturbance rotating around an upper level in SE Canada in tandem with a trough of low pressure at the surface produced severe thunderstorms in Eastern Long Island Sound.,Hail reported of 0.75 inches at Lyme Station.,CSV
201908,17,1528,201908,17,1528,142249,854045,LAKE ONTARIO,94,2019,August,Marine Hail,Z,42,NIAGARA RIVER TO HAMLIN BEACH NY,94042,BUF,17-AUG-19 15:28:00,EST-5,17-AUG-19 15:28:00,0,0,0,0,0.00K,0.00K,Public,1,NA,NA,NA,NA,NA,NA,NA,NA,NA,NA,0,N,OLCOTT,0,N,OLCOTT,43.34,-78.71,43.34,-78.71,"A mid-level shortwave moved east through the eastern Great Lakes, with a trailing weak surface trough and locally grown lake breeze and differential heating boundaries. An initial area of convection moved through the Niagara Frontier to western Lake Ontario in the morning, with additional development down the trough axis over Lake Erie and western New York. The somewhat early arrival of convection limited destabilization to some extent, but we still managed moderate instability by early to mid afternoon with a very moist environment. Low level winds were light, but somewhat better mid-level flow yielded moderate vertical wind shear.",NA,CSV
201905,31,1815,201905,31,1815,136336,818289,ATLANTIC SOUTH,87,2019,May,Marine Hail,Z,550,FLAGLER BEACH TO VOLUSIA-BREVARD COUNTY LINE 0-20NM,87550,MLB,31-MAY-19 18:15:00,EST-5,31-MAY-19 18:15:00,0,0,0,0,0.00K,0.00K,Trained Spotter,0.88,NA,NA,NA,NA,NA,NA,NA,NA,NA,NA,2.4,SSE,EDGEWATER,2.4,SSE,EDGEWATER,28.95,-80.88,28.95,-80.88,"Atlantic ridge located south of Florida resulted in southwest winds across central Florida. This pushed deep moisture over the area, and when combined with daytime heating and cold temperatures in the middle atmosphere provided the conditions for showers and thunderstorms to develop. One thunderstorm in eastern Volusia County interacted with the sea breeze front. This storm quickly became severe as it moved very slowly southward over New Smyrna Beach and Edgewater and reports of hail were received along the Halifax River.",The public reported nickel sized hail near the intersection of Roberts Street and US Highway 1 in Edgwater.,CSV
201903,27,810,201903,27,823,134917,808611,ATLANTIC SOUTH,87,2019,March,Marine Hail,Z,552,VOLUSIA-BREVARD COUNTY LINE TO SEBASTIAN INLET 0-20NM,87552,MLB,27-MAR-19 08:10:00,EST-5,27-MAR-19 08:23:00,0,0,0,0,0.00K,0.00K,Public,1.5,NA,NA,NA,NA,NA,NA,NA,NA,NA,NA,4.87,S,MERRITT ISLAND,4.87,S,MERRITT ISLAND,28.28,-80.71,28.28,-80.71,Numerous strong to severe thunderstorms developed over the mainland then spread across the Brevard County intracoastal and coastal waters with hail from quarter to hen egg size and wind gusts of 34 to 47 knots.,Hail up to ping pong ball size fell in Viera and Rockledge as the storm moved southeast to the Indian River.,CSV
201903,27,840,201903,27,845,134917,808614,ATLANTIC SOUTH,87,2019,March,Marine Hail,Z,552,VOLUSIA-BREVARD COUNTY LINE TO SEBASTIAN INLET 0-20NM,87552,MLB,27-MAR-19 08:40:00,EST-5,27-MAR-19 08:45:00,0,0,0,0,0.00K,0.00K,Public,1,NA,NA,NA,NA,NA,NA,NA,NA,NA,NA,4.47,WNW,CAPE CANAVERAL,4.47,WNW,CAPE CANAVERAL,28.4,-80.67,28.4,-80.67,Numerous strong to severe thunderstorms developed over the mainland then spread across the Brevard County intracoastal and coastal waters with hail from quarter to hen egg size and wind gusts of 34 to 47 knots.,One inch hail fell at Kelly Park on Merritt Island as a severe thunderstorm moved southeast across the Banana River.,CSV
201903,27,840,201903,27,850,134917,808616,ATLANTIC SOUTH,87,2019,March,Marine Hail,Z,552,VOLUSIA-BREVARD COUNTY LINE TO SEBASTIAN INLET 0-20NM,87552,MLB,27-MAR-19 08:40:00,EST-5,27-MAR-19 08:50:00,0,0,0,0,0.00K,0.00K,Public,1,NA,NA,NA,NA,NA,NA,NA,NA,NA,NA,0.69,N,INDIAN HARBOUR BEACH,0.69,N,INDIAN HARBOUR BEACH,28.16,-80.6,28.16,-80.6,Numerous strong to severe thunderstorms developed over the mainland then spread across the Brevard County intracoastal and coastal waters with hail from quarter to hen egg size and wind gusts of 34 to 47 knots.,Hail quarter size or a little larger occurred at Indian Harbour Beach as the storm continued southeast to the nearshore waters.,CSV
201904,14,1844,201904,14,1844,135314,814640,LAKE ERIE,95,2019,April,Marine Hail,Z,149,CONNEAUT OH TO RIPLEY NY,95149,CLE,14-APR-19 18:44:00,EST-5,14-APR-19 18:44:00,0,0,0,0,0.00K,0.00K,Trained Spotter,0.88,NA,NA,NA,NA,NA,NA,NA,NA,NA,NA,3.2,W,RIPLEY,3.2,W,RIPLEY,42.2696,-79.7625,42.2696,-79.7625,A warm front lifted northward across the region during the afternoon of April 14th. A strong area of low pressure moved from southwest Ohio through north central Ohio during the afternoon. The atmosphere quickly became unstable with plenty of shear and modest instability for severe storms including supercells. Severe thunderstorms moved out onto Lake Erie with strong wind gusts.,NA,CSV
201902,27,203,201902,27,203,133882,801357,GULF OF MEXICO,85,2019,February,Marine Hail,Z,452,COASTAL WATERS FROM INTRACOASTAL CITY TO CAMERON LA OUT 20 NM,85452,LCH,27-FEB-19 02:03:00,CST-6,27-FEB-19 02:03:00,0,0,0,0,0.00K,0.00K,Public,1.75,NA,NA,NA,NA,NA,NA,NA,NA,NA,NA,19.38,S,CAMERON,19.38,S,CAMERON,29.52,-93.28,29.52,-93.28,A super cell trekked across the coastal gulf waters south of Louisiana. The storm produced hail at an oil platform during the early morning.,Golf ball sized hail was reported as a thunderstorm moved across an offshore rig.,CSV
201904,14,1844,201904,14,1844,136911,821529,LAKE ERIE,95,2019,April,Marine Hail,Z,40,RIPLEY TO DUNKIRK NY,95040,BUF,14-APR-19 18:44:00,EST-5,14-APR-19 18:44:00,0,0,0,0,0.00K,0.00K,Trained Spotter,0.88,NA,NA,NA,NA,NA,NA,NA,NA,NA,NA,2,N,RIPLEY,2,N,RIPLEY,42.309,-79.73,42.309,-79.73,A dynamic low pressure system tracked just to the north of the area with low CAPE but a strongly sheared environment developing in the warm sector of this system. This encompassed the southern portions of the area. Strong low level speed and direction shear was present with wind speeds up to 65 knots off the ground. A line of storms developed along a pre-frontal trough and moved across the region during the evening hours. Initial storms were further supported by a mid-level low that resulted in multiple hail reports. This area of storms evolved into a linear structure with multiple waves of stronger wind moving northward along the boundary. This line began producing wind damage with periods of diffuse rotation near these waves.,NA,CSV
201903,27,759,201903,27,801,134917,808608,ATLANTIC SOUTH,87,2019,March,Marine Hail,Z,552,VOLUSIA-BREVARD COUNTY LINE TO SEBASTIAN INLET 0-20NM,87552,MLB,27-MAR-19 07:59:00,EST-5,27-MAR-19 08:01:00,0,0,0,0,0.00K,0.00K,Trained Spotter,1,NA,NA,NA,NA,NA,NA,NA,NA,NA,NA,3.91,NNW,MERRITT ISLAND,3.91,NNW,MERRITT ISLAND,28.4,-80.75,28.4,-80.75,Numerous strong to severe thunderstorms developed over the mainland then spread across the Brevard County intracoastal and coastal waters with hail from quarter to hen egg size and wind gusts of 34 to 47 knots.,Hail up to quarter size fell in Cocoa as the storm moves southeast across the Indian River.,CSV
201907,31,1811,201907,31,1811,138446,832403,GULF OF MEXICO,85,2019,July,Marine Hail,Z,830,TAMPA BAY,85830,TBW,31-JUL-19 18:11:00,EST-5,31-JUL-19 18:11:00,0,0,0,0,0.00K,0.00K,Broadcast Media,0.75,NA,NA,NA,NA,NA,NA,NA,NA,NA,NA,9.61,NW,OLD TAMPA BAY,9.61,NW,OLD TAMPA BAY,27.94,-82.7,27.94,-82.7,Easterly flow regime across the region along with increasing moisture allowed for the development of widespread showers and storms across the area during the afternoon and evening hours. Many of them produced gusty winds over portions of the Gulf Waters.,Bay News 9 reported penny-size hail falling along the Bayside Bridge.,CSV
201904,26,1425,201904,26,1425,136507,819242,ATLANTIC NORTH,88,2019,April,Marine Hail,Z,538,PATAPSCO RIVER INCLUDING BALTIMORE HARBOR,88538,LWX,26-APR-19 14:25:00,EST-5,26-APR-19 14:25:00,0,0,0,0,NA,NA,Trained Spotter,0.75,NA,NA,NA,NA,NA,NA,NA,NA,NA,NA,5.27,SW,CREEK ROAD (CRKM2),5.27,SW,CREEK ROAD (CRKM2),39.1073,-76.5711,39.1073,-76.5711,An upper level trough east of the Mississippi River on the morning of April 26th deepened and closed off over the eastern Great Lakes by the morning of April 27th. A forced convective line was ongoing in the morning hours of April 26th over West Virginia and progressed eastward across the waters during the afternoon hours. A few individual cells also formed ahead of this convective line. Modest instability developed during the late morning and early afternoon hours which combined with moderate levels of wind shear to  help support showers and thunderstorms which produced strong gusty winds over the waters.,"Hail of 0.75 inch in diameter was observed in Pasadena, Maryland.",CSV
201904,5,1547,201904,5,1547,134870,808341,ATLANTIC SOUTH,87,2019,April,Marine Hail,Z,555,SEBASTIAN INLET TO JUPITER INLET 0-20NM,87555,MLB,05-APR-19 15:47:00,EST-5,05-APR-19 15:47:00,0,0,0,0,0.00K,0.00K,Trained Spotter,0.75,NA,NA,NA,NA,NA,NA,NA,NA,NA,NA,9.56,ENE,VERO BEACH,9.56,ENE,VERO BEACH,27.701,-80.4359,27.701,-80.4359,"An area of low pressure over the mid-Atlantic caused moisture to surge across east central Florida and instability in the atmosphere increased as a result due to cold temperatures in the middle atmosphere. As showers and thunderstorms developed, a few tapped into the cold temperatures and instability to produce hail. One thunderstorm produced produced penny-sized hail near Vero Beach and another storm produced golf-ball sized hail in Port St. Lucie.",A trained spotter reported 0.75 inch hail just north of Vero Beach.,CSV
201904,5,1554,201904,5,1554,134870,808342,ATLANTIC SOUTH,87,2019,April,Marine Hail,Z,555,SEBASTIAN INLET TO JUPITER INLET 0-20NM,87555,MLB,05-APR-19 15:54:00,EST-5,05-APR-19 15:54:00,0,0,0,0,0.00K,0.00K,Broadcast Media,1.75,NA,NA,NA,NA,NA,NA,NA,NA,NA,NA,6.47,NW,STUART,6.47,NW,STUART,27.27,-80.32,27.27,-80.32,"An area of low pressure over the mid-Atlantic caused moisture to surge across east central Florida and instability in the atmosphere increased as a result due to cold temperatures in the middle atmosphere. As showers and thunderstorms developed, a few tapped into the cold temperatures and instability to produce hail. One thunderstorm produced produced penny-sized hail near Vero Beach and another storm produced golf-ball sized hail in Port St. Lucie.",Broadcast media relayed a report of golf ball sized hail near the intersection of Southeast Westmoreland Boulevard and Port St Lucie Boulevard.,CSV
201906,2,1742,201906,2,1742,139322,837921,ATLANTIC NORTH,88,2019,June,Marine Hail,Z,535,TIDAL POTOMAC KEY BRIDGE TO INDIAN HD MD,88535,LWX,02-JUN-19 17:42:00,EST-5,02-JUN-19 17:42:00,0,0,0,0,NA,NA,Trained Spotter,1,NA,NA,NA,NA,NA,NA,NA,NA,NA,NA,0.35,WNW,WISCONSIN AVE (GTND2),0.35,WNW,WISCONSIN AVE (GTND2),38.9015,-77.0662,38.9015,-77.0662,"A cold front approached the region during the day of June 2nd, and that combined with broadly falling heights and increasing instability and wind shear, led to the development of scattered strong to locally severe thunderstorms during the afternoon and evening hours.",Quarter-sized hail (1.0 in diameter) was observed.,CSV
201907,2,1330,201907,2,1330,140327,843794,ATLANTIC NORTH,88,2019,July,Marine Hail,Z,50,EASTPORT ME TO SCHOODIC POINT ME OUT 25 NM,88050,CAR,02-JUL-19 13:30:00,EST-5,02-JUL-19 13:30:00,0,0,0,0,NA,NA,Social Media,1,NA,NA,NA,NA,NA,NA,NA,NA,NA,NA,18.11,W,JONESPORT,18.11,W,JONESPORT,44.5111,-67.9667,44.5111,-67.9667,A thunderstorm produced hail up to around an inch in diameter along the Washington county coast near the town of Steuben while moving offshore.,NA,CSV
201906,29,1439,201906,29,1439,139337,838046,ATLANTIC NORTH,88,2019,June,Marine Hail,Z,533,CHESAPEAKE BAY N BEACH TO DRUM PT MD,88533,LWX,29-JUN-19 14:39:00,EST-5,29-JUN-19 14:39:00,0,0,0,0,NA,NA,Trained Spotter,1,NA,NA,NA,NA,NA,NA,NA,NA,NA,NA,5.82,W,GOOSES REEF BUOY (44062),5.82,W,GOOSES REEF BUOY (44062),38.5711,-76.5169,38.5711,-76.5169,"Heat and humidity through the day on June 29th led to a moderately unstable air mass by the afternoon. A weak pressure trough developed and heights began to fall by the evening as an upper level ridge broke down. Also late in the evening, a cold front began to approach, increasing forcing across the region. Several rounds of scattered showers and thunderstorms developed from the mid afternoon hours through well past sunset. Some thunderstorms produced gusty winds over the waters.",Hail up to the size of quarters was reported.,CSV
201906,29,2247,201906,29,2247,139337,838086,ATLANTIC NORTH,88,2019,June,Marine Hail,Z,538,PATAPSCO RIVER INCLUDING BALTIMORE HARBOR,88538,LWX,29-JUN-19 22:47:00,EST-5,29-JUN-19 22:47:00,0,0,0,0,NA,NA,Trained Spotter,1.75,NA,NA,NA,NA,NA,NA,NA,NA,NA,NA,6.41,NNE,SPARROWS POINT HS (BTMDL),6.41,NNE,SPARROWS POINT HS (BTMDL),39.3257,-76.3943,39.3257,-76.3943,"Heat and humidity through the day on June 29th led to a moderately unstable air mass by the afternoon. A weak pressure trough developed and heights began to fall by the evening as an upper level ridge broke down. Also late in the evening, a cold front began to approach, increasing forcing across the region. Several rounds of scattered showers and thunderstorms developed from the mid afternoon hours through well past sunset. Some thunderstorms produced gusty winds over the waters.",Hail up to 1.75 inches in diameter was observed.,CSV
201905,31,1842,201905,31,1842,138339,831880,LAKE MICHIGAN,91,2019,May,Marine Hail,Z,346,MANISTEE TO POINT BETSIE MI,91346,APX,31-MAY-19 18:42:00,EST-5,31-MAY-19 18:42:00,0,0,0,0,0.00K,0.00K,Public,0.75,NA,NA,NA,NA,NA,NA,NA,NA,NA,NA,0.69,SSW,ARCADIA,0.69,SSW,ARCADIA,44.5012,-86.2463,44.5012,-86.2463,Thunderstorms with hail impacted the coastline of northwest lower Michigan.,NA,CSV
201906,1,1340,201906,1,1340,138637,833613,LAKE ERIE,95,2019,June,Marine Hail,Z,444,MICHIGAN WATERS OF LAKE ERIE FROM DETROIT RIVER TO NORTH CAPE MI,95444,DTX,01-JUN-19 13:40:00,EST-5,01-JUN-19 13:40:00,0,0,0,0,0.00K,0.00K,Trained Spotter,0.75,NA,NA,NA,NA,NA,NA,NA,NA,NA,NA,1.03,E,MONROE HARBOR,1.03,E,MONROE HARBOR,41.92,-83.38,41.92,-83.38,Thunderstorms moving through Lake Erie produced wind gusts around 35 knots.,NA,CSV
201906,28,1540,201906,28,1540,138644,833637,LAKE ST CLAIR,81,2019,June,Marine Hail,Z,460,LAKE ST CLAIR (U.S. PORTION),81460,DTX,28-JUN-19 15:40:00,EST-5,28-JUN-19 15:40:00,0,0,0,0,0.00K,0.00K,Public,1,NA,NA,NA,NA,NA,NA,NA,NA,NA,NA,1.47,NNW,ST CLAIR SHORES,1.47,NNW,ST CLAIR SHORES,42.49,-82.89,42.49,-82.89,"Thunderstorms moving through Lake St. Clair produced 1 inch hail in diameter and wind gusts in excess of 45 knots. The strong winds generated higher waves, which lead to boats crashing into each other at Jobbie Nooner. Multiple injuries were reported, with 20 people transported to the hospital.",NA,CSV
201906,28,1540,201906,28,1540,138644,833638,LAKE ST CLAIR,81,2019,June,Marine Hail,Z,460,LAKE ST CLAIR (U.S. PORTION),81460,DTX,28-JUN-19 15:40:00,EST-5,28-JUN-19 15:40:00,0,0,0,0,0.00K,0.00K,Trained Spotter,0.75,NA,NA,NA,NA,NA,NA,NA,NA,NA,NA,4.18,N,ST CLAIR SHORES,4.18,N,ST CLAIR SHORES,42.53,-82.87,42.53,-82.87,"Thunderstorms moving through Lake St. Clair produced 1 inch hail in diameter and wind gusts in excess of 45 knots. The strong winds generated higher waves, which lead to boats crashing into each other at Jobbie Nooner. Multiple injuries were reported, with 20 people transported to the hospital.",NA,CSV
201909,26,1535,201909,26,1535,142924,857456,LAKE ONTARIO,94,2019,September,Marine Hail,Z,44,SODUS BAY TO MEXICO BAY NY,94044,BUF,26-SEP-19 15:35:00,EST-5,26-SEP-19 15:35:00,0,0,0,0,0.00K,0.00K,Mariner,0.75,NA,NA,NA,NA,NA,NA,NA,NA,NA,NA,0.42,NNW,OSWEGO,0.42,NNW,OSWEGO,43.4754,-76.5138,43.4754,-76.5138,A short wave trough and associated colder air aloft moved along Lake Ontario during the afternoon in post-frontal cooler air. The stronger mid-level lapse rates associated with this feature combined with warmer lake waters allowed for thunderstorms to develop during the afternoon that peaked in intensity as they neared the east end of Lake Ontario.,NA,CSV
201909,24,1520,201909,24,1520,141821,851314,ATLANTIC NORTH,88,2019,September,Marine Hail,Z,52,INTRACOASTAL WATERS FROM SCHOODIC POINT ME TO STONINGTON ME,88052,CAR,24-SEP-19 15:20:00,EST-5,24-SEP-19 15:20:00,0,0,0,0,NA,NA,Public,0.88,NA,NA,NA,NA,NA,NA,NA,NA,NA,NA,2.55,NE,STONINGTON,2.55,NE,STONINGTON,44.18,-68.64,44.18,-68.64,An upper level low and cold pool aloft crossed Downeast Maine during the afternoon of the 24th supporting showers and thunderstorms. A thunderstorrm produced up to nickle sized hail around Deer Isle during the late afternoon.,NA,CSV
201909,24,1520,201909,24,1520,141821,851315,ATLANTIC NORTH,88,2019,September,Marine Hail,Z,52,INTRACOASTAL WATERS FROM SCHOODIC POINT ME TO STONINGTON ME,88052,CAR,24-SEP-19 15:20:00,EST-5,24-SEP-19 15:20:00,0,0,0,0,NA,NA,Public,0.88,NA,NA,NA,NA,NA,NA,NA,NA,NA,NA,2.81,N,STONINGTON,2.81,N,STONINGTON,44.19,-68.66,44.19,-68.66,An upper level low and cold pool aloft crossed Downeast Maine during the afternoon of the 24th supporting showers and thunderstorms. A thunderstorrm produced up to nickle sized hail around Deer Isle during the late afternoon.,NA,CSV
201909,24,1520,201909,24,1520,141821,851316,ATLANTIC NORTH,88,2019,September,Marine Hail,Z,52,INTRACOASTAL WATERS FROM SCHOODIC POINT ME TO STONINGTON ME,88052,CAR,24-SEP-19 15:20:00,EST-5,24-SEP-19 15:20:00,0,0,0,0,NA,NA,Public,0.88,NA,NA,NA,NA,NA,NA,NA,NA,NA,NA,3.45,N,STONINGTON,3.45,N,STONINGTON,44.2,-68.67,44.2,-68.67,An upper level low and cold pool aloft crossed Downeast Maine during the afternoon of the 24th supporting showers and thunderstorms. A thunderstorrm produced up to nickle sized hail around Deer Isle during the late afternoon.,NA,CSV
201909,24,1525,201909,24,1525,141821,851317,ATLANTIC NORTH,88,2019,September,Marine Hail,Z,52,INTRACOASTAL WATERS FROM SCHOODIC POINT ME TO STONINGTON ME,88052,CAR,24-SEP-19 15:25:00,EST-5,24-SEP-19 15:25:00,0,0,0,0,NA,NA,Public,0.88,NA,NA,NA,NA,NA,NA,NA,NA,NA,NA,3.98,NNW,STONINGTON,3.98,NNW,STONINGTON,44.2,-68.71,44.2,-68.71,An upper level low and cold pool aloft crossed Downeast Maine during the afternoon of the 24th supporting showers and thunderstorms. A thunderstorrm produced up to nickle sized hail around Deer Isle during the late afternoon.,NA,CSV
201909,24,1530,201909,24,1530,141821,851318,ATLANTIC NORTH,88,2019,September,Marine Hail,Z,52,INTRACOASTAL WATERS FROM SCHOODIC POINT ME TO STONINGTON ME,88052,CAR,24-SEP-19 15:30:00,EST-5,24-SEP-19 15:30:00,0,0,0,0,NA,NA,Public,0.88,NA,NA,NA,NA,NA,NA,NA,NA,NA,NA,4.18,N,STONINGTON,4.18,N,STONINGTON,44.21,-68.68,44.21,-68.68,An upper level low and cold pool aloft crossed Downeast Maine during the afternoon of the 24th supporting showers and thunderstorms. A thunderstorrm produced up to nickle sized hail around Deer Isle during the late afternoon.,NA,CSV
201909,24,1955,201909,24,2000,142522,855499,LAKE SUPERIOR,92,2019,September,Marine Hail,Z,242,ONTONAGON TO UPPER ENTRANCE OF PORTAGE CANAL MI,92242,MQT,24-SEP-19 19:55:00,EST-5,24-SEP-19 20:00:00,0,0,0,0,0.00K,0.00K,Social Media,1,NA,NA,NA,NA,NA,NA,NA,NA,NA,NA,3.22,NE,BEACON HILL,3.22,NE,BEACON HILL,47.1567,-88.7639,47.1567,-88.7639,A strong cold front moving through a moist and unstable air mass produced strong to severe thunderstorms over portions of Lake Superior from the evening of the 24th into the early morning of the 25th.,One inch diameter hail was observed just east of Redridge.  The report was received via social media.,CSV
201908,27,2001,201908,27,2006,141930,853048,LAKE SUPERIOR,92,2019,August,Marine Hail,Z,249,MARQUETTE TO MUNISING MI,92249,MQT,27-AUG-19 20:01:00,EST-5,27-AUG-19 20:06:00,0,0,0,0,0.00K,0.00K,Public,0.88,NA,NA,NA,NA,NA,NA,NA,NA,NA,NA,2.75,ESE,SHOT POINT,2.75,ESE,SHOT POINT,46.49,-87.12,46.49,-87.12,A cold front moving through a moist and unstable air mass generated strong to severe thunderstorms across Lake Superior on the afternoon and evening of the 27th.,Nickel-sized hail was reported just west of the Marquette-Alger county line.,CSV
201905,31,1836,201905,31,1836,137433,825335,LAKE MICHIGAN,91,2019,May,Marine Hail,Z,542,STURGEON BAY TO TWO RIVERS WI,91542,GRB,31-MAY-19 18:36:00,CST-6,31-MAY-19 18:36:00,0,0,0,0,0.00K,0.00K,Public,0.88,NA,NA,NA,NA,NA,NA,NA,NA,NA,NA,3.28,ENE,POINT BEACH,3.28,ENE,POINT BEACH,44.25,-87.51,44.25,-87.51,Thunderstorms along and behind a cold front produced isolated strong winds and large hail as they moved over the waters of Green Bay and Lake Michigan.,A thunderstorm dropped nickel size hail as it passed over the nearshore waters of Lake Michigan.,CSV
201905,25,244,201905,25,244,138338,831866,LAKE MICHIGAN,91,2019,May,Marine Hail,Z,323,GRAND TRAVERSE BAY FROM GRAND TRAVERSE LIGHT TO NORWOOD MI,91323,APX,25-MAY-19 02:44:00,EST-5,25-MAY-19 02:44:00,0,0,0,0,0.00K,0.00K,Public,1.25,NA,NA,NA,NA,NA,NA,NA,NA,NA,NA,1.05,NE,TRAVERSE CITY,1.05,NE,TRAVERSE CITY,44.77,-85.6037,44.77,-85.6037,A thunderstorm with large hail grazed far southern Grand Traverse Bay.,NA,CSV
201909,11,1431,201909,11,1431,142586,856035,LAKE ST CLAIR,81,2019,September,Marine Hail,Z,422,ST CLAIR RIVER,81422,DTX,11-SEP-19 14:31:00,EST-5,11-SEP-19 14:31:00,0,0,0,0,0.00K,0.00K,Trained Spotter,0.75,NA,NA,NA,NA,NA,NA,NA,NA,NA,NA,1,SW,PORT HURON,1,SW,PORT HURON,42.9698,-82.434,42.9698,-82.434,A thunderstorm moving through the St. Clair river produced small hail.,NA,CSV
202008,26,835,202008,26,840,152046,915487,LAKE MICHIGAN,91,2020,August,Marine Hail,Z,248,SEUL CHOIX POINT TO POINT DETOUR MI,91248,MQT,26-AUG-20 08:35:00,EST-5,26-AUG-20 08:40:00,0,0,0,0,0.00K,0.00K,Social Media,0.88,NA,NA,NA,NA,NA,NA,NA,NA,NA,NA,0.84,NW,MANISTIQUE LIGHT,0.84,NW,MANISTIQUE LIGHT,45.96,-86.25,45.96,-86.25,A strong thunderstorm dropped nickel-sized hail in Manistique on the morning of the 26th.,There was a report of nickel-sized hail in Manistique.,CSV
202005,28,1857,202005,28,1918,148304,893011,GULF OF MEXICO,85,2020,May,Marine Hail,Z,235,PT O'CONNOR TO ARANSAS PASS,85235,CRP,28-MAY-20 18:57:00,CST-6,28-MAY-20 19:18:00,0,0,0,0,0.00K,0.00K,CoCoRaHS,1,NA,NA,NA,NA,NA,NA,NA,NA,NA,NA,7.36,WSW,SEADRIFT,6.61,WNW,SAN ANTONIO BAY,28.3906,-96.8364,28.3816,-96.8215,Isolated storms along the Mid-Coast produced hail and wind during the evening hours.,Quarter sized hail occurred near the coast around Austwell.,CSV
202004,20,1630,202004,20,1630,146505,880352,ATLANTIC SOUTH,87,2020,April,Marine Hail,Z,555,SEBASTIAN INLET TO JUPITER INLET 0-20NM,87555,MLB,20-APR-20 16:30:00,EST-5,20-APR-20 16:30:00,0,0,0,0,0.00K,0.00K,Trained Spotter,1,NA,NA,NA,NA,NA,NA,NA,NA,NA,NA,0.92,SE,STUART,0.92,SE,STUART,27.19,-80.24,27.19,-80.24,"A line of strong to severe thunderstorms moved across east central Florida, producing damaging winds and hail along the coast.",Multiple trained spotters reported quarter-sized hail in Stuart and Palm City.,CSV
202004,26,827,202004,26,827,146514,880394,ATLANTIC SOUTH,87,2020,April,Marine Hail,Z,552,VOLUSIA-BREVARD COUNTY LINE TO SEBASTIAN INLET 0-20NM,87552,MLB,26-APR-20 08:27:00,EST-5,26-APR-20 08:27:00,0,0,0,0,0.00K,0.00K,Trained Spotter,1,NA,NA,NA,NA,NA,NA,NA,NA,NA,NA,1.4,WSW,MICCO,1.4,WSW,MICCO,27.87,-80.52,27.87,-80.52,As two severe thunderstorms moved offshore they produced large hail along the Brevard and Saint Lucie county coasts.,Trained spotters reported quarter-sized hail in Barefoot Bay and Micco.,CSV
202004,26,925,202004,26,925,146514,880396,ATLANTIC SOUTH,87,2020,April,Marine Hail,Z,555,SEBASTIAN INLET TO JUPITER INLET 0-20NM,87555,MLB,26-APR-20 09:25:00,EST-5,26-APR-20 09:25:00,0,0,0,0,0.00K,0.00K,Trained Spotter,1,NA,NA,NA,NA,NA,NA,NA,NA,NA,NA,3.32,SSW,ST. LUCIE NUCLEAR POWER PLANT,3.32,SSW,ST. LUCIE NUCLEAR POWER PLANT,27.31,-80.28,27.31,-80.28,As two severe thunderstorms moved offshore they produced large hail along the Brevard and Saint Lucie county coasts.,A trained spotter reported quarter-sized hail near Port Saint Lucie High School.,CSV
202004,7,1550,202004,7,1550,145868,876225,LAKE MICHIGAN,91,2020,April,Marine Hail,Z,521,GREEN BAY SOUTH FROM CEDAR RIVER MI TO ROCK ISLAND PASSAGE AND NORTH FROM OCONTO WI TO LITTLE STURGEON BAY WI,91521,GRB,07-APR-20 15:50:00,CST-6,07-APR-20 15:50:00,0,0,0,0,0.00K,0.00K,Trained Spotter,0.75,NA,NA,NA,NA,NA,NA,NA,NA,NA,NA,5.65,N,EGG HARBOR,5.65,N,EGG HARBOR,45.1316,-87.2714,45.1316,-87.2714,Showers and thunderstorms developed across northeast Wisconsin during the afternoon hours and tracked over the waters of Green Bay and Lake Michigan. The strongest storms produced large hail as they tracked across the region.,Penny size hail fell as thunderstorms moved over the central bay of Green Bay.,CSV
202004,7,1420,202004,7,1420,145868,884292,LAKE MICHIGAN,91,2020,April,Marine Hail,Z,521,GREEN BAY SOUTH FROM CEDAR RIVER MI TO ROCK ISLAND PASSAGE AND NORTH FROM OCONTO WI TO LITTLE STURGEON BAY WI,91521,GRB,07-APR-20 14:20:00,CST-6,07-APR-20 14:20:00,0,0,0,0,0.00K,0.00K,Trained Spotter,1,NA,NA,NA,NA,NA,NA,NA,NA,NA,NA,17.76,S,EGG HARBOR,17.76,S,EGG HARBOR,44.7938,-87.2515,44.7938,-87.2515,Showers and thunderstorms developed across northeast Wisconsin during the afternoon hours and tracked over the waters of Green Bay and Lake Michigan. The strongest storms produced large hail as they tracked across the region.,Large hail fell over the nearshore waters of Lake Michigan east of Sturgeon Bay.,CSV
202004,7,1402,202004,7,1402,145868,876223,LAKE MICHIGAN,91,2020,April,Marine Hail,Z,522,GREEN BAY SOUTH FROM OCONTO WI TO LITTLE STURGEON BAY WI,91522,GRB,07-APR-20 14:02:00,CST-6,07-APR-20 14:02:00,0,0,0,0,0.00K,0.00K,Public,0.88,NA,NA,NA,NA,NA,NA,NA,NA,NA,NA,5.94,SSW,OCONTO,5.94,SSW,OCONTO,44.8098,-87.9037,44.8098,-87.9037,Showers and thunderstorms developed across northeast Wisconsin during the afternoon hours and tracked over the waters of Green Bay and Lake Michigan. The strongest storms produced large hail as they tracked across the region.,Nickel size hail fell as thunderstorms moved over the southern bay of Green Bay.,CSV
202004,21,1450,202004,21,1450,146655,885028,ATLANTIC NORTH,88,2020,April,Marine Hail,Z,353,MORICHES INLET TO FIRE ISLAND INLET NY OUT 20NM,88353,OKX,21-APR-20 14:50:00,EST-5,21-APR-20 14:50:00,0,0,0,0,0.00K,0.00K,Amateur Radio,0.75,NA,NA,NA,NA,NA,NA,NA,NA,NA,NA,7.97,W,SMITH POINT,7.97,W,SMITH POINT,40.76,-73.02,40.76,-73.02,"A cold front and pre-frontal trough, in association with a mid level disturbance brought strong to severe thunderstorms to the coastal waters.",Hail of 0.75 inches in diameter reported.,CSV
202004,7,1705,202004,7,1710,147839,890032,LAKE MICHIGAN,91,2020,April,Marine Hail,Z,346,MANISTEE TO POINT BETSIE MI,91346,APX,07-APR-20 17:05:00,EST-5,07-APR-20 17:10:00,0,0,0,0,0.00K,0.00K,Public,1,NA,NA,NA,NA,NA,NA,NA,NA,NA,NA,1.32,NE,MANISTEE,1.32,NE,MANISTEE,44.2658,-86.335,44.2658,-86.335,Thunderstorms developed north of a warm front that advanced into southern lower Michigan on the 7th. Some of these storms produced hail.,NA,CSV
202004,7,1655,202004,7,1655,147839,890035,LAKE MICHIGAN,91,2020,April,Marine Hail,Z,346,MANISTEE TO POINT BETSIE MI,91346,APX,07-APR-20 16:55:00,EST-5,07-APR-20 16:55:00,0,0,0,0,0.00K,0.00K,Public,1,NA,NA,NA,NA,NA,NA,NA,NA,NA,NA,1.19,SSW,ARCADIA,1.19,SSW,ARCADIA,44.4941,-86.2493,44.4941,-86.2493,Thunderstorms developed north of a warm front that advanced into southern lower Michigan on the 7th. Some of these storms produced hail.,NA,CSV
202008,27,1803,202008,27,1803,152926,921105,ATLANTIC NORTH,88,2020,August,Marine Hail,Z,345,SOUTH SHORE BAYS FROM JONES INLET THROUGH SHINNECOCK BAY,88345,OKX,27-AUG-20 18:03:00,EST-5,27-AUG-20 18:03:00,0,0,0,0,0.00K,0.00K,Trained Spotter,0.75,NA,NA,NA,NA,NA,NA,NA,NA,NA,NA,1.85,NNE,BLUE POINT WXFLOW,1.85,NNE,BLUE POINT WXFLOW,40.7547,-73.0162,40.7547,-73.0162,An upper level disturbance in close proximity to a departing warm front triggered severe thunderstorms across the coastal waters.,Hail of 0.75 inches in diameter was reported.,CSV
202008,20,1633,202008,20,1633,150635,908294,LAKE MICHIGAN,91,2020,August,Marine Hail,Z,541,ROCK ISLAND PASSAGE TO STURGEON BAY WI,91541,GRB,20-AUG-20 16:33:00,CST-6,20-AUG-20 16:33:00,0,0,0,0,0.00K,0.00K,COOP Observer,0.75,NA,NA,NA,NA,NA,NA,NA,NA,NA,NA,7.49,ENE,NORTHPORT PIER STATION (NPDW3),7.49,ENE,NORTHPORT PIER STATION (NPDW3),45.3464,-86.8483,45.3464,-86.8483,A strong storm produced large hail as it tracked over the Lake Michigan waters during the late afternoon and early evening hours.,Penny size hail fell as a thunderstorm moved over the nearshore waters of Lake Michigan east of Washington Island.,CSV
202008,10,1459,202008,10,1501,150365,914837,LAKE MICHIGAN,91,2020,August,Marine Hail,Z,740,WINTHROP HARBOR TO WILMETTE HARBOR IL,91740,LOT,10-AUG-20 14:59:00,CST-6,10-AUG-20 15:01:00,0,0,0,0,0.00K,0.00K,Public,0.88,NA,NA,NA,NA,NA,NA,NA,NA,NA,NA,4.51,W,WILMETTE BUOY,4.51,W,WILMETTE BUOY,42.1378,-87.748,42.1378,-87.748,"During the afternoon of Monday August 10th, a line of intense thunderstorms known as a derecho brought widespread severe winds to all of southern Lake Michigan.  One tornado touched down near Rogers Park in Chicago and then moved over the lake as a waterspout.",Nickel size hail was reported in Glencoe.,CSV
202009,26,1653,202009,26,1653,152467,918290,LAKE MICHIGAN,91,2020,September,Marine Hail,Z,521,GREEN BAY SOUTH FROM CEDAR RIVER MI TO ROCK ISLAND PASSAGE AND NORTH FROM OCONTO WI TO LITTLE STURGEON BAY WI,91521,GRB,26-SEP-20 16:53:00,CST-6,26-SEP-20 16:53:00,0,0,0,0,0.00K,0.00K,Public,0.75,NA,NA,NA,NA,NA,NA,NA,NA,NA,NA,10.28,NNE,ELLISON BAY,10.28,NNE,ELLISON BAY,45.3803,-86.9677,45.3803,-86.9677,A strong storm produced large hail as it tracked over the bay of Green Bay and Lake Michigan waters during the late afternoon hours.,Penny size hail fell as a thunderstorm moved over the bay of Green Bay west of Washington Island.,CSV
202008,18,1354,202008,18,1354,150367,906427,ATLANTIC SOUTH,87,2020,August,Marine Hail,Z,550,FLAGLER BEACH TO VOLUSIA-BREVARD COUNTY LINE 0-20NM,87550,MLB,18-AUG-20 13:54:00,EST-5,18-AUG-20 13:54:00,0,0,0,0,0.00K,0.00K,Broadcast Media,1,NA,NA,NA,NA,NA,NA,NA,NA,NA,NA,4.52,SSE,DAYTONA BEACH,4.52,SSE,DAYTONA BEACH,29.16,-81,29.16,-81,"Numerous thunderstorms developed along the east coast sea breeze and other boundary collisions. As storms moved offshore over the Volusia and Brevard County coast, several produced strong wind gusts and hail.",Local broadcast media relayed a report of quarter sized hail in South Daytona.,CSV
202010,12,1349,202010,12,1350,152954,921296,LAKE MICHIGAN,91,2020,October,Marine Hail,Z,745,BURNS HARBOR TO MICHIGAN CITY IN,91745,LOT,12-OCT-20 13:49:00,CST-6,12-OCT-20 13:50:00,0,0,0,0,0.00K,0.00K,Trained Spotter,1,NA,NA,NA,NA,NA,NA,NA,NA,NA,NA,1.85,E,BURNS HARBOR,1.85,E,BURNS HARBOR,41.6503,-87.1141,41.6503,-87.1141,Isolated thunderstorms produced large hail across parts of southern Lake Michigan during the afternoon of October 12th.,Quarter size hail was reported near Burns Harbor.,CSV
202006,24,1821,202006,24,1821,147714,888941,ATLANTIC SOUTH,87,2020,June,Marine Hail,Z,550,FLAGLER BEACH TO VOLUSIA-BREVARD COUNTY LINE 0-20NM,87550,MLB,24-JUN-20 18:21:00,EST-5,24-JUN-20 18:21:00,0,0,0,0,0.00K,0.00K,Public,0.75,NA,NA,NA,NA,NA,NA,NA,NA,NA,NA,4.21,NW,PONCE INLET,4.21,NW,PONCE INLET,29.15,-80.97,29.15,-80.97,A strong thunderstorm produced penny-sized hail along the Volusia County coast.,The public reported penny sized hail near the intersection of Peninsula Drive and Dunlawton Avenue in Port Orange.,CSV
202103,6,1115,202103,6,1115,155398,937304,ATLANTIC SOUTH,87,2021,March,Marine Hail,Z,550,FLAGLER BEACH TO VOLUSIA-BREVARD COUNTY LINE 0-20NM,87550,MLB,06-MAR-21 11:15:00,EST-5,06-MAR-21 11:15:00,0,0,0,0,0.00K,0.00K,County Official,1.25,NA,NA,NA,NA,NA,NA,NA,NA,NA,NA,4.59,SE,DAYTONA BEACH,4.59,SE,DAYTONA BEACH,29.17,-80.98,29.17,-80.98,A shower quickly strengthened into a severe thunderstorm that produced large hail and strong winds along the Volusia County coast.,"Volusia County Ocean Rescue reports hail up to half dollar in size in Daytona Beach Shores. They also reported the entire ocean front was covered in hail, with accumulations of a few inches in spots.",CSV
202104,18,1007,202104,18,1007,156768,947348,ATLANTIC SOUTH,87,2021,April,Marine Hail,Z,454,ST AUGUSTINE TO FLAGLER BEACH FL OUT 20NM,87454,JAX,18-APR-21 10:07:00,EST-5,18-APR-21 10:07:00,0,0,0,0,0.00K,0.00K,Broadcast Media,1.5,NA,NA,NA,NA,NA,NA,NA,NA,NA,NA,8.09,WSW,FLAGLER BEACH,8.09,WSW,FLAGLER BEACH,29.47,-81.13,29.47,-81.13,A front was draped across north-central Florida. Elevated instability on the north side of the front under a passing mid level impulse produced a severe storm that produced large hail over Flagler county in the morning. A stronger cell in the afternoon produced a weak tornado in Marion county.,Ping-pong ball size hail was reported in Flagler Beach.,CSV
202104,5,2330,202104,5,2332,158032,955237,LAKE SUPERIOR,92,2021,April,Marine Hail,Z,144,TWO HBRS TO DULUTH MN,92144,DLH,05-APR-21 23:30:00,CST-6,05-APR-21 23:32:00,0,0,0,0,0.00K,0.00K,Public,0.88,NA,NA,NA,NA,NA,NA,NA,NA,NA,NA,1.37,N,DULUTH,1.37,N,DULUTH,46.8199,-92.1001,46.8199,-92.1001,"A few storms developed ahead of a cold front during the evening hours of the 5th. While the storms were not overly strong, they did produce hail to the size of nickels with one report of half dollar-sized hail near Cloquet.",NA,CSV
202104,5,2333,202104,5,2335,158032,955238,LAKE SUPERIOR,92,2021,April,Marine Hail,Z,144,TWO HBRS TO DULUTH MN,92144,DLH,05-APR-21 23:33:00,CST-6,05-APR-21 23:35:00,0,0,0,0,0.00K,0.00K,Public,0.88,NA,NA,NA,NA,NA,NA,NA,NA,NA,NA,1.38,N,DULUTH,1.38,N,DULUTH,46.82,-92.1,46.82,-92.1,"A few storms developed ahead of a cold front during the evening hours of the 5th. While the storms were not overly strong, they did produce hail to the size of nickels with one report of half dollar-sized hail near Cloquet.",NA,CSV
202104,18,941,202104,18,941,156975,948860,ATLANTIC SOUTH,87,2021,April,Marine Hail,Z,550,FLAGLER BEACH TO VOLUSIA-BREVARD COUNTY LINE 0-20NM,87550,MLB,18-APR-21 09:41:00,EST-5,18-APR-21 09:41:00,0,0,0,0,0.00K,0.00K,Trained Spotter,1,NA,NA,NA,NA,NA,NA,NA,NA,NA,NA,4.79,NNW,ORMOND BEACH,4.79,NNW,ORMOND BEACH,29.41,-81.11,29.41,-81.11,"An isolated severe thunderstorm developed inland over Flagler County near a stationary front, then dropped quickly southeast. Strong winds and hail up to ping-pong ball size occurred along the coast near the county line, then crossed into the Atlantic.","A trained weather spotter reported hail from one-half inch to one inch in diameter near the Atalntic coast along the Flagler-Volusia County line, but falling just within the Volusia County side.",CSV
202104,18,941,202104,18,941,156975,948865,ATLANTIC SOUTH,87,2021,April,Marine Hail,Z,550,FLAGLER BEACH TO VOLUSIA-BREVARD COUNTY LINE 0-20NM,87550,MLB,18-APR-21 09:41:00,EST-5,18-APR-21 09:41:00,0,0,0,0,0.00K,0.00K,Social Media,1.5,NA,NA,NA,NA,NA,NA,NA,NA,NA,NA,5.7,NNW,ORMOND BEACH,5.7,NNW,ORMOND BEACH,29.42,-81.12,29.42,-81.12,"An isolated severe thunderstorm developed inland over Flagler County near a stationary front, then dropped quickly southeast. Strong winds and hail up to ping-pong ball size occurred along the coast near the county line, then crossed into the Atlantic.","Broadcast media relayed photos of up to ping-pong ball size hail shared through social media near John Anderson Highway and Walter Broadman Lane in Flagler Beach, just north of the Flagler-Volusia County line.",CSV
202104,11,1403,202104,11,1403,156920,948492,ATLANTIC SOUTH,87,2021,April,Marine Hail,Z,555,SEBASTIAN INLET TO JUPITER INLET 0-20NM,87555,MLB,11-APR-21 14:03:00,EST-5,11-APR-21 14:03:00,0,0,0,0,0.00K,0.00K,Broadcast Media,1.75,NA,NA,NA,NA,NA,NA,NA,NA,NA,NA,7.56,NNW,TEQUESTA,7.56,NNW,TEQUESTA,27.06,-80.14,27.06,-80.14,"A squall line associated with the leading edge of a mesoscale convective system moved across all of central and south Florida. The system produced numerous strong winds gusts along the coast, including up to hurricane-force.",Local broadcast media reported golf ball sized hail in Hobe Sound.,CSV
202109,13,1352,202109,13,1352,163373,986365,LAKE ST CLAIR,81,2021,September,Marine Hail,Z,460,LAKE ST CLAIR (U.S. PORTION),81460,DTX,13-SEP-21 13:52:00,EST-5,13-SEP-21 13:52:00,0,0,0,0,0.00K,0.00K,Trained Spotter,1,NA,NA,NA,NA,NA,NA,NA,NA,NA,NA,1.23,SW,ST CLAIR SHORES,1.23,SW,ST CLAIR SHORES,42.46,-82.9,42.46,-82.9,Thunderstorms moving through Lake St. Clair produced wind gusts around 35 knots and 1 inch diameter hail.,NA,CSV
202106,14,2054,202106,14,2054,157862,954253,ATLANTIC NORTH,88,2021,June,Marine Hail,Z,538,PATAPSCO RIVER INCLUDING BALTIMORE HARBOR,88538,LWX,14-JUN-21 20:54:00,EST-5,14-JUN-21 20:54:00,0,0,0,0,NA,NA,Trained Spotter,0.75,NA,NA,NA,NA,NA,NA,NA,NA,NA,NA,0.74,S,CAROLINE (FORM2),0.74,S,CAROLINE (FORM2),39.2693,-76.5997,39.2693,-76.5997,Several clusters of strong to severe thunderstorms produced high winds over the Chesapeake Bay and tidal Potomac River.,Penny size hail was reported near Fells Point adjacent to Baltimore Inner Harbor.,CSV
202106,15,1655,202106,15,1700,159904,966459,ATLANTIC NORTH,88,2021,June,Marine Hail,Z,154,CAPE ELIZABETH ME TO MERRIMACK RIVER MA OUT 25 NM,88154,GYX,15-JUN-21 16:55:00,EST-5,15-JUN-21 17:00:00,0,0,0,0,NA,NA,Public,1,NA,NA,NA,NA,NA,NA,NA,NA,NA,NA,13.97,SW,ISLE OF SHOALS,13.97,SW,ISLE OF SHOALS,42.8291,-70.8178,42.8291,-70.8178,An upper level disturbance and associated area of developing low pressure across Southern New England helped trigger thunderstorms across the New Hampshire Seacoast. An unstable airmass caused by an advancing cold pool aloft and increasing shear allowed for strong thunderstorms bringing hail and gusty winds to the coastal waters.,"A strong thunderstorm brought large hail with 1 hail being reported at the mouth of the Merrimack River in Salisbury, MA.",CSV
202106,15,1655,202106,15,1700,159904,966460,ATLANTIC NORTH,88,2021,June,Marine Hail,Z,154,CAPE ELIZABETH ME TO MERRIMACK RIVER MA OUT 25 NM,88154,GYX,15-JUN-21 16:55:00,EST-5,15-JUN-21 17:00:00,0,0,0,0,NA,NA,Public,0.75,NA,NA,NA,NA,NA,NA,NA,NA,NA,NA,11.99,WSW,ISLE OF SHOALS,11.99,WSW,ISLE OF SHOALS,42.8743,-70.8176,42.8743,-70.8176,An upper level disturbance and associated area of developing low pressure across Southern New England helped trigger thunderstorms across the New Hampshire Seacoast. An unstable airmass caused by an advancing cold pool aloft and increasing shear allowed for strong thunderstorms bringing hail and gusty winds to the coastal waters.,"A strong thunderstorm brought large hail with .75 hail being reported at Seabrook Beach, NH.",CSV
202106,13,1815,202106,13,1815,160315,968838,LAKE ONTARIO,94,2021,June,Marine Hail,Z,30,LOWER NIAGARA RIVER,94030,BUF,13-JUN-21 18:15:00,EST-5,13-JUN-21 18:15:00,0,0,0,0,0.00K,0.00K,Other Federal Agency,0.88,NA,NA,NA,NA,NA,NA,NA,NA,NA,NA,10.64,S,YOUNGSTOWN,10.64,S,YOUNGSTOWN,43.0963,-79.0627,43.0963,-79.0627,"Impressive storms developed on the converging lake breeze over the Niagara Peninsula in Ontario. These cells slowly tracked eastward toward the Niagara River. Each cell rapidly fell apart as it moved into the United States, however one cell managed to drop nickel sized hail near the Niagara River.",NA,CSV
202103,6,1100,202103,6,1100,155398,937303,ATLANTIC SOUTH,87,2021,March,Marine Hail,Z,550,FLAGLER BEACH TO VOLUSIA-BREVARD COUNTY LINE 0-20NM,87550,MLB,06-MAR-21 11:00:00,EST-5,06-MAR-21 11:00:00,0,0,0,0,0.00K,0.00K,Trained Spotter,1,NA,NA,NA,NA,NA,NA,NA,NA,NA,NA,2.28,SE,DAYTONA BEACH,2.28,SE,DAYTONA BEACH,29.2,-81,29.2,-81,A shower quickly strengthened into a severe thunderstorm that produced large hail and strong winds along the Volusia County coast.,A trained spotter reported quarter sized hail on Tropical Lane in Daytona Beach. The spotter also reported several inches of hail had accumulated on the ground.,CSV
202103,6,1102,202103,6,1102,155398,937305,ATLANTIC SOUTH,87,2021,March,Marine Hail,Z,550,FLAGLER BEACH TO VOLUSIA-BREVARD COUNTY LINE 0-20NM,87550,MLB,06-MAR-21 11:02:00,EST-5,06-MAR-21 11:02:00,0,0,0,0,0.00K,0.00K,Broadcast Media,1.5,NA,NA,NA,NA,NA,NA,NA,NA,NA,NA,3.61,SE,DAYTONA BEACH,3.61,SE,DAYTONA BEACH,29.1819,-80.989,29.1819,-80.989,A shower quickly strengthened into a severe thunderstorm that produced large hail and strong winds along the Volusia County coast.,Local broadcast media relayed reports of hail up to ping pong ball sized along South Peninsula Drive in Daytona Beach and Daytona Beach Shores.,CSV
202105,12,1644,202105,12,1644,157042,949258,ATLANTIC SOUTH,87,2021,May,Marine Hail,Z,552,VOLUSIA-BREVARD COUNTY LINE TO SEBASTIAN INLET 0-20NM,87552,MLB,12-MAY-21 16:44:00,EST-5,12-MAY-21 16:44:00,0,0,0,0,0.00K,0.00K,Trained Spotter,0.75,NA,NA,NA,NA,NA,NA,NA,NA,NA,NA,2.4,SSE,INDIAN HARBOUR BEACH,2.4,SSE,INDIAN HARBOUR BEACH,28.12,-80.58,28.12,-80.58,"As thunderstorms developed along the sea breeze and pushed offshore in Brevard, a few produced strong wind gusts along the coast.",A trained spotter reported penny sized hail in Indialantic on Paradise Boulevard.,CSV
202106,19,727,202106,19,727,158262,956781,LAKE MICHIGAN,91,2021,June,Marine Hail,Z,543,TWO RIVERS TO SHEBOYGAN WI,91543,GRB,19-JUN-21 07:27:00,CST-6,19-JUN-21 07:27:00,0,0,0,0,0.00K,0.00K,Trained Spotter,0.75,NA,NA,NA,NA,NA,NA,NA,NA,NA,NA,0.99,SE,TWO RIVERS COAST GUARD STATION (C58W3),0.99,SE,TWO RIVERS COAST GUARD STATION (C58W3),44.1398,-87.5461,44.1398,-87.5461,Strong storms produced hail as they tracked over the Lake Michigan waters during the morning hours.,Penny size hail fell as a thunderstorm moved over the Lake Michigan waters.,CSV
202109,7,1042,202109,7,1042,163519,987118,LAKE MICHIGAN,91,2021,September,Marine Hail,Z,346,MANISTEE TO POINT BETSIE MI,91346,APX,07-SEP-21 10:42:00,EST-5,07-SEP-21 10:42:00,0,0,0,0,0.00K,0.00K,Public,1,NA,NA,NA,NA,NA,NA,NA,NA,NA,NA,3.4,NE,MANISTEE,3.4,NE,MANISTEE,44.29,-86.31,44.29,-86.31,"Multiple rounds of storms crossed Lake Michigan during the morning, producing strong wind gusts in excess of 40 mph and hail over the nearshore waters.",Report from mping. Quarter sized hail.,CSV
202106,22,1733,202106,22,1733,158110,955750,ATLANTIC SOUTH,87,2021,June,Marine Hail,Z,552,VOLUSIA-BREVARD COUNTY LINE TO SEBASTIAN INLET 0-20NM,87552,MLB,22-JUN-21 17:33:00,EST-5,22-JUN-21 17:33:00,0,0,0,0,0.00K,0.00K,NWS Employee,0.88,NA,NA,NA,NA,NA,NA,NA,NA,NA,NA,0,N,SATELLITE BEACH,0,N,SATELLITE BEACH,28.17,-80.6,28.17,-80.6,"An active weather pattern resulted in numerous afternoon thunderstorms, which produced strong wind gusts and hail as they moved over the Brevard County coast.",An off-duty NWS employee reported nickel size to just under quarter sized hail in Satellite Beach.,CSV
202106,30,1450,202106,30,1452,160039,967294,LAKE SUPERIOR,92,2021,June,Marine Hail,Z,140,GRAND PORTAGE TO GRAND MARAIS MN,92140,DLH,30-JUN-21 14:50:00,CST-6,30-JUN-21 14:52:00,0,0,0,0,0.00K,0.00K,Trained Spotter,1,NA,NA,NA,NA,NA,NA,NA,NA,NA,NA,6.53,W,HOVLAND,6.53,W,HOVLAND,47.82,-90.11,47.82,-90.11,A weak cold front dropping through northeastern Minnesota during the afternoon of the 30th led to the development of showers and thunderstorms. A few of the storms produced small hail with one storm along the North Shore producing a few quarter-sized hailstones before weakening.,NA,CSV
202109,10,1710,202109,10,1710,161138,973097,ATLANTIC SOUTH,87,2021,September,Marine Hail,Z,555,SEBASTIAN INLET TO JUPITER INLET 0-20NM,87555,MLB,10-SEP-21 17:10:00,EST-5,10-SEP-21 17:10:00,0,0,0,0,0.00K,0.00K,Public,1,NA,NA,NA,NA,NA,NA,NA,NA,NA,NA,11.06,E,VERO BEACH,11.06,E,VERO BEACH,27.6322,-80.3894,27.6322,-80.3894,"Numerous thunderstorms developed in the afternoon and evening hours ahead of a boundary, as deep moisture and an upper-level disturbance moved across the area. Cold temperatures aloft allowed a few of the storms to become strong to severe, with quarter-sized hail and strong wind gusts occurring as they approached and moved offshore the coast near Vero Beach.",A thunderstorm became severe as it moved offshore of Indian River county. Hail up to the size of quarters was reported by the public via social media near the intersection of U.S. 1 and 17th Street in Vero Beach.,CSV
202109,7,927,202109,7,928,161195,973317,LAKE MICHIGAN,91,2021,September,Marine Hail,Z,543,TWO RIVERS TO SHEBOYGAN WI,91543,GRB,07-SEP-21 09:27:00,CST-6,07-SEP-21 09:28:00,0,0,0,0,0.00K,0.00K,Public,1,NA,NA,NA,NA,NA,NA,NA,NA,NA,NA,5.87,SSE,MANITOWOC,5.87,SSE,MANITOWOC,44.0009,-87.6271,44.0009,-87.6271,Strong thunderstorms produced gusty winds and large hail as they tracked over Lake Michigan and the bay of Green Bay during the morning hours.,Quarter size hail fell as thunderstorms moved over the Lake Michigan waters.,CSV
202109,7,949,202109,7,950,161195,973318,LAKE MICHIGAN,91,2021,September,Marine Hail,Z,543,TWO RIVERS TO SHEBOYGAN WI,91543,GRB,07-SEP-21 09:49:00,CST-6,07-SEP-21 09:50:00,0,0,0,0,0.00K,0.00K,Social Media,1.25,NA,NA,NA,NA,NA,NA,NA,NA,NA,NA,2.65,E,CLEVELAND,2.65,E,CLEVELAND,43.913,-87.6976,43.913,-87.6976,Strong thunderstorms produced gusty winds and large hail as they tracked over Lake Michigan and the bay of Green Bay during the morning hours.,Half dollar size hail fell as thunderstorms moved over the Lake Michigan waters.,CSV
202107,28,1607,202107,28,1607,159391,963938,ATLANTIC NORTH,88,2021,July,Marine Hail,Z,542,PATUXENT RIVER TO BROOMES ISLAND MD,88542,LWX,28-JUL-21 16:07:00,EST-5,28-JUL-21 16:07:00,0,0,0,0,NA,NA,Public,0.75,NA,NA,NA,NA,NA,NA,NA,NA,NA,NA,0.15,NNW,CHESAPEAKE BIOLOGICAL LABORATORY (CBIM2),0.15,NNW,CHESAPEAKE BIOLOGICAL LABORATORY (CBIM2),38.3219,-76.4812,38.3219,-76.4812,A thunderstorm produced hail over the tidal Patuxent River during the afternoon. Another thunderstorm produced gusty winds over the upper tidal Potomac River during the evening.,Up to penny size hail was reported along the shore of the tidal Patuxent River near California.,CSV
202109,7,832,202109,7,833,161195,973319,LAKE MICHIGAN,91,2021,September,Marine Hail,Z,542,STURGEON BAY TO TWO RIVERS WI,91542,GRB,07-SEP-21 08:32:00,CST-6,07-SEP-21 08:33:00,0,0,0,0,0.00K,0.00K,Public,1.75,NA,NA,NA,NA,NA,NA,NA,NA,NA,NA,4.92,ENE,TWO CREEKS,4.92,ENE,TWO CREEKS,44.3359,-87.4841,44.3359,-87.4841,Strong thunderstorms produced gusty winds and large hail as they tracked over Lake Michigan and the bay of Green Bay during the morning hours.,Golf ball size hail fell as thunderstorms moved over the Lake Michigan waters.,CSV
202106,30,1630,202106,30,1630,159726,967334,ATLANTIC NORTH,88,2021,June,Marine Hail,Z,52,INTRACOASTAL WATERS FROM SCHOODIC POINT ME TO STONINGTON ME,88052,CAR,30-JUN-21 16:30:00,EST-5,30-JUN-21 16:30:00,0,0,0,0,NA,NA,Public,1.75,NA,NA,NA,NA,NA,NA,NA,NA,NA,NA,9.46,SSW,BAR HARBOR,9.46,SSW,BAR HARBOR,44.25,-68.26,44.25,-68.26,Severe thunderstorms crossed the coast of Hancock county during the late afternoon hours of the 30th. Some of the thunderstorms produced damaging winds and large hail along the coast and coastal islands including the Cranberry Isles.,NA,CSV
202205,30,630,202205,30,632,170064,1030528,LAKE SUPERIOR,92,2022,May,Marine Hail,Z,140,GRAND PORTAGE TO GRAND MARAIS MN,92140,DLH,30-MAY-22 06:30:00,CST-6,30-MAY-22 06:32:00,0,0,0,0,0.00K,0.00K,Trained Spotter,1,NA,NA,NA,NA,NA,NA,NA,NA,NA,NA,2.3,NE,HOVLAND,2.3,NE,HOVLAND,47.8497,-89.93,47.8497,-89.93,A strong area of low pressure across the Northern Plains lifted a warm front across the Northland on Memorial Day morning. Showers and storms moved through during the morning hours and produced marginally severe hail along the North Shore in the Grand Marais and Grand Portage areas. The hail was around 1 inch in diameter.,NA,CSV
202205,20,1458,202205,20,1458,169559,1026978,LAKE HURON,90,2022,May,Marine Hail,Z,346,ST IGNACE TO FALSE DETOUR CHANNEL,90346,APX,20-MAY-22 14:58:00,EST-5,20-MAY-22 14:58:00,0,0,0,0,0.00K,0.00K,Public,1.75,NA,NA,NA,NA,NA,NA,NA,NA,NA,NA,0,N,HESSEL,0,N,HESSEL,46.01,-84.42,46.01,-84.42,"Storms that formally initiated over Wisconsin and tracked across Lake Michigan continued to progress eastward over the nearshore waters of Lake Huron during the afternoon, producing very large hail up to 3 inches in diameter.",Golf ball sized hail in Hessel.,CSV
202205,20,1550,202205,20,1550,169559,1026979,LAKE HURON,90,2022,May,Marine Hail,Z,348,PRESQUE ISLE LIGHT TO STURGEON POINT MI INC THUNDER BAY NATIONAL MARINE SANCTUARY,90348,APX,20-MAY-22 15:50:00,EST-5,20-MAY-22 15:50:00,0,0,0,0,0.00K,0.00K,Public,3,NA,NA,NA,NA,NA,NA,NA,NA,NA,NA,2.13,SSE,PRESQUE ISLE LIGHT,2.13,SSE,PRESQUE ISLE LIGHT,45.33,-83.49,45.33,-83.49,"Storms that formally initiated over Wisconsin and tracked across Lake Michigan continued to progress eastward over the nearshore waters of Lake Huron during the afternoon, producing very large hail up to 3 inches in diameter.",Report of 3 inch hail near Presque Isle.,CSV
202205,20,1328,202205,20,1328,167784,1015494,ATLANTIC SOUTH,87,2022,May,Marine Hail,Z,555,SEBASTIAN INLET TO JUPITER INLET 0-20NM,87555,MLB,20-MAY-22 13:28:00,EST-5,20-MAY-22 13:28:00,0,0,0,0,0.00K,0.00K,Public,1,NA,NA,NA,NA,NA,NA,NA,NA,NA,NA,2.33,SSW,ST. LUCIE NUCLEAR POWER PLANT,2.33,SSW,ST. LUCIE NUCLEAR POWER PLANT,27.3188,-80.2642,27.3188,-80.2642,A thunderstorm that developed along the sea breeze became severe as it moved north into Saint Lucie County. The storm produced hail and strong wind gusts.,The public reported quarter-sized hail along the river in Saint Lucie County.,CSV
202205,27,1850,202205,27,1850,168558,1020485,ATLANTIC SOUTH,87,2022,May,Marine Hail,Z,552,VOLUSIA-BREVARD COUNTY LINE TO SEBASTIAN INLET 0-20NM,87552,MLB,27-MAY-22 18:50:00,EST-5,27-MAY-22 18:50:00,0,0,0,0,0.00K,0.00K,Trained Spotter,0.88,NA,NA,NA,NA,NA,NA,NA,NA,NA,NA,2.29,SW,INDIAN HARBOUR BEACH,2.29,SW,INDIAN HARBOUR BEACH,28.13,-80.63,28.13,-80.63,A severe thunderstorm that developed over the Melbourne area in southern Brevard County produced hail and gusty winds along the coast as it moved offshore.,A trained spotter reported nickel sized hail near Young Street in Melbourne.,CSV
202205,13,1719,202205,13,1724,169816,1028927,LAKE SUPERIOR,92,2022,May,Marine Hail,Z,248,HURON ISLANDS TO MARQUETTE MI,92248,MQT,13-MAY-22 17:19:00,EST-5,13-MAY-22 17:24:00,0,0,0,0,0.00K,0.00K,Public,0.75,NA,NA,NA,NA,NA,NA,NA,NA,NA,NA,2.19,WSW,BIG BAY POINT LIGHT,2.19,WSW,BIG BAY POINT LIGHT,46.825,-87.7209,46.825,-87.7209,A thunderstorm produced penny-sized hail at Big Bay on the evening of the 13th.,There was a MPING report of penny-sized hail from a thunderstorm at Big Bay on the evening of the 13th.,CSV
202205,16,1835,202205,16,1835,167610,1014426,ATLANTIC NORTH,88,2022,May,Marine Hail,Z,543,TANGIER SOUND AND THE INLAND WATERS SURROUNDING BLOODSWORTH ISLAND,88543,LWX,16-MAY-22 18:35:00,EST-5,16-MAY-22 18:35:00,0,0,0,0,NA,NA,Trained Spotter,1,NA,NA,NA,NA,NA,NA,NA,NA,NA,NA,0,N,CRISFIELD CG (CRS),0,N,CRISFIELD CG (CRS),37.97,-75.88,37.97,-75.88,Thunderstorms produced gale to storm force wind gusts and hail over the tidal Potomac River and middle portion of the Chesapeake Bay.,Quarter size hail was reported in Crisfield adjacent to Tangier Sound.,CSV
202204,23,45,202204,23,100,168472,1019841,LAKE SUPERIOR,92,2022,April,Marine Hail,Z,246,POINT ISABELLE TO LOWER ENTRANCE OF PORTAGE CANAL MI,92246,MQT,23-APR-22 00:45:00,EST-5,23-APR-22 01:00:00,0,0,0,0,0.00K,0.00K,Trained Spotter,0.75,NA,NA,NA,NA,NA,NA,NA,NA,NA,NA,15.23,S,KEWEENAW LOWER ENTRANCE LIGHT,15.23,S,KEWEENAW LOWER ENTRANCE LIGHT,46.7529,-88.4857,46.7529,-88.4857,A warm front lifting north across the Upper Great Lakes produced scattered strong thunderstorms over portions of Lake Superior on the morning of the 23rd.,The spotter just south of Baraga measured penny-sized hail from a thunderstorm.,CSV
202204,23,45,202204,23,100,168472,1019842,LAKE SUPERIOR,92,2022,April,Marine Hail,Z,247,PORTAGE LAKE TO HURON IS MI TO LOWER ENTRANCE OF PORTAGE CANAL TO HURON IS INC KEWEENAW AND HURON BAYS,92247,MQT,23-APR-22 00:45:00,EST-5,23-APR-22 01:00:00,0,0,0,0,0.00K,0.00K,Trained Spotter,0.75,NA,NA,NA,NA,NA,NA,NA,NA,NA,NA,4.36,W,ROCK BEACH POINT,4.36,W,ROCK BEACH POINT,46.8779,-88.4616,46.8779,-88.4616,A warm front lifting north across the Upper Great Lakes produced scattered strong thunderstorms over portions of Lake Superior on the morning of the 23rd.,The spotter just south of Baraga measured penny-sized hail from a thunderstorm.,CSV
202204,12,1752,202204,12,1753,166828,1009313,LAKE MICHIGAN,91,2022,April,Marine Hail,Z,521,GREEN BAY SOUTH FROM CEDAR RIVER MI TO ROCK ISLAND PASSAGE AND NORTH FROM OCONTO WI TO LITTLE STURGEON BAY WI,91521,GRB,12-APR-22 17:52:00,CST-6,12-APR-22 17:53:00,0,0,0,0,0.00K,0.00K,Emergency Manager,1,NA,NA,NA,NA,NA,NA,NA,NA,NA,NA,35.65,SSE,PESHTIGO POINT,35.65,SSE,PESHTIGO POINT,44.4722,-87.4685,44.4722,-87.4685,Severe thunderstorms developed north of a warm front and tracked across the western Great Lakes during the evening hours.  The severe storms brought large hail as they tracked over the Lake Michigan nearshore waters.,Quarter size hail fell as thunderstorms moved over the Lake Michigan waters east of Kewaunee. The time of this event is an estimate based on radar data.,CSV
202205,30,559,202205,30,602,170064,1030527,LAKE SUPERIOR,92,2022,May,Marine Hail,Z,141,GRAND MARAIS TO TACONITE HBR MN,92141,DLH,30-MAY-22 05:59:00,CST-6,30-MAY-22 06:02:00,0,0,0,0,0.00K,0.00K,NWS Employee,1,NA,NA,NA,NA,NA,NA,NA,NA,NA,NA,5.58,N,GRAND MARAIS,5.58,N,GRAND MARAIS,47.7496,-90.3503,47.7496,-90.3503,A strong area of low pressure across the Northern Plains lifted a warm front across the Northland on Memorial Day morning. Showers and storms moved through during the morning hours and produced marginally severe hail along the North Shore in the Grand Marais and Grand Portage areas. The hail was around 1 inch in diameter.,NA,CSV
202205,10,1945,202205,10,1946,167925,1016376,LAKE MICHIGAN,91,2022,May,Marine Hail,Z,541,ROCK ISLAND PASSAGE TO STURGEON BAY WI,91541,GRB,10-MAY-22 19:45:00,CST-6,10-MAY-22 19:46:00,0,0,0,0,0.00K,0.00K,Social Media,0.75,NA,NA,NA,NA,NA,NA,NA,NA,NA,NA,3.38,NE,BAILEYS HARBOR,3.38,NE,BAILEYS HARBOR,45.0841,-87.0802,45.0841,-87.0802,Strong thunderstorms produced large hail as they tracked over the Lake Michigan nearshore waters during the evening hours on Tuesday (5/10).,Penny size hail fell as thunderstorms moved over the Lake Michigan waters over Moonlight Bay.,CSV
202205,10,1950,202205,10,1951,167925,1016377,LAKE MICHIGAN,91,2022,May,Marine Hail,Z,541,ROCK ISLAND PASSAGE TO STURGEON BAY WI,91541,GRB,10-MAY-22 19:50:00,CST-6,10-MAY-22 19:51:00,0,0,0,0,0.00K,0.00K,Public,0.88,NA,NA,NA,NA,NA,NA,NA,NA,NA,NA,1.15,ENE,BAILEYS HARBOR,1.15,ENE,BAILEYS HARBOR,45.057,-87.1086,45.057,-87.1086,Strong thunderstorms produced large hail as they tracked over the Lake Michigan nearshore waters during the evening hours on Tuesday (5/10).,Nickel size hail fell as thunderstorms moved over the Lake Michigan waters over Baileys Harbor.,CSV
202205,10,1603,202205,10,1608,169809,1028902,LAKE SUPERIOR,92,2022,May,Marine Hail,Z,248,HURON ISLANDS TO MARQUETTE MI,92248,MQT,10-MAY-22 16:03:00,EST-5,10-MAY-22 16:08:00,0,0,0,0,0.00K,0.00K,Public,1.75,NA,NA,NA,NA,NA,NA,NA,NA,NA,NA,3.21,NW,THORNEYS POINT,3.21,NW,THORNEYS POINT,46.7182,-87.574,46.7182,-87.574,A few thunderstorms developing along a frontal boundary turned strong to severe over Lake Superior during the late afternoon and evening of the 10th.,There was a public report of a few golf ball sized hailstones from a thunderstorm near Halfway Village during late afternoon of the 10th.,CSV
202205,10,1830,202205,10,1900,169809,1028912,LAKE SUPERIOR,92,2022,May,Marine Hail,Z,249,MARQUETTE TO MUNISING MI,92249,MQT,10-MAY-22 18:30:00,EST-5,10-MAY-22 19:00:00,0,0,0,0,0.00K,0.00K,Public,1.75,NA,NA,NA,NA,NA,NA,NA,NA,NA,NA,3.1,ESE,LAUGHING FISH POINT,3.1,ESE,LAUGHING FISH POINT,46.5076,-86.9635,46.5076,-86.9635,A few thunderstorms developing along a frontal boundary turned strong to severe over Lake Superior during the late afternoon and evening of the 10th.,There were separate reports of hail ranging from one inch diameter to golf ball sized northeast of Deerton between 630 and 700 pm EST.,CSV
202205,12,1611,202205,12,1616,169812,1028924,LAKE SUPERIOR,92,2022,May,Marine Hail,Z,249,MARQUETTE TO MUNISING MI,92249,MQT,12-MAY-22 16:11:00,EST-5,12-MAY-22 16:16:00,0,0,0,0,0.00K,0.00K,Social Media,0.88,NA,NA,NA,NA,NA,NA,NA,NA,NA,NA,0.69,S,SHOT POINT,0.69,S,SHOT POINT,46.5,-87.17,46.5,-87.17,Isolated strong thunderstorms were observed over portions of south central Upper Michigan on the 12th.,There was a report via social media of nickel-sized hail at Shot Point on the afternoon of the 12th.,CSV
202203,16,1533,202203,16,1533,166433,1006643,ATLANTIC SOUTH,87,2022,March,Marine Hail,Z,550,FLAGLER BEACH TO VOLUSIA-BREVARD COUNTY LINE 0-20NM,87550,MLB,16-MAR-22 15:33:00,EST-5,16-MAR-22 15:33:00,0,0,0,0,0.00K,0.00K,Trained Spotter,1.25,NA,NA,NA,NA,NA,NA,NA,NA,NA,NA,1.51,NNW,EDGEWATER,1.51,NNW,EDGEWATER,29,-80.91,29,-80.91,"Numerous afternoon thunderstorms developed across east-central Florida, with storms moving offshore over the coast in Brevard and Volusia Counties. These storms produced numerous strong wind gusts and large hail.",A trained spotter reported ping pong ball sized hail along Sanchez Avenue in Edgewater.,CSV
202203,16,1537,202203,16,1537,166433,1006644,ATLANTIC SOUTH,87,2022,March,Marine Hail,Z,550,FLAGLER BEACH TO VOLUSIA-BREVARD COUNTY LINE 0-20NM,87550,MLB,16-MAR-22 15:37:00,EST-5,16-MAR-22 15:37:00,0,0,0,0,0.00K,0.00K,Trained Spotter,1.75,NA,NA,NA,NA,NA,NA,NA,NA,NA,NA,1.84,NE,NEW SMYRNA BEACH,1.84,NE,NEW SMYRNA BEACH,29.04,-80.91,29.04,-80.91,"Numerous afternoon thunderstorms developed across east-central Florida, with storms moving offshore over the coast in Brevard and Volusia Counties. These storms produced numerous strong wind gusts and large hail.",Numerous reports received of golf ball sized hail in Edgewater and News Smyrna Beach from trained spotters and the public.,CSV
202203,16,1516,202203,16,1516,166433,1006640,ATLANTIC SOUTH,87,2022,March,Marine Hail,Z,552,VOLUSIA-BREVARD COUNTY LINE TO SEBASTIAN INLET 0-20NM,87552,MLB,16-MAR-22 15:16:00,EST-5,16-MAR-22 15:16:00,0,0,0,0,0.00K,0.00K,Trained Spotter,0.75,NA,NA,NA,NA,NA,NA,NA,NA,NA,NA,3.65,W,SATELLITE BEACH,3.65,W,SATELLITE BEACH,28.17,-80.66,28.17,-80.66,"Numerous afternoon thunderstorms developed across east-central Florida, with storms moving offshore over the coast in Brevard and Volusia Counties. These storms produced numerous strong wind gusts and large hail.",Trained spotter reported penny sized hail in Melbourne near Post Road and Croton Road.,CSV
202203,16,1520,202203,16,1520,166433,1006641,ATLANTIC SOUTH,87,2022,March,Marine Hail,Z,552,VOLUSIA-BREVARD COUNTY LINE TO SEBASTIAN INLET 0-20NM,87552,MLB,16-MAR-22 15:20:00,EST-5,16-MAR-22 15:20:00,0,0,0,0,0.00K,0.00K,Public,1,NA,NA,NA,NA,NA,NA,NA,NA,NA,NA,2.16,NNW,SATELLITE BEACH,2.16,NNW,SATELLITE BEACH,28.2,-80.61,28.2,-80.61,"Numerous afternoon thunderstorms developed across east-central Florida, with storms moving offshore over the coast in Brevard and Volusia Counties. These storms produced numerous strong wind gusts and large hail.",Public reports quarter-sized hail in Satellite Beach.,CSV
202203,16,1522,202203,16,1522,166433,1006642,ATLANTIC SOUTH,87,2022,March,Marine Hail,Z,552,VOLUSIA-BREVARD COUNTY LINE TO SEBASTIAN INLET 0-20NM,87552,MLB,16-MAR-22 15:22:00,EST-5,16-MAR-22 15:22:00,0,0,0,0,0.00K,0.00K,Other Federal Agency,1,NA,NA,NA,NA,NA,NA,NA,NA,NA,NA,4.19,N,SATELLITE BEACH,4.19,N,SATELLITE BEACH,28.23,-80.61,28.23,-80.61,"Numerous afternoon thunderstorms developed across east-central Florida, with storms moving offshore over the coast in Brevard and Volusia Counties. These storms produced numerous strong wind gusts and large hail.",Personnel at Patrick Space Force Base reported quarter-sized hail.,CSV
202208,17,1607,202208,17,1607,171214,1039315,ATLANTIC NORTH,88,2022,August,Marine Hail,Z,538,PATAPSCO RIVER INCLUDING BALTIMORE HARBOR,88538,LWX,17-AUG-22 16:07:00,EST-5,17-AUG-22 16:07:00,0,0,0,0,NA,NA,Public,0.75,NA,NA,NA,NA,NA,NA,NA,NA,NA,NA,2.96,SE,LAKELAND ES AND MS (BLTLK),2.96,SE,LAKELAND ES AND MS (BLTLK),39.2194,-76.6112,39.2194,-76.6112,"A couple of thunderstorms produced gusty winds and hail over and near area waterways, particularly Baltimore Inner Harbor and the tidal Patapsco River during the afternoon.",Penny size hail was reported in the unit block of Fourteenth Avenue adjacent to the tidal Patapsco River.,CSV
202208,17,1543,202208,17,1543,171303,1040115,LAKE ONTARIO,94,2022,August,Marine Hail,Z,45,MEXICO BAY NY TO THE ST LAWRENCE RIVER,94045,BUF,17-AUG-22 15:43:00,EST-5,17-AUG-22 15:43:00,0,0,0,0,0.00K,0.00K,Public,0.75,NA,NA,NA,NA,NA,NA,NA,NA,NA,NA,2.55,SW,CHAUMONT BAY,2.55,SW,CHAUMONT BAY,44.01,-76.21,44.01,-76.21,An upper low nearby and afternoon instability resulted in isolated strong thunderstorms that produced a lot of small hail. An isolated thunderstorm produced penny sized hail.,NA,CSV
202207,18,2325,202207,18,2335,172022,1044478,LAKE SUPERIOR,92,2022,July,Marine Hail,Z,247,PORTAGE LAKE TO HURON IS MI TO LOWER ENTRANCE OF PORTAGE CANAL TO HURON IS INC KEWEENAW AND HURON BAYS,92247,MQT,18-JUL-22 23:25:00,EST-5,18-JUL-22 23:35:00,0,0,0,0,0.00K,0.00K,Social Media,2.75,NA,NA,NA,NA,NA,NA,NA,NA,NA,NA,0.36,SSE,L'ANSE,0.36,SSE,L'ANSE,46.755,-88.4579,46.755,-88.4579,A cold front moving across the Upper Great Lakes generated strong to severe thunderstorms over mainly west half portions of Lake Superior from the late evening of the 18th into the morning of the 19th.,Severe thunderstorms dropped large hail in L'Anse ranging in size from golf ball to baseball sized.,CSV
202207,2,1530,202207,2,1530,172114,1044882,ATLANTIC NORTH,88,2022,July,Marine Hail,Z,52,INTRACOASTAL WATERS FROM SCHOODIC POINT ME TO STONINGTON ME,88052,CAR,02-JUL-22 15:30:00,EST-5,02-JUL-22 15:30:00,0,0,0,0,NA,NA,Public,1,NA,NA,NA,NA,NA,NA,NA,NA,NA,NA,9,NNW,BAR HARBOR,9,NNW,BAR HARBOR,44.5003,-68.2698,44.5003,-68.2698,A severe thunderstorm produced 1.00 inch diameter hail while moving offshore across Frenchman Bay along the Downeast coast.,A severe thunderstorm produced 1.00 inch diameter hail while moving offshore across Frenchman Bay along the Downeast coast.,CSV
202206,28,1334,202206,28,1334,171644,1042014,LAKE SUPERIOR,92,2022,June,Marine Hail,Z,321,WHITEFISH BAY FROM WHITEFISH POINT TO POINT IROQUOIS MI,92321,APX,28-JUN-22 13:34:00,EST-5,28-JUN-22 13:34:00,0,0,0,0,0.00K,0.00K,Broadcast Media,0.75,NA,NA,NA,NA,NA,NA,NA,NA,NA,NA,0,N,PARADISE,0,N,PARADISE,46.63,-85.03,46.63,-85.03,A cluster of storms initiated over the eastern Upper Peninsula during the afternoon of 6/28. These storms produced 0.75 hail as they moved over Whitefish Bay.,NA,CSV
202206,30,1700,202206,30,1705,171435,1040750,LAKE SUPERIOR,92,2022,June,Marine Hail,Z,242,ONTONAGON TO UPPER ENTRANCE OF PORTAGE CANAL MI,92242,MQT,30-JUN-22 17:00:00,EST-5,30-JUN-22 17:05:00,0,0,0,0,0.00K,0.00K,Social Media,1,NA,NA,NA,NA,NA,NA,NA,NA,NA,NA,3.14,SE,WILLARD POINT,3.14,SE,WILLARD POINT,46.99,-89,46.99,-89,A cold front moving across the Upper Great Lakes produced strong to severe thunderstorms across much of Lake Superior during the evening of the 30th.,A delayed report via Facebook of quarter-sized hail near Misery Bay.,CSV
202206,15,2130,202206,15,2131,170968,1037741,LAKE MICHIGAN,91,2022,June,Marine Hail,Z,542,STURGEON BAY TO TWO RIVERS WI,91542,GRB,15-JUN-22 21:30:00,CST-6,15-JUN-22 21:31:00,0,0,0,0,0.00K,0.00K,Public,1.25,NA,NA,NA,NA,NA,NA,NA,NA,NA,NA,3.04,ENE,TWO RIVERS,3.04,ENE,TWO RIVERS,44.1647,-87.512200000000007,44.1647,-87.512200000000007,A line of severe thunderstorms produced strong winds over the bay of Green Bay and the Lake Michigan waters during the early evening hours on Wednesday (6/15).  Another round of thunderstorms produced large hail later in the evening over the Lake Michigan nearshore waters.,Half dollar size hail fell as a thunderstorm tracked over the Lake Michigan waters near Two Rivers.,CSV
202206,30,2035,202206,30,2040,171435,1040795,LAKE SUPERIOR,92,2022,June,Marine Hail,Z,249,MARQUETTE TO MUNISING MI,92249,MQT,30-JUN-22 20:35:00,EST-5,30-JUN-22 20:40:00,0,0,0,0,0.00K,0.00K,Social Media,1,NA,NA,NA,NA,NA,NA,NA,NA,NA,NA,4.38,SSE,MARQUETTE LIGHTHOUSE,4.38,SSE,MARQUETTE LIGHTHOUSE,46.49,-87.35,46.49,-87.35,A cold front moving across the Upper Great Lakes produced strong to severe thunderstorms across much of Lake Superior during the evening of the 30th.,One inch diameter hail was reported in Harvey.,CSV
202306,19,1539,202306,19,1539,182406,1116209,GULF OF MEXICO,85,2023,June,Marine Hail,Z,532,MISSISSIPPI SOUND,85532,LIX,19-JUN-23 15:39:00,CST-6,19-JUN-23 15:39:00,0,0,0,0,0.00K,0.00K,Public,2,NA,NA,NA,NA,NA,NA,NA,NA,NA,NA,4.97,ESE,BAY WAVELAND YACHT CLUB STATION (WYCM6),4.97,ESE,BAY WAVELAND YACHT CLUB STATION (WYCM6),30.31,-89.25,30.31,-89.25,A northwest upper level flow regime was in place. This setup commonly supports summertime severe thunderstorms. This event was one of those days where very steep lapse rates and high shear values supported several severe thunderstorms with severe marine wind.,Picture sent on social media of approximately 2 inch diameter hail near Pass Christian Harbor. Time estimated by radar.,CSV
202305,17,1720,202305,17,1720,178781,1088124,ATLANTIC SOUTH,87,2023,May,Marine Hail,Z,552,VOLUSIA-BREVARD COUNTY LINE TO SEBASTIAN INLET 0-20NM,87552,MLB,17-MAY-23 17:20:00,EST-5,17-MAY-23 17:20:00,0,0,0,0,0.00K,0.00K,Other Federal Agency,0.88,NA,NA,NA,NA,NA,NA,NA,NA,NA,NA,4.19,N,MERRITT ISLAND,4.19,N,MERRITT ISLAND,28.41,-80.71,28.41,-80.71,A strong thunderstorm pushing offshore produced hail and gusty winds near Cape Canaveral.,Report received of dime to nickel sized hail near the State Road 528 and State Road 3 interchange.,CSV
202308,11,2008,202308,11,2009,183373,1120258,LAKE MICHIGAN,91,2023,August,Marine Hail,Z,521,GREEN BAY SOUTH FROM CEDAR RIVER MI TO ROCK ISLAND PASSAGE AND NORTH FROM OCONTO WI TO LITTLE STURGEON BAY WI,91521,GRB,11-AUG-23 20:08:00,CST-6,11-AUG-23 20:09:00,0,0,0,0,0.00K,0.00K,Trained Spotter,0.75,NA,NA,NA,NA,NA,NA,NA,NA,NA,NA,14.36,SSW,EGG HARBOR,14.36,SSW,EGG HARBOR,44.85,-87.36,44.85,-87.36,Scattered thunderstorms produced strong winds over the bay of Green Bay during the evening hours on Friday (8/11).,Penny size hail fell near Sturgeon Bay.,CSV
202304,4,2220,202304,4,2220,179572,1093350,LAKE MICHIGAN,91,2023,April,Marine Hail,Z,644,PT WASHINGTON TO NORTH PT LT WI,91644,MKX,04-APR-23 22:20:00,CST-6,04-APR-23 22:20:00,0,0,0,0,0.00K,0.00K,Public,1,NA,NA,NA,NA,NA,NA,NA,NA,NA,NA,0.02,NE,NORTH POINT LTHOUSE,0.02,NE,NORTH POINT LTHOUSE,43.0702,-87.8698,43.0702,-87.8698,"Rounds of strong to severe thunderstorms occurred across southern WI, moving out over Lake Michigan late in the evening and overnight hours on April 4th. Large hail was reported near the Lake Michigan shoreline.",Public report of 1 inch hail at Lake Park along the Lake Michigan shoreline.,CSV
202304,29,1508,202304,29,1508,178531,1085980,ATLANTIC SOUTH,87,2023,April,Marine Hail,Z,552,VOLUSIA-BREVARD COUNTY LINE TO SEBASTIAN INLET 0-20NM,87552,MLB,29-APR-23 15:08:00,EST-5,29-APR-23 15:08:00,0,0,0,0,0.00K,0.00K,Other Federal Agency,2,NA,NA,NA,NA,NA,NA,NA,NA,NA,NA,3.91,NNW,MERRITT ISLAND,3.91,NNW,MERRITT ISLAND,28.4,-80.75,28.4,-80.75,Thunderstorms pushing offshore from the Brevard County coast produced strong wind gusts.,US Space Force personnel reported hail up to 2 inches near the Highway 528 and US-1 interchange. Photos provided. Time estimated via radar.,CSV
202304,13,1725,202304,13,1725,177842,1081620,ATLANTIC SOUTH,87,2023,April,Marine Hail,Z,550,FLAGLER BEACH TO VOLUSIA-BREVARD COUNTY LINE 0-20NM,87550,MLB,13-APR-23 17:25:00,EST-5,13-APR-23 17:25:00,0,0,0,0,0.00K,0.00K,Trained Spotter,0.75,NA,NA,NA,NA,NA,NA,NA,NA,NA,NA,0.92,NE,DAYTONA BEACH,0.92,NE,DAYTONA BEACH,29.23,-81.02,29.23,-81.02,Thunderstorms pushing offshore from the Brevard and Treasure Coasts produced strong wind gusts. While storms along the Volusia County coast produced small hail.,Trained spotter estimates 0.5 to 0.75 inch hail in the sea breeze area of Daytona Beach.,CSV
202304,29,1507,202304,29,1507,178531,1085979,ATLANTIC SOUTH,87,2023,April,Marine Hail,Z,552,VOLUSIA-BREVARD COUNTY LINE TO SEBASTIAN INLET 0-20NM,87552,MLB,29-APR-23 15:07:00,EST-5,29-APR-23 15:07:00,0,0,0,0,0.00K,0.00K,Public,1.25,NA,NA,NA,NA,NA,NA,NA,NA,NA,NA,4.22,NW,MERRITT ISLAND,4.22,NW,MERRITT ISLAND,28.4,-80.76,28.4,-80.76,Thunderstorms pushing offshore from the Brevard County coast produced strong wind gusts.,Public report of hail up to 1.25 inches near the Highway 528 and Industry Rd interchange.,CSV
202304,16,1740,202304,16,1740,177904,1082002,ATLANTIC SOUTH,87,2023,April,Marine Hail,Z,550,FLAGLER BEACH TO VOLUSIA-BREVARD COUNTY LINE 0-20NM,87550,MLB,16-APR-23 17:40:00,EST-5,16-APR-23 17:40:00,0,0,0,0,0.00K,0.00K,Emergency Manager,0.75,NA,NA,NA,NA,NA,NA,NA,NA,NA,NA,0.6,W,PONCE INLET,0.6,W,PONCE INLET,29.1,-80.94,29.1,-80.94,"Strong thunderstorms produced golf ball sized hail, gusty winds, and a tornado along the Brevard and Treasure Coasts.",Emergency manager reported dime sized hail in Ponce Inlet.,CSV
202304,26,1442,202304,26,1442,178362,1084792,ATLANTIC SOUTH,87,2023,April,Marine Hail,Z,552,VOLUSIA-BREVARD COUNTY LINE TO SEBASTIAN INLET 0-20NM,87552,MLB,26-APR-23 14:42:00,EST-5,26-APR-23 14:42:00,0,0,0,0,0.00K,0.00K,Public,1,NA,NA,NA,NA,NA,NA,NA,NA,NA,NA,3.02,SSW,MELBOURNE,3.02,SSW,MELBOURNE,28.04,-80.62,28.04,-80.62,Severe storms drifting offshore produced strong wind gusts and large hail along the Brevard and Treasure Coasts.,Public report of hail up to quarter size near the intersection of south Babcock St and Palm Bay Rd.,CSV
202303,13,1535,202303,13,1535,177909,1082015,ATLANTIC SOUTH,87,2023,March,Marine Hail,Z,552,VOLUSIA-BREVARD COUNTY LINE TO SEBASTIAN INLET 0-20NM,87552,MLB,13-MAR-23 15:35:00,EST-5,13-MAR-23 15:35:00,0,0,0,0,0.00K,0.00K,Social Media,0.75,NA,NA,NA,NA,NA,NA,NA,NA,NA,NA,1.4,WSW,MELBOURNE,1.4,WSW,MELBOURNE,28.07,-80.62,28.07,-80.62,Strong thunderstorms along and ahead of a cold front produced gusty winds and small hail along and offshore from the coast.,Penny sized hail was reported on the Florida Tech campus via social media.,CSV
202306,15,1816,202306,15,1816,180137,1097559,ATLANTIC SOUTH,87,2023,June,Marine Hail,Z,552,VOLUSIA-BREVARD COUNTY LINE TO SEBASTIAN INLET 0-20NM,87552,MLB,15-JUN-23 18:16:00,EST-5,15-JUN-23 18:16:00,0,0,0,0,0.00K,0.00K,NWS Employee,0.75,NA,NA,NA,NA,NA,NA,NA,NA,NA,NA,2.16,SSW,MERRITT ISLAND,2.16,SSW,MERRITT ISLAND,28.32,-80.73,28.32,-80.73,An early morning and an afternoon round of showers and storms produced strong wind gusts and hail along the east central Florida coast.,Off duty NWS employee reported estimated 0.75 inch hail in Rockledge.,CSV
202306,26,1430,202306,26,1430,181516,1105985,LAKE ONTARIO,94,2023,June,Marine Hail,Z,43,HAMLIN BEACH TO SODUS BAY NY,94043,BUF,26-JUN-23 14:30:00,EST-5,26-JUN-23 14:30:00,0,0,0,0,0.00K,0.00K,Broadcast Media,1,NA,NA,NA,NA,NA,NA,NA,NA,NA,NA,2.19,SE,ONTARIO BEACH,2.19,SE,ONTARIO BEACH,43.239,-77.5674,43.239,-77.5674,"After a extended period with no severe weather, active weather returned to the area as a deep upper trough and surface low over the Great Lakes pushed a warm front northward across the region in the morning before a cold front quickly swept in during the afternoon. An embedded impulse along with building instability ahead of the front supported severe thunderstorms most of the afternoon. The majority of reports were received east of Lake Erie, along the southern shore of Lake Ontario and across the Finger Lakes region. In addition to damaging winds and large hail, flash flooding was reported in Chautauqua county near Jamestown and Falconer.",NA,CSV
202307,25,2120,202307,25,2122,183138,1118836,LAKE SUPERIOR,92,2023,July,Marine Hail,Z,141,GRAND MARAIS TO TACONITE HBR MN,92141,DLH,25-JUL-23 21:20:00,CST-6,25-JUL-23 21:22:00,0,0,0,0,0.00K,0.00K,Public,1,NA,NA,NA,NA,NA,NA,NA,NA,NA,NA,5.43,NE,LUTSEN,5.43,NE,LUTSEN,47.68,-90.61,47.68,-90.61,A shortwave combined with a weak low level jet produced isolated severe storms along the Cook County shoreline. These storms produced hail the size of quarters along with tree damage along the Cascade River.,NA,CSV
202307,10,1635,202307,10,1640,183136,1118848,LAKE SUPERIOR,92,2023,July,Marine Hail,Z,248,HURON ISLANDS TO MARQUETTE MI,92248,MQT,10-JUL-23 16:35:00,EST-5,10-JUL-23 16:40:00,0,0,0,0,0.00K,0.00K,NWS Employee,0.75,NA,NA,NA,NA,NA,NA,NA,NA,NA,NA,2.58,NNW,MARQUETTE LIGHTHOUSE,2.58,NNW,MARQUETTE LIGHTHOUSE,46.5861,-87.3935,46.5861,-87.3935,Strong thunderstorms dropped large hail in the Marquette area during the late afternoon and evening of the 10th.,Penny-sized hail was reported just northeast of Trowbridge Park in Marquette.,CSV
202307,10,1635,202307,10,1655,183136,1118853,LAKE SUPERIOR,92,2023,July,Marine Hail,Z,249,MARQUETTE TO MUNISING MI,92249,MQT,10-JUL-23 16:35:00,EST-5,10-JUL-23 16:55:00,0,0,0,0,0.00K,0.00K,NWS Employee,0.75,NA,NA,NA,NA,NA,NA,NA,NA,NA,NA,2.57,N,MARQUETTE LIGHTHOUSE,2.57,N,MARQUETTE LIGHTHOUSE,46.5872,-87.3766,46.5872,-87.3766,Strong thunderstorms dropped large hail in the Marquette area during the late afternoon and evening of the 10th.,Penny-sized hail was reported just northeast of Trowbridge Park in Marquette.,CSV
202307,10,1845,202307,10,1900,183136,1118913,LAKE SUPERIOR,92,2023,July,Marine Hail,Z,248,HURON ISLANDS TO MARQUETTE MI,92248,MQT,10-JUL-23 18:45:00,EST-5,10-JUL-23 19:00:00,0,0,0,0,0.00K,0.00K,NWS Employee,0.88,NA,NA,NA,NA,NA,NA,NA,NA,NA,NA,0.45,NNE,MARQUETTE LIGHTHOUSE,0.45,NNE,MARQUETTE LIGHTHOUSE,46.5563,-87.3776,46.5563,-87.3776,Strong thunderstorms dropped large hail in the Marquette area during the late afternoon and evening of the 10th.,Penny to nickel-sized hail was reported near Trowbridge Park in Marquette.,CSV
202307,10,1845,202307,10,1900,183136,1118918,LAKE SUPERIOR,92,2023,July,Marine Hail,Z,249,MARQUETTE TO MUNISING MI,92249,MQT,10-JUL-23 18:45:00,EST-5,10-JUL-23 19:00:00,0,0,0,0,0.00K,0.00K,NWS Employee,0.88,NA,NA,NA,NA,NA,NA,NA,NA,NA,NA,0.44,N,MARQUETTE LIGHTHOUSE,0.44,N,MARQUETTE LIGHTHOUSE,46.5563,-87.3809,46.5563,-87.3809,Strong thunderstorms dropped large hail in the Marquette area during the late afternoon and evening of the 10th.,Penny to nickel-sized hail was reported near Trowbridge Park in Marquette.,CSV
202307,20,1452,202307,20,1452,183040,1117855,LAKE ST CLAIR,81,2023,July,Marine Hail,Z,422,ST CLAIR RIVER,81422,DTX,20-JUL-23 14:52:00,EST-5,20-JUL-23 14:52:00,0,0,0,0,0.00K,0.00K,Trained Spotter,1,NA,NA,NA,NA,NA,NA,NA,NA,NA,NA,0.86,SW,CITY OF ST. CLAIR,0.86,SW,CITY OF ST. CLAIR,42.82,-82.49,42.82,-82.49,Thunderstorms moving through the Detroit and St. Clair Rivers produced wind gusts in excess of 40 knots. A waterspout was also reported over Lake St. Clair.,NA,CSV
202308,3,1451,202308,3,1451,185317,1136153,LAKE HURON,90,2023,August,Marine Hail,Z,346,ST IGNACE TO FALSE DETOUR CHANNEL,90346,APX,03-AUG-23 14:51:00,EST-5,03-AUG-23 14:51:00,0,0,0,0,0.00K,0.00K,Public,1.75,NA,NA,NA,NA,NA,NA,NA,NA,NA,NA,6.49,SE,CEDARVILLE,6.49,SE,CEDARVILLE,45.93,-84.27,45.93,-84.27,"A shortwave trough punched over the northern Great Lakes on 8/3, providing favorable forcing aloft to support scattered thunderstorm development amidst ample instability in place during the afternoon. One of these storms produced golf ball sized hail over far northern Lake Huron that was reported aboard the Joseph L. Block freighter.","Report relayed via social media of mainly dime sized hail, but a few golf-ball sized hail stones aboard Joseph L. Block, 5mi W of Martin Reef Light, SE of Cedarville.",CSV
202308,9,1435,202308,9,1435,185320,1136173,LAKE SUPERIOR,92,2023,August,Marine Hail,Z,322,ST MARYS RIVER FROM POINT IROQUOIS TO E POTAGANNISSING BAY,92322,APX,09-AUG-23 14:35:00,EST-5,09-AUG-23 14:35:00,0,0,0,0,0.00K,0.00K,Public,1.5,NA,NA,NA,NA,NA,NA,NA,NA,NA,NA,3.45,N,ROCK CUT,3.45,N,ROCK CUT,46.32,-84.19,46.32,-84.19,"A cluster of storms formed across the eastern upper peninsula of Michigan during the early afternoon as troughing pivoted overhead. These storms progressed eastward, eventually producing hail over the St. Marys River. This included 1.5 inch hail reported on the north side of Neebish Island.",Report via social media. Pictures of measured 1.5 inch hailstones on far north side of Neebish Island. Time estimated via radar.,CSV
202307,10,1952,202307,10,1952,184181,1126587,LAKE SUPERIOR,92,2023,July,Marine Hail,Z,322,ST MARYS RIVER FROM POINT IROQUOIS TO E POTAGANNISSING BAY,92322,APX,10-JUL-23 19:52:00,EST-5,10-JUL-23 19:52:00,0,0,0,0,0.00K,0.00K,Fire Department/Rescue,1,NA,NA,NA,NA,NA,NA,NA,NA,NA,NA,3.17,ENE,BRIMLEY,3.17,ENE,BRIMLEY,46.42,-84.51,46.42,-84.51,"Scattered severe storms initiated across Michigan's central upper peninsula during the afternoon as a strong trough dug into the region. These storms traveled into the eastern upper peninsula during the evening, producing wind gusts in excess of 34 kts and large hail over the St. Marys River.",NA,CSV
202309,8,1132,202309,8,1132,183661,1122603,ATLANTIC SOUTH,87,2023,September,Marine Hail,Z,550,FLAGLER BEACH TO VOLUSIA-BREVARD COUNTY LINE 0-20NM,87550,MLB,08-SEP-23 11:32:00,EST-5,08-SEP-23 11:32:00,0,0,0,0,0.00K,0.00K,Trained Spotter,0.75,NA,NA,NA,NA,NA,NA,NA,NA,NA,NA,3.9,SSE,EDGEWATER,3.9,SSE,EDGEWATER,28.93,-80.87,28.93,-80.87,Thunderstorms moving offshore produced strong wind gusts and hail along the Volusia and Brevard Coasts.,Trained spotter reports dime size hail on Costa Rica in Edgewater.,CSV
202309,7,1815,202309,7,1815,183740,1123172,ATLANTIC NORTH,88,2023,September,Marine Hail,Z,542,PATUXENT RIVER TO BROOMES ISLAND MD,88542,LWX,07-SEP-23 18:15:00,EST-5,07-SEP-23 18:15:00,0,0,0,0,NA,NA,Social Media,0.75,NA,NA,NA,NA,NA,NA,NA,NA,NA,NA,1.47,W,PATUXENT RIVER BUOY (44044),1.47,W,PATUXENT RIVER BUOY (44044),38.3864,-76.5567,38.3864,-76.5567,Numerous showers and thunderstorms developed along a lee pressure trough after several days of late season heat. Several of these storms produced strong winds and hail over the tidal Potomac River and Chesapeake Bay.,Hail of up to penny size was observed near the shore of the tidal Patuxent River in the Hollywood/Sotterley area.,CSV
202309,8,1327,202309,8,1327,186189,1142535,ATLANTIC NORTH,88,2023,September,Marine Hail,Z,338,NEW YORK HARBOR,88338,OKX,08-SEP-23 13:27:00,EST-5,08-SEP-23 13:27:00,0,0,0,0,0.00K,0.00K,Public,0.75,NA,NA,NA,NA,NA,NA,NA,NA,NA,NA,1.55,SSE,RARITAN BAY,1.55,SSE,RARITAN BAY,40.4588,-74.1801,40.4588,-74.1801,Thunderstorms developed along a stalled boundary and moved over the waters in an environment with 3000 to 4000 J/kg of SBCAPE. Some of these storms were severe and produced large hail.,Penny sized hail reported near Union Beach in NJ.,CSV
202309,8,1340,202309,8,1340,186189,1142536,ATLANTIC NORTH,88,2023,September,Marine Hail,Z,338,NEW YORK HARBOR,88338,OKX,08-SEP-23 13:40:00,EST-5,08-SEP-23 13:40:00,0,0,0,0,0.00K,0.00K,Public,1.25,NA,NA,NA,NA,NA,NA,NA,NA,NA,NA,4.84,NNE,RARITAN BAY,4.84,NNE,RARITAN BAY,40.547,-74.1632,40.547,-74.1632,Thunderstorms developed along a stalled boundary and moved over the waters in an environment with 3000 to 4000 J/kg of SBCAPE. Some of these storms were severe and produced large hail.,Half dollar sized hail reported in Annadale on Staten Island.,CSV
202308,3,1512,202308,3,1513,181766,1112404,LAKE MICHIGAN,91,2023,August,Marine Hail,Z,543,TWO RIVERS TO SHEBOYGAN WI,91543,GRB,03-AUG-23 15:12:00,CST-6,03-AUG-23 15:13:00,0,0,0,0,0.00K,0.00K,Public,1,NA,NA,NA,NA,NA,NA,NA,NA,NA,NA,2.28,NE,MANITOWOC,2.28,NE,MANITOWOC,44.1044,-87.639,44.1044,-87.639,Strong to severe thunderstorms developed ahead of a cold front during the afternoon and evening hours.  These storms produced strong winds and large hail as they tracked over the bay of Green Bay and Lake Michigan waters.,Quarter size hail fell as a thunderstorm tracked over the Lake Michigan waters near Manitowoc.,CSV
202307,16,1707,202307,16,1708,181750,1106811,LAKE MICHIGAN,91,2023,July,Marine Hail,Z,521,GREEN BAY SOUTH FROM CEDAR RIVER MI TO ROCK ISLAND PASSAGE AND NORTH FROM OCONTO WI TO LITTLE STURGEON BAY WI,91521,GRB,16-JUL-23 17:07:00,CST-6,16-JUL-23 17:08:00,0,0,0,0,0.00K,0.00K,Trained Spotter,0.75,NA,NA,NA,NA,NA,NA,NA,NA,NA,NA,0.66,W,SISTER BAY STATION (SYWW3),0.66,W,SISTER BAY STATION (SYWW3),45.2011,-87.1335,45.2011,-87.1335,Scattered thunderstorms produced strong winds and hail over the Lake Michigan waters during the evening hours on Sunday (7/16).,Penny size hail fell in Sister Bay.,CSV
202306,29,1244,202306,29,1300,181646,1106109,LAKE MICHIGAN,91,2023,June,Marine Hail,Z,644,PT WASHINGTON TO NORTH PT LT WI,91644,MKX,29-JUN-23 12:44:00,CST-6,29-JUN-23 13:00:00,0,0,0,0,0.00K,0.00K,Public,0.75,NA,NA,NA,NA,NA,NA,NA,NA,NA,NA,0,N,WHITEFISH BAY,0,N,WHITEFISH BAY,43.15,-87.9,43.15,-87.9,Thunderstorms developed in the Milwaukee area and moved offshore into the nearshore waters. Hail of 3/4 to 1 inch were reported across Milwaukee and along the lakeshore. Storms continued to maintain their intensity as they moved over the nearshore waters.,NA,CSV
202403,4,1741,202403,4,1741,188305,1157028,LAKE MICHIGAN,91,2024,March,Marine Hail,Z,645,NORTH PT LT TO WIND PT WI,91645,MKX,04-MAR-24 17:41:00,CST-6,04-MAR-24 17:41:00,0,0,0,0,0.00K,0.00K,Public,0.75,NA,NA,NA,NA,NA,NA,NA,NA,NA,NA,2.56,SW,NORTH POINT LTHOUSE,2.56,SW,NORTH POINT LTHOUSE,43.0401,-87.8998,43.0401,-87.8998,Strong to severe thunderstorms developed along a warm front producing large hail.,"The thunderstorm produced a swath of three quarter inch hail across the Milwaukee metro, up to the Lake Michigan shoreline.",CSV
202405,15,1130,202405,15,1130,191305,1177931,ATLANTIC SOUTH,87,2024,May,Marine Hail,Z,555,SEBASTIAN INLET TO JUPITER INLET 0-20NM,87555,MLB,15-MAY-24 11:30:00,EST-5,15-MAY-24 11:30:00,0,0,0,0,0.00K,0.00K,Public,1.5,NA,NA,NA,NA,NA,NA,NA,NA,NA,NA,4.94,E,SEBASTIAN INLET,4.94,E,SEBASTIAN INLET,27.84,-80.49,27.84,-80.49,Storms moving offshore produced strong wind gusts and ping pong ball size hail.,Picture of hail around ping pong ball size in Roseland received via social media.,CSV
202405,15,1131,202405,15,1131,191305,1177932,ATLANTIC SOUTH,87,2024,May,Marine Hail,Z,552,VOLUSIA-BREVARD COUNTY LINE TO SEBASTIAN INLET 0-20NM,87552,MLB,15-MAY-24 11:31:00,EST-5,15-MAY-24 11:31:00,0,0,0,0,0.00K,0.00K,Public,1.5,NA,NA,NA,NA,NA,NA,NA,NA,NA,NA,1.4,WSW,MICCO,1.4,WSW,MICCO,27.87,-80.52,27.87,-80.52,Storms moving offshore produced strong wind gusts and ping pong ball size hail.,Picture of hail around ping pong ball size in Micco received via social media.,CSV
202405,19,1200,202405,19,1200,191378,1178492,ATLANTIC SOUTH,87,2024,May,Marine Hail,Z,555,SEBASTIAN INLET TO JUPITER INLET 0-20NM,87555,MLB,19-MAY-24 12:00:00,EST-5,19-MAY-24 12:00:00,0,0,0,0,0.00K,0.00K,Emergency Manager,1.5,NA,NA,NA,NA,NA,NA,NA,NA,NA,NA,1.41,WNW,FT. PIERCE INLET,1.41,WNW,FT. PIERCE INLET,27.46,-80.34,27.46,-80.34,Storms moving offshore produced severe hail and strong wind gusts along the coast.,St Lucie County Emergency Management relayed report of hail between 1 to 2 inches near the intersection of N 13th St and Avenue M in Fort Pierce.,CSV
202405,19,1241,202405,19,1241,191378,1178494,ATLANTIC SOUTH,87,2024,May,Marine Hail,Z,555,SEBASTIAN INLET TO JUPITER INLET 0-20NM,87555,MLB,19-MAY-24 12:41:00,EST-5,19-MAY-24 12:41:00,0,0,0,0,0.00K,0.00K,Trained Spotter,1,NA,NA,NA,NA,NA,NA,NA,NA,NA,NA,1.51,SSW,FT. PIERCE INLET,1.51,SSW,FT. PIERCE INLET,27.43,-80.33,27.43,-80.33,Storms moving offshore produced severe hail and strong wind gusts along the coast.,Picture of quarter size hail near the intersection of Virginia Ave and US 1 in Fort Pierce.,CSV
202405,19,1308,202405,19,1308,191378,1178496,ATLANTIC SOUTH,87,2024,May,Marine Hail,Z,555,SEBASTIAN INLET TO JUPITER INLET 0-20NM,87555,MLB,19-MAY-24 13:08:00,EST-5,19-MAY-24 13:08:00,0,0,0,0,0.00K,0.00K,Public,0.88,NA,NA,NA,NA,NA,NA,NA,NA,NA,NA,4.19,S,FT. PIERCE INLET,4.19,S,FT. PIERCE INLET,27.39,-80.31,27.39,-80.31,Storms moving offshore produced severe hail and strong wind gusts along the coast.,Public report of hail up to nickel size near the intersection of Gator Trace Dr and Gator Trace Cir in Fort Pierce.,CSV
202405,19,1418,202405,19,1418,191378,1178498,ATLANTIC SOUTH,87,2024,May,Marine Hail,Z,555,SEBASTIAN INLET TO JUPITER INLET 0-20NM,87555,MLB,19-MAY-24 14:18:00,EST-5,19-MAY-24 14:18:00,0,0,0,0,0.00K,0.00K,Trained Spotter,1.5,NA,NA,NA,NA,NA,NA,NA,NA,NA,NA,1.84,E,STUART,1.84,E,STUART,27.2,-80.22,27.2,-80.22,Storms moving offshore produced severe hail and strong wind gusts along the coast.,Trained spotter reports 1.5 inch hail near SE Ocean Blvd and SE Monterey Rd in Stuart.,CSV
202405,19,1430,202405,19,1430,191378,1178501,ATLANTIC SOUTH,87,2024,May,Marine Hail,Z,552,VOLUSIA-BREVARD COUNTY LINE TO SEBASTIAN INLET 0-20NM,87552,MLB,19-MAY-24 14:30:00,EST-5,19-MAY-24 14:30:00,0,0,0,0,0.00K,0.00K,Public,1,NA,NA,NA,NA,NA,NA,NA,NA,NA,NA,3.69,SE,VALKARIA,3.69,SE,VALKARIA,27.94,-80.5,27.94,-80.5,Storms moving offshore produced severe hail and strong wind gusts along the coast.,Public reports quarter size hail in Floridana Beach near the intersection of Amigos Rd and Floridana Ave.,CSV
202405,19,1737,202405,19,1737,191378,1178502,ATLANTIC SOUTH,87,2024,May,Marine Hail,Z,555,SEBASTIAN INLET TO JUPITER INLET 0-20NM,87555,MLB,19-MAY-24 17:37:00,EST-5,19-MAY-24 17:37:00,0,0,0,0,0.00K,0.00K,Public,1,NA,NA,NA,NA,NA,NA,NA,NA,NA,NA,3.92,SSW,STUART,3.92,SSW,STUART,27.15,-80.28,27.15,-80.28,Storms moving offshore produced severe hail and strong wind gusts along the coast.,Public report of quarter size hail near Palm City.,CSV
202405,19,1738,202405,19,1738,191378,1178503,ATLANTIC SOUTH,87,2024,May,Marine Hail,Z,555,SEBASTIAN INLET TO JUPITER INLET 0-20NM,87555,MLB,19-MAY-24 17:38:00,EST-5,19-MAY-24 17:38:00,0,0,0,0,0.00K,0.00K,Trained Spotter,0.75,NA,NA,NA,NA,NA,NA,NA,NA,NA,NA,1.51,SSE,STUART,1.51,SSE,STUART,27.18,-80.24,27.18,-80.24,Storms moving offshore produced severe hail and strong wind gusts along the coast.,Trained spotter reported penny size hail at US 1 and Monterey Rd in Stuart.,CSV
202407,15,1220,202407,15,1220,195086,1205940,LAKE ERIE,95,2024,July,Marine Hail,Z,20,UPPER NIAGARA RIVER,95020,BUF,15-JUL-24 12:20:00,EST-5,15-JUL-24 12:20:00,0,0,0,0,NA,0.00K,Public,1.25,NA,NA,NA,NA,NA,NA,NA,NA,NA,NA,2.86,N,BUFFALO HARBOR,2.86,N,BUFFALO HARBOR,42.9206,-78.9009,42.9206,-78.9009,"A strong upper-level trough and mesoscale convective vortex (MCV) crossed western and central New York during the afternoon on July 15, 2024. Timing with the MCV corresponded with favorable daytime heating and partly to mostly sunny skies ahead of the system. This resulted in more than 2,000 J/kg of CAPE across much of the region south & southeast of Lake Ontario. Combined with the dynamic nature and the shear associated with the MCV itself, severe thunderstorms developed and moved across the area.",Half dollar sized hail.,CSV
202407,15,1220,202407,15,1220,195086,1205942,LAKE ERIE,95,2024,July,Marine Hail,Z,20,UPPER NIAGARA RIVER,95020,BUF,15-JUL-24 12:20:00,EST-5,15-JUL-24 12:20:00,0,0,0,0,NA,0.00K,Public,1,NA,NA,NA,NA,NA,NA,NA,NA,NA,NA,2.83,NNW,BUFFALO HARBOR,2.83,NNW,BUFFALO HARBOR,42.9202,-78.9011,42.9202,-78.9011,"A strong upper-level trough and mesoscale convective vortex (MCV) crossed western and central New York during the afternoon on July 15, 2024. Timing with the MCV corresponded with favorable daytime heating and partly to mostly sunny skies ahead of the system. This resulted in more than 2,000 J/kg of CAPE across much of the region south & southeast of Lake Ontario. Combined with the dynamic nature and the shear associated with the MCV itself, severe thunderstorms developed and moved across the area.",NA,CSV
202407,15,1224,202407,15,1224,195086,1205943,LAKE ERIE,95,2024,July,Marine Hail,Z,20,UPPER NIAGARA RIVER,95020,BUF,15-JUL-24 12:24:00,EST-5,15-JUL-24 12:24:00,0,0,0,0,NA,0.00K,Public,1,NA,NA,NA,NA,NA,NA,NA,NA,NA,NA,2.96,SE,GRAND ISLAND,2.96,SE,GRAND ISLAND,42.9287,-78.9001,42.9287,-78.9001,"A strong upper-level trough and mesoscale convective vortex (MCV) crossed western and central New York during the afternoon on July 15, 2024. Timing with the MCV corresponded with favorable daytime heating and partly to mostly sunny skies ahead of the system. This resulted in more than 2,000 J/kg of CAPE across much of the region south & southeast of Lake Ontario. Combined with the dynamic nature and the shear associated with the MCV itself, severe thunderstorms developed and moved across the area.",NA,CSV
202407,15,1224,202407,15,1224,195086,1205944,LAKE ERIE,95,2024,July,Marine Hail,Z,20,UPPER NIAGARA RIVER,95020,BUF,15-JUL-24 12:24:00,EST-5,15-JUL-24 12:24:00,0,0,0,0,NA,0.00K,Public,1,NA,NA,NA,NA,NA,NA,NA,NA,NA,NA,2.17,SE,GRAND ISLAND,2.17,SE,GRAND ISLAND,42.9379,-78.9095,42.9379,-78.9095,"A strong upper-level trough and mesoscale convective vortex (MCV) crossed western and central New York during the afternoon on July 15, 2024. Timing with the MCV corresponded with favorable daytime heating and partly to mostly sunny skies ahead of the system. This resulted in more than 2,000 J/kg of CAPE across much of the region south & southeast of Lake Ontario. Combined with the dynamic nature and the shear associated with the MCV itself, severe thunderstorms developed and moved across the area.",NA,CSV
202406,25,38,202406,25,40,191686,1180471,LAKE MICHIGAN,91,2024,June,Marine Hail,Z,542,STURGEON BAY TO TWO RIVERS WI,91542,GRB,25-JUN-24 00:38:00,CST-6,25-JUN-24 00:40:00,0,0,0,0,0.00K,0.00K,Public,0.75,NA,NA,NA,NA,NA,NA,NA,NA,NA,NA,1.26,SE,KEWAUNEE STATION (KWNW3),1.26,SE,KEWAUNEE STATION (KWNW3),44.4572,-87.4817,44.4572,-87.4817,Several rounds of thunderstorms produced strong winds and hail over the Lake Michigan waters during the late evening hours on Monday (6/24) and the early morning hours on Tuesday (6/25).,Penny size hail fell in Kewaunee.,CSV
202406,13,1143,202406,13,1158,193024,1191578,LAKE SUPERIOR,92,2024,June,Marine Hail,Z,248,HURON ISLANDS TO MARQUETTE MI,92248,MQT,13-JUN-24 11:43:00,EST-5,13-JUN-24 11:58:00,0,0,0,0,0.00K,0.00K,NWS Employee,1,NA,NA,NA,NA,NA,NA,NA,NA,NA,NA,1.9,W,MARQUETTE LIGHTHOUSE,1.9,W,MARQUETTE LIGHTHOUSE,46.55,-87.42,46.55,-87.42,A cold front moving through an unstable and highly-sheared environment produced strong to severe thunderstorms over portions of Lake Superior on the afternoon of the 13th.,Numerous reports of penny to quarter sized hail in Marquette.,CSV
202406,13,1243,202406,13,1258,193024,1191580,LAKE SUPERIOR,92,2024,June,Marine Hail,Z,249,MARQUETTE TO MUNISING MI,92249,MQT,13-JUN-24 12:43:00,EST-5,13-JUN-24 12:58:00,0,0,0,0,0.00K,0.00K,NWS Employee,1,NA,NA,NA,NA,NA,NA,NA,NA,NA,NA,1.9,W,MARQUETTE LIGHTHOUSE,1.9,W,MARQUETTE LIGHTHOUSE,46.55,-87.42,46.55,-87.42,A cold front moving through an unstable and highly-sheared environment produced strong to severe thunderstorms over portions of Lake Superior on the afternoon of the 13th.,Numerous reports of penny to quarter sized hail in Marquette.,CSV
202406,25,0,202406,25,3,191686,1180470,LAKE MICHIGAN,91,2024,June,Marine Hail,Z,521,GREEN BAY SOUTH FROM CEDAR RIVER MI TO ROCK ISLAND PASSAGE AND NORTH FROM OCONTO WI TO LITTLE STURGEON BAY WI,91521,GRB,25-JUN-24 00:00:00,CST-6,25-JUN-24 00:03:00,0,0,0,0,0.00K,0.00K,Trained Spotter,0.88,NA,NA,NA,NA,NA,NA,NA,NA,NA,NA,30.03,SSW,PESHTIGO POINT,30.03,SSW,PESHTIGO POINT,44.5773,-87.9225,44.5773,-87.9225,Several rounds of thunderstorms produced strong winds and hail over the Lake Michigan waters during the late evening hours on Monday (6/24) and the early morning hours on Tuesday (6/25).,Nickel size hail fell in the town of Scott.,CSV
202404,15,1435,202404,15,1435,189121,1162988,ATLANTIC NORTH,88,2024,April,Marine Hail,Z,535,TIDAL POTOMAC KEY BRIDGE TO INDIAN HD MD,88535,LWX,15-APR-24 14:35:00,EST-5,15-APR-24 14:35:00,0,0,0,0,NA,NA,Trained Spotter,0.88,NA,NA,NA,NA,NA,NA,NA,NA,NA,NA,2.32,ESE,MT VERNON COMMUNITY (ALXNI),2.32,ESE,MT VERNON COMMUNITY (ALXNI),38.8228,-77.018,38.8228,-77.018,Several hail-producing thunderstorms affected the tidal waterways of the Mid-Atlantic with large hail and gale-force wind gusts.,Nickel size hail was observed in the 4500 block of Overlook Avenue Southwest adjacent to the upper tidal Potomac River.,CSV
202404,27,1956,202404,27,1956,190610,1177464,LAKE MICHIGAN,91,2024,April,Marine Hail,Z,346,MANISTEE TO POINT BETSIE MI,91346,APX,27-APR-24 19:56:00,EST-5,27-APR-24 19:56:00,0,0,0,0,NA,NA,Public,1,NA,NA,NA,NA,NA,NA,NA,NA,NA,NA,4.06,NE,MANISTEE,4.06,NE,MANISTEE,44.29,-86.29,44.29,-86.29,"A primarily elevated event marked with hail concerns as cells developed ahead of a cold front crossing Lake Michigan late in the evening. Despite strong winds aloft, and earlier gusty winds attributed to breaks in the clouds and downward momentum transport, little in the way of convective winds were reported. However...a left moving supercell did produce accumulating large hail as it moved onshore into the Manistee-Onekama, MI area.",Report of quarter inch hail.,CSV
202410,5,2215,202410,5,2220,197156,1219643,LAKE SUPERIOR,92,2024,October,Marine Hail,Z,249,MARQUETTE TO MUNISING MI,92249,MQT,05-OCT-24 22:15:00,EST-5,05-OCT-24 22:20:00,0,0,0,0,0.00K,0.00K,Social Media,0.75,NA,NA,NA,NA,NA,NA,NA,NA,NA,NA,0.84,SE,MUNISING,0.84,SE,MUNISING,46.41,-86.65,46.41,-86.65,A cold front moving across the Upper Great Lakes triggered a thunderstorm which produced penny sized hail in Munising on the 5th.,Facebook report of penny sized hail in Munising.,CSV
202410,5,2215,202410,5,2220,197156,1219645,LAKE SUPERIOR,92,2024,October,Marine Hail,Z,250,MUNISING TO GRAND MARAIS MI,92250,MQT,05-OCT-24 22:15:00,EST-5,05-OCT-24 22:20:00,0,0,0,0,0.00K,0.00K,Social Media,0.75,NA,NA,NA,NA,NA,NA,NA,NA,NA,NA,3.74,SSW,GRAND ISLAND HARBOR LIGHT,3.74,SSW,GRAND ISLAND HARBOR LIGHT,46.41,-86.65,46.41,-86.65,A cold front moving across the Upper Great Lakes triggered a thunderstorm which produced penny sized hail in Munising on the 5th.,Facebook report of penny sized hail in Munising.,CSV
202506,29,1621,202506,29,1621,203303,1266487,ATLANTIC NORTH,88,2025,June,Marine Hail,Z,538,PATAPSCO RIVER INCLUDING BALTIMORE HARBOR,88538,LWX,29-JUN-25 16:21:00,EST-5,29-JUN-25 16:21:00,0,0,0,0,NA,NA,Public,0.75,NA,NA,NA,NA,NA,NA,NA,NA,NA,NA,0.75,ESE,DUNDALK ES (BLDND),0.75,ESE,DUNDALK ES (BLDND),39.2559,-76.507,39.2559,-76.507,A couple of isolated thunderstorms produced strong winds and hail near Baltimore and Cambridge.,There was a report of dime size hail near Dundalk.,CSV
202506,9,1441,202506,9,1441,206599,1289437,LAKE MICHIGAN,91,2025,June,Marine Hail,Z,342,NORWOOD MI TO 5NM W OF MACKINAC BRIDGE INC LITTLE TRAVERSE BAY,91342,APX,09-JUN-25 14:41:00,EST-5,09-JUN-25 14:41:00,0,0,0,0,NA,NA,COOP Observer,0.88,NA,NA,NA,NA,NA,NA,NA,NA,NA,NA,0.84,SE,PETOSKEY,0.84,SE,PETOSKEY,45.37,-84.95,45.37,-84.95,"An upper low crossed the region on the 9th, dragging a cold front into the region later in the day/evening. In the meantime, daytime heating allowed for development of showers and storms across northern Michigan. Storms primarily produced wind gusts of 35-45mph, and pea to dime size hail, though hail up to nickel size was noted at the North Central Michigan College campus in Petoskey, MI.","Hail ranging from 5mm to 20mm, or 0.785in, was observed at the North Central Michigan College campus in Petoskey, MI.",CSV
202506,21,605,202506,21,605,206602,1289444,LAKE MICHIGAN,91,2025,June,Marine Hail,Z,323,GRAND TRAVERSE BAY FROM GRAND TRAVERSE LIGHT TO NORWOOD MI,91323,APX,21-JUN-25 06:05:00,EST-5,21-JUN-25 06:05:00,0,0,0,0,NA,NA,COOP Observer,1.75,NA,NA,NA,NA,NA,NA,NA,NA,NA,NA,6.88,S,SUTTONS BAY,6.88,S,SUTTONS BAY,44.8821,-85.6752,44.8821,-85.6752,"An unseasonably hot and humid air mass in place across the Midwest led to the development of storms late on the evening of the 20th across the Northern Plains. These congealed into a thunderstorm complex over the Upper Midwest, tracking eastward along the perimeter of a strong upper level ridge, into the Upper Great Lakes on the morning of the 21st. A NW-SE oriented broken line of storms developed along a warm advection axis ahead of the initial line of storms; this produced hail up to the size of golf balls across parts of northern Lower Michigan, including the Traverse City metro area. Meanwhile, the original complex of storms began to wane in intensity, becoming a strong mesolow, which crossed Lake Superior during the morning hours and resulted in significant water level changes and attendant coastal impacts across the entirety of Lake Superior.","Hail up to the size of golf balls was reported at the Northwest Michigan Horticultural Research Center near Bingham, MI; additional reports of hail up to the size of half dollars in downtown Traverse City, MI.",CSV
202501,19,1330,202501,19,1330,198204,1225614,ATLANTIC SOUTH,87,2025,January,Marine Hail,Z,552,VOLUSIA-BREVARD COUNTY LINE TO SEBASTIAN INLET 0-20NM,87552,MLB,19-JAN-25 13:30:00,EST-5,19-JAN-25 13:30:00,0,0,0,0,0.00K,0.00K,Public,1,NA,NA,NA,NA,NA,NA,NA,NA,NA,NA,4.19,N,MERRITT ISLAND,4.19,N,MERRITT ISLAND,28.41,-80.71,28.41,-80.71,A cold front moving southward produced strong wind gusts and hail along the east central Florida coast.,Members of the public reported 1 inch hail in Merritt Island.,CSV
202505,15,1801,202505,15,1801,201133,1248415,LAKE MICHIGAN,91,2025,May,Marine Hail,Z,645,NORTH PT LT TO WIND PT WI,91645,MKX,15-MAY-25 18:01:00,CST-6,15-MAY-25 18:01:00,0,0,0,0,NA,NA,Public,1,NA,NA,NA,NA,NA,NA,NA,NA,NA,NA,2.05,NW,OAK CREEK POWER PLANT,1.71,SW,OAK CREEK POWER PLANT,42.89,-87.86,42.85,-87.85,"Strong low pressure system moved across northern WI bringing a round of severe weather across WI with large hail, tornadoes, and damaging winds across southern WI. As the lines of showers pushed into the lakeshore areas, the threat turn more toward strong damaging winds with numerous +60 mph gusts and damage along the lakeshore. Particularly damage to numerous tree from a microburst on Wind point in Racine County.",Multiple report from mPING and public of quarter sized hail (1.00 in) along the lakeshore south of Milwaukee.,CSV
202505,15,1800,202505,15,1820,201133,1248421,LAKE MICHIGAN,91,2025,May,Marine Hail,Z,646,WIND PT LT WI TO WINTHROP HBR IL,91646,MKX,15-MAY-25 18:00:00,CST-6,15-MAY-25 18:20:00,0,0,0,0,NA,NA,Public,1.25,NA,NA,NA,NA,NA,NA,NA,NA,NA,NA,2.14,ENE,WIND POINT,1.47,SSE,RACINE,42.79,-87.79,42.7,-87.79,"Strong low pressure system moved across northern WI bringing a round of severe weather across WI with large hail, tornadoes, and damaging winds across southern WI. As the lines of showers pushed into the lakeshore areas, the threat turn more toward strong damaging winds with numerous +60 mph gusts and damage along the lakeshore. Particularly damage to numerous tree from a microburst on Wind point in Racine County.",Multiple reports of quarter (1.00 in) to half dollar (1.25 in) sized hail from Wind Point to Racine.,CSV
202505,15,1747,202505,15,1753,201133,1248428,LAKE MICHIGAN,91,2025,May,Marine Hail,Z,646,WIND PT LT WI TO WINTHROP HBR IL,91646,MKX,15-MAY-25 17:47:00,CST-6,15-MAY-25 17:53:00,0,0,0,0,NA,NA,Public,2,NA,NA,NA,NA,NA,NA,NA,NA,NA,NA,2.76,N,KENOSHA,1.23,NE,KENOSHA,42.62,-87.83,42.59,-87.81,"Strong low pressure system moved across northern WI bringing a round of severe weather across WI with large hail, tornadoes, and damaging winds across southern WI. As the lines of showers pushed into the lakeshore areas, the threat turn more toward strong damaging winds with numerous +60 mph gusts and damage along the lakeshore. Particularly damage to numerous tree from a microburst on Wind point in Racine County.",Multiple reports of hail along Kenosha County Lakeshore between 1 and 2 inches.,CSV
202505,15,1755,202505,15,1756,201101,1251311,LAKE MICHIGAN,91,2025,May,Marine Hail,Z,740,WINTHROP HARBOR TO WILMETTE HARBOR IL,91740,LOT,15-MAY-25 17:55:00,CST-6,15-MAY-25 17:56:00,0,0,0,0,0.00K,0.00K,Public,2,NA,NA,NA,NA,NA,NA,NA,NA,NA,NA,0.72,S,WINTHROP HARBOR,0.72,S,WINTHROP HARBOR,42.4796,-87.7994,42.4796,-87.7994,Severe thunderstorms moved across southern Lake Michigan during the evening of May 15th producing large hail and severe wind gusts as high as 69 knots.,Multiple reports of hail up to 2 inches in diameter were received from Winthrop Harbor.,CSV
202505,7,1800,202505,7,1800,201420,1250733,ATLANTIC SOUTH,87,2025,May,Marine Hail,Z,454,ST AUGUSTINE TO FLAGLER BEACH FL OUT 20NM,87454,JAX,07-MAY-25 18:00:00,EST-5,07-MAY-25 18:00:00,0,0,0,0,0.00K,0.00K,Public,0.88,NA,NA,NA,NA,NA,NA,NA,NA,NA,NA,7.73,WSW,FLAGLER BEACH,7.73,WSW,FLAGLER BEACH,29.46,-81.12,29.46,-81.12,SW steering flow pushed a more dominant west coast sea breeze inland over a moist and unstable airmass. Sea breeze and boundary mergers focused toward the I-95 corridor eastward where isolated strong storms produced gusty winds and small hail as they moved offshore.,Hail about nickel size was reported. Photo |            of hail was relayed via emergency manager.,CSV
202505,5,1532,202505,5,1532,200609,1243410,ATLANTIC SOUTH,87,2025,May,Marine Hail,Z,555,SEBASTIAN INLET TO JUPITER INLET 0-20NM,87555,MLB,05-MAY-25 15:32:00,EST-5,05-MAY-25 15:32:00,0,0,0,0,0.00K,0.00K,Other Federal Agency,1.75,NA,NA,NA,NA,NA,NA,NA,NA,NA,NA,2.66,WNW,ST. LUCIE INLET,2.66,WNW,ST. LUCIE INLET,27.4963,-80.3593,27.4963,-80.3593,Storms produced large hail and severe wind gusts along the coast.,Air traffic controller at the Treasure Coast International Airport reported golf ball sized hail.,CSV
202505,5,1600,202505,5,1600,200609,1243411,ATLANTIC SOUTH,87,2025,May,Marine Hail,Z,555,SEBASTIAN INLET TO JUPITER INLET 0-20NM,87555,MLB,05-MAY-25 16:00:00,EST-5,05-MAY-25 16:00:00,0,0,0,0,0.00K,0.00K,Public,2,NA,NA,NA,NA,NA,NA,NA,NA,NA,NA,1.85,SW,FT. PIERCE INLET,1.85,SW,FT. PIERCE INLET,27.43,-80.34,27.43,-80.34,Storms produced large hail and severe wind gusts along the coast.,Public reported 2 inch hail near Lawnwood Stadium in Fort Pierce via social media.,CSV
202505,8,1645,202505,8,1645,200668,1244083,ATLANTIC SOUTH,87,2025,May,Marine Hail,Z,550,FLAGLER BEACH TO VOLUSIA-BREVARD COUNTY LINE 0-20NM,87550,MLB,08-MAY-25 16:45:00,EST-5,08-MAY-25 16:45:00,0,0,0,0,0.00K,0.00K,Trained Spotter,1,NA,NA,NA,NA,NA,NA,NA,NA,NA,NA,3.9,SSE,EDGEWATER,3.9,SSE,EDGEWATER,28.93,-80.87,28.93,-80.87,Thunderstorms produced strong wind gusts and severe hail along the Volusia and northern Brevard County coasts.,Trained spotter in Edgewater reported hail the size of nickels and quarters (0.88 to 1.00 inch).,CSV
202505,8,1806,202505,8,1806,200668,1244085,ATLANTIC SOUTH,87,2025,May,Marine Hail,Z,550,FLAGLER BEACH TO VOLUSIA-BREVARD COUNTY LINE 0-20NM,87550,MLB,08-MAY-25 18:06:00,EST-5,08-MAY-25 18:06:00,0,0,0,0,0.00K,0.00K,Trained Spotter,0.88,NA,NA,NA,NA,NA,NA,NA,NA,NA,NA,0.92,SW,EDGEWATER,0.92,SW,EDGEWATER,28.97,-80.91,28.97,-80.91,Thunderstorms produced strong wind gusts and severe hail along the Volusia and northern Brevard County coasts.,Trained spotter reported nickel sized hail in Edgewater.,CSV
202505,22,1618,202505,22,1618,201328,1250058,ATLANTIC NORTH,88,2025,May,Marine Hail,Z,541,CHOPTANK RIVER TO CAMBRIDGE MD AND THE LITTLE CHOPTANK RIVER,88541,LWX,22-MAY-25 16:18:00,EST-5,22-MAY-25 16:18:00,0,0,0,0,NA,NA,NWS Employee,0.75,NA,NA,NA,NA,NA,NA,NA,NA,NA,NA,0.75,NNW,CAMBRIDGE (CAMM2),0.75,NNW,CAMBRIDGE (CAMM2),38.5799,-76.0756,38.5799,-76.0756,An isolated strong thunderstorm produced gale-force wind gusts and large hail in the vicinity of southern Maryland.,Penny size hail was reported on the shore of the tidal Choptank River.,CSV
202505,22,1755,202505,22,1755,201328,1250060,ATLANTIC NORTH,88,2025,May,Marine Hail,Z,534,CHESAPEAKE BAY DRUM PT TO SMITH PT VA,88534,LWX,22-MAY-25 17:55:00,EST-5,22-MAY-25 17:55:00,0,0,0,0,NA,NA,Other Federal Agency,0.75,NA,NA,NA,NA,NA,NA,NA,NA,NA,NA,1.29,WSW,PATUXENT RIVER ASOS (KNHK),1.29,WSW,PATUXENT RIVER ASOS (KNHK),38.28,-76.43,38.28,-76.43,An isolated strong thunderstorm produced gale-force wind gusts and large hail in the vicinity of southern Maryland.,Penny size hail was reported at Patuxent River Naval Air Station adjacent to the Chesapeake Bay and tidal Patuxent River.,CSV
202505,25,1230,202505,25,1235,202523,1259728,ATLANTIC SOUTH,87,2025,May,Marine Hail,Z,552,VOLUSIA-BREVARD COUNTY LINE TO SEBASTIAN INLET 0-20NM,87552,MLB,25-MAY-25 12:30:00,EST-5,25-MAY-25 12:35:00,0,0,0,0,0.00K,0.00K,Official NWS Observations,0.88,NA,NA,NA,NA,NA,NA,NA,NA,NA,NA,4.04,NW,MELBOURNE,4.04,NW,MELBOURNE,28.1134,-80.6543,28.1134,-80.6543,A strong thunderstorm produced hail near the Melbourne Coast.,"Hail from pea to nickel size occurred at the NWS Melbourne office between 1:25 and 1:35 |PM EDT, with the nickel size hail occurring toward the end of that period.",CSV
202505,15,1510,202505,15,1510,201608,1252112,ATLANTIC SOUTH,87,2025,May,Marine Hail,Z,137,NEUSE AND BAY RIVERS,87137,MHX,15-MAY-25 15:10:00,EST-5,15-MAY-25 15:10:00,0,0,0,0,NA,NA,Social Media,1.25,NA,NA,NA,NA,NA,NA,NA,NA,NA,NA,2,SSE,JAMES CITY,2,SSE,JAMES CITY,35.0433,-76.9965,35.0433,-76.9965,"A stalled frontal boundary produced thunderstorms across much of the inland waters of Eastern North Carolina north of the Neuse River. The strongest storms produced large hail, and waterspouts.",Report of half dollar size hail from social media along the Neuse River just south of James City. The time of the hail was estimated by radar.,CSV
202505,15,1739,202505,15,1739,201608,1252118,ATLANTIC SOUTH,87,2025,May,Marine Hail,Z,230,ALBEMARLE SOUND,87230,MHX,15-MAY-25 17:39:00,EST-5,15-MAY-25 17:39:00,0,0,0,0,NA,NA,Public,1.75,NA,NA,NA,NA,NA,NA,NA,NA,NA,NA,27.42,E,PLYMOUTH,27.42,E,PLYMOUTH,35.924,-76.2647,35.924,-76.2647,"A stalled frontal boundary produced thunderstorms across much of the inland waters of Eastern North Carolina north of the Neuse River. The strongest storms produced large hail, and waterspouts.",Hail report came from MPING as thunderstorms were moving through the area.,CSV
202505,30,1600,202505,30,1602,201719,1253032,LAKE MICHIGAN,91,2025,May,Marine Hail,Z,522,GREEN BAY SOUTH FROM OCONTO WI TO LITTLE STURGEON BAY WI,91522,GRB,30-MAY-25 16:00:00,CST-6,30-MAY-25 16:02:00,0,0,0,0,0.00K,0.00K,Public,1,NA,NA,NA,NA,NA,NA,NA,NA,NA,NA,2.06,ENE,BAY BEACH PARK,2.06,ENE,BAY BEACH PARK,44.5465,-87.9452,44.5465,-87.9452,Thunderstorms produced large hail over the bay of Green Bay during the afternoon hours on Friday (5/30).,Quarter size hail fell in Green Bay. The time of this report is an estimate based on radar data.,CSV
202505,30,1627,202505,30,1629,201719,1253033,LAKE MICHIGAN,91,2025,May,Marine Hail,Z,522,GREEN BAY SOUTH FROM OCONTO WI TO LITTLE STURGEON BAY WI,91522,GRB,30-MAY-25 16:27:00,CST-6,30-MAY-25 16:29:00,0,0,0,0,0.00K,0.00K,Public,0.88,NA,NA,NA,NA,NA,NA,NA,NA,NA,NA,3.26,NE,BAY BEACH PARK,3.26,NE,BAY BEACH PARK,44.5626,-87.9321,44.5626,-87.9321,Thunderstorms produced large hail over the bay of Green Bay during the afternoon hours on Friday (5/30).,Nickel size hail fell near New Franken. The time of this report is an estimate based on radar data.,CSV
202504,11,2025,202504,11,2025,200176,1239451,ATLANTIC SOUTH,87,2025,April,Marine Hail,Z,158,CP LOOKOUT TO SURF CITY NC OUT 20NM,87158,MHX,11-APR-25 20:25:00,EST-5,11-APR-25 20:25:00,0,0,0,0,NA,NA,Social Media,1,NA,NA,NA,NA,NA,NA,NA,NA,NA,NA,3.58,NW,NORTH TOPSAIL BEACH,3.58,NW,NORTH TOPSAIL BEACH,34.5599,-77.4002,34.5599,-77.4002,"Surface low pressure over the Coastal Plain gradually tracked northeastwards through the afternoon and evening, eventually pushing off the coast of the Northern Outer Banks during the evening hours of April eleventh. As this occurred, associated upper level low and surface trough swept eastwards across the Coastal Plain and offshore behind this departing low pressure system during the evening hours on the eleventh as well. This upper low brought widely scattered showers and thunderstorms with its passage with a few of these storms becoming strong in nature. These storms mainly impacted the waters around the Crystal Coast bringing a damaging wind and hail threat to the area.",Multiple reports of hail covering the ground to a depth of a couple of inches in and around Sneads Ferry. Hail size ranged from dime size to quarter size. Reports relayed via social media.,CSV
202504,11,2039,202504,11,2039,200176,1239454,ATLANTIC SOUTH,87,2025,April,Marine Hail,Z,158,CP LOOKOUT TO SURF CITY NC OUT 20NM,87158,MHX,11-APR-25 20:39:00,EST-5,11-APR-25 20:39:00,0,0,0,0,NA,NA,Public,1,NA,NA,NA,NA,NA,NA,NA,NA,NA,NA,3,SW,BROWNS INLET,3,SW,BROWNS INLET,34.5705,-77.2687,34.5705,-77.2687,"Surface low pressure over the Coastal Plain gradually tracked northeastwards through the afternoon and evening, eventually pushing off the coast of the Northern Outer Banks during the evening hours of April eleventh. As this occurred, associated upper level low and surface trough swept eastwards across the Coastal Plain and offshore behind this departing low pressure system during the evening hours on the eleventh as well. This upper low brought widely scattered showers and thunderstorms with its passage with a few of these storms becoming strong in nature. These storms mainly impacted the waters around the Crystal Coast bringing a damaging wind and hail threat to the area.",Report of quarter size hail in Onslow Beach. Report came in via an mPing report.,CSV
202503,25,657,202503,25,657,200568,1242919,ATLANTIC SOUTH,87,2025,March,Marine Hail,Z,555,SEBASTIAN INLET TO JUPITER INLET 0-20NM,87555,MLB,25-MAR-25 06:57:00,EST-5,25-MAR-25 06:57:00,0,0,0,0,0.00K,0.00K,Public,0.88,NA,NA,NA,NA,NA,NA,NA,NA,NA,NA,1.85,NW,ST. LUCIE INLET,1.85,NW,ST. LUCIE INLET,27.5,-80.34,27.5,-80.34,Thunderstorms moving offshore produced strong wind gusts and nickel size hail along the Treasure Coast.,Public report of accumulating hail up to dime size near St Lucie Village. Time estimated via radar.,CSV
202508,22,2133,202508,22,2135,206772,1290463,LAKE SUPERIOR,92,2025,August,Marine Hail,Z,121,CHEQUAMEGON BAY BAYFIELD TO OAK PT WI,92121,DLH,22-AUG-25 21:33:00,CST-6,22-AUG-25 21:35:00,0,0,0,0,0.00K,0.00K,Public,0.75,NA,NA,NA,NA,NA,NA,NA,NA,NA,NA,16.23,SSW,BAYFIELD,16.23,SSW,BAYFIELD,46.59,-90.89,46.59,-90.89,"An area of storms moved across northwestern Wisconsin and along the South Shore of Lake Superior during the afternoon hours of the 22nd. In addition to some small hail, these storms produced wind gusts to around 45 mph near the shore. Over the open waters of western Lake Superior off the Apostle Islands, a gust to 62 mph was recorded by an iron ore hauling vessel.",NA,CSV
202508,7,1931,202508,7,1931,208187,1297431,LAKE HURON,90,2025,August,Marine Hail,Z,348,PRESQUE ISLE LIGHT TO STURGEON POINT MI INC THUNDER BAY NATIONAL MARINE SANCTUARY,90348,APX,07-AUG-25 19:31:00,EST-5,07-AUG-25 19:31:00,0,0,0,0,NA,NA,Public,2,NA,NA,NA,NA,NA,NA,NA,NA,NA,NA,4.23,NW,NORTH POINT,4.23,NW,NORTH POINT,45.08,-83.32,45.08,-83.32,"Hot and very humid air mass in place created an unstable environment, which, in the presence of the Lake Huron lake breeze and a subtle stationary boundary stretching from the Keweenaw Peninsula to northern Lake Huron, was able to support development of scattered strong to severe storms across parts of northeast Lower Michigan during the late afternoon on the 7th, resulting in primarily large hail reports.",Multiple reports of hailstones up to 2 inches in diameter near El Cajon and Misery Bays on the Lake Huron coast east of Alpena.,CSV
202603,10,2028,202603,10,2028,212428,1328711,LAKE MICHIGAN,91,2026,March,Marine Hail,Z,646,WIND PT LT WI TO WINTHROP HBR IL,91646,MKX,10-MAR-26 20:28:00,CST-6,10-MAR-26 20:28:00,0,0,0,0,0.00K,0.00K,Trained Spotter,1,NA,NA,NA,NA,NA,NA,NA,NA,NA,NA,1.52,W,RACINE,1.52,W,RACINE,42.72,-87.83,42.72,-87.83,Numerous thunderstorms occurred over far southern WI as a warm front approached from the south.,Trained Spotter reports half to one inch sized hail.,CSV
202603,30,2301,202603,30,2302,210966,1317940,LAKE MICHIGAN,91,2026,March,Marine Hail,Z,522,GREEN BAY SOUTH FROM OCONTO WI TO LITTLE STURGEON BAY WI,91522,GRB,30-MAR-26 23:01:00,CST-6,30-MAR-26 23:02:00,0,0,0,0,0.00K,0.00K,Public,1,NA,NA,NA,NA,NA,NA,NA,NA,NA,NA,2.73,NNW,BAY BEACH PARK,2.73,NNW,BAY BEACH PARK,44.5656,-88.0039,44.5656,-88.0039,Thunderstorms produced large hail over the bay of Green Bay during the overnight hours on Thursday (3/30).,Quarter size hail fell in Howard. The time of this report is an estimate based on radar data.,CSV
202603,31,1027,202603,31,1027,212429,1328712,LAKE MICHIGAN,91,2026,March,Marine Hail,Z,643,SHEBOYGAN TO PT WASHINGTON WI,91643,MKX,31-MAR-26 10:27:00,CST-6,31-MAR-26 10:27:00,0,0,0,0,0.00K,0.00K,Public,1,NA,NA,NA,NA,NA,NA,NA,NA,NA,NA,4.26,NNW,SHEBOYGAN,4.26,NNW,SHEBOYGAN,43.81,-87.74,43.81,-87.74,Scattered thunderstorms developed along and ahead of a slow moving cold front over southern WI.,Picture of quarter sized hail in the town of Mosel.,CSV
202604,13,1840,202604,13,1842,211206,1319667,LAKE MICHIGAN,91,2026,April,Marine Hail,Z,522,GREEN BAY SOUTH FROM OCONTO WI TO LITTLE STURGEON BAY WI,91522,GRB,13-APR-26 18:40:00,CST-6,13-APR-26 18:42:00,0,0,0,0,0.00K,0.00K,Trained Spotter,1.25,NA,NA,NA,NA,NA,NA,NA,NA,NA,NA,1.63,N,BAY BEACH PARK,1.63,N,BAY BEACH PARK,44.5535,-87.9839,44.5535,-87.9839,Thunderstorms produced large hail over the bay of Green Bay during the evening hours on Monday (4/13).,Half dollar size hail fell in Green Bay. The time of this report is an estimate based on radar data.,CSV
202604,17,1406,202604,17,1408,212226,1327065,LAKE SUPERIOR,92,2026,April,Marine Hail,Z,144,TWO HBRS TO DULUTH MN,92144,DLH,17-APR-26 14:06:00,CST-6,17-APR-26 14:08:00,0,0,0,0,0.00K,0.00K,Public,0.75,NA,NA,NA,NA,NA,NA,NA,NA,NA,NA,0.69,N,TWO HARBORS LAKESIDE,0.69,N,TWO HARBORS LAKESIDE,47.02,-91.66,47.02,-91.66,Strong thunderstorms developed ahead of a cold front during the afternoon of the 17th and moved east across western Lake Superior. The first storms produced hail to 1 inch in diameter along the North Shore with later storms producing wind gusts to 43 knots along the South Shore.,NA,CSV
202604,17,1337,202604,17,1339,212226,1327066,LAKE SUPERIOR,92,2026,April,Marine Hail,Z,145,DULUTH MN TO PT WING WI,92145,DLH,17-APR-26 13:37:00,CST-6,17-APR-26 13:39:00,0,0,0,0,0.00K,0.00K,Public,1,NA,NA,NA,NA,NA,NA,NA,NA,NA,NA,2.13,SSW,WISCONSIN POINT,2.13,SSW,WISCONSIN POINT,46.67,-92,46.67,-92,Strong thunderstorms developed ahead of a cold front during the afternoon of the 17th and moved east across western Lake Superior. The first storms produced hail to 1 inch in diameter along the North Shore with later storms producing wind gusts to 43 knots along the South Shore.,NA,CSV
202604,21,1319,202604,21,1319,212434,1328721,LAKE MICHIGAN,91,2026,April,Marine Hail,Z,646,WIND PT LT WI TO WINTHROP HBR IL,91646,MKX,21-APR-26 13:19:00,CST-6,21-APR-26 13:19:00,0,0,0,0,0.00K,0.00K,Public,1,NA,NA,NA,NA,NA,NA,NA,NA,NA,NA,3.49,S,RACINE,3.49,S,RACINE,42.67,-87.81,42.67,-87.81,A few strong to severe thunderstorm developed along a backdoor cold front and producing hail in southeastern WI.,Report from mPING of quarter sized (1.00 in) hail.,CSV
202605,10,1446,202605,10,1446,214325,1343349,ATLANTIC SOUTH,87,2026,May,Marine Hail,Z,550,FLAGLER BEACH TO VOLUSIA-BREVARD COUNTY LINE 0-20NM,87550,MLB,10-MAY-26 14:46:00,EST-5,10-MAY-26 14:46:00,0,0,0,0,0.00K,0.00K,Trained Spotter,1.5,NA,NA,NA,NA,NA,NA,NA,NA,NA,NA,1.39,WNW,PONCE INLET,1.39,WNW,PONCE INLET,29.11,-80.95,29.11,-80.95,Multiple thunderstorms produced strong to severe wind gusts along the coast.,Trained spotter reports ping pong ball sized hail approximately one mile north from Ponce Inlet.,CSV
202605,8,1815,202605,8,1815,214322,1343319,ATLANTIC SOUTH,87,2026,May,Marine Hail,Z,550,FLAGLER BEACH TO VOLUSIA-BREVARD COUNTY LINE 0-20NM,87550,MLB,08-MAY-26 18:15:00,EST-5,08-MAY-26 18:15:00,0,0,0,0,0.00K,0.00K,Broadcast Media,1,NA,NA,NA,NA,NA,NA,NA,NA,NA,NA,4.77,SSE,DAYTONA BEACH,4.77,SSE,DAYTONA BEACH,29.1524,-81.0137,29.1524,-81.0137,A severe thunderstorm impacted the Volusia County coastline.,Broadcast media relayed a video of penny to quarter size hail from a resident in Port Orange off of Old Sunbeam Dr.,CSV
