BEGIN_YEARMONTH,BEGIN_DAY,BEGIN_TIME,END_YEARMONTH,END_DAY,END_TIME,EPISODE_ID,EVENT_ID,STATE,STATE_FIPS,YEAR,MONTH_NAME,EVENT_TYPE,CZ_TYPE,CZ_FIPS,CZ_NAME,cty_fips,WFO,BEGIN_DATE_TIME,CZ_TIMEZONE,END_DATE_TIME,INJURIES_DIRECT,INJURIES_INDIRECT,DEATHS_DIRECT,DEATHS_INDIRECT,DAMAGE_PROPERTY,DAMAGE_CROPS,SOURCE,MAGNITUDE,MAGNITUDE_TYPE,FLOOD_CAUSE,CATEGORY,TOR_F_SCALE,TOR_LENGTH,TOR_WIDTH,TOR_OTHER_WFO,TOR_OTHER_CZ_STATE,TOR_OTHER_CZ_FIPS,TOR_OTHER_CZ_NAME,BEGIN_RANGE,BEGIN_AZIMUTH,BEGIN_LOCATION,END_RANGE,END_AZIMUTH,END_LOCATION,BEGIN_LAT,BEGIN_LON,END_LAT,END_LON,EPISODE_NARRATIVE,EVENT_NARRATIVE,DATA_SOURCE
199606,30,1500,199606,30,1500,2036432,5552992,ARIZONA,4,1996,June,Dust Devil,C,7,GILA,04007,FGZ,30-JUN-96 15:00:00,MST,30-JUN-96 15:00:00,0,0,0,0,NA,NA,NA,NA,NA,NA,NA,NA,NA,NA,NA,NA,NA,NA,NA,NA,NA,NA,NA,NA,NA,NA,NA,NA,Large dust devil destroyed an aluminum shed.,NA,PDC
199606,1,1230,199606,1,1235,2038311,5551726,NEVADA,32,1996,June,Dust Devil,C,3,CLARK,32003,VEF,01-JUN-96 12:30:00,PST,01-JUN-96 12:35:00,0,0,1,0,NA,NA,NA,NA,NA,NA,NA,NA,NA,NA,NA,NA,NA,NA,20,S,LAS VEGAS,20,S,LAS VEGAS,NA,NA,NA,NA,A sky diver inadvertently crossed paths with a dust devil which aused his parachute to collapse about 30 feet above the ground.  The man died from injuries sustained in the resulting fall.,NA,PDC
199606,10,1330,199606,10,1330,2042490,5556968,OREGON,41,1996,June,Dust Devil,Z,5,LOWER COLUMBIA,41005,PQR,10-JUN-96 13:30:00,PST,10-JUN-96 13:30:00,0,0,0,0,NA,NA,NA,NA,NA,NA,NA,NA,NA,NA,NA,NA,NA,NA,NA,NA,NA,NA,NA,NA,NA,NA,NA,NA,A strong dust devil formed in a dirt horse corral near the town of Tenmile. The dust devil destroyed a small utility shed and a pole construction horse barn adjacent to the corral. No significant clouds or precipitation were present in the region at the time.,NA,PDC
199606,25,1400,199606,25,1410,2038312,5551727,NEVADA,32,1996,June,Dust Devil,C,3,CLARK,32003,VEF,25-JUN-96 14:00:00,PST,25-JUN-96 14:10:00,0,0,0,0,5K,NA,NA,NA,NA,NA,NA,NA,NA,NA,NA,NA,NA,NA,5,NE,LAS VEGAS,5,NE,LAS VEGAS,NA,NA,NA,NA,Strong winds from a dust devil ripped through a mobile home park in North Las Vegas tearing awnings and shingles from residences and hurling them hundreds of feet through the air.,NA,PDC
199606,10,2050,199606,10,2100,2048486,5574284,ARIZONA,4,1996,June,Dust Devil,Z,23,GREATER PHOENIX AREA,04023,TWC,10-JUN-96 20:50:00,MST,10-JUN-96 21:00:00,0,0,0,0,15K,NA,NA,NA,NA,NA,NA,NA,NA,NA,NA,NA,NA,NA,NA,NA,NA,NA,NA,NA,NA,NA,NA,NA,Half of a roof was blown off a house in Tucson near River and Campbell streets. No thunderstorms in area so most likely cause was a very strong dust devil.,NA,PDC
199605,26,1330,199605,26,1330,2042642,5557550,NEW HAMPSHIRE,33,1996,May,Dust Devil,Z,11,CHESHIRE,33011,BOX,26-MAY-96 13:30:00,EST,26-MAY-96 13:30:00,0,0,0,0,NA,NA,NA,NA,NA,NA,NA,NA,NA,NA,NA,NA,NA,NA,NA,NA,NA,NA,NA,NA,NA,NA,NA,NA,A dust devil moved across a corn field and passed through a few trees before picking up a 6-foot picnic table and 20-pound bags of potting soil and dropping them a short distance away.,NA,PDC
199607,5,1300,199607,5,1303,2042827,5558346,WISCONSIN,55,1996,July,Dust Devil,Z,72,KENOSHA,55072,MKX,05-JUL-96 13:00:00,CST,05-JUL-96 13:03:00,0,0,0,0,.1K,NA,NA,NA,NA,NA,NA,NA,NA,NA,NA,NA,NA,NA,NA,NA,NA,NA,NA,NA,NA,NA,NA,NA,"A rare, short-lived dust devil spun up over a recently plowed field and then moved into the backyard of a residence about 2 miles SSE of Pleasant Prairie. It turned over and damaged a patio umbrella and lifted a heavy metal table. It was on the ground for about 100 yards, and was about 1 to 2 yards in diameter.  The home's owner said it had a very strange sound.",NA,PDC
199606,3,1615,199606,3,1615,2050087,5574061,FLORIDA,12,1996,June,Dust Devil,C,71,LEE,12071,TBW,03-JUN-96 16:15:00,EST,03-JUN-96 16:15:00,0,0,0,0,3K,NA,NA,NA,NA,NA,NA,NA,NA,NA,NA,NA,NA,NA,3,S,FT. MYERS,3,S,FT. MYERS,NA,NA,NA,NA,A dust devil caused minor roof damage to a funeral home along Colonial Blvd. in Ft. Myers.,NA,PDC
199604,7,1445,199604,7,1500,2031695,5543153,NORTH CAROLINA,37,1996,April,Dust Devil,Z,70,GASTON,37070,GSP,07-APR-96 14:45:00,EST,07-APR-96 15:00:00,0,0,0,0,5K,NA,NA,NA,NA,NA,NA,NA,NA,NA,NA,NA,NA,NA,NA,NA,NA,NA,NA,NA,NA,NA,NA,NA,An unusually strong dust devil took the roof off a multi-purpose building at a residence.  Debris was scattered for a mile or two along Interstate 85.,NA,PDC
199608,30,1215,199608,30,1215,2044943,5568331,NEW YORK,36,1996,August,Dust Devil,C,57,MONTGOMERY,36057,ALY,30-AUG-96 12:15:00,EST,30-AUG-96 12:15:00,0,0,0,0,.2K,NA,NA,NA,NA,NA,NA,NA,NA,NA,NA,NA,NA,NA,NA,NA,CHURCH CORNERS,NA,NA,CHURCH CORNERS,NA,NA,NA,NA,A dust devil damaged a tin building near the Fulton-Montgomery Community College in Montgomery County.,NA,PDC
199609,15,1030,199609,15,1035,2055578,5576434,CALIFORNIA,6,1996,September,Dust Devil,C,73,SAN DIEGO,06073,SGX,15-SEP-96 10:30:00,PST,15-SEP-96 10:35:00,1,0,0,0,NA,NA,NA,NA,NA,NA,NA,NA,NA,NA,NA,NA,NA,NA,2,NW,KSAN AIRPORT,2,NW,KSAN AIRPORT,NA,NA,NA,NA,"Merchandise and pieces of tarpaulin were sent flying through the air, as a dust devil developed at a swap meet in the city of San Diego.  One woman was taken to the hospital with a leg injury, and several booths were knocked down.",NA,PDC
199707,22,1328,199707,22,1328,2068580,5613932,MASSACHUSETTS,25,1997,July,Dust Devil,Z,16,EASTERN NORFOLK,25016,BOX,22-JUL-97 13:28:00,EST,22-JUL-97 13:28:00,0,0,0,0,NA,NA,NA,NA,NA,NA,NA,NA,NA,NA,NA,NA,NA,NA,NA,NA,NA,NA,NA,NA,NA,NA,NA,NA,"A clear air funnel or dust devil moved directly over the meteorological tower at the Blue Hill Observatory in Milton, MA, with a peak wind gust to 39 mph.",NA,PDC
199707,30,1200,199707,30,1200,2067636,5611208,MARYLAND,24,1997,July,Dust Devil,C,27,HOWARD,24027,LWX,30-JUL-97 12:00:00,EST,30-JUL-97 12:00:00,0,0,0,0,NA,NA,NA,NA,NA,NA,NA,NA,NA,NA,NA,NA,NA,NA,NA,NA,CLARKSVILLE,NA,NA,CLARKSVILLE,NA,NA,NA,NA,"A dust devil developed in an open field near Clarksville during the early afternoon, picking up 5 to 6 tents up to 25 feet in the air.  The tents contained camping duffel bags - the bags held up to 40 pounds of equipment.  One tent was slightly damaged when it was ejected from the dust devil and struck a parked truck.  The tents and equipment were part of the Cycle Across Maryland annual summer tour.",NA,PDC
199704,24,1305,199704,24,1305,2064232,5603775,ARIZONA,4,1997,April,Dust Devil,C,13,MARICOPA,04013,PSR,24-APR-97 13:05:00,MST,24-APR-97 13:05:00,0,0,0,0,NA,NA,NA,NA,NA,NA,NA,NA,NA,NA,NA,NA,NA,NA,NA,NA,GLENDALE,NA,NA,GLENDALE,NA,NA,NA,NA,NA,"A dust devil caused damage to four homes, toppled a block wall, ripped a roof off of a shed, and knocked down a few large trees. The damage occurred near the intersection of Paradise Lane and 53rd Avenue.",PDC
199702,19,1600,199702,19,1601,2059398,5588872,NORTH CAROLINA,37,1997,February,Dust Devil,C,193,WILKES,37193,RNK,19-FEB-97 16:00:00,EST,19-FEB-97 16:01:00,0,0,0,0,10K,NA,NA,NA,NA,NA,NA,NA,NA,NA,NA,NA,NA,NA,NA,NA,MCGRADY,NA,NA,MCGRADY,NA,NA,NA,NA,A dust devil damaged half a chicken house in McGrady during the afternoon hours on the 19th.,NA,PDC
199704,2,1400,199704,2,1415,2061022,5594511,CALIFORNIA,6,1997,April,Dust Devil,C,37,LOS ANGELES,06037,LOX,02-APR-97 14:00:00,PST,02-APR-97 14:15:00,0,0,0,0,NA,NA,NA,NA,NA,NA,NA,NA,NA,NA,NA,NA,NA,NA,NA,NA,LA VERNE,NA,NA,LA VERNE,NA,NA,NA,NA,"Strong northwest winds, gusting up to 65 mph, developed across the valleys of Los Angeles county. Numerouspower outages were caused by falling branches. In Covina, a garage fire occurred when a palm tree frond wasblown into a power line. In Duarte, falling branches caused extensive damage to several automobiles.",A dust devil developed over a mobile home park in La Verne. Two mobile homes had their roofs blown off by the dust devil.,PDC
199704,2,1423,199704,2,1430,2061022,5594512,CALIFORNIA,6,1997,April,Dust Devil,C,37,LOS ANGELES,06037,LOX,02-APR-97 14:23:00,PST,02-APR-97 14:30:00,0,0,0,0,NA,NA,NA,NA,NA,NA,NA,NA,NA,NA,NA,NA,NA,NA,NA,NA,GLENDALE,NA,NA,GLENDALE,NA,NA,NA,NA,"Strong northwest winds, gusting up to 65 mph, developed across the valleys of Los Angeles county. Numerouspower outages were caused by falling branches. In Covina, a garage fire occurred when a palm tree frond wasblown into a power line. In Duarte, falling branches caused extensive damage to several automobiles.",A dust devil developed in the Glendale area. The dust devil blew down a tree onto a automobile.,PDC
199704,1,1600,199704,1,1615,2061022,5594510,CALIFORNIA,6,1997,April,Dust Devil,C,37,LOS ANGELES,06037,LOX,01-APR-97 16:00:00,PST,01-APR-97 16:15:00,0,0,0,0,NA,NA,NA,NA,NA,NA,NA,NA,NA,NA,NA,NA,NA,NA,NA,NA,PALMDALE,NA,NA,PALMDALE,NA,NA,NA,NA,"Strong northwest winds, gusting up to 65 mph, developed across the valleys of Los Angeles county. Numerouspower outages were caused by falling branches. In Covina, a garage fire occurred when a palm tree frond wasblown into a power line. In Duarte, falling branches caused extensive damage to several automobiles.",A dust devil developed in the Palmdale area. Two storage sheds were destroyed by the dust devil.,PDC
199709,13,1300,199709,13,1300,2069225,5618463,TENNESSEE,47,1997,September,Dust Devil,C,149,RUTHERFORD,47149,OHX,13-SEP-97 13:00:00,CST,13-SEP-97 13:00:00,2,0,0,0,1K,NA,NA,NA,NA,NA,NA,NA,NA,NA,NA,NA,NA,NA,NA,NA,LA VERGNE,NA,NA,LA VERGNE,NA,NA,NA,NA,NA,"A dust devil struck the city park. Old Timers Day was being celebrated at the park. The winds blew over 3 tents. A rope attached to a tent struck a woman in the face. A woman vendor fell during the hubbub, and she hurt her knees. These 2 people were taken to a hospital, treated  and then released.",PDC
199805,6,1340,199805,6,1341,2076488,5641063,WISCONSIN,55,1998,May,Dust Devil,C,9,BROWN,55009,GRB,06-MAY-98 13:40:00,CST,06-MAY-98 13:41:00,0,0,0,0,2.3K,NA,NA,NA,NA,NA,NA,NA,NA,NA,NA,NA,NA,NA,NA,NA,GREEN BAY,NA,NA,GREEN BAY,NA,NA,NA,NA,"A strong dust devil hit a garden center in Green Bay, damaging two greenhouses.  The dust devil also threw plant pots and flowers around as it moved across the garden center.  When the whirlwind moved over the employee's lunch room, it sucked the time cards out of the card holder.",NA,PDC
199804,6,1245,199804,6,1245,2075809,5643715,VIRGINIA,51,1998,April,Dust Devil,C,153,PRINCE WILLIAM,51153,LWX,06-APR-98 12:45:00,EST,06-APR-98 12:45:00,0,0,0,0,NA,NA,NA,NA,NA,NA,NA,NA,NA,NA,NA,NA,NA,NA,NA,NA,DALE CITY,NA,NA,DALE CITY,NA,NA,NA,NA,Daytime heating in a relatively unstable surface layer produced a small dust devil.  The swirl tossed a canopy tent eight stories into the air before depositing it in some trees several hundred feet away.  A portable soccer shelter was tossed into a small group of players sitting on stadium bleachers before it was destroyed.  None of the players was hurt.,NA,PDC
199804,25,1000,199804,25,1000,2075814,5643726,WEST VIRGINIA,54,1998,April,Dust Devil,C,71,PENDLETON,54071,LWX,25-APR-98 10:00:00,EST,25-APR-98 10:00:00,0,0,0,0,1K,NA,NA,NA,NA,NA,NA,NA,NA,NA,NA,NA,NA,NA,NA,NA,RIVERTON,NA,NA,RIVERTON,NA,NA,NA,NA,"A swirl of wind, coming down nearby mountains in a clear sky, caused minor damage at a residence in the Seneca Rocks/Riverton section of Pendleton Co.  Damage included a lock box which was picked up, siding pulled out and pushed in again, and under-paneling which was sucked out of the home.  Some of the damage was noted downwind of the residence.",NA,PDC
199808,1,1310,199808,1,1310,1068113,5665400,WISCONSIN,55,1998,August,Dust Devil,C,125,VILAS,55125,GRB,01-AUG-98 13:10:00,CST,01-AUG-98 13:10:00,0,0,0,0,NA,NA,FIRE DEPT/RESCUE SQUAD,NA,NA,NA,NA,NA,NA,NA,NA,NA,NA,NA,NA,NA,ARBOR VITAE,NA,NA,ARBOR VITAE,NA,NA,NA,NA,A large dust devil developed and picked up two lawn chairs and knocked over concrete parking markers.,NA,PDC
199902,20,2025,199902,20,2025,2404656,5688199,HAWAII,15,1999,February,Dust Devil,Z,2,OAHU,15002,HFO,20-FEB-99 20:25:00,HST,20-FEB-99 20:25:00,0,0,0,0,NA,NA,OFFICIAL NWS OBS.,NA,NA,NA,NA,NA,NA,NA,NA,NA,NA,NA,NA,NA,NA,NA,NA,NA,NA,NA,NA,NA,"A house in Nanakuli sustained wind damage from what appeared to be a huge dust devil or vortex of strong winds.  The foundation of the house was lifted off and twisted, while nearby homes were barely touched.  There was a lot of debris in the air.",NA,PDC
199908,11,1430,199908,11,1430,2412519,5718658,VIRGINIA,51,1999,August,Dust Devil,Z,26,ROCKINGHAM / HARRISONBURG,51026,LWX,11-AUG-99 14:30:00,EST,11-AUG-99 14:30:00,0,0,0,0,2K,NA,NEWSPAPER,NA,NA,NA,NA,NA,NA,NA,NA,NA,NA,NA,NA,NA,NA,NA,NA,NA,NA,NA,NA,NA,"A landspout, or dust devil, developed from fair weather clouds around 3:30 PM EDT over the city of Harrisonburg.  It only lasted one minute, but it caused about $2000 in damage to a store on High Street.  The landspout produced very localized winds strong enough to push an employee of the store back inside.  The wind also ripped and buckled the southwest corner of the store's tin roof.  Free standing flowers 20 yards away from the structure were left untouched.  In addition, the wind loosened shingles on a home nearby.","Damage to tin roof on store, loosened shingles on home",PDC
199903,16,1400,199903,16,1400,1502579,5690349,FLORIDA,12,1999,March,Dust Devil,C,55,HIGHLANDS,12055,TBW,16-MAR-99 14:00:00,EST,16-MAR-99 14:00:00,0,0,0,0,12K,0,INSURANCE COMPANY,NA,NA,NA,NA,NA,NA,NA,NA,NA,NA,NA,NA,NA,VENUS,NA,NA,VENUS,NA,NA,NA,NA,NA,A dust-devil caused minor damage to plants and tarps of a nursery along Old State Road 8 in Venus.,PDC
199904,20,1600,199904,20,1600,1503213,5695146,OKLAHOMA,40,1999,April,Dust Devil,C,55,GREER,40055,OUN,20-APR-99 16:00:00,CST,20-APR-99 16:00:00,0,0,0,0,4K,NA,LAW ENFORCEMENT,NA,NA,NA,NA,NA,NA,NA,NA,NA,NA,NA,NA,NA,HESTER,NA,NA,HESTER,NA,NA,NA,NA,NA,Several people watched a dust devil destroy a tent and cause significant damage to a barn roof.,PDC
199908,5,1445,199908,5,1445,2413458,5718882,MARYLAND,24,1999,August,Dust Devil,Z,9,MONTGOMERY,24009,LWX,05-AUG-99 14:45:00,EST,05-AUG-99 14:45:00,0,0,0,0,5K,NA,NEWSPAPER,NA,NA,NA,NA,NA,NA,NA,NA,NA,NA,NA,NA,NA,NA,NA,NA,NA,NA,NA,NA,NA,"A dust devil, or landspout, developed from fair weather clouds around 3:45 PM EDT on a 4 acre homestead outside of Laytonsville.  As it moved across an acre of the property, it broke tree spikes and bent the trees the spikes were supporting.  It also lifted a large outdoor swingset and threw it into an iron fence.  The fence was broken and the swingset sustained moderate damage, resulting in $5000 in losses.","Trees, outdoor playset, and iron fence damaged",PDC
199904,20,1020,199904,20,1020,2406408,5699763,FLORIDA,12,1999,April,Dust Devil,C,15,CHARLOTTE,12015,TBW,20-APR-99 10:20:00,EST,20-APR-99 10:20:00,0,0,0,0,1K,0,EMERGENCY MANAGER,NA,NA,NA,NA,NA,NA,NA,NA,NA,NA,NA,NA,NA,PORT CHARLOTTE,NA,NA,PORT CHARLOTTE,NA,NA,NA,NA,NA,Dust devils caused minor roof shingle damage to a few homes along Peachland Boulevard and Gingold Road in Port Charlotte.,PDC
199904,20,1020,199904,20,1020,2406409,5699764,FLORIDA,12,1999,April,Dust Devil,C,15,CHARLOTTE,12015,TBW,20-APR-99 10:20:00,EST,20-APR-99 10:20:00,0,0,0,0,1K,0,EMERGENCY MANAGER,NA,NA,NA,NA,NA,NA,NA,NA,NA,NA,NA,NA,NA,PUNTA GORDA,NA,NA,PUNTA GORDA,NA,NA,NA,NA,NA,A dust devil caused minor roof shingle damage to a home on Taylor Road near U.S. Highway 41 in Punta Gorda.,PDC
199905,8,1200,199905,8,1200,2406379,5694251,WASHINGTON,53,1999,May,Dust Devil,C,37,KITTITAS,53037,PDT,08-MAY-99 12:00:00,PST,08-MAY-99 12:00:00,0,0,0,0,NA,NA,NEWSPAPER,NA,NA,NA,NA,NA,NA,NA,NA,NA,NA,NA,NA,NA,ELLENSBURG,NA,NA,ELLENSBURG,NA,NA,NA,NA,NA,A dust devil peeled off the roof of a mobile home near Ellensburg.,PDC
199905,15,1515,199905,15,1515,2406380,5694252,WASHINGTON,53,1999,May,Dust Devil,C,21,FRANKLIN,53021,PDT,15-MAY-99 15:15:00,PST,15-MAY-99 15:15:00,0,0,0,0,NA,NA,NEWSPAPER,NA,NA,NA,NA,NA,NA,NA,NA,NA,NA,NA,NA,NA,PASCO,NA,NA,PASCO,NA,NA,NA,NA,NA,A dust devil tore shingles and tarpaper off the roof of the Physician's Medical Center in Pasco.,PDC
199905,5,1630,199905,5,1630,2406028,5699458,HAWAII,15,1999,May,Dust Devil,Z,2,OAHU,15002,HFO,05-MAY-99 16:30:00,HST,05-MAY-99 16:30:00,0,0,0,0,NA,NA,GENERAL PUBLIC,NA,NA,NA,NA,NA,NA,NA,NA,NA,NA,NA,NA,NA,NA,NA,NA,NA,NA,NA,NA,NA,Probable dust devil was reported near Walmart in Kunia.,NA,PDC
200003,6,1330,200003,6,1330,1092620,5136894,VIRGINIA,51,2000,March,Dust Devil,C,9,AMHERST,51009,RNK,06-MAR-00 13:30:00,EST,06-MAR-00 13:30:00,0,0,0,0,3K,NA,NEWSPAPER,NA,NA,NA,NA,NA,NA,NA,NA,NA,NA,NA,NA,NA,AMHERST,NA,NA,AMHERST,NA,NA,NA,NA,A dust devil in Amherst tore part of a tin roof off of a barn. Parts of the roof landed an eighth of a mile away.,NA,PDC
200007,10,1400,200007,10,1400,1100521,5154799,NEVADA,32,2000,July,Dust Devil,C,31,WASHOE,32031,REV,10-JUL-00 14:00:00,PST,10-JUL-00 14:00:00,0,0,0,0,1K,NA,BROADCAST MEDIA,40,NA,NA,NA,NA,NA,NA,NA,NA,NA,NA,NA,NA,RENO,NA,NA,RENO,NA,NA,NA,NA,NA,A dust devil damaged several outdoor booths during a special events celebration.,PDC
200009,7,1430,200009,7,1430,1102931,5156531,NEW MEXICO,35,2000,September,Dust Devil,Z,20,ROOSEVELT,35020,ABQ,07-SEP-00 14:30:00,MST,07-SEP-00 14:30:00,0,0,0,0,5K,NA,LAW ENFORCEMENT,NA,NA,NA,NA,NA,NA,NA,NA,NA,NA,NA,NA,NA,NA,NA,NA,NA,NA,NA,NA,NA,NA,A strong dust devil tore off half the roof from a park pavilion in Portales.,PDC
200104,5,1415,200104,5,1415,1112992,5239868,NEW YORK,36,2001,April,Dust Devil,Z,81,SOUTHEAST SUFFOLK,36081,OKX,05-APR-01 14:15:00,EST,05-APR-01 14:15:00,0,0,0,0,NA,NA,TRAINED SPOTTER,NA,NA,NA,NA,NA,NA,NA,NA,NA,NA,NA,NA,NA,NA,NA,NA,NA,NA,NA,NA,NA,"An unusually strong dust devil formed along the leading edge of a sea breeze front under clear skies.  As the dust devil moved southeast across Brookhaven Calabro Airport in Shirley, it snapped two restraining rope lines and lifted a 2000 pound single-engine Piper Cherokee plane about 25 feet above the ground and tossed it.  It also lifted the aircraft cowling, which landed about 200 yards away.  Witnesses saw a swirling column of dust about 75 feet tall when the damage occurred.",NA,PDS
200104,23,1530,200104,23,1530,1113706,5241840,FLORIDA,12,2001,April,Dust Devil,C,101,PASCO,12101,TBW,23-APR-01 15:30:00,EST,23-APR-01 15:30:00,0,0,0,0,3K,0,NEWSPAPER,NA,NA,NA,NA,NA,NA,NA,NA,NA,NA,NA,4,SW,ZEPHYRHILLS,4,SW,ZEPHYRHILLS,NA,NA,NA,NA,NA,"The public reported, through a reporter from the Tampa Tribune newspaper, that a dust-devil struck and caused minor roof and carport damage to a mobile home on Sweet Pea Lane near County Road 579 (Morris Bridge Road) in Zephyrhills.  Skies were mostly clear and humidity low at the time of the reported dust devil in Zephyrhills.",PDS
200104,20,1400,200104,20,1400,1113707,5241841,FLORIDA,12,2001,April,Dust Devil,C,57,HILLSBOROUGH,12057,TBW,20-APR-01 14:00:00,EST,20-APR-01 14:00:00,0,0,0,0,0,0,NWS EMPLOYEE(OFF DUTY),NA,NA,NA,NA,NA,NA,NA,NA,NA,NA,NA,10,NW,TAMPA,10,NW,TAMPA,NA,NA,NA,NA,NA,"A retired National Weather Service meteorologist reported a dust devil on the 6700 block of Grande Bahama Drive in the Town N' Country area of Tampa.  Skies were mostly sunny with a few fair weather cumulus clouds, low relative humidity and light east-southeast wind at the time of the reported dust devil.",PDS
200104,24,1230,200104,24,1230,1112649,5237282,CALIFORNIA,6,2001,April,Dust Devil,Z,47,C LOS ANGELES,06047,LOX,24-APR-01 12:30:00,PST,24-APR-01 12:30:00,0,0,0,0,NA,NA,NWS EMPLOYEE(OFF DUTY),NA,NA,NA,NA,NA,NA,NA,NA,NA,NA,NA,NA,NA,NA,NA,NA,NA,NA,NA,NA,NA,NA,"A dust devil developed over White Oak Elementary School in the community of Westlake Village. A large canopy was damaged. Also, some minor roof damage was reported.",PDS
200106,9,1030,200106,9,1030,1117663,5255177,PENNSYLVANIA,42,2001,June,Dust Devil,C,89,MONROE,42089,PHI,09-JUN-01 10:30:00,EST,09-JUN-01 10:30:00,1,0,0,0,NA,0,TRAINED SPOTTER,NA,NA,NA,NA,NA,NA,NA,NA,NA,NA,NA,NA,NA,SAYLORSBURG,NA,NA,SAYLORSBURG,NA,NA,NA,NA,A dust devil at the Saylorsburg Flea Market picked up a table and it fell on and injured (hospitalized) one woman.,NA,PDS
200107,15,1710,200107,15,1710,1119823,5258604,NEW MEXICO,35,2001,July,Dust Devil,Z,15,LOWER RIO GRANDE VALLEY,35015,ABQ,15-JUL-01 17:10:00,MST,15-JUL-01 17:10:00,4,0,0,0,NA,NA,GENERAL PUBLIC,NA,NA,NA,NA,NA,NA,NA,NA,NA,NA,NA,NA,NA,NA,NA,NA,NA,NA,NA,NA,NA,NA,Four children received minor injuries when caught in a large dust devil near Magdalena.,PDS
200107,28,1330,200107,28,1330,1119679,5259357,NEW YORK,36,2001,July,Dust Devil,Z,78,NORTHWEST SUFFOLK,36078,OKX,28-JUL-01 13:30:00,EST,28-JUL-01 13:30:00,0,0,0,0,NA,NA,GENERAL PUBLIC,NA,NA,NA,NA,NA,NA,NA,NA,NA,NA,NA,NA,NA,NA,NA,NA,NA,NA,NA,NA,NA,A dust devil was reported in Northport along Route 25A.  About 30 people saw it as it passed over the King Kullen Shopping Center.  High winds picked up and tossed shopping cart shelters and downed signs on the parking lot.  Wind speeds were estimated at 60 mph.,NA,PDS
200107,1,1230,200107,1,1235,1119938,5258643,MICHIGAN,26,2001,July,Dust Devil,C,17,BAY,26017,DTX,01-JUL-01 12:30:00,EST,01-JUL-01 12:35:00,0,0,0,0,NA,NA,EMERGENCY MANAGER,NA,NA,NA,NA,NA,NA,NA,NA,NA,NA,NA,NA,NA,BAY CITY,NA,NA,BAY CITY,NA,NA,NA,NA,NA,Path Length was 1/4 mile. It tossed lawn chairs and downed tents.,PDS
200207,5,1330,200207,5,1335,1149128,5324143,COLORADO,8,2002,July,Dust Devil,C,67,LA PLATA,08067,GJT,05-JUL-02 13:30:00,MST,05-JUL-02 13:35:00,0,0,0,0,NA,NA,TRAINED SPOTTER,NA,NA,NA,NA,NA,NA,NA,NA,NA,NA,NA,19,ESE,DURANGO,19,ESE,DURANGO,NA,NA,NA,NA,A well defined dust devil with a large vertical extent was photographed as it traveled along a recently burned mountain ridge.  The dust devil was quite visible due to the extensive amount of ash which it picked up from the burned forest.  This was the second time in two days that a well defined dust devil was observed in the same general location.,NA,PDS
200203,15,1500,200203,15,1500,1131951,5285776,NORTH CAROLINA,37,2002,March,Dust Devil,C,3,ALEXANDER,37003,GSP,15-MAR-02 15:00:00,EST,15-MAR-02 15:00:00,0,0,0,0,.3K,NA,LAW ENFORCEMENT,NA,NA,NA,NA,NA,NA,NA,NA,NA,NA,NA,NA,NA,TAYLORSVILLE,NA,NA,TAYLORSVILLE,NA,NA,NA,NA,NA,A large dust devil damaged a chicken pen.,PDS
200204,22,1115,200204,22,1115,1132378,5285327,FLORIDA,12,2002,April,Dust Devil,C,115,SARASOTA,12115,TBW,22-APR-02 11:15:00,EST,22-APR-02 11:15:00,0,0,0,0,NA,NA,EMERGENCY MANAGER,NA,NA,NA,NA,NA,NA,NA,NA,NA,NA,NA,NA,NA,CENTRAL PORTION,NA,NA,CENTRAL PORTION,NA,NA,NA,NA,NA,"A small dust devil developed in the vicinity of a prescribed forest burn.  No damage was reported.  The event occurred with clear, dry weather.",PDS
200205,10,1545,200205,10,1545,1134473,5291440,FLORIDA,12,2002,May,Dust Devil,C,57,HILLSBOROUGH,12057,TBW,10-MAY-02 15:45:00,EST,10-MAY-02 15:45:00,0,0,0,0,NA,NA,GENERAL PUBLIC,NA,NA,NA,NA,NA,NA,NA,NA,NA,NA,NA,2,S,RIVERVIEW,2,S,RIVERVIEW,NA,NA,NA,NA,A brief dust devil was reported on a vacant lot 2 miles north of Big Bend Road on federal highway 301.  The swirl was reported to be several thousand feet in height.   No damage was reported.,NA,PDS
200204,30,1400,200204,30,1400,1133795,5292436,VIRGINIA,51,2002,April,Dust Devil,C,83,HALIFAX,51083,RNK,30-APR-02 14:00:00,EST,30-APR-02 14:00:00,0,0,0,0,3K,NA,NEWSPAPER,NA,NA,NA,NA,NA,NA,NA,NA,NA,NA,NA,NA,NA,HALIFAX,NA,NA,HALIFAX,NA,NA,NA,NA,An intense dust devil violently blew around debris and broke out windows in 3 vehicles in an office parking lot.,NA,PDS
200204,5,1115,200204,5,1115,1133918,5293266,NORTH CAROLINA,37,2002,April,Dust Devil,C,3,ALEXANDER,37003,GSP,05-APR-02 11:15:00,EST,05-APR-02 11:15:00,0,0,0,0,5K,NA,LAW ENFORCEMENT,NA,NA,NA,NA,NA,NA,NA,NA,NA,NA,NA,8,S,TAYLORSVILLE,8,S,TAYLORSVILLE,NA,NA,NA,NA,NA,A large dust devil damaged a 30 foot camper and a shed.,PDS
200204,6,1400,200204,6,1400,1133919,5293267,NORTH CAROLINA,37,2002,April,Dust Devil,C,161,RUTHERFORD,37161,GSP,06-APR-02 14:00:00,EST,06-APR-02 14:00:00,0,0,0,0,5K,NA,GENERAL PUBLIC,NA,NA,NA,NA,NA,NA,NA,NA,NA,NA,NA,8,S,FOREST CITY,8,S,FOREST CITY,NA,NA,NA,NA,NA,A large dust devil damaged a home and a separate building. The porch of the house was shifted 4 to 5 inches off its foundation and windows were blown out of the building.,PDS
200208,12,1230,200208,12,1230,1141758,5314845,NEW MEXICO,35,2002,August,Dust Devil,Z,2,NORTHWEST MOUNTAINS INCLUDING JEMEZ / RIO ARRIBA EXCEPT X SE / SANDUVAL EXCEPT SE AND X SW / LOS ALAMOS / NE MCKINLEY / SE SAN JUAN / X NW SANTA FE,35002,ABQ,12-AUG-02 12:30:00,MST,12-AUG-02 12:30:00,1,0,0,0,NA,NA,NEWSPAPER,NA,NA,NA,NA,NA,NA,NA,NA,NA,NA,NA,NA,NA,NA,NA,NA,NA,NA,NA,NA,NA,NA,A strong dust devil reportedly tossed a golf pro and his student about twenty feet at the Los Alamos golf course while pelting them with small debris and several large artifical turf  mats that were picked up in the wind.,PDS
200308,16,1900,200308,16,1900,1161218,5332850,MONTANA,30,2003,August,Dust Devil,C,63,MISSOULA,30063,MSO,16-AUG-03 19:00:00,MST,16-AUG-03 19:00:00,3,0,0,0,NA,NA,PARK/FOREST SERVICE,40,NA,NA,NA,NA,NA,NA,NA,NA,NA,NA,NA,NA,NINE MILE,NA,NA,NINE MILE,NA,NA,NA,NA,"Cool front passed through western Montana during the afternoon and evening hours with gusty west winds behind the front. A dust devil formed over the Nine Mile fire camp with wind speeds estimated at 40 to 50 mph, which blew over a supply tent. Three men in the camp sustained minor injuries. Northwest sustained winds of 15 to 30 mph, with gusts to 36 mph over the Missoula area, fueled the Black Mountain Fire west of Missoula. The fire spread over 4000 acres during the evening hours forcing evacuations of more than 130 homes. Two homes were completely burned and lost on Cedar Creek Road.",NA,PDS
200309,3,1517,200309,3,1518,1162745,5337108,MONTANA,30,2003,September,Dust Devil,C,31,GALLATIN,30031,TFX,03-SEP-03 15:17:00,MST,03-SEP-03 15:18:00,0,0,0,0,3K,NA,TRAINED SPOTTER,NA,NA,NA,NA,NA,NA,NA,NA,NA,NA,NA,6,N,WEST YELLOWSTONE,6,N,WEST YELLOWSTONE,NA,NA,NA,NA,"A dust devil went through the Rathbone Wildfire Base Camp on the 3rd. The dust devil was on the ground for 1 minute, it was 6 feet wide, and traveled one half mile. The dust devil struck a few camping tents and one equipment tent. A few personal items and a laptop computer were damaged. Some of this debris was blown in the air about 3000 feet.",NA,PDS
200302,27,1045,200302,27,1045,1147050,5341357,WASHINGTON,53,2003,February,Dust Devil,C,77,YAKIMA,53077,PDT,27-FEB-03 10:45:00,PST,27-FEB-03 10:45:00,0,0,0,0,1K,NA,NEWSPAPER,NA,NA,NA,NA,NA,NA,NA,NA,NA,NA,NA,NA,NA,SUNNYSIDE,NA,NA,SUNNYSIDE,NA,NA,NA,NA,NA,"A dust devil led to some damage of a winery.  The dust devil lifted a roof off of the walls of the winery, and lifted some of the cinder blocks of the building, sending them to the ground.",PDS
200303,26,1230,200303,26,1233,1148196,5342757,WISCONSIN,55,2003,March,Dust Devil,C,55,JEFFERSON,55055,MKX,26-MAR-03 12:30:00,CST,26-MAR-03 12:33:00,0,0,0,0,NA,NA,NEWSPAPER,NA,NA,NA,NA,NA,NA,NA,NA,NA,NA,NA,NA,NA,FT ATKINSON,NA,NA,FT ATKINSON,NA,NA,NA,NA,"A dust devil formed in the city of Fort Atkinson and grew to a height of about 40 to 50 feet. It tore a decorative thermometer off a tree, overturned a lawn ornament, lifted garbage can tops to a height of 40 feet, and deposited a layer of dirt and sand across a residental street.",NA,PDS
200304,2,1015,200304,2,1200,1150176,5353731,OREGON,41,2003,April,Dust Devil,C,17,DESCHUTES,41017,PDT,02-APR-03 10:15:00,PST,02-APR-03 12:00:00,0,0,0,0,10K,NA,NEWSPAPER,NA,NA,NA,NA,NA,NA,NA,NA,NA,NA,NA,NA,NA,REDMOND,NA,NA,REDMOND,NA,NA,NA,NA,NA,"A strong dust devil blew a piece of metal roofing into power lines at a local furniture store.  The dust devil tore through Umatilla Park and Sports Complex, destroying five baseball dugouts.  Sagebrush and papers were reported to the height of power poles, and power was locally lost for three hours.",PDS
200305,28,1300,200305,28,1301,1151170,5353978,ALASKA,2,2003,May,Dust Devil,C,222,MIDDLE TANANA VALLEY,02222,AFG,28-MAY-03 13:00:00,AST,28-MAY-03 13:01:00,0,0,0,0,1K,NA,NEWSPAPER,NA,NA,NA,NA,NA,NA,NA,NA,NA,NA,NA,NA,NA,NORTH POLE,NA,NA,NORTH POLE,NA,NA,NA,NA,"A Dust Devil formed in downtown North Pole which damaged a roof of a business office and ripped off the windshield of a motorcycle.  A patio umbrella from a restaurant was hurled 200 to 300 feet in the air.  Damages estimated at $400 for roof repair; $200 for Motorcycle Windshield, and $200 for patio umbrella.",NA,PDS
200305,19,1220,200305,19,1220,1151171,5353979,MAINE,23,2003,May,Dust Devil,C,31,YORK,23031,GYX,19-MAY-03 12:20:00,EST,19-MAY-03 12:20:00,0,0,1,0,NA,NA,BROADCAST MEDIA,NA,NA,NA,NA,NA,NA,NA,NA,NA,NA,NA,NA,NA,EAST LEBANON,NA,NA,EAST LEBANON,NA,NA,NA,NA,Wind from a large dust devil in the town of Lebanon reportedly lifted the roof of a two-story body shop causing it to collapse.  A 51-year-old man was inside the shop at the time and was killed in the incident.,NA,PDS
200304,28,1430,200304,28,1430,1150641,5354106,NEW MEXICO,35,2003,April,Dust Devil,C,49,SANTA FE,35049,ABQ,28-APR-03 14:30:00,MST,28-APR-03 14:30:00,0,0,0,0,20K,NA,BROADCAST MEDIA,NA,NA,NA,NA,NA,NA,NA,NA,NA,NA,NA,NA,NA,EDGEWOOD,NA,NA,EDGEWOOD,NA,NA,NA,NA,NA,A large dust devil swept out of an open field and damaged the roof and side wall of grocery store in Edgewood.,PDS
200307,2,1600,200307,2,1600,1151131,5353903,MONTANA,30,2003,July,Dust Devil,C,63,MISSOULA,30063,MSO,02-JUL-03 16:00:00,MST,02-JUL-03 16:00:00,0,0,0,0,40K,NA,GENERAL PUBLIC,52,NA,NA,NA,NA,NA,NA,NA,NA,NA,NA,NA,NA,MISSOULA,NA,NA,MISSOULA,NA,NA,NA,NA,"Several dust devils formed in Missoula during the late afternoon hours, knocking down road signs and causing local damage at an auto shop. The auto shop had cylinder blocks blown off the building. Portions of the building were torn off and landed on a parked vehicle and two jet skis. The vehicle and jet skis were totaled.",NA,PDS
200306,2,1400,200306,2,1400,1155198,5364015,NEW MEXICO,35,2003,June,Dust Devil,C,61,VALENCIA,35061,ABQ,02-JUN-03 14:00:00,MST,02-JUN-03 14:00:00,0,0,0,0,15K,NA,NEWSPAPER,NA,NA,NA,NA,NA,NA,NA,NA,NA,NA,NA,NA,NA,BELEN,NA,NA,BELEN,NA,NA,NA,NA,NA,A strong dust devil swept away part of the roof and a drive-through carport at a Belen restaurant.,PDS
200305,13,1650,200305,13,1650,1153056,5359292,TEXAS,48,2003,May,Dust Devil,C,381,RANDALL,48381,AMA,13-MAY-03 16:50:00,CST,13-MAY-03 16:50:00,0,0,0,0,25K,NA,BROADCAST MEDIA,NA,NA,NA,NA,NA,NA,NA,NA,NA,NA,NA,NA,NA,CANYON,NA,NA,CANYON,NA,NA,NA,NA,A dust devil in Canyon did structural damage to Doche Cleaners on 23rd Street in Canyon during the early eveing hours. The dust devil blew off the roof of the local business into an empty eastside parking lot and causing other structural damage to the building. No injuries occurred from this dust devil.,NA,PDS
200305,27,1300,200305,27,1300,1150678,5355350,CALIFORNIA,6,2003,May,Dust Devil,C,71,SAN BERNARDINO,06071,SGX,27-MAY-03 13:00:00,PST,27-MAY-03 13:00:00,0,0,0,0,15K,NA,NEWSPAPER,NA,NA,NA,NA,NA,NA,NA,NA,NA,NA,NA,NA,NA,SUGARLOAF,NA,NA,SUGARLOAF,NA,NA,NA,NA,"Three vehicles were damaged by a dust devil. All three vehicles had the windows blown out. The occupants of one of the vehicle reported an approaching wall of dust,  feeling the wind hit their vehicle, hearing the windows break. One vehicle, a small pickup truck, appeared to have been lifted off the ground and spun around. This vehicle sustained a bent frame, a bent rear axle, and a blown out rear tire. Other nearby witnesses reported hearing a roaring sound like a train. Glass shards from the vehicles windows were found about a 1000 feet from were they were parked.",NA,PDS
200305,8,1400,200305,8,1403,1155373,5366758,COLORADO,8,2003,May,Dust Devil,C,77,MESA,08077,GJT,08-MAY-03 14:00:00,MST,08-MAY-03 14:03:00,0,0,0,0,NA,NA,TRAINED SPOTTER,NA,NA,NA,NA,NA,NA,NA,NA,NA,NA,NA,2,NW,FRUITA,2,NW,FRUITA,NA,NA,NA,NA,A large dust devil developed and remained over open country.  The diameter on the ground was estimated to be 1/4 mile.,NA,PDS
200307,4,1438,200307,4,1438,1158188,5375656,MONTANA,30,2003,July,Dust Devil,C,111,YELLOWSTONE,30111,BYZ,04-JUL-03 14:38:00,MST,04-JUL-03 14:38:00,0,0,0,0,NA,NA,LAW ENFORCEMENT,60,NA,NA,NA,NA,NA,NA,NA,NA,NA,NA,NA,NA,BILLINGS HGTS,NA,NA,BILLINGS HGTS,NA,NA,NA,NA,NA,Dust Devil picked up tethered portable inflatable slide and  injured 4 people who required hospitalization.,PDS
200405,1,1145,200405,1,1145,1167685,5391350,IOWA,19,2004,May,Dust Devil,C,153,POLK,19153,DMX,01-MAY-04 11:45:00,CST,01-MAY-04 11:45:00,5,0,0,0,NA,NA,TRAINED SPOTTER,NA,NA,NA,NA,NA,NA,NA,NA,NA,NA,NA,NA,NA,DES MOINES,NA,NA,DES MOINES,NA,NA,NA,NA,"Very cold air aloft moved in over Iowa under a closed low pressure system aloft.  With strong heating and steep lapse rates, the atmosphere became very unstable.  A strong dust devil formed in Des Moines at a softball field and injured 5 small girls there.  One of the girls, each 5 to 6 years old, was actually picked p off the ground.  She was treated for a fractured ankle.  Later in the afternoon, convection became stronger.  Small showers developed and there reports of cold air funnels.  A landspout touched down in Hancock County north of Hayfield.  The landspout tracked southeast for about 3 miles before dissipating.  It tracked through open fields and did not cause any damage.",NA,PDS
200404,26,1300,200404,26,1300,1168470,5392671,CALIFORNIA,6,2004,April,Dust Devil,C,83,SANTA BARBARA,06083,LOX,26-APR-04 13:00:00,PST,26-APR-04 13:00:00,0,0,0,0,NA,NA,NEWSPAPER,NA,NA,NA,NA,NA,NA,NA,NA,NA,NA,NA,NA,NA,ORCUTT,NA,NA,ORCUTT,NA,NA,NA,NA,NA,A strong dust devil developed in the community of Orcutt. The dust devil peeled the shingles off of the roof of a house and also destroyed a storage shed.,PDS
200405,26,1400,200405,26,1401,1171676,5403433,COLORADO,8,2004,May,Dust Devil,C,83,MONTEZUMA,08083,GJT,26-MAY-04 14:00:00,MST,26-MAY-04 14:01:00,0,0,0,0,3K,NA,TRAINED SPOTTER,NA,NA,NA,NA,NA,NA,NA,NA,NA,NA,NA,11,NW,CORTEZ,11,NW,CORTEZ,NA,NA,NA,NA,"A large dust devil tore off a 100 foot long barn roof. Additionally, the barn had been secured to the ground by anchors embedded about three feet deep.  Three of the anchors were pulled out when the barn was lifted by the force of the wind.",NA,PDS
200406,28,1415,200406,28,1415,1174157,5408192,NEW JERSEY,34,2004,June,Dust Devil,C,19,HUNTERDON,34019,PHI,28-JUN-04 14:15:00,EST,28-JUN-04 14:15:00,0,0,0,0,0,NA,AIRPLANE PILOT,NA,NA,NA,NA,NA,NA,NA,NA,NA,NA,NA,5,NW,THREE BRIDGES,5,NW,THREE BRIDGES,NA,NA,NA,NA,A dust devil was spotted by a pilot as it moved across a field in Readington Township. There was no property damage.,NA,PDS
200407,5,1335,200407,5,1336,1175606,5412574,SOUTH DAKOTA,46,2004,July,Dust Devil,C,93,MEADE,46093,UNR,05-JUL-04 13:35:00,MST,05-JUL-04 13:36:00,0,0,0,0,3.5K,0,TRAINED SPOTTER,NA,NA,NA,NA,NA,NA,NA,NA,NA,NA,NA,3,SE,HEREFORD,3,SE,HEREFORD,NA,NA,NA,NA,"A cold air funnel briefly touched the ground in the parking lot of the Hereford store. There was window and door damage to the store, along with the destruction of a picnic table. A vehicle in the parking lot was lifted about a foot off the ground but was not damaged.",NA,PDS
200409,5,1335,200409,5,1335,1180432,5422707,CALIFORNIA,6,2004,September,Dust Devil,C,73,SAN DIEGO,06073,SGX,05-SEP-04 13:35:00,PST,05-SEP-04 13:35:00,0,0,0,0,.1K,NA,TRAINED SPOTTER,NA,NA,NA,NA,NA,NA,NA,NA,NA,NA,NA,NA,NA,VISTA,NA,NA,VISTA,NA,NA,NA,NA,NA,A strong dust devil ripped a sign off a fence and threw it 40 feet away over a house. Other debris was seen flying through the air around the dust devil.,PDS
200408,15,1400,200408,15,1400,1178288,5417908,WISCONSIN,55,2004,August,Dust Devil,C,133,WAUKESHA,55133,MKX,15-AUG-04 14:00:00,CST,15-AUG-04 14:00:00,0,0,0,0,.2K,NA,NEWSPAPER,NA,NA,NA,NA,NA,NA,NA,NA,NA,NA,NA,NA,NA,WAUKESHA,NA,NA,WAUKESHA,NA,NA,NA,NA,"A dust devil affected a public pool in the City of Waukesha while traveling for about 100 yards.  It ripped up some volleyball nets and blew umbrellas off tables.  It ingested water from the pool and had dust and leaves embedded in its circulation that extended up to about 100 feet above the ground surface.  The afternoon maximum temperature at the Waukeshsa airport was only 73, with maximum readings in southeast Wisconsin in the 75 to 80 degrees range.  Only 4 days earlier, a very cold airmass settled over southern Wisconsin.  Maximum temperatures on August 11th were only 59 at Madsion (old record for low maximum was 64 set in 1913), and 60 at Milwaukee (old record for low maximum was 63 set in 1988).  Other locations in southern Wisconsin topped out in the 56 to 63 range.",NA,PDS
200407,23,1242,200407,23,1249,1177218,5416898,COLORADO,8,2004,July,Dust Devil,C,77,MESA,08077,GJT,23-JUL-04 12:42:00,MST,23-JUL-04 12:49:00,0,0,0,0,NA,NA,NWS EMPLOYEE(OFF DUTY),NA,NA,NA,NA,NA,NA,NA,NA,NA,NA,NA,NA,NA,GRAND JCT,NA,NA,GRAND JCT,NA,NA,NA,NA,A very large dust devil was observed near River Road.  It was estimated that the vertical height of the dust devil was at least several hundred feet.,NA,PDS
200409,1,1355,200409,2,1405,1180411,5423780,COLORADO,8,2004,September,Dust Devil,C,33,DOLORES,08033,GJT,01-SEP-04 13:55:00,MST,02-SEP-04 14:05:00,0,0,0,0,2K,NA,NEWSPAPER,NA,NA,NA,NA,NA,NA,NA,NA,NA,NA,NA,2,WNW,DOVE CREEK,2,WNW,DOVE CREEK,NA,NA,NA,NA,"A strong dust devil peeled a large section of corrugated metal roofing off a commercial building, as well as a section of the plywood underlayment.  Packing material and insulation were blown hundreds of yards away from the building, while a 4 foot by 8 foot section of plywood landed on Highway 491.",NA,PDS
200504,14,1705,200504,14,1710,1188208,5442888,SOUTH DAKOTA,46,2005,April,Dust Devil,C,105,PERKINS,46105,UNR,14-APR-05 17:05:00,MST,14-APR-05 17:10:00,0,0,0,0,20K,0,LAW ENFORCEMENT,NA,NA,NA,NA,NA,NA,NA,NA,NA,NA,NA,NA,NA,BISON,NA,NA,BISON,NA,NA,NA,NA,"A dust devil developed on the west side of Bison as a dry cold front passed across the area. As it moved east across town, it blew out windows on several automobiles, damaged a 160 square foot section of roof from a house, and tore shingles off several buildings. The dust devil also pulled a flag pole out of the ground. No one was injured. The dust devil was approximately 20 feet wide and the path length was one and a half miles.",NA,PDS
200504,29,1515,200504,29,1517,1186853,5442921,ALASKA,2,2005,April,Dust Devil,C,121,KENAI PENINSULA,02121,AFC,29-APR-05 15:15:00,AST,29-APR-05 15:17:00,0,0,0,0,1K,NA,GENERAL PUBLIC,NA,NA,NA,NA,NA,NA,NA,NA,NA,NA,NA,2,S,KASILOF,2,S,KASILOF,NA,NA,NA,NA,"A dust devil was observed on the ground for approximately 2 minutes near Tustumena Lodge at mile 111 on the Sterling Highway. The Dust devil crossed the road. It was about twice the height of the surrounding trees, blew down several trees and knocked down a 20 foot sign.",NA,PDS
200504,18,1312,200504,18,1312,1188839,5445915,VIRGINIA,51,2005,April,Dust Devil,C,65,FLUVANNA,51065,AKQ,18-APR-05 13:12:00,EST,18-APR-05 13:12:00,0,0,0,0,5K,NA,GENERAL PUBLIC,NA,NA,NA,NA,NA,NA,NA,NA,NA,NA,NA,NA,NA,KENTS STORE,NA,NA,KENTS STORE,NA,NA,NA,NA,NA,Dust devil damaged barn and fence.,PDS
200506,6,1400,200506,6,1400,1190253,5454280,NEW MEXICO,35,2005,June,Dust Devil,C,49,SANTA FE,35049,ABQ,06-JUN-05 14:00:00,MST,06-JUN-05 14:00:00,0,0,0,0,NA,NA,GENERAL PUBLIC,65,NA,NA,NA,NA,NA,NA,NA,NA,NA,NA,NA,NA,EDGEWOOD,NA,NA,EDGEWOOD,NA,NA,NA,NA,NA,A large dust devil tossed lawn furniture about 200 feet.,PDS
200506,13,1430,200506,13,1430,1192079,5455607,WASHINGTON,53,2005,June,Dust Devil,C,5,BENTON,53005,PDT,13-JUN-05 14:30:00,PST,13-JUN-05 14:30:00,0,0,0,0,1K,NA,GENERAL PUBLIC,NA,NA,NA,NA,NA,NA,NA,NA,NA,NA,NA,NA,NA,RICHLAND,NA,NA,RICHLAND,NA,NA,NA,NA,"Strong winds associated with a dust devil damaged a gazebo, swing, table, and blew down a section of a wooden fence.  Damaged occurred near the intersection of Duportail and the Highway 240 by-pass in Richland.  Thick blowing dust accompanied the dust devil.",NA,PDS
200505,19,1715,200505,19,1725,1189667,5450050,ALASKA,2,2005,May,Dust Devil,C,222,MIDDLE TANANA VALLEY,02222,AFG,19-MAY-05 17:15:00,AST,19-MAY-05 17:25:00,0,0,0,0,.3K,NA,GENERAL PUBLIC,NA,NA,NA,NA,NA,NA,NA,NA,NA,NA,NA,NA,NA,COLLEGE,NA,NA,COLLEGE,NA,NA,NA,NA,A dust devil destroyed a visqueen greenhouse at the University of Alaska's Georgeson Botanical Gardens.,NA,PDS
200505,24,1343,200505,24,1348,1190458,5451698,COLORADO,8,2005,May,Dust Devil,C,29,DELTA,08029,GJT,24-MAY-05 13:43:00,MST,24-MAY-05 13:48:00,0,0,0,0,3K,NA,GENERAL PUBLIC,NA,NA,NA,NA,NA,NA,NA,NA,NA,NA,NA,5,W,HOTCHKISS,5,W,HOTCHKISS,NA,NA,NA,NA,"A strong dust devil struck a nursery, heavily damaging two greenhouses.  The dust devil traveled about one quarter of a mile on the ground, from south-southwest to north-northeast, with the nursery approximately at the halfway point of the dust devil's path.  The dust devil did not strike any other buildings, although it blew around unsecured objects along its path.",NA,PDS
200506,8,1140,200506,8,1145,1193307,5462014,CALIFORNIA,6,2005,June,Dust Devil,C,39,MADERA,06039,HNX,08-JUN-05 11:40:00,PST,08-JUN-05 11:45:00,0,0,0,0,.5K,NA,NEWSPAPER,NA,NA,NA,NA,NA,NA,NA,NA,NA,NA,NA,2,S,MADERA,2,S,MADERA,NA,NA,NA,NA,NA,A large dust devil developed in the Central San Joaquin Valley in the town of Madera on the 8th. Some minor damage to playground equipment was reported with the dust devil wind.,PDS
200506,8,1703,200506,8,1703,1191348,5457314,OHIO,39,2005,June,Dust Devil,C,137,PUTNAM,39137,IWX,08-JUN-05 17:03:00,EST,08-JUN-05 17:03:00,0,0,0,0,NA,NA,BROADCAST MEDIA,NA,NA,NA,NA,NA,NA,NA,NA,NA,NA,NA,3,E,OTTAWA,3,E,OTTAWA,NA,NA,NA,NA,NA,"Pictures and eyewitness reports confirmed a large dust devil developed on a clear and sunny day. This dust devil extended over 100 feet into the air as was easily visible. Local law enforceent officials did track the feature, with no damage being reported.",PDS
200604,23,1130,200604,23,1133,1209096,5503039,COLORADO,8,2006,April,Dust Devil,C,77,MESA,08077,GJT,23-APR-06 11:30:00,MST,23-APR-06 11:33:00,0,0,0,0,2K,NA,TRAINED SPOTTER,NA,NA,NA,NA,NA,NA,NA,NA,NA,NA,NA,NA,NA,PALISADE,NA,NA,PALISADE,NA,NA,NA,NA,"A dust devil ripped through a rural neighborhood, destroying a chicken coop and tearing the roof off of a nearby shed.",NA,PDS
200606,16,1340,200606,16,1340,1213239,5513779,ALABAMA,1,2006,June,Dust Devil,C,103,MORGAN,01103,HUN,16-JUN-06 13:40:00,CST,16-JUN-06 13:40:00,0,0,0,0,NA,NA,BROADCAST MEDIA,NA,NA,NA,NA,NA,NA,NA,NA,NA,NA,NA,2,SE,PRICEVILLE,2,SE,PRICEVILLE,NA,NA,NA,NA,"Afternoon heating produced temperature lapse rates near the earth surface steep enough to generate an intense thermal updraft resulting in a strong dust devil.  Wind speeds can only be estimated, but considering the damage were up to 50 mph.","A dust devil picked up a camper shell, spun it, and dropped it causing it to be damaged.  The wind also peeled back shingles to the plywood of a residential home.",PDS
200605,7,1540,200605,7,1545,1209913,5505318,NORTH DAKOTA,38,2006,May,Dust Devil,C,105,WILLIAMS,38105,BIS,07-MAY-06 15:40:00,CST,07-MAY-06 15:45:00,1,0,0,0,NA,NA,LAW ENFORCEMENT,NA,NA,NA,NA,NA,NA,NA,NA,NA,NA,NA,NA,NA,TRENTON,NA,NA,TRENTON,NA,NA,NA,NA,NA,A dust devil or whirlwind blew through Trenton. A four year old girl was injured as the trampoline she was playing on was lifted about 25 feet into the air. The trampoline landed back on the ground about 60 feet from its original position. The child was found under the trampoline. The child was transported by ambulance to Mercy Hospital in Williston. Detailed reports were provided by the Williams County Sheriff.,PDS
200607,1,1530,200607,1,1530,1216214,5523786,OKLAHOMA,40,2006,July,Dust Devil,C,137,STEPHENS,40137,OUN,01-JUL-06 15:30:00,CST,01-JUL-06 15:30:00,0,0,0,0,15K,NA,NEWSPAPER,NA,NA,NA,NA,NA,NA,NA,NA,NA,NA,NA,NA,NA,DUNCAN,NA,NA,DUNCAN,NA,NA,NA,NA,NA,"An eyewitness observed a dust devil, approximately 50 feet in diameter, rip the roof off of the Oklahoma State University Extension Service Office building at the Stephens County Fairgrounds. The dust devil then moved off a short distance, with the edge affecting a line of parked cars. The witness observed the cars significantly rocking and for a short time thought a few might tip over. However, no cars did turn over.",PDS
200607,24,1500,200607,24,1500,1217381,5522696,ALABAMA,1,2006,July,Dust Devil,C,133,WINSTON,01133,BMX,24-JUL-06 15:00:00,CST,24-JUL-06 15:00:00,0,0,0,0,20K,NA,NEWSPAPER,NA,NA,NA,NA,NA,NA,NA,NA,NA,NA,NA,NA,NA,HALEYVILLE,NA,NA,HALEYVILLE,NA,NA,NA,NA,NA,"An apparent dust devil caused extensive damage to two chicken houses on a farm on Dime Road, north of Haleyville. Witnesses reported seeing metal from the chicken houses, and other debris, circulating and floating in the air and being carried by the wind.  Some of the debris was carried a quarter of a mile away. A power line was also torn from a pole, which resulted in a small fire. There were no thunderstorms in the area at the time.  Time of the event is estimated.",PDS
200608,3,1554,200608,3,1554,1218782,5529969,NEVADA,32,2006,August,Dust Devil,C,1,CHURCHILL,32001,REV,03-AUG-06 15:54:00,PST,03-AUG-06 15:54:00,0,0,0,0,NA,NA,LAW ENFORCEMENT,NA,NA,NA,NA,NA,NA,NA,NA,NA,NA,NA,2,W,OCALA,2,W,OCALA,NA,NA,NA,NA,NA,"Nevada Highway Patrol reported a large dust devil just south of Interstate 80, two miles west of Ocala.  The dust devil was reported to be the diameter of a football field.",PDS
200608,4,1500,200608,4,1500,1219686,5528685,NORTH CAROLINA,37,2006,August,Dust Devil,C,179,UNION,37179,GSP,04-AUG-06 15:00:00,EST,04-AUG-06 15:00:00,0,0,0,0,NA,NA,GENERAL PUBLIC,NA,NA,NA,NA,NA,NA,NA,NA,NA,NA,NA,9,N,MARSHVILLE,9,N,MARSHVILLE,NA,NA,NA,NA,NA,A dust devil tore the roof off a chicken coop on highway 218.,PDS
200707,4,1605,200707,4,1605,9297,52300,ARIZONA,4,2007,July,Dust Devil,C,7,GILA,04007,FGZ,04-JUL-07 16:05:00,MST-7,04-JUL-07 16:05:00,0,0,0,0,0.00K,0.00K,Trained Spotter,NA,NA,NA,NA,NA,NA,NA,NA,NA,NA,NA,13,ENE,(0E4)PAYSON ARPT,13,ENE,(0E4)PAYSON ARPT,34.3219,-111.1399,34.3219,-111.1399,A dust devil in Tonto Village caused damage to a carport.,A dust devil caused structure damage to a carport in Tonto Village.,CSV
200704,8,1511,200704,8,1511,3883,21647,MISSOURI,29,2007,April,Dust Devil,C,31,CAPE GIRARDEAU,29031,PAH,08-APR-07 15:11:00,CST-6,08-APR-07 15:11:00,0,0,0,0,0.00K,0.00K,Newspaper,NA,NA,NA,NA,NA,NA,NA,NA,NA,NA,NA,3,W,JACKSON,3,W,JACKSON,37.38,-89.7246,37.38,-89.7246,"A very rare phenomenon in this part of the country, a dust devil occurred in southeast Missouri.","A dust devil was photographed at the junction of Highways 72 and 34. A number of small objects and debris were carried in the circulation. The dust devil moved from a parking lot across a barn yard, passing over a fence and close to the barn. It then went over a hill and out of sight.",CSV
200704,29,1400,200704,29,1400,5091,29605,GEORGIA,13,2007,April,Dust Devil,C,241,RABUN,13241,GSP,29-APR-07 14:00:00,EST-5,29-APR-07 14:00:00,0,0,0,0,0.00K,0.00K,Public,NA,NA,NA,NA,NA,NA,NA,NA,NA,NA,NA,10.5,SSE,CLAYTON,10.5,SSE,CLAYTON,34.7398,-83.3292,34.7398,-83.3292,A dust devil blew two people from a canoe and flipped another canoe on Lake Tugalo.,NA,CSV
200708,8,1644,200708,8,1644,10177,56554,NORTH CAROLINA,37,2007,August,Dust Devil,C,47,COLUMBUS,37047,ILM,08-AUG-07 16:44:00,EST-5,08-AUG-07 16:44:00,0,0,0,0,NA,NA,Public,NA,NA,NA,NA,NA,NA,NA,NA,NA,NA,NA,5,E,TABOR CITY,5,E,TABOR CITY,34.15,-78.7927,34.15,-78.7927,A strong dust devil formed near the community of Mollie.,A strong dust devil knocked over large dead tree in the community of Mollie. No showers or thunderstorms were in the area.,CSV
200708,4,1530,200708,4,1530,10276,57056,ALABAMA,1,2007,August,Dust Devil,C,73,JEFFERSON,01073,BMX,04-AUG-07 15:30:00,CST-6,04-AUG-07 15:30:00,0,0,0,0,0.00K,0.00K,Trained Spotter,NA,NA,NA,NA,NA,NA,NA,NA,NA,NA,NA,0.09,ENE,IRONDALE,0.09,ENE,IRONDALE,33.5306,-86.7186,33.5306,-86.7186,Isolated severe thunderstorms developed in the heat of the afternoon on several days in early August.,"A dust devil was reported near Eastwood Mall.  It had an estimated height of 250 feet, and lasted several minutes.",CSV
200708,22,1330,200708,22,1330,8667,49666,NORTH CAROLINA,37,2007,August,Dust Devil,C,7,ANSON,37007,RAH,22-AUG-07 13:30:00,EST-5,22-AUG-07 13:30:00,0,0,0,0,0.00K,0.00K,Public,NA,NA,NA,NA,NA,NA,NA,NA,NA,NA,NA,0,N,POLKTON,0,N,POLKTON,35,-80.2,35,-80.2,Differential heating combined with an upper level disturbance aloft resulted in scattered convection across the western piedmont.,A turkey barn sustained roof damage from a dust devil. Insulation was blown 300 to 400 yard from the barn location. Owner commented that there were no clouds in the sky.,CSV
200804,15,1300,200804,15,1300,16789,96634,SOUTH CAROLINA,45,2008,April,Dust Devil,C,45,GREENVILLE,45045,GSP,15-APR-08 13:00:00,EST-5,15-APR-08 13:00:00,0,0,0,0,2.00K,0.00K,Broadcast Media,NA,NA,NA,NA,NA,NA,NA,NA,NA,NA,NA,3,W,GREENVILLE,3,W,GREENVILLE,34.85,-82.4529,34.85,-82.4529,A dust devil produced minor damage in Upstate South Carolina.,"A dust devil affected a residence on Emile St. on the west side of Greenville. Thirty feet of awning on their house and garage was torn off, several shingles were lifted, a dog house was destroyed and other items were thrown about the yard.",CSV
200804,14,1435,200804,14,1435,15083,85883,MICHIGAN,26,2008,April,Dust Devil,C,129,OGEMAW,26129,APX,14-APR-08 14:35:00,EST-5,14-APR-08 14:35:00,0,0,0,0,0.03K,0.00K,Public,NA,NA,NA,NA,NA,NA,NA,NA,NA,NA,NA,0,N,LUPTON,0,N,LUPTON,44.43,-84.02,44.43,-84.02,"A dust devil destroyed a bird feeder, and sucked an inch of water out of a backyard pond.",NA,CSV
200806,18,1620,200806,18,1621,16827,96914,WYOMING,56,2008,June,Dust Devil,C,25,NATRONA,56025,RIW,18-JUN-08 16:20:00,MST-7,18-JUN-08 16:21:00,0,0,1,0,1.00K,0.00K,Law Enforcement,NA,NA,NA,NA,NA,NA,NA,NA,NA,NA,NA,2.02,NNE,CASPER,2.01,WSW,EVANSVILLE,42.8575,-106.3064,42.8601,-106.3073,Thunderstorms firing over the higher terrain of central Wyoming strengthened as they moved into a more unstable and moist environment in Johnson and Natrona counties.,"A 34-year-old woman was killed when a dust devil flipped a small scorer's shed next to a team dugout at a youth ball field complex. The woman apparently sought shelter from the dust devil by positioning herself behind the shed. The shed was flipped one-half revolution, crushing her on the first flip and then rolling off of her. The woman was found about 10 minutes later as teams begin arriving for their evening games. Resuscitation efforts failed and she was declared dead at the scene.",CSV
200806,20,1340,200806,20,1340,20319,121079,ALABAMA,1,2008,June,Dust Devil,C,113,RUSSELL,01113,BMX,20-JUN-08 13:40:00,CST-6,20-JUN-08 13:40:00,0,0,0,0,5.00K,0.00K,Emergency Manager,NA,NA,NA,NA,NA,NA,NA,NA,NA,NA,NA,0.87,W,UCHEE,0.87,W,UCHEE,32.3513,-85.3648,32.3513,-85.3648,Intense afternoon heat led to at least one dust devil.,Portions of a mobile home roof were destroyed by what witnesses described as a large dust devil.  Firefighters arriving on the scene described debris swirling over 100 feet in the air.,CSV
200806,10,1420,200806,10,1420,18026,104816,COLORADO,8,2008,June,Dust Devil,C,101,PUEBLO,08101,PUB,10-JUN-08 14:20:00,MST-7,10-JUN-08 14:20:00,0,0,0,0,10.00K,0.00K,Broadcast Media,NA,NA,NA,NA,NA,NA,NA,NA,NA,NA,NA,2.5,SW,PUEBLO,2.5,SW,PUEBLO,38.234,-104.642,38.234,-104.642,A strong dust devil damaged a church activity center on the south side of Pueblo.  The brick facade and sheet metal came off the building on the west and south sides.,NA,CSV
200804,30,1700,200804,30,1700,16765,96622,OHIO,39,2008,April,Dust Devil,C,155,TRUMBULL,39155,CLE,30-APR-08 17:00:00,EST-5,30-APR-08 17:00:00,0,0,0,0,0.00K,0.00K,Fire Department/Rescue,NA,NA,NA,NA,NA,NA,NA,NA,NA,NA,NA,1.22,W,CHAMPION HGTS,1.22,W,CHAMPION HGTS,41.2768,-80.8731,41.2768,-80.8731,A large dust devil was reported in Trumbull County.,"A large dust devil formed near a ball field at Champion High School.  Witnesses estimated that the dust devil was as least 40 feet tall and on the ground for a couple hundred yards.  The dust devil lifted a baby carriage over twenty feet in the air, threw an equipment bag on to the roof of the schools gymnasium and tossed several sheets of plywood.  No injuries were reported.",CSV
200804,26,1625,200804,26,1625,16021,92340,CALIFORNIA,6,2008,April,Dust Devil,C,71,SAN BERNARDINO,06071,SGX,26-APR-08 16:25:00,PST-8,26-APR-08 16:25:00,14,0,0,0,2.50K,0.00K,Newspaper,NA,NA,NA,NA,NA,NA,NA,NA,NA,NA,NA,0,N,MONTCLAIR,0,N,MONTCLAIR,34.08,-117.78,34.08,-117.78,A strong dust devil resulted in damage and injuries at a church gathering in Montclair.,A strong dust devil caused 14 injuries at a church gathering at Montera Elementary School when several large tents were lofted into the air. Two people were taken to the hospital. Skies were clear at the time with temperatures in the 90s.,CSV
200804,16,1615,200804,16,1615,15237,86697,TEXAS,48,2008,April,Dust Devil,C,219,HOCKLEY,48219,LUB,16-APR-08 16:15:00,CST-6,16-APR-08 16:15:00,0,0,0,0,0.00K,0.00K,Mesonet,NA,NA,NA,NA,NA,NA,NA,NA,NA,NA,NA,4,S,LEVELLAND,4,S,LEVELLAND,33.5221,-102.37,33.5221,-102.37,"Very windy conditions combined with an extremely dry airmass to promote weather favorable for wildfire development over much of the west Texas South Plains during the late afternoon hours on the 16th. ||Southwesterly winds were sustained at speeds between 25 and 35 mph over the region. An anomalous severe wind gust, however, was recorded by the Texas Tech University West Texas mesonet station in Hockley County. Witnesses attributed the gust to a well-developed dust devil that was sighted south of Levelland. ||At least three grassland fires were sparked in an airmass characterized by relative humidities around five percent in Dickens and Garza County. With the exceptionally dry air and strong winds, these fires quickly grew to consume an estimated 4,000 acres. No structures were damaged in the fires. ||The Garza County wildfire was ignited by a welder on a ranch south of Post during the afternoon hours of the 16th. By mid evening the fire had consumed more than 1,500 acres. The fire crossed Farm to Market Road 669, which was closed by local officials between Gail and Post for more than two hours. Oil lines were destroyed east of Farm to Market Road 669. Eight volunteer fire departments from surrounding communities along with air assets from the Texas Forest Service assisted in firefighting efforts. No injuries were reported. ||In addition, two large wildfires burned nearly 2,500 acres in Dickens County. These fires required firefighting operations from multiple agencies. A fire near McAdoo burned an estimated 1,800 acres. No significant damage or injuries were reported. ||All wildfires on the South Plains were contained around sunrise on the 17th, when increasing moisture levels overspread the area in the wake of a passing cold front.",An anomalous severe wind gust was measured by the Texas Tech University West Texas Mesonet station south of Levelland at 16:15 CST on the 16th. Texas Tech meteorologists interviewed witnesses in the area who described observing a well-developed dust devil at the site. The peak wind gust was measured at 58 mph.,CSV
200805,18,1330,200805,18,1330,16804,96721,WYOMING,56,2008,May,Dust Devil,C,37,SWEETWATER,56037,RIW,18-MAY-08 13:30:00,MST-7,18-MAY-08 13:30:00,0,0,0,0,1.00K,0.00K,Newspaper,NA,NA,NA,NA,NA,NA,NA,NA,NA,NA,NA,3.02,NE,RIVIEW,3.02,NE,RIVIEW,41.5531,-109.5117,41.5531,-109.5117,An afternoon dust devil caused damage in a Jamestown neighborhood.,A dust devil tore down parts of two fences in a residential area in Jamestown near Green River. Tin roofing from a barn was wrapped around a power pole as a result of the dust devil.,CSV
200804,23,1350,200804,23,1351,16622,95855,MAINE,23,2008,April,Dust Devil,C,17,OXFORD,23017,GYX,23-APR-08 13:50:00,EST-5,23-APR-08 13:51:00,0,0,0,0,10.00K,0.00K,Newspaper,NA,NA,NA,NA,NA,NA,NA,NA,NA,NA,NA,1.7,NW,PARIS,1.7,NW,PARIS,44.2885,-70.5228,44.2885,-70.5228,"A dust devil lifted a 15 foot by 24 ft post barn and carried it about 200 feet from where it stood previously.  The structure was destroyed on impact.  Damage was estimated at $10,000.",NA,CSV
200805,1,1615,200805,1,1620,15331,87213,MONTANA,30,2008,May,Dust Devil,C,49,LEWIS AND CLARK,30049,TFX,01-MAY-08 16:15:00,MST-7,01-MAY-08 16:20:00,0,0,0,0,1.00K,NA,Public,NA,NA,NA,NA,NA,NA,NA,NA,NA,NA,NA,13,WNW,HELENA,13,WNW,HELENA,46.652,-112.2831,46.652,-112.2831,On a breezy day a dust devil damaged a shed 13 miles west northwest of Helena.,Dust devil blew off roof of shed and blew other objects around.,CSV
200804,3,1330,200804,3,1335,16708,96310,TEXAS,48,2008,April,Dust Devil,C,375,POTTER,48375,AMA,03-APR-08 13:30:00,CST-6,03-APR-08 13:35:00,0,0,0,0,23.00K,0.00K,County Official,NA,NA,NA,NA,NA,NA,NA,NA,NA,NA,NA,6,ENE,AMARILLO,6,ENE,AMARILLO,35.2332,-101.7218,35.2332,-101.7218,A dust devil which developed during the early afternoon hours caused some damage to the Clements Unit in eastern Amarillo. No injuries were reported.,The Clements Prison Unit reported wind damage believed to be as a result of an intense dust devil which blew out windows of several cars in their parking lot. No injuries were reported.,CSV
200806,18,1400,200806,18,1405,16581,95682,ARIZONA,4,2008,June,Dust Devil,C,21,PINAL,04021,PSR,18-JUN-08 14:00:00,MST-7,18-JUN-08 14:05:00,0,0,0,0,5.00K,0.00K,Trained Spotter,NA,NA,NA,NA,NA,NA,NA,NA,NA,NA,NA,3.07,N,FLORENCE,3.07,N,FLORENCE,33.0744,-111.3826,33.0744,-111.3826,A strong dust devil caused minor damage to homes.,Minor damage to homes resulted when a dust devil moved through this community.,CSV
200902,25,1340,200902,25,1345,26214,153445,NEVADA,32,2009,February,Dust Devil,C,510,CARSON CITY (C),32510,REV,25-FEB-09 13:40:00,PST-8,25-FEB-09 13:45:00,0,0,0,0,5.00K,0.00K,Broadcast Media,NA,NA,NA,NA,NA,NA,NA,NA,NA,NA,NA,0,N,CARSON CITY,0,N,CARSON CITY,39.17,-119.78,39.17,-119.78,A low pressure system brought strong winds to the northern Sierra and western Nevada.,A possible dust devil descended the foothills just west of Carson City. Flying debris generated by the dust devil damaged 12 automobiles in the DMV parking lot.,CSV
200907,19,1500,200907,19,1500,32268,190844,MARYLAND,24,2009,July,Dust Devil,C,37,ST. MARY'S,24037,LWX,19-JUL-09 15:00:00,EST-5,19-JUL-09 15:00:00,1,0,0,0,1.00K,0.00K,Public,NA,NA,NA,NA,NA,NA,NA,NA,NA,NA,NA,0.54,E,VALLEY LEE,0.54,E,VALLEY LEE,38.2,-76.51,38.2,-76.51,Strong surface heating due to sunshine combined with localized winds to produce a dust devil.,Patio furniture was damaged and a woman was injured in Valley Lee due to a dust devil.,CSV
200906,24,1400,200906,24,1401,31010,181775,WASHINGTON,53,2009,June,Dust Devil,C,7,CHELAN,53007,OTX,24-JUN-09 14:00:00,PST-8,24-JUN-09 14:01:00,0,0,0,0,NA,0.00K,Newspaper,NA,NA,NA,NA,NA,NA,NA,NA,NA,NA,NA,1.21,NNW,WEST WENATCHEE,1.21,NNW,WEST WENATCHEE,47.4459,-120.3409,47.4459,-120.3409,"What was most likely a dust devil caused damage near McKittrick and Pershing Streets in Wenatchee.  The dust devil ripped the aluminum roof off a porch and scattered pieces of it down the block.  Metal sheeting was also blown into powerlines, knocking out power to around 700 people.  Property damage is unknown for this event.",NA,CSV
200906,2,1410,200906,2,1420,30602,179244,NEVADA,32,2009,June,Dust Devil,C,3,CLARK,32003,VEF,02-JUN-09 14:10:00,PST-8,02-JUN-09 14:20:00,0,0,0,0,75.00K,0.00K,Newspaper,NA,NA,NA,NA,NA,NA,NA,NA,NA,NA,NA,0.65,ENE,EAST LAS VEGAS,0.72,NE,EAST LAS VEGAS,36.1247,-115.06,36.126,-115.0594,A suspected dust devil damaged several mobile homes in East Las Vegas.,A suspected dust devil damaged several mobile homes in the Desert Inn Estates Mobile Home Park.  Debris from one of the homes also damaged a car.,CSV
200905,29,1415,200905,29,1415,28685,168754,NEVADA,32,2009,May,Dust Devil,C,31,WASHOE,32031,REV,29-MAY-09 14:15:00,PST-8,29-MAY-09 14:15:00,0,0,0,0,0.50K,0.00K,Broadcast Media,NA,NA,NA,NA,NA,NA,NA,NA,NA,NA,NA,5,N,RENO,5,N,RENO,39.5924,-119.82,39.5924,-119.82,Strong thunderstorms occurred across the eastern Sierra and far western Nevada.,A dust devil was observed in a field west of Pyramid Highway at Calle de la Plata north of Reno.,CSV
200907,29,1418,200907,29,1422,30123,176354,NEVADA,32,2009,July,Dust Devil,C,3,CLARK,32003,VEF,29-JUL-09 14:18:00,PST-8,29-JUL-09 14:22:00,0,0,0,0,60.00K,0.00K,Broadcast Media,NA,NA,NA,NA,NA,NA,NA,NA,NA,NA,NA,3.31,WSW,PITTMAN,3.28,WSW,PITTMAN,36.0358,-115.0565,36.0375,-115.0566,Strong heating helped fuel a dust devil in Henderson.,A dust devil damaged approximately 12 homes in the Mountain View Mobile Home Park.,CSV
200903,19,1330,200903,19,1330,26524,155178,FLORIDA,12,2009,March,Dust Devil,C,57,HILLSBOROUGH,12057,TBW,19-MAR-09 13:30:00,EST-5,19-MAR-09 13:30:00,0,0,0,0,5.00K,0.00K,NWS Storm Survey,NA,NA,NA,NA,NA,NA,NA,NA,NA,NA,NA,0.55,WSW,GULF CITY,0.55,WSW,GULF CITY,27.6962,-82.438,27.6962,-82.438,"Under warm and dry high pressure, a strong dust devil developed and tore an aluminum overhang off of a mobile home.",An aluminum overhang was torn off of a mobile home in Ruskin. There was flat cumulus and interviews with two eye witnesses both said there was rotation at the ground. It was determined this was a dust devil.,CSV
200907,17,1355,200907,17,1405,29376,178338,NEW MEXICO,35,2009,July,Dust Devil,C,57,TORRANCE,35057,ABQ,17-JUL-09 13:55:00,MST-7,17-JUL-09 14:05:00,0,0,0,0,5.00K,0.00K,Public,NA,NA,NA,NA,NA,NA,NA,NA,NA,NA,NA,2.92,SW,MORIARTY ARPT,2.53,SW,MORIARTY ARPT,34.9456,-106.0297,34.9496,-106.0249,"A back door cold front early on the 17th provided a fresh supply of low level moisture over eastern New Mexico. Southeast low level winds and moderate northwest flow aloft allowed for strong shear, producing long lived and severe thunderstorms.","The strong dust devil produced some damage, including ripping the metal siding off a hay barn, damaging a coral and knocking over a 5th wheel trailer.",CSV
200906,18,1344,200906,18,1347,30802,180856,COLORADO,8,2009,June,Dust Devil,C,77,MESA,08077,GJT,18-JUN-09 13:44:00,MST-7,18-JUN-09 13:47:00,0,0,0,0,0.00K,0.00K,Trained Spotter,NA,NA,NA,NA,NA,NA,NA,NA,NA,NA,NA,2,W,FRUITA,2,W,FRUITA,39.15,-108.7673,39.15,-108.7673,A dust devil produced strong winds just west of Fruita.,A dust devil traveled directly into an anemometer which measured a peak wind gust of 66 mph.  Unsecured items were blown over and tossed about.,CSV
200908,6,1325,200908,6,1335,30472,178504,NEVADA,32,2009,August,Dust Devil,C,3,CLARK,32003,VEF,06-AUG-09 13:25:00,PST-8,06-AUG-09 13:35:00,0,0,0,0,15.00K,0.00K,Public,NA,NA,NA,NA,NA,NA,NA,NA,NA,NA,NA,0.98,SSE,COTTONWOOD LNDG,0.95,SSE,COTTONWOOD LNDG,35.4872,-114.6925,35.4882,-114.6916,An unseasonably strong area of low pressure brought strong southwest winds to the Mojave Desert.,"One mobile home was moved off its foundation, and the roof was blown off another.  Based on the description of the event, a dust devil is suspected.",CSV
200905,11,1350,200905,11,1410,27208,159695,NEVADA,32,2009,May,Dust Devil,C,3,CLARK,32003,VEF,11-MAY-09 13:50:00,PST-8,11-MAY-09 14:10:00,0,0,0,0,60.00K,0.00K,Broadcast Media,NA,NA,NA,NA,NA,NA,NA,NA,NA,NA,NA,0.3,S,BOULDER CITY ARPT,0.73,ESE,BOULDER CITY ARPT,35.9657,-114.87,35.9667,-114.8575,Strong sunshine and temperatures 10-15 degrees above average helped spin up a dust devil which caused damage in Boulder City.,"A strong dust devil moved through the Gingerwood Mobile Home Park on the edge of Boulder City, damaging several mobile homes.",CSV
200904,18,1219,200904,18,1219,27448,161071,NEW YORK,36,2009,April,Dust Devil,C,27,DUTCHESS,36027,ALY,18-APR-09 12:19:00,EST-5,18-APR-09 12:19:00,2,0,0,0,0.00K,0.00K,Emergency Manager,NA,NA,NA,NA,NA,NA,NA,NA,NA,NA,NA,2.23,S,ARTHURSBURG,2.23,S,ARTHURSBURG,41.5982,-73.772,41.5982,-73.772,"An apparent dust devil occurred at the Beekman Country Club in East Fishkill, which lifted a golf cart and knocked it over. This injured two men and briefly trapped them as it flipped onto them. They suffered from minor head injuries.||Witnesses and the two golfers reported a funnel cloud and a quick burst of wind at the time of the incident, which was around 1219 LST.||Conditions were otherwise mostly clear at the time of the incident.","An apparent dust devil occurred at the Beekman Country Club in East Fishkill, which lifted a golf cart and knocked it over. This injured two men and briefly trapped them as it flipped onto them. They suffered from minor head injuries.||Witnesses and the two golfers reported a funnel cloud and a quick burst of wind at the time of the incident, which was around 1219 LST.||Conditions were otherwise mostly clear at the time of the incident.",CSV
201005,23,800,201005,23,800,39402,229002,NEVADA,32,2010,May,Dust Devil,C,3,CLARK,32003,VEF,23-MAY-10 08:00:00,PST-8,23-MAY-10 08:00:00,0,0,0,0,50.00K,0.00K,Newspaper,NA,NA,NA,NA,NA,NA,NA,NA,NA,NA,NA,2.48,NNE,MESQUITE,2.63,NNE,MESQUITE,36.8319,-114.0597,36.8333,-114.0569,A dust devil which was particularly unusual because it occurred on a cool morning damaged a plane at the Mesquite Municipal Airport.,A dust devil flipped over a Cessna on the tarmac at Mesquite Municipal Airport.,CSV
201004,11,1300,201004,11,1305,37154,216059,WISCONSIN,55,2010,April,Dust Devil,C,69,LINCOLN,55069,GRB,11-APR-10 13:00:00,CST-6,11-APR-10 13:05:00,0,0,0,0,0.60K,0.00K,Public,NA,NA,NA,NA,NA,NA,NA,NA,NA,NA,NA,3.17,ENE,WISCONSIN DAM,3.17,ENE,WISCONSIN DAM,45.432,-89.687,45.432,-89.6869,Sunshine and light winds lead to the development of a relatively strong dust devil in northern Lincoln County near Gilbert.,"A dust devil formed during the afternoon on a sunny, mild day, and moved through the backyard of a family home. The dust devil picked up a trampoline, threw it 10 feet in the air, and smashed it into the side of a garage. The whirlwind continued through the yard and picked up burning corn stalks and paper from a fire barrel, swirling the debris around. The dust devil crossed a nearby road into a field and dissipated.",CSV
201004,20,1400,201004,20,1401,37361,217301,WISCONSIN,55,2010,April,Dust Devil,C,83,OCONTO,55083,GRB,20-APR-10 14:00:00,CST-6,20-APR-10 14:01:00,0,0,0,0,0.50K,0.00K,Public,NA,NA,NA,NA,NA,NA,NA,NA,NA,NA,NA,2.15,SW,STILES,2.15,SW,STILES,44.8504,-88.0842,44.8504,-88.0842,A dust devil moved along a dock on the southern branch of the Oconto River and did damage to the dock and a nearby pontoon boat.,"At around 3 pm CDT, a dust devil formed near the Machickanee Flowage on the southern branch of the Oconto River near Stiles.  The whirlwind moved onto the water for a brief time, lifting the back of a pontoon boat and sucking the life jackets into the air.  It then lifted several sections of the end of the dock 40 feet into the air, spinning the debris around, finally depositing everything into the water.",CSV
201004,21,1035,201004,21,1050,37580,218665,HAWAII,15,2010,April,Dust Devil,C,3,HONOLULU,15003,HFO,21-APR-10 10:35:00,HST-10,21-APR-10 10:50:00,0,0,0,0,0.00K,0.00K,Emergency Manager,NA,NA,NA,NA,NA,NA,NA,NA,NA,NA,NA,0.4,E,MAKAHA,0.59,E,MAKAHA,21.4708,-158.2139,21.4686,-158.211,"A dust devil momentarily lifted several children off the ground at Makaha Elementary School in West Oahu, causing a few minor injuries.  There were no reports of property damage.  Wind gusts with the dust devil were estimated near 60 mph.",NA,CSV
201009,16,1430,201009,16,1430,43175,251504,LOUISIANA,22,2010,September,Dust Devil,C,41,FRANKLIN,22041,JAN,16-SEP-10 14:30:00,CST-6,16-SEP-10 14:30:00,0,0,0,0,10.00K,0.00K,Newspaper,NA,NA,NA,NA,NA,NA,NA,NA,NA,NA,NA,0,N,WINNSBORO,0,N,WINNSBORO,32.17,-91.73,32.17,-91.73,Under a strong area of high pressure. There was enough instability near the surface with daytime heating to produce a strong dust devil in Franklin Parish in Winnsboro. It blew the metal roof and insulation off of a small storage building and damaged some nearby trees.,A strong dust devil blew the metal roof and insulation off of a small storage building. Some nearby trees were bent to near the point of snapping. It was reported by the Franklin Sun newspaper.,CSV
201007,1,1300,201007,1,1300,40148,233644,OREGON,41,2010,July,Dust Devil,C,31,JEFFERSON,41031,PDT,01-JUL-10 13:00:00,PST-8,01-JUL-10 13:00:00,0,0,0,0,NA,NA,Newspaper,NA,NA,NA,NA,NA,NA,NA,NA,NA,NA,NA,0.93,SSW,MADRAS,0.93,SSW,MADRAS,44.6179,-121.1381,44.6179,-121.1381,"A dust devil occurred at the Rockhound Show at the fairgrounds just south of Madras. Several canopies from vendors were destroyed with tarps in the trees.  Although nobody was injured, a tray of rocks tossed and hit one man.  A 25-lb lead ball that was used as a paperweight was found on top of an awning of a motorhome.  A vehicle was forced into another vehicle.",NA,CSV
201008,12,1259,201008,12,1259,42960,250435,INDIANA,18,2010,August,Dust Devil,C,163,VANDERBURGH,18163,PAH,12-AUG-10 12:59:00,CST-6,12-AUG-10 12:59:00,0,0,0,0,0.00K,0.00K,Trained Spotter,NA,NA,NA,NA,NA,NA,NA,NA,NA,NA,NA,0,N,EVANSVILLE,0,N,EVANSVILLE,37.98,-87.55,37.98,-87.55,A dust devil occurred during a very hot and unstable afternoon with light winds.,A very well-defined dust devil was observed. The dust devil was roughly ten feet wide at the base and about 60 feet tall. It travelled around 80 feet before dissipating.,CSV
201010,6,1120,201010,6,1130,45340,263049,MISSOURI,29,2010,October,Dust Devil,C,133,MISSISSIPPI,29133,PAH,06-OCT-10 11:20:00,CST-6,06-OCT-10 11:30:00,0,0,0,0,0.00K,0.00K,NWS Employee,NA,NA,NA,NA,NA,NA,NA,NA,NA,NA,NA,0,N,CHARLESTON,0,N,WYATT,36.92,-89.33,36.92,-89.22,Dust devils formed over drought-parched fields on a very warm and sunny afternoon with light winds.,An off-duty meteorologist observed three or four dust devils on U.S. Highway 60 between Wyatt and Charleston in Mississippi County. The funnels were visible up to 20 feet above ground level.,CSV
201010,7,1300,201010,7,1308,45341,263050,INDIANA,18,2010,October,Dust Devil,C,51,GIBSON,18051,PAH,07-OCT-10 13:00:00,CST-6,07-OCT-10 13:08:00,0,0,0,0,0.00K,0.00K,Trained Spotter,NA,NA,NA,NA,NA,NA,NA,NA,NA,NA,NA,0,N,FT BRANCH,0,N,FT BRANCH,38.25,-87.58,38.25,-87.58,The dust devils formed over drought-parched fields on a very warm and sunny afternoon with light winds.,"A trained spotter photographed a dust devil passing through farm fields in the Fort Branch area. The dust devil was on the ground for over a mile and grew to 40 feet in diameter at times. Multiple vortices were seen dancing around the main vortex. This was the only confirmed dust devil. However, conditions were ripe for dust devils each afternoon from the 6th to the 8th.",CSV
201011,9,1100,201011,9,1120,45453,263905,HAWAII,15,2010,November,Dust Devil,C,3,HONOLULU,15003,HFO,09-NOV-10 11:00:00,HST-10,09-NOV-10 11:20:00,0,0,0,0,0.00K,0.00K,Broadcast Media,NA,NA,NA,NA,NA,NA,NA,NA,NA,NA,NA,2.26,S,SCHOFIELD BARRACKS,2.68,WNW,HONOULIULI,21.4675,-158.0734,21.3822,-158.0696,"A well-defined dust devil moved through parts of leeward Oahu, between Kapolei and Kunia, and received a great deal of publicity; but it did not lead to any serious property damage or injuries.",NA,CSV
201005,2,1525,201005,2,1530,41973,244780,KANSAS,20,2010,May,Dust Devil,C,67,GRANT,20067,DDC,02-MAY-10 15:25:00,CST-6,02-MAY-10 15:30:00,0,0,0,0,0.00K,0.00K,Trained Spotter,NA,NA,NA,NA,NA,NA,NA,NA,NA,NA,NA,5.31,SSE,STANO STATION,5.31,SSE,STANO STATION,37.5,-101.46,37.5,-101.46,A gustnado underneath very high cloud bases and along the leading edge of strong outflow from a high based shower lasted at least 5 minutes.  There were a few reports that this was a tornado but close examination revealed a gustnado.,A gustnado or dust devil underneath very high cloud bases and along the leading edge of outflow from a high based shower lasted at least 5 minutes. There were a few reports that this was a tornado but close examination revealed a gustnado or dust devil.,CSV
201105,14,1455,201105,14,1505,50184,295292,ARIZONA,4,2011,May,Dust Devil,C,15,MOHAVE,04015,VEF,14-MAY-11 14:55:00,MST-7,14-MAY-11 15:05:00,0,0,0,0,0.50K,0.00K,Newspaper,NA,NA,NA,NA,NA,NA,NA,NA,NA,NA,NA,0.61,NNE,MOHAVE VALLEY,0.72,NNE,MOHAVE VALLEY,34.9386,-114.5878,34.9401,-114.5867,"A dust devil struck a mobile home in Mohave Valley, causing minor damage.",A dust devil damaged an awning on a mobile home.,CSV
201105,13,1400,201105,13,1405,49844,292794,ARIZONA,4,2011,May,Dust Devil,C,13,MARICOPA,04013,PSR,13-MAY-11 14:00:00,MST-7,13-MAY-11 14:05:00,0,0,0,0,2.00K,0.00K,Public,NA,NA,NA,NA,NA,NA,NA,NA,NA,NA,NA,7,W,CAVE CREEK,7,W,CAVE CREEK,33.83,-112.072,33.83,-112.072,A large dust devil moved through the community of Desert Hills in north Phoenix and caused damage to one of the homes in the area.,"At 2 pm on May 13, a huge dust devil passed over a home in Desert Hills, located between Anthem and Cave Creek in north Phoenix. The dust devil tore a number of shingles off of the roof, and flipped a swingset into their barn. According to the homeowner, the dust devil sounded like a freight train running through the house.",CSV
201104,7,1325,201104,7,1325,50872,300479,TEXAS,48,2011,April,Dust Devil,C,189,HALE,48189,LUB,07-APR-11 13:25:00,CST-6,07-APR-11 13:25:00,0,0,0,0,0.00K,0.00K,Mesonet,NA,NA,NA,NA,NA,NA,NA,NA,NA,NA,NA,5,ENE,ABERNATHY,5,ENE,ABERNATHY,33.8577,-101.7695,33.8577,-101.7695,A dust devil resulted in a brief severe wind gust of 59 mph that was recorded by the Texas Tech University West Texas Mesonet site near Abernathy (Hale County) just before 13:25 CST on the 7th.,NA,CSV
201105,18,1632,201105,18,1640,51020,301950,WASHINGTON,53,2011,May,Dust Devil,C,65,STEVENS,53065,OTX,18-MAY-11 16:32:00,PST-8,18-MAY-11 16:40:00,0,0,0,0,3.00K,0.00K,Broadcast Media,NA,NA,NA,NA,NA,NA,NA,NA,NA,NA,NA,1.68,WSW,CLAYTON,1.76,WSW,CLAYTON,47.9894,-117.5826,47.988,-117.5836,"A dust devil was thought to be the cause of minor damage at a resident's house just southwest of Clayton, Washington.  The region was located under a cool upper-level trough with fair cumulus at the time of the event.","A resident located southwest of Clayton, WA sustained minor damage to her trailer when a strong dust devil moved across her property.  The dust devil ripped siding off of both sides of her trailer.  The siding landed in her neighbor���s horse pasture. It also picked up her trampoline and threw it several feet.  There were no injuries.  Damage costs were estimated.",CSV
201104,2,1400,201104,2,1405,48357,301920,ARIZONA,4,2011,April,Dust Devil,C,19,PIMA,04019,TWC,02-APR-11 14:00:00,MST-7,02-APR-11 14:05:00,2,0,0,0,0.00K,0.00K,Broadcast Media,NA,NA,NA,NA,NA,NA,NA,NA,NA,NA,NA,2.73,W,TUCSON,2.73,W,TUCSON,32.2357,-110.9762,32.2357,-110.9762,Strong high pressure and record high temperatures created a very unstable and dry environment resulting in several dust devils.,"Strong daytime heating resulting in record high temperatures and dry conditions created a ripe environment for dust devils. One dust devil formed near Speedway Blvd. and N. 11th Ave. where an annual Children's Festival was in progress. The dust devil quickly moved across the yard lifting a jumping castle several feet into the air with two children inside. The jumping castle then traveled several feet before getting caught in telephone wires and landing in the median of Speedway Blvd. A 9-year-old girl was serious injured in the accident, suffering a broken shoulder, leg, and several fractures to her face. A 10-year-old boy also sustained injuries to the back of his head.",CSV
201105,13,1345,201105,13,1400,51141,303119,ARIZONA,4,2011,May,Dust Devil,C,19,PIMA,04019,TWC,13-MAY-11 13:45:00,MST-7,13-MAY-11 14:00:00,6,0,0,0,1.00K,0.00K,Broadcast Media,NA,NA,NA,NA,NA,NA,NA,NA,NA,NA,NA,2.64,ESE,TUCSON,2.64,ESE,TUCSON,32.2169,-110.8875,32.2169,-110.8875,Strong daytime heating and an unstable atmosphere created prime conditions for dust devils.,"Strong daytime heating and unstable conditions caused several dust devils to form across the region. One dust devil formed at Hoffman Park located at the 4800 block of South Cecilia St. in Tucson. Parents were able to pull their children out of a jumping castle just before the stakes were pulled out of the ground as the jumping castle was lifted several feet into the funnel and tossed into a light pole. The dust devil also picked up several other pieces of debris before dissipating over the concrete street. Six children were injured by flying debris. Five were evaluated at the scene, while one 16-year-old boy was transported to a hospital with minor injuries.",CSV
201103,29,1710,201103,29,1711,50174,295223,WISCONSIN,55,2011,March,Dust Devil,C,25,DANE,55025,MKX,29-MAR-11 17:10:00,CST-6,29-MAR-11 17:11:00,0,0,0,0,0.50K,0.00K,Public,NA,NA,NA,NA,NA,NA,NA,NA,NA,NA,NA,1.65,SSW,MONONA,1.68,E,BLOOMING GROVE,43.0495,-89.3367,43.0485,-89.3367,"High pressure brought light gradient winds with good diurnal heating conditions producing steep low level lapse rates. A local temperature variation between land and nearby Lake Monona created a localized shear zone that led to the formation of a dust devil near Monona...southeast of the city of Madison. The dust devil developed over the Yahara River, traveled south, and came ashore where it picked up a plastic storage shed located near the Four Lake Yacht Club and blew off the roof of the shed.",NA,CSV
201103,24,1600,201103,24,1600,49859,294303,SOUTH CAROLINA,45,2011,March,Dust Devil,C,87,UNION,45087,GSP,24-MAR-11 16:00:00,EST-5,24-MAR-11 16:00:00,0,0,0,0,1.00K,NA,Newspaper,NA,NA,NA,NA,NA,NA,NA,NA,NA,NA,NA,2.66,WNW,ADA,2.66,WNW,ADA,34.59,-81.57,34.59,-81.57,A dust devil damaged some outbuildings on Beattys Bridge Rd.,NA,CSV
201107,6,1130,201107,6,1130,52203,311251,ARIZONA,4,2011,July,Dust Devil,C,7,GILA,04007,PSR,06-JUL-11 11:30:00,MST-7,06-JUL-11 11:30:00,0,0,0,0,25.00K,0.00K,Newspaper,NA,NA,NA,NA,NA,NA,NA,NA,NA,NA,NA,1.22,ENE,LITTLE ACRES,1.22,ENE,LITTLE ACRES,33.4042,-110.8095,33.4042,-110.8095,A large dust devil near Globe collapsed an above ground pool during the late morning hours on July 6th.,"An unusually strong dust devil developed west of the Globe city limits during the late morning hours of July 6th. The dust devil formed in the Central Heights area, a subdivision between Globe and Miami. According to an article in the Copper Country News, the dust devil collapsed an above ground pool. The water from the pool then brought down a concrete and rock retaining wall. The wall collapsed on top of a car, crushing and severely damaging the car.",CSV
201108,20,1300,201108,20,1300,54237,325344,OREGON,41,2011,August,Dust Devil,C,17,DESCHUTES,41017,PDT,20-AUG-11 13:00:00,PST-8,20-AUG-11 13:00:00,0,0,0,0,0.00K,0.00K,Public,NA,NA,NA,NA,NA,NA,NA,NA,NA,NA,NA,0.04,WSW,ELK LAKE,0.14,NE,ELK LAKE,43.9698,-121.7808,43.9715,-121.778,"Clear skies, light winds and intense midday solar heating allowed a dust devil to develop near Hosmer Lake, west of Bend.",The dust devil moved over the lake and turned over 2 boats with passengers.,CSV
201205,25,1640,201205,25,1641,63109,377933,COLORADO,8,2012,May,Dust Devil,C,9,BACA,08009,PUB,25-MAY-12 16:40:00,MST-7,25-MAY-12 16:41:00,0,0,0,0,10.00K,0.00K,Law Enforcement,NA,NA,NA,NA,NA,NA,NA,NA,NA,NA,NA,0.61,N,PRITCHETT,0.97,N,PRITCHETT,37.3788,-102.8604,37.3841,-102.8612,A strong dust devil destroyed a 14 x 60 foot mobile home just north of Pritchett.,NA,CSV
201204,6,1500,201204,6,1502,62749,375212,ARIZONA,4,2012,April,Dust Devil,C,19,PIMA,04019,TWC,06-APR-12 15:00:00,MST-7,06-APR-12 15:02:00,0,0,0,0,1.00K,0.00K,Public,NA,NA,NA,NA,NA,NA,NA,NA,NA,NA,NA,2.46,ENE,TUCSON,2.39,ENE,TUCSON,32.2443,-110.8915,32.2437,-110.8924,A dust devil that formed on a relatively warm and calm day damaged one structure in Tucson.,"A dust devil formed in a church parking lot near Pima and Swan in Tucson.  The dust devil grew and moved over the church, displacing and damaging a number of roof tiles.",CSV
201204,23,1340,201204,23,1350,61573,368379,CALIFORNIA,6,2012,April,Dust Devil,C,71,SAN BERNARDINO,06071,VEF,23-APR-12 13:40:00,PST-8,23-APR-12 13:50:00,0,0,0,0,0.10K,0.00K,ASOS,NA,NA,NA,NA,NA,NA,NA,NA,NA,NA,NA,0.89,WNW,(DAG)BARSTOW/DAGGETT,0.77,NW,(DAG)BARSTOW/DAGGETT,34.8547,-116.7947,34.8578,-116.7897,Several dust devils spun across the western Mojave Desert.  One passed directly over the ASOS at Barstow-Daggett Airport.,"A dust devil passed over the Barstow-Daggett (KDAG) ASOS, generating a peak wind gust of 58 mph.",CSV
201205,7,1237,201205,7,1245,61970,370641,NEVADA,32,2012,May,Dust Devil,C,3,CLARK,32003,VEF,07-MAY-12 12:37:00,PST-8,07-MAY-12 12:45:00,0,0,0,0,40.00K,0.00K,Public,NA,NA,NA,NA,NA,NA,NA,NA,NA,NA,NA,1.95,NNE,SUNRISE MANOR,0.52,ENE,SUNRISE MANOR,36.1976,-115.0628,36.1741,-115.0622,"At least four dust devils developed over the Las Vegas Valley in the afternoon, causing significant damage.","The dust devil tore shingles off the roof of a bank, damaged several cars, removed shingles from several roofs at an apartment complex, knocked down a cinder block wall and a light pole, and damaged several telephone poles.",CSV
201205,7,1525,201205,7,1530,61970,370642,NEVADA,32,2012,May,Dust Devil,C,3,CLARK,32003,VEF,07-MAY-12 15:25:00,PST-8,07-MAY-12 15:30:00,0,0,0,0,10.00K,0.00K,Broadcast Media,NA,NA,NA,NA,NA,NA,NA,NA,NA,NA,NA,0.96,S,PARADISE,1.15,SSE,PARADISE,36.1164,-115.1172,36.1145,-115.1124,"At least four dust devils developed over the Las Vegas Valley in the afternoon, causing significant damage.","The dust devil tore numerous tiles from the roof of a business, damaged a large ceramic fountain and a sign, and collapsed an awning.",CSV
201205,31,1225,201205,31,1235,63536,380481,HAWAII,15,2012,May,Dust Devil,C,9,MAUI,15009,HFO,31-MAY-12 12:25:00,HST-10,31-MAY-12 12:35:00,0,0,0,0,20.00K,0.00K,Newspaper,NA,NA,NA,NA,NA,NA,NA,NA,NA,NA,NA,1.43,S,KIHEI,1.41,S,KIHEI,20.7293,-156.4492,20.7297,-156.4487,A dust devil ripped a corrugated roof off a bus base yard structure in Kihei on the island of Maui.  The airborne 30 x 40-foot roof took down power lines before landing against a nearby home on Paulele Place.  There were no reports of serious injuries.,NA,CSV
201205,7,1530,201205,7,1535,61970,370643,NEVADA,32,2012,May,Dust Devil,C,3,CLARK,32003,VEF,07-MAY-12 15:30:00,PST-8,07-MAY-12 15:35:00,0,0,0,0,50.00K,0.00K,Broadcast Media,NA,NA,NA,NA,NA,NA,NA,NA,NA,NA,NA,0.79,SSE,NORTH LAS VEGAS,1,SSE,NORTH LAS VEGAS,36.1891,-115.1158,36.1862,-115.1147,"At least four dust devils developed over the Las Vegas Valley in the afternoon, causing significant damage.","The dust devil uprooted trees and then struck a retail store, tearing off part of the roof and breaking water lines to the building's sprinkler system. Power was also knocked out to about 2,000 customers.",CSV
201205,16,1205,201205,16,1210,62882,376120,CALIFORNIA,6,2012,May,Dust Devil,C,71,SAN BERNARDINO,06071,VEF,16-MAY-12 12:05:00,PST-8,16-MAY-12 12:10:00,0,0,0,0,50.00K,0.00K,Newspaper,NA,NA,NA,NA,NA,NA,NA,NA,NA,NA,NA,0.69,SW,YUCCA VLY ARPT,0.81,WSW,YUCCA VLY ARPT,34.1239,-116.4095,34.1247,-116.4127,A dust devil caused damage in Yucca Valley.,"A dust devil picked up a tent, throwing it into a power line and shorting out a transformer, knocking out power to 1700 customers.  The partially melted tent then fell onto a car, damaging it.",CSV
201206,29,1320,201206,29,1320,63557,380530,ARKANSAS,5,2012,June,Dust Devil,C,149,YELL,05149,LZK,29-JUN-12 13:20:00,CST-6,29-JUN-12 13:20:00,0,0,0,0,10.00K,0.00K,Fire Department/Rescue,NA,NA,NA,NA,NA,NA,NA,NA,NA,NA,NA,0,N,BELLEVILLE,0,N,BELLEVILLE,35.1,-93.45,35.1,-93.45,"While Arkansas remained in a drought late in June, enough moisture returned to permit the development of very isolated thunderstorms.",A dust devil removed tin from a chicken house and blew insulation well up into the air.,CSV
201206,12,1245,201206,12,1250,63211,378451,COLORADO,8,2012,June,Dust Devil,C,43,FREMONT,08043,PUB,12-JUN-12 12:45:00,MST-7,12-JUN-12 12:50:00,0,0,0,0,3.00K,0.00K,Law Enforcement,NA,NA,NA,NA,NA,NA,NA,NA,NA,NA,NA,2.91,NNW,WILLIAMSBURG,3.04,NNW,WILLIAMSBURG,38.4155,-105.1889,38.4179,-105.1884,"A powerful dust devil moved through the Canon City Head Start property, destroying two 40-foot long carports and damaging another.  There was minor damage to a storage shed and some buses.",NA,CSV
201208,22,1310,201208,22,1310,65795,394265,MISSOURI,29,2012,August,Dust Devil,C,131,MILLER,29131,SGF,22-AUG-12 13:10:00,CST-6,22-AUG-12 13:10:00,0,0,0,0,1.00K,0.00K,Emergency Manager,NA,NA,NA,NA,NA,NA,NA,NA,NA,NA,NA,2.6,NW,TUSCUMBIA,2.6,NW,TUSCUMBIA,38.2568,-92.5035,38.2568,-92.5035,A possible dust devil caused minor damage to chicken houses at a farm. It was a clear day with no convection or thunderstorm activity in the area and strong afternoon heating of the surface.,Emergency manager reported minor damage occurred at a chicken farm off Highway 52 about 3 miles west of Tuscumbia.  Sheet metal was peeled and blown off a chicken house.  No gradient winds were observed at surrounding ASOS or AWOS stations. This may have been caused by a localized dust devil with winds estimated up to 50 mph.,CSV
201206,17,1230,201206,17,1231,65419,391705,INDIANA,18,2012,June,Dust Devil,C,89,LAKE,18089,LOT,17-JUN-12 12:30:00,CST-6,17-JUN-12 12:31:00,2,0,0,0,0.00K,0.00K,Public,NA,NA,NA,NA,NA,NA,NA,NA,NA,NA,NA,1.21,SSE,MAYNARD,1.21,SSE,MAYNARD,41.5335,-87.512,41.5335,-87.512,"There was a dust devil reported in Munster, IN on June 17th. It occurred at The Gate Church at about 130 PM and lasted about a minute. It was a sunny day with light winds. Four or five small vendor tents were picked up and tossed into the air. There were a few minor injuries. One person had a bruise on the arm and another was hit in the head with a tent pole.",A dust devil formed at The Gate Church at 9900 Columbia Avenue in Munster and lasted about a minute.  Four or five small vendor tents were picked up and tossed into the air causing a few minor injuries. One person had a bruise on the arm and another was hit in the head with a tent pole.,CSV
201208,8,1348,201208,8,1353,66272,397462,NEVADA,32,2012,August,Dust Devil,C,3,CLARK,32003,VEF,08-AUG-12 13:48:00,PST-8,08-AUG-12 13:53:00,0,0,0,0,1.00K,0.00K,Public,NA,NA,NA,NA,NA,NA,NA,NA,NA,NA,NA,5.92,N,LAS VEGAS N AIR TERM,5.99,N,LAS VEGAS N AIR TERM,36.3053,-115.1904,36.3064,-115.1914,A dust devil in North Las Vegas damaged a home.,"A dust devil hit a home near Grand Teton and Aliante Parkway, taking 20 to 30 tiles off the roof.",CSV
201207,3,1243,201207,3,1247,63865,382301,NEVADA,32,2012,July,Dust Devil,C,3,CLARK,32003,VEF,03-JUL-12 12:43:00,PST-8,03-JUL-12 12:47:00,0,0,0,0,1.00K,0.00K,Broadcast Media,NA,NA,NA,NA,NA,NA,NA,NA,NA,NA,NA,2.47,N,BRACKEN,2.7,N,BRACKEN,36.1557,-115.1973,36.1589,-115.205,Hot temperatures helped fuel a dust devil in the Las Vegas Valley.,A dust devil destroyed a fireworks stand in front of the Walmart in the 4500 block of West Charleston Blvd. in Las Vegas.,CSV
201207,31,1245,201207,31,1245,64733,387409,ARKANSAS,5,2012,July,Dust Devil,C,119,PULASKI,05119,LZK,31-JUL-12 12:45:00,CST-6,31-JUL-12 12:45:00,0,0,0,0,2.00K,0.00K,Broadcast Media,NA,NA,NA,NA,NA,NA,NA,NA,NA,NA,NA,0.42,SSW,AMBOY,0.42,SSW,AMBOY,34.7941,-92.2819,34.7941,-92.2819,The heat and drought led to many well-developed dust devils in July. One of these damaged a business on the 31st.,A dust devil damaged a business in the Amboy section of North Little Rock. A metal awning was peeled off and part of the metal roof of a building was peeled back.,CSV
201208,12,1320,201208,12,1323,68362,410308,TENNESSEE,47,2012,August,Dust Devil,C,183,WEAKLEY,47183,MEG,12-AUG-12 13:20:00,CST-6,12-AUG-12 13:23:00,0,0,0,0,NA,0.00K,Trained Spotter,NA,NA,NA,NA,NA,NA,NA,NA,NA,NA,NA,2,SE,DRESDEN,2.1,SE,DRESDEN,36.2795,-88.6946,36.2787,-88.693,A dust devil developed in a field in Weakley County and caused some damage near Dresden.,A dust devil began in a bean field and moved northwest to southeast. It tore apart a fiberglass well housing. The dust devil picked up a metal burn barrel and spread the contents several hundred feet into the air. Part of a roof was also torn off. Some of the debris damaged a brand new car.,CSV
201207,1,1438,201207,1,1438,63646,380980,ARKANSAS,5,2012,July,Dust Devil,C,83,LOGAN,05083,LZK,01-JUL-12 14:38:00,CST-6,01-JUL-12 14:38:00,0,0,0,0,75.00K,0.00K,Broadcast Media,NA,NA,NA,NA,NA,NA,NA,NA,NA,NA,NA,0,N,DELAWARE,0,N,DELAWARE,35.28,-93.32,35.28,-93.32,"Unusually hot weather that began in late June continued into the first part of July, thanks to a large area of high pressure aloft. Many high temperatures of 100 degrees or higher were recorded, and a number of daily high temperature records were broken. Although enough moisture returned such that very isolated showers and thunderstorms occurred each day, the rain did little to help the drought. Early in the month, about a third of Arkansas was affected by extreme drought, with severe drought existing in almost all other parts of the state. Pastures dried up, causing many cattle growers to send their livestock to market. Some stock ponds dried up, as well. Some water utilities instituted mandatory water restrictions. The hot, dry weather contributed to the spread of wildfires. At the beginning of the month, the Arkansas Forestry Commission rated fire danger statewide as Extreme, a category which is used very rarely. County judges instituted burn bans for virtually every county in Arkansas. Sales of fireworks for the 4th of July were greatly affected, with some fireworks stands closing before the holiday. Some municipal fireworks shows were cancelled as a result of the dry weather. Dozens of fires broke out each day, but only a relatively small number of these exceeded 100 acres. On the 3rd, Arkansas Governor Mike Beebe authorized the National Guard to use Black Hawk helicopters to assist firefighters by dropping water on the larger fires using 660 gallon Bambi Buckets. On the 4th alone, the Arkansas Forestry Commission fought 43 wildfires which burned 1803 acres. During the first half of the month, many rivers in the state fell to unusually low levels. Twenty stations recorded levels that were in their top ten lowest water levels since the last big agricultural drought in 2000. The U.S. Secretary of Agriculture designated almost all of Arkansas as being in a drought disaster. Tropical moisture began returning to Arkansas about the 6th of July. This brought higher humidities, somewhat of an increase in afternoon showers and thunderstorms, and caused the number of wildfires each day to diminish. On the 17th, the Arkansas Forestry Commission dropped the wildfire danger from Extreme to High. For the month of July, the Forestry Commission fought 430 fires, which consumed 8126 acres. A second heat wave occurred from the 17th through the 20th. During this time, numerous reporting stations rose above 100 degrees. A number of daily high temperatures records were broken, and additional daily records were broken for warmest low temperatures. The highest temperature recorded was 110 at Arkadelphia. Readings of 109 were observed at Russellville, Hot Springs airport, Cabot, and Morrilton. Stations reaching 108 included Little Rock, Mena, Dardanelle, Nimrod Dam, and Oden. Thereafter, temperatures moderated somewhat but still remained above normal. Another heat wave occurred from the 28th through the end of the month. During this period, the highest temperatures recorded were 112 at the Searcy airport, 111 at Little Rock, 110 at Cabot and Silver Hill, and 109 at Little Rock Air Force Base, the Batesville airport, Des Arc, and Evening Shade (forestry station).",A very well-developed dust devil damaged four chicken houses near Delaware. Tin was torn off the roof and sides of the chicken houses. The debris was pulled so high into the air that it flew over trees and ridges. Cattle and horses were frightened and ran.,CSV
201305,8,1215,201305,8,1220,75699,456909,IDAHO,16,2013,May,Dust Devil,C,43,FREMONT,16043,PIH,08-MAY-13 12:15:00,MST-7,08-MAY-13 12:20:00,0,0,0,0,0.00K,0.00K,Emergency Manager,NA,NA,NA,NA,NA,NA,NA,NA,NA,NA,NA,1,E,NEWDALE,1.1,E,NEWDALE,43.88,-111.5799,43.88,-111.5779,The Fremont County emergency manager took several well defined photographs of a dust devil east of Newdale at around 1:15 pm MDT.,The Fremont County emergency manager took several well defined photographs of a dust devil east of Newdale at around 1:15 pm MDT.,CSV
201308,19,1600,201308,19,1630,77669,468565,HAWAII,15,2013,August,Dust Devil,C,9,MAUI,15009,HFO,19-AUG-13 16:00:00,HST-10,19-AUG-13 16:30:00,0,0,0,0,0.00K,0.00K,Newspaper,NA,NA,NA,NA,NA,NA,NA,NA,NA,NA,NA,2.46,SW,PUKALANI,2.86,SW,PUKALANI,20.8082,-156.3801,20.7969,-156.3767,A dust devil enchanted residents of central Maui as it spun west of Kula.  The phenomenon caused no serious property damage or injuries.,NA,CSV
201307,26,1200,201307,26,1300,78426,471851,MONTANA,30,2013,July,Dust Devil,C,53,LINCOLN,30053,MSO,26-JUL-13 12:00:00,MST-7,26-JUL-13 13:00:00,0,0,0,0,2.00K,0.00K,Public,NA,NA,NA,NA,NA,NA,NA,NA,NA,NA,NA,3.07,SW,GATEWAY,2.17,SW,GATEWAY,48.97,-115.22,48.981,-115.208,Temperatures rose well into the 90s across much of western Montana which allowed a strong dust devil to form north of Rexford. A school was damaged as a result.,A member of the public in West Kootenai observed a strong and long-lived dust devil that caused roof damage to the Amish school and cut power momentarily at a warehouse. They said this was the strongest one they had ever experienced there in decades.,CSV
201305,22,1208,201305,22,1213,73106,441500,NEW MEXICO,35,2013,May,Dust Devil,C,28,LOS ALAMOS,35028,ABQ,22-MAY-13 12:08:00,MST-7,22-MAY-13 12:13:00,0,0,0,0,30.00K,0.00K,Emergency Manager,NA,NA,NA,NA,NA,NA,NA,NA,NA,NA,NA,1.7,ENE,LOS ALAMOS,1.71,NNW,(LAM)LOS ALAMOS AIRPORT,35.9025,-106.2838,35.9033,-106.2802,"Warm, dry, and unstable conditions with a very weak layer of mid-level moisture produced a destructive dust devil over Los Alamos.  This dust devil produced damage to Barranca Elementary school.",Roof of gymnasium torn off and dropped onto library and playground area at Barranca Mesa Elementary School.,CSV
201306,19,1015,201306,19,1020,76732,463101,CALIFORNIA,6,2013,June,Dust Devil,C,89,SHASTA,06089,STO,19-JUN-13 10:15:00,PST-8,19-JUN-13 10:20:00,0,0,0,0,NA,0.00K,Broadcast Media,NA,NA,NA,NA,NA,NA,NA,NA,NA,NA,NA,1.84,SSE,BUCKEYE,1.84,SSE,BUCKEYE,40.6251,-122.3874,40.6251,-122.3874,"A formation of a dust devil caused damaged to a building in Redding, CA while California was under westerly flow aloft and winds were converging near the surface in the Northern Sacramento Valley. No injuries were reported.","An EF0 dust devil damaged the metal roof of a commercial building. The non-thunderstorm wind damage lasted a duration of approximately 5 minutes, at around 11:15-11:20 AM PDT on June, 19th. The damage included metal and wood roofing that was peeled backward, with some of the roofing landing on the adjacent ground.",CSV
201303,6,942,201303,6,948,71486,429845,NEVADA,32,2013,March,Dust Devil,C,9,ESMERALDA,32009,VEF,06-MAR-13 09:42:00,PST-8,06-MAR-13 09:48:00,0,0,0,0,5.00K,0.00K,Trained Spotter,NA,NA,NA,NA,NA,NA,NA,NA,NA,NA,NA,0.86,SSW,DYER ARPT,0.86,SSE,DYER ARPT,37.6078,-118.0034,37.6085,-117.9941,Strong westerly flow ahead of a storm system brought downslope winds to the Owens Valley and isolated high winds to the southern Great Basin.,A dust devil blew over two small travel trailers and damaged a solar panel.,CSV
201305,9,1700,201305,9,1730,73129,441557,NEW MEXICO,35,2013,May,Dust Devil,C,57,TORRANCE,35057,ABQ,09-MAY-13 17:00:00,MST-7,09-MAY-13 17:30:00,0,0,0,0,0.00K,0.00K,Broadcast Media,NA,NA,NA,NA,NA,NA,NA,NA,NA,NA,NA,3.87,SSW,MORIARTY ARPT,6.82,NNE,MORIARTY,34.9255,-106.0153,35.0829,-105.9844,"A warm, dry, and unstable airmass combined with a weak mid level moist layer produced a well defined and large dust devil or landspout tornado hybrid over the Estancia Valley.  Numerous pictures were obtained of this feature which garnered signature local media coverage.",A large dust devil or landspout tornado tore through open rangeland from near Estancia to Moriarty producing significant local media attention.  No damage was reported.,CSV
201305,27,1430,201305,27,1430,74168,448541,ARIZONA,4,2013,May,Dust Devil,C,19,PIMA,04019,TWC,27-MAY-13 14:30:00,MST-7,27-MAY-13 14:30:00,0,0,0,0,0.50K,0.00K,NWS Employee,NA,NA,NA,NA,NA,NA,NA,NA,NA,NA,NA,3.59,S,SABINO,3.57,S,SABINO,32.2481,-110.8205,32.2483,-110.8198,Hot temperatures and light surface winds were conducive to dust devil development.,"A nearly translucent, but powerful dust devil damaged the roof to one home on Tucson's east side.",CSV
201305,31,1305,201305,31,1315,74171,448556,ARIZONA,4,2013,May,Dust Devil,C,19,PIMA,04019,TWC,31-MAY-13 13:05:00,MST-7,31-MAY-13 13:15:00,0,0,0,0,2.00K,0.00K,Broadcast Media,NA,NA,NA,NA,NA,NA,NA,NA,NA,NA,NA,4.64,SW,CONTINENTAL,4.68,SW,CONTINENTAL,31.7983,-111.0305,31.7968,-111.0294,Hot temperatures and light surface winds were conducive to dust devil development.,A powerful dust devil removed several dozen roof tiles from two homes in Green Valley. Wind speeds were estimated at 65 mph.  A stove vent was also blown off one roof.,CSV
201309,14,1700,201309,14,1700,78693,473051,VIRGINIA,51,2013,September,Dust Devil,C,89,HENRY,51089,RNK,14-SEP-13 17:00:00,EST-5,14-SEP-13 17:00:00,6,0,0,0,1.00K,0.00K,Trained Spotter,NA,NA,NA,NA,NA,NA,NA,NA,NA,NA,NA,1.23,SW,BASSETT,1.23,SW,BASSETT,36.7599,-79.9983,36.7599,-79.9983,"Dry Canadian high pressure, centered over western Ohio to start the day, made its way across the mid Atlantic, resulting in clear skies, very light northeasterly winds and afternoon temperatures roughly 5 to 8 degrees below normal for mid-September for much of the region.  The dust devil is thought to be the result of differential heating at the interface between different surface types.","A dust devil lifted several large, tied-down canopy tents into the air. The canopies then dropped down onto a crowd of people. There were six minor injuries, with one person taken to the hospital.",CSV
201308,17,1315,201308,17,1315,78968,474149,WISCONSIN,55,2013,August,Dust Devil,C,25,DANE,55025,MKX,17-AUG-13 13:15:00,CST-6,17-AUG-13 13:15:00,0,0,0,0,NA,NA,Public,NA,NA,NA,NA,NA,NA,NA,NA,NA,NA,NA,1.38,WSW,MONONA,1.38,WSW,MONONA,43.0659,-89.3468,43.0659,-89.3468,A warm day combined with drought conditions led to the development of Dust Devils.,A dust devil moved from land to the Lake Monona shoreline and tipped over a Pontoon boat and the hoist that it was sitting on. Pier damage also occurred.,CSV
201304,8,1405,201304,8,1415,72691,438715,CALIFORNIA,6,2013,April,Dust Devil,C,65,RIVERSIDE,06065,PSR,08-APR-13 14:05:00,PST-8,08-APR-13 14:15:00,0,0,0,0,5.00K,0.00K,Newspaper,NA,NA,NA,NA,NA,NA,NA,NA,NA,NA,NA,10.26,SW,DURMID,10.26,SW,DURMID,33.308,-115.9313,33.308,-115.9313,"A strong upper level Pacific low pressure system brought strong, gusty and damaging winds to portions of southeast California on April 8th, especially the lower deserts of Imperial county. Gusty southwest to west winds developed during the morning hours, and continued into the early evening, prompting issuance of numerous products, including Wind Advisories, Blowing Dust Advisories, and High Wind Warnings. Peak gusts in excess of 60 mph were seen at times, strong enough to damage area trees and weaker structures such as sheds. The strong gradient winds were not associated with thunderstorms.","A powerful spring storm brought windy conditions to much of eastern Riverside county during the day on April 8th. Wind gusts in excess of 40 mph were common, and led to the issuance of a Wind Advisory which ran from 10 am PDT to 8 pm PDT. According to an on-line article posted on the KESQ.COM website, at 205 pm a dust devil struck the Salton City RV Resort in Salton City California. The dust devil combined with the already strong and gusty winds to produce damage at the RV park. Awnings were down, some siding was ripped off and a water pipe was broken. No injuries were reported.",CSV
201406,28,1555,201406,28,1555,87641,528876,ARIZONA,4,2014,June,Dust Devil,C,19,PIMA,04019,TWC,28-JUN-14 15:55:00,MST-7,28-JUN-14 15:55:00,0,0,0,0,2.00K,0.00K,Trained Spotter,NA,NA,NA,NA,NA,NA,NA,NA,NA,NA,NA,1.81,ENE,VAIL JCT,1.81,ENE,VAIL JCT,32.0356,-110.6898,32.0356,-110.6898,"A dust devil formed in the heat of a warm June day, causing damage to a home in Vail, AZ.","A dust devil blew shingles off a roof and an awning into a neighboring property, damaging the cover of a pickup truck.",CSV
201407,30,1500,201407,30,1700,89176,537358,NEW YORK,36,2014,July,Dust Devil,C,103,SUFFOLK,36103,OKX,30-JUL-14 15:00:00,EST-5,30-JUL-14 17:00:00,0,1,0,1,0.00K,0.00K,Broadcast Media,NA,NA,NA,NA,NA,NA,NA,NA,NA,NA,NA,0,N,CALVERTON,0,N,CALVERTON,40.9,-72.73,40.9,-72.73,A possible Dust Devil was reportedly responsible for one fatality of a Sky Diver in Calverton. The instructor was injured as well.,"Low level instability and convergence along a sea breeze front might have produced a dust devil that resulted in the death of 1 Sky Diver, and injured another.",CSV
201406,6,1240,201406,6,1240,86032,519423,ARIZONA,4,2014,June,Dust Devil,C,25,YAVAPAI,04025,FGZ,06-JUN-14 12:40:00,MST-7,06-JUN-14 12:40:00,0,0,0,0,20.00K,0.00K,Public,NA,NA,NA,NA,NA,NA,NA,NA,NA,NA,NA,0.92,NNE,WHIPPLE,1.46,ESE,WHIPPLE,34.563,-112.4463,34.5438,-112.4254,"A very strong dust devil hit a shopping center on the edge of Prescott and caused damage to the building, merchandise, and customer vehicles.","A very strong dust devil went through the Pioneer Village Shopping Center near the the intersection of Highway 89 and 69 in Prescott.  The strong winds blew out windows in a building, tossed free standing sheds (for sale) around, damaged cars, and threw shopping carts around.",CSV
201409,15,1556,201409,15,1603,89107,536920,NEW MEXICO,35,2014,September,Dust Devil,C,1,BERNALILLO,35001,ABQ,15-SEP-14 15:56:00,MST-7,15-SEP-14 16:03:00,0,0,0,0,0.00K,0.00K,Broadcast Media,NA,NA,NA,NA,NA,NA,NA,NA,NA,NA,NA,3.56,SW,(ABQ)ALBUQUERQUE INTL AIRPORT,3.56,SW,(ABQ)ALBUQUERQUE INTL AIRPORT,35.0092,-106.6704,35.0092,-106.6704,"A strong thunderstorm that developed over the Albuquerque International Sunport shifted slowly west into Albuquerque's South Valley late on the 15th.  This storm produced very heavy rainfall, strong winds, and a large dust devil or gustnado within the south valley corridor. Local broadcast media reported downed tree limbs and power lines with power outages for several hours. Residents indicated minor damage to landscaping with grills and other outdoor items tossed around.  However, no significant widespread flooding or major damage was reported.",Large dust devil reported in south valley area.,CSV
201404,30,1400,201404,30,1400,83979,506933,ARIZONA,4,2014,April,Dust Devil,C,13,MARICOPA,04013,PSR,30-APR-14 14:00:00,MST-7,30-APR-14 14:00:00,0,0,0,0,5.00K,0.00K,Broadcast Media,NA,NA,NA,NA,NA,NA,NA,NA,NA,NA,NA,2.99,SSW,CAVE CREEK,2.99,SSW,CAVE CREEK,33.79,-111.97,33.79,-111.97,"Breezy southwest winds developed across south central Arizona during the afternoon hours on April 30th in association with an area of low pressure which developed across the desert southwest. In addition to the breezy conditions, the atmosphere was sunny, dry and unstable. The conditions were favorable for the formation of dust devils. A dust devil developed in Cave Creek during the early afternoon hours, and the associated strong winds damaged the roof of a local nursery. No injuries were reported due to the roof damage.","During the early afternoon hours on April 30th, a strong dust devil developed approximately 3 miles south of Cave Creek. As reported by local broadcast media, KTVK Channel 3 TV,  gusty winds estimated to be in excess of 45 mph damaged the roof of the Desert Foothills Gardens Nursery. An aluminum roof panel on the top of the roof was lifted and tossed nearly 30 feet by the dust devil. The weight of the panel was estimated to be 600 pounds, and the dimensions were approximately 55 by 35 feet. No injuries were reported.",CSV
201403,12,1430,201403,12,1432,83909,506584,CALIFORNIA,6,2014,March,Dust Devil,C,57,NEVADA,06057,STO,12-MAR-14 14:30:00,PST-8,12-MAR-14 14:32:00,0,0,0,0,NA,NA,Public,NA,NA,NA,NA,NA,NA,NA,NA,NA,NA,NA,1.28,WSW,GRASS VLY ALT SRA AR,1.28,WSW,GRASS VLY ALT SRA AR,39.11,-121.07,39.11,-121.07,"Gusty northerly and easterly winds increased over the Central Valley, Delta, Southern Lake County, and Sierra Nevada and foothills. The event began early Tuesday March 11 and continued for some areas as late as mid-day Wednesday.","A dust devil developed on the property near an old tin roofed barn. As the dust devil encountered the barn, a large section of the tin roof was ripped off and the pieces were thrown several hundred feet into the air. A neighbor reported that one of the pieces was found almost a mile down the road. The individual tin sections were about 6 feet long and 2 feet wide. Approximately 35-40 tin panels were ripped off the barn. The dust devil lasted for around 2 minutes.",CSV
201403,25,1700,201403,25,1700,84322,509072,UTAH,49,2014,March,Dust Devil,C,1,BEAVER,49001,SLC,25-MAR-14 17:00:00,MST-7,25-MAR-14 17:00:00,0,0,0,0,1.00K,0.00K,Utility Company,NA,NA,NA,NA,NA,NA,NA,NA,NA,NA,NA,0,N,MINERSVILLE,0,N,MINERSVILLE,38.22,-112.92,38.22,-112.92,"A storm began impacting Utah on March 25, bringing increasing winds, followed by showers on March 26. Most of these winds, rain showers, and snow showers did not have any significant impacts, but two isolated events in southern Utah reached severe levels.","A trampoline was blown out of a backyard and into some power lines in Minersville. Recorded wind gusts in the area at the time were relatively light, so it is likely that this was caused by a strong dust devil. Time listed is approximate.",CSV
201407,30,1200,201407,30,1200,86802,524167,NEW JERSEY,34,2014,July,Dust Devil,C,29,OCEAN,34029,PHI,30-JUL-14 12:00:00,EST-5,30-JUL-14 12:00:00,0,0,0,0,0.50K,0.00K,Public,NA,NA,NA,NA,NA,NA,NA,NA,NA,NA,NA,0,N,MANAHAWKIN,0,N,MANAHAWKIN,39.7,-74.25,39.7,-74.25,A dust devil occurred in Manahawkin (Ocean County).,A dust devil tossed a trampoline over a fence in Manahawkin.,CSV
201405,16,1538,201405,16,1538,84780,512024,IOWA,19,2014,May,Dust Devil,C,153,POLK,19153,DMX,16-MAY-14 15:38:00,CST-6,16-MAY-14 15:38:00,0,0,0,0,10.00K,0.00K,Trained Spotter,NA,NA,NA,NA,NA,NA,NA,NA,NA,NA,NA,1.42,SSE,SAYDELL,1.42,SSE,SAYDELL,41.6522,-93.6064,41.6522,-93.6064,"A dust devil touched down producing roof damage at a local greenhouse. Overall conditions in the area were benign with mostly cloudy skies, temperatures in the mid 50s and NNW winds at around 10 to 15 mph throughout the afternoon hours. A weak non-meteorological echo was caught on radar in the area of damage.",Roof damage with broken panels was reported to 3 greenhouses with swirling wind/dirt reported in the area.,CSV
201405,12,1400,201405,12,1430,86571,522323,CALIFORNIA,6,2014,May,Dust Devil,C,59,ORANGE,06059,SGX,12-MAY-14 14:00:00,PST-8,12-MAY-14 14:30:00,0,0,0,0,6.00K,0.00K,Public,NA,NA,NA,NA,NA,NA,NA,NA,NA,NA,NA,2,SSW,FULLERTON,2,SSW,FULLERTON,33.8533,-117.8633,33.8533,-117.8633,"Surface high pressure over the Great Basin brought very strong and gusty northeast to east winds and hot weather from the 12th through the 14th, before the winds finally decreased. The hardest hit areas were the mountains and western foothills of Riverside and San Diego County. The gusty winds downed countless trees, power lines and blew tiles from roofs. The winds also helped to fuel and spread nearly a dozen wildfires in San Diego County alone. The hot weather even spawned a damaging dust devil early on, before the winds really got going.","Public reported a dust devil near Fullerton that came abruptly out of the west carrying large amounts of dust and leaves, and damaged portions of roof shingles on a few homes with estimated wind gusts of 60 mph.",CSV
201406,17,1315,201406,17,1316,87045,525468,COLORADO,8,2014,June,Dust Devil,C,119,TELLER,08119,PUB,17-JUN-14 13:15:00,MST-7,17-JUN-14 13:16:00,0,0,0,0,15.00K,0.00K,Broadcast Media,NA,NA,NA,NA,NA,NA,NA,NA,NA,NA,NA,0.29,NNE,FLORISSANT,0.29,NNE,FLORISSANT,38.9441,-105.2886,38.9441,-105.2886,A powerful dust devil ripped the roof off a feed and ranch supply store and flipped a trailer on its side in Florissant.,EF1 damage was done to the building.,CSV
201505,23,1515,201505,23,1530,94574,568628,WASHINGTON,53,2015,May,Dust Devil,C,63,SPOKANE,53063,OTX,23-MAY-15 15:15:00,PST-8,23-MAY-15 15:30:00,0,0,0,0,0.50K,0.00K,Broadcast Media,NA,NA,NA,NA,NA,NA,NA,NA,NA,NA,NA,1.59,W,GLENROSE,1.59,W,GLENROSE,47.6316,-117.3641,47.6316,-117.3641,A warmer than average Memorial Day weekend coupled with low pressure allowed for the formation of an unusual amount of dust devils.,"Broadcast Media relayed a report of roof damage to the senior center on the South Hill of Spokane, WA.",CSV
201504,6,1500,201504,6,1501,94118,572559,ARIZONA,4,2015,April,Dust Devil,C,19,PIMA,04019,TWC,06-APR-15 15:00:00,MST-7,06-APR-15 15:01:00,0,0,0,0,25.00K,0.00K,Public,NA,NA,NA,NA,NA,NA,NA,NA,NA,NA,NA,1.15,NNE,JAYNES,1.23,NNE,JAYNES,32.3141,-111.0194,32.3151,-111.019,"Low pressure was located over the big bend of Texas with a backdoor cold front impacting southeastern Arizona. East to southeasterly winds at 25-30 mph were common across the region, along with a few storms mainly east of Tucson. An afternoon dust devil in Tucson caused significant roof damage to two homes.","A strong dust devil caused structural damage to 2 homes in northwest Tucson. Part of a roof was torn off of a home and traveled about 100 feet. Some pieces of the roof were over 200 pounds. The entire roof will need to be replaced. Two people narrowly missed being hit by the flying debris, but no injuries occurred. The dust devil then impacted a second home, causing damage to some gutters and to an air conditioning vent. Public report was relayed via a NWS Flagstaff employee.",CSV
201505,28,1400,201505,28,1405,96164,578155,NEVADA,32,2015,May,Dust Devil,C,3,CLARK,32003,VEF,28-MAY-15 14:00:00,PST-8,28-MAY-15 14:05:00,0,0,0,0,2.00K,0.00K,Broadcast Media,NA,NA,NA,NA,NA,NA,NA,NA,NA,NA,NA,1.78,NE,PARADISE,1.81,NE,PARADISE,36.1508,-115.101,36.1507,-115.1002,A dust devil caused damage in east Las Vegas.,A dust devil tore carport awnings off two mobile homes in the Riviera Mobile Home Park.,CSV
201505,7,1445,201505,7,1447,96087,577570,ALABAMA,1,2015,May,Dust Devil,C,89,MADISON,01089,HUN,07-MAY-15 14:45:00,CST-6,07-MAY-15 14:47:00,0,0,0,0,NA,NA,Broadcast Media,NA,NA,NA,NA,NA,NA,NA,NA,NA,NA,NA,0,N,TONEY,0,N,TONEY,34.9,-86.75,34.9,-86.75,"A strong dust devil produced some minor damage in Madison County, Alabama.","Local media reported that a strong dust devil developed near Toney, Alabama, and produced some moderate damage to a small barn. Some of the two by fours that were ten feet long from the small barn were blown over 50 feet and the tin roof from the barn was blown over 300 feet into the air.",CSV
201507,18,1415,201507,18,1417,97115,584034,NEVADA,32,2015,July,Dust Devil,C,7,ELKO,32007,LKN,18-JUL-15 14:15:00,PST-8,18-JUL-15 14:17:00,4,0,0,0,1.00K,0.00K,911 Call Center,NA,NA,NA,NA,NA,NA,NA,NA,NA,NA,NA,0.87,NE,ELKO,0.87,NE,ELKO,40.84,-115.76,40.84,-115.76,A dust devil moved across Warrior Field at Elko High School during the Relay for Life event. Five to seven tents were lifted off the ground. As the tents were lifted off the ground tables inside the tents were turned over resulting in minor injuries to 4 people.,A dust devil moved across Warrior Field at Elko High School during the Relay for Life event. Five to seven tents were lifted off the ground. As the tents were lifted off the ground tables inside the tents were turned over resulting in minor injuries to 4 people.,CSV
201507,12,1426,201507,12,1427,96300,578869,ALASKA,2,2015,July,Dust Devil,C,221,WRN TANANA VLY WRN YUKON VLY,02221,AFG,12-JUL-15 14:26:00,AKST-9,12-JUL-15 14:27:00,0,0,0,0,0.20K,0.00K,Public,NA,NA,NA,NA,NA,NA,NA,NA,NA,NA,NA,0.12,SE,NENANA,0.14,SE,NENANA,64.5487,-149.0771,64.5488,-149.0762,"A dust devil occurred at Nenana Airport the afternoon of the 12th. It lifted a panel weighing 190 pounds with dimensions of 42 inches by 18 inches by 6 inches thick, off of a stack of such panels and flung it into a hangar where it put an 18 inch gash in the hangar wall. Damage amount is estimated.",NA,CSV
201504,29,1315,201504,29,1320,94093,565901,NEVADA,32,2015,April,Dust Devil,C,3,CLARK,32003,VEF,29-APR-15 13:15:00,PST-8,29-APR-15 13:20:00,0,0,0,0,3.00K,0.00K,Trained Spotter,NA,NA,NA,NA,NA,NA,NA,NA,NA,NA,NA,6.03,NW,MOAPA,6.06,NW,MOAPA,36.7243,-114.7152,36.7251,-114.7152,A dust devil near Moapa caused damage.,"A dust devil lifted a 798 pound, 5000 gallon water tank, carried it over a structure, and dropped it into a mesquite tree about 270 feet north, destroying both the tank and the tree.",CSV
201506,12,1500,201506,12,1515,95307,572660,ALASKA,2,2015,June,Dust Devil,C,220,YUKON FLATS NEARBY UPLANDS,02220,AFG,12-JUN-15 15:00:00,AKST-9,12-JUN-15 15:15:00,0,0,0,0,1.00K,0.00K,Tribal Official,NA,NA,NA,NA,NA,NA,NA,NA,NA,NA,NA,0,N,VENETIE,0.75,WNW,VENETIE,67.02,-146.42,67.0242,-146.4457,"During the afternoon of June 12th, a dust devil developed in Venetie and damaged the roof of one home, throwing debris and estimated 2000 ft in the air, according to a resident. Estimated damage to roofing materials is $1000. Track indicated is a guesstimate.",NA,CSV
201505,11,1400,201505,11,1400,94143,566120,ARIZONA,4,2015,May,Dust Devil,C,27,YUMA,04027,PSR,11-MAY-15 14:00:00,MST-7,11-MAY-15 14:00:00,0,0,0,0,5.00K,0.00K,Public,NA,NA,NA,NA,NA,NA,NA,NA,NA,NA,NA,0.69,N,EL PUEBLECITO,0.69,N,EL PUEBLECITO,32.71,-114.63,32.71,-114.63,"High pressure aloft, hot temperatures and sunny skies combined to produce conditions favorable for dust devils, and a significant dust devil developed in the community of Yuma during the early afternoon on Monday, May 11th. According to reports received by the public and local media, a dust devil damaged both metal carport and patio awning structures as well as the roof of one home located approximately 2 miles southwest of Winterhaven. No injuries were reported due to the strong dust devil.","Strong high pressure affected southwestern Arizona on Monday May 11th, leading to hot afternoon temperatures, sunny skies and locally breezes. All of this created the perfect conditions for dust devils to occur, and one particularly strong dust devil developed and affected the community of Yuma during the early afternoon. According to reports received from the public and local media, at 1440MST a dust devil damaged several metal carport and patio awning structures in the vicinity of 8th Avenue and 9th Street. The structures were reported to be dislodged as well as mangled-up. In addition, one home was reported to have received minor roof damage.",CSV
201507,15,1403,201507,15,1405,96730,582404,NEVADA,32,2015,July,Dust Devil,C,3,CLARK,32003,VEF,15-JUL-15 14:03:00,PST-8,15-JUL-15 14:05:00,0,0,0,0,1.00K,0.00K,Broadcast Media,NA,NA,NA,NA,NA,NA,NA,NA,NA,NA,NA,1.78,NNW,EAST LAS VEGAS,1.75,NNW,EAST LAS VEGAS,36.1429,-115.0846,36.1425,-115.0842,Hot temperatures and mostly clear skies spawned a dust devil in Las Vegas.,A dust devil tore down two awnings at a mobile home park.,CSV
201605,10,1400,201605,10,1403,104582,626404,FLORIDA,12,2016,May,Dust Devil,C,85,MARTIN,12085,MLB,10-MAY-16 14:00:00,EST-5,10-MAY-16 14:03:00,0,0,0,0,0.00K,0.00K,Social Media,NA,NA,NA,NA,NA,NA,NA,NA,NA,NA,NA,0.93,NW,INDIANTOWN,0.93,NW,INDIANTOWN,27.03,-80.48,27.03,-80.48,Several citizens observed a large dust devil in Indiantown.,A large dust devil formed in Indiantown and lasted approximately three minutes. Video of the event was obtained.,CSV
201603,12,1720,201603,12,1722,102899,614939,NEW MEXICO,35,2016,March,Dust Devil,C,9,CURRY,35009,ABQ,12-MAR-16 17:20:00,MST-7,12-MAR-16 17:22:00,0,0,0,0,5.00K,0.00K,Public,NA,NA,NA,NA,NA,NA,NA,NA,NA,NA,NA,2,E,CLOVIS,2,E,CLOVIS,34.41,-103.1649,34.41,-103.1649,"A strong jet stream moving over New Mexico interacted with deepening surface low pressure over the plains to produce widespread windy conditions. The strongest winds impacted areas along the central high terrain and nearby east slopes where gusts near 60 mph were observed. A few virga showers over central New Mexico tossed around light weight objects around Albuquerque. Lots of small branches and twigs were scattered around area streets. Minor damage impacted a commercial retailer along 4th street. An impressive dust devil whirled through a Clovis neighborhood resulting in damage to an RV, porch awnings, and yard furniture.",Photo showed impressive dust devil swirling through a Clovis neighborhood around 520 pm. The dust devil tore up some yards and damaged an RV as it moved east northeast through the area. A porch and yard furniture were damaged.,CSV
201604,11,1320,201604,11,1325,103696,619868,TEXAS,48,2016,April,Dust Devil,C,303,LUBBOCK,48303,LUB,11-APR-16 13:20:00,CST-6,11-APR-16 13:25:00,0,0,0,0,0.00K,0.00K,Broadcast Media,NA,NA,NA,NA,NA,NA,NA,NA,NA,NA,NA,2,S,IDALOU,2,S,IDALOU,33.6411,-101.68,33.6411,-101.68,A large dust devil near Idalou (Lubbock County) was captured on video relayed by broadcast media. The dust devil formed along a surface boundary and remained in open field for the duration.,NA,CSV
201603,3,1328,201603,3,1328,104416,625398,COLORADO,8,2016,March,Dust Devil,C,1,ADAMS,08001,BOU,03-MAR-16 13:28:00,MST-7,03-MAR-16 13:28:00,0,0,0,0,5.00K,0.00K,Emergency Manager,NA,NA,NA,NA,NA,NA,NA,NA,NA,NA,NA,2.96,SSW,THORNTON,2.96,SSW,THORNTON,39.84,-104.97,39.84,-104.97,"Two brief but powerful gustnadoes developed along a convergence line that formed in the suburbs just north and west of Denver.  Three power poles were knocked down.  In addition, a small storage shed was destroyed.",A gustnado knocked down a power pole and destroyed a small storage shed.,CSV
201603,3,1325,201603,3,1325,104416,625399,COLORADO,8,2016,March,Dust Devil,C,59,JEFFERSON,08059,BOU,03-MAR-16 13:25:00,MST-7,03-MAR-16 13:25:00,0,0,0,0,5.00K,0.00K,Law Enforcement,NA,NA,NA,NA,NA,NA,NA,NA,NA,NA,NA,1.74,SE,BROOMFIELD,1.74,SE,BROOMFIELD,39.88,-105.05,39.88,-105.05,"Two brief but powerful gustnadoes developed along a convergence line that formed in the suburbs just north and west of Denver.  Three power poles were knocked down.  In addition, a small storage shed was destroyed.",A gustnado knocked down two power poles.,CSV
201605,26,1235,201605,26,1235,105447,632475,ARIZONA,4,2016,May,Dust Devil,C,25,YAVAPAI,04025,FGZ,26-MAY-16 12:35:00,MST-7,26-MAY-16 12:35:00,0,0,0,0,0.00K,0.00K,Public,NA,NA,NA,NA,NA,NA,NA,NA,NA,NA,NA,3,SE,DEWEY,3,SE,DEWEY,34.4993,-112.1927,34.4993,-112.1927,A dust devil cause damage to a house and property.,A dust devil damaged a dog run and the roof of a house. The large dog run was thrown approximately 60 feet.,CSV
201605,12,1355,201605,12,1355,105291,634433,MAINE,23,2016,May,Dust Devil,C,19,PENOBSCOT,23019,CAR,12-MAY-16 13:55:00,EST-5,12-MAY-16 13:55:00,0,0,0,0,NA,NA,Social Media,NA,NA,NA,NA,NA,NA,NA,NA,NA,NA,NA,0,N,CARROLL,0,N,CARROLL,45.42,-68.03,45.42,-68.03,A strong dust devil with winds estimated around 60 mph tipped a camping trailer on to a pickup truck at a farm near the town of Carroll. The camping trailer was 40 feet long and weighed around 7000 lbs. Other heavy objects were moved around the yard.,A strong dust devil with winds estimated around 60 mph tipped a camping trailer on to a pickup truck at a farm near the town of Carroll. The camping trailer was 40 feet long and weighed around 7000 lbs. Other heavy objects were moved around the yard.,CSV
201606,9,1344,201606,9,1346,104938,628593,NEW MEXICO,35,2016,June,Dust Devil,C,43,SANDOVAL,35043,ABQ,09-JUN-16 13:44:00,MST-7,09-JUN-16 13:46:00,0,0,0,0,5.00K,0.00K,Trained Spotter,NA,NA,NA,NA,NA,NA,NA,NA,NA,NA,NA,4,NW,RIO RANCHO,4,NW,RIO RANCHO,35.3109,-106.7102,35.3109,-106.7102,A short-lived dust devil wreaked havoc in a neighborhood in Rio Rancho during the mid afternoon of the 9th. A spotter reported that the dust devil tore through the backyard and destroyed a fence with four inch posts. Wind speeds are estimated as high as 55 mph.,Dust devil destroyed fence with four inch post supports.,CSV
201606,9,1200,201606,9,1205,105198,630345,NEVADA,32,2016,June,Dust Devil,C,3,CLARK,32003,VEF,09-JUN-16 12:00:00,PST-8,09-JUN-16 12:05:00,0,0,0,0,20.00K,0.00K,Broadcast Media,NA,NA,NA,NA,NA,NA,NA,NA,NA,NA,NA,1.69,NE,PARADISE,1.72,NE,PARADISE,36.1452,-115.0962,36.1454,-115.0958,A presumed dust devil caused damage in Las Vegas.,A presumed dust devil collapsed an awning onto several cars at an apartment complex in east Las Vegas.,CSV
201606,3,1434,201606,3,1435,105038,629634,ALABAMA,1,2016,June,Dust Devil,C,89,MADISON,01089,HUN,03-JUN-16 14:34:00,CST-6,03-JUN-16 14:35:00,0,0,0,0,2.00K,NA,Trained Spotter,NA,NA,NA,NA,NA,NA,NA,NA,NA,NA,NA,0,N,HARVEST,0,N,HARVEST,34.85,-86.77,34.85,-86.77,A dust devil damaged a truck at a Tree Service company in Harvest at around 3:34 pm.,"A dust devil damaged a truck at a tree service company in Harvest, Alabama.",CSV
201605,23,1400,201605,23,1405,104776,627394,NEVADA,32,2016,May,Dust Devil,C,3,CLARK,32003,VEF,23-MAY-16 14:00:00,PST-8,23-MAY-16 14:05:00,0,0,0,0,5.00K,0.00K,Broadcast Media,NA,NA,NA,NA,NA,NA,NA,NA,NA,NA,NA,0.17,NNE,HENDERSON,0.21,NNE,HENDERSON,36.0322,-114.9786,36.0327,-114.9784,A dust devil in Henderson damaged one home.,A dust devil in Henderson peeled roofing off of a home and damaged two fences. The event time is estimated.,CSV
201608,24,1430,201608,24,1500,107683,645275,MONTANA,30,2016,August,Dust Devil,C,63,MISSOULA,30063,MSO,24-AUG-16 14:30:00,MST-7,24-AUG-16 15:00:00,0,0,0,0,0.00K,0.00K,Public,NA,NA,NA,NA,NA,NA,NA,NA,NA,NA,NA,1.82,NW,MISSOULA,1.7,NW,MISSOULA,46.8983,-114.0279,46.8977,-114.025,A person from the public took photos of a spinning vortex over northern Missoula on August 24th.,A person from the public observed a prominent dust devil in northern Missoula. It formed ahead of showers that were tracking south to north in a very unstable environment. No damage was reported.,CSV
201610,13,1155,201610,13,1155,111109,662861,LOUISIANA,22,2016,October,Dust Devil,C,75,PLAQUEMINES,22075,LIX,13-OCT-16 11:55:00,CST-6,13-OCT-16 11:55:00,0,0,0,0,2.00K,0.00K,Broadcast Media,NA,NA,NA,NA,NA,NA,NA,NA,NA,NA,NA,2.16,NNW,SONE CHASSE,2.16,NNW,SONE CHASSE,29.8773,-90.0176,29.8773,-90.0176,"During a lengthy dry period over southeast Louisiana, a dust devil damaged a garden center in upper Plaquemines Parish.",Strong daytime heating produce a dust devil-like circulation that damaged the roofing material of greenhouse near Belle Chase.,CSV
201705,6,1530,201705,6,1530,116800,702350,ARIZONA,4,2017,May,Dust Devil,C,3,COCHISE,04003,TWC,06-MAY-17 15:30:00,MST-7,06-MAY-17 15:30:00,0,0,0,0,5.00K,0.00K,Trained Spotter,NA,NA,NA,NA,NA,NA,NA,NA,NA,NA,NA,1.54,N,ST DAVID,1.54,N,ST DAVID,31.9222,-110.2232,31.9222,-110.2232,A dust devil caused property damage in Saint David.,A dust devil damaged a storage shed on the northeast edge of Saint David. A sheet-metal roof extension was detached from the main structure and thrown about 50 yards.,CSV
201705,27,1500,201705,27,1500,116804,702354,ARIZONA,4,2017,May,Dust Devil,C,19,PIMA,04019,TWC,27-MAY-17 15:00:00,MST-7,27-MAY-17 15:00:00,0,0,0,0,15.00K,0.00K,Broadcast Media,NA,NA,NA,NA,NA,NA,NA,NA,NA,NA,NA,2.55,NNE,(DMA)DAVIS MONTHAN A,2.55,NNE,(DMA)DAVIS MONTHAN A,32.2029,-110.8605,32.2029,-110.8605,A dust devil damaged the roof of a house in Tucson.,A dust devil peeled the composite roofing material off the flat-topped roof of a home near 22nd and Wilmot in Tucson.  Cracks in the roof/ceiling of the house also resulted.,CSV
201704,8,1245,201704,8,1250,113469,679238,FLORIDA,12,2017,April,Dust Devil,C,71,LEE,12071,TBW,08-APR-17 12:45:00,EST-5,08-APR-17 12:50:00,0,0,0,0,30.00K,0.00K,Emergency Manager,NA,NA,NA,NA,NA,NA,NA,NA,NA,NA,NA,0.79,W,ESTERO,0.79,W,ESTERO,26.4403,-81.8228,26.4403,-81.8228,"After a relatively cool start to the morning, the temperature warmed up rapidly under completely clear skies through the afternoon. This intense surface heating helped produce a dust devil that damaged a carport and mobile home in Lee County.",Emergency management and broadcast media reported damage to a carport and the roof of a mobile home in Tahiti Village. A witness reported a mini tornado without a cloud in the sky at around 1:45 PM EDT.  Skies were clear at the time.,CSV
201709,24,1300,201709,24,1305,119214,715880,ARIZONA,4,2017,September,Dust Devil,C,13,MARICOPA,04013,PSR,24-SEP-17 13:00:00,MST-7,24-SEP-17 13:05:00,0,0,0,0,0.00K,0.00K,Broadcast Media,NA,NA,NA,NA,NA,NA,NA,NA,NA,NA,NA,1.38,S,GUADALUPE,1.38,S,GUADALUPE,33.35,-111.97,33.35,-111.97,"Even though high temperatures had cooled to well below 100 degrees, sunny skies combined with mid 80 degree high temperatures and modest afternoon breeziness set the stage for an impressive dust devil to develop. The dust devil developed over hot and dusty ground, and persisted for several minutes, growing to a height of several hundred feet. It was caught on camera and made it onto the local news. The dust devil formed in the southeast portion of the greater Phoenix area, over southern Tempe. No damage was reported due to the dust devil.","During the early afternoon hours on September 24th, an impressive dust devil developed over the southern portions of Tempe and this was captured on camera by local broadcast media. The dust devil formed over open, dusty ground during the early afternoon on a warm day under sunny skies, and quickly formed a very impressive rotating funnel which grew several hundred feet high. The dust devil formed near the intersection of Interstate 10 and Elliot Road, at about 1300MST. The devil was captured on camera by AZ Family TV3 / CBS Channel 5. No damage occurred despite the impressive nature of the rotating funnel.",CSV
201707,17,1500,201707,17,1515,119442,716808,IDAHO,16,2017,July,Dust Devil,C,29,CARIBOU,16029,PIH,17-JUL-17 15:00:00,MST-7,17-JUL-17 15:15:00,0,0,0,0,5.00K,0.00K,Broadcast Media,NA,NA,NA,NA,NA,NA,NA,NA,NA,NA,NA,0,N,SODA SPGS,0,N,SODA SPGS,42.65,-111.58,42.65,-111.58,"Strong winds damaged a store in Soda Springs on July 17th at around 4 pm.  |The winds blew parts of the concrete roof onto the street damaging a car with pieces of the roof blown into the street.   It occurred on Highway 30 right in Soda Springs. | |Neighbors and emergency crews quickly cleaned up the mess of concrete, bricks from the building���s facade and tree limbs. The car sustained minor damage and was driven away.","Strong winds from what appeared to be a dust devil, seen by eyewitnesses including a television reporter on vacation who recorded the damage, damaged a store in Soda Springs on July 17th at around 4 pm.  The winds blew parts of the concrete roof onto the street damaging a car with pieces of the roof blown into the street.   It occurred on Highway 30 right in Soda Springs. | |Neighbors and emergency crews quickly cleaned up the mess of concrete, bricks from the building���s facade and tree limbs. The car sustained minor damage and was driven away.",CSV
201707,17,1700,201707,17,1702,116933,703261,NEW MEXICO,35,2017,July,Dust Devil,C,1,BERNALILLO,35001,ABQ,17-JUL-17 17:00:00,MST-7,17-JUL-17 17:02:00,0,0,0,0,0.00K,0.00K,Social Media,NA,NA,NA,NA,NA,NA,NA,NA,NA,NA,NA,1.78,S,ALBUQUERQUE,1.78,S,ALBUQUERQUE,35.0942,-106.6309,35.0942,-106.6309,"An intense, slow-moving thunderstorm developed over the northeast heights during the afternoon of July 17th and produced a flash flood in the area along Academy Road. Streets turned to rivers across the area as a localized two inches of rain fell. A woman was stranded in flood waters near Tanoan. A brief, but impressive dust devil or gustnado, was spotted along an outflow boundary crossing Interstate 25 near Lomas.",Video was captured of what appeared to be a dust devil or gustnado spinning up along an outflow boundary moving across Interstate 25 near the Embassy Suites on Lomas.,CSV
201806,7,1415,201806,7,1415,125012,750380,TEXAS,48,2018,June,Dust Devil,C,17,BAILEY,48017,LUB,07-JUN-18 14:15:00,CST-6,07-JUN-18 14:15:00,0,0,0,0,0.00K,0.00K,Mesonet,NA,NA,NA,NA,NA,NA,NA,NA,NA,NA,NA,2,SSW,MULESHOE,2,SSW,MULESHOE,34.1933,-102.7434,34.1933,-102.7434,"During the morning of the seventh, a mesoscale convective system moving across Oklahoma reinforced pre-existing outflow boundaries in the Rolling Plains and eastern South Plains. A weak short wave moving over the top of an upper level ridge combined with a very unstable airmass over the Rolling Plains creating scattered severe thunderstorms. Strong downdraft CAPE values led to very strong reported wind gusts as well as large hail to the size of golf balls. Strong winds blew over a tractor trailer near Kirkland (Childress County) along US Highway 287. In addition, repeated rounds of slow moving thunderstorms dropped several inches of rain on far southwestern Childress County. An NWS cooperative weather observer reported 4.48 inches of rainfall while radar rainfall estimates were between five and six inches just a few miles east of the observer's location.","A Texas Tech University West Texas mesonet site near Muleshoe recorded a wind gust to 63 mph. However, an NWS cooperative weather observer viewed a dust devil moving across the mesonet location at the same time.",CSV
201809,22,1333,201809,22,1335,130147,779383,NEVADA,32,2018,September,Dust Devil,C,3,CLARK,32003,VEF,22-SEP-18 13:33:00,PST-8,22-SEP-18 13:35:00,0,0,0,0,10.00K,0.00K,Fire Department/Rescue,NA,NA,NA,NA,NA,NA,NA,NA,NA,NA,NA,2.66,WNW,LAS VEGAS N AIR TERM,2.66,WNW,LAS VEGAS N AIR TERM,36.2383,-115.2419,36.2387,-115.2418,A suspected dust devil caused damage in Las Vegas.,"A suspected dust devil ripped an awning off a home and threw a piece of it into power lines, knocking out power to about 30,000 customers.",CSV
201809,10,1500,201809,10,1600,131474,786621,OREGON,41,2018,September,Dust Devil,C,39,LANE,41039,PQR,10-SEP-18 15:00:00,PST-8,10-SEP-18 16:00:00,0,0,0,0,5.00K,NA,Broadcast Media,NA,NA,NA,NA,NA,NA,NA,NA,NA,NA,NA,0.36,WNW,CRESWELL MUNI ARPT,0.36,WNW,CRESWELL MUNI ARPT,43.9313,-123.007,43.9313,-123.007,A fairly unstable atmosphere with plenty of sun breaks allowed updrafts to develop. One such updraft developed into a dust devil which did some damage to a storage building at the Creswell Airport.,"A dust devil developed, hitting a storage building at the Creswell Airport. The dust devil peeled back a 20-foot section of the roof.",CSV
201806,18,1715,201806,18,1715,125253,751195,COLORADO,8,2018,June,Dust Devil,C,77,MESA,08077,GJT,18-JUN-18 17:15:00,MST-7,18-JUN-18 17:15:00,0,0,0,0,1.00K,0.00K,Public,NA,NA,NA,NA,NA,NA,NA,NA,NA,NA,NA,2.56,ESE,CLIFTON,2.56,ESE,CLIFTON,39.0647,-108.4065,39.0647,-108.4065,An intense dust devil damaged property at a residence on the outskirts of Orchard Mesa.,An intense dust devil crossed a back yard and yanked a strongly anchored trampoline up an into the air which then crashed to the ground and was totally destroyed.  The rebar anchors had been embedded into the hard and dry clay ground to a depth of 18 inches.  Roof shingles were also torn off the corner of the nearby house.,CSV
201807,4,1300,201807,4,1302,127411,763695,NEVADA,32,2018,July,Dust Devil,C,7,ELKO,32007,LKN,04-JUL-18 13:00:00,PST-8,04-JUL-18 13:02:00,0,0,0,0,500.00K,0.00K,Public,NA,NA,NA,NA,NA,NA,NA,NA,NA,NA,NA,2.09,E,SPRING CREEK,2.09,E,SPRING CREEK,40.75,-115.58,40.75,-115.58,A hot and unstable airmass led to development of a damaging dust devil.,A strong dust devil was observed picking up an anchored shed and tossing it over 50 yards. The shed was destroyed.,CSV
201805,4,1500,201805,4,1505,124255,745626,ARIZONA,4,2018,May,Dust Devil,C,13,MARICOPA,04013,PSR,04-MAY-18 15:00:00,MST-7,04-MAY-18 15:05:00,0,0,0,0,10.00K,0.00K,Public,NA,NA,NA,NA,NA,NA,NA,NA,NA,NA,NA,1.15,E,LAVEEN,1.15,E,LAVEEN,33.37,-112.15,33.37,-112.15,"A significant dust devil formed in the greater Phoenix metropolitan area during the afternoon hours on May 4th. Conditions on this day were favorable given mostly sunny skies and very warm temperatures; the high temperature in Phoenix reached 96 degrees. The dust devil formed about 7 miles southwest of central Phoenix during the middle of the afternoon and managed to damage the tile roofs of about 6 homes. The dust devil was highly visible and pictures were posted by the public on social media. No injuries were reported, fortunately.","A strong dust devil developed in the central portion of the greater Phoenix area during the middle of the afternoon on May 4. The dust devil was reported by a member of the public; at 1505MST the dust devil managed to produce roof tile damage to 6 houses in Laveen Village, just west of South Mountain Park and about 7 miles to the southwest of central Phoenix. This was a significant dust devil; pictures of the devil were obtained and posted on social media. No injuries were reported due to the dust devil.",CSV
201806,7,1030,201806,7,1030,130741,782361,ARIZONA,4,2018,June,Dust Devil,C,3,COCHISE,04003,TWC,07-JUN-18 10:30:00,MST-7,07-JUN-18 10:30:00,1,0,0,0,1.00K,0.00K,Newspaper,NA,NA,NA,NA,NA,NA,NA,NA,NA,NA,NA,1.94,ENE,SIERRA VISTA,1.94,ENE,SIERRA VISTA,31.5564,-110.268,31.5564,-110.268,"Prior to cloud and thunderstorm development that afternoon, a dust devil formed during the morning hours, causing damage and one injury in Sierra Vista.",A dust devil damaged several tents at a farmers market in Sierra Vista.  One person suffered a broken wrist and hand when a tent landed on her hand.,CSV
201804,27,1315,201804,27,1317,125574,753380,ARIZONA,4,2018,April,Dust Devil,C,19,PIMA,04019,TWC,27-APR-18 13:15:00,MST-7,27-APR-18 13:17:00,0,0,0,0,0.00K,0.00K,Broadcast Media,NA,NA,NA,NA,NA,NA,NA,NA,NA,NA,NA,3.88,W,VAIL,3.88,W,VAIL,32.0457,-110.7861,32.0457,-110.7861,A small dust devil caused a power outage at the Pima County Fairgrounds.,A small dust devil lifted an unsecured tent covering a petting zoo during the Pima County Fair.  The tent contacted electrical wires which resulted in a power outage at the fairgrounds for about an hour.,CSV
201901,1,1115,201901,1,1116,132621,793526,NEVADA,32,2019,January,Dust Devil,C,23,NYE,32023,VEF,01-JAN-19 11:15:00,PST-8,01-JAN-19 11:16:00,0,0,0,0,1.00K,0.00K,Social Media,NA,NA,NA,NA,NA,NA,NA,NA,NA,NA,NA,1.88,SSW,PAHRUMP,1.85,SSW,PAHRUMP,36.1955,-115.9944,36.1956,-115.9938,A suspected dust devil was seen on security cameras doing minor damage around a home.,"A suspected dust devil seen on home security cameras caused minor damage to a vehicle, blew down a fence, and threw objects around the back yard of a home.",CSV
201906,21,1400,201906,21,1401,136816,820908,NEW MEXICO,35,2019,June,Dust Devil,C,39,RIO ARRIBA,35039,ABQ,21-JUN-19 14:00:00,MST-7,21-JUN-19 14:01:00,0,20,0,0,10.00K,0.00K,Broadcast Media,NA,NA,NA,NA,NA,NA,NA,NA,NA,NA,NA,6.93,WSW,HERNANDEZ,6.93,WSW,HERNANDEZ,36.017,-106.2253,36.017,-106.2253,"Multiple injuries were reported at the Guru Ram Das Puri retreat center just west of Espa��ola due to a large tent that blew down during a dust devil. The tent was occupied by over 300 people, according to Rio Arriba County Sheriff's deputies. Powerful winds from the dust devil ripped out posts and tore apart ropes used to secure the large tent. Multiple agencies responded, including units from Espa��ola Fire Rescue, Rio Arriba County, and Santa Fe County Fire Department. Multiple ambulances from Presbyterian hospital and a helicopter arrived quickly at the scene. About 20 patients were treated at Presbyterian Espanola Hospital for non life-threatening injuries. One of the patients was transported to Albuquerque for critical head injuries.",Twenty people were injured when a dust devil blew apart a large tent at a summer solstice event at the Guru Ram Das Puri retreat center west of Espanola. Damage amounts are a rough estimate for destruction of the event tent.,CSV
201906,13,1220,201906,13,1230,138949,835735,NEVADA,32,2019,June,Dust Devil,C,3,CLARK,32003,VEF,13-JUN-19 12:20:00,PST-8,13-JUN-19 12:30:00,0,0,0,0,2.00K,0.00K,Broadcast Media,NA,NA,NA,NA,NA,NA,NA,NA,NA,NA,NA,1.53,S,ARDEN,1.49,S,ARDEN,35.9981,-115.2337,35.9987,-115.2332,Sunny and hot conditions helped the formation of a dust devil which did damage in Las Vegas.,A dust devil picked up a trash can and threw it through the windshield of a parked vehicle.,CSV
201906,19,1205,201906,19,1205,136829,820971,SOUTH DAKOTA,46,2019,June,Dust Devil,C,121,TODD,46121,UNR,19-JUN-19 12:05:00,CST-6,19-JUN-19 12:05:00,0,0,0,0,2.00K,0.00K,Emergency Manager,NA,NA,NA,NA,NA,NA,NA,NA,NA,NA,NA,2,W,MISSION,2,W,MISSION,43.31,-100.6998,43.31,-100.6998,A dust devil caused minor damage near Mission.,"A dust devil briefly developed west of Mission. It destroyed a metal carport and blew shingles off the house. It tossed a trampoline into a tree, damaged a swing set, and broke tree branches.",CSV
201909,1,1500,201909,1,1505,139947,842026,NEW MEXICO,35,2019,September,Dust Devil,C,55,TAOS,35055,ABQ,01-SEP-19 15:00:00,MST-7,01-SEP-19 15:05:00,0,0,0,0,50.00K,0.00K,Broadcast Media,NA,NA,NA,NA,NA,NA,NA,NA,NA,NA,NA,3.14,NNW,EL PRADO,3.14,NNW,EL PRADO,36.4714,-105.5936,36.4714,-105.5936,"A very hot and unstable airmass with meager moisture over northern New Mexico set the stage for a couple showers and thunderstorms on September 1, 2019. A large dust devil kicked up on the edge of one of these showers near Taos during the late afternoon hours. The dust devil damaged the roof of the Medley restaurant as it moved rapidly through the property. Fortunately, there were no injuries with this dust devil event.",A large dust devil moved across state road 150 and over the Medley restaurant north of Taos. A large section of roofing was torn off the restaurant. The restaurant was closed for several days. Fortunately there were no injuries. Damage amounts have been estimated based on news footage of the dust devil.,CSV
201904,9,1230,201904,9,1235,136925,821599,CALIFORNIA,6,2019,April,Dust Devil,C,95,SOLANO,06095,STO,09-APR-19 12:30:00,PST-8,09-APR-19 12:35:00,0,0,0,0,5.00K,0.00K,Newspaper,NA,NA,NA,NA,NA,NA,NA,NA,NA,NA,NA,0.6,WSW,FAIRFIELD,0.6,WSW,FAIRFIELD,38.2473,-122.0606,38.2473,-122.0606,Heavy rain flooded a road and brought a minor mudslide.,"A dust devil in Alan Witt Park in Fairfield ripped part of the roof of a building, and sent debris flying everywhere. People nearby were not injured.",CSV
201904,10,1130,201904,10,1140,136961,821918,COLORADO,8,2019,April,Dust Devil,C,101,PUEBLO,08101,PUB,10-APR-19 11:30:00,MST-7,10-APR-19 11:40:00,0,0,0,0,NA,NA,Social Media,NA,NA,NA,NA,NA,NA,NA,NA,NA,NA,NA,1.3,WNW,PUEBLO WEST,1.3,WNW,PUEBLO WEST,38.314,-104.7734,38.314,-104.7734,A few thunderstorms develop ahead of an approaching cold front on the afternoon of April 10th. One of the storms produced a strong outflow/gust front boundary that swept through portions of north-central Pueblo County. Social media videos showed a gustnado developed along this boundary. A backyard weather station recorded a 107 MPH non-thunderstorm wind gust as the gustnado passed by.,Social media posts on both Twitter and FaceBook show a gustnado moving through fields just outside of Pueblo West High School during the late morning of April 10th. A nearby backyard weather station also recorded a 107 MPH wind gust as the gustnado passed by.,CSV
201905,1,1400,201905,1,1410,135280,811038,WASHINGTON,53,2019,May,Dust Devil,C,77,YAKIMA,53077,PDT,01-MAY-19 14:00:00,PST-8,01-MAY-19 14:10:00,5,0,0,0,NA,NA,Broadcast Media,NA,NA,NA,NA,NA,NA,NA,NA,NA,NA,NA,0.26,E,ZILLAH,0.26,E,ZILLAH,46.3999,-120.2447,46.4,-120.2446,"During the afternoon of May 1st a dust devil that formed near the Zillah High School in Zillah Washingon, Yakima County. Five injuries (direct) including one critical injury were reported.","According to media reports a bounce house was lofted up to 20 feet in the air and thrown up to 240 feet from its original position by localized strong winds. Video from the aftermath shows a dust devil in the background. Winds from a nearby mesonet station were less than 20 mph. Five youths inside the bounce house were injured, 1 critically.",CSV
202003,27,1300,202003,27,1302,145653,874777,FLORIDA,12,2020,March,Dust Devil,C,71,LEE,12071,TBW,27-MAR-20 13:00:00,EST-5,27-MAR-20 13:02:00,0,0,0,0,0.00K,0.00K,Public,NA,NA,NA,NA,NA,NA,NA,NA,NA,NA,NA,3.8,WSW,FORT MYERS VILLAS,3.64,WSW,FORT MYERS VILLAS,26.5237,-81.9239,26.5241,-81.9213,A dust devil was spotted in Fort Myers on a warm and mostly clear day.,"Broadcast media shared a viewer video taken from a building near the intersection of Bass and Summerlin Roads looking north, of what appears to be a dust devil. The video was taken on a warm and dry day, with mostly clear skies, showing a tall funnel rotating for about a minute. No damage or injuries were reported.",CSV
202005,19,1125,202005,19,1135,148186,892300,NEVADA,32,2020,May,Dust Devil,C,3,CLARK,32003,VEF,19-MAY-20 11:25:00,PST-8,19-MAY-20 11:35:00,0,0,0,0,20.00K,0.00K,Broadcast Media,NA,NA,NA,NA,NA,NA,NA,NA,NA,NA,NA,2.75,NE,SUNRISE MANOR,2.76,NE,SUNRISE MANOR,36.2011,-115.0394,36.2014,-115.0392,A dust devil in the northeast part of the Las Vegas Valley caused damage.,"A dust devil tore the roof and awning off a mobile home, and the debris smashed into two parked cars in front of the home next door.",CSV
202005,18,1445,202005,18,1450,147551,887562,ARIZONA,4,2020,May,Dust Devil,C,25,YAVAPAI,04025,FGZ,18-MAY-20 14:45:00,MST-7,18-MAY-20 14:50:00,0,0,0,0,0.00K,0.00K,Public,NA,NA,NA,NA,NA,NA,NA,NA,NA,NA,NA,4.95,ENE,ENTRO,4.95,ENE,ENTRO,34.6148,-112.3149,34.6148,-112.3149,A dust devil caused damage in Prescott Valley.,A dust devil uprooted a one foot diameter tree and destroyed a shed.,CSV
202004,21,1217,202004,21,1217,146952,883431,ARIZONA,4,2020,April,Dust Devil,C,5,COCONINO,04005,FGZ,21-APR-20 12:17:00,MST-7,21-APR-20 12:17:00,0,0,0,0,0.00K,0.00K,Social Media,NA,NA,NA,NA,NA,NA,NA,NA,NA,NA,NA,2.59,SSW,SUNSET CRATER,2.59,SSW,SUNSET CRATER,35.3153,-111.5172,35.3153,-111.5172,A shortwave trough moving across Arizona brought scattered shower and thunderstorm activity to northern Arizona. One of the showers produce a gust front that spun up a vortex.,A video on social media showed a whirl of dust at or near the ground near the gust from from a storm. There was no condensation funnel. The wind in the circulation was estimated to be 50 MPH.,CSV
202005,19,1400,202005,19,1400,148721,895913,ARIZONA,4,2020,May,Dust Devil,C,3,COCHISE,04003,TWC,19-MAY-20 14:00:00,MST-7,19-MAY-20 14:00:00,0,0,0,0,1.00K,0.00K,Fire Department/Rescue,NA,NA,NA,NA,NA,NA,NA,NA,NA,NA,NA,3.15,NW,PEARCE,3.15,NW,PEARCE,31.9371,-109.8514,31.9371,-109.8514,A dust devil damaged a residence in Sunsites Arizona in Cochise County.,A dust devil damaged a corrugated metal awning and a satellite dish that was mounted to the awning at a residence in the community of Sunsites.,CSV
202207,8,1300,202207,8,1300,172810,1049234,NEVADA,32,2022,July,Dust Devil,C,3,CLARK,32003,VEF,08-JUL-22 13:00:00,PST-8,08-JUL-22 13:00:00,6,0,0,0,0.00K,0.00K,Public,NA,NA,NA,NA,NA,NA,NA,NA,NA,NA,NA,1.68,NE,BOULDER JCT,1.68,NE,BOULDER JCT,36.0957,-115.177,36.0957,-115.177,Hot and sunny conditions aided formation of a dust devil which injured several people.,"A dust devil spun up very quickly at the Luxor pool complex, throwing chairs and debris and injuring six people.",CSV
202202,21,1516,202202,21,1530,166691,1008413,ARIZONA,4,2022,February,Dust Devil,C,15,MOHAVE,04015,VEF,21-FEB-22 15:16:00,MST-7,21-FEB-22 15:30:00,0,0,0,0,100.00K,0.00K,Law Enforcement,NA,NA,NA,NA,NA,NA,NA,NA,NA,NA,NA,0.85,NNW,RIVIERA,1.31,N,RIVIERA,35.1118,-114.6045,35.1186,-114.6045,"A cold low pressure system dove south out of Canada, bringing strong winds ahead of it and snow behind it.",A dust devil in Bullhead City damaged several structures and downed power lines.,CSV
202205,9,1100,202205,9,1100,167905,1016236,TEXAS,48,2022,May,Dust Devil,C,303,LUBBOCK,48303,LUB,09-MAY-22 11:00:00,CST-6,09-MAY-22 11:00:00,0,0,0,0,0.00K,0.00K,Mesonet,NA,NA,NA,NA,NA,NA,NA,NA,NA,NA,NA,6,SSW,WOLFFORTH,6,SSW,WOLFFORTH,33.4198,-102.0598,33.4198,-102.0598,A dust devil directly impacted a Texas Tech University West Texas mesonet site near Wolfforth. The mesonet site measured a one minute wind gust of 58 mph at 1100 CST.,NA,CSV
202205,27,1300,202205,27,1305,168016,1016909,NEW MEXICO,35,2022,May,Dust Devil,C,1,BERNALILLO,35001,ABQ,27-MAY-22 13:00:00,MST-7,27-MAY-22 13:05:00,0,0,0,0,0.00K,0.00K,Social Media,NA,NA,NA,NA,NA,NA,NA,NA,NA,NA,NA,5.65,SE,(AEG)DOUBLE EAGLE II AIRPORT,5.65,SE,(AEG)DOUBLE EAGLE II AIRPORT,35.0731,-106.7424,35.0731,-106.7424,"As an upper-level ridge built over New Mexico on May 27, 2022, mid-level moisture seeping into the area underneath this ridge resulted in high based shower activity developing during the afternoon and evening hours. With very high mixing heights and dry surface conditions, any precipitation that fell out of these showers mainly evaporated and produced virga and strong dry microburst winds. Both the Albuquerque and Clines Corners ASOS stations measured downburst wind gusts in excess of 58 mph. Meanwhile, a dust devil was spotted in southwest Albuquerque, but it did no damage.","A dust devil located near Central and 98th Street in southwest Albuquerque received lots of media and public attention. Video obtained by KOB appeared to show the dust devil tossing mattresses out of the back of a pickup truck. No damages were known, and the time is estimated.",CSV
202204,29,1429,202204,29,1429,167147,1011602,TEXAS,48,2022,April,Dust Devil,C,107,CROSBY,48107,LUB,29-APR-22 14:29:00,CST-6,29-APR-22 14:29:00,0,0,0,0,0.00K,0.00K,Mesonet,NA,NA,NA,NA,NA,NA,NA,NA,NA,NA,NA,1,SE,RALLS,1,SE,RALLS,33.6698,-101.3677,33.6698,-101.3677,"On the afternoon of the 29th, a dust devil directly impacted the Texas Tech University West Texas mesonet near Ralls (Crosby County). A wind gust to 61 mph was reported by the mesonet at the time of occurrence.",NA,CSV
202204,28,1220,202204,28,1220,167295,1012603,FLORIDA,12,2022,April,Dust Devil,C,15,CHARLOTTE,12015,TBW,28-APR-22 12:20:00,EST-5,28-APR-22 12:20:00,0,0,0,0,0.00K,0.00K,Broadcast Media,NA,NA,NA,NA,NA,NA,NA,NA,NA,NA,NA,1.41,ENE,SANCASSA,1.41,ENE,SANCASSA,26.94,-82.28,26.94,-82.28,Brief landspout reported by broadcast media in Englewood.,Broadcast media relayed picture of dust devil or landspout in Englewood.,CSV
202207,29,1700,202207,29,1720,172626,1047850,IDAHO,16,2022,July,Dust Devil,C,5,BANNOCK,16005,PIH,29-JUL-22 17:00:00,MST-7,29-JUL-22 17:20:00,0,0,0,0,0.00K,0.00K,Social Media,NA,NA,NA,NA,NA,NA,NA,NA,NA,NA,NA,0,N,DOWNEY,0,N,DOWNEY,42.43,-112.12,42.43,-112.12,A large dust devil was video'd in Downey on July 29th.,A large dust devil was video'd in Downey on July 29th and posted on facebook.,CSV
202206,22,1400,202206,22,1500,169228,1025148,NEVADA,32,2022,June,Dust Devil,C,13,HUMBOLDT,32013,LKN,22-JUN-22 14:00:00,PST-8,22-JUN-22 15:00:00,0,0,0,0,1.20K,0.00K,Social Media,NA,NA,NA,NA,NA,NA,NA,NA,NA,NA,NA,9.12,SSE,MOTE SIDING,9.12,SSE,MOTE SIDING,40.6385,-116.9766,40.6385,-116.9766,A strong dust devil developed and caused property damage in Battle Mountain.,"Had a report of a strong dust devil that blew off roof shingles, destroyed a couple of wooden sheds, and easily blew around toys for children. Video was also submitted showing debris being lofted into the air. Video taker noted that the sound of the dust devil alerted them first, and described it as if he thought someone was demolishing a building with a bulldozer.",CSV
202206,13,1544,202206,13,1544,171038,1043677,TEXAS,48,2022,June,Dust Devil,C,111,DALLAM,48111,AMA,13-JUN-22 15:44:00,CST-6,13-JUN-22 15:44:00,0,0,0,0,0.00K,0.00K,Mesonet,NA,NA,NA,NA,NA,NA,NA,NA,NA,NA,NA,2,N,TEXLINE,2,N,TEXLINE,36.409,-103.02,36.409,-103.02,"Hot temperatures and drought conditions led to numerous dust devils across the region early in the the summer of 2022.  Clear skies, dry conditions and 100 degree heat provided a day conducive to dust devils in the area.  While not spotted, observational pressure data and remote sensing suggested that a brief rouge wind gust at the Texline West Texas Mesonet was very likely produced by a dust devil.","While this was a breezy to windy day, the brief gust of 60 mph Texline site stood out to be much higher than any others in the area.  Investigation into this by the West Texas Mesonet team showed pressure changes which suggested this gust was likely due to a large dust devil.",CSV
202206,18,1910,202206,18,1920,169023,1023885,ARIZONA,4,2022,June,Dust Devil,C,27,YUMA,04027,PSR,18-JUN-22 19:10:00,MST-7,18-JUN-22 19:20:00,0,0,0,0,50.00K,0.00K,Social Media,NA,NA,NA,NA,NA,NA,NA,NA,NA,NA,NA,3.78,E,ARABY,3.77,E,ARABY,32.667,-114.4551,32.67,-114.4552,"A strong dust devil developed and moved in an urbanized sector of Fortuna Foothills just east of Yuma, causing extensive property damage. There were social media images of roofs torn off, roofing tiles blown off, brick wall collapsing, trees uprooted, and massive debris hitting power lines, knocking power out to 2022 customers. No injuries were reported.","A strong dust devil developed and moved northward in an urbanized sector of Fortuna Foothills just east of Yuma, causing extensive property damage. There were social media images of roofs torn off, roofing tiles blown off, a brick wall collapsing, trees uprooted and massive debris hitting power lines, knocking power out to 2022 customers. The dust devil tracked northward between 10E and 36th Street and South Payson Drive to South Fontage Road near I-8. No injuries were reported.",CSV
202307,18,1253,202307,18,1255,183237,1119326,NEVADA,32,2023,July,Dust Devil,C,3,CLARK,32003,VEF,18-JUL-23 12:53:00,PST-8,18-JUL-23 12:55:00,0,0,0,0,5.00K,0.00K,Public,NA,NA,NA,NA,NA,NA,NA,NA,NA,NA,NA,2.3,WSW,BRACKEN,2.3,WSW,BRACKEN,36.1125,-115.2401,36.1125,-115.2401,A modest push of monsoon moisture and ongoing extreme heat fueled spotty thunderstorms over southern Nevada. Isolated high winds and flash flooding occurred.,A dust devil damaged a roof and destroyed a patio cover.,CSV
202307,5,1445,202307,5,1445,183024,1117666,ARIZONA,4,2023,July,Dust Devil,C,21,PINAL,04021,PSR,05-JUL-23 14:45:00,MST-7,05-JUL-23 14:45:00,0,0,0,0,5.00K,0.00K,Trained Spotter,NA,NA,NA,NA,NA,NA,NA,NA,NA,NA,NA,1.14,NW,APACHE JCT,1.15,NW,APACHE JCT,33.4301,-111.5656,33.43,-111.566,"A strong dust devil that developed in Apache Junction caused impacts to a mobile home park, damaging car ports and rolling over storage sheds.","A strong dust devil impacted the Sierra Leone Mobile Home Park in Apache Junction, damaging several car ports and causing storage sheds to roll over.",CSV
202403,20,1538,202403,20,1539,189944,1167657,GUAM,98,2024,March,Dust Devil,C,6,GUAM,98006,GUM,20-MAR-24 15:38:00,GST10,20-MAR-24 15:39:00,0,0,0,0,0.20K,NA,Public,NA,NA,NA,NA,NA,NA,NA,NA,NA,NA,NA,0.41,N,MANGILAO,0.4,N,MANGILAO,13.456,144.8006,13.4558,144.8003,"Weakening northeast winds and mostly clear skies, ahead of a shear line near Alamagan in the far northern Mariana Islands, created conditions just right for a rare dust devil during the morning of March 20th.","Video of the Dust Devil was caught on a backyard security camera and was provide to WFO Guam. A team from WFO Guam also went to the property and interviewed nearby residents Primary damage found was to a couple of canopies that was dead-in street between two homes. Some of the legs of the both canopy were tied to cinder blocks, but part of one the canopy's metal frames ended up being tossed on top of the one story house is was next to. Total property damage was estimated to be around $200 USD.",CSV
202405,3,1345,202405,3,1346,191173,1176971,NEVADA,32,2024,May,Dust Devil,C,3,CLARK,32003,VEF,03-MAY-24 13:45:00,PST-8,03-MAY-24 13:46:00,0,0,0,0,1.00K,0.00K,Broadcast Media,NA,NA,NA,NA,NA,NA,NA,NA,NA,NA,NA,3.07,NNW,LAS VEGAS N AIR TERM,3.08,NNW,LAS VEGAS N AIR TERM,36.2617,-115.2191,36.2619,-115.2192,A dust devil damaged a home in Las Vegas.,"A dust devil hit a home near Ann and Jones, ripping tiles off the roof and throwing them into the pool and neighboring yards. No other homes were damaged.",CSV
202405,18,1030,202405,18,1030,191197,1177092,NEVADA,32,2024,May,Dust Devil,C,3,CLARK,32003,VEF,18-MAY-24 10:30:00,PST-8,18-MAY-24 10:30:00,1,0,0,0,0.00K,0.00K,NWS Employee,NA,NA,NA,NA,NA,NA,NA,NA,NA,NA,NA,0.96,ENE,LAS VEGAS,0.96,ENE,LAS VEGAS,36.1769,-115.1351,36.1769,-115.1351,A dust devil injured one person in Las Vegas.,"A dust devil at the Neon Museum lofted two pop-up canopies, resulting in one injury.",CSV
202406,23,1259,202406,23,1301,191296,1177872,NEVADA,32,2024,June,Dust Devil,C,3,CLARK,32003,VEF,23-JUN-24 12:59:00,PST-8,23-JUN-24 13:01:00,0,0,0,0,10.00K,0.00K,Broadcast Media,NA,NA,NA,NA,NA,NA,NA,NA,NA,NA,NA,0.86,N,BRACKEN,0.91,N,BRACKEN,36.1324,-115.1977,36.133,-115.1972,A dust devil damaged multiple mobile homes just west of the Las Vegas Strip.,"A dust devil damaged multiple mobile homes, including ripping awnings off porches, tearing panels off walls, and damaging a power transformer.",CSV
202404,9,1356,202404,9,1358,191136,1176543,OREGON,41,2024,April,Dust Devil,C,71,YAMHILL,41071,PQR,09-APR-24 13:56:00,PST-8,09-APR-24 13:58:00,0,0,0,0,NA,0.00K,Public,NA,NA,NA,NA,NA,NA,NA,NA,NA,NA,NA,1.24,E,MC MINNVILLE,1.24,E,MC MINNVILLE,45.2219,-123.1747,45.2219,-123.1747,"Swirling winds moved over a business and produced damage to a sky light on the business rooftop and a ventilation system on the rooftop. Radar imagery and web cameras overlooking McMinnville are indicate no notable showers over the town at the time, so presumably it was a dust devil.",Swirling winds moved over a business and produced damage to a sky light on the business rooftop and a ventilation system on the rooftop. The location was estimated.,CSV
202408,4,1300,202408,4,1400,196261,1214424,CALIFORNIA,6,2024,August,Dust Devil,C,65,RIVERSIDE,06065,SGX,04-AUG-24 13:00:00,PST-8,04-AUG-24 14:00:00,2,0,2,0,0.00K,0.00K,Broadcast Media,NA,NA,NA,NA,NA,NA,NA,NA,NA,NA,NA,0.38,W,ELLIS,1.79,S,ELLIS,33.7696,-117.2265,33.7442,-117.2179,"There were 2 skydivers in Lake Elsinore, one instructor and one recreationalist. While descending it was reported that a large dust devil extending over 100 feet above ground cause their parachute to twist and loose control. They accelerated to the ground. Both were pronounced dead, one at the scene and one at the hospital.",Media outlets from LA reported 2 fatalities associated with skydiving deaths. At least 1 large dust devil was reported at the time of the accident and was reported to cause the instructor to loose control of the chute. The temperature was 103F and wind gusts were as high as 18 mph at nearby weather stations. This region is flat and know as the Inland Empire. The skydiving facility is at the Perris Valley airport. The instructor and the student died on scene and the hospital. Both skydivers were reported to be female and 28 years old.,CSV
202407,6,1200,202407,6,1201,191654,1180207,ARIZONA,4,2024,July,Dust Devil,C,5,COCONINO,04005,FGZ,06-JUL-24 12:00:00,MST-7,06-JUL-24 12:01:00,0,0,0,0,0.00K,0.00K,Broadcast Media,NA,NA,NA,NA,NA,NA,NA,NA,NA,NA,NA,0.89,NW,WILLIAMS,1.11,NW,WILLIAMS,35.26,-112.19,35.2626,-112.1922,"A dust devil hit the Williams Fairground, caused damage, and injured three people.","As people were trying to set up a hot air balloon, a dust devil created winds estimated to be between 40-50 mph. This caused the balloon to detach from its anchor point, sending it into nearby buildings. Three bystanders were injured, including an 8-year-old girl with a broken thumb and rope burns, a 15-year-old who sustained neck and back injuries, and an adult woman who was cut. The balloon also caused damage to two parked cars, knocked down a light pole, and damaged electrical equipment in a nearby building.",CSV
202511,30,1100,202511,30,1500,207905,1296030,HAWAII,15,2025,November,Dust Devil,C,3,HONOLULU,15003,HFO,30-NOV-25 11:00:00,HST-10,30-NOV-25 15:00:00,1,0,0,0,0.00K,0.00K,Broadcast Media,NA,NA,NA,NA,NA,NA,NA,NA,NA,NA,NA,0.74,WNW,ALIAMANU,0.58,W,ALIAMANU,21.3741,-157.9306,21.3697,-157.929,"Hot, dry, and light wind conditions allowed a dust devil to form at a local swap meet.","High winds from a dust devil caused tents and merchandise at a swap meet to become airborne. According to news media reports, ���One by one, people���s tents were starting to come off the frame, and then the frame started to lift up as well so it was very chaotic because people���s merchandise was flying everywhere,��� one witness said, ���people���s cars were getting smashed, people were getting hit in the head by poles.��� Emergency Medical Services reportedly treated a twenty eight year old woman for injuries after she was hit in the head by a tent that became airborne. She was reportedly taken to the hospital in serious condition.",CSV
202509,3,1710,202509,3,1711,205346,1281201,PENNSYLVANIA,42,2025,September,Dust Devil,C,1,ADAMS,42001,CTP,03-SEP-25 17:10:00,EST-5,03-SEP-25 17:11:00,0,0,0,0,0.00K,0.00K,Broadcast Media,NA,NA,NA,NA,NA,NA,NA,NA,NA,NA,NA,1.01,SW,GETTYSBURG,1.38,NW,ROUND TOP,39.8199,-77.2439,39.814,-77.2486,"A dust devil was observed on video near Gettysburg National Military Park during the afternoon hours of September 3, 2025. No damage or injuries were reported from the dust devil.","A dust devil was observed on video near Gettysburg National Military Park during the afternoon hours of September 3, 2025. Video showed the dust devil spawning near West Confederate Avenue, and paralleling the road with a slight southerly motion before dissipating. No damage or injuries were reported with this dust devil, that was on the ground for less than a minute.",CSV
202509,11,1200,202509,11,1200,207000,1292058,KENTUCKY,21,2025,September,Dust Devil,C,55,CRITTENDEN,21055,PAH,11-SEP-25 12:00:00,CST-6,11-SEP-25 12:00:00,0,0,0,0,0.00K,0.00K,Public,NA,NA,NA,NA,NA,NA,NA,NA,NA,NA,NA,0.65,W,MARION,0.65,W,MARION,37.3309,-88.0917,37.3309,-88.0917,"Well above normal temperatures and an extended period of dry conditions (prompting a D2 drought for Crittenden County), enabled a dust devil to form on the 11th, which attracted significant public attention as it developed next to a Crittenden County Middle School classroom. Wind shear was modest, around 20kts, leaving microscale factors as the primary drivers of dust devil formation.","A small dust devil, with winds estimated at 60-70mph, formed right outside Crittenden County Middle School around 1800CST with video taken of it from a classroom inside and a construction crew outside the school. No damages or injuries occurred. The video taken from the classroom was shared by broadcast media.",CSV
202604,22,1430,202604,22,1600,211221,1330160,ARIZONA,4,2026,April,Dust Devil,C,19,PIMA,04019,TWC,22-APR-26 14:30:00,MST-7,22-APR-26 16:00:00,0,0,0,0,1.00K,0.00K,Trained Spotter,NA,NA,NA,NA,NA,NA,NA,NA,NA,NA,NA,2.81,SSE,CASAS ADOBES,2.81,SSE,CASAS ADOBES,32.2808,-110.9674,32.2808,-110.9674,Dust Devil in Tucson Metro caused a 9 inch diameter tree branch to be broken. No injuries or fatalities associated with this dust devil.,Dust devil caused a 9 inch diameter tree branch to be broken. No injuries or fatalities associated with this dust devil.,CSV
202604,30,1340,202604,30,1400,211632,1322518,NEW MEXICO,35,2026,April,Dust Devil,C,1,BERNALILLO,35001,ABQ,30-APR-26 13:40:00,MST-7,30-APR-26 14:00:00,0,0,0,0,NA,NA,Social Media,NA,NA,NA,NA,NA,NA,NA,NA,NA,NA,NA,13.39,N,SANDIA PARK,13.39,N,SANDIA PARK,35.3616,-106.4059,35.3616,-106.4059,A traveler driving on I-25 observed a large and intense dust devil looking east towards the Sandia Mountains during the early afternoon hours of April 30th. Another large and intense dust devil was observed from a traveler driving in Cochiti Pueblo. The size and nature of the dust devils based on the videos taken by the travelers resulted in high interest from local and national media outlets.,A traveler driving along I-25 in the San Felipe Pueblo area observed a large and intense dust devil.,CSV
202604,30,1420,202604,30,1435,211632,1322522,NEW MEXICO,35,2026,April,Dust Devil,C,49,SANTA FE,35049,ABQ,30-APR-26 14:20:00,MST-7,30-APR-26 14:35:00,0,0,0,0,0.00K,0.00K,Social Media,NA,NA,NA,NA,NA,NA,NA,NA,NA,NA,NA,10.72,WNW,LA CIENEGA,10.72,WNW,LA CIENEGA,35.597,-106.3152,35.597,-106.3152,A traveler driving on I-25 observed a large and intense dust devil looking east towards the Sandia Mountains during the early afternoon hours of April 30th. Another large and intense dust devil was observed from a traveler driving in Cochiti Pueblo. The size and nature of the dust devils based on the videos taken by the travelers resulted in high interest from local and national media outlets.,A large and intense dust devil was observed in the Cochiti Pueblo.,CSV
