BEGIN_YEARMONTH,BEGIN_DAY,BEGIN_TIME,END_YEARMONTH,END_DAY,END_TIME,EPISODE_ID,EVENT_ID,STATE,STATE_FIPS,YEAR,MONTH_NAME,EVENT_TYPE,CZ_TYPE,CZ_FIPS,CZ_NAME,cty_fips,WFO,BEGIN_DATE_TIME,CZ_TIMEZONE,END_DATE_TIME,INJURIES_DIRECT,INJURIES_INDIRECT,DEATHS_DIRECT,DEATHS_INDIRECT,DAMAGE_PROPERTY,DAMAGE_CROPS,SOURCE,MAGNITUDE,MAGNITUDE_TYPE,FLOOD_CAUSE,CATEGORY,TOR_F_SCALE,TOR_LENGTH,TOR_WIDTH,TOR_OTHER_WFO,TOR_OTHER_CZ_STATE,TOR_OTHER_CZ_FIPS,TOR_OTHER_CZ_NAME,BEGIN_RANGE,BEGIN_AZIMUTH,BEGIN_LOCATION,END_RANGE,END_AZIMUTH,END_LOCATION,BEGIN_LAT,BEGIN_LON,END_LAT,END_LON,EPISODE_NARRATIVE,EVENT_NARRATIVE,DATA_SOURCE
200609,5,1700,200609,5,1700,1219728,5528079,MONTANA,30,2006,September,Dense Smoke,Z,14,SOUTHERN LEWIS AND CLARK,30014,TFX,05-SEP-06 17:00:00,MST,05-SEP-06 17:00:00,0,0,0,0,NA,NA,GENERAL PUBLIC,NA,NA,NA,NA,NA,NA,NA,NA,NA,NA,NA,NA,NA,NA,NA,NA,NA,NA,NA,NA,NA,"Dense smoke from forest fires in Idaho and Washington continued to plague the Helena Valley on the 5th. The Montana Department of Environmental Quality issued several advisories and rated Helena's air quality as ""unhealthy for sensitive groups'. Schools in Helena canceled outdoor recesses and football and cross country teams curtailed practices. Air quality was also listed as poor at Missoula, Livingston, Bozeman, Darby and Mill Creek.",NA,PDS
200711,5,700,200711,5,800,10862,60126,OREGON,41,2007,November,Dense Smoke,Z,29,KLAMATH BASIN,41029,MFR,05-NOV-07 07:00:00,PST-8,05-NOV-07 08:00:00,0,10,0,0,100.00K,0.00K,Newspaper,NA,NA,NA,NA,NA,NA,NA,NA,NA,NA,NA,NA,NA,NA,NA,NA,NA,NA,NA,NA,NA,"Fog combined with smoke from agricultural burning caused very restricted visibilities along highway US97 about 10 miles south of Klamath Falls.  A jeep rear-ended a car in the fog/smoke at 07:20 AM, and other vehicles collided with them.  In all, 30 vehicles were involved, including three tractor-trailers, along a two mile long stretch of the road.  ||One person, who was driving one of the tractor trailers, was killed.  8 others were hospitalized with mostly minor injuries.  A few others were injured who did not require hospitalization.||At the time, no restrictions to visibility were reported at the nearest ASOS in Klamath Falls (KLMT) or in Alturas (KAAT).   The Montague ASOS (KSIY) reported thick freezing fog at the time, but that station was miles away on the other side of the Cascade range from the collision site.",NA,CSV
200709,4,2200,200709,9,900,9539,53568,CALIFORNIA,6,2007,September,Dense Smoke,Z,71,LASSEN/EASTERN PLUMAS/EASTERN SIERRA,06071,REV,04-SEP-07 22:00:00,PST-8,09-SEP-07 09:00:00,0,0,0,0,0.00K,0.00K,Trained Spotter,NA,NA,NA,NA,NA,NA,NA,NA,NA,NA,NA,NA,NA,NA,NA,NA,NA,NA,NA,NA,NA,The Moonlight Fire in Lassen County produced dense smoke across portions of northeast California.,"Dense smoke from the Moonlight Fire in Lassen County affected much of Lassen, eastern Plumas, and eastern Sierra Counties for almost a week.  Visibilities were occasionally down to less than one-half mile.",CSV
200710,17,1600,200710,17,1800,12103,66166,TEXAS,48,2007,October,Dense Smoke,Z,27,BAILEY,48027,LUB,17-OCT-07 16:00:00,CST-6,17-OCT-07 18:00:00,0,0,0,0,0.00K,0.00K,Law Enforcement,NA,NA,NA,NA,NA,NA,NA,NA,NA,NA,NA,NA,NA,NA,NA,NA,NA,NA,NA,NA,NA,"A large wildfire near Portales, New Mexico, resulted in a plume of dense smoke that reduced visibility to near zero over portions of northwestern Bailey County during the late afternoon hours of the 17th. Local authorities were forced to close portions of Texas Farm to Market Roads 1760 and 1731.",NA,CSV
200801,7,300,200801,7,1000,13598,75987,NORTH CAROLINA,37,2008,January,Dense Smoke,Z,96,BLADEN,37096,ILM,07-JAN-08 03:00:00,EST-5,07-JAN-08 10:00:00,0,3,0,0,NA,NA,Emergency Manager,NA,NA,NA,NA,NA,NA,NA,NA,NA,NA,NA,NA,NA,NA,NA,NA,NA,NA,NA,NA,NA,A combination of dense fog and smoke caused several automobile accidents in Brunswick County.,"Dense smoke and fog caused several motor vehicle accidents near Longwood on NC 904.  There were at total of six accidents, with three injuries.  The road had to be closed.",CSV
200806,11,0,200806,12,0,19485,115271,SOUTH CAROLINA,45,2008,June,Dense Smoke,Z,34,HORRY,45034,ILM,11-JUN-08 00:00:00,EST-5,12-JUN-08 00:00:00,0,0,0,0,NA,NA,Department of Highways,NA,NA,NA,NA,NA,NA,NA,NA,NA,NA,NA,NA,NA,NA,NA,NA,NA,NA,NA,NA,NA,Low lying smoke from a smoldering fire reduced visibilities northeast of Conway.,Dense smoke from a smoldering fire cause a traffic accident on Hwy 22 between SC 905 and SC 701.  The accident was between a Conway driver and a South Carolina Highway Patrol car.,CSV
200907,30,800,200907,30,1800,32399,189756,ALASKA,2,2009,July,Dense Smoke,Z,222,MIDDLE TANANA VALLEY,02222,AFG,30-JUL-09 08:00:00,AKST-9,30-JUL-09 18:00:00,0,0,0,0,0.00K,0.00K,ASOS,NA,NA,NA,NA,NA,NA,NA,NA,NA,NA,NA,NA,NA,NA,NA,NA,NA,NA,NA,NA,NA,"Smoke from nearby wildfires moved into the Fairbanks area during the morning of the 30th and remained below 1 mile visibility until the early evening. The thick smoke forced the cancellation of a number of outdoor activities, including all Fairbanks Youth Football events, all Fairbanks Youth Soccer Association games, Golden Heart Softball Association games, a Goldpanner/Athletes in Action double-header baseball game, and a cycling time trial. The Railbelt Fire south of Nenana and the Woodriver 1 Fire south of Fairbanks were the contributors of the dense smoke.",NA,CSV
200908,1,1,200908,8,1100,31932,187384,ALASKA,2,2009,August,Dense Smoke,Z,222,MIDDLE TANANA VALLEY,02222,AFG,01-AUG-09 00:01:00,AKST-9,08-AUG-09 11:00:00,0,0,0,0,0.00K,0.00K,ASOS,NA,NA,NA,NA,NA,NA,NA,NA,NA,NA,NA,NA,NA,NA,NA,NA,NA,NA,NA,NA,NA,"Dense smoke was widespread in Fairbanks and North Pole on the morning of August 8, 2009, and the visibility was one quarter mile or less at the Fairbanks International Airport. Locally the visibility was reduced to only a couple hundred yards. The dense smoke was due to several large wildfires that were burning across interior Alaska. Although the smoke was dense on the morning of the 8th, areas of smoke reduced the visibility to one mile or less at times from August 1-7, 2009. The thick smoke brought air traffic in and out of Fairbanks to a standstill on August 5th, when most of the 30 plus flights that were scheduled to arrive or depart from Fairbanks International Airport were either cancelled or indefinitely delayed.  The smoke resulted in very poor air quality, and at times, the air quality was above the hazardous level. The combination of a strong frontal passage and rain finally cleared out the smoke on the morning of the 9th. Several sports activities were cancelled during this time including a Senior Games tennis tournament and the High School Football Jamboree.",NA,CSV
201012,25,2000,201012,26,800,54130,324609,COLORADO,8,2010,December,Dense Smoke,Z,2,CENTRAL YAMPA RIVER BASIN,08002,GJT,25-DEC-10 20:00:00,MST-7,26-DEC-10 08:00:00,0,0,0,0,0.00K,0.00K,Mesonet,NA,NA,NA,NA,NA,NA,NA,NA,NA,NA,NA,NA,NA,NA,NA,NA,NA,NA,NA,NA,NA,Dense fog reformed under a strong surface-based inversion in the valleys of northwest Colorado.,Dense fog occurred in many areas with visibilities down to a quarter mile or less.,CSV
201103,21,1500,201103,21,1600,48356,293984,ARIZONA,4,2011,March,Dense Smoke,Z,507,UPPER SAN PEDRO RIVER VALLEY,04507,TWC,21-MAR-11 15:00:00,MST-7,21-MAR-11 16:00:00,0,0,0,0,0.00K,0.00K,Law Enforcement,NA,NA,NA,NA,NA,NA,NA,NA,NA,NA,NA,NA,NA,NA,NA,NA,NA,NA,NA,NA,NA,"A strong low pressure system brought strong winds to southern Arizona resulting in downed power lines, blowing dust, and reduced visibilities.",The Cochise County Sheriff's Office reported that a brush fire created dense smoke and the closure of Highway 90 between Camino de Tundra and Camino de Manana on Highway 90 in the Whetstone area.,CSV
201201,28,2340,201201,29,300,59413,355126,FLORIDA,12,2012,January,Dense Smoke,Z,16,GADSDEN,12016,TAE,28-JAN-12 23:40:00,EST-5,29-JAN-12 03:00:00,0,0,0,0,0.00K,0.00K,State Official,NA,NA,NA,NA,NA,NA,NA,NA,NA,NA,NA,NA,NA,NA,NA,NA,NA,NA,NA,NA,NA,"The state Emergency Operations Center reported that dense smoke and possible road closures were occurring in the vicinity of Highway 20 and Smith Creek Road in far western Leon county.  This smoke had settled to the ground from a prescribed burn in the area earlier in the day.  The smoke affected a small area of extreme western Leon, extreme east-central Liberty, and extreme southern Gadsden counties.  A dense smoke advisory was issued through 3 am EST.",NA,CSV
201201,28,2340,201201,29,300,59413,355127,FLORIDA,12,2012,January,Dense Smoke,Z,17,LEON,12017,TAE,28-JAN-12 23:40:00,EST-5,29-JAN-12 03:00:00,0,0,0,0,0.00K,0.00K,State Official,NA,NA,NA,NA,NA,NA,NA,NA,NA,NA,NA,NA,NA,NA,NA,NA,NA,NA,NA,NA,NA,"The state Emergency Operations Center reported that dense smoke and possible road closures were occurring in the vicinity of Highway 20 and Smith Creek Road in far western Leon county.  This smoke had settled to the ground from a prescribed burn in the area earlier in the day.  The smoke affected a small area of extreme western Leon, extreme east-central Liberty, and extreme southern Gadsden counties.  A dense smoke advisory was issued through 3 am EST.",NA,CSV
201201,28,2340,201201,29,300,59413,355128,FLORIDA,12,2012,January,Dense Smoke,Z,26,LIBERTY,12026,TAE,28-JAN-12 23:40:00,EST-5,29-JAN-12 03:00:00,0,0,0,0,0.00K,0.00K,State Official,NA,NA,NA,NA,NA,NA,NA,NA,NA,NA,NA,NA,NA,NA,NA,NA,NA,NA,NA,NA,NA,"The state Emergency Operations Center reported that dense smoke and possible road closures were occurring in the vicinity of Highway 20 and Smith Creek Road in far western Leon county.  This smoke had settled to the ground from a prescribed burn in the area earlier in the day.  The smoke affected a small area of extreme western Leon, extreme east-central Liberty, and extreme southern Gadsden counties.  A dense smoke advisory was issued through 3 am EST.",NA,CSV
201203,26,2200,201203,27,900,60734,362770,FLORIDA,12,2012,March,Dense Smoke,Z,17,LEON,12017,TAE,26-MAR-12 22:00:00,EST-5,27-MAR-12 09:00:00,0,0,0,0,0.00K,0.00K,ASOS,NA,NA,NA,NA,NA,NA,NA,NA,NA,NA,NA,NA,NA,NA,NA,NA,NA,NA,NA,NA,NA,Smoke from a prescribed burn across southwestern Leon county combined with other smaller fires across northern Leon county to produce dense smoke across portions of the area.  A Florida Department of Transportation Spokesman said the smoke may have contributed to four crashes on Thomasville Road during the morning hours.  One crash occurred at the intersection of County Road 12 with three other crashes at the intersection of Sunny Hill Road.  A stretch of Thomasville Road was closed from County Road 12 to the Georgia state line because of smoky conditions.  The intersection of SR-61N and Cherokee Plantation Road was also blocked due to a crash and smoky conditions.  These crashes were due primarily to smoke from fires in the northern part of Leon county.  The KTLH ASOS reported visibilities below the local dense smoke criteria of 3 miles from 11 pm to 10 am EDT with a minimum value of 1/2 mile at 8 am EDT.  The smoke at the airport was likely due to the earlier controlled burn in southwest Leon county.,NA,CSV
201208,18,500,201208,18,700,68436,410705,INDIANA,18,2012,August,Dense Smoke,Z,11,JASPER,18011,LOT,18-AUG-12 05:00:00,CST-6,18-AUG-12 07:00:00,0,4,0,1,0.00K,0.00K,Newspaper,NA,NA,NA,NA,NA,NA,NA,NA,NA,NA,NA,NA,NA,NA,NA,NA,NA,NA,NA,NA,NA,"Dense smoke from a farm that was burning hay reduced visibility to less than 30 feet over portions of Interstate 65 near mile marker 227 leading to three separate collisions involving 20 cars between 6:00 AM CST and 6:18 AM CST.  Four injuries and one fatality were reported.  The first collision occurred on the northbound side when two semi-trailers wrecked causing a chain reaction involving a total of 12 vehicles.  One passenger was killed and one was airlifted in serious condition.  Less than half a mile away in the southbound lanes, six vehicles were involved in an accident.  A third accident occurred in the southbound lanes involving two cars.  Three people were injured.",At least 20 vehicles were involved in three separate accidents along a two-mile stretch centered near mile marker 227 on Interstate 65.  One indirect fatality and at least four indirect injuries were reported.  The wrecks were attributed to smoke from a nearby farm and possibly fog reducing visibility to less than 30 feet.  The interstate was closed for seven and a half hours.,CSV
201308,23,500,201308,28,1000,79130,474866,CALIFORNIA,6,2013,August,Dense Smoke,Z,72,GREATER LAKE TAHOE AREA,06072,REV,23-AUG-13 05:00:00,PST-8,28-AUG-13 10:00:00,0,0,0,0,0.00K,0.00K,Public,NA,NA,NA,NA,NA,NA,NA,NA,NA,NA,NA,NA,NA,NA,NA,NA,NA,NA,NA,NA,NA,South to southwest winds blew dense smoke from the massive Rim Fire near Yosemite  into the eastern Sierra of Alpine and El Dorado Counties between the 23rd and the 28th.,Dense smoke from the Rim Fire near Yosemite brought periodic low visibilities and poor air quality to areas from Alpine County north to South Lake Tahoe. Visibilities down to 1/4 mile were reported near Markleeville with visibility down to 1/2 mile at the South Lake Tahoe airport. The low visibility caused the cancellation of an air show at the airport.,CSV
201308,26,1300,201308,31,1300,78977,474859,CALIFORNIA,6,2013,August,Dense Smoke,Z,72,GREATER LAKE TAHOE AREA,06072,REV,26-AUG-13 13:00:00,PST-8,31-AUG-13 13:00:00,0,0,0,0,0.00K,0.00K,Public,NA,NA,NA,NA,NA,NA,NA,NA,NA,NA,NA,NA,NA,NA,NA,NA,NA,NA,NA,NA,NA,"From the 26rd through the end of the month, smoke from the massive Rim Fire near Yosemite brought periods of low visibility and unhealthy air quality to portions of eastern California.",Dense smoke and the associated poor air quality from the Rim Fire continued to periodically affect Alpine County through the end of the month although areas north near South Lake Tahoe generally saw some improvement after the 28th. Medical facilities in the South Lake Tahoe area noted around 5 to 10 visits per day related to respiratory problems (versus 1 or 2 a day normally in late summer) through the 28th.,CSV
201308,26,1300,201308,31,1300,78977,474856,CALIFORNIA,6,2013,August,Dense Smoke,Z,73,MONO,06073,REV,26-AUG-13 13:00:00,PST-8,31-AUG-13 13:00:00,0,0,0,0,0.00K,0.00K,Trained Spotter,NA,NA,NA,NA,NA,NA,NA,NA,NA,NA,NA,NA,NA,NA,NA,NA,NA,NA,NA,NA,NA,"From the 26rd through the end of the month, smoke from the massive Rim Fire near Yosemite brought periods of low visibility and unhealthy air quality to portions of eastern California.","Spotters in the Antelope Valley near Coleville indicated periodic low visibility due to smoke from the Rim Fire. In addition, visibilities from the Mountain Warfare Training Center (KBAN) indicated visibilities down to 1/2 mile as times.",CSV
201403,31,1100,201403,31,1315,82914,499875,NEBRASKA,31,2014,March,Dense Smoke,Z,81,RED WILLOW,31081,GLD,31-MAR-14 11:00:00,CST-6,31-MAR-14 13:15:00,0,0,0,0,30.00K,0.00K,Law Enforcement,NA,NA,NA,NA,NA,NA,NA,NA,NA,NA,NA,NA,NA,NA,NA,NA,NA,NA,NA,NA,NA,"During the late morning through the early afternoon a grass fire was started in northwest Red Willow County.  Wind gusts near 60 MPH caused the fire to quickly expand.  Smoke from the fire moved over Highway 34 around mile marker 81, about 5 miles west of McCook.  Visibilities within the smoke dropped to almost zero.  As a result the road was closed almost four hours.  However, just after the road was closed an accident occurred involving two trucks pulling trailers.  The lead truck slowed down due to the low visibility but the preceding truck did not.  No injuries or fatalities were reported.",NA,CSV
201503,28,1400,201503,28,1400,93368,566007,MONTANA,30,2015,March,Dense Smoke,Z,34,NORTHERN STILLWATER,30034,BYZ,28-MAR-15 14:00:00,MST-7,28-MAR-15 14:00:00,0,0,0,1,0.00K,0.00K,Law Enforcement,NA,NA,NA,NA,NA,NA,NA,NA,NA,NA,NA,NA,NA,NA,NA,NA,NA,NA,NA,NA,NA,"A strong upper level disturbance and associated cold front moved rapidly across the Northern Rockies on Saturday March 28th. The system produced widespread severe wind, with peak wind gusts ranging from 60 to 70 mph, along with critical fire weather conditions. The severe winds hit at the prime time of the day when temperatures were at record levels and humidities were in the teens. As a result, several wildfires occurred during the afternoon and early evening. The event was preceded by a late winter and early spring of below normal precipitation and above normal temperatures which set up unseasonably dry and dead fuel conditions. The high winds resulted in numerous power outages along with minor home/roof and tree damage.||Two wildfires that resulted in the greatest impacts were located near Red Lodge Mountain, as well as the Pinecrest Subdivision located between Park City and Columbus, Montana. The Pinecrest Wildfire (near Park City, Montana) burned 3000 acres. Two homes were lost and one firefighter was injured (minor).  In addition, Interstate 90 between Park City, MT and Columbus MT (20 miles) was closed for several hours due to low visibilities due to smoke. However, before the interstate closed, a multi-vehicle accident occurred, resulting in 1 fatality and several other injuries.||The Red Lodge Wildfire, which started shortly after 12 pm,  charred about 600 acres and threatened homes near Red Lodge as skiers were escorted off the mountain. The fire started when high winds fanned a hot spot from a controlled burn in the Land Estates Subdivision from the previous Wednesday. Fire officials closed Ski Run Road while they battled the blaze, which jumped West Fork Road. No one was allowed to enter or leave Red Lodge Mountain. Around 3 pm, skiers in their vehicles were escorted off the mountain by Carbon County officials.","A multi-vehicle crash occurred on Interstate 90. A woman from Park City, Montana was killed after blowing smoke mixed with dirt/dust created zero visibility. The crash involved five vehicles and injured several people around 3 pm. According to the Montana Highway Patrol , speed and low visibility played a significant role in the crash. The crash occurred in the westbound lane near mile marker 432. A 67-year-old woman who died was a passenger in a Ford Edge pickup. Billings dispatch said the woman was dead on arrival.",CSV
201504,1,0,201504,30,2359,97425,591096,COLORADO,8,2015,April,Dense Smoke,Z,8,CENTRAL COLORADO RIVER BASIN,08008,GJT,01-APR-15 00:00:00,MST-7,30-APR-15 23:59:00,0,0,0,0,0.00K,0.00K,Other Federal Agency,NA,NA,NA,NA,NA,NA,NA,NA,NA,NA,NA,NA,NA,NA,NA,NA,NA,NA,NA,NA,NA,"A series of storms crossed over the region during the latter half of April and cut into the precipitation deficit over portions of western Colorado by the end of the month. Although this precipitation improved the drought situation in portions of west-central Colorado, most of the remainder of far western Colorado remained in a severe drought.",Severe drought conditions remained in place across the western portion of the zone through the month of April.,CSV
201708,2,0,201708,14,0,119599,717517,WASHINGTON,53,2017,August,Dense Smoke,Z,41,WENATCHEE AREA,53041,OTX,02-AUG-17 00:00:00,PST-8,14-AUG-17 00:00:00,0,0,0,0,0.00K,0.00K,Broadcast Media,NA,NA,NA,NA,NA,NA,NA,NA,NA,NA,NA,NA,NA,NA,NA,NA,NA,NA,NA,NA,NA,During the month of August Eastern Washington was fumigated by dense smoke palls from numerous wildfires around the region. During the second week of August smoke from wildfires in British Columbia caused air quality to drop into unhealthy levels at numerous recording sites in eastern Washington.  A cold front brought relief to the region on August 14th. During the last week of August another round of dense and widespread smoke infiltrated the region from fires in Oregon.,Unhealthy air quality was reported in the Wenatchee area due to smoke from area wildfires.,CSV
201708,2,0,201708,14,0,119599,717518,WASHINGTON,53,2017,August,Dense Smoke,Z,43,OKANOGAN VALLEY,53043,OTX,02-AUG-17 00:00:00,PST-8,14-AUG-17 00:00:00,0,0,0,0,0.00K,0.00K,Broadcast Media,NA,NA,NA,NA,NA,NA,NA,NA,NA,NA,NA,NA,NA,NA,NA,NA,NA,NA,NA,NA,NA,During the month of August Eastern Washington was fumigated by dense smoke palls from numerous wildfires around the region. During the second week of August smoke from wildfires in British Columbia caused air quality to drop into unhealthy levels at numerous recording sites in eastern Washington.  A cold front brought relief to the region on August 14th. During the last week of August another round of dense and widespread smoke infiltrated the region from fires in Oregon.,Very Unhealthy air quality was reported in the Okanogan Valley due to smoke from regional wildfires.,CSV
201708,5,0,201708,14,0,119599,717516,WASHINGTON,53,2017,August,Dense Smoke,Z,36,SPOKANE AREA,53036,OTX,05-AUG-17 00:00:00,PST-8,14-AUG-17 00:00:00,0,0,0,0,0.00K,0.00K,Broadcast Media,NA,NA,NA,NA,NA,NA,NA,NA,NA,NA,NA,NA,NA,NA,NA,NA,NA,NA,NA,NA,NA,During the month of August Eastern Washington was fumigated by dense smoke palls from numerous wildfires around the region. During the second week of August smoke from wildfires in British Columbia caused air quality to drop into unhealthy levels at numerous recording sites in eastern Washington.  A cold front brought relief to the region on August 14th. During the last week of August another round of dense and widespread smoke infiltrated the region from fires in Oregon.,Spokane Air Quality monitors indicated unhealthy conditions around the area.,CSV
201708,5,0,201708,14,0,119601,717524,IDAHO,16,2017,August,Dense Smoke,Z,26,LEWISTON AREA,16026,OTX,05-AUG-17 00:00:00,PST-8,14-AUG-17 00:00:00,0,0,0,0,0.00K,0.00K,Newspaper,NA,NA,NA,NA,NA,NA,NA,NA,NA,NA,NA,NA,NA,NA,NA,NA,NA,NA,NA,NA,NA,During the month of August North Idaho was fumigated by dense smoke palls from numerous wildfires around the region. During the first and second week of August smoke from wildfires in British Columbia caused air quality to drop into unhealthy levels at numerous recording sites in northern Idaho.  A cold front brought relief to the region on August 14th. During the last week of August another round of dense and widespread smoke infiltrated the region from fires in Oregon.,Air Quality in Lewiston deteriorated into the unhealthy category as smoke from regional wildfires infiltrated the area.,CSV
201708,2,0,201708,14,0,119601,717525,IDAHO,16,2017,August,Dense Smoke,Z,1,NORTHERN PANHANDLE,16001,OTX,02-AUG-17 00:00:00,PST-8,14-AUG-17 00:00:00,0,0,0,0,0.00K,0.00K,State Official,NA,NA,NA,NA,NA,NA,NA,NA,NA,NA,NA,NA,NA,NA,NA,NA,NA,NA,NA,NA,NA,During the month of August North Idaho was fumigated by dense smoke palls from numerous wildfires around the region. During the first and second week of August smoke from wildfires in British Columbia caused air quality to drop into unhealthy levels at numerous recording sites in northern Idaho.  A cold front brought relief to the region on August 14th. During the last week of August another round of dense and widespread smoke infiltrated the region from fires in Oregon.,The Idaho Department of Environmental Quality issued an Air Quality Warning for much of northern Idaho including the northern Panhandle due to dense smoke infiltrating from area wildfires.,CSV
201709,4,1000,201709,8,600,120684,722846,IDAHO,16,2017,September,Dense Smoke,Z,2,COEUR D'ALENE AREA,16002,OTX,04-SEP-17 10:00:00,PST-8,08-SEP-17 06:00:00,0,0,0,0,0.00K,0.00K,State Official,NA,NA,NA,NA,NA,NA,NA,NA,NA,NA,NA,NA,NA,NA,NA,NA,NA,NA,NA,NA,NA,"Smoke from numerous regional wildfires in Canada, Montana, Washington and Idaho  fumigated north Idaho from September 4th through the 8th. Air Quality sensors throughout north Idaho recorded Unhealthy and Very Unhealthy readings during much of this period, with local reports of Hazardous air quality. Public Health Advisories were issued by state authorities to limit outdoor exposure and activities. A weak cold front on the 8th brought enough wind to ventilate the region and partially clear the smoke from the area.",The Idaho Department of Health and Welfare issued a press release advising of Unhealthy to Hazardous air quality through out Idaho due to smoke from regional wild fires.,CSV
201709,4,1000,201709,8,600,120684,722847,IDAHO,16,2017,September,Dense Smoke,Z,4,CENTRAL PANHANDLE MOUNTAINS,16004,OTX,04-SEP-17 10:00:00,PST-8,08-SEP-17 06:00:00,0,0,0,0,0.00K,0.00K,State Official,NA,NA,NA,NA,NA,NA,NA,NA,NA,NA,NA,NA,NA,NA,NA,NA,NA,NA,NA,NA,NA,"Smoke from numerous regional wildfires in Canada, Montana, Washington and Idaho  fumigated north Idaho from September 4th through the 8th. Air Quality sensors throughout north Idaho recorded Unhealthy and Very Unhealthy readings during much of this period, with local reports of Hazardous air quality. Public Health Advisories were issued by state authorities to limit outdoor exposure and activities. A weak cold front on the 8th brought enough wind to ventilate the region and partially clear the smoke from the area.",The Idaho Department of Health and Welfare issued a press release advising of Unhealthy to Hazardous air quality through out Idaho due to smoke from regional wild fires.,CSV
201709,4,1000,201709,8,600,120684,722848,IDAHO,16,2017,September,Dense Smoke,Z,3,IDAHO PALOUSE,16003,OTX,04-SEP-17 10:00:00,PST-8,08-SEP-17 06:00:00,0,0,0,0,0.00K,0.00K,State Official,NA,NA,NA,NA,NA,NA,NA,NA,NA,NA,NA,NA,NA,NA,NA,NA,NA,NA,NA,NA,NA,"Smoke from numerous regional wildfires in Canada, Montana, Washington and Idaho  fumigated north Idaho from September 4th through the 8th. Air Quality sensors throughout north Idaho recorded Unhealthy and Very Unhealthy readings during much of this period, with local reports of Hazardous air quality. Public Health Advisories were issued by state authorities to limit outdoor exposure and activities. A weak cold front on the 8th brought enough wind to ventilate the region and partially clear the smoke from the area.",The Idaho Department of Health and Welfare issued a press release advising of Unhealthy to Hazardous air quality through out Idaho due to smoke from regional wild fires.,CSV
201709,4,1000,201709,8,600,120684,722849,IDAHO,16,2017,September,Dense Smoke,Z,27,LEWIS AND SOUTHERN NEZ PERCE,16027,OTX,04-SEP-17 10:00:00,PST-8,08-SEP-17 06:00:00,0,0,0,0,0.00K,0.00K,State Official,NA,NA,NA,NA,NA,NA,NA,NA,NA,NA,NA,NA,NA,NA,NA,NA,NA,NA,NA,NA,NA,"Smoke from numerous regional wildfires in Canada, Montana, Washington and Idaho  fumigated north Idaho from September 4th through the 8th. Air Quality sensors throughout north Idaho recorded Unhealthy and Very Unhealthy readings during much of this period, with local reports of Hazardous air quality. Public Health Advisories were issued by state authorities to limit outdoor exposure and activities. A weak cold front on the 8th brought enough wind to ventilate the region and partially clear the smoke from the area.",The Idaho Department of Health and Welfare issued a press release advising of Unhealthy to Hazardous air quality through out Idaho due to smoke from regional wild fires.,CSV
201709,4,1000,201709,8,600,120684,722850,IDAHO,16,2017,September,Dense Smoke,Z,26,LEWISTON AREA,16026,OTX,04-SEP-17 10:00:00,PST-8,08-SEP-17 06:00:00,0,0,0,0,0.00K,0.00K,State Official,NA,NA,NA,NA,NA,NA,NA,NA,NA,NA,NA,NA,NA,NA,NA,NA,NA,NA,NA,NA,NA,"Smoke from numerous regional wildfires in Canada, Montana, Washington and Idaho  fumigated north Idaho from September 4th through the 8th. Air Quality sensors throughout north Idaho recorded Unhealthy and Very Unhealthy readings during much of this period, with local reports of Hazardous air quality. Public Health Advisories were issued by state authorities to limit outdoor exposure and activities. A weak cold front on the 8th brought enough wind to ventilate the region and partially clear the smoke from the area.",The Idaho Department of Health and Welfare issued a press release advising of Unhealthy to Hazardous air quality through out Idaho due to smoke from regional wild fires.,CSV
201709,4,1000,201709,8,600,120684,722851,IDAHO,16,2017,September,Dense Smoke,Z,1,NORTHERN PANHANDLE,16001,OTX,04-SEP-17 10:00:00,PST-8,08-SEP-17 06:00:00,0,0,0,0,0.00K,0.00K,State Official,NA,NA,NA,NA,NA,NA,NA,NA,NA,NA,NA,NA,NA,NA,NA,NA,NA,NA,NA,NA,NA,"Smoke from numerous regional wildfires in Canada, Montana, Washington and Idaho  fumigated north Idaho from September 4th through the 8th. Air Quality sensors throughout north Idaho recorded Unhealthy and Very Unhealthy readings during much of this period, with local reports of Hazardous air quality. Public Health Advisories were issued by state authorities to limit outdoor exposure and activities. A weak cold front on the 8th brought enough wind to ventilate the region and partially clear the smoke from the area.",The Idaho Department of Health and Welfare issued a press release advising of Unhealthy to Hazardous air quality through out Idaho due to smoke from regional wild fires.,CSV
201709,4,700,201709,8,1000,120685,722852,WASHINGTON,53,2017,September,Dense Smoke,Z,36,SPOKANE AREA,53036,OTX,04-SEP-17 07:00:00,PST-8,08-SEP-17 10:00:00,0,0,0,0,0.00K,0.00K,Local Official,NA,NA,NA,NA,NA,NA,NA,NA,NA,NA,NA,NA,NA,NA,NA,NA,NA,NA,NA,NA,NA,"Smoke from numerous regional wildfires in Canada, Montana, Oregon and Washington fumigated eastern Washington from September 4th through the 8th. Air Quality sensors throughout eastern Washington recorded Unhealthy and Very Unhealthy readings during much of this period, with local reports of Hazardous air quality. Public Health Advisories were issued by local authorities to limit outdoor exposure and activities. A weak cold front on the 8th brought enough wind to ventilate the region and partially clear the smoke from the area.",The Spokane Regional Clean Air Agency reported Very Unhealthy air quality at their monitoring station in Spokane.,CSV
201709,4,700,201709,8,1000,120685,722853,WASHINGTON,53,2017,September,Dense Smoke,Z,33,WASHINGTON PALOUSE,53033,OTX,04-SEP-17 07:00:00,PST-8,08-SEP-17 10:00:00,0,0,0,0,0.00K,0.00K,State Official,NA,NA,NA,NA,NA,NA,NA,NA,NA,NA,NA,NA,NA,NA,NA,NA,NA,NA,NA,NA,NA,"Smoke from numerous regional wildfires in Canada, Montana, Oregon and Washington fumigated eastern Washington from September 4th through the 8th. Air Quality sensors throughout eastern Washington recorded Unhealthy and Very Unhealthy readings during much of this period, with local reports of Hazardous air quality. Public Health Advisories were issued by local authorities to limit outdoor exposure and activities. A weak cold front on the 8th brought enough wind to ventilate the region and partially clear the smoke from the area.",The Washington State Department of Ecology reported Hazardous air quality readings at their monitoring station in Pullman and Rosalia.,CSV
201709,4,700,201709,8,1000,120685,722854,WASHINGTON,53,2017,September,Dense Smoke,Z,37,NORTHEAST MOUNTAINS,53037,OTX,04-SEP-17 07:00:00,PST-8,08-SEP-17 10:00:00,0,0,0,0,0.00K,0.00K,State Official,NA,NA,NA,NA,NA,NA,NA,NA,NA,NA,NA,NA,NA,NA,NA,NA,NA,NA,NA,NA,NA,"Smoke from numerous regional wildfires in Canada, Montana, Oregon and Washington fumigated eastern Washington from September 4th through the 8th. Air Quality sensors throughout eastern Washington recorded Unhealthy and Very Unhealthy readings during much of this period, with local reports of Hazardous air quality. Public Health Advisories were issued by local authorities to limit outdoor exposure and activities. A weak cold front on the 8th brought enough wind to ventilate the region and partially clear the smoke from the area.",The Washington State Department of Ecology reported Hazardous air quality readings at their monitoring station in Newport.,CSV
201709,4,700,201709,8,1000,120685,722855,WASHINGTON,53,2017,September,Dense Smoke,Z,41,WENATCHEE AREA,53041,OTX,04-SEP-17 07:00:00,PST-8,08-SEP-17 10:00:00,0,0,0,0,0.00K,0.00K,State Official,NA,NA,NA,NA,NA,NA,NA,NA,NA,NA,NA,NA,NA,NA,NA,NA,NA,NA,NA,NA,NA,"Smoke from numerous regional wildfires in Canada, Montana, Oregon and Washington fumigated eastern Washington from September 4th through the 8th. Air Quality sensors throughout eastern Washington recorded Unhealthy and Very Unhealthy readings during much of this period, with local reports of Hazardous air quality. Public Health Advisories were issued by local authorities to limit outdoor exposure and activities. A weak cold front on the 8th brought enough wind to ventilate the region and partially clear the smoke from the area.",The Washington State Department of Ecology reported Very Unhealthy air quality readings at their monitoring station in Wenatchee.,CSV
201709,4,700,201709,8,1000,120685,722856,WASHINGTON,53,2017,September,Dense Smoke,Z,43,OKANOGAN VALLEY,53043,OTX,04-SEP-17 07:00:00,PST-8,08-SEP-17 10:00:00,0,0,0,0,0.00K,0.00K,State Official,NA,NA,NA,NA,NA,NA,NA,NA,NA,NA,NA,NA,NA,NA,NA,NA,NA,NA,NA,NA,NA,"Smoke from numerous regional wildfires in Canada, Montana, Oregon and Washington fumigated eastern Washington from September 4th through the 8th. Air Quality sensors throughout eastern Washington recorded Unhealthy and Very Unhealthy readings during much of this period, with local reports of Hazardous air quality. Public Health Advisories were issued by local authorities to limit outdoor exposure and activities. A weak cold front on the 8th brought enough wind to ventilate the region and partially clear the smoke from the area.",The Washington State Department of Ecology reported Very Unhealthy air quality readings at their monitoring station at Omak.,CSV
201806,29,2100,201806,30,2359,126429,757936,COLORADO,8,2018,June,Dense Smoke,Z,19,SOUTHWESTERN SAN JUAN MOUNTAINS,08019,GJT,29-JUN-18 21:00:00,MST-7,30-JUN-18 23:59:00,0,0,0,0,0.00K,0.00K,NWS Employee,NA,NA,NA,NA,NA,NA,NA,NA,NA,NA,NA,NA,NA,NA,NA,NA,NA,NA,NA,NA,NA,"Dense smoke settled into the southwest San Juan Mountains and the Animas River Basin during the overnight and early morning hours from a combination of the 416 and Burro wildfires in the San Juan Mountains. Although widespread dense smoke diminished by the mid-morning hours, localized areas of dense smoke persisted throughout the day.",Dense smoke occurred across much of the southwest San Juan Mountains in La Plata County. The NWS Incident Meteorologist assigned to the 416 Wildfire confirmed visibilities dropped below a 1/4 mile.,CSV
201806,29,2100,201806,30,2359,126429,757934,COLORADO,8,2018,June,Dense Smoke,Z,22,ANIMAS RIVER BASIN,08022,GJT,29-JUN-18 21:00:00,MST-7,30-JUN-18 23:59:00,0,0,0,0,0.00K,0.00K,NWS Employee,NA,NA,NA,NA,NA,NA,NA,NA,NA,NA,NA,NA,NA,NA,NA,NA,NA,NA,NA,NA,NA,"Dense smoke settled into the southwest San Juan Mountains and the Animas River Basin during the overnight and early morning hours from a combination of the 416 and Burro wildfires in the San Juan Mountains. Although widespread dense smoke diminished by the mid-morning hours, localized areas of dense smoke persisted throughout the day.",Dense smoke occurred across much of the Animas River Basin. The NWS Incident Meteorologist assigned to the 416 Wildfire confirmed visibilities dropped below a 1/4 mile.,CSV
201806,6,2000,201806,13,1100,126428,757929,COLORADO,8,2018,June,Dense Smoke,Z,22,ANIMAS RIVER BASIN,08022,GJT,06-JUN-18 20:00:00,MST-7,13-JUN-18 11:00:00,0,0,0,0,0.00K,0.00K,NWS Employee,NA,NA,NA,NA,NA,NA,NA,NA,NA,NA,NA,NA,NA,NA,NA,NA,NA,NA,NA,NA,NA,"Dense smoke repeatedly settled into the southwest San Juan Mountains and the Animas River Basin during the overnight and early morning hours from a combination of the 416 and Burro wildfires in the San Juan Mountains. Widespread dense smoke usually diminished by the mid-morning hours, although localized areas of dense smoke persisted throughout each day.",Dense smoke occurred each night and through the early morning hours across much of the Animas River Basin. The NWS Incident Meteorologist assigned to the 416 Wildfire confirmed visibilities dropped below a 1/4 mile.,CSV
201806,7,1900,201806,13,1100,126428,757938,COLORADO,8,2018,June,Dense Smoke,Z,19,SOUTHWESTERN SAN JUAN MOUNTAINS,08019,GJT,07-JUN-18 19:00:00,MST-7,13-JUN-18 11:00:00,0,0,0,0,0.00K,0.00K,NWS Employee,NA,NA,NA,NA,NA,NA,NA,NA,NA,NA,NA,NA,NA,NA,NA,NA,NA,NA,NA,NA,NA,"Dense smoke repeatedly settled into the southwest San Juan Mountains and the Animas River Basin during the overnight and early morning hours from a combination of the 416 and Burro wildfires in the San Juan Mountains. Widespread dense smoke usually diminished by the mid-morning hours, although localized areas of dense smoke persisted throughout each day.",Dense smoke occurred each night and through the early morning hours across much of the southwest San Juan Mountains in La Plata and San Juan Counties. The NWS Incident Meteorologist assigned to the 416 Wildfire confirmed visibilities dropped below a 1/4 mile.,CSV
201808,3,0,201808,27,0,129802,777521,WASHINGTON,53,2018,August,Dense Smoke,Z,38,OKANOGAN HIGHLANDS,53038,OTX,03-AUG-18 00:00:00,PST-8,27-AUG-18 00:00:00,0,0,0,0,0.00K,0.00K,Other Federal Agency,NA,NA,NA,NA,NA,NA,NA,NA,NA,NA,NA,NA,NA,NA,NA,NA,NA,NA,NA,NA,NA,"Multiple large wildfires in the Cascades and the mountains of northeast Washington produced copious quantities of dense smoke through much of the month of August. The Methow Valley in particular was bracketed by two large fires, the McCleod fire to the north and the Crescent Mountain Fire to the south. Smoke from these fires produced nearly continuous Unhealthy air quality and occasionally Hazardous air quality in Twisp and Winthrop between August 3rd and August 27th, when a cold front passed through and ventilated the region. ||The communities of Omak, Tonasket, Republic and Colville also suffered long periods of Unhealthy air quality conditions from these fires and the Boyds Fire near Kettle Falls, as well as occasional smoke intrusion from large wildfires in British Columbia.","An air quality sensor in Nespelem recorded periods of Unhealthy air quality due to smoke from area wildfires through much of August. Air quality deteriorated into the Hazardous range for much of August 19th, and fluctuated between Unhealthy and Unhealthy for Sensitive Groups until a frontal passage brought breezy conditions and some rain on August 27th.",CSV
201808,3,0,201808,27,1500,129802,777522,WASHINGTON,53,2018,August,Dense Smoke,Z,38,OKANOGAN HIGHLANDS,53038,OTX,03-AUG-18 00:00:00,PST-8,27-AUG-18 15:00:00,0,0,0,0,0.00K,0.00K,Other Federal Agency,NA,NA,NA,NA,NA,NA,NA,NA,NA,NA,NA,NA,NA,NA,NA,NA,NA,NA,NA,NA,NA,"Multiple large wildfires in the Cascades and the mountains of northeast Washington produced copious quantities of dense smoke through much of the month of August. The Methow Valley in particular was bracketed by two large fires, the McCleod fire to the north and the Crescent Mountain Fire to the south. Smoke from these fires produced nearly continuous Unhealthy air quality and occasionally Hazardous air quality in Twisp and Winthrop between August 3rd and August 27th, when a cold front passed through and ventilated the region. ||The communities of Omak, Tonasket, Republic and Colville also suffered long periods of Unhealthy air quality conditions from these fires and the Boyds Fire near Kettle Falls, as well as occasional smoke intrusion from large wildfires in British Columbia.",An air quality sensor in Inchelium recorded periods of Unhealthy air quality due to smoke from area wildfires through much of August. Air quality deteriorated into the Very Unhealthy and Hazardous range from August 19th through August 20th before marginally improving until a cold front passage on August 27th.,CSV
201808,3,0,201808,27,0,129802,777524,WASHINGTON,53,2018,August,Dense Smoke,Z,43,OKANOGAN VALLEY,53043,OTX,03-AUG-18 00:00:00,PST-8,27-AUG-18 00:00:00,0,0,0,0,0.00K,0.00K,Other Federal Agency,NA,NA,NA,NA,NA,NA,NA,NA,NA,NA,NA,NA,NA,NA,NA,NA,NA,NA,NA,NA,NA,"Multiple large wildfires in the Cascades and the mountains of northeast Washington produced copious quantities of dense smoke through much of the month of August. The Methow Valley in particular was bracketed by two large fires, the McCleod fire to the north and the Crescent Mountain Fire to the south. Smoke from these fires produced nearly continuous Unhealthy air quality and occasionally Hazardous air quality in Twisp and Winthrop between August 3rd and August 27th, when a cold front passed through and ventilated the region. ||The communities of Omak, Tonasket, Republic and Colville also suffered long periods of Unhealthy air quality conditions from these fires and the Boyds Fire near Kettle Falls, as well as occasional smoke intrusion from large wildfires in British Columbia.",The air quality sensor at Omak recorded Unhealthy air quality through most of the month of August. On August 19th and 20th air quality deteriorated into the Hazardous range before moderating back to Unhealthy until a cold front passage cleared out the smoke on August 27th.,CSV
201808,3,0,201808,27,1500,129802,777525,WASHINGTON,53,2018,August,Dense Smoke,Z,38,OKANOGAN HIGHLANDS,53038,OTX,03-AUG-18 00:00:00,PST-8,27-AUG-18 15:00:00,0,0,0,0,0.00K,0.00K,Other Federal Agency,NA,NA,NA,NA,NA,NA,NA,NA,NA,NA,NA,NA,NA,NA,NA,NA,NA,NA,NA,NA,NA,"Multiple large wildfires in the Cascades and the mountains of northeast Washington produced copious quantities of dense smoke through much of the month of August. The Methow Valley in particular was bracketed by two large fires, the McCleod fire to the north and the Crescent Mountain Fire to the south. Smoke from these fires produced nearly continuous Unhealthy air quality and occasionally Hazardous air quality in Twisp and Winthrop between August 3rd and August 27th, when a cold front passed through and ventilated the region. ||The communities of Omak, Tonasket, Republic and Colville also suffered long periods of Unhealthy air quality conditions from these fires and the Boyds Fire near Kettle Falls, as well as occasional smoke intrusion from large wildfires in British Columbia.",An air quality sensor in Republic recorded almost continuous Unhealthy air quality due to smoke from area wildfires through much of August. Air quality deteriorated into the Very Unhealthy and Hazardous range from August 19th through August 20th. Air Quality fluctuated between Unhealthy and Very Unhealthy until a cold front passage on August 27th ventilated the region.,CSV
201808,3,0,201808,27,1600,129802,777526,WASHINGTON,53,2018,August,Dense Smoke,Z,37,NORTHEAST MOUNTAINS,53037,OTX,03-AUG-18 00:00:00,PST-8,27-AUG-18 16:00:00,0,0,0,0,0.00K,0.00K,Other Federal Agency,NA,NA,NA,NA,NA,NA,NA,NA,NA,NA,NA,NA,NA,NA,NA,NA,NA,NA,NA,NA,NA,"Multiple large wildfires in the Cascades and the mountains of northeast Washington produced copious quantities of dense smoke through much of the month of August. The Methow Valley in particular was bracketed by two large fires, the McCleod fire to the north and the Crescent Mountain Fire to the south. Smoke from these fires produced nearly continuous Unhealthy air quality and occasionally Hazardous air quality in Twisp and Winthrop between August 3rd and August 27th, when a cold front passed through and ventilated the region. ||The communities of Omak, Tonasket, Republic and Colville also suffered long periods of Unhealthy air quality conditions from these fires and the Boyds Fire near Kettle Falls, as well as occasional smoke intrusion from large wildfires in British Columbia.",An air quality sensor in Colville recorded occasional periods of Unhealthy air quality with a few spikes into the Very Unhealthy range due to smoke from area wildfires through much of August.,CSV
201808,3,0,201808,27,1500,129802,777523,WASHINGTON,53,2018,August,Dense Smoke,Z,42,EAST SLOPES NORTHERN CASCADES,53042,OTX,03-AUG-18 00:00:00,PST-8,27-AUG-18 15:00:00,0,0,0,0,0.00K,0.00K,Other Federal Agency,NA,NA,NA,NA,NA,NA,NA,NA,NA,NA,NA,NA,NA,NA,NA,NA,NA,NA,NA,NA,NA,"Multiple large wildfires in the Cascades and the mountains of northeast Washington produced copious quantities of dense smoke through much of the month of August. The Methow Valley in particular was bracketed by two large fires, the McCleod fire to the north and the Crescent Mountain Fire to the south. Smoke from these fires produced nearly continuous Unhealthy air quality and occasionally Hazardous air quality in Twisp and Winthrop between August 3rd and August 27th, when a cold front passed through and ventilated the region. ||The communities of Omak, Tonasket, Republic and Colville also suffered long periods of Unhealthy air quality conditions from these fires and the Boyds Fire near Kettle Falls, as well as occasional smoke intrusion from large wildfires in British Columbia.",An air quality sensor at Winthrop recorded Unhealthy air quality from August 3rd through August 27th with occasional spikes into the Very Unhealthy category. This sustained period of Unhealthy air quality was the result of large nearby wildfires and was only alleviated with a breezy cold front passage on August 27th.,CSV
201808,20,2200,201808,21,1800,129803,777530,IDAHO,16,2018,August,Dense Smoke,Z,26,LEWISTON AREA,16026,OTX,20-AUG-18 22:00:00,PST-8,21-AUG-18 18:00:00,0,0,0,0,0.00K,0.00K,Other Federal Agency,NA,NA,NA,NA,NA,NA,NA,NA,NA,NA,NA,NA,NA,NA,NA,NA,NA,NA,NA,NA,NA,"During the month of August numerous large wildfires in north Idaho, northeast Washington, Montana and British Columbia contributed to periods of Unhealthy air quality with a few readings in the Hazardous category in North Idaho. The Northern Idaho Panhandle with several large wildfires burning nearby suffered the worst and most persistent air quality issues, while more southerly locations more distant from active fires only occasionally witnessed severely degraded air quality.",The air quality sensor in Lewiston recorded a period of Unhealthy to Very Unhealthy air quality on August 21st due to smoke from regional wildfires.,CSV
201808,19,1600,201808,27,1400,129803,777531,IDAHO,16,2018,August,Dense Smoke,Z,1,NORTHERN PANHANDLE,16001,OTX,19-AUG-18 16:00:00,PST-8,27-AUG-18 14:00:00,0,0,0,0,0.00K,0.00K,Other Federal Agency,NA,NA,NA,NA,NA,NA,NA,NA,NA,NA,NA,NA,NA,NA,NA,NA,NA,NA,NA,NA,NA,"During the month of August numerous large wildfires in north Idaho, northeast Washington, Montana and British Columbia contributed to periods of Unhealthy air quality with a few readings in the Hazardous category in North Idaho. The Northern Idaho Panhandle with several large wildfires burning nearby suffered the worst and most persistent air quality issues, while more southerly locations more distant from active fires only occasionally witnessed severely degraded air quality.","Air quality Sensors at Sandpoint and near Bonners Ferry measured periods of Unhealthy air quality during the third week of August due to smoke from nearby wildfires. Air quality deteriorated into the Hazardous range at both locations on August 19th and 20th, and remained occasionally Unhealthy until a cold front passage with significant rain passed through the region on August 27th.",CSV
201808,20,0,201808,27,1500,129803,777532,IDAHO,16,2018,August,Dense Smoke,Z,2,COEUR D'ALENE AREA,16002,OTX,20-AUG-18 00:00:00,PST-8,27-AUG-18 15:00:00,0,0,0,0,0.00K,0.00K,Other Federal Agency,NA,NA,NA,NA,NA,NA,NA,NA,NA,NA,NA,NA,NA,NA,NA,NA,NA,NA,NA,NA,NA,"During the month of August numerous large wildfires in north Idaho, northeast Washington, Montana and British Columbia contributed to periods of Unhealthy air quality with a few readings in the Hazardous category in North Idaho. The Northern Idaho Panhandle with several large wildfires burning nearby suffered the worst and most persistent air quality issues, while more southerly locations more distant from active fires only occasionally witnessed severely degraded air quality.",An air quality sensor near Hayden recorded periods of Unhealthy air quality during the third week of August as smoke from regional wildfires drifted into the area. Air quality  deteriorated into the Very Unhealthy range for much of August 20th and into the 21st.,CSV
201808,19,1200,201808,21,1500,129804,777528,WASHINGTON,53,2018,August,Dense Smoke,Z,34,MOSES LAKE AREA,53034,OTX,19-AUG-18 12:00:00,PST-8,21-AUG-18 15:00:00,0,0,0,0,0.00K,0.00K,Other Federal Agency,NA,NA,NA,NA,NA,NA,NA,NA,NA,NA,NA,NA,NA,NA,NA,NA,NA,NA,NA,NA,NA,"During the month of August numerous large wildfires in north Idaho, northeast Washington, Montana and British Columbia contributed to periods of Unhealthy and occasionally Hazardous air quality conditions in the Columbia Basin of Eastern Washington. The period from August 13th through August 28th was especially smoky with numerous Air Quality Advisories issued by local, state and tribal authorities.",An air quality sensor in Quincy recorded generally Unhealthy air quality with occasional spikes into the Very Unhealthy and Hazardous range from August 19th through the 21st as smoke from regional wildfires blew into the region.,CSV
201808,20,1100,201808,21,2300,129804,777529,WASHINGTON,53,2018,August,Dense Smoke,Z,34,MOSES LAKE AREA,53034,OTX,20-AUG-18 11:00:00,PST-8,21-AUG-18 23:00:00,0,0,0,0,0.00K,0.00K,Other Federal Agency,NA,NA,NA,NA,NA,NA,NA,NA,NA,NA,NA,NA,NA,NA,NA,NA,NA,NA,NA,NA,NA,"During the month of August numerous large wildfires in north Idaho, northeast Washington, Montana and British Columbia contributed to periods of Unhealthy and occasionally Hazardous air quality conditions in the Columbia Basin of Eastern Washington. The period from August 13th through August 28th was especially smoky with numerous Air Quality Advisories issued by local, state and tribal authorities.",An air quality sensor in Moses Lake recorded generally Unhealthy air quality with a brief peak into the Very Unhealthy range from August 20th through the 21st as smoke from regional wildfires blew into the region.,CSV
201808,16,0,201808,27,0,129804,777533,WASHINGTON,53,2018,August,Dense Smoke,Z,36,SPOKANE AREA,53036,OTX,16-AUG-18 00:00:00,PST-8,27-AUG-18 00:00:00,0,0,0,0,0.00K,0.00K,Other Federal Agency,NA,NA,NA,NA,NA,NA,NA,NA,NA,NA,NA,NA,NA,NA,NA,NA,NA,NA,NA,NA,NA,"During the month of August numerous large wildfires in north Idaho, northeast Washington, Montana and British Columbia contributed to periods of Unhealthy and occasionally Hazardous air quality conditions in the Columbia Basin of Eastern Washington. The period from August 13th through August 28th was especially smoky with numerous Air Quality Advisories issued by local, state and tribal authorities.",The air quality sensors in the Spokane area recorded generally Unhealthy air quality with a period of Hazardous air quality during the second and third weeks of August as smoke from regional wildfires infiltrated the region. Air quality deteriorated into the Hazardous range for much of August 20th and 21st and remained generally Unhealthy until a cold front passage ventilated the area on August 27th.,CSV
201808,19,1700,201808,24,1300,129804,777520,WASHINGTON,53,2018,August,Dense Smoke,Z,41,WENATCHEE AREA,53041,OTX,19-AUG-18 17:00:00,PST-8,24-AUG-18 13:00:00,0,0,0,0,0.00K,0.00K,Other Federal Agency,NA,NA,NA,NA,NA,NA,NA,NA,NA,NA,NA,NA,NA,NA,NA,NA,NA,NA,NA,NA,NA,"During the month of August numerous large wildfires in north Idaho, northeast Washington, Montana and British Columbia contributed to periods of Unhealthy and occasionally Hazardous air quality conditions in the Columbia Basin of Eastern Washington. The period from August 13th through August 28th was especially smoky with numerous Air Quality Advisories issued by local, state and tribal authorities.",An air quality sensor in Wenatchee recorded a period of Unhealthy to Hazardous air quality during the third week of August. On August 21st and 22nd smoke concentration peaked in the city with air quality spiking into the Hazardous range.,CSV
201808,3,0,201808,27,1500,129802,777519,WASHINGTON,53,2018,August,Dense Smoke,Z,42,EAST SLOPES NORTHERN CASCADES,53042,OTX,03-AUG-18 00:00:00,PST-8,27-AUG-18 15:00:00,0,0,0,0,0.00K,0.00K,Other Federal Agency,NA,NA,NA,NA,NA,NA,NA,NA,NA,NA,NA,NA,NA,NA,NA,NA,NA,NA,NA,NA,NA,"Multiple large wildfires in the Cascades and the mountains of northeast Washington produced copious quantities of dense smoke through much of the month of August. The Methow Valley in particular was bracketed by two large fires, the McCleod fire to the north and the Crescent Mountain Fire to the south. Smoke from these fires produced nearly continuous Unhealthy air quality and occasionally Hazardous air quality in Twisp and Winthrop between August 3rd and August 27th, when a cold front passed through and ventilated the region. ||The communities of Omak, Tonasket, Republic and Colville also suffered long periods of Unhealthy air quality conditions from these fires and the Boyds Fire near Kettle Falls, as well as occasional smoke intrusion from large wildfires in British Columbia.",An air quality sensor at Twisp recorded Unhealthy air quality from August 3rd through August 27th with occasional spikes into the Hazardous category. A cold front passage on August 27th brought breezy westerly winds which ventilated the area.,CSV
201807,1,0,201807,5,900,126430,757941,COLORADO,8,2018,July,Dense Smoke,Z,19,SOUTHWESTERN SAN JUAN MOUNTAINS,08019,GJT,01-JUL-18 00:00:00,MST-7,05-JUL-18 09:00:00,0,0,0,0,0.00K,0.00K,NWS Employee,NA,NA,NA,NA,NA,NA,NA,NA,NA,NA,NA,NA,NA,NA,NA,NA,NA,NA,NA,NA,NA,Dense smoke repeatedly settled into the southwest San Juan Mountains and the Animas River Basin during the overnight and early morning hours from a combination of smoke from the 416 and Burro wildfires in the San Juan Mountains. Widespread dense smoke would diminish by the mid morning hours with localized areas of dense smoke persisting throughout each day.,Dense smoke occurred each night and through the early morning hours across much of the southwest San Juan Mountains. The NWS Incident Meteorologist assigned to the 416 Wildfire confirmed visibilities dropped below a 1/4 mile each morning.,CSV
201807,1,0,201807,5,900,126430,757940,COLORADO,8,2018,July,Dense Smoke,Z,22,ANIMAS RIVER BASIN,08022,GJT,01-JUL-18 00:00:00,MST-7,05-JUL-18 09:00:00,0,0,0,0,0.00K,0.00K,NWS Employee,NA,NA,NA,NA,NA,NA,NA,NA,NA,NA,NA,NA,NA,NA,NA,NA,NA,NA,NA,NA,NA,Dense smoke repeatedly settled into the southwest San Juan Mountains and the Animas River Basin during the overnight and early morning hours from a combination of smoke from the 416 and Burro wildfires in the San Juan Mountains. Widespread dense smoke would diminish by the mid morning hours with localized areas of dense smoke persisting throughout each day.,Dense smoke occurred each night and through the early morning hours across much of the Animas River Basin. The NWS Incident Meteorologist assigned to the 416 Wildfire confirmed visibilities dropped below a 1/4 mile each morning.,CSV
201811,10,1500,201811,11,400,131954,789451,CALIFORNIA,6,2018,November,Dense Smoke,Z,17,SOUTHERN SACRAMENTO VALLEY,06017,STO,10-NOV-18 15:00:00,PST-8,11-NOV-18 04:00:00,0,0,0,0,0.00K,0.00K,ASOS,NA,NA,NA,NA,NA,NA,NA,NA,NA,NA,NA,NA,NA,NA,NA,NA,NA,NA,NA,NA,NA,"Wildfire smoke brought areas of dense smoke, with visibility levels at times dropping to less than a half mile. Hazardous air quality was measured across much of the Central Valley and Delta, causing numerous school and outdoor event cancellations.",Dense smoke dropped visibilities down to a mile or less across across the southern Sacramento Valley. Air quality measurements were in the Unhealthy to Very Unhealthy range.,CSV
201811,10,1500,201811,11,400,131954,789452,CALIFORNIA,6,2018,November,Dense Smoke,Z,15,NORTHERN SACRAMENTO VALLEY,06015,STO,10-NOV-18 15:00:00,PST-8,11-NOV-18 04:00:00,0,0,0,0,0.00K,0.00K,ASOS,NA,NA,NA,NA,NA,NA,NA,NA,NA,NA,NA,NA,NA,NA,NA,NA,NA,NA,NA,NA,NA,"Wildfire smoke brought areas of dense smoke, with visibility levels at times dropping to less than a half mile. Hazardous air quality was measured across much of the Central Valley and Delta, causing numerous school and outdoor event cancellations.",Dense smoke dropped visibilities down to a mile or less across across the northern Sacramento Valley. Air quality measurements were in the Unhealthy to Very Unhealthy range.,CSV
201811,10,1500,201811,11,400,131954,789453,CALIFORNIA,6,2018,November,Dense Smoke,Z,19,NORTHERN SAN JOAQUIN VALLEY,06019,STO,10-NOV-18 15:00:00,PST-8,11-NOV-18 04:00:00,0,0,0,0,0.00K,0.00K,ASOS,NA,NA,NA,NA,NA,NA,NA,NA,NA,NA,NA,NA,NA,NA,NA,NA,NA,NA,NA,NA,NA,"Wildfire smoke brought areas of dense smoke, with visibility levels at times dropping to less than a half mile. Hazardous air quality was measured across much of the Central Valley and Delta, causing numerous school and outdoor event cancellations.",Dense smoke dropped visibilities down to a mile or less across across the northern San Joaquin Valley. Air quality measurements were in the Unhealthy range.,CSV
201811,10,1500,201811,11,400,131954,789454,CALIFORNIA,6,2018,November,Dense Smoke,Z,18,CARQUINEZ STRAIT AND DELTA,06018,STO,10-NOV-18 15:00:00,PST-8,11-NOV-18 04:00:00,0,0,0,0,0.00K,0.00K,ASOS,NA,NA,NA,NA,NA,NA,NA,NA,NA,NA,NA,NA,NA,NA,NA,NA,NA,NA,NA,NA,NA,"Wildfire smoke brought areas of dense smoke, with visibility levels at times dropping to less than a half mile. Hazardous air quality was measured across much of the Central Valley and Delta, causing numerous school and outdoor event cancellations.",Dense smoke dropped visibilities down to a mile or less across across the Delta. Air quality measurements were in the Unhealthy range.,CSV
201811,10,1500,201811,11,400,131954,789455,CALIFORNIA,6,2018,November,Dense Smoke,Z,66,NORTHEAST FOOTHILLS/SACRAMENTO VALLEY,06066,STO,10-NOV-18 15:00:00,PST-8,11-NOV-18 04:00:00,0,0,0,0,0.00K,0.00K,ASOS,NA,NA,NA,NA,NA,NA,NA,NA,NA,NA,NA,NA,NA,NA,NA,NA,NA,NA,NA,NA,NA,"Wildfire smoke brought areas of dense smoke, with visibility levels at times dropping to less than a half mile. Hazardous air quality was measured across much of the Central Valley and Delta, causing numerous school and outdoor event cancellations.","Dense smoke dropped visibilities down to a mile or less across across the central Sacramento Valley. Air quality measurements were in the Unhealthy to Very Unhealthy range. The Butte County Office of Education closed all public schools in the county through Friday, Nov. 23. Chico State University suspended classes until Monday, Nov. 26.",CSV
201811,16,900,201811,16,1500,131809,788380,CALIFORNIA,6,2018,November,Dense Smoke,Z,6,SAN FRANCISCO,06006,MTR,16-NOV-18 09:00:00,PST-8,16-NOV-18 15:00:00,0,0,0,0,0.00K,0.00K,Broadcast Media,NA,NA,NA,NA,NA,NA,NA,NA,NA,NA,NA,NA,NA,NA,NA,NA,NA,NA,NA,NA,NA,"Wildfire smoke from the Camp Fire in northern California brought widespread unhealthy air quality to the Central Coast and the Bay Area through late November. A persistent upper ridge over the eastern Pacific kept conditions fairly stagnant with light offshore winds ushering in smoke to the area. It was not until an upper trough brought a fresh air mass and precipitation that conditions returned to normal on November 21st. The poor air quality resulted in multiple events across the region being canceled, delays at major airports, and numerous closures of schools as well as places of employment.",Wildfire smoke prompts school closures in San Francisco https://abc7news.com/bay-area-schools-close-due-to-poor-air-quality-caused-by-smoke-from-camp-fire/4697038/.,CSV
201811,16,900,201811,16,1500,131809,788383,CALIFORNIA,6,2018,November,Dense Smoke,Z,505,COASTAL NORTH BAY INCLUDING POINT REYES NATIONAL SEASHORE,06505,MTR,16-NOV-18 09:00:00,PST-8,16-NOV-18 15:00:00,0,0,0,0,0.00K,0.00K,Broadcast Media,NA,NA,NA,NA,NA,NA,NA,NA,NA,NA,NA,NA,NA,NA,NA,NA,NA,NA,NA,NA,NA,"Wildfire smoke from the Camp Fire in northern California brought widespread unhealthy air quality to the Central Coast and the Bay Area through late November. A persistent upper ridge over the eastern Pacific kept conditions fairly stagnant with light offshore winds ushering in smoke to the area. It was not until an upper trough brought a fresh air mass and precipitation that conditions returned to normal on November 21st. The poor air quality resulted in multiple events across the region being canceled, delays at major airports, and numerous closures of schools as well as places of employment.",Wildfire smoke forces school closures in Marin County https://www.newsweek.com/san-francisco-wildfire-smoke-forecast-public-schools-closing-air-quality-poor-1218443.,CSV
201811,16,900,201811,16,1500,131809,788384,CALIFORNIA,6,2018,November,Dense Smoke,Z,506,NORTH BAY INTERIOR VALLEYS,06506,MTR,16-NOV-18 09:00:00,PST-8,16-NOV-18 15:00:00,0,0,0,0,0.00K,0.00K,Broadcast Media,NA,NA,NA,NA,NA,NA,NA,NA,NA,NA,NA,NA,NA,NA,NA,NA,NA,NA,NA,NA,NA,"Wildfire smoke from the Camp Fire in northern California brought widespread unhealthy air quality to the Central Coast and the Bay Area through late November. A persistent upper ridge over the eastern Pacific kept conditions fairly stagnant with light offshore winds ushering in smoke to the area. It was not until an upper trough brought a fresh air mass and precipitation that conditions returned to normal on November 21st. The poor air quality resulted in multiple events across the region being canceled, delays at major airports, and numerous closures of schools as well as places of employment.",Wildfire smoke forces school closures in Napa https://www.newsweek.com/san-francisco-wildfire-smoke-forecast-public-schools-closing-air-quality-poor-1218443.,CSV
201811,15,800,201811,16,1700,131809,788393,CALIFORNIA,6,2018,November,Dense Smoke,Z,513,SANTA CLARA VALLEY INCLUDING SAN JOSE,06513,MTR,15-NOV-18 08:00:00,PST-8,16-NOV-18 17:00:00,0,0,0,0,0.00K,0.00K,Broadcast Media,NA,NA,NA,NA,NA,NA,NA,NA,NA,NA,NA,NA,NA,NA,NA,NA,NA,NA,NA,NA,NA,"Wildfire smoke from the Camp Fire in northern California brought widespread unhealthy air quality to the Central Coast and the Bay Area through late November. A persistent upper ridge over the eastern Pacific kept conditions fairly stagnant with light offshore winds ushering in smoke to the area. It was not until an upper trough brought a fresh air mass and precipitation that conditions returned to normal on November 21st. The poor air quality resulted in multiple events across the region being canceled, delays at major airports, and numerous closures of schools as well as places of employment.",Poor air quality from wildfire smoke caused San Jose State University to cancel classes https://www.bizjournals.com/sanjose/news/2018/11/15/bay-area-camp-fire-smoke-business-impact-closures.html.,CSV
201811,9,900,201811,9,1500,131808,788375,CALIFORNIA,6,2018,November,Dense Smoke,Z,506,NORTH BAY INTERIOR VALLEYS,06506,MTR,09-NOV-18 09:00:00,PST-8,09-NOV-18 15:00:00,0,0,0,0,0.00K,0.00K,Broadcast Media,NA,NA,NA,NA,NA,NA,NA,NA,NA,NA,NA,NA,NA,NA,NA,NA,NA,NA,NA,NA,NA,"Wildfire smoke from the Camp Fire in northern California brought widespread unhealthy air quality to the Central Coast and the Bay Area through late November. A persistent upper ridge over the eastern Pacific kept conditions fairly stagnant with light offshore winds ushering in smoke to the area. It was not until an upper trough brought a fresh air mass and precipitation that conditions returned to normal on November 21st. The poor air quality resulted in multiple events across the region being canceled, delays at major airports, and numerous closures of schools as well as places of employment.",Unhealthy air quality from wildfire smoke prompted closures of all Santa Rosa city and Petaluma City schools https://abc7news.com/health/poor-air-quality-triggers-dozens-of-school-closures-in-bay-area/4653739/.,CSV
201811,9,900,201811,9,1800,131808,788385,CALIFORNIA,6,2018,November,Dense Smoke,Z,506,NORTH BAY INTERIOR VALLEYS,06506,MTR,09-NOV-18 09:00:00,PST-8,09-NOV-18 18:00:00,0,0,0,0,0.00K,0.00K,Broadcast Media,NA,NA,NA,NA,NA,NA,NA,NA,NA,NA,NA,NA,NA,NA,NA,NA,NA,NA,NA,NA,NA,"Wildfire smoke from the Camp Fire in northern California brought widespread unhealthy air quality to the Central Coast and the Bay Area through late November. A persistent upper ridge over the eastern Pacific kept conditions fairly stagnant with light offshore winds ushering in smoke to the area. It was not until an upper trough brought a fresh air mass and precipitation that conditions returned to normal on November 21st. The poor air quality resulted in multiple events across the region being canceled, delays at major airports, and numerous closures of schools as well as places of employment.",Wildfire smoke forces school closures in the North and East Bay with football games postponed https://sanfrancisco.cbslocal.com/2018/11/09/camp-fire-smoke-bay-area-air-quality/.,CSV
201811,9,900,201811,9,1800,131808,788386,CALIFORNIA,6,2018,November,Dense Smoke,Z,510,EAST BAY INTERIOR VALLEYS,06510,MTR,09-NOV-18 09:00:00,PST-8,09-NOV-18 18:00:00,0,0,0,0,0.00K,0.00K,Broadcast Media,NA,NA,NA,NA,NA,NA,NA,NA,NA,NA,NA,NA,NA,NA,NA,NA,NA,NA,NA,NA,NA,"Wildfire smoke from the Camp Fire in northern California brought widespread unhealthy air quality to the Central Coast and the Bay Area through late November. A persistent upper ridge over the eastern Pacific kept conditions fairly stagnant with light offshore winds ushering in smoke to the area. It was not until an upper trough brought a fresh air mass and precipitation that conditions returned to normal on November 21st. The poor air quality resulted in multiple events across the region being canceled, delays at major airports, and numerous closures of schools as well as places of employment.",Wildfire smoke forces school closures in the North and East Bay including postponing football games https://sanfrancisco.cbslocal.com/2018/11/09/camp-fire-smoke-bay-area-air-quality/.,CSV
201811,9,800,201811,21,800,131808,788389,CALIFORNIA,6,2018,November,Dense Smoke,Z,510,EAST BAY INTERIOR VALLEYS,06510,MTR,09-NOV-18 08:00:00,PST-8,21-NOV-18 08:00:00,0,0,0,0,0.00K,0.00K,Other Federal Agency,NA,NA,NA,NA,NA,NA,NA,NA,NA,NA,NA,NA,NA,NA,NA,NA,NA,NA,NA,NA,NA,"Wildfire smoke from the Camp Fire in northern California brought widespread unhealthy air quality to the Central Coast and the Bay Area through late November. A persistent upper ridge over the eastern Pacific kept conditions fairly stagnant with light offshore winds ushering in smoke to the area. It was not until an upper trough brought a fresh air mass and precipitation that conditions returned to normal on November 21st. The poor air quality resulted in multiple events across the region being canceled, delays at major airports, and numerous closures of schools as well as places of employment.",EPA reported unhealthy to very unhealthy air quality due to wildfire smoke.,CSV
201811,9,800,201811,21,800,131808,788390,CALIFORNIA,6,2018,November,Dense Smoke,Z,511,EAST BAY HILLS AND THE DIABLO RANGE,06511,MTR,09-NOV-18 08:00:00,PST-8,21-NOV-18 08:00:00,0,0,0,0,0.00K,0.00K,Other Federal Agency,NA,NA,NA,NA,NA,NA,NA,NA,NA,NA,NA,NA,NA,NA,NA,NA,NA,NA,NA,NA,NA,"Wildfire smoke from the Camp Fire in northern California brought widespread unhealthy air quality to the Central Coast and the Bay Area through late November. A persistent upper ridge over the eastern Pacific kept conditions fairly stagnant with light offshore winds ushering in smoke to the area. It was not until an upper trough brought a fresh air mass and precipitation that conditions returned to normal on November 21st. The poor air quality resulted in multiple events across the region being canceled, delays at major airports, and numerous closures of schools as well as places of employment.",EPA reported unhealthy to very unhealthy air quality due to wildfire smoke.,CSV
201811,9,800,201811,21,800,131808,788391,CALIFORNIA,6,2018,November,Dense Smoke,Z,513,SANTA CLARA VALLEY INCLUDING SAN JOSE,06513,MTR,09-NOV-18 08:00:00,PST-8,21-NOV-18 08:00:00,0,0,0,0,0.00K,0.00K,Other Federal Agency,NA,NA,NA,NA,NA,NA,NA,NA,NA,NA,NA,NA,NA,NA,NA,NA,NA,NA,NA,NA,NA,"Wildfire smoke from the Camp Fire in northern California brought widespread unhealthy air quality to the Central Coast and the Bay Area through late November. A persistent upper ridge over the eastern Pacific kept conditions fairly stagnant with light offshore winds ushering in smoke to the area. It was not until an upper trough brought a fresh air mass and precipitation that conditions returned to normal on November 21st. The poor air quality resulted in multiple events across the region being canceled, delays at major airports, and numerous closures of schools as well as places of employment.",EPA reported unhealthy to very unhealthy air quality due to wildfire smoke.,CSV
201811,10,800,201811,21,800,131808,788392,CALIFORNIA,6,2018,November,Dense Smoke,Z,512,SANTA CRUZ MOUNTAINS,06512,MTR,10-NOV-18 08:00:00,PST-8,21-NOV-18 08:00:00,0,0,0,0,0.00K,0.00K,Other Federal Agency,NA,NA,NA,NA,NA,NA,NA,NA,NA,NA,NA,NA,NA,NA,NA,NA,NA,NA,NA,NA,NA,"Wildfire smoke from the Camp Fire in northern California brought widespread unhealthy air quality to the Central Coast and the Bay Area through late November. A persistent upper ridge over the eastern Pacific kept conditions fairly stagnant with light offshore winds ushering in smoke to the area. It was not until an upper trough brought a fresh air mass and precipitation that conditions returned to normal on November 21st. The poor air quality resulted in multiple events across the region being canceled, delays at major airports, and numerous closures of schools as well as places of employment.",EPA reported unhealthy to very unhealthy air quality due to wildfire smoke.,CSV
201811,11,800,201811,11,1500,131808,788394,CALIFORNIA,6,2018,November,Dense Smoke,Z,530,SOUTHERN MONTEREY BAY AND BIG SUR COAST,06530,MTR,11-NOV-18 08:00:00,PST-8,11-NOV-18 15:00:00,0,0,0,0,0.00K,0.00K,Broadcast Media,NA,NA,NA,NA,NA,NA,NA,NA,NA,NA,NA,NA,NA,NA,NA,NA,NA,NA,NA,NA,NA,"Wildfire smoke from the Camp Fire in northern California brought widespread unhealthy air quality to the Central Coast and the Bay Area through late November. A persistent upper ridge over the eastern Pacific kept conditions fairly stagnant with light offshore winds ushering in smoke to the area. It was not until an upper trough brought a fresh air mass and precipitation that conditions returned to normal on November 21st. The poor air quality resulted in multiple events across the region being canceled, delays at major airports, and numerous closures of schools as well as places of employment.",Poor air quality from wildfire smoke causes cancellation of Monterey Bay Half Marathon https://www.kion546.com/news/monterey-bay-half-marathon-canceled/856141506.,CSV
201811,9,800,201811,21,800,131808,788409,CALIFORNIA,6,2018,November,Dense Smoke,Z,508,SAN FRANCISCO BAY SHORELINE,06508,MTR,09-NOV-18 08:00:00,PST-8,21-NOV-18 08:00:00,0,0,0,0,0.00K,0.00K,Other Federal Agency,NA,NA,NA,NA,NA,NA,NA,NA,NA,NA,NA,NA,NA,NA,NA,NA,NA,NA,NA,NA,NA,"Wildfire smoke from the Camp Fire in northern California brought widespread unhealthy air quality to the Central Coast and the Bay Area through late November. A persistent upper ridge over the eastern Pacific kept conditions fairly stagnant with light offshore winds ushering in smoke to the area. It was not until an upper trough brought a fresh air mass and precipitation that conditions returned to normal on November 21st. The poor air quality resulted in multiple events across the region being canceled, delays at major airports, and numerous closures of schools as well as places of employment.",EPA reported unhealthy to very unhealthy air quality due to wildfire smoke.,CSV
201811,8,800,201811,21,800,131808,788378,CALIFORNIA,6,2018,November,Dense Smoke,Z,507,NORTH BAY MOUNTAINS,06507,MTR,08-NOV-18 08:00:00,PST-8,21-NOV-18 08:00:00,0,0,0,0,0.00K,0.00K,Other Federal Agency,NA,NA,NA,NA,NA,NA,NA,NA,NA,NA,NA,NA,NA,NA,NA,NA,NA,NA,NA,NA,NA,"Wildfire smoke from the Camp Fire in northern California brought widespread unhealthy air quality to the Central Coast and the Bay Area through late November. A persistent upper ridge over the eastern Pacific kept conditions fairly stagnant with light offshore winds ushering in smoke to the area. It was not until an upper trough brought a fresh air mass and precipitation that conditions returned to normal on November 21st. The poor air quality resulted in multiple events across the region being canceled, delays at major airports, and numerous closures of schools as well as places of employment.",EPA reported unhealthy to very unhealthy air quality due to wildfire smoke.,CSV
201811,8,800,201811,21,800,131808,788377,CALIFORNIA,6,2018,November,Dense Smoke,Z,506,NORTH BAY INTERIOR VALLEYS,06506,MTR,08-NOV-18 08:00:00,PST-8,21-NOV-18 08:00:00,0,0,0,0,0.00K,0.00K,Other Federal Agency,NA,NA,NA,NA,NA,NA,NA,NA,NA,NA,NA,NA,NA,NA,NA,NA,NA,NA,NA,NA,NA,"Wildfire smoke from the Camp Fire in northern California brought widespread unhealthy air quality to the Central Coast and the Bay Area through late November. A persistent upper ridge over the eastern Pacific kept conditions fairly stagnant with light offshore winds ushering in smoke to the area. It was not until an upper trough brought a fresh air mass and precipitation that conditions returned to normal on November 21st. The poor air quality resulted in multiple events across the region being canceled, delays at major airports, and numerous closures of schools as well as places of employment.",EPA reported unhealthy to very unhealthy air quality due to wildfire smoke.,CSV
201811,9,800,201811,21,800,131808,788379,CALIFORNIA,6,2018,November,Dense Smoke,Z,505,COASTAL NORTH BAY INCLUDING POINT REYES NATIONAL SEASHORE,06505,MTR,09-NOV-18 08:00:00,PST-8,21-NOV-18 08:00:00,0,0,0,0,0.00K,0.00K,Other Federal Agency,NA,NA,NA,NA,NA,NA,NA,NA,NA,NA,NA,NA,NA,NA,NA,NA,NA,NA,NA,NA,NA,"Wildfire smoke from the Camp Fire in northern California brought widespread unhealthy air quality to the Central Coast and the Bay Area through late November. A persistent upper ridge over the eastern Pacific kept conditions fairly stagnant with light offshore winds ushering in smoke to the area. It was not until an upper trough brought a fresh air mass and precipitation that conditions returned to normal on November 21st. The poor air quality resulted in multiple events across the region being canceled, delays at major airports, and numerous closures of schools as well as places of employment.",EPA reported unhealthy to very unhealthy air quality due to wildfire smoke.,CSV
201811,16,900,201811,16,1500,131809,788382,CALIFORNIA,6,2018,November,Dense Smoke,Z,508,SAN FRANCISCO BAY SHORELINE,06508,MTR,16-NOV-18 09:00:00,PST-8,16-NOV-18 15:00:00,0,0,0,0,0.00K,0.00K,Broadcast Media,NA,NA,NA,NA,NA,NA,NA,NA,NA,NA,NA,NA,NA,NA,NA,NA,NA,NA,NA,NA,NA,"Wildfire smoke from the Camp Fire in northern California brought widespread unhealthy air quality to the Central Coast and the Bay Area through late November. A persistent upper ridge over the eastern Pacific kept conditions fairly stagnant with light offshore winds ushering in smoke to the area. It was not until an upper trough brought a fresh air mass and precipitation that conditions returned to normal on November 21st. The poor air quality resulted in multiple events across the region being canceled, delays at major airports, and numerous closures of schools as well as places of employment.","Wildfire smoke prompts school closures in Oakland and San Mateo https://www.apnews.com/e0082d079001472b8e9c223dc384ac88, https://www.newsweek.com/san-francisco-wildfire-smoke-forecast-public-schools-closing-air-quality-poor-1218443.",CSV
201811,14,1310,201811,14,1615,131809,788376,CALIFORNIA,6,2018,November,Dense Smoke,Z,510,EAST BAY INTERIOR VALLEYS,06510,MTR,14-NOV-18 13:10:00,PST-8,14-NOV-18 16:15:00,0,0,0,0,0.00K,0.00K,ASOS,NA,NA,NA,NA,NA,NA,NA,NA,NA,NA,NA,NA,NA,NA,NA,NA,NA,NA,NA,NA,NA,"Wildfire smoke from the Camp Fire in northern California brought widespread unhealthy air quality to the Central Coast and the Bay Area through late November. A persistent upper ridge over the eastern Pacific kept conditions fairly stagnant with light offshore winds ushering in smoke to the area. It was not until an upper trough brought a fresh air mass and precipitation that conditions returned to normal on November 21st. The poor air quality resulted in multiple events across the region being canceled, delays at major airports, and numerous closures of schools as well as places of employment.",Livermore ASOS reports 3/4 mile visibility. Wildfire smoke prompts closing of Lawrence Livermore Lab.,CSV
201811,16,800,201811,16,2300,131809,788387,CALIFORNIA,6,2018,November,Dense Smoke,Z,6,SAN FRANCISCO,06006,MTR,16-NOV-18 08:00:00,PST-8,16-NOV-18 23:00:00,0,0,0,0,0.00K,0.00K,Broadcast Media,NA,NA,NA,NA,NA,NA,NA,NA,NA,NA,NA,NA,NA,NA,NA,NA,NA,NA,NA,NA,NA,"Wildfire smoke from the Camp Fire in northern California brought widespread unhealthy air quality to the Central Coast and the Bay Area through late November. A persistent upper ridge over the eastern Pacific kept conditions fairly stagnant with light offshore winds ushering in smoke to the area. It was not until an upper trough brought a fresh air mass and precipitation that conditions returned to normal on November 21st. The poor air quality resulted in multiple events across the region being canceled, delays at major airports, and numerous closures of schools as well as places of employment.","Very unhealthy air quality from wildfire smoke forces school and university closures as well as businesses, including pulling San Francisco's cable cars off the hills https://www.sfchronicle.com/california-wildfires/article/Smoke-still-plagues-Bay-Area-skies-a-week-after-13394932.php.",CSV
201811,16,900,201811,16,1500,131809,788381,CALIFORNIA,6,2018,November,Dense Smoke,Z,510,EAST BAY INTERIOR VALLEYS,06510,MTR,16-NOV-18 09:00:00,PST-8,16-NOV-18 15:00:00,0,0,0,0,0.00K,0.00K,Broadcast Media,NA,NA,NA,NA,NA,NA,NA,NA,NA,NA,NA,NA,NA,NA,NA,NA,NA,NA,NA,NA,NA,"Wildfire smoke from the Camp Fire in northern California brought widespread unhealthy air quality to the Central Coast and the Bay Area through late November. A persistent upper ridge over the eastern Pacific kept conditions fairly stagnant with light offshore winds ushering in smoke to the area. It was not until an upper trough brought a fresh air mass and precipitation that conditions returned to normal on November 21st. The poor air quality resulted in multiple events across the region being canceled, delays at major airports, and numerous closures of schools as well as places of employment.",Wildfire smoke prompts school closures in Alameda and Contra Costa Counties https://www.newsweek.com/san-francisco-wildfire-smoke-forecast-public-schools-closing-air-quality-poor-1218443.,CSV
201910,25,900,201910,25,1700,142459,855154,CALIFORNIA,6,2019,October,Dense Smoke,Z,506,NORTH BAY INTERIOR VALLEYS,06506,MTR,25-OCT-19 09:00:00,PST-8,25-OCT-19 17:00:00,0,0,0,0,0.00K,0.00K,Broadcast Media,NA,NA,NA,NA,NA,NA,NA,NA,NA,NA,NA,NA,NA,NA,NA,NA,NA,NA,NA,NA,NA,"A series of offshore wind events plagued much of California towards the end of October. Cut off lows (also known as insider sliders) moved into the Great Basin as an upper ridge sat over the eastern Pacific. Strong surface high pressure also building over the Great Basin and a trough along the California coast provided the set up for strong and dry offshore winds over the greater Bay Area. Two more such events would go on to occur before the end of the month providing what would be historic critical fire weather conditions for the region. The first event brought strong N to NE winds to the region, particularly the North Bay, where gusts of 50 to 70 mph were observed. Healdsburg Hills North Station had a peak gust of 76 mph the night of the 23rd. These conditions fed the rapid growth of the Kincade Fire that broke out late in the evening on the 23rd, and at the end of the month was still burning. Additionally, near record breaking high temperatures were observed in parts of the area on the 24th and 25th. Prior to the event PG&E shut off power to  roughly 1 million people across the state of California.",Near record breaking heat along with smoke from the Kincade Fire brought poor air quality to the Bay Area https://sanfrancisco.cbslocal.com/2019/10/25/poor-bay-area-air-quality-expected-because-of-heat-kincade-fire/|https://www.latimes.com/california/story/2019-10-28/air-quality-getty-fire-california-smoke.,CSV
201910,27,1400,201910,28,2200,142493,855362,CALIFORNIA,6,2019,October,Dense Smoke,Z,510,EAST BAY INTERIOR VALLEYS,06510,MTR,27-OCT-19 14:00:00,PST-8,28-OCT-19 22:00:00,0,0,0,0,0.00K,0.00K,Broadcast Media,NA,NA,NA,NA,NA,NA,NA,NA,NA,NA,NA,NA,NA,NA,NA,NA,NA,NA,NA,NA,NA,A series of offshore wind events plagued much of California towards the end of October. Cut off lows (also known as insider sliders) moved into the Great Basin as an upper ridge sat over the eastern Pacific. Strong surface high pressure also building over the Great Basin and a trough along the California coast provided the set up for one of the strongest dry offshore winds over the greater Bay Area since the 2017 North Bay Fires. Winds remained elevated for at least 24 hours with gusts in the hills 60 to 80 mph. A peak gust of 102 mph was recorded near the Kincade Fire. These winds promoted rapid growth of the Kincade Fire and along with very dry conditions allowed for multiple new wildfires to spark in the greater Bay Area. A large amount of the community in Sonoma County was evacuated downwind of the Kincade Fire in response. Prior to the event PG&E shut off power to over 2 million people across the state of California.,Thick smoke from the Grizzly Island Fire was blown into the East Bay Sunday afternoon and prompted the issuance of a public health advisory https://sanfrancisco.cbslocal.com/2019/10/27/smoke-advisory-issued-in-contra-costa-co-as-grizzly-island-grass-fire-burns-1000-acres/.,CSV
202008,19,700,202008,19,2200,150658,912922,CALIFORNIA,6,2020,August,Dense Smoke,Z,6,SAN FRANCISCO,06006,MTR,19-AUG-20 07:00:00,PST-8,19-AUG-20 22:00:00,0,0,0,0,0.00K,0.00K,Broadcast Media,NA,NA,NA,NA,NA,NA,NA,NA,NA,NA,NA,NA,NA,NA,NA,NA,NA,NA,NA,NA,NA,"A prolonged and oppressive heat wave swept the Central Coast and Bay Area for almost a week from August 14th to August 19th with widespread record breaking temperatures observed across the region. This was caused by a strong high pressure system over the Desert Southwest that expanded westward into California. This dome of heat brought hot temperatures to the area for several days. Multiple days of triple digit afternoon highs were recorded inland with some coastal locations even reaching the mid 90s. Several days of hot and dry weather further dried fuels over the area increasing fire danger. During this event, a surge of monsoonal and tropical moisture from a former Tropical Storm advected northward with sufficient instability to generate multiple high based and dry thunderstorms that produced several thousand lightning strikes over the Greater Bay Area. Many locations saw wind gusts of 40-50 mph with isolated areas seeing gusts of 60-75 mph. This prompted the San Francisco Bay Area forecast office to issue a rare severe thunderstorm warning. These lightning strikes in combination with gusty and erratic outflow winds sparked hundreds of wildfires across the state of California. Several smaller fires combined to form complexes some of which are now among the largest wildfires in state history. Most of which were still actively burning at the end of August. Hundreds of thousands of acres have been burned with several hundred structures destroyed as well as a handful of deaths and injuries. Tens of thousands of residents were also forced to evacuate. Additionally, all of these wildfires burning simultaneously across the state gave the Bay Area the worst air quality in the world at one point.",Smoke from multiple wildfires across California blanketed the Bay Area giving San Francisco the worst air quality in the world https://abc7news.com/smoke-forecast-bay-area-in-sf-today-air-pollution-wildfire/6377953/.,CSV
202009,28,0,202009,30,0,152288,917317,CALIFORNIA,6,2020,September,Dense Smoke,Z,506,NORTH BAY INTERIOR VALLEYS,06506,MTR,28-SEP-20 00:00:00,PST-8,30-SEP-20 00:00:00,0,0,0,0,0.00K,0.00K,County Official,NA,NA,NA,NA,NA,NA,NA,NA,NA,NA,NA,NA,NA,NA,NA,NA,NA,NA,NA,NA,NA,Dry gusty offshore winds as well as strengthening high pressure enabled the generation and rapid spread of the Glass Fire across Napa and Sonoma counties at the end of September. The mountains of the North Bay saw wind gusts of 40 to 65 mph into the morning of the 28th with 30 to 40 mph gusts across the East Bay Hills. These gusty winds along with dry conditions enabled the Glass Fire to spread almost fourfold in one day. Tens of thousands of residents were evacuated and nearly 80 homes were destroyed along with numerous additional structures including a famous Napa winery. Offshore flow and strong high pressure also broke several daily temperature records across the SF Bay Area. High temperatures were in the mid/upper 90s to low 100s inland and mid 80s to low 90s along the coast.,Smoke from the Glass Fire blanketed the North Bay throughout the week with ash fall also reported near the fire. This all prompted a spare the air alert by the Bay Area Air Quality District https://www.baaqmd.gov/news-and-events/page-resources/2020-news/092820-sta.,CSV
202009,9,700,202009,9,1800,152292,918119,CALIFORNIA,6,2020,September,Dense Smoke,Z,6,SAN FRANCISCO,06006,MTR,09-SEP-20 07:00:00,PST-8,09-SEP-20 18:00:00,0,0,0,0,0.00K,0.00K,Broadcast Media,NA,NA,NA,NA,NA,NA,NA,NA,NA,NA,NA,NA,NA,NA,NA,NA,NA,NA,NA,NA,NA,"A large area of high pressure over the west brought excessive heat and dry conditions to the region. Numerous record high temperatures were broken with 13 broken records on Sunday the 6th alone including records set that weekend for the month of September. Temperatures over the long weekend breached 110 degrees across the interior with 90s along the coast to start the weekend and even reaching 100 degrees in San Francisco on Sunday. Once the ridge began to break down towards the end of the weekend, offshore winds increased flaring up some of the wildfires that were ignited during August's lightning storm. These winds also enabled smoke from various wildfires across the state to blanket much of the Bay Area. The skies were tinted orange and red with ash accumulating for many locations.",Smoke from multiple wildfires across the state of California produced red and orange skies over the San Francisco Bay area as ash fell across much of the region https://abc7news.com/smoke-in-the-air-today-why-is-sky-orange-bay-area-quality-california/6415624/.,CSV
202009,12,1200,202009,19,1200,152512,922095,IDAHO,16,2020,September,Dense Smoke,Z,26,LEWISTON AREA,16026,OTX,12-SEP-20 12:00:00,PST-8,19-SEP-20 12:00:00,0,0,0,0,0.00K,0.00K,Other Federal Agency,NA,NA,NA,NA,NA,NA,NA,NA,NA,NA,NA,NA,NA,NA,NA,NA,NA,NA,NA,NA,NA,"Multiple large wildfires in Washington, Oregon, and surrounding states produced copious quantities of dense smoke throughout the month of September. The smoke from these fires severely degraded air quality across much of northern Idaho in mid-September. Numerous communities in the Idaho Panhandle suffered periods of very unhealthy to hazardous air quality.",An air quality sensor in Lewiston recorded unhealthy air quality from September 12th through 19th. It spiked to continuous hazardous conditions on September 12th and 13th. The arrival of a cold front on September 19th brought showers and westerly winds which ventilated the area.,CSV
202009,12,1200,202009,19,1200,152512,922096,IDAHO,16,2020,September,Dense Smoke,Z,3,IDAHO PALOUSE,16003,OTX,12-SEP-20 12:00:00,PST-8,19-SEP-20 12:00:00,0,0,0,0,0.00K,0.00K,Other Federal Agency,NA,NA,NA,NA,NA,NA,NA,NA,NA,NA,NA,NA,NA,NA,NA,NA,NA,NA,NA,NA,NA,"Multiple large wildfires in Washington, Oregon, and surrounding states produced copious quantities of dense smoke throughout the month of September. The smoke from these fires severely degraded air quality across much of northern Idaho in mid-September. Numerous communities in the Idaho Panhandle suffered periods of very unhealthy to hazardous air quality.",An air quality sensor in Moscow recorded unhealthy air quality from September 12th through 19th. It deteriorated to very unhealthy conditions before improving with the arrival of a cold front which ventilated the area.,CSV
202009,12,1200,202009,19,1200,152512,922099,IDAHO,16,2020,September,Dense Smoke,Z,2,COEUR D'ALENE AREA,16002,OTX,12-SEP-20 12:00:00,PST-8,19-SEP-20 12:00:00,0,0,0,0,0.00K,0.00K,Other Federal Agency,NA,NA,NA,NA,NA,NA,NA,NA,NA,NA,NA,NA,NA,NA,NA,NA,NA,NA,NA,NA,NA,"Multiple large wildfires in Washington, Oregon, and surrounding states produced copious quantities of dense smoke throughout the month of September. The smoke from these fires severely degraded air quality across much of northern Idaho in mid-September. Numerous communities in the Idaho Panhandle suffered periods of very unhealthy to hazardous air quality.",An air quality sensor in Coeur d'Alene recorded unhealthy air quality from September 12th through 19th. It spiked to very unhealthy and hazardous air quality numerous times. The arrival of a cold front on September 19th brought showers and westerly winds which ventilated the area.,CSV
202009,12,1200,202009,19,1200,152512,922100,IDAHO,16,2020,September,Dense Smoke,Z,1,NORTHERN PANHANDLE,16001,OTX,12-SEP-20 12:00:00,PST-8,19-SEP-20 12:00:00,0,0,0,0,0.00K,0.00K,Other Federal Agency,NA,NA,NA,NA,NA,NA,NA,NA,NA,NA,NA,NA,NA,NA,NA,NA,NA,NA,NA,NA,NA,"Multiple large wildfires in Washington, Oregon, and surrounding states produced copious quantities of dense smoke throughout the month of September. The smoke from these fires severely degraded air quality across much of northern Idaho in mid-September. Numerous communities in the Idaho Panhandle suffered periods of very unhealthy to hazardous air quality.",An air quality sensor in Sandpoint recorded unhealthy air quality due to wildfire smoke from September 12th through 19th. There were occasional times the air quality deteriorated to very unhealthy and hazardous categories. The arrival of a cold front on September 19th brought showers and westerly winds which ventilated the area.,CSV
202009,12,1200,202009,19,1200,152511,922085,WASHINGTON,53,2020,September,Dense Smoke,Z,36,SPOKANE AREA,53036,OTX,12-SEP-20 12:00:00,PST-8,19-SEP-20 12:00:00,0,0,0,0,0.00K,0.00K,Other Federal Agency,NA,NA,NA,NA,NA,NA,NA,NA,NA,NA,NA,NA,NA,NA,NA,NA,NA,NA,NA,NA,NA,"Multiple large wildfires in Washington, Oregon, and surrounding states produced copious quantities of dense smoke throughout the month of September. Due to poor ventilation and a gradual return to southwest winds, there were increasing amounts of wildfire smoke to Washington. The smoke from these fires severely degraded air quality across much of eastern Washington in mid-September. Numerous communities, especially in the Spokane area, suffered long periods of very unhealthy to hazardous air quality.",An air quality sensor in Spokane recorded unhealthy air quality from September 12th through 19th. It spiked to continuous hazardous conditions on September 13th through 15th. The arrival of a cold front on September 19th brought showers and westerly winds which ventilated the area.,CSV
202009,12,1200,202009,19,1200,152511,922090,WASHINGTON,53,2020,September,Dense Smoke,Z,35,UPPER COLUMBIA BASIN,53035,OTX,12-SEP-20 12:00:00,PST-8,19-SEP-20 12:00:00,0,0,0,0,0.00K,0.00K,Other Federal Agency,NA,NA,NA,NA,NA,NA,NA,NA,NA,NA,NA,NA,NA,NA,NA,NA,NA,NA,NA,NA,NA,"Multiple large wildfires in Washington, Oregon, and surrounding states produced copious quantities of dense smoke throughout the month of September. Due to poor ventilation and a gradual return to southwest winds, there were increasing amounts of wildfire smoke to Washington. The smoke from these fires severely degraded air quality across much of eastern Washington in mid-September. Numerous communities, especially in the Spokane area, suffered long periods of very unhealthy to hazardous air quality.",An air quality sensor in Ritzville recorded unhealthy air quality from September 12th through September 19th with spikes into the Very Unhealthy and Hazardous categories. A cold front passage brought showers and westerly winds which ventilated the area.,CSV
202009,12,1200,202009,19,1200,152511,922091,WASHINGTON,53,2020,September,Dense Smoke,Z,41,WENATCHEE AREA,53041,OTX,12-SEP-20 12:00:00,PST-8,19-SEP-20 12:00:00,0,0,0,0,0.00K,0.00K,Other Federal Agency,NA,NA,NA,NA,NA,NA,NA,NA,NA,NA,NA,NA,NA,NA,NA,NA,NA,NA,NA,NA,NA,"Multiple large wildfires in Washington, Oregon, and surrounding states produced copious quantities of dense smoke throughout the month of September. Due to poor ventilation and a gradual return to southwest winds, there were increasing amounts of wildfire smoke to Washington. The smoke from these fires severely degraded air quality across much of eastern Washington in mid-September. Numerous communities, especially in the Spokane area, suffered long periods of very unhealthy to hazardous air quality.",An air quality sensor in Wenatchee recorded unhealthy air quality from September 12th through September 19th. Thick smoke dispersed a little on September 15th with the arrival of a weak front and wind shift. This was temporary and very unhealthy conditions returned until the arrival of a cold front on September 19th which ventilated the area.,CSV
202009,12,1200,202009,19,1200,152511,922092,WASHINGTON,53,2020,September,Dense Smoke,Z,33,WASHINGTON PALOUSE,53033,OTX,12-SEP-20 12:00:00,PST-8,19-SEP-20 12:00:00,0,0,0,0,0.00K,0.00K,Other Federal Agency,NA,NA,NA,NA,NA,NA,NA,NA,NA,NA,NA,NA,NA,NA,NA,NA,NA,NA,NA,NA,NA,"Multiple large wildfires in Washington, Oregon, and surrounding states produced copious quantities of dense smoke throughout the month of September. Due to poor ventilation and a gradual return to southwest winds, there were increasing amounts of wildfire smoke to Washington. The smoke from these fires severely degraded air quality across much of eastern Washington in mid-September. Numerous communities, especially in the Spokane area, suffered long periods of very unhealthy to hazardous air quality.",An air quality sensor in Pullman recorded unhealthy air quality from September 12th through September 19th. It spiked to continuous hazardous conditions on September 13th through 15th. The arrival of a cold front on September 19th brought showers and westerly winds which ventilated the area.,CSV
202009,12,1200,202009,19,1200,152511,922086,WASHINGTON,53,2020,September,Dense Smoke,Z,43,OKANOGAN VALLEY,53043,OTX,12-SEP-20 12:00:00,PST-8,19-SEP-20 12:00:00,0,0,0,0,0.00K,0.00K,Other Federal Agency,NA,NA,NA,NA,NA,NA,NA,NA,NA,NA,NA,NA,NA,NA,NA,NA,NA,NA,NA,NA,NA,"Multiple large wildfires in Washington, Oregon, and surrounding states produced copious quantities of dense smoke throughout the month of September. Due to poor ventilation and a gradual return to southwest winds, there were increasing amounts of wildfire smoke to Washington. The smoke from these fires severely degraded air quality across much of eastern Washington in mid-September. Numerous communities, especially in the Spokane area, suffered long periods of very unhealthy to hazardous air quality.",An air quality sensor at Omak recorded unhealthy air quality from September 12th through September 19th with occasional spikes into the Very Unhealthy and Hazardous categories. The arrival of a cold front on September 19th brought showers and westerly winds which ventilated the area.,CSV
202009,12,1200,202009,19,1200,152511,922088,WASHINGTON,53,2020,September,Dense Smoke,Z,37,NORTHEAST MOUNTAINS,53037,OTX,12-SEP-20 12:00:00,PST-8,19-SEP-20 12:00:00,0,0,0,0,0.00K,0.00K,Other Federal Agency,NA,NA,NA,NA,NA,NA,NA,NA,NA,NA,NA,NA,NA,NA,NA,NA,NA,NA,NA,NA,NA,"Multiple large wildfires in Washington, Oregon, and surrounding states produced copious quantities of dense smoke throughout the month of September. Due to poor ventilation and a gradual return to southwest winds, there were increasing amounts of wildfire smoke to Washington. The smoke from these fires severely degraded air quality across much of eastern Washington in mid-September. Numerous communities, especially in the Spokane area, suffered long periods of very unhealthy to hazardous air quality.",An air quality sensor in Colville recorded unhealthy air quality from September 12th through September 19th with occasional spikes into the Very Unhealthy and Hazardous categories. A cold front passage brought showers and westerly winds which ventilated the area.,CSV
202009,11,0,202009,15,0,153208,922528,WASHINGTON,53,2020,September,Dense Smoke,Z,558,SEATTLE AND VICINITY,53558,SEW,11-SEP-20 00:00:00,PST-8,15-SEP-20 00:00:00,0,0,0,0,NA,NA,Social Media,NA,NA,NA,NA,NA,NA,NA,NA,NA,NA,NA,NA,NA,NA,NA,NA,NA,NA,NA,NA,NA,"After an anomalous period of strong offshore flow and warm, dry weather, numerous wildfires ignited across the Pacific Northwest. As the large scale weather pattern began to shift into mid September, conditions become favorable for the advection of smoke across most of Washington. This results in a period of poor air quality.","The ignition of multiple wildfires across the Pacific Northwest around Labor Day led to a period of poor air quality by mid-September as dense smoke combined with low level moisture and fog. Alaska Airlines suspended all flights to and from airports in Seattle and Portland, a Seattle Mariners game vs the San Fransisco Giants was postponed due to poor air quality, and all city of Seattle beaches, boat ramps, parks, and play fields closed amidst poor air quality around Sept 15. Many COVID19 sites also closed due to poor air quality. Dense smoke, haze, and poor air quality remained a problem for days across all of Washington.",CSV
202209,12,0,202209,18,1600,174060,1055712,NEVADA,32,2022,September,Dense Smoke,Z,2,GREATER LAKE TAHOE AREA,32002,REV,12-SEP-22 00:00:00,PST-8,18-SEP-22 16:00:00,0,0,0,0,0.00K,0.00K,Emergency Manager,NA,NA,NA,NA,NA,NA,NA,NA,NA,NA,NA,NA,NA,NA,NA,NA,NA,NA,NA,NA,NA,"Twenty miles south of Emigrant Gap, CA. Timber, brush and hardwood litter. Extreme fire behavior with running, spotting and torching. Numerous structures threatened. Evacuations, road, area and trail closures were in effect. 78 structures were lost.",Widespread dense smoke and hazardous air quality impacted the Reno and Carson City and Minden areas much of this week. Low visibility and poor air quality resulted in several cancelled outdoor events.,CSV
202209,12,0,202209,18,1600,174060,1055711,NEVADA,32,2022,September,Dense Smoke,Z,3,GREATER RENO/CARSON CITY/MINDEN AREA,32003,REV,12-SEP-22 00:00:00,PST-8,18-SEP-22 16:00:00,0,0,0,0,0.00K,0.00K,Emergency Manager,NA,NA,NA,NA,NA,NA,NA,NA,NA,NA,NA,NA,NA,NA,NA,NA,NA,NA,NA,NA,NA,"Twenty miles south of Emigrant Gap, CA. Timber, brush and hardwood litter. Extreme fire behavior with running, spotting and torching. Numerous structures threatened. Evacuations, road, area and trail closures were in effect. 78 structures were lost.",Widespread dense smoke and hazardous air quality impacted the Reno and Carson City and Minden areas much of this week. Low visibility and poor air quality resulted in several cancelled outdoor events.,CSV
202209,12,0,202209,18,1500,173971,1055710,CALIFORNIA,6,2022,September,Dense Smoke,Z,72,GREATER LAKE TAHOE AREA,06072,REV,12-SEP-22 00:00:00,PST-8,18-SEP-22 15:00:00,0,0,0,0,0.00K,0.00K,Emergency Manager,NA,NA,NA,NA,NA,NA,NA,NA,NA,NA,NA,NA,NA,NA,NA,NA,NA,NA,NA,NA,NA,"Twenty miles south of Emigrant Gap, CA. Timber, brush and hardwood litter. Extreme fire behavior with running, spotting and torching. Numerous structures threatened. Evacuations, road, area and trail closures were in effect. 78 structures were lost to the fire.","Widespread dense smoke from the Mosquito Fire impacted the Tahoe Basin and Truckee areas much of this week, with periods of hazardous air quality and low visibility.",CSV
202305,17,1650,202305,17,1830,179625,1093827,SOUTH DAKOTA,46,2023,May,Dense Smoke,Z,9,WALWORTH,46009,ABR,17-MAY-23 16:50:00,CST-6,17-MAY-23 18:30:00,0,0,0,0,0.00K,0.00K,ASOS,NA,NA,NA,NA,NA,NA,NA,NA,NA,NA,NA,NA,NA,NA,NA,NA,NA,NA,NA,NA,NA,"Wildfires in northwest Canada produced copious amounts of smoke which followed a cold front down into the Dakotas on May 17th and 18th. The visibility at Mobridge fell to 1/4 mile for an hour and a half on the afternoon of the 17th, and was impacted to some extent for a total of 21 hours. The visibility at Pierre was reduced for a total of 24 hour with a visibility down to a half mile. The visibility in Aberdeen fell to 3/4 of a mile and had visibility reductions for over 20 hours. Watertown had reductions down to a mile and overall visibility was reduced for a total of 18 hours. Measured daily Air Quality Index values ranged between 199 in Pierre, 162 at Aberdeen and 160 in Watertown on May 18th.",NA,CSV
202305,17,1650,202305,17,1830,179625,1096473,SOUTH DAKOTA,46,2023,May,Dense Smoke,Z,3,CORSON,46003,ABR,17-MAY-23 16:50:00,CST-6,17-MAY-23 18:30:00,0,0,0,0,0.00K,0.00K,Public,NA,NA,NA,NA,NA,NA,NA,NA,NA,NA,NA,NA,NA,NA,NA,NA,NA,NA,NA,NA,NA,"Wildfires in northwest Canada produced copious amounts of smoke which followed a cold front down into the Dakotas on May 17th and 18th. The visibility at Mobridge fell to 1/4 mile for an hour and a half on the afternoon of the 17th, and was impacted to some extent for a total of 21 hours. The visibility at Pierre was reduced for a total of 24 hour with a visibility down to a half mile. The visibility in Aberdeen fell to 3/4 of a mile and had visibility reductions for over 20 hours. Watertown had reductions down to a mile and overall visibility was reduced for a total of 18 hours. Measured daily Air Quality Index values ranged between 199 in Pierre, 162 at Aberdeen and 160 in Watertown on May 18th.",NA,CSV
202305,17,1650,202305,17,1830,179625,1096474,SOUTH DAKOTA,46,2023,May,Dense Smoke,Z,4,CAMPBELL,46004,ABR,17-MAY-23 16:50:00,CST-6,17-MAY-23 18:30:00,0,0,0,0,0.00K,0.00K,Public,NA,NA,NA,NA,NA,NA,NA,NA,NA,NA,NA,NA,NA,NA,NA,NA,NA,NA,NA,NA,NA,"Wildfires in northwest Canada produced copious amounts of smoke which followed a cold front down into the Dakotas on May 17th and 18th. The visibility at Mobridge fell to 1/4 mile for an hour and a half on the afternoon of the 17th, and was impacted to some extent for a total of 21 hours. The visibility at Pierre was reduced for a total of 24 hour with a visibility down to a half mile. The visibility in Aberdeen fell to 3/4 of a mile and had visibility reductions for over 20 hours. Watertown had reductions down to a mile and overall visibility was reduced for a total of 18 hours. Measured daily Air Quality Index values ranged between 199 in Pierre, 162 at Aberdeen and 160 in Watertown on May 18th.",NA,CSV
202305,17,1650,202305,17,1830,179625,1096475,SOUTH DAKOTA,46,2023,May,Dense Smoke,Z,16,POTTER,46016,ABR,17-MAY-23 16:50:00,CST-6,17-MAY-23 18:30:00,0,0,0,0,0.00K,0.00K,Public,NA,NA,NA,NA,NA,NA,NA,NA,NA,NA,NA,NA,NA,NA,NA,NA,NA,NA,NA,NA,NA,"Wildfires in northwest Canada produced copious amounts of smoke which followed a cold front down into the Dakotas on May 17th and 18th. The visibility at Mobridge fell to 1/4 mile for an hour and a half on the afternoon of the 17th, and was impacted to some extent for a total of 21 hours. The visibility at Pierre was reduced for a total of 24 hour with a visibility down to a half mile. The visibility in Aberdeen fell to 3/4 of a mile and had visibility reductions for over 20 hours. Watertown had reductions down to a mile and overall visibility was reduced for a total of 18 hours. Measured daily Air Quality Index values ranged between 199 in Pierre, 162 at Aberdeen and 160 in Watertown on May 18th.",NA,CSV
202305,17,1650,202305,17,1830,179625,1096476,SOUTH DAKOTA,46,2023,May,Dense Smoke,Z,15,DEWEY,46015,ABR,17-MAY-23 16:50:00,CST-6,17-MAY-23 18:30:00,0,0,0,0,0.00K,0.00K,Public,NA,NA,NA,NA,NA,NA,NA,NA,NA,NA,NA,NA,NA,NA,NA,NA,NA,NA,NA,NA,NA,"Wildfires in northwest Canada produced copious amounts of smoke which followed a cold front down into the Dakotas on May 17th and 18th. The visibility at Mobridge fell to 1/4 mile for an hour and a half on the afternoon of the 17th, and was impacted to some extent for a total of 21 hours. The visibility at Pierre was reduced for a total of 24 hour with a visibility down to a half mile. The visibility in Aberdeen fell to 3/4 of a mile and had visibility reductions for over 20 hours. Watertown had reductions down to a mile and overall visibility was reduced for a total of 18 hours. Measured daily Air Quality Index values ranged between 199 in Pierre, 162 at Aberdeen and 160 in Watertown on May 18th.",NA,CSV
202305,17,700,202305,17,1600,180052,1097422,NORTH DAKOTA,38,2023,May,Dense Smoke,Z,3,RENVILLE,38003,BIS,17-MAY-23 07:00:00,CST-6,17-MAY-23 16:00:00,0,0,0,0,0.00K,0.00K,State Official,NA,NA,NA,NA,NA,NA,NA,NA,NA,NA,NA,NA,NA,NA,NA,NA,NA,NA,NA,NA,NA,"May 17 had the poorest air quality ever measured in North Dakota. During the morning hours a cold front entered northwestern North Dakota and progressed across the state through the remainder of the day. Behind the front, north to northwest winds ushered in dense smoke from Canadian wildfires. The smoke had been held aloft for a few days, and was brought to the surface by the winds associated with the cold front. Visibility dropped abruptly to one-half mile or less across much of western and central North Dakota as the dense smoke moved in, with some locations recording visibilities less than one-quarter mile for a prolonged period of time. The Air Quality Index (AQI) pushed well into the hazardous category, which is the highest category, and begins at a PM2.5 concentration of 250.5 ug/m3. The highest hourly concentration reported was 1,041.1 ug/m3 at Hannover in Oliver County, with most other reporting stations in western and central North Dakota registering maximum hourly values well over 700 ug/m3. According to personnel at the North Dakota Department of Air Quality, this smoke produced the worst air quality conditions ever measured in the state. Conditions did improve some from northwest to southeast during the late day and evening, but visibility remained somewhat restricted by the smoke for a few days, and air quality was adversely affected. The event garnered significant media attention. The NWS office in Bismarck received numerous calls about the smoke from both the media and general public.",NA,CSV
202305,17,700,202305,17,1600,180052,1097423,NORTH DAKOTA,38,2023,May,Dense Smoke,Z,4,BOTTINEAU,38004,BIS,17-MAY-23 07:00:00,CST-6,17-MAY-23 16:00:00,0,0,0,0,0.00K,0.00K,State Official,NA,NA,NA,NA,NA,NA,NA,NA,NA,NA,NA,NA,NA,NA,NA,NA,NA,NA,NA,NA,NA,"May 17 had the poorest air quality ever measured in North Dakota. During the morning hours a cold front entered northwestern North Dakota and progressed across the state through the remainder of the day. Behind the front, north to northwest winds ushered in dense smoke from Canadian wildfires. The smoke had been held aloft for a few days, and was brought to the surface by the winds associated with the cold front. Visibility dropped abruptly to one-half mile or less across much of western and central North Dakota as the dense smoke moved in, with some locations recording visibilities less than one-quarter mile for a prolonged period of time. The Air Quality Index (AQI) pushed well into the hazardous category, which is the highest category, and begins at a PM2.5 concentration of 250.5 ug/m3. The highest hourly concentration reported was 1,041.1 ug/m3 at Hannover in Oliver County, with most other reporting stations in western and central North Dakota registering maximum hourly values well over 700 ug/m3. According to personnel at the North Dakota Department of Air Quality, this smoke produced the worst air quality conditions ever measured in the state. Conditions did improve some from northwest to southeast during the late day and evening, but visibility remained somewhat restricted by the smoke for a few days, and air quality was adversely affected. The event garnered significant media attention. The NWS office in Bismarck received numerous calls about the smoke from both the media and general public.",NA,CSV
202305,17,700,202305,17,1600,180052,1097426,NORTH DAKOTA,38,2023,May,Dense Smoke,Z,17,MCKENZIE,38017,BIS,17-MAY-23 07:00:00,CST-6,17-MAY-23 16:00:00,0,0,0,0,0.00K,0.00K,State Official,NA,NA,NA,NA,NA,NA,NA,NA,NA,NA,NA,NA,NA,NA,NA,NA,NA,NA,NA,NA,NA,"May 17 had the poorest air quality ever measured in North Dakota. During the morning hours a cold front entered northwestern North Dakota and progressed across the state through the remainder of the day. Behind the front, north to northwest winds ushered in dense smoke from Canadian wildfires. The smoke had been held aloft for a few days, and was brought to the surface by the winds associated with the cold front. Visibility dropped abruptly to one-half mile or less across much of western and central North Dakota as the dense smoke moved in, with some locations recording visibilities less than one-quarter mile for a prolonged period of time. The Air Quality Index (AQI) pushed well into the hazardous category, which is the highest category, and begins at a PM2.5 concentration of 250.5 ug/m3. The highest hourly concentration reported was 1,041.1 ug/m3 at Hannover in Oliver County, with most other reporting stations in western and central North Dakota registering maximum hourly values well over 700 ug/m3. According to personnel at the North Dakota Department of Air Quality, this smoke produced the worst air quality conditions ever measured in the state. Conditions did improve some from northwest to southeast during the late day and evening, but visibility remained somewhat restricted by the smoke for a few days, and air quality was adversely affected. The event garnered significant media attention. The NWS office in Bismarck received numerous calls about the smoke from both the media and general public.",NA,CSV
202305,17,700,202305,17,1600,180052,1097427,NORTH DAKOTA,38,2023,May,Dense Smoke,Z,10,MOUNTRAIL,38010,BIS,17-MAY-23 07:00:00,CST-6,17-MAY-23 16:00:00,0,0,0,0,0.00K,0.00K,State Official,NA,NA,NA,NA,NA,NA,NA,NA,NA,NA,NA,NA,NA,NA,NA,NA,NA,NA,NA,NA,NA,"May 17 had the poorest air quality ever measured in North Dakota. During the morning hours a cold front entered northwestern North Dakota and progressed across the state through the remainder of the day. Behind the front, north to northwest winds ushered in dense smoke from Canadian wildfires. The smoke had been held aloft for a few days, and was brought to the surface by the winds associated with the cold front. Visibility dropped abruptly to one-half mile or less across much of western and central North Dakota as the dense smoke moved in, with some locations recording visibilities less than one-quarter mile for a prolonged period of time. The Air Quality Index (AQI) pushed well into the hazardous category, which is the highest category, and begins at a PM2.5 concentration of 250.5 ug/m3. The highest hourly concentration reported was 1,041.1 ug/m3 at Hannover in Oliver County, with most other reporting stations in western and central North Dakota registering maximum hourly values well over 700 ug/m3. According to personnel at the North Dakota Department of Air Quality, this smoke produced the worst air quality conditions ever measured in the state. Conditions did improve some from northwest to southeast during the late day and evening, but visibility remained somewhat restricted by the smoke for a few days, and air quality was adversely affected. The event garnered significant media attention. The NWS office in Bismarck received numerous calls about the smoke from both the media and general public.",NA,CSV
202305,17,1000,202305,17,1900,180052,1097430,NORTH DAKOTA,38,2023,May,Dense Smoke,Z,31,GOLDEN VALLEY,38031,BIS,17-MAY-23 10:00:00,CST-6,17-MAY-23 19:00:00,0,0,0,0,0.00K,0.00K,State Official,NA,NA,NA,NA,NA,NA,NA,NA,NA,NA,NA,NA,NA,NA,NA,NA,NA,NA,NA,NA,NA,"May 17 had the poorest air quality ever measured in North Dakota. During the morning hours a cold front entered northwestern North Dakota and progressed across the state through the remainder of the day. Behind the front, north to northwest winds ushered in dense smoke from Canadian wildfires. The smoke had been held aloft for a few days, and was brought to the surface by the winds associated with the cold front. Visibility dropped abruptly to one-half mile or less across much of western and central North Dakota as the dense smoke moved in, with some locations recording visibilities less than one-quarter mile for a prolonged period of time. The Air Quality Index (AQI) pushed well into the hazardous category, which is the highest category, and begins at a PM2.5 concentration of 250.5 ug/m3. The highest hourly concentration reported was 1,041.1 ug/m3 at Hannover in Oliver County, with most other reporting stations in western and central North Dakota registering maximum hourly values well over 700 ug/m3. According to personnel at the North Dakota Department of Air Quality, this smoke produced the worst air quality conditions ever measured in the state. Conditions did improve some from northwest to southeast during the late day and evening, but visibility remained somewhat restricted by the smoke for a few days, and air quality was adversely affected. The event garnered significant media attention. The NWS office in Bismarck received numerous calls about the smoke from both the media and general public.",NA,CSV
202305,17,1000,202305,17,1900,180052,1097431,NORTH DAKOTA,38,2023,May,Dense Smoke,Z,32,BILLINGS,38032,BIS,17-MAY-23 10:00:00,CST-6,17-MAY-23 19:00:00,0,0,0,0,0.00K,0.00K,State Official,NA,NA,NA,NA,NA,NA,NA,NA,NA,NA,NA,NA,NA,NA,NA,NA,NA,NA,NA,NA,NA,"May 17 had the poorest air quality ever measured in North Dakota. During the morning hours a cold front entered northwestern North Dakota and progressed across the state through the remainder of the day. Behind the front, north to northwest winds ushered in dense smoke from Canadian wildfires. The smoke had been held aloft for a few days, and was brought to the surface by the winds associated with the cold front. Visibility dropped abruptly to one-half mile or less across much of western and central North Dakota as the dense smoke moved in, with some locations recording visibilities less than one-quarter mile for a prolonged period of time. The Air Quality Index (AQI) pushed well into the hazardous category, which is the highest category, and begins at a PM2.5 concentration of 250.5 ug/m3. The highest hourly concentration reported was 1,041.1 ug/m3 at Hannover in Oliver County, with most other reporting stations in western and central North Dakota registering maximum hourly values well over 700 ug/m3. According to personnel at the North Dakota Department of Air Quality, this smoke produced the worst air quality conditions ever measured in the state. Conditions did improve some from northwest to southeast during the late day and evening, but visibility remained somewhat restricted by the smoke for a few days, and air quality was adversely affected. The event garnered significant media attention. The NWS office in Bismarck received numerous calls about the smoke from both the media and general public.",NA,CSV
202305,17,700,202305,17,1600,180052,1097420,NORTH DAKOTA,38,2023,May,Dense Smoke,Z,1,DIVIDE,38001,BIS,17-MAY-23 07:00:00,CST-6,17-MAY-23 16:00:00,0,0,0,0,0.00K,0.00K,State Official,NA,NA,NA,NA,NA,NA,NA,NA,NA,NA,NA,NA,NA,NA,NA,NA,NA,NA,NA,NA,NA,"May 17 had the poorest air quality ever measured in North Dakota. During the morning hours a cold front entered northwestern North Dakota and progressed across the state through the remainder of the day. Behind the front, north to northwest winds ushered in dense smoke from Canadian wildfires. The smoke had been held aloft for a few days, and was brought to the surface by the winds associated with the cold front. Visibility dropped abruptly to one-half mile or less across much of western and central North Dakota as the dense smoke moved in, with some locations recording visibilities less than one-quarter mile for a prolonged period of time. The Air Quality Index (AQI) pushed well into the hazardous category, which is the highest category, and begins at a PM2.5 concentration of 250.5 ug/m3. The highest hourly concentration reported was 1,041.1 ug/m3 at Hannover in Oliver County, with most other reporting stations in western and central North Dakota registering maximum hourly values well over 700 ug/m3. According to personnel at the North Dakota Department of Air Quality, this smoke produced the worst air quality conditions ever measured in the state. Conditions did improve some from northwest to southeast during the late day and evening, but visibility remained somewhat restricted by the smoke for a few days, and air quality was adversely affected. The event garnered significant media attention. The NWS office in Bismarck received numerous calls about the smoke from both the media and general public.",NA,CSV
202305,17,700,202305,17,1600,180052,1097421,NORTH DAKOTA,38,2023,May,Dense Smoke,Z,2,BURKE,38002,BIS,17-MAY-23 07:00:00,CST-6,17-MAY-23 16:00:00,0,0,0,0,0.00K,0.00K,State Official,NA,NA,NA,NA,NA,NA,NA,NA,NA,NA,NA,NA,NA,NA,NA,NA,NA,NA,NA,NA,NA,"May 17 had the poorest air quality ever measured in North Dakota. During the morning hours a cold front entered northwestern North Dakota and progressed across the state through the remainder of the day. Behind the front, north to northwest winds ushered in dense smoke from Canadian wildfires. The smoke had been held aloft for a few days, and was brought to the surface by the winds associated with the cold front. Visibility dropped abruptly to one-half mile or less across much of western and central North Dakota as the dense smoke moved in, with some locations recording visibilities less than one-quarter mile for a prolonged period of time. The Air Quality Index (AQI) pushed well into the hazardous category, which is the highest category, and begins at a PM2.5 concentration of 250.5 ug/m3. The highest hourly concentration reported was 1,041.1 ug/m3 at Hannover in Oliver County, with most other reporting stations in western and central North Dakota registering maximum hourly values well over 700 ug/m3. According to personnel at the North Dakota Department of Air Quality, this smoke produced the worst air quality conditions ever measured in the state. Conditions did improve some from northwest to southeast during the late day and evening, but visibility remained somewhat restricted by the smoke for a few days, and air quality was adversely affected. The event garnered significant media attention. The NWS office in Bismarck received numerous calls about the smoke from both the media and general public.",NA,CSV
202305,17,700,202305,17,1600,180052,1097424,NORTH DAKOTA,38,2023,May,Dense Smoke,Z,5,ROLETTE,38005,BIS,17-MAY-23 07:00:00,CST-6,17-MAY-23 16:00:00,0,0,0,0,0.00K,0.00K,State Official,NA,NA,NA,NA,NA,NA,NA,NA,NA,NA,NA,NA,NA,NA,NA,NA,NA,NA,NA,NA,NA,"May 17 had the poorest air quality ever measured in North Dakota. During the morning hours a cold front entered northwestern North Dakota and progressed across the state through the remainder of the day. Behind the front, north to northwest winds ushered in dense smoke from Canadian wildfires. The smoke had been held aloft for a few days, and was brought to the surface by the winds associated with the cold front. Visibility dropped abruptly to one-half mile or less across much of western and central North Dakota as the dense smoke moved in, with some locations recording visibilities less than one-quarter mile for a prolonged period of time. The Air Quality Index (AQI) pushed well into the hazardous category, which is the highest category, and begins at a PM2.5 concentration of 250.5 ug/m3. The highest hourly concentration reported was 1,041.1 ug/m3 at Hannover in Oliver County, with most other reporting stations in western and central North Dakota registering maximum hourly values well over 700 ug/m3. According to personnel at the North Dakota Department of Air Quality, this smoke produced the worst air quality conditions ever measured in the state. Conditions did improve some from northwest to southeast during the late day and evening, but visibility remained somewhat restricted by the smoke for a few days, and air quality was adversely affected. The event garnered significant media attention. The NWS office in Bismarck received numerous calls about the smoke from both the media and general public.",NA,CSV
202305,17,700,202305,17,1600,180052,1097425,NORTH DAKOTA,38,2023,May,Dense Smoke,Z,9,WILLIAMS,38009,BIS,17-MAY-23 07:00:00,CST-6,17-MAY-23 16:00:00,0,0,0,0,0.00K,0.00K,State Official,NA,NA,NA,NA,NA,NA,NA,NA,NA,NA,NA,NA,NA,NA,NA,NA,NA,NA,NA,NA,NA,"May 17 had the poorest air quality ever measured in North Dakota. During the morning hours a cold front entered northwestern North Dakota and progressed across the state through the remainder of the day. Behind the front, north to northwest winds ushered in dense smoke from Canadian wildfires. The smoke had been held aloft for a few days, and was brought to the surface by the winds associated with the cold front. Visibility dropped abruptly to one-half mile or less across much of western and central North Dakota as the dense smoke moved in, with some locations recording visibilities less than one-quarter mile for a prolonged period of time. The Air Quality Index (AQI) pushed well into the hazardous category, which is the highest category, and begins at a PM2.5 concentration of 250.5 ug/m3. The highest hourly concentration reported was 1,041.1 ug/m3 at Hannover in Oliver County, with most other reporting stations in western and central North Dakota registering maximum hourly values well over 700 ug/m3. According to personnel at the North Dakota Department of Air Quality, this smoke produced the worst air quality conditions ever measured in the state. Conditions did improve some from northwest to southeast during the late day and evening, but visibility remained somewhat restricted by the smoke for a few days, and air quality was adversely affected. The event garnered significant media attention. The NWS office in Bismarck received numerous calls about the smoke from both the media and general public.",NA,CSV
202305,17,700,202305,17,1600,180052,1097428,NORTH DAKOTA,38,2023,May,Dense Smoke,Z,11,WARD,38011,BIS,17-MAY-23 07:00:00,CST-6,17-MAY-23 16:00:00,0,0,0,0,0.00K,0.00K,State Official,NA,NA,NA,NA,NA,NA,NA,NA,NA,NA,NA,NA,NA,NA,NA,NA,NA,NA,NA,NA,NA,"May 17 had the poorest air quality ever measured in North Dakota. During the morning hours a cold front entered northwestern North Dakota and progressed across the state through the remainder of the day. Behind the front, north to northwest winds ushered in dense smoke from Canadian wildfires. The smoke had been held aloft for a few days, and was brought to the surface by the winds associated with the cold front. Visibility dropped abruptly to one-half mile or less across much of western and central North Dakota as the dense smoke moved in, with some locations recording visibilities less than one-quarter mile for a prolonged period of time. The Air Quality Index (AQI) pushed well into the hazardous category, which is the highest category, and begins at a PM2.5 concentration of 250.5 ug/m3. The highest hourly concentration reported was 1,041.1 ug/m3 at Hannover in Oliver County, with most other reporting stations in western and central North Dakota registering maximum hourly values well over 700 ug/m3. According to personnel at the North Dakota Department of Air Quality, this smoke produced the worst air quality conditions ever measured in the state. Conditions did improve some from northwest to southeast during the late day and evening, but visibility remained somewhat restricted by the smoke for a few days, and air quality was adversely affected. The event garnered significant media attention. The NWS office in Bismarck received numerous calls about the smoke from both the media and general public.",NA,CSV
202305,17,700,202305,17,1600,180052,1097429,NORTH DAKOTA,38,2023,May,Dense Smoke,Z,12,MCHENRY,38012,BIS,17-MAY-23 07:00:00,CST-6,17-MAY-23 16:00:00,0,0,0,0,0.00K,0.00K,State Official,NA,NA,NA,NA,NA,NA,NA,NA,NA,NA,NA,NA,NA,NA,NA,NA,NA,NA,NA,NA,NA,"May 17 had the poorest air quality ever measured in North Dakota. During the morning hours a cold front entered northwestern North Dakota and progressed across the state through the remainder of the day. Behind the front, north to northwest winds ushered in dense smoke from Canadian wildfires. The smoke had been held aloft for a few days, and was brought to the surface by the winds associated with the cold front. Visibility dropped abruptly to one-half mile or less across much of western and central North Dakota as the dense smoke moved in, with some locations recording visibilities less than one-quarter mile for a prolonged period of time. The Air Quality Index (AQI) pushed well into the hazardous category, which is the highest category, and begins at a PM2.5 concentration of 250.5 ug/m3. The highest hourly concentration reported was 1,041.1 ug/m3 at Hannover in Oliver County, with most other reporting stations in western and central North Dakota registering maximum hourly values well over 700 ug/m3. According to personnel at the North Dakota Department of Air Quality, this smoke produced the worst air quality conditions ever measured in the state. Conditions did improve some from northwest to southeast during the late day and evening, but visibility remained somewhat restricted by the smoke for a few days, and air quality was adversely affected. The event garnered significant media attention. The NWS office in Bismarck received numerous calls about the smoke from both the media and general public.",NA,CSV
202305,17,1000,202305,17,1900,180052,1097432,NORTH DAKOTA,38,2023,May,Dense Smoke,Z,40,SLOPE,38040,BIS,17-MAY-23 10:00:00,CST-6,17-MAY-23 19:00:00,0,0,0,0,0.00K,0.00K,State Official,NA,NA,NA,NA,NA,NA,NA,NA,NA,NA,NA,NA,NA,NA,NA,NA,NA,NA,NA,NA,NA,"May 17 had the poorest air quality ever measured in North Dakota. During the morning hours a cold front entered northwestern North Dakota and progressed across the state through the remainder of the day. Behind the front, north to northwest winds ushered in dense smoke from Canadian wildfires. The smoke had been held aloft for a few days, and was brought to the surface by the winds associated with the cold front. Visibility dropped abruptly to one-half mile or less across much of western and central North Dakota as the dense smoke moved in, with some locations recording visibilities less than one-quarter mile for a prolonged period of time. The Air Quality Index (AQI) pushed well into the hazardous category, which is the highest category, and begins at a PM2.5 concentration of 250.5 ug/m3. The highest hourly concentration reported was 1,041.1 ug/m3 at Hannover in Oliver County, with most other reporting stations in western and central North Dakota registering maximum hourly values well over 700 ug/m3. According to personnel at the North Dakota Department of Air Quality, this smoke produced the worst air quality conditions ever measured in the state. Conditions did improve some from northwest to southeast during the late day and evening, but visibility remained somewhat restricted by the smoke for a few days, and air quality was adversely affected. The event garnered significant media attention. The NWS office in Bismarck received numerous calls about the smoke from both the media and general public.",NA,CSV
202305,17,1000,202305,17,1900,180052,1097433,NORTH DAKOTA,38,2023,May,Dense Smoke,Z,18,DUNN,38018,BIS,17-MAY-23 10:00:00,CST-6,17-MAY-23 19:00:00,0,0,0,0,0.00K,0.00K,State Official,NA,NA,NA,NA,NA,NA,NA,NA,NA,NA,NA,NA,NA,NA,NA,NA,NA,NA,NA,NA,NA,"May 17 had the poorest air quality ever measured in North Dakota. During the morning hours a cold front entered northwestern North Dakota and progressed across the state through the remainder of the day. Behind the front, north to northwest winds ushered in dense smoke from Canadian wildfires. The smoke had been held aloft for a few days, and was brought to the surface by the winds associated with the cold front. Visibility dropped abruptly to one-half mile or less across much of western and central North Dakota as the dense smoke moved in, with some locations recording visibilities less than one-quarter mile for a prolonged period of time. The Air Quality Index (AQI) pushed well into the hazardous category, which is the highest category, and begins at a PM2.5 concentration of 250.5 ug/m3. The highest hourly concentration reported was 1,041.1 ug/m3 at Hannover in Oliver County, with most other reporting stations in western and central North Dakota registering maximum hourly values well over 700 ug/m3. According to personnel at the North Dakota Department of Air Quality, this smoke produced the worst air quality conditions ever measured in the state. Conditions did improve some from northwest to southeast during the late day and evening, but visibility remained somewhat restricted by the smoke for a few days, and air quality was adversely affected. The event garnered significant media attention. The NWS office in Bismarck received numerous calls about the smoke from both the media and general public.",NA,CSV
202305,17,1000,202305,17,1900,180052,1097436,NORTH DAKOTA,38,2023,May,Dense Smoke,Z,20,OLIVER,38020,BIS,17-MAY-23 10:00:00,CST-6,17-MAY-23 19:00:00,0,0,0,0,0.00K,0.00K,State Official,NA,NA,NA,NA,NA,NA,NA,NA,NA,NA,NA,NA,NA,NA,NA,NA,NA,NA,NA,NA,NA,"May 17 had the poorest air quality ever measured in North Dakota. During the morning hours a cold front entered northwestern North Dakota and progressed across the state through the remainder of the day. Behind the front, north to northwest winds ushered in dense smoke from Canadian wildfires. The smoke had been held aloft for a few days, and was brought to the surface by the winds associated with the cold front. Visibility dropped abruptly to one-half mile or less across much of western and central North Dakota as the dense smoke moved in, with some locations recording visibilities less than one-quarter mile for a prolonged period of time. The Air Quality Index (AQI) pushed well into the hazardous category, which is the highest category, and begins at a PM2.5 concentration of 250.5 ug/m3. The highest hourly concentration reported was 1,041.1 ug/m3 at Hannover in Oliver County, with most other reporting stations in western and central North Dakota registering maximum hourly values well over 700 ug/m3. According to personnel at the North Dakota Department of Air Quality, this smoke produced the worst air quality conditions ever measured in the state. Conditions did improve some from northwest to southeast during the late day and evening, but visibility remained somewhat restricted by the smoke for a few days, and air quality was adversely affected. The event garnered significant media attention. The NWS office in Bismarck received numerous calls about the smoke from both the media and general public.",NA,CSV
202305,17,1000,202305,17,1900,180052,1097437,NORTH DAKOTA,38,2023,May,Dense Smoke,Z,21,MCLEAN,38021,BIS,17-MAY-23 10:00:00,CST-6,17-MAY-23 19:00:00,0,0,0,0,0.00K,0.00K,State Official,NA,NA,NA,NA,NA,NA,NA,NA,NA,NA,NA,NA,NA,NA,NA,NA,NA,NA,NA,NA,NA,"May 17 had the poorest air quality ever measured in North Dakota. During the morning hours a cold front entered northwestern North Dakota and progressed across the state through the remainder of the day. Behind the front, north to northwest winds ushered in dense smoke from Canadian wildfires. The smoke had been held aloft for a few days, and was brought to the surface by the winds associated with the cold front. Visibility dropped abruptly to one-half mile or less across much of western and central North Dakota as the dense smoke moved in, with some locations recording visibilities less than one-quarter mile for a prolonged period of time. The Air Quality Index (AQI) pushed well into the hazardous category, which is the highest category, and begins at a PM2.5 concentration of 250.5 ug/m3. The highest hourly concentration reported was 1,041.1 ug/m3 at Hannover in Oliver County, with most other reporting stations in western and central North Dakota registering maximum hourly values well over 700 ug/m3. According to personnel at the North Dakota Department of Air Quality, this smoke produced the worst air quality conditions ever measured in the state. Conditions did improve some from northwest to southeast during the late day and evening, but visibility remained somewhat restricted by the smoke for a few days, and air quality was adversely affected. The event garnered significant media attention. The NWS office in Bismarck received numerous calls about the smoke from both the media and general public.",NA,CSV
202305,17,1000,202305,17,1900,180052,1097440,NORTH DAKOTA,38,2023,May,Dense Smoke,Z,23,WELLS,38023,BIS,17-MAY-23 10:00:00,CST-6,17-MAY-23 19:00:00,0,0,0,0,0.00K,0.00K,State Official,NA,NA,NA,NA,NA,NA,NA,NA,NA,NA,NA,NA,NA,NA,NA,NA,NA,NA,NA,NA,NA,"May 17 had the poorest air quality ever measured in North Dakota. During the morning hours a cold front entered northwestern North Dakota and progressed across the state through the remainder of the day. Behind the front, north to northwest winds ushered in dense smoke from Canadian wildfires. The smoke had been held aloft for a few days, and was brought to the surface by the winds associated with the cold front. Visibility dropped abruptly to one-half mile or less across much of western and central North Dakota as the dense smoke moved in, with some locations recording visibilities less than one-quarter mile for a prolonged period of time. The Air Quality Index (AQI) pushed well into the hazardous category, which is the highest category, and begins at a PM2.5 concentration of 250.5 ug/m3. The highest hourly concentration reported was 1,041.1 ug/m3 at Hannover in Oliver County, with most other reporting stations in western and central North Dakota registering maximum hourly values well over 700 ug/m3. According to personnel at the North Dakota Department of Air Quality, this smoke produced the worst air quality conditions ever measured in the state. Conditions did improve some from northwest to southeast during the late day and evening, but visibility remained somewhat restricted by the smoke for a few days, and air quality was adversely affected. The event garnered significant media attention. The NWS office in Bismarck received numerous calls about the smoke from both the media and general public.",NA,CSV
202305,17,1000,202305,17,1900,180052,1097441,NORTH DAKOTA,38,2023,May,Dense Smoke,Z,25,FOSTER,38025,BIS,17-MAY-23 10:00:00,CST-6,17-MAY-23 19:00:00,0,0,0,0,0.00K,0.00K,State Official,NA,NA,NA,NA,NA,NA,NA,NA,NA,NA,NA,NA,NA,NA,NA,NA,NA,NA,NA,NA,NA,"May 17 had the poorest air quality ever measured in North Dakota. During the morning hours a cold front entered northwestern North Dakota and progressed across the state through the remainder of the day. Behind the front, north to northwest winds ushered in dense smoke from Canadian wildfires. The smoke had been held aloft for a few days, and was brought to the surface by the winds associated with the cold front. Visibility dropped abruptly to one-half mile or less across much of western and central North Dakota as the dense smoke moved in, with some locations recording visibilities less than one-quarter mile for a prolonged period of time. The Air Quality Index (AQI) pushed well into the hazardous category, which is the highest category, and begins at a PM2.5 concentration of 250.5 ug/m3. The highest hourly concentration reported was 1,041.1 ug/m3 at Hannover in Oliver County, with most other reporting stations in western and central North Dakota registering maximum hourly values well over 700 ug/m3. According to personnel at the North Dakota Department of Air Quality, this smoke produced the worst air quality conditions ever measured in the state. Conditions did improve some from northwest to southeast during the late day and evening, but visibility remained somewhat restricted by the smoke for a few days, and air quality was adversely affected. The event garnered significant media attention. The NWS office in Bismarck received numerous calls about the smoke from both the media and general public.",NA,CSV
202305,17,1300,202305,17,2200,180052,1097444,NORTH DAKOTA,38,2023,May,Dense Smoke,Z,44,ADAMS,38044,BIS,17-MAY-23 13:00:00,CST-6,17-MAY-23 22:00:00,0,0,0,0,0.00K,0.00K,State Official,NA,NA,NA,NA,NA,NA,NA,NA,NA,NA,NA,NA,NA,NA,NA,NA,NA,NA,NA,NA,NA,"May 17 had the poorest air quality ever measured in North Dakota. During the morning hours a cold front entered northwestern North Dakota and progressed across the state through the remainder of the day. Behind the front, north to northwest winds ushered in dense smoke from Canadian wildfires. The smoke had been held aloft for a few days, and was brought to the surface by the winds associated with the cold front. Visibility dropped abruptly to one-half mile or less across much of western and central North Dakota as the dense smoke moved in, with some locations recording visibilities less than one-quarter mile for a prolonged period of time. The Air Quality Index (AQI) pushed well into the hazardous category, which is the highest category, and begins at a PM2.5 concentration of 250.5 ug/m3. The highest hourly concentration reported was 1,041.1 ug/m3 at Hannover in Oliver County, with most other reporting stations in western and central North Dakota registering maximum hourly values well over 700 ug/m3. According to personnel at the North Dakota Department of Air Quality, this smoke produced the worst air quality conditions ever measured in the state. Conditions did improve some from northwest to southeast during the late day and evening, but visibility remained somewhat restricted by the smoke for a few days, and air quality was adversely affected. The event garnered significant media attention. The NWS office in Bismarck received numerous calls about the smoke from both the media and general public.",NA,CSV
202305,17,1300,202305,17,2200,180052,1097445,NORTH DAKOTA,38,2023,May,Dense Smoke,Z,34,MORTON,38034,BIS,17-MAY-23 13:00:00,CST-6,17-MAY-23 22:00:00,0,0,0,0,0.00K,0.00K,State Official,NA,NA,NA,NA,NA,NA,NA,NA,NA,NA,NA,NA,NA,NA,NA,NA,NA,NA,NA,NA,NA,"May 17 had the poorest air quality ever measured in North Dakota. During the morning hours a cold front entered northwestern North Dakota and progressed across the state through the remainder of the day. Behind the front, north to northwest winds ushered in dense smoke from Canadian wildfires. The smoke had been held aloft for a few days, and was brought to the surface by the winds associated with the cold front. Visibility dropped abruptly to one-half mile or less across much of western and central North Dakota as the dense smoke moved in, with some locations recording visibilities less than one-quarter mile for a prolonged period of time. The Air Quality Index (AQI) pushed well into the hazardous category, which is the highest category, and begins at a PM2.5 concentration of 250.5 ug/m3. The highest hourly concentration reported was 1,041.1 ug/m3 at Hannover in Oliver County, with most other reporting stations in western and central North Dakota registering maximum hourly values well over 700 ug/m3. According to personnel at the North Dakota Department of Air Quality, this smoke produced the worst air quality conditions ever measured in the state. Conditions did improve some from northwest to southeast during the late day and evening, but visibility remained somewhat restricted by the smoke for a few days, and air quality was adversely affected. The event garnered significant media attention. The NWS office in Bismarck received numerous calls about the smoke from both the media and general public.",NA,CSV
202305,17,1300,202305,17,2200,180052,1097448,NORTH DAKOTA,38,2023,May,Dense Smoke,Z,35,BURLEIGH,38035,BIS,17-MAY-23 13:00:00,CST-6,17-MAY-23 22:00:00,0,0,0,0,0.00K,0.00K,State Official,NA,NA,NA,NA,NA,NA,NA,NA,NA,NA,NA,NA,NA,NA,NA,NA,NA,NA,NA,NA,NA,"May 17 had the poorest air quality ever measured in North Dakota. During the morning hours a cold front entered northwestern North Dakota and progressed across the state through the remainder of the day. Behind the front, north to northwest winds ushered in dense smoke from Canadian wildfires. The smoke had been held aloft for a few days, and was brought to the surface by the winds associated with the cold front. Visibility dropped abruptly to one-half mile or less across much of western and central North Dakota as the dense smoke moved in, with some locations recording visibilities less than one-quarter mile for a prolonged period of time. The Air Quality Index (AQI) pushed well into the hazardous category, which is the highest category, and begins at a PM2.5 concentration of 250.5 ug/m3. The highest hourly concentration reported was 1,041.1 ug/m3 at Hannover in Oliver County, with most other reporting stations in western and central North Dakota registering maximum hourly values well over 700 ug/m3. According to personnel at the North Dakota Department of Air Quality, this smoke produced the worst air quality conditions ever measured in the state. Conditions did improve some from northwest to southeast during the late day and evening, but visibility remained somewhat restricted by the smoke for a few days, and air quality was adversely affected. The event garnered significant media attention. The NWS office in Bismarck received numerous calls about the smoke from both the media and general public.",NA,CSV
202305,17,1300,202305,17,2200,180052,1097449,NORTH DAKOTA,38,2023,May,Dense Smoke,Z,46,EMMONS,38046,BIS,17-MAY-23 13:00:00,CST-6,17-MAY-23 22:00:00,0,0,0,0,0.00K,0.00K,State Official,NA,NA,NA,NA,NA,NA,NA,NA,NA,NA,NA,NA,NA,NA,NA,NA,NA,NA,NA,NA,NA,"May 17 had the poorest air quality ever measured in North Dakota. During the morning hours a cold front entered northwestern North Dakota and progressed across the state through the remainder of the day. Behind the front, north to northwest winds ushered in dense smoke from Canadian wildfires. The smoke had been held aloft for a few days, and was brought to the surface by the winds associated with the cold front. Visibility dropped abruptly to one-half mile or less across much of western and central North Dakota as the dense smoke moved in, with some locations recording visibilities less than one-quarter mile for a prolonged period of time. The Air Quality Index (AQI) pushed well into the hazardous category, which is the highest category, and begins at a PM2.5 concentration of 250.5 ug/m3. The highest hourly concentration reported was 1,041.1 ug/m3 at Hannover in Oliver County, with most other reporting stations in western and central North Dakota registering maximum hourly values well over 700 ug/m3. According to personnel at the North Dakota Department of Air Quality, this smoke produced the worst air quality conditions ever measured in the state. Conditions did improve some from northwest to southeast during the late day and evening, but visibility remained somewhat restricted by the smoke for a few days, and air quality was adversely affected. The event garnered significant media attention. The NWS office in Bismarck received numerous calls about the smoke from both the media and general public.",NA,CSV
202305,17,1300,202305,17,2200,180052,1097452,NORTH DAKOTA,38,2023,May,Dense Smoke,Z,50,MCINTOSH,38050,BIS,17-MAY-23 13:00:00,CST-6,17-MAY-23 22:00:00,0,0,0,0,0.00K,0.00K,State Official,NA,NA,NA,NA,NA,NA,NA,NA,NA,NA,NA,NA,NA,NA,NA,NA,NA,NA,NA,NA,NA,"May 17 had the poorest air quality ever measured in North Dakota. During the morning hours a cold front entered northwestern North Dakota and progressed across the state through the remainder of the day. Behind the front, north to northwest winds ushered in dense smoke from Canadian wildfires. The smoke had been held aloft for a few days, and was brought to the surface by the winds associated with the cold front. Visibility dropped abruptly to one-half mile or less across much of western and central North Dakota as the dense smoke moved in, with some locations recording visibilities less than one-quarter mile for a prolonged period of time. The Air Quality Index (AQI) pushed well into the hazardous category, which is the highest category, and begins at a PM2.5 concentration of 250.5 ug/m3. The highest hourly concentration reported was 1,041.1 ug/m3 at Hannover in Oliver County, with most other reporting stations in western and central North Dakota registering maximum hourly values well over 700 ug/m3. According to personnel at the North Dakota Department of Air Quality, this smoke produced the worst air quality conditions ever measured in the state. Conditions did improve some from northwest to southeast during the late day and evening, but visibility remained somewhat restricted by the smoke for a few days, and air quality was adversely affected. The event garnered significant media attention. The NWS office in Bismarck received numerous calls about the smoke from both the media and general public.",NA,CSV
202305,17,1300,202305,17,2200,180052,1097453,NORTH DAKOTA,38,2023,May,Dense Smoke,Z,37,STUTSMAN,38037,BIS,17-MAY-23 13:00:00,CST-6,17-MAY-23 22:00:00,0,0,0,0,0.00K,0.00K,State Official,NA,NA,NA,NA,NA,NA,NA,NA,NA,NA,NA,NA,NA,NA,NA,NA,NA,NA,NA,NA,NA,"May 17 had the poorest air quality ever measured in North Dakota. During the morning hours a cold front entered northwestern North Dakota and progressed across the state through the remainder of the day. Behind the front, north to northwest winds ushered in dense smoke from Canadian wildfires. The smoke had been held aloft for a few days, and was brought to the surface by the winds associated with the cold front. Visibility dropped abruptly to one-half mile or less across much of western and central North Dakota as the dense smoke moved in, with some locations recording visibilities less than one-quarter mile for a prolonged period of time. The Air Quality Index (AQI) pushed well into the hazardous category, which is the highest category, and begins at a PM2.5 concentration of 250.5 ug/m3. The highest hourly concentration reported was 1,041.1 ug/m3 at Hannover in Oliver County, with most other reporting stations in western and central North Dakota registering maximum hourly values well over 700 ug/m3. According to personnel at the North Dakota Department of Air Quality, this smoke produced the worst air quality conditions ever measured in the state. Conditions did improve some from northwest to southeast during the late day and evening, but visibility remained somewhat restricted by the smoke for a few days, and air quality was adversely affected. The event garnered significant media attention. The NWS office in Bismarck received numerous calls about the smoke from both the media and general public.",NA,CSV
202305,17,1000,202305,17,1900,180052,1097434,NORTH DAKOTA,38,2023,May,Dense Smoke,Z,33,STARK,38033,BIS,17-MAY-23 10:00:00,CST-6,17-MAY-23 19:00:00,0,0,0,0,0.00K,0.00K,State Official,NA,NA,NA,NA,NA,NA,NA,NA,NA,NA,NA,NA,NA,NA,NA,NA,NA,NA,NA,NA,NA,"May 17 had the poorest air quality ever measured in North Dakota. During the morning hours a cold front entered northwestern North Dakota and progressed across the state through the remainder of the day. Behind the front, north to northwest winds ushered in dense smoke from Canadian wildfires. The smoke had been held aloft for a few days, and was brought to the surface by the winds associated with the cold front. Visibility dropped abruptly to one-half mile or less across much of western and central North Dakota as the dense smoke moved in, with some locations recording visibilities less than one-quarter mile for a prolonged period of time. The Air Quality Index (AQI) pushed well into the hazardous category, which is the highest category, and begins at a PM2.5 concentration of 250.5 ug/m3. The highest hourly concentration reported was 1,041.1 ug/m3 at Hannover in Oliver County, with most other reporting stations in western and central North Dakota registering maximum hourly values well over 700 ug/m3. According to personnel at the North Dakota Department of Air Quality, this smoke produced the worst air quality conditions ever measured in the state. Conditions did improve some from northwest to southeast during the late day and evening, but visibility remained somewhat restricted by the smoke for a few days, and air quality was adversely affected. The event garnered significant media attention. The NWS office in Bismarck received numerous calls about the smoke from both the media and general public.",NA,CSV
202305,17,1000,202305,17,1900,180052,1097435,NORTH DAKOTA,38,2023,May,Dense Smoke,Z,19,MERCER,38019,BIS,17-MAY-23 10:00:00,CST-6,17-MAY-23 19:00:00,0,0,0,0,0.00K,0.00K,State Official,NA,NA,NA,NA,NA,NA,NA,NA,NA,NA,NA,NA,NA,NA,NA,NA,NA,NA,NA,NA,NA,"May 17 had the poorest air quality ever measured in North Dakota. During the morning hours a cold front entered northwestern North Dakota and progressed across the state through the remainder of the day. Behind the front, north to northwest winds ushered in dense smoke from Canadian wildfires. The smoke had been held aloft for a few days, and was brought to the surface by the winds associated with the cold front. Visibility dropped abruptly to one-half mile or less across much of western and central North Dakota as the dense smoke moved in, with some locations recording visibilities less than one-quarter mile for a prolonged period of time. The Air Quality Index (AQI) pushed well into the hazardous category, which is the highest category, and begins at a PM2.5 concentration of 250.5 ug/m3. The highest hourly concentration reported was 1,041.1 ug/m3 at Hannover in Oliver County, with most other reporting stations in western and central North Dakota registering maximum hourly values well over 700 ug/m3. According to personnel at the North Dakota Department of Air Quality, this smoke produced the worst air quality conditions ever measured in the state. Conditions did improve some from northwest to southeast during the late day and evening, but visibility remained somewhat restricted by the smoke for a few days, and air quality was adversely affected. The event garnered significant media attention. The NWS office in Bismarck received numerous calls about the smoke from both the media and general public.",NA,CSV
202305,17,1000,202305,17,1900,180052,1097438,NORTH DAKOTA,38,2023,May,Dense Smoke,Z,22,SHERIDAN,38022,BIS,17-MAY-23 10:00:00,CST-6,17-MAY-23 19:00:00,0,0,0,0,0.00K,0.00K,State Official,NA,NA,NA,NA,NA,NA,NA,NA,NA,NA,NA,NA,NA,NA,NA,NA,NA,NA,NA,NA,NA,"May 17 had the poorest air quality ever measured in North Dakota. During the morning hours a cold front entered northwestern North Dakota and progressed across the state through the remainder of the day. Behind the front, north to northwest winds ushered in dense smoke from Canadian wildfires. The smoke had been held aloft for a few days, and was brought to the surface by the winds associated with the cold front. Visibility dropped abruptly to one-half mile or less across much of western and central North Dakota as the dense smoke moved in, with some locations recording visibilities less than one-quarter mile for a prolonged period of time. The Air Quality Index (AQI) pushed well into the hazardous category, which is the highest category, and begins at a PM2.5 concentration of 250.5 ug/m3. The highest hourly concentration reported was 1,041.1 ug/m3 at Hannover in Oliver County, with most other reporting stations in western and central North Dakota registering maximum hourly values well over 700 ug/m3. According to personnel at the North Dakota Department of Air Quality, this smoke produced the worst air quality conditions ever measured in the state. Conditions did improve some from northwest to southeast during the late day and evening, but visibility remained somewhat restricted by the smoke for a few days, and air quality was adversely affected. The event garnered significant media attention. The NWS office in Bismarck received numerous calls about the smoke from both the media and general public.",NA,CSV
202305,17,1000,202305,17,1900,180052,1097439,NORTH DAKOTA,38,2023,May,Dense Smoke,Z,13,PIERCE,38013,BIS,17-MAY-23 10:00:00,CST-6,17-MAY-23 19:00:00,0,0,0,0,0.00K,0.00K,State Official,NA,NA,NA,NA,NA,NA,NA,NA,NA,NA,NA,NA,NA,NA,NA,NA,NA,NA,NA,NA,NA,"May 17 had the poorest air quality ever measured in North Dakota. During the morning hours a cold front entered northwestern North Dakota and progressed across the state through the remainder of the day. Behind the front, north to northwest winds ushered in dense smoke from Canadian wildfires. The smoke had been held aloft for a few days, and was brought to the surface by the winds associated with the cold front. Visibility dropped abruptly to one-half mile or less across much of western and central North Dakota as the dense smoke moved in, with some locations recording visibilities less than one-quarter mile for a prolonged period of time. The Air Quality Index (AQI) pushed well into the hazardous category, which is the highest category, and begins at a PM2.5 concentration of 250.5 ug/m3. The highest hourly concentration reported was 1,041.1 ug/m3 at Hannover in Oliver County, with most other reporting stations in western and central North Dakota registering maximum hourly values well over 700 ug/m3. According to personnel at the North Dakota Department of Air Quality, this smoke produced the worst air quality conditions ever measured in the state. Conditions did improve some from northwest to southeast during the late day and evening, but visibility remained somewhat restricted by the smoke for a few days, and air quality was adversely affected. The event garnered significant media attention. The NWS office in Bismarck received numerous calls about the smoke from both the media and general public.",NA,CSV
202305,17,1300,202305,17,2200,180052,1097442,NORTH DAKOTA,38,2023,May,Dense Smoke,Z,43,BOWMAN,38043,BIS,17-MAY-23 13:00:00,CST-6,17-MAY-23 22:00:00,0,0,0,0,0.00K,0.00K,State Official,NA,NA,NA,NA,NA,NA,NA,NA,NA,NA,NA,NA,NA,NA,NA,NA,NA,NA,NA,NA,NA,"May 17 had the poorest air quality ever measured in North Dakota. During the morning hours a cold front entered northwestern North Dakota and progressed across the state through the remainder of the day. Behind the front, north to northwest winds ushered in dense smoke from Canadian wildfires. The smoke had been held aloft for a few days, and was brought to the surface by the winds associated with the cold front. Visibility dropped abruptly to one-half mile or less across much of western and central North Dakota as the dense smoke moved in, with some locations recording visibilities less than one-quarter mile for a prolonged period of time. The Air Quality Index (AQI) pushed well into the hazardous category, which is the highest category, and begins at a PM2.5 concentration of 250.5 ug/m3. The highest hourly concentration reported was 1,041.1 ug/m3 at Hannover in Oliver County, with most other reporting stations in western and central North Dakota registering maximum hourly values well over 700 ug/m3. According to personnel at the North Dakota Department of Air Quality, this smoke produced the worst air quality conditions ever measured in the state. Conditions did improve some from northwest to southeast during the late day and evening, but visibility remained somewhat restricted by the smoke for a few days, and air quality was adversely affected. The event garnered significant media attention. The NWS office in Bismarck received numerous calls about the smoke from both the media and general public.",NA,CSV
202305,17,1300,202305,17,2200,180052,1097443,NORTH DAKOTA,38,2023,May,Dense Smoke,Z,41,HETTINGER,38041,BIS,17-MAY-23 13:00:00,CST-6,17-MAY-23 22:00:00,0,0,0,0,0.00K,0.00K,State Official,NA,NA,NA,NA,NA,NA,NA,NA,NA,NA,NA,NA,NA,NA,NA,NA,NA,NA,NA,NA,NA,"May 17 had the poorest air quality ever measured in North Dakota. During the morning hours a cold front entered northwestern North Dakota and progressed across the state through the remainder of the day. Behind the front, north to northwest winds ushered in dense smoke from Canadian wildfires. The smoke had been held aloft for a few days, and was brought to the surface by the winds associated with the cold front. Visibility dropped abruptly to one-half mile or less across much of western and central North Dakota as the dense smoke moved in, with some locations recording visibilities less than one-quarter mile for a prolonged period of time. The Air Quality Index (AQI) pushed well into the hazardous category, which is the highest category, and begins at a PM2.5 concentration of 250.5 ug/m3. The highest hourly concentration reported was 1,041.1 ug/m3 at Hannover in Oliver County, with most other reporting stations in western and central North Dakota registering maximum hourly values well over 700 ug/m3. According to personnel at the North Dakota Department of Air Quality, this smoke produced the worst air quality conditions ever measured in the state. Conditions did improve some from northwest to southeast during the late day and evening, but visibility remained somewhat restricted by the smoke for a few days, and air quality was adversely affected. The event garnered significant media attention. The NWS office in Bismarck received numerous calls about the smoke from both the media and general public.",NA,CSV
202305,17,1300,202305,17,2200,180052,1097446,NORTH DAKOTA,38,2023,May,Dense Smoke,Z,42,GRANT,38042,BIS,17-MAY-23 13:00:00,CST-6,17-MAY-23 22:00:00,0,0,0,0,0.00K,0.00K,State Official,NA,NA,NA,NA,NA,NA,NA,NA,NA,NA,NA,NA,NA,NA,NA,NA,NA,NA,NA,NA,NA,"May 17 had the poorest air quality ever measured in North Dakota. During the morning hours a cold front entered northwestern North Dakota and progressed across the state through the remainder of the day. Behind the front, north to northwest winds ushered in dense smoke from Canadian wildfires. The smoke had been held aloft for a few days, and was brought to the surface by the winds associated with the cold front. Visibility dropped abruptly to one-half mile or less across much of western and central North Dakota as the dense smoke moved in, with some locations recording visibilities less than one-quarter mile for a prolonged period of time. The Air Quality Index (AQI) pushed well into the hazardous category, which is the highest category, and begins at a PM2.5 concentration of 250.5 ug/m3. The highest hourly concentration reported was 1,041.1 ug/m3 at Hannover in Oliver County, with most other reporting stations in western and central North Dakota registering maximum hourly values well over 700 ug/m3. According to personnel at the North Dakota Department of Air Quality, this smoke produced the worst air quality conditions ever measured in the state. Conditions did improve some from northwest to southeast during the late day and evening, but visibility remained somewhat restricted by the smoke for a few days, and air quality was adversely affected. The event garnered significant media attention. The NWS office in Bismarck received numerous calls about the smoke from both the media and general public.",NA,CSV
202305,17,1300,202305,17,2200,180052,1097447,NORTH DAKOTA,38,2023,May,Dense Smoke,Z,45,SIOUX,38045,BIS,17-MAY-23 13:00:00,CST-6,17-MAY-23 22:00:00,0,0,0,0,0.00K,0.00K,State Official,NA,NA,NA,NA,NA,NA,NA,NA,NA,NA,NA,NA,NA,NA,NA,NA,NA,NA,NA,NA,NA,"May 17 had the poorest air quality ever measured in North Dakota. During the morning hours a cold front entered northwestern North Dakota and progressed across the state through the remainder of the day. Behind the front, north to northwest winds ushered in dense smoke from Canadian wildfires. The smoke had been held aloft for a few days, and was brought to the surface by the winds associated with the cold front. Visibility dropped abruptly to one-half mile or less across much of western and central North Dakota as the dense smoke moved in, with some locations recording visibilities less than one-quarter mile for a prolonged period of time. The Air Quality Index (AQI) pushed well into the hazardous category, which is the highest category, and begins at a PM2.5 concentration of 250.5 ug/m3. The highest hourly concentration reported was 1,041.1 ug/m3 at Hannover in Oliver County, with most other reporting stations in western and central North Dakota registering maximum hourly values well over 700 ug/m3. According to personnel at the North Dakota Department of Air Quality, this smoke produced the worst air quality conditions ever measured in the state. Conditions did improve some from northwest to southeast during the late day and evening, but visibility remained somewhat restricted by the smoke for a few days, and air quality was adversely affected. The event garnered significant media attention. The NWS office in Bismarck received numerous calls about the smoke from both the media and general public.",NA,CSV
202305,17,1300,202305,17,2200,180052,1097450,NORTH DAKOTA,38,2023,May,Dense Smoke,Z,36,KIDDER,38036,BIS,17-MAY-23 13:00:00,CST-6,17-MAY-23 22:00:00,0,0,0,0,0.00K,0.00K,State Official,NA,NA,NA,NA,NA,NA,NA,NA,NA,NA,NA,NA,NA,NA,NA,NA,NA,NA,NA,NA,NA,"May 17 had the poorest air quality ever measured in North Dakota. During the morning hours a cold front entered northwestern North Dakota and progressed across the state through the remainder of the day. Behind the front, north to northwest winds ushered in dense smoke from Canadian wildfires. The smoke had been held aloft for a few days, and was brought to the surface by the winds associated with the cold front. Visibility dropped abruptly to one-half mile or less across much of western and central North Dakota as the dense smoke moved in, with some locations recording visibilities less than one-quarter mile for a prolonged period of time. The Air Quality Index (AQI) pushed well into the hazardous category, which is the highest category, and begins at a PM2.5 concentration of 250.5 ug/m3. The highest hourly concentration reported was 1,041.1 ug/m3 at Hannover in Oliver County, with most other reporting stations in western and central North Dakota registering maximum hourly values well over 700 ug/m3. According to personnel at the North Dakota Department of Air Quality, this smoke produced the worst air quality conditions ever measured in the state. Conditions did improve some from northwest to southeast during the late day and evening, but visibility remained somewhat restricted by the smoke for a few days, and air quality was adversely affected. The event garnered significant media attention. The NWS office in Bismarck received numerous calls about the smoke from both the media and general public.",NA,CSV
202305,17,1300,202305,17,2200,180052,1097451,NORTH DAKOTA,38,2023,May,Dense Smoke,Z,47,LOGAN,38047,BIS,17-MAY-23 13:00:00,CST-6,17-MAY-23 22:00:00,0,0,0,0,0.00K,0.00K,State Official,NA,NA,NA,NA,NA,NA,NA,NA,NA,NA,NA,NA,NA,NA,NA,NA,NA,NA,NA,NA,NA,"May 17 had the poorest air quality ever measured in North Dakota. During the morning hours a cold front entered northwestern North Dakota and progressed across the state through the remainder of the day. Behind the front, north to northwest winds ushered in dense smoke from Canadian wildfires. The smoke had been held aloft for a few days, and was brought to the surface by the winds associated with the cold front. Visibility dropped abruptly to one-half mile or less across much of western and central North Dakota as the dense smoke moved in, with some locations recording visibilities less than one-quarter mile for a prolonged period of time. The Air Quality Index (AQI) pushed well into the hazardous category, which is the highest category, and begins at a PM2.5 concentration of 250.5 ug/m3. The highest hourly concentration reported was 1,041.1 ug/m3 at Hannover in Oliver County, with most other reporting stations in western and central North Dakota registering maximum hourly values well over 700 ug/m3. According to personnel at the North Dakota Department of Air Quality, this smoke produced the worst air quality conditions ever measured in the state. Conditions did improve some from northwest to southeast during the late day and evening, but visibility remained somewhat restricted by the smoke for a few days, and air quality was adversely affected. The event garnered significant media attention. The NWS office in Bismarck received numerous calls about the smoke from both the media and general public.",NA,CSV
202305,17,1300,202305,17,2200,180052,1097454,NORTH DAKOTA,38,2023,May,Dense Smoke,Z,48,LA MOURE,38048,BIS,17-MAY-23 13:00:00,CST-6,17-MAY-23 22:00:00,0,0,0,0,0.00K,0.00K,State Official,NA,NA,NA,NA,NA,NA,NA,NA,NA,NA,NA,NA,NA,NA,NA,NA,NA,NA,NA,NA,NA,"May 17 had the poorest air quality ever measured in North Dakota. During the morning hours a cold front entered northwestern North Dakota and progressed across the state through the remainder of the day. Behind the front, north to northwest winds ushered in dense smoke from Canadian wildfires. The smoke had been held aloft for a few days, and was brought to the surface by the winds associated with the cold front. Visibility dropped abruptly to one-half mile or less across much of western and central North Dakota as the dense smoke moved in, with some locations recording visibilities less than one-quarter mile for a prolonged period of time. The Air Quality Index (AQI) pushed well into the hazardous category, which is the highest category, and begins at a PM2.5 concentration of 250.5 ug/m3. The highest hourly concentration reported was 1,041.1 ug/m3 at Hannover in Oliver County, with most other reporting stations in western and central North Dakota registering maximum hourly values well over 700 ug/m3. According to personnel at the North Dakota Department of Air Quality, this smoke produced the worst air quality conditions ever measured in the state. Conditions did improve some from northwest to southeast during the late day and evening, but visibility remained somewhat restricted by the smoke for a few days, and air quality was adversely affected. The event garnered significant media attention. The NWS office in Bismarck received numerous calls about the smoke from both the media and general public.",NA,CSV
202305,17,1300,202305,17,2200,180052,1097455,NORTH DAKOTA,38,2023,May,Dense Smoke,Z,51,DICKEY,38051,BIS,17-MAY-23 13:00:00,CST-6,17-MAY-23 22:00:00,0,0,0,0,0.00K,0.00K,State Official,NA,NA,NA,NA,NA,NA,NA,NA,NA,NA,NA,NA,NA,NA,NA,NA,NA,NA,NA,NA,NA,"May 17 had the poorest air quality ever measured in North Dakota. During the morning hours a cold front entered northwestern North Dakota and progressed across the state through the remainder of the day. Behind the front, north to northwest winds ushered in dense smoke from Canadian wildfires. The smoke had been held aloft for a few days, and was brought to the surface by the winds associated with the cold front. Visibility dropped abruptly to one-half mile or less across much of western and central North Dakota as the dense smoke moved in, with some locations recording visibilities less than one-quarter mile for a prolonged period of time. The Air Quality Index (AQI) pushed well into the hazardous category, which is the highest category, and begins at a PM2.5 concentration of 250.5 ug/m3. The highest hourly concentration reported was 1,041.1 ug/m3 at Hannover in Oliver County, with most other reporting stations in western and central North Dakota registering maximum hourly values well over 700 ug/m3. According to personnel at the North Dakota Department of Air Quality, this smoke produced the worst air quality conditions ever measured in the state. Conditions did improve some from northwest to southeast during the late day and evening, but visibility remained somewhat restricted by the smoke for a few days, and air quality was adversely affected. The event garnered significant media attention. The NWS office in Bismarck received numerous calls about the smoke from both the media and general public.",NA,CSV
202308,30,700,202308,30,715,183488,1121235,SOUTH DAKOTA,46,2023,August,Dense Smoke,Z,6,BROWN,46006,ABR,30-AUG-23 07:00:00,CST-6,30-AUG-23 07:15:00,0,0,0,0,0.00K,0.00K,ASOS,NA,NA,NA,NA,NA,NA,NA,NA,NA,NA,NA,NA,NA,NA,NA,NA,NA,NA,NA,NA,NA,"Wildfire smoke from northwest Canada followed the airflow around high pressure over the Rockies. Low level smoke moved into South Dakota initially on August 28th, however lowest visibilities and highest Air Quality Index (AQI) values were observed as a backdoor cold concentrated the smoke along its axis on August 29th. That front pushed back across the area as a warm front late on the 30th of August into the morning of August 31st, after which a slow gradual improvement was noted. AQI in Aberdeen topped out at 107, Watertown at 95, and Pierre at 92. Visibility was impacted for over 56 total hours in both Aberdeen and Britton, 50 hours in Redfield, 39 hours in Gettysburg, 33 hours in Mobridge, and 22 hours in Pierre.",NA,CSV
202308,30,215,202308,30,715,183488,1121257,SOUTH DAKOTA,46,2023,August,Dense Smoke,Z,7,MARSHALL,46007,ABR,30-AUG-23 02:15:00,CST-6,30-AUG-23 07:15:00,0,0,0,0,0.00K,0.00K,AWOS,NA,NA,NA,NA,NA,NA,NA,NA,NA,NA,NA,NA,NA,NA,NA,NA,NA,NA,NA,NA,NA,"Wildfire smoke from northwest Canada followed the airflow around high pressure over the Rockies. Low level smoke moved into South Dakota initially on August 28th, however lowest visibilities and highest Air Quality Index (AQI) values were observed as a backdoor cold concentrated the smoke along its axis on August 29th. That front pushed back across the area as a warm front late on the 30th of August into the morning of August 31st, after which a slow gradual improvement was noted. AQI in Aberdeen topped out at 107, Watertown at 95, and Pierre at 92. Visibility was impacted for over 56 total hours in both Aberdeen and Britton, 50 hours in Redfield, 39 hours in Gettysburg, 33 hours in Mobridge, and 22 hours in Pierre.",NA,CSV
202308,29,405,202308,29,417,183488,1121272,SOUTH DAKOTA,46,2023,August,Dense Smoke,Z,20,CODINGTON,46020,ABR,29-AUG-23 04:05:00,CST-6,29-AUG-23 04:17:00,0,0,0,0,0.00K,0.00K,ASOS,NA,NA,NA,NA,NA,NA,NA,NA,NA,NA,NA,NA,NA,NA,NA,NA,NA,NA,NA,NA,NA,"Wildfire smoke from northwest Canada followed the airflow around high pressure over the Rockies. Low level smoke moved into South Dakota initially on August 28th, however lowest visibilities and highest Air Quality Index (AQI) values were observed as a backdoor cold concentrated the smoke along its axis on August 29th. That front pushed back across the area as a warm front late on the 30th of August into the morning of August 31st, after which a slow gradual improvement was noted. AQI in Aberdeen topped out at 107, Watertown at 95, and Pierre at 92. Visibility was impacted for over 56 total hours in both Aberdeen and Britton, 50 hours in Redfield, 39 hours in Gettysburg, 33 hours in Mobridge, and 22 hours in Pierre.",NA,CSV
202308,30,520,202308,30,528,183488,1121273,SOUTH DAKOTA,46,2023,August,Dense Smoke,Z,20,CODINGTON,46020,ABR,30-AUG-23 05:20:00,CST-6,30-AUG-23 05:28:00,0,0,0,0,0.00K,0.00K,ASOS,NA,NA,NA,NA,NA,NA,NA,NA,NA,NA,NA,NA,NA,NA,NA,NA,NA,NA,NA,NA,NA,"Wildfire smoke from northwest Canada followed the airflow around high pressure over the Rockies. Low level smoke moved into South Dakota initially on August 28th, however lowest visibilities and highest Air Quality Index (AQI) values were observed as a backdoor cold concentrated the smoke along its axis on August 29th. That front pushed back across the area as a warm front late on the 30th of August into the morning of August 31st, after which a slow gradual improvement was noted. AQI in Aberdeen topped out at 107, Watertown at 95, and Pierre at 92. Visibility was impacted for over 56 total hours in both Aberdeen and Britton, 50 hours in Redfield, 39 hours in Gettysburg, 33 hours in Mobridge, and 22 hours in Pierre.",NA,CSV
202309,5,1435,202309,5,1515,183087,1118677,SOUTH DAKOTA,46,2023,September,Dense Smoke,Z,18,SPINK,46018,ABR,05-SEP-23 14:35:00,CST-6,05-SEP-23 15:15:00,0,0,0,0,0.00K,0.00K,AWOS,NA,NA,NA,NA,NA,NA,NA,NA,NA,NA,NA,NA,NA,NA,NA,NA,NA,NA,NA,NA,NA,"Wildfires in northwest Canada produced copious amounts of smoke which followed a low pressure system down into the Dakotas on September 5th, and lingered into the day of the 6th. The combination of smoke and light rainfall resulted in visibility falling to as low as 1/4 mile in Redfield, 3/4 miles in Britton, 1 and 1/4 of a mile in Mobridge and Milbank, 1 1/2 miles in Pierre and Aberdeen,  and 2 miles in Watertown. The Air Quality Index (AQI) for these sites hit the unhealthy category, with an AQI of 166 in Aberdeen, 161 in Watertown and 170 in Pierre. Mobridge and Pierre recorded reduced visibility for around 36 hours, while stations in northeast South Dakota recorded reduced visibility for around 24 hours.",NA,CSV
