BEGIN_YEARMONTH,BEGIN_DAY,BEGIN_TIME,END_YEARMONTH,END_DAY,END_TIME,EPISODE_ID,EVENT_ID,STATE,STATE_FIPS,YEAR,MONTH_NAME,EVENT_TYPE,CZ_TYPE,CZ_FIPS,CZ_NAME,cty_fips,WFO,BEGIN_DATE_TIME,CZ_TIMEZONE,END_DATE_TIME,INJURIES_DIRECT,INJURIES_INDIRECT,DEATHS_DIRECT,DEATHS_INDIRECT,DAMAGE_PROPERTY,DAMAGE_CROPS,SOURCE,MAGNITUDE,MAGNITUDE_TYPE,FLOOD_CAUSE,CATEGORY,TOR_F_SCALE,TOR_LENGTH,TOR_WIDTH,TOR_OTHER_WFO,TOR_OTHER_CZ_STATE,TOR_OTHER_CZ_FIPS,TOR_OTHER_CZ_NAME,BEGIN_RANGE,BEGIN_AZIMUTH,BEGIN_LOCATION,END_RANGE,END_AZIMUTH,END_LOCATION,BEGIN_LAT,BEGIN_LON,END_LAT,END_LON,EPISODE_NARRATIVE,EVENT_NARRATIVE,DATA_SOURCE
199601,5,1415,199601,5,1415,2041212,5556653,NEW HAMPSHIRE,33,1996,January,Avalanche,Z,2,SOUTHERN COOS,33002,GYX,05-JAN-96 14:15:00,EST,05-JAN-96 14:15:00,1,0,1,0,NA,NA,NA,NA,NA,NA,NA,NA,NA,NA,NA,NA,NA,NA,NA,NA,NA,NA,NA,NA,NA,NA,NA,NA,A group of four hikers from Quebec got caught in an avalanche after wandering off a hiking trail on the slopes of Mt. Washington.  One hiker was killed while another sustained substantial injuries.,NA,PDC
199602,4,800,199602,4,800,2404551,5536093,MONTANA,30,1996,February,Avalanche,Z,1,KOOTENAI/CABINET REGION,30001,MSO,04-FEB-96 08:00:00,MST,04-FEB-96 08:00:00,0,0,0,0,NA,NA,NA,NA,NA,NA,NA,NA,NA,NA,NA,NA,NA,NA,NA,NA,NA,NA,NA,NA,NA,NA,NA,NA,NA,NA,PDC
199602,3,0,199602,10,2359,2029316,5541029,ALASKA,2,1996,February,Avalanche,Z,19,HAINES BOROUGH AND LYNN CANAL,02019,AFC,03-FEB-96 00:00:00,AST,10-FEB-96 23:59:00,0,0,0,0,20K,NA,NA,NA,NA,NA,NA,NA,NA,NA,NA,NA,NA,NA,NA,NA,NA,NA,NA,NA,NA,NA,NA,NA,"After 3 months of drought, snows finally came...followed by avalanches and then flooding.  A record one week snow dumped 132.9 inches on the city of Valdez.  Next, avalanches cut off the Richardson Highway for most of the weekend while another avalanche swept over a local home.  When temperatures soared into the upper 30s Saturday, city streets began to flood.  The Public Works Department spent $30,000.00 in overtime during this week - about half the total overtime budget for the season.",NA,PDC
199605,19,930,199605,19,930,1005308,5545729,WASHINGTON,53,1996,May,Avalanche,Z,12,OLYMPICS,53012,SEW,19-MAY-96 09:30:00,PST,19-MAY-96 09:30:00,2,0,0,0,NA,NA,NA,NA,NA,NA,NA,NA,NA,NA,NA,NA,NA,NA,NA,NA,NA,NA,NA,NA,NA,NA,NA,NA,Two men were injured when caught in an avalanche near Red Mountain in the Snoqualmie summit area of the Cascades.,NA,PDC
199612,25,0,199612,25,0,2054876,5577214,WASHINGTON,53,1996,December,Avalanche,Z,18,CENTRAL SLOPES NORTHERN CASCADES AND PASSES,53018,SEW,25-DEC-96 00:00:00,PST,25-DEC-96 00:00:00,0,0,2,0,NA,NA,NA,NA,NA,NA,NA,NA,NA,NA,NA,NA,NA,NA,NA,NA,NA,NA,NA,NA,NA,NA,NA,NA,Two hikers were killed by an avalanche in Alpental Valley northwest of Snoqualmie Pass.  It was unsure when and how the avalanche started.,NA,PDC
199612,21,925,199612,21,930,2054401,5580648,CALIFORNIA,6,1996,December,Avalanche,Z,72,GREATER LAKE TAHOE AREA,06072,REV,21-DEC-96 09:25:00,PST,21-DEC-96 09:30:00,2,0,0,0,NA,NA,NA,NA,NA,NA,NA,NA,NA,NA,NA,NA,NA,NA,NA,NA,NA,NA,NA,NA,NA,NA,NA,NA,An avalanche Saturday morning on the Face Run at Heavenly Ski Resort sent at least two people to the hospital.  One victim suffered from a broken knee.  The other victim suffered from a back injury.,NA,PDC
199603,24,930,199603,24,930,2055158,5576190,NEW HAMPSHIRE,33,1996,March,Avalanche,Z,2,SOUTHERN COOS,33002,GYX,24-MAR-96 09:30:00,EST,24-MAR-96 09:30:00,0,0,2,0,NA,NA,NA,NA,NA,NA,NA,NA,NA,NA,NA,NA,NA,NA,NA,NA,NA,NA,NA,NA,NA,NA,NA,NA,Two men hiking near Mt. Washington were buried by an avalanche and suffocated.,NA,PDC
199701,11,1200,199701,11,1200,1035540,5585220,WASHINGTON,53,1997,January,Avalanche,Z,4,CENTRAL CASCADE FOOTHILLS,53004,SEW,11-JAN-97 12:00:00,PST,11-JAN-97 12:00:00,0,0,3,0,NA,NA,NA,NA,NA,NA,NA,NA,NA,NA,NA,NA,NA,NA,NA,NA,NA,NA,NA,NA,NA,NA,NA,NA,"An avalanche killed 3 hikers.  The hikers left on Dec. 27th, didn't return on the 29th as expected and weren't found until Jan 11th.  They were found buried in an avalanche near Index.",NA,PDC
199703,1,0,199703,1,2359,2062681,5600732,WASHINGTON,53,1997,March,Avalanche,Z,25,W KITTITAS/W YAKIMA/W KLICKITAT T X SW,53025,PDT,01-MAR-97 00:00:00,PST,01-MAR-97 23:59:00,0,0,0,0,NA,NA,NA,NA,NA,NA,NA,NA,NA,NA,NA,NA,NA,NA,NA,NA,NA,NA,NA,NA,NA,NA,NA,NA,NA,Avalanches closed Interstate 90 over  Snoqualmie Pass after two feet of snow fell.  Some cars were nearly buried but there were no injuries.,PDC
199703,8,1200,199703,8,1205,2060543,5596625,WASHINGTON,53,1997,March,Avalanche,Z,35,UPPER COLUMBIA BASIN,53035,SEW,08-MAR-97 12:00:00,PST,08-MAR-97 12:05:00,0,0,1,0,NA,NA,NA,NA,NA,NA,NA,NA,NA,NA,NA,NA,NA,NA,NA,NA,NA,NA,NA,NA,NA,NA,NA,NA,An avalanche kills a man while snowmobiling.,NA,PDC
199712,7,1430,199712,7,1600,2071265,5626772,NEVADA,32,1997,December,Avalanche,Z,2,GREATER LAKE TAHOE AREA,32002,REV,07-DEC-97 14:30:00,PST,07-DEC-97 16:00:00,0,0,0,0,NA,NA,NA,NA,NA,NA,NA,NA,NA,NA,NA,NA,NA,NA,NA,NA,NA,NA,NA,NA,NA,NA,NA,NA,NA,"An avalanche occurred on the Mount Rose Highway (Highway 431), depositing 5 to 6 feet of snow.  The avalanche closed the highway for about two hours.  Two cars were reported stranded.  Significant damage was not assessed.",PDC
199811,8,1600,199811,8,1601,2150953,5676498,COLORADO,8,1998,November,Avalanche,Z,18,NORTHWESTERN SAN JUAN MOUNTAINS,08018,GJT,08-NOV-98 16:00:00,MST,08-NOV-98 16:01:00,1,0,0,0,.5K,NA,DEPT OF HIGHWAYS,NA,NA,NA,NA,NA,NA,NA,NA,NA,NA,NA,NA,NA,NA,NA,NA,NA,NA,NA,NA,NA,"A man initiated an avalanche in the Dynamo area of Telluride Ski Area before the resort was open for the season.  The skier was carried over the cliffs, resulting in injury and the destruction of ski equipment.",NA,PDC
199811,15,1500,199811,15,1500,2151416,5674312,MONTANA,30,1998,November,Avalanche,Z,8,BEAVERHEAD,30008,TFX,15-NOV-98 15:00:00,MST,15-NOV-98 15:00:00,0,0,1,0,NA,NA,NEWSPAPER,NA,NA,NA,NA,NA,NA,NA,NA,NA,NA,NA,NA,NA,NA,NA,NA,NA,NA,NA,NA,NA,NA,NA,PDC
199811,9,330,199811,9,335,2084809,5676497,COLORADO,8,1998,November,Avalanche,Z,18,NORTHWESTERN SAN JUAN MOUNTAINS,08018,GJT,09-NOV-98 03:30:00,MST,09-NOV-98 03:35:00,0,0,0,0,NA,NA,NEWSPAPER,NA,NA,NA,NA,NA,NA,NA,NA,NA,NA,NA,NA,NA,NA,NA,NA,NA,NA,NA,NA,NA,"A large avalanche occurred on Red Mountain Pass, closing US Highway 550 for about ten hours until crews could clear the snow from the road.",NA,PDC
199811,7,1230,199811,7,1300,2084801,5670862,UTAH,49,1998,November,Avalanche,Z,8,WASATCH MOUNTAINS SOUTH OF I80,49008,SLC,07-NOV-98 12:30:00,MST,07-NOV-98 13:00:00,1,0,1,0,0,0,PARK/FOREST SERVICE,NA,NA,NA,NA,NA,NA,NA,NA,NA,NA,NA,NA,NA,NA,NA,NA,NA,NA,NA,NA,NA,NA,"A 21-year-old New Hampshire man was killed and a woman seriously injured after an avalanche swept a party of 5 snowboarders down a rocky slope in Little Cottonwood Canyon of the Wasatch Mountains. The group was descending Mt. Baldy at Snowbird when a slab of snow 80 feet by 18 inches broke loose. The northwest facing slope was at 10,500 feet elevation, and was 35-40 degrees in steepness. The avalanche fell about 500 feet through exposed rocks and cliff bands. The 21-year-old man was completely buried, and was dead when rescuers arrived. The woman injured her legs, back and chest, and was taken to the hospital in serious condition. The other 3 snowboarders managed to dig themselves out and suffered no injuries. The group had ventured into an area between Alta and Snowbird before either resort had opened, and before any crews had conducted avalanche control in the area.",PDC
199801,3,1500,199801,3,1600,2072547,5627479,IDAHO,16,1998,January,Avalanche,Z,19,UPPER SNAKE HIGHLANDS,16019,BOI,03-JAN-98 15:00:00,MST,03-JAN-98 16:00:00,0,0,2,0,NA,NA,NA,NA,NA,NA,NA,NA,NA,NA,NA,NA,NA,NA,NA,NA,NA,NA,NA,NA,NA,NA,NA,NA,"During the first week of January, dangerous avalanche conditions prevailed in the mountainous regions of central and eastern Idaho.  On January 3rd one avalanche killed a snowmobiler near Island Park.  In  the same area and at roughly the same time, a second snow snowmobiler was reported missing and presumed dead due to a second avalanche. At the time of publishing of this report, the victim remains missing.",NA,PDC
199801,31,600,199801,31,1830,2072013,5628675,ALASKA,2,1998,January,Avalanche,Z,17,CENTRAL GULF COAST,02017,AFC,31-JAN-98 06:00:00,AST,31-JAN-98 18:30:00,0,0,0,0,NA,NA,NA,NA,NA,NA,NA,NA,NA,NA,NA,NA,NA,NA,NA,NA,NA,NA,NA,NA,NA,NA,NA,NA,"A slope loaded with wet, heavy snow avalanched in the mountains south of Portage over the weekend, sweeping three loaded coal cars off Alaska Railroad tracks and closing the rail route to Seward.  The derailment dumped some 300 tons of coal at a spot called Tunnel, 12 miles south of Portage and about 50 miles north of Seward.  The avalanche took out 200 feet of rail.  The original 66 car train was split into two 33 car sections near Spencer (10 miles south of Portage) to allow the train to climb the steep grade to Grandview.  With 6 inches of fresh snow on the tracks Saturday morning, the engines had trouble hauling 33 cars, so the train was split again...leaving 16 cars at Tunnel, while 17 were pulled to Grandview.  Before engineers could return for the remaining 16, the railroad's avalanche expert told them to stop because the area was unsafe.  ""It's not great to leave railroad cars in a slide zone, but it's worse to endanger lives by sending in people to remove the cars"" said avalanche forecaster David Hamre. Workers bringing a locomotive from Portage discovered the slide at 6:15pm Saturday.  It had pushed the first three cars off the tracks, nearly burying the middle car in snow.  The avalanche also piled up against the next six cars, but they remained on the tracks.",NA,PDC
199801,18,1500,199801,18,1500,2081771,5660074,WASHINGTON,53,1998,January,Avalanche,Z,25,EAST SLOPES SOUTHERN CASCADES,53025,PDT,18-JAN-98 15:00:00,PST,18-JAN-98 15:00:00,0,0,1,0,NA,NA,NA,NA,NA,NA,NA,NA,NA,NA,NA,NA,NA,NA,NA,NA,NA,NA,NA,NA,NA,NA,NA,NA,NA,"A snowmobiler died Sunday afternoon in an avalanche near Blewett Pass.  After riding up a relatively steep slope he was trying to turn his machine around when the slope above him gave way.  He and his machine fell 400 to 500 feet and were buried under 2-3 feet of snow.  Nearby snowmobilers used trail marker wands to probe for the victim but failed to find him.  After avalanche control measures were taken Monday morning to protect  rescuers,  the victim was found Monday afternoon .  He was located about 60 feet below and 20 feet across the slope from his machine.",PDC
199801,15,1400,199801,15,1400,2081770,5659987,OREGON,41,1998,January,Avalanche,Z,14,CENTRAL OREGON,41014,PDT,15-JAN-98 14:00:00,PST,15-JAN-98 14:00:00,1,0,0,0,NA,NA,NA,NA,NA,NA,NA,NA,NA,NA,NA,NA,NA,NA,NA,NA,NA,NA,NA,NA,NA,NA,NA,NA,NA,"A snowmobiler in Newberry Crater,  25 miles southeast of Bend, dislodged a foot-ball field sized snow field that knocked him more than 100 yards and buried him under 5 feet of snow.  Another man, covered to his waist,  freed himself and joined a friend to  help dig the buried man out.  When buried man's head was uncovered he was unconscious,  his face discolored and his breathing labored.  His friends were able to dig him out and drive him back to the lodge.  He was then airlifted to a medical center in Bend where he was treated and released.",PDC
199801,18,1430,199801,18,1430,2072239,5628077,MONTANA,30,1998,January,Avalanche,Z,15,GALLATIN/MADISON,30015,TFX,18-JAN-98 14:30:00,MST,18-JAN-98 14:30:00,0,0,1,0,NA,NA,NA,NA,NA,NA,NA,NA,NA,NA,NA,NA,NA,NA,NA,NA,NA,NA,NA,NA,NA,NA,NA,NA,NA,Fatality was a snowmobiler,PDC
199801,21,1545,199801,21,1545,2072755,5629744,COLORADO,8,1998,January,Avalanche,Z,18,NORTHWESTERN SAN JUAN MOUNTAINS,08018,GJT,21-JAN-98 15:45:00,MST,21-JAN-98 15:45:00,0,0,1,0,NA,NA,NA,NA,NA,NA,NA,NA,NA,NA,NA,NA,NA,NA,NA,NA,NA,NA,NA,NA,NA,NA,NA,NA,"A snowboarder was carried off in an avalanche and buried while skiing down San Bernardo Mountain, 8 miles southwest of Telluride.  The unstable snowpack resulted from heavy snowfall and wind loading which occurred on the previous day.",NA,PDC
199803,8,1500,199803,8,1500,2074591,5638304,COLORADO,8,1998,March,Avalanche,Z,10,GORE AND ELK MOUNTAINS/CENTRAL MOUNTAIN VALLEYS/ASPEN AND VICINITY,08010,GJT,08-MAR-98 15:00:00,MST,08-MAR-98 15:00:00,0,0,1,0,NA,NA,NA,NA,NA,NA,NA,NA,NA,NA,NA,NA,NA,NA,NA,NA,NA,NA,NA,NA,NA,NA,NA,NA,"A skier triggered a soft-slab avalanche in Ophir Gulch while traversing beyond the boundary of the Aspen Mountain Ski Area at the 10,000 foot level.  The avalanche path was 500 feet wide and carried the victim down 380 vertical feet.",NA,PDC
199803,14,1300,199803,14,1700,1068448,5666694,UTAH,49,1998,March,Avalanche,Z,8,W SUMMIT T NW/SE SALT LAKE/WASATCH X SC/E UTAH/P X E JUAB/X NW SAN PETE,49008,SLC,14-MAR-98 13:00:00,MST,14-MAR-98 17:00:00,5,0,0,0,50K,NA,LAW ENFORCEMENT,NA,NA,NA,NA,NA,NA,NA,NA,NA,NA,NA,NA,NA,NA,NA,NA,NA,NA,NA,NA,NA,Little Cottonwood Canyon had 6 avalanches.  Vehicles were swept from the road causing injuries to 5 people.,NA,PDC
199806,11,1310,199806,11,1310,2078897,5649089,WASHINGTON,53,1998,June,Avalanche,Z,18,E KING/E PIERCE/E LEWIS,53018,SEW,11-JUN-98 13:10:00,PST,11-JUN-98 13:10:00,7,0,1,0,NA,NA,NWS EMPLOYEE(OFF DUTY),NA,NA,NA,NA,NA,NA,NA,NA,NA,NA,NA,NA,NA,NA,NA,NA,NA,NA,NA,NA,NA,NA,"8 hikers were injured, one fatally, when they were caught in an avalanche descending Mt. Rainier.",PDC
199802,8,1300,199802,8,1300,2073458,5634422,OREGON,41,1998,February,Avalanche,Z,19,WALLOWA/UNION/E & S UMATILLA/S MORROW,41019,PDT,08-FEB-98 13:00:00,PST,08-FEB-98 13:00:00,0,0,0,0,NA,NA,NA,NA,NA,NA,NA,NA,NA,NA,NA,NA,NA,NA,NA,NA,NA,NA,NA,NA,NA,NA,NA,NA,NA,"A man was thrown down a mountainside and temporarily buried by an avalanche while snowmobiling in the Wallowa Mountains near Fish Lake, about fifteen miles north of Halfway.  He was able to free all but one leg that was trapped under his machine.  His friends came back and were able to free him.  He was not hurt.",PDC
199802,23,1425,199802,23,1430,2073509,5635070,NEVADA,32,1998,February,Avalanche,Z,2,X SW WASHOE/W CARSON CITY/NW DOUGLAS,32002,REV,23-FEB-98 14:25:00,PST,23-FEB-98 14:30:00,0,0,0,0,NA,NA,NA,NA,NA,NA,NA,NA,NA,NA,NA,NA,NA,NA,NA,NA,NA,NA,NA,NA,NA,NA,NA,NA,NA,"Mt. Rose Highway:  avalanche briefly closed highway, no vehicles involved or damages noted.",PDC
199802,3,910,199802,3,915,2073484,5634946,CALIFORNIA,6,1998,February,Avalanche,Z,73,MONO,06073,REV,03-FEB-98 09:10:00,PST,03-FEB-98 09:15:00,0,0,0,0,NA,NA,NA,NA,NA,NA,NA,NA,NA,NA,NA,NA,NA,NA,NA,NA,NA,NA,NA,NA,NA,NA,NA,NA,NA,"Mono County Sheriff Office reported avalanches occurred in several places along U.S. 395 near Bridgeport CA, resulting in highway closure.",PDC
199803,29,200,199803,29,200,1058816,5637115,COLORADO,8,1998,March,Avalanche,Z,19,SOUTHWESTERN SAN JUAN MOUNTAINS / C E DOLORES / SAN JUAN / S HINSDALE / N LA PLATA / NE MONTEZUMA / E N ARCHULETA,08019,GJT,29-MAR-98 02:00:00,MST,29-MAR-98 02:00:00,0,0,0,0,75K,NA,NA,NA,NA,NA,NA,NA,NA,NA,NA,NA,NA,NA,NA,NA,NA,NA,NA,NA,NA,NA,NA,NA,An avalanche destroyed a cabin 7 miles north-northeast of Silverton near Gladstone.  The lone resident of the cabin managed to escape the ruins unharmed.  At least 50 other avalanches were reported over the weekend in the San Juan Mountains.,NA,PDC
199902,6,1900,199902,6,1902,1502019,5688498,COLORADO,8,1999,February,Avalanche,Z,12,WEST ELK AND SAWATCH MOUNTAINS/TAYLOR PARK / W LAKE / W CHAFFEE / WC TO EC GUNNISON,08012,GJT,06-FEB-99 19:00:00,MST,06-FEB-99 19:02:00,1,0,3,0,NA,NA,BROADCAST MEDIA,NA,NA,NA,NA,NA,NA,NA,NA,NA,NA,NA,NA,NA,NA,NA,NA,NA,NA,NA,NA,NA,"A group of 4 college students were caught in an avalanche which was triggered by one of the skiers while traversing a slope just below the summit on Cumberland Pass, which is about 25 miles east-northeast of Gunnison in the Sawatch Mountain Range.  The entire slope at the 12,000 foot elevation fractured 6 feet deep and 1500 feet across and ran 400 vertical feet, scouring the snow along the slope all the way to the ground.  The skier who triggered the avalanche was buried next to a tree which provided an air space that was crucial to his survival.  The other three students which included a snowmobiler, a snowboarder, and another skier perished under the snow.  This was the deadliest avalanche in Colorado since 1988.",NA,PDC
199902,6,1600,199902,6,2200,1502403,5680878,CALIFORNIA,6,1999,February,Avalanche,Z,69,WEST SLOPE NORTHERN SIERRA NEVADA,06069,STO,06-FEB-99 16:00:00,PST,06-FEB-99 22:00:00,3,0,1,0,NA,NA,BROADCAST MEDIA,NA,NA,NA,NA,NA,NA,NA,NA,NA,NA,NA,NA,NA,NA,NA,NA,NA,NA,NA,NA,NA,Four individuals were buried while sledding outside their lakeside cabin near the Sugar Bowl ski resort. Three of the individuals were able to dig themselves out and only sustained minor injuries. The fourth died of cardiac arrest after being trapped in the snow for six hours.,NA,PDC
199902,25,2100,199902,25,2330,1501132,5683787,IDAHO,16,1999,February,Avalanche,Z,4,CENTRAL PANHANDLE MOUNTAINS,16004,OTX,25-FEB-99 21:00:00,PST,25-FEB-99 23:30:00,0,0,0,0,20K,NA,NEWSPAPER,NA,NA,NA,NA,NA,NA,NA,NA,NA,NA,NA,NA,NA,NA,NA,NA,NA,NA,NA,NA,NA,NA,An avalanche on Jackass Ridge buried roads  in the area.,PDC
199901,23,1530,199901,23,1530,1503338,5685360,COLORADO,8,1999,January,Avalanche,Z,10,GORE AND ELK MOUNTAINS/CENTRAL MOUNTAIN VALLEYS/ASPEN AND VICINITY / NE S EAGLE / PITKIN EXCEPT XNC / X NE MESA / SE GARFIELD (PART),08010,GJT,23-JAN-99 15:30:00,MST,23-JAN-99 15:30:00,1,0,1,0,NA,NA,DEPT OF HIGHWAYS,NA,NA,NA,NA,NA,NA,NA,NA,NA,NA,NA,NA,NA,NA,NA,NA,NA,NA,NA,NA,NA,Two men skiing at the 9000 foot level just outside of the Aspen Highlands Ski Area triggered an avalanche which was 75 feet across and 100 feet long.  Both men were buried.  One person survived.,NA,PDC
199901,30,2100,199901,30,2100,1500558,5685361,COLORADO,8,1999,January,Avalanche,Z,9,GRAND AND BATTLEMENT MESAS / X SC GARFIELD / E MESA EXCEPT X NE / N DELTA,08009,GJT,30-JAN-99 21:00:00,MST,30-JAN-99 21:00:00,0,0,1,0,NA,NA,NEWSPAPER,NA,NA,NA,NA,NA,NA,NA,NA,NA,NA,NA,NA,NA,NA,NA,NA,NA,NA,NA,NA,NA,"Nine snowmobilers were traversing the north side of the Grand Mesa at the 10,600 foot level.  The snowmobiler who was third in line triggered a small hard-slab avalanche which buried him under 5 feet of snow.  Resuscitation efforts were unsuccessful.",NA,PDC
199904,16,1200,199904,16,1800,1502581,5689787,ALASKA,2,1999,April,Avalanche,Z,13,SUSITNA VALLEY,02013,AFC,16-APR-99 12:00:00,AST,16-APR-99 18:00:00,2,0,1,0,3K,NA,NEWSPAPER,NA,NA,NA,NA,NA,NA,NA,NA,NA,NA,NA,NA,NA,NA,NA,NA,NA,NA,NA,NA,NA,NA,"Kenneth Hayes, 44, of Healy, Alaska was killed by an avalanche Friday afternoon.  His body was recovered at about 10:30 am Saturday in the debris.  Hayes was among 12 snowmachiners riding the ""Big Notch in the Mountains"" at Jack River Canyon, about 12 miles south of Cantwell, when a slide broke loose shortly before 4 pm.A total of five riders were caught in the avalanche.  Four of them were dug out by other riders.  Sophie Dickman, 37, of Two Rivers (near Fairbanks) suffered a broken leg.  Ken Wench, 35, of Seattle, also suffered a leg injury.",PDC
199904,6,1200,199904,6,1800,1500354,5689676,ALASKA,2,1999,April,Avalanche,Z,15,COOK INLET,02015,AFC,06-APR-99 12:00:00,AST,06-APR-99 18:00:00,0,0,0,0,1K,NA,NEWSPAPER,NA,NA,NA,NA,NA,NA,NA,NA,NA,NA,NA,NA,NA,NA,NA,NA,NA,NA,NA,NA,NA,"The electricity went out in two Kenai Peninsula communities Tuesday afternoon after an avalanche knocked trees into a power line at Mile 29 of the Seward Highway.  The tree/line collision sparked a small fire, which burned out quickly and short-circuited power to Cooper Landing and Moose Pass.  334 customers were without power for several hours.",NA,PDC
199904,15,1200,199904,15,1200,1503146,5689785,ALASKA,2,1999,April,Avalanche,Z,17,CENTRAL GULF COAST,02017,AFC,15-APR-99 12:00:00,AST,15-APR-99 12:00:00,0,0,1,0,2K,NA,NEWSPAPER,NA,NA,NA,NA,NA,NA,NA,NA,NA,NA,NA,NA,NA,NA,NA,NA,NA,NA,NA,NA,NA,NA,"A backhoe and its operator, working on a construction project for the new Cordova Electric Cooperative hydroelectric plant, were caught up in an avalanche about noon on Thursday.  Snow broke loose from a steep canyon wall west of Ohmar Falls, tumbled down a 2,000 foot slope, toppling the backhoe and burying it in snow.  The location of the avalanche was about 7 miles northeast of Cordova near Ohmar Falls.The cab was quickly dug out, but the body of the backhoe operator, Gary Stone, 46, was not found until Saturday.  The body was found pinned between the backhoe and logs that had been used as a temporary bridge at the hydroelectric project construction site.Heavy rains had fallen on the snow during the prior 24 hours on Wednesday.",PDC
199902,14,1230,199902,14,1230,1503019,5687882,WASHINGTON,53,1999,February,Avalanche,Z,17,WEST SLOPES NORTHERN CASCADES AND PASSES,53017,SEW,14-FEB-99 12:30:00,PST,14-FEB-99 12:30:00,0,0,2,0,NA,NA,NEWSPAPER,NA,NA,NA,NA,NA,NA,NA,NA,NA,NA,NA,NA,NA,NA,NA,NA,NA,NA,NA,NA,NA,NA,"A 19 year old snowboarder died in an avalanche on Mt Baker, while a 25 year old is assumed dead.  The body was still buried in deep snow.",PDC
199905,5,1430,199905,5,1500,1500425,5686915,UTAH,49,1999,May,Avalanche,Z,7,RICH/CACHE T NW/P E C WEBER/MOST OF MORGAN/NW SUMMIT/NE SALT LAKE/X NE BOX ELDER,49007,SLC,05-MAY-99 14:30:00,MST,05-MAY-99 15:00:00,1,0,0,0,0,0,FIRE DEPT/RESCUE SQUAD,NA,NA,NA,NA,NA,NA,NA,NA,NA,NA,NA,NA,NA,NA,NA,NA,NA,NA,NA,NA,NA,NA,"A backcountry skier triggered a late spring avalanche in Little Cottonwood Canyon that was approximately 60 feet wide and 300 feet long. Twelve people were caught in the avalanche, with 3 buried (father and 2 sons) up to their chests. One of the sons broke free and managed to dig his father and brother out. The only injury was to the younger son buried the deepest who sustained a slight leg injury.",PDC
199912,26,900,199912,26,1500,2414532,5721664,ALASKA,2,1999,December,Avalanche,Z,13,SUSITNA VALLEY,02013,AFC,26-DEC-99 09:00:00,AST,26-DEC-99 15:00:00,0,0,1,0,2K,NA,NEWSPAPER,NA,NA,NA,NA,NA,NA,NA,NA,NA,NA,NA,NA,NA,NA,NA,NA,NA,NA,NA,NA,NA,"Blizzard conditions were reported across much of the southwest Alaskan coast, Bristol Bay, the eastern Aleutians and Pribilofs Sunday.  Wind gusts reached close to 50 mph in places, with local wind chills to 70 below calculated in the southwest interior.  By Sunday morning, freezing rain was locally reported across the Bristol Bay and Kuskokwim Valley zones. Two snow machiners died in the Kuskokwim Delta on their way to Bethel, where warnings for wind chills to 75 below were in effect.Rain and freezing rain were preceded by locally heavy snows across much of the southern third of the Alaska mainland from Saturday afternoon through midday Sunday.  Another derailment and fuel spill was reported north of Talkeetna.  An avalanche death was reported around Hatcher Pass on December 26th.On Sunday, southeasterly winds again reached 50 to locally 90 mph around Turnagain Arm, the Upper Anchorage Hillside, parts of the Matanuska-Susitna Valley and areas adjacent to Prince William Sound.  Fort Richardson reached a balmy 51 F at 2:06 pm Sunday, with a peak wind of 56 mph occurring at 2:03 pm...just 3 minutes earlier.  Wind gusts along the mid Anchorage hillside reached 74 mph at 4:37 pm Sunday, however further up the mountains, a 90 mph wind gust was recorded in Bear Valley.Newspaper reports indicated heavy snow took out power to 100 customers in Voznesenka and Kachemak Selo, with a small outage also reported in the east Halibut Cove area.  All are areas along the shores of Kachemak Bay.The warm air that brought record breaking temperatures to a few locations, also caused black  ice on secondary roads in much of Southcentral Alaska.  Just prior to the warm temperatures, precipitation... which began as snow...briefly turned to freezing rain, then all rain.  Wind gusts around the Cordova boat harbor again reached 60 to 70 mph Sunday and early Monday.The culprit for the hazardous weather was an intense 964 mb low situated 240 miles south of King Salmon at 9am Sunday...having moved quickly north toward the State from its postion in the northeast Pacific Saturday and Saturday night.  The front associated with this low stretched almost north-south from the Susitna Valley into the eastern Pacific early Sunday morning.  By 9pm Sunday, the low had weakened over 20 millibars to a 986 millibar center just south of Iliamna with the front displaced only about 180 miles furhter east.  Arctic air draped around the low, roughly coinciding with the Alaska Range late Saturday, drifted north into the Tanana Valley, while re-entering Cook Inlet from the western Alaska Range early Monday.",NA,PDC
199904,3,1200,199904,3,1800,1501715,5689539,ALASKA,2,1999,April,Avalanche,Z,14,COPPER RIVER BASIN,02014,AFC,03-APR-99 12:00:00,AST,03-APR-99 18:00:00,0,0,1,0,5K,NA,NEWSPAPER,NA,NA,NA,NA,NA,NA,NA,NA,NA,NA,NA,NA,NA,NA,NA,NA,NA,NA,NA,NA,NA,NA,"Odman Schmalzried, 40, of Wasilla, and friends were snowmachining in the Chugach Mountains south of Eureka Lodge Saturday afternoon, when an avalanche buried him and his snow machine.  His body and the snow machine were found Sunday.",PDC
199911,26,1100,199911,26,1100,2414501,5720092,MONTANA,30,1999,November,Avalanche,Z,15,GALLATIN / MADISON,30015,TFX,26-NOV-99 11:00:00,MST,26-NOV-99 11:00:00,0,0,1,0,NA,NA,NEWSPAPER,NA,NA,NA,NA,NA,NA,NA,NA,NA,NA,NA,NA,NA,NA,NA,NA,NA,NA,NA,NA,NA,NA,NA,PDC
199901,19,400,199901,20,2200,1500482,5680203,CALIFORNIA,6,1999,January,Avalanche,Z,69,W SIERRA T X W/C NEVADA/C PLACER/C EL DORADO/E AMADOR/NE CALAVERAS/C & NE TUOLUMNE/SW ALPINE,06069,STO,19-JAN-99 04:00:00,PST,20-JAN-99 22:00:00,0,0,0,0,NA,NA,NEWSPAPER,NA,NA,NA,NA,NA,NA,NA,NA,NA,NA,NA,NA,NA,NA,NA,NA,NA,NA,NA,NA,NA,"On 01/19/99 and 01/20/99, portions of Highway 50 were closed in both directions due to multiple avalanches.",NA,PDC
199904,29,700,199904,29,1200,1503468,5687922,ALASKA,2,1999,April,Avalanche,Z,14,COPPER RIVER BASIN,02014,AFC,29-APR-99 07:00:00,AST,29-APR-99 12:00:00,2,0,1,0,NA,NA,NEWSPAPER,NA,NA,NA,NA,NA,NA,NA,NA,NA,NA,NA,NA,NA,NA,NA,NA,NA,NA,NA,NA,NA,NA,"A slow moving slab avalanche swept Canadian mountaineer off a 20 to 30 degree slope and over a 1,000 to 1,500 foot drop.  Slab apparently let go about 7 am Thursday, and was about 100 feet wide and 3 feet deep.  Temperature at the time at altitude was about 5 degrees Fahrenheit and wind was calm.  The 10,000 foot peak where the accident occurred is unofficially named ""Ultima Thule"" by locals located in the University range southeast of Glennallen.",PDC
199903,19,0,199903,19,700,1500258,5681121,ALASKA,2,1999,March,Avalanche,Z,17,CENTRAL GULF COAST,02017,AFC,19-MAR-99 00:00:00,AST,19-MAR-99 07:00:00,0,0,0,0,NA,NA,DEPT OF HIGHWAYS,NA,NA,NA,NA,NA,NA,NA,NA,NA,NA,NA,NA,NA,NA,NA,NA,NA,NA,NA,NA,NA,"An extremely intense storm moved up toward the extreme Western Aleutians late Tuesday continuing to just south of Adak as a 946mb center 9pm Wednesday.  The low began an eastward turn while starting to very slowly weaken during the next 24 hours...moving to 180 miles south of Cold Bay as a 959mb center at 9 pm Thursday.  Thereafter, the low weakened more rapidly, locating about 240 miles south southeast of Kodiak as a 975 mb center at 9pm Friday.Very strong west and northwest winds were reported on the back side of the low throughout the period, primarily affecting the central and Western Aleutians and the Pribilofs. The F/V Lin-J, a 96 foot crabber, capsized with 5 persons on board Thursday afternoon (1 body found, others presumed dead).  Extremely strong southeasterly winds preceded the front, which moved northeastward through the central Aleutians Thursday morning, weakening in a large arc through Kuskokwim Bay to Turnagain Arm into the northeast coast of the Gulf of Alaska at 9am Friday.Initially, winds in advance of the front reached 80 to over 100 mph across the Aleutians, the Pribilofs and the Alaska Peninsula late Tuesday and Wednesday...causing blizzard conditions in snow and blowing snow across most areas.  Blizzard conditions and winds 60 to 75 mph were also reported along the back side of the low across the central and western Aleutians, mostly west of Dutch Harbor, and the Pribilofs.Further east, wind gusts, channelled by terrain, reached an ASOS adjusted 97 mph at the Portage Visitor Center between 9pm and 11pm Thursday and 81 mph (ASOS adjusted) at Middleton Island early Friday morning as the front approached.  Winds at the Cordova Small boat harbor recorded a very strong 115 mph wind gust on Thursday (local conditions) as the front approached. Significant winds also made it into higher terrain of the Kuskokwim Valley...where AWOS adjusted gusts reached 52 mph at Sparrevohn AFB.Following are some of the peak winds observed:Place		Date	Time		Wind (mph)		RemarksAleutians (zone 20)Adak		3/17	7am - 9am		East southeast 63	Fropa 10:15 am/wind 											diminished 		3/18	9am & 1pm	Northwest 68Shemya		3/17	6am - 9pm		North northeast 104	Strongest wind reportDutch Harbor	3/17	7pm-8pm		East southeast 82	Blizzard noon - 7:30pmPribilofs (zone 21)Saint Paul		3/17-18	7pm-1am		East gust 70	Blizzard/gusts finally below 40 										mph Friday morning.  Boat							sinking/5 deaths.Saint George	3/17	10pm-11pm	East northeast 81	BlizzardAlaska Peninsula (zone 19)Cold Bay		3/17	10pm-11pm	East southeast 81	Winds channelled by terrainBristol Bay (zone 16) & Kuskokwim Delta (zone 11)Cape Newenham	3/18	12:30am		East southeast 58Kuskokwim Valley (zone 12)Sparrevohn AFB	3/18	noon		East 45		1500+ feet above sea levelKodiak Island (zone 18)Kodiak		3/18	3pm-4pm		East southeast 58Cook Inlet (zone 15)Portage		3/18	9pm-11pm		East southeast 97	Glacier induced/channelled 										windCentral Gulf Coast (zone 17)Middleton Island	3/19	4am-5am		East 81Snowfall in advance of the front from Thursday morning through Friday morning reportedly ranged from 8-20 inches at the Silvertip highway camp at milepost 57 of the Seward Highway.  Snowfall around Seward was reported from 12-14 inches. Homer received another 8-10 inches of snow during the 24 hour period from Thursday morning to Friday morning.  Heavy snow was also reported around Whittier Friday afternoon, with 29 inches of snow received during the prior 24 hours (total of 11 feet on the ground).An avalanche was reported at mile 37 of the Seward Highway at 5:30pm...resulting in nearly 18 feet of snow on the Seward Highway.  Workers managed to clear a single lane by 11am Friday.  By 3:30 pm the whole highway was reopened.  Additionally, the Department of Highways closed off the Sterling Highway until around noon Friday due to avalanche risk.",NA,PDC
199903,21,1200,199903,21,1800,1501200,5681938,ALASKA,2,1999,March,Avalanche,Z,15,COOK INLET,02015,AFC,21-MAR-99 12:00:00,AST,21-MAR-99 18:00:00,0,0,6,0,25K,NA,NEWSPAPER,NA,NA,NA,NA,NA,NA,NA,NA,NA,NA,NA,NA,NA,NA,NA,NA,NA,NA,NA,NA,NA,NA,"A tragic avalanche, adjacent to Turnagain Pass on Saturday, took the lives of 6 people.  After days of searching by many volunteers, 5 bodies were recovered. The avalanche was triggered by snowmachiners 'high-marking' on the mountain slope during a warm, sunny day...after heavy snows several days before.",PDC
199903,3,1200,199903,4,1800,1501201,5681939,ALASKA,2,1999,March,Avalanche,Z,14,COPPER RIVER BASIN,02014,AFC,03-MAR-99 12:00:00,AST,04-MAR-99 18:00:00,0,0,1,0,5K,NA,NEWSPAPER,NA,NA,NA,NA,NA,NA,NA,NA,NA,NA,NA,NA,NA,NA,NA,NA,NA,NA,NA,NA,NA,NA,"Odman Schmalzried, 40, of Wasilla was buried by an avalanche in a remote valley in the Chugach Mountains south of Eureka Lodge Saturday afternoon.",PDC
199901,29,1410,199901,29,1410,1502304,5681113,OREGON,41,1999,January,Avalanche,Z,19,NORTHEAST OREGON,41019,PDT,29-JAN-99 14:10:00,PST,29-JAN-99 14:10:00,0,0,1,0,NA,NA,LAW ENFORCEMENT,NA,NA,NA,NA,NA,NA,NA,NA,NA,NA,NA,NA,NA,NA,NA,NA,NA,NA,NA,NA,NA,NA,"Two cross country skiers and a snowboarder were on a back country outing near Spout Springs.  At one point,  the snowboarder stopped to adjust his bindings and his friends skied on.  When they realized that their friend had not followed,  they hiked back uphill and saw the aftermath of a 250-yard snowslide.  They were not able to find him and called for help.  Search and rescue crews using probes and a specially trained dog were called off around midnight because of high wind and blowing snow.  About 50 people resumed the search the next morning and found the snowboarder's body around 11:30 AM.",PDC
199901,18,2000,199901,18,2000,1502307,5681587,WASHINGTON,53,1999,January,Avalanche,Z,17,WEST SLOPES NORTHERN CASCADES AND PASSES,53017,SEW,18-JAN-99 20:00:00,PST,18-JAN-99 20:00:00,0,0,1,0,NA,NA,BROADCAST MEDIA,NA,NA,NA,NA,NA,NA,NA,NA,NA,NA,NA,NA,NA,NA,NA,NA,NA,NA,NA,NA,NA,NA,"On Mount Baker, the body of a missing snowboarder was not found.  He is presumed dead.",PDC
199903,12,1500,199903,12,1700,1502050,5680731,ALASKA,2,1999,March,Avalanche,Z,15,COOK INLET,02015,AFC,12-MAR-99 15:00:00,AST,12-MAR-99 17:00:00,0,0,0,0,NA,NA,EMERGENCY MANAGER,NA,NA,NA,NA,NA,NA,NA,NA,NA,NA,NA,NA,NA,NA,NA,NA,NA,NA,NA,NA,NA,NA,"An avalanche was reported at the Alyeska ski resort at 2:30 pm Friday afternoon.  A cornice near the mountain top gave way and sent snow cascading into Prospector chute and into an area adjacent to the high speed chair lift.  Two individuals were partially buried, but promptly rescued.",PDC
199901,29,1530,199901,29,1600,1502670,5680273,UTAH,49,1999,January,Avalanche,Z,8,W SUMMIT T NW/SE SALT LAKE/WASATCH X SC/E UTAH/P X E JUAB/X NW SAN PETE,49008,SLC,29-JAN-99 15:30:00,MST,29-JAN-99 16:00:00,0,0,1,0,0,0,LAW ENFORCEMENT,NA,NA,NA,NA,NA,NA,NA,NA,NA,NA,NA,NA,NA,NA,NA,NA,NA,NA,NA,NA,NA,"A 31-year-old snowmobiler died when he triggered an avalanche on the east side of Mt. Nebo in Santaquin Canyon. The avalanche was half a mile long and a quarter mile wide. The avalanche was set off when the snowmobiler undercut the snow bank just under the peak, then it all just fell on top of him. It took rescue worker 2 hours to reach the scene, where he was pronounced dead.",NA,PDC
199903,26,0,199903,26,2359,1500259,5681126,ALASKA,2,1999,March,Avalanche,Z,17,CENTRAL GULF COAST,02017,AFC,26-MAR-99 00:00:00,AST,26-MAR-99 23:59:00,0,0,0,0,2K,NA,NEWSPAPER,NA,NA,NA,NA,NA,NA,NA,NA,NA,NA,NA,NA,NA,NA,NA,NA,NA,NA,NA,NA,NA,NA,"Two avalanches were reported in the Anchorage Daily News Friday...both occurring on the railroad route from Anchorage to Grandview (a popular late winter/spring cross country ski area). Power was out for an hour and a half, as the blast of air from one of the avalanches caused transmission wires to slap together near Canyon Creek, tripping breakers at substations in Anchorage and near Cooper Landing.",PDC
199901,2,1200,199901,2,1200,1500014,5680130,UTAH,49,1999,January,Avalanche,Z,14,SANPETE/SEVIER VALLEYS,49014,SLC,02-JAN-99 12:00:00,MST,02-JAN-99 12:00:00,0,0,2,0,0,0,LAW ENFORCEMENT,NA,NA,NA,NA,NA,NA,NA,NA,NA,NA,NA,NA,NA,NA,NA,NA,NA,NA,NA,NA,NA,"Two teenagers from Mapleton were killed when they triggered an avalanche in Fairview Canyon, 12 miles southeast of Fairview in San Pete County. The boys, ages 16 and 17, ventured out onto a snow cornice which collapsed, sweeping the pair 150 feet down the mountain. Their bodies were discovered the next afternoon, while the snowboards remained on top of the hill.",NA,PDC
200002,1,1300,200002,1,1300,1090334,5129814,ALASKA,2,2000,February,Avalanche,Z,15,COOK INLET,02015,AFC,01-FEB-00 13:00:00,AST,01-FEB-00 13:00:00,2,0,1,0,100K,NA,NEWSPAPER,NA,NA,NA,NA,NA,NA,NA,NA,NA,NA,NA,NA,NA,NA,NA,NA,NA,NA,NA,NA,NA,NA,"Work crews were releasing snow loads when an avalanche occurred.  One D6 caterpiller worker was killed when his 35,000 pound D6 was carried about 400 feet into Turnagain Arm.  The cab was crushed.  The critically injured operator was taken to an Anchorage hospital by an ERA helicopter on the scene, dying from injuries received a short time later.  Two other D6 operators were injured, neither critically.",PDC
200001,25,1700,200001,25,1700,1090737,5130839,COLORADO,8,2000,January,Avalanche,Z,10,GORE AND ELK MOUNTAINS/CENTRAL MOUNTAIN VALLEYS/ASPEN AND VICINITY,08010,GJT,25-JAN-00 17:00:00,MST,25-JAN-00 17:00:00,0,0,1,0,NA,NA,NEWSPAPER,NA,NA,NA,NA,NA,NA,NA,NA,NA,NA,NA,NA,NA,NA,NA,NA,NA,NA,NA,NA,NA,"A cross-country skier was caught in an avalanche which occurred in Hurricane Gulch, about 5 miles south of Aspen.  the avalanche was 120 feet wide and 150 feet long.  The victim was found about two hours later buried under six feet of snow and debris.  The avalanche was a result of recent heavy wet snowfall on an old icy snowpack which resulted in a weak snow layer.",NA,PDC
200001,24,2100,200001,24,2100,1090738,5130840,COLORADO,8,2000,January,Avalanche,Z,10,GORE AND ELK MOUNTAINS/CENTRAL MOUNTAIN VALLEYS/ASPEN AND VICINITY / NE S EAGLE / PITKIN EXCEPT XNC / X NE MESA / SE GARFIELD (PART),08010,GJT,24-JAN-00 21:00:00,MST,24-JAN-00 21:00:00,0,0,0,0,NA,NA,BROADCAST MEDIA,NA,NA,NA,NA,NA,NA,NA,NA,NA,NA,NA,NA,NA,NA,NA,NA,NA,NA,NA,NA,NA,An avalanche blocked a section of the westbound lanes on Interstate 70.  I-70 westbound was closed for about two hours as snow 3 to 5 feet deep was removed from the road.,NA,PDC
200002,1,0,200002,8,0,1091148,5132005,ALASKA,2,2000,February,Avalanche,Z,15,COOK INLET,02015,AFC,01-FEB-00 00:00:00,AST,08-FEB-00 00:00:00,0,0,0,0,NA,NA,EMERGENCY MANAGER,NA,NA,NA,NA,NA,NA,NA,NA,NA,NA,NA,NA,NA,NA,NA,NA,NA,NA,NA,NA,NA,"In addition to already reported avalanches which caused death, these avalanches caused significant inconvenience, transportation interruption and considerable expense in cleaning up.	Milepost (MP) 18 and 49 Seward Highway.  Highway closed.	MP 20 and 51 Richardson Highway.  Highway closed.	MP 8 Old Glenn Highway.  Highway closed.	MP 46 Sterling Highway.  Highway closed.	MP 5 Eklutna Lake Road. Road closed.	Alaska Railroad closed from Anchorage to Seward.	Power transmission lines down along the Seward Highway.  Commercial power out in the communities of Whittier, Hope, Portage, Girdwood and Seward.",NA,PDC
200002,1,0,200002,8,0,1091148,5132006,ALASKA,2,2000,February,Avalanche,Z,17,CENTRAL GULF COAST,02017,AFC,01-FEB-00 00:00:00,AST,08-FEB-00 00:00:00,0,0,0,0,NA,NA,EMERGENCY MANAGER,NA,NA,NA,NA,NA,NA,NA,NA,NA,NA,NA,NA,NA,NA,NA,NA,NA,NA,NA,NA,NA,"In addition to already reported avalanches which caused death, these avalanches caused significant inconvenience, transportation interruption and considerable expense in cleaning up.	Milepost (MP) 18 and 49 Seward Highway.  Highway closed.	MP 20 and 51 Richardson Highway.  Highway closed.	MP 8 Old Glenn Highway.  Highway closed.	MP 46 Sterling Highway.  Highway closed.	MP 5 Eklutna Lake Road. Road closed.	Alaska Railroad closed from Anchorage to Seward.	Power transmission lines down along the Seward Highway.  Commercial power out in the communities of Whittier, Hope, Portage, Girdwood and Seward.",NA,PDC
200002,1,0,200002,8,0,1091148,5132007,ALASKA,2,2000,February,Avalanche,Z,13,SUSITNA VALLEY,02013,AFC,01-FEB-00 00:00:00,AST,08-FEB-00 00:00:00,0,0,0,0,NA,NA,EMERGENCY MANAGER,NA,NA,NA,NA,NA,NA,NA,NA,NA,NA,NA,NA,NA,NA,NA,NA,NA,NA,NA,NA,NA,"In addition to already reported avalanches which caused death, these avalanches caused significant inconvenience, transportation interruption and considerable expense in cleaning up.	Milepost (MP) 18 and 49 Seward Highway.  Highway closed.	MP 20 and 51 Richardson Highway.  Highway closed.	MP 8 Old Glenn Highway.  Highway closed.	MP 46 Sterling Highway.  Highway closed.	MP 5 Eklutna Lake Road. Road closed.	Alaska Railroad closed from Anchorage to Seward.	Power transmission lines down along the Seward Highway.  Commercial power out in the communities of Whittier, Hope, Portage, Girdwood and Seward.",NA,PDC
200002,7,0,200002,7,2359,1091149,5132008,ALASKA,2,2000,February,Avalanche,Z,17,CENTRAL GULF COAST,02017,AFC,07-FEB-00 00:00:00,AST,07-FEB-00 23:59:00,0,0,0,0,125K,NA,EMERGENCY MANAGER,NA,NA,NA,NA,NA,NA,NA,NA,NA,NA,NA,NA,NA,NA,NA,NA,NA,NA,NA,NA,NA,NA,Avalanche in Valdez.  One home damaged.,PDC
200003,17,1215,200003,17,1216,1092899,5137440,COLORADO,8,2000,March,Avalanche,Z,10,GORE AND ELK MOUNTAINS/CENTRAL MOUNTAIN VALLEYS,08010,GJT,17-MAR-00 12:15:00,MST,17-MAR-00 12:16:00,0,0,2,0,NA,NA,PARK/FOREST SERVICE,NA,NA,NA,NA,NA,NA,NA,NA,NA,NA,NA,NA,NA,NA,NA,NA,NA,NA,NA,NA,NA,Two skiers were caught and killed in an avalanche near Highland Peak.  This was a hard-slab avalanche which fractured at about 4 feet below the surface of the snow pack.  The avalanche traveled about 1100 feet in the vertical and was about 500 feet wide.  Four other skiers in the group outran the avalanche.,NA,PDC
200002,19,1300,200002,19,1300,1091807,5133205,NEW YORK,36,2000,February,Avalanche,Z,34,WESTERN ESSEX,36034,BTV,19-FEB-00 13:00:00,EST,19-FEB-00 13:00:00,5,0,1,0,NA,NA,NEWSPAPER,NA,NA,NA,NA,NA,NA,NA,NA,NA,NA,NA,NA,NA,NA,NA,NA,NA,NA,NA,NA,NA,"An avalanche occurred on Saturday, February 19th, on Wright Peak which is southwest of Mt. Van Hovenberg. The avalanche occurred at about the 3500 foot level, and was about 400 feet in length. There was one person killed and 5 injured while skiing.",NA,PDC
200003,9,0,200003,10,2359,1091138,5132847,ALASKA,2,2000,March,Avalanche,Z,19,WESTERN ALASKA PENINSULA,02019,AFC,09-MAR-00 00:00:00,AST,10-MAR-00 23:59:00,0,0,0,0,25K,NA,EMERGENCY MANAGER,NA,NA,NA,NA,NA,NA,NA,NA,NA,NA,NA,NA,NA,NA,NA,NA,NA,NA,NA,NA,NA,NA,"On March 9, an avalanche came down along the road between Chignik and the community airport.  On March 10, a second avalanche occurred at the same location.  Close to $50,000.00 was spent cleaning the road and flying an avalanche expert in to analyze the potential danger.",PDC
200004,8,1622,200004,8,1622,1092243,5135706,ALASKA,2,2000,April,Avalanche,Z,13,SUSITNA VALLEY,02013,AFC,08-APR-00 16:22:00,AST,08-APR-00 16:22:00,1,0,1,0,NA,NA,NEWSPAPER,NA,NA,NA,NA,NA,NA,NA,NA,NA,NA,NA,NA,NA,NA,NA,NA,NA,NA,NA,NA,NA,NA,"Avalanche on Snow Shoe Peak (20 miles southeast of Talkeetna) pushed a skier and a snowboarder over a cliff.  Both fell 200 feet.  The snowboarder was injured, treated and released from the hospital.  The skier was killed.  The skier was telemarking and was participating in a wilderness medicine course.",PDC
200004,8,1200,200004,9,800,1092244,5135707,ALASKA,2,2000,April,Avalanche,Z,14,COPPER RIVER BASIN,02014,AFC,08-APR-00 12:00:00,AST,09-APR-00 08:00:00,0,0,1,0,2K,NA,NEWSPAPER,NA,NA,NA,NA,NA,NA,NA,NA,NA,NA,NA,NA,NA,NA,NA,NA,NA,NA,NA,NA,NA,NA,"Snow machiner was buried by an avalanche Saturday.   Alaska State Troopers said that the same snowmachiner had been caught in an avalanche earlier in the day while trying to highmark in the bowl.  The body was found Sunday morning, using trained dogs and avalanche probes, under about 4 1/2 feet of snow, lying face up.  The helmet was found about 40 feet uphill from where the body was found.",PDC
200001,16,1330,200001,16,1330,1090273,5126858,WASHINGTON,53,2000,January,Avalanche,Z,18,E KING/E PIERCE/E LEWIS,53018,SEW,16-JAN-00 13:30:00,PST,16-JAN-00 13:30:00,0,0,1,0,NA,NA,NEWSPAPER,NA,NA,NA,NA,NA,NA,NA,NA,NA,NA,NA,NA,NA,NA,NA,NA,NA,NA,NA,NA,NA,NA,A man died when he hiked into a closed area of a ski resort and was buried in an avalanche.,PDC
200001,26,950,200001,26,950,1090322,5127590,ALASKA,2,2000,January,Avalanche,Z,17,CENTRAL GULF COAST,02017,AFC,26-JAN-00 09:50:00,AST,26-JAN-00 09:50:00,1,0,1,0,500K,NA,BROADCAST MEDIA,NA,NA,NA,NA,NA,NA,NA,NA,NA,NA,NA,NA,NA,NA,NA,NA,NA,NA,NA,NA,NA,NA,"Avalanche was reported at 5.5 mile on the road from the community of Cordova to the airport.  The avalanche obliterated 4 homes and 1 warehouse.  In one of the homes, two individuals were buried, one recovered after nearly 6 hours, the other deceased.  The community suffered successive heavy snows and strong winds in the days preceding the avalanche.",PDC
200001,19,1200,200001,19,1200,1090274,5126859,WASHINGTON,53,2000,January,Avalanche,Z,17,C&E WHATCOM/E SKAGIT/E SNOHMISH,53017,SEW,19-JAN-00 12:00:00,PST,19-JAN-00 12:00:00,1,0,0,0,NA,NA,NEWSPAPER,NA,NA,NA,NA,NA,NA,NA,NA,NA,NA,NA,NA,NA,NA,NA,NA,NA,NA,NA,NA,NA,NA,A snowboarder who went out of the ski area boundary was caught in an avalanche and suffered a broken leg and a compression fracture of his back.,PDC
200011,11,900,200011,12,1500,1104139,5160990,ALASKA,2,2000,November,Avalanche,Z,15,COOK INLET,02015,AFC,11-NOV-00 09:00:00,AST,12-NOV-00 15:00:00,1,0,0,0,NA,NA,NEWSPAPER,NA,NA,NA,NA,NA,NA,NA,NA,NA,NA,NA,NA,NA,NA,NA,NA,NA,NA,NA,NA,NA,NA,"Nick Coltman, an Anchorage area resident, was hiking up Flattop Mountain when he and his dog triggered a snow slide Saturday.  The slide pushed him down the slop about 600 feet over rocks and boulders and partially buried him in snow.  he was able to hang on to a cellular phone and call for help.  He suffered serious injuries to his head, back and torso and had frostbitten fingers.   As of Sunday, he was in critical but stable condition at a local hospital.  Coltman was familiar with Flattop trails and was in excellent condition before the accident.This was somewhat of an unusual situation, in that the greater Anchorage hillside area has not had a heavy snow.  Local areas of Flattop, however, had several feet of wind layered snow and this is what is thought to have given way due to recent winds and fluctuating  warm and cold temperatures.",PDC
200012,9,1330,200012,9,1400,1104401,5161158,ALASKA,2,2000,December,Avalanche,Z,145,SUSITNA VALLEY,02145,AFC,09-DEC-00 13:30:00,AST,09-DEC-00 14:00:00,0,0,1,0,2K,NA,FIRE DEPT/RESCUE SQUAD,NA,NA,NA,NA,NA,NA,NA,NA,NA,NA,NA,NA,NA,NA,NA,NA,NA,NA,NA,NA,NA,NA,"Avalanche fatality occurred Saturday, 9 December 2000 between 1:30 pm and 2:00 pm.  The put-in was in an area north of Dunkle Mine, around milepost 196 on the Parks Highway.  The accident site was about 16 miles in from the road, just inside the park boundary.The victim (James Thompson, 44) went to help a stuck snowmachiner who had been ""highmarking"" on a hill which tapered into a ravine.  The stuck snowmachiner got himself unstuck and rode downhill.  The victim was just heading downslope when he was hit from behind (witnesses said he probably didn't even see the slide coming and thus, didn't accelerate to try to ride it out).The width of the slide was estimated between 1/4 and 1/2 miles wide.  The victim was carried roughly 400 yards.Two or three people witnessed Thompson getting caught, others in the area saw the slide, but not the victim being carried downslope.  A team of 5-6 searchers found the sled and began probing upslope.  Within about 15 minutes, they struck the victim.  he was buried face down, about 4 feet deep, roughly 20 feet upslope from his snowmachine.  He did not have a pulse.  CPR was begun while the victim was still in the hole, and continued for 40 - 60 minutes without result.",PDC
200012,14,2000,200012,14,2015,1105900,5178168,UTAH,49,2000,December,Avalanche,Z,2,NE BOX ELDER T X NE/W WEBER/DAVIS,49002,SLC,14-DEC-00 20:00:00,MST,14-DEC-00 20:15:00,0,0,1,0,0,0,LAW ENFORCEMENT,NA,NA,NA,NA,NA,NA,NA,NA,NA,NA,NA,NA,NA,NA,NA,NA,NA,NA,NA,NA,NA,NA,"A 31-year-old man was killed by an avalanche while snowmobiling in the Willard Basin area near the base of Willard Peak. There were 3 other snowmobilers with him, but none of them were injured by the slide.",PDC
200012,1,800,200012,1,800,1104913,5165915,WYOMING,56,2000,December,Avalanche,Z,6,TETON/MOUTAINS,56006,RIW,01-DEC-00 08:00:00,MST,01-DEC-00 08:00:00,0,0,1,0,NA,NA,NEWSPAPER,NA,NA,NA,NA,NA,NA,NA,NA,NA,NA,NA,NA,NA,NA,NA,NA,NA,NA,NA,NA,NA,North side of Teton Pass. Time is estimated.,NA,PDC
200012,9,1700,200012,9,1700,1104914,5165916,WYOMING,56,2000,December,Avalanche,Z,6,TETON/MOUTAINS / TETON EXCEPT N AND SC,56006,RIW,09-DEC-00 17:00:00,MST,09-DEC-00 17:00:00,0,0,1,0,NA,NA,NEWSPAPER,NA,NA,NA,NA,NA,NA,NA,NA,NA,NA,NA,NA,NA,NA,NA,NA,NA,NA,NA,NA,NA,Occured on south side of Teton Pass. Time was estimated.,NA,PDC
200012,25,1400,200012,25,1400,1104915,5165917,WYOMING,56,2000,December,Avalanche,Z,6,TETON/MOUTAINS / TETON EXCEPT N AND SC,56006,RIW,25-DEC-00 14:00:00,MST,25-DEC-00 14:00:00,0,0,1,0,NA,NA,LAW ENFORCEMENT,NA,NA,NA,NA,NA,NA,NA,NA,NA,NA,NA,NA,NA,NA,NA,NA,NA,NA,NA,NA,NA,Occured near Dead Horse Pass. Time is estimated.,NA,PDC
200012,16,1600,200012,16,1615,1105903,5178434,UTAH,49,2000,December,Avalanche,Z,8,W SUMMIT T NW/SE SALT LAKE/WASATCH X SC/E UTAH/P X E JUAB/X NW SAN PETE,49008,SLC,16-DEC-00 16:00:00,MST,16-DEC-00 16:15:00,1,0,0,0,0,0,LAW ENFORCEMENT,NA,NA,NA,NA,NA,NA,NA,NA,NA,NA,NA,NA,NA,NA,NA,NA,NA,NA,NA,NA,NA,NA,"Two Salt Lake County teenagers were buried in an avalanche north of Alta in Flagstaff Gully. One of the teens was riding a sled while the other waited below taking photographs. The sledder came off a cornice ridge, triggering the avalanche. The sledder was partially buried to his shoulders but managed to dig himself out. The other teen below was buried completely fro about 15 minutes. When the teen and other skiers who had gathered found the buried boy he was unconscious and not breathing. The teen was revived and airlifted to University Hospital, where he was treated for neck injuries and hypothermia.",PDC
200012,25,1600,200012,25,1600,1105803,5178002,MONTANA,30,2000,December,Avalanche,Z,55,GALLATIN,30055,TFX,25-DEC-00 16:00:00,MST,25-DEC-00 16:00:00,1,0,0,0,NA,NA,GOVT OFFICIAL,NA,NA,NA,NA,NA,NA,NA,NA,NA,NA,NA,NA,NA,NA,NA,NA,NA,NA,NA,NA,NA,NA,Near West Yellowstone.,PDC
200001,11,1000,200001,11,1030,1105829,5178184,UTAH,49,2000,January,Avalanche,Z,8,W SUMMIT T NW/SE SALT LAKE/WASATCH X SC/E UTAH/P X E JUAB/X NW SAN PETE,49008,SLC,11-JAN-00 10:00:00,MST,11-JAN-00 10:30:00,0,0,2,0,0,0,PARK/FOREST SERVICE,NA,NA,NA,NA,NA,NA,NA,NA,NA,NA,NA,NA,NA,NA,NA,NA,NA,NA,NA,NA,NA,NA,"Two skiers were killed in a large avalanche in the backcountry near The Canyons ski resort. The slide from Square Top Peak was estimated to be near 500 feet wide and 5 feet deep, with a vertical drop of 1000 feet. The couple, a man and a woman, were discovered the next day by a search team.",PDC
200012,31,1600,200012,31,1600,1105814,5177825,MONTANA,30,2000,December,Avalanche,Z,28,WHEATLAND/PARK/SWEET GRASS,30028,BYZ,31-DEC-00 16:00:00,MST,31-DEC-00 16:00:00,0,0,0,0,NA,NA,OTHER FEDERAL AGENCY,NA,NA,NA,NA,NA,NA,NA,NA,NA,NA,NA,NA,NA,NA,NA,NA,NA,NA,NA,NA,NA,Location: Emigrant Peak near Chico Hot Springs in the Paradise ValleyFatalities: Father and Son killed,NA,PDC
200002,25,1150,200002,25,1200,1105856,5178682,UTAH,49,2000,February,Avalanche,Z,7,RICH/CACHE T NW/P E C WEBER/MOST OF MORGAN/NW SUMMIT/NE SALT LAKE/X NE BOX ELDER,49007,SLC,25-FEB-00 11:50:00,MST,25-FEB-00 12:00:00,2,0,0,0,0,0,PARK/FOREST SERVICE,NA,NA,NA,NA,NA,NA,NA,NA,NA,NA,NA,NA,NA,NA,NA,NA,NA,NA,NA,NA,NA,NA,"An avalanche occurred at the Snowbasin Resort in the Strawberry Bowl area around noon. It was about 100 feet wide and 150 feet long with a vertical drop of 400 feet. Five skiers were caught in the slide, with 2 being buried and the others partially buried. The two buried were quickly dug out, suffering only minor injuries. The others escaped without injury.",PDC
200002,27,1200,200002,27,1400,1105857,5178683,UTAH,49,2000,February,Avalanche,Z,7,RICH/CACHE T NW/P E C WEBER/MOST OF MORGAN/NW SUMMIT/NE SALT LAKE/X NE BOX ELDER,49007,SLC,27-FEB-00 12:00:00,MST,27-FEB-00 14:00:00,1,0,0,0,0,0,PARK/FOREST SERVICE,NA,NA,NA,NA,NA,NA,NA,NA,NA,NA,NA,NA,NA,NA,NA,NA,NA,NA,NA,NA,NA,NA,"A ski patroller from Snowbasin was seriously injured in an avalanche in a closed area of Snowbasin. The man was doing routine checks of the Mt. Ogden flank in-bounds when a slab of wind-blown snow 200 feet wide slid 300 feet down the mountain. He was able to ride out the slide, but was slammed into a tree, breaking some ribs and his jaw, and causing other internal injuries.",PDC
200002,12,1400,200002,12,1400,1105852,5178672,UTAH,49,2000,February,Avalanche,Z,8,W SUMMIT T NW/SE SALT LAKE/WASATCH X SC/E UTAH/P X E JUAB/X NW SAN PETE,49008,SLC,12-FEB-00 14:00:00,MST,12-FEB-00 14:00:00,0,0,0,0,0,0,GENERAL PUBLIC,NA,NA,NA,NA,NA,NA,NA,NA,NA,NA,NA,NA,NA,NA,NA,NA,NA,NA,NA,NA,NA,NA,A 300 foot wide avalanche near Bridal Veil Falls briefly damned the Provo River. There were no injuries and no damage from the slide.,PDC
200001,22,1500,200001,22,1500,2414761,5127676,IDAHO,16,2000,January,Avalanche,Z,19,UPPER SNAKE HIGHLANDS,16019,PIH,22-JAN-00 15:00:00,MST,22-JAN-00 15:00:00,1,0,0,0,1K,NA,NEWSPAPER,NA,NA,NA,NA,NA,NA,NA,NA,NA,NA,NA,NA,NA,NA,NA,NA,NA,NA,NA,NA,NA,NA,"A snowmobiler triggered an avalanche after riding up a steep mountain slope.  The victim was quickly rescued by other snowmobilers, but still required hospitilization in intensive care.",PDC
200102,11,0,200102,12,2359,1110209,5228513,ALASKA,2,2001,February,Avalanche,Z,111,MATANUSKA VALLEY,02111,AFC,11-FEB-01 00:00:00,AST,12-FEB-01 23:59:00,0,0,0,0,10K,NA,NEWSPAPER,NA,NA,NA,NA,NA,NA,NA,NA,NA,NA,NA,NA,NA,NA,NA,NA,NA,NA,NA,NA,NA,NA,Three avalanches closed the road above the Motherlode Lodge in the Hatcher Pass area.,PDS
200102,3,1100,200102,3,1300,1110205,5228507,ALASKA,2,2001,February,Avalanche,Z,111,MATANUSKA VALLEY,02111,AFC,03-FEB-01 11:00:00,AST,03-FEB-01 13:00:00,1,0,2,0,NA,NA,NEWSPAPER,NA,NA,NA,NA,NA,NA,NA,NA,NA,NA,NA,NA,NA,NA,NA,NA,NA,NA,NA,NA,NA,NA,"A group of snowmachiners Saturday triggered an avalanche on a slope south of Eureka, near the east fork of the Matanuska River.  The avalanche killed two members of the group and slightly injured a third man, who was carried downslope and trapped beneath his snowmachine until he was freed.",PDS
200103,10,1300,200103,10,1300,1125813,5275195,UTAH,49,2001,March,Avalanche,Z,9,WESTERN UNITA MOUNTAINS,49009,SLC,10-MAR-01 13:00:00,MST,10-MAR-01 13:00:00,0,0,2,0,0,0,BROADCAST MEDIA,NA,NA,NA,NA,NA,NA,NA,NA,NA,NA,NA,NA,NA,NA,NA,NA,NA,NA,NA,NA,NA,NA,"Two snowmobilers were killed in an avalanche in the Uinta Mountains of Summit County near the town of Oakley. They were ""high-marking"" in an area of Upper Chalk Creek known as ""the chutes"". The two 29-year-old men were completely buried by the avalanche, estimated to be 900 feet long, 180 feet wide, and 12 feet deep.",PDS
200101,18,1800,200101,19,600,1110013,5229183,ALASKA,2,2001,January,Avalanche,Z,101,ANCHORAGE MUNI TO BIRD CREEK,02101,AFC,18-JAN-01 18:00:00,AST,19-JAN-01 06:00:00,0,0,0,0,5K,NA,NEWSPAPER,NA,NA,NA,NA,NA,NA,NA,NA,NA,NA,NA,NA,NA,NA,NA,NA,NA,NA,NA,NA,NA,NA,Avalanche closed the Old Glenn Highway Thursday night at 7.4 mile.,PDS
200101,19,1600,200101,19,1930,1110014,5229184,ALASKA,2,2001,January,Avalanche,Z,125,WRN P.W. SND & KENAI MTNS,02125,AFC,19-JAN-01 16:00:00,AST,19-JAN-01 19:30:00,0,0,0,0,10K,NA,NEWSPAPER,NA,NA,NA,NA,NA,NA,NA,NA,NA,NA,NA,NA,NA,NA,NA,NA,NA,NA,NA,NA,NA,NA,"Avalanche at Milepost 105 of the Seward Highway late Friday, close the road.  It contained mud, snow and broken trees.  1 vehicle was damaged.  The highway was reopened at 7:30 pm.",PDS
200101,23,0,200101,23,800,1110015,5229185,ALASKA,2,2001,January,Avalanche,Z,101,ANCHORAGE MUNI TO BIRD CREEK,02101,AFC,23-JAN-01 00:00:00,AST,23-JAN-01 08:00:00,0,0,0,0,5K,NA,NEWSPAPER,NA,NA,NA,NA,NA,NA,NA,NA,NA,NA,NA,NA,NA,NA,NA,NA,NA,NA,NA,NA,NA,NA,Avalanche reported at 7.4 mile Old Glenn Highway.  The road was reopened at 8am.,PDS
200101,7,0,200101,7,2359,1110019,5229321,ALASKA,2,2001,January,Avalanche,Z,101,ANCHORAGE MUNI TO BIRD CREEK,02101,AFC,07-JAN-01 00:00:00,AST,07-JAN-01 23:59:00,0,0,0,0,5K,NA,DEPT OF HIGHWAYS,NA,NA,NA,NA,NA,NA,NA,NA,NA,NA,NA,NA,NA,NA,NA,NA,NA,NA,NA,NA,NA,"A strong frontal system in the southwest Gulf of Alaska was preceded by strong east and southeast winds.  The front moved north and northwest through Prince William Sound and into the northern Susitna Valley Sunday midday. Gusts reached 73 mph at the Prince William Sound Science Center with frontal passage around noon Sunday.   Wind gusts at the southeast Sound buoy gusted in the 50 to 60 mph from 11 pm Saturday through 10 am Sunday.In the western Prince William Sound zone, east wind gusts of 60 + mph were observed in the Portage Valley from around 1 am to just before 1 pm Sunday.  Peak winds reached 68 mph between 11 am and noon.   In the January 10th edition of the Anchorage Daily News, an article referred to storm totals Saturday night and Sunday of ""...about 3 feet of wet snow...""which held 2 weekend campers and their dogs ""captive"" in a remote Forest Service cabin on the Kenai Peninsula on the northwest end of Crescent Lake.  ""We got to the cabin (apparently late Saturday) and the winds started blowing"" Rachel Cheyette said, continuing with ""On Saturday night it blew all night long."" On Sunday morning, the wind slowed and the couple started breaking trail through heavy wet snow for about a mile until everything turned white. ""There were whiteout conditions"", Cheyette stated.  When they couldn't see the trail, they hiked back to cabin to wait out the storm, aware that conditions had primed the slopes for avalanches.  They were finally rescued by helicopter midday Tuesday.  Several feet of new fell at higher elevations along Turnagain Pass.Spotter reports from the State Troopers in Turnagain Pass were ""4-5"" of new snow and whiteout conditions as of 2:30 am"".  By 1:45 pm, DOT officials reported 2.29 inches of rain from the storm around Girdwood, with snow in the Pass.  The report also mentioned 24"" of new snow as of noon.  With the early morning observation, this yielded about 20 inches of snow in 9 ½ hours.   Along the Anchorage hillside, peak winds of 60 + mph were first reported at the Glen Alps site around 6 am.  Between 7 and 8 am Sunday, winds increased above 60 mph at Rabbit Creek, with peak winds reaching 71 mph several hours later between 10 and 11 am.  The Glen Alps site recorded peak winds of 61 mph at 6 am and again at 10 pm.  Wind gusts below 60 mph were reported after 10 pm Sunday.  Much stronger winds, however, were recorded along the Site Summit remote sensor, at close to 4000 asl, adjacent to the old Nike Site near Arctic Valley ski area where gusts reached 79 mph at 5 am, 129 mph at 9 am and 103 mph just before 11 pm (winds diminished to well below 60 mph thereafter).  Roads were dangerously slick Sunday, prompting the Alaska State Troopers to issue a travel advisory for the Seward Highway.  In Anchorage, police counted 81 vehicles in distress between midnight Saturday and 2 pm Sunday.  Many of them ended up in ditches or were stuck along the Glenn Highway and in Eagle River.  Anchorage police sent three extra officers to help out.  At the western entrance to Turnagain Arm, an avalanche was reported at Mile 98, on the Bird Flats north west of Girdwood, which set off four smaller slides that came down to the highway.",NA,PDS
200103,18,1500,200103,18,1600,1110934,5230458,ALASKA,2,2001,March,Avalanche,Z,141,COPPER RIVER BASIN,02141,AFC,18-MAR-01 15:00:00,AST,18-MAR-01 16:00:00,1,0,1,0,NA,NA,NEWSPAPER,NA,NA,NA,NA,NA,NA,NA,NA,NA,NA,NA,NA,NA,NA,NA,NA,NA,NA,NA,NA,NA,NA,"Another avalanche death, 6 miles east of the Richardson Monument at Mile 198 of the Richardson Highway (about 70 miles south of Delta Junction), was reported in Monday's Anchorage Daily News.  The avalanche occurred about 3 pm Sunday, March 18, 2001.A group of snowmachiners were out for the day and stopped behind Courage Mountain.  When the avalanche let go, snow machiners in the area tried to get out of the way.  Gary Frederick, 37, of Delta Junction and Bambi Bender, 25, of North Pole, were caught in the slide.  About 20 people began probing the area immediately after the avalanche and Bender was quickly pulled out uninjured.  Frederick was found about 15 minutes later, buried in about 15 feet of hard-packed snow.  It took about 45 minutes to dig him out.  Attempts to revive him were unsuccessful.",PDS
200101,1,1500,200101,1,1600,1110011,5229181,ALASKA,2,2001,January,Avalanche,Z,125,WRN P.W. SND & KENAI MTNS,02125,AFC,01-JAN-01 15:00:00,AST,01-JAN-01 16:00:00,1,0,0,0,NA,NA,NEWSPAPER,NA,NA,NA,NA,NA,NA,NA,NA,NA,NA,NA,NA,NA,NA,NA,NA,NA,NA,NA,NA,NA,NA,"Another avalanche, located at Aaron's Last Run, injured Michael McKinney, 31, of Fairbanks Monday afternoon.  The location is the same as the one which claimed 6 lives in March 1999 and is named for one of those killed. The slide was 100 to 300 yards wide and carried McKinney perhaps 1,000 feet down the steep slope, where it settled into a 15 foot-deep debris field.  According to experts, ""This guy is very, very lucky to have wound up coming out of this thing alive"".  Rescuers quickly spread out in a line and soon heard McKinney's voice rising from the snow.  ""He was saying, 'Help me God, please save me, somebody find me,', one of the rescuers said.  ""Just his mouth was sticking out and his one hand.""",PDS
200102,27,1300,200102,27,1300,1125810,5276433,UTAH,49,2001,February,Avalanche,Z,8,WASATCH MOUNTAINS SOUTH OF I80,49008,SLC,27-FEB-01 13:00:00,MST,27-FEB-01 13:00:00,0,0,1,0,0,0,PARK/FOREST SERVICE,NA,NA,NA,NA,NA,NA,NA,NA,NA,NA,NA,NA,NA,NA,NA,NA,NA,NA,NA,NA,NA,NA,"A 43-year-old woman from New Hampshire was killed in an avalanche while skiing the backcountry of The Canyons Ski Resort. The avalanche occurred on Square Top Mountain as the woman was skiing with 5 others, but none of them were injured.",PDS
200101,29,1530,200101,29,1530,1110301,5228163,WASHINGTON,53,2001,January,Avalanche,Z,42,W OKANOGAN/C&W CHELAN,53042,OTX,29-JAN-01 15:30:00,PST,29-JAN-01 15:30:00,0,0,1,0,NA,NA,NEWSPAPER,NA,NA,NA,NA,NA,NA,NA,NA,NA,NA,NA,NA,NA,NA,NA,NA,NA,NA,NA,NA,NA,An avalanche killed a 33-year old male who was snowshoeing about six miles northwest of Lake Wenatchee.  His companion dug herself out and escaped serious injury.,NA,PDS
200102,17,1620,200102,17,1620,1111344,5231767,WASHINGTON,53,2001,February,Avalanche,Z,25,W KITTITAS/W YAKIMA/W KLICKITAT T X SW,53025,PDT,17-FEB-01 16:20:00,PST,17-FEB-01 16:20:00,0,0,1,0,NA,NA,NEWSPAPER,NA,NA,NA,NA,NA,NA,NA,NA,NA,NA,NA,NA,NA,NA,NA,NA,NA,NA,NA,NA,NA,NA,"An avalanche killed a man as he was snowmobiling with friends in the mountains north of Cle Elum.  According to reports, a 200 foot wide slide occurred about 8 miles northeast of Salmon La Sac Road in the North Fork Teanaway area.  This avalanche was likely caused by the softening of snow during a sunny afternoon.",PDS
200102,19,1600,200102,19,1600,1111423,5231998,MONTANA,30,2001,February,Avalanche,Z,55,GALLATIN,30055,TFX,19-FEB-01 16:00:00,MST,19-FEB-01 16:00:00,1,0,0,0,NA,NA,PARK/FOREST SERVICE,NA,NA,NA,NA,NA,NA,NA,NA,NA,NA,NA,NA,NA,NA,NA,NA,NA,NA,NA,NA,NA,NA,Avalanche injury reported near West Yellowstone (time of injury report estimated).,PDS
200102,23,1830,200102,23,1830,1111378,5232428,WYOMING,56,2001,February,Avalanche,Z,6,TETON/MOUTAINS / TETON EXCEPT N AND SC,56006,RIW,23-FEB-01 18:30:00,MST,23-FEB-01 18:30:00,0,0,1,0,NA,NA,NEWSPAPER,NA,NA,NA,NA,NA,NA,NA,NA,NA,NA,NA,NA,NA,NA,NA,NA,NA,NA,NA,NA,NA,NA,NA,PDS
200102,18,1600,200102,18,1600,1111300,5232651,COLORADO,8,2001,February,Avalanche,Z,12,WEST ELK AND SAWATCH MOUNTAINS,08012,GJT,18-FEB-01 16:00:00,MST,18-FEB-01 16:00:00,1,0,0,0,NA,NA,NEWSPAPER,NA,NA,NA,NA,NA,NA,NA,NA,NA,NA,NA,NA,NA,NA,NA,NA,NA,NA,NA,NA,NA,A backcountry skier was caught in an avalanche in Wolverine Basin.  The skier was hurled into a tree and suffered a broken leg.,NA,PDS
200102,6,1700,200102,6,1700,1111713,5235037,WYOMING,56,2001,February,Avalanche,Z,6,TETON/MOUTAINS / TETON EXCEPT N AND SC,56006,RIW,06-FEB-01 17:00:00,MST,06-FEB-01 17:00:00,0,0,1,0,NA,NA,NEWSPAPER,NA,NA,NA,NA,NA,NA,NA,NA,NA,NA,NA,NA,NA,NA,NA,NA,NA,NA,NA,NA,NA,Occurred at Upper Rocks Springs Bowl just out of bounds of Jackson Hole Ski Area.,NA,PDS
200103,18,1330,200103,18,1331,1112545,5237375,COLORADO,8,2001,March,Avalanche,Z,4,ELKHEAD AND PARK MOUNTAINS,08004,GJT,18-MAR-01 13:30:00,MST,18-MAR-01 13:31:00,0,0,1,0,NA,NA,DEPT OF HIGHWAYS,NA,NA,NA,NA,NA,NA,NA,NA,NA,NA,NA,NA,NA,NA,NA,NA,NA,NA,NA,NA,NA,"A backcountry skier was caught and buried in an avalanche on the northeast slope of Farwell Mountain, at the 10,840 foot level.  The avalanche location is about 23 miles north of Steamboat Springs.",NA,PDS
200102,25,1400,200102,25,1400,1111304,5232752,COLORADO,8,2001,February,Avalanche,Z,12,WEST ELK AND SAWATCH MOUNTAINS,08012,GJT,25-FEB-01 14:00:00,MST,25-FEB-01 14:00:00,0,0,1,0,NA,NA,GOVT OFFICIAL,NA,NA,NA,NA,NA,NA,NA,NA,NA,NA,NA,NA,NA,NA,NA,NA,NA,NA,NA,NA,NA,"A female backcountry skier was killed by a sizable slab avalanche on Ohio Pass, 6 miles west-southwest of Crested Butte.  The soft-slab avalanche released at an elevation of 10,100 feet, was estimated to be 400 feet across and fell about 600 vertical feet.  Five other backcountry skiers escaped with no injuries.",NA,PDS
200103,5,755,200103,5,755,1112421,5238846,CALIFORNIA,6,2001,March,Avalanche,Z,73,MONO,06073,REV,05-MAR-01 07:55:00,PST,05-MAR-01 07:55:00,0,0,0,0,0,NA,TRAINED SPOTTER,NA,NA,NA,NA,NA,NA,NA,NA,NA,NA,NA,NA,NA,NA,NA,NA,NA,NA,NA,NA,NA,"Spotter reported US 395 was closed just north of Lee Vining due to an avalanche, no injuries or damage were reported.",NA,PDS
200111,11,1500,200111,11,1500,1123637,5269323,ALASKA,2,2001,November,Avalanche,Z,111,MATANUSKA VALLEY,02111,AFC,11-NOV-01 15:00:00,AST,11-NOV-01 15:00:00,0,0,1,0,NA,NA,NEWSPAPER,NA,NA,NA,NA,NA,NA,NA,NA,NA,NA,NA,NA,NA,NA,NA,NA,NA,NA,NA,NA,NA,NA,"A small wind slab avalanche released under a 30 year old woman and her male friend.  The slide carried the two about 100 yards down the slope.  The man came to rest on top of the snow.  The woman was buried, head-down, under three feet of snow.  She was pulled out, not breathing and blue, about 25 minutes later and, at an earlier report, was in critical condition in an Anchorage hospital.  The patient was pulled off of life support at 6:45 am AST Tuesday, and was pronounced dead at 2 pm AST Tuesday.",PDS
200112,23,1300,200112,23,1600,1124647,5273345,ALASKA,2,2001,December,Avalanche,Z,121,KENAI PENINSULA,02121,AFC,23-DEC-01 13:00:00,AST,23-DEC-01 16:00:00,0,0,1,0,.5K,NA,NEWSPAPER,NA,NA,NA,NA,NA,NA,NA,NA,NA,NA,NA,NA,NA,NA,NA,NA,NA,NA,NA,NA,NA,NA,"Russel Foster, Anchorage, his girlfriend and fiveother snowmachiners were with a group riding in the ChugachNational Forest off Palmer Creek Road near the old Swetmann MineSunday.Sometime after 1 p.m., Foster, 35, headed up a slope abovethe rest of the riders, according to State trooper reports.  Afriend, Bobby Frankson, was below him when the snowpack on theside of the mountain let loose.The avalanche buried Foster.  Frankson went for help.Snowmachiners found foster through a signal emitted by hisavalanche beacon.  The searchers used probe poles to identify hisprecise location, and dug Foster out from about 3.5 to 4 feet ofhard packed snow.  At least 30 minutes had elapsed since theavalanche.Two hours of CPR failed to revive Foster, who became thethird avalanche fatality in Alaska this winter.Conditions were prime for avalanches for severalweeks.  This mix of extreme cold, punctuated by several 'warm'storms, has made the snowpack especially unstable, according toavalanche experts.  On the bottom is a layer of very weak sugarysnow (faceted snow) that formed during the cold periods.  Abovethat is heavier, denser snow that fell during the warmer periods,and wind packed snow.  In between are thin layers of surfacehoarfrost and ice. Forecasts adequately reflected weather thatdeveloped across the area. A message from a private avalanchegroup regarding avalanche classes at the beginning of January wasbroadcast on ""Alaska Weather"", NWS produced television show thatis broadcast Statewide on public t.v.",PDS
200112,22,0,200112,23,1600,1125054,5273983,ALASKA,2,2001,December,Avalanche,Z,24,NORTHERN LYNN CANAL,02024,AJK,22-DEC-01 00:00:00,AST,23-DEC-01 16:00:00,0,0,0,0,4K,0,DEPT OF HIGHWAYS,NA,NA,NA,NA,NA,NA,NA,NA,NA,NA,NA,NA,NA,NA,NA,NA,NA,NA,NA,NA,NA,A release of snow from the mountians along the Haines Highway reached and covered the road to a between 19 and 20 mile on the 22nd. Department of highway crews had it cleaned up on the 23rd.,NA,PDS
200112,24,1200,200112,24,1800,1124648,5272060,ALASKA,2,2001,December,Avalanche,Z,145,SUSITNA VALLEY,02145,AFC,24-DEC-01 12:00:00,AST,24-DEC-01 18:00:00,0,0,1,0,.5K,NA,NEWSPAPER,NA,NA,NA,NA,NA,NA,NA,NA,NA,NA,NA,NA,NA,NA,NA,NA,NA,NA,NA,NA,NA,NA,"Dwayne Dufford, 30, was snowmachining with severalfriends Monday.  He was buried by an avalanche sometime duringthe afternoon...exact details are currently unavailable.  He waslocated via an avalanche beacon within 18 minutes of theavalanche, but had already succumbed to his injuries.LOCATION:      20 miles west of Milepost 185 on the ParksHighway, near Cantwell, Alaska.",PDS
200112,7,800,200112,8,1600,1125047,5273916,ALASKA,2,2001,December,Avalanche,Z,24,NORTHERN LYNN CANAL,02024,AJK,07-DEC-01 08:00:00,AST,08-DEC-01 16:00:00,0,0,0,0,4K,0,DEPT OF HIGHWAYS,NA,NA,NA,NA,NA,NA,NA,NA,NA,NA,NA,NA,NA,NA,NA,NA,NA,NA,NA,NA,NA,A minor avalanche resulting from the release of accumulated snow from previous snows blocked the Haines Highway for about 24 hours. An estimated cost to rent equipment and the time to clear the road was $4000.,NA,PDS
200112,12,0,200112,12,2359,1124645,5273342,ALASKA,2,2001,December,Avalanche,Z,135,SERN P.W. SND,02135,AFC,12-DEC-01 00:00:00,AST,12-DEC-01 23:59:00,1,0,1,0,NA,NA,NEWSPAPER,NA,NA,NA,NA,NA,NA,NA,NA,NA,NA,NA,NA,NA,NA,NA,NA,NA,NA,NA,NA,NA,NA,"Fresh snowfall and apparent wind loading occurred during the days before the event.  Five people were out on snowmachines in the Cordova area.  One snowmachine became stuck, two individuals attempted to dig it out.  An avalanche quickly ensued.  Two were buried.  One person was dug out and survived.  The body of the other, Donovan J. Lee, 37, was recovered from under 3 feet of snow Thursday morning.  The avalanche occurred between Heney and Hartney Creeks.",PDS
200104,28,1400,200104,28,1400,1125860,5275515,UTAH,49,2001,April,Avalanche,Z,6,P NC WEBER/P C MORGAN/P W C SUMMIT/P SC WASATCH,49006,SLC,28-APR-01 14:00:00,MST,28-APR-01 14:00:00,0,0,2,0,0,0,FIRE DEPT/RESCUE SQUAD,NA,NA,NA,NA,NA,NA,NA,NA,NA,NA,NA,NA,NA,NA,NA,NA,NA,NA,NA,NA,NA,NA,"Warm weather triggered a large ""glide"" avalanche in Stairs Gulch on Storm Mountain above Big Cottonwood Canyon, killing 2 hikers. The enormous slide was 1,000 feet wide and 10 feet deep. The slide funneled 2,000 vertical feet down into the narrow gulch.",PDS
200203,16,1245,200203,16,1250,2151817,5324351,UTAH,49,2002,March,Avalanche,Z,8,W SUMMIT T NW/SE SALT LAKE/WASATCH X SC/E UTAH/P X E JUAB/X NW SAN PETE,49008,SLC,16-MAR-02 12:45:00,MST,16-MAR-02 12:50:00,0,0,2,0,0,0,FIRE DEPT/RESCUE SQUAD,NA,NA,NA,NA,NA,NA,NA,NA,NA,NA,NA,NA,NA,NA,NA,NA,NA,NA,NA,NA,NA,NA,Two snowboarders were buried and killed by a massive avalanche which swept down a steep slope in upper Big Cottonwood Canyon. The two were part of a large group of snowboarders traveling through the backcountry near the Brighton Ski Resort. Most of the group had traversed across an open slope when a large section of snow...6 to 8 feet deep...broke away above the final two boarders to cross the slope and swept over them.,PDS
200201,31,1400,200201,31,1400,2151798,5324226,UTAH,49,2002,January,Avalanche,Z,9,C E SUMMIT/X NE WASATCH/N DUCHESNE,49009,SLC,31-JAN-02 14:00:00,MST,31-JAN-02 14:00:00,0,0,1,0,0,0,FIRE DEPT/RESCUE SQUAD,NA,NA,NA,NA,NA,NA,NA,NA,NA,NA,NA,NA,NA,NA,NA,NA,NA,NA,NA,NA,NA,NA,"An avalanche claimed the life of a 29-year-old Heber City man. The avalanche occurred in the Western Uinta Mountains east of Oakley, near Windy Ridge. Six people were skiing in two separate groups when a 5-foot-deep snow slab broke off from the slope above just before 2 pm. The victim was buried under 4 feet of snow for 15 minutes before being dug out. He died of massive head and neck trauma, not suffocation, according to paramedics on the scene.",PDS
200203,14,800,200203,14,800,2151816,5324350,UTAH,49,2002,March,Avalanche,Z,8,W SUMMIT T NW/SE SALT LAKE/WASATCH X SC/E UTAH/P X E JUAB/X NW SAN PETE,49008,SLC,14-MAR-02 08:00:00,MST,14-MAR-02 08:00:00,0,0,0,0,20K,0,PARK/FOREST SERVICE,NA,NA,NA,NA,NA,NA,NA,NA,NA,NA,NA,NA,NA,NA,NA,NA,NA,NA,NA,NA,NA,NA,"An avalanche swept down a slope above the town of Alta, coming to rest against the Peruvian Lodge. The slide buried the parking lot in 16 feet of snow and damaged several cars. There were no injuries.",PDS
200212,29,1330,200212,29,1330,1146164,5325520,WASHINGTON,53,2002,December,Avalanche,Z,25,W KITTITAS/W YAKIMA/W KLICKITAT T X SW,53025,PDT,29-DEC-02 13:30:00,PST,29-DEC-02 13:30:00,1,0,1,0,NA,NA,NEWSPAPER,NA,NA,NA,NA,NA,NA,NA,NA,NA,NA,NA,NA,NA,NA,NA,NA,NA,NA,NA,NA,NA,NA,"An avalanche was triggered by a skier near Crystal Mountain where a skier was killed after being buried in five feet of snow.  Three others were partially buried, with one injury reported.",PDS
200212,15,1500,200212,15,1500,1146461,5325386,NEVADA,32,2002,December,Avalanche,Z,2,GREATER LAKE TAHOE AREA,32002,REV,15-DEC-02 15:00:00,PST,15-DEC-02 15:00:00,1,0,1,0,NA,NA,NEWSPAPER,NA,NA,NA,NA,NA,NA,NA,NA,NA,NA,NA,NA,NA,NA,NA,NA,NA,NA,NA,NA,NA,NA,A group of skiers traveling out of bounds from a ski area triggered an avalanche.  One skier was trapped and killed.,PDS
200201,12,1200,200201,12,2000,1130013,5277117,ALASKA,2,2002,January,Avalanche,Z,141,COPPER RIVER BASIN,02141,AFC,12-JAN-02 12:00:00,AST,12-JAN-02 20:00:00,1,0,2,0,6K,NA,NEWSPAPER,NA,NA,NA,NA,NA,NA,NA,NA,NA,NA,NA,NA,NA,NA,NA,NA,NA,NA,NA,NA,NA,NA,Three people were buried by an avalanche while snowmachining on an unsupported cornice.  One was dug out of the snow by her husband.,PDS
200202,24,1430,200202,24,1430,1131144,5282124,COLORADO,8,2002,February,Avalanche,Z,9,GRAND AND BATTLEMENT MESAS,08009,GJT,24-FEB-02 14:30:00,MST,24-FEB-02 14:30:00,0,0,1,0,NA,NA,NEWSPAPER,NA,NA,NA,NA,NA,NA,NA,NA,NA,NA,NA,NA,NA,NA,NA,NA,NA,NA,NA,NA,NA,"A snowmobiler triggered a soft-slab avalanche near Flat Top Mountain in extreme northeast Mesa county, about 8 miles south southwest of Sunlight Ski Area. This avalanche was about 300 feet across and 2 feet deep, beginning at an elevation of just below the 10,200 foot level. The avalanche ran about 400 vertical feet. The victim was found close to his snowmobile after having been buried for about 30 minutes.",NA,PDS
200202,22,1545,200202,22,1545,1131067,5282868,WASHINGTON,53,2002,February,Avalanche,Z,18,E KING/E PIERCE/E LEWIS,53018,SEW,22-FEB-02 15:45:00,PST,22-FEB-02 15:45:00,4,0,0,0,NA,NA,NEWSPAPER,NA,NA,NA,NA,NA,NA,NA,NA,NA,NA,NA,NA,NA,NA,NA,NA,NA,NA,NA,NA,NA,An avalanche about 8 feet deep and 200 feet wide knocked a car off the road and injured the 4 occupants.,NA,PDS
200202,21,0,200202,22,1800,1131146,5282128,COLORADO,8,2002,February,Avalanche,Z,18,NORTHWESTERN SAN JUAN MOUNTAINS,08018,GJT,21-FEB-02 00:00:00,MST,22-FEB-02 18:00:00,0,0,0,0,NA,NA,NEWSPAPER,NA,NA,NA,NA,NA,NA,NA,NA,NA,NA,NA,NA,NA,NA,NA,NA,NA,NA,NA,NA,NA,A weak snowpack following recent heavy snowfall resulted in about 170 reported avalanches in the western San Juan Mountains of southwest Colorado.  Some of the avalanches ran across U.S. highway 550 in the Red Mountain Pass area.,NA,PDS
200202,21,0,200202,22,1800,1131146,5282129,COLORADO,8,2002,February,Avalanche,Z,19,SOUTHWESTERN SAN JUAN MOUNTAINS,08019,GJT,21-FEB-02 00:00:00,MST,22-FEB-02 18:00:00,0,0,0,0,NA,NA,NEWSPAPER,NA,NA,NA,NA,NA,NA,NA,NA,NA,NA,NA,NA,NA,NA,NA,NA,NA,NA,NA,NA,NA,A weak snowpack following recent heavy snowfall resulted in about 170 reported avalanches in the western San Juan Mountains of southwest Colorado.  Some of the avalanches ran across U.S. highway 550 in the Red Mountain Pass area.,NA,PDS
200202,14,30,200202,14,35,1131477,5281692,ALASKA,2,2002,February,Avalanche,Z,25,JUNEAU BOROUGH-EASTERN CHICHAGOF-ADMIRALTY ISLAND,02025,AJK,14-FEB-02 00:30:00,AST,14-FEB-02 00:35:00,0,0,0,0,5K,0,BROADCAST MEDIA,NA,NA,NA,NA,NA,NA,NA,NA,NA,NA,NA,NA,NA,NA,NA,NA,NA,NA,NA,NA,NA,A major avalanche occurred in the early morning hours about 2 miles south of downtown Juneau.  The avalanche covered 300 feet of Thane Road to a depth of 30 feet.  Traffic was blocked for 9 hours and power lines were damaged.  Power was interrupted in downtown Juneau for 2 hours.  A vehicle received minor damage after being driven into the downed trees on the northern fringes of the avalanche.  The driver walked away fine.,NA,PDS
200203,28,1715,200203,28,1715,1130980,5283035,ALASKA,2,2002,March,Avalanche,Z,101,ANCHORAGE MUNI TO BIRD CREEK,02101,AFC,28-MAR-02 17:15:00,AST,28-MAR-02 17:15:00,1,0,0,0,NA,NA,NEWSPAPER,NA,NA,NA,NA,NA,NA,NA,NA,NA,NA,NA,NA,NA,NA,NA,NA,NA,NA,NA,NA,NA,NA,"2 dogs and 1 person were buried in an avalanche just west of Harp Mountain.  The buried skier was extricated by his partner, 20 minutes after his partner created a breathing hole in the snow for the trapped skier.  The dogs weren't as fortunate.",PDS
200204,20,0,200204,20,2359,1132390,5285460,ALASKA,2,2002,April,Avalanche,Z,111,MATANUSKA VALLEY,02111,AFC,20-APR-02 00:00:00,AST,20-APR-02 23:59:00,0,0,0,0,NA,NA,NEWSPAPER,NA,NA,NA,NA,NA,NA,NA,NA,NA,NA,NA,NA,NA,NA,NA,NA,NA,NA,NA,NA,NA,NA,"A weekend storm reportedly dumped more than 4 feet of snow on the mountains around Hatcher Pass, setting up three avalanches that close the road there Saturday.  No injuries or property damage was reported, however three people from the Hatcher Pass Lodge got stuck when they tried to leave Saturday.  They were taken out by snowmachine.",PDS
200203,31,1030,200203,31,1035,1132368,5285189,COLORADO,8,2002,March,Avalanche,Z,19,SOUTHWESTERN SAN JUAN MOUNTAINS,08019,GJT,31-MAR-02 10:30:00,MST,31-MAR-02 10:35:00,0,0,0,0,.5K,NA,NEWSPAPER,NA,NA,NA,NA,NA,NA,NA,NA,NA,NA,NA,NA,NA,NA,NA,NA,NA,NA,NA,NA,NA,"Two ice climbers were caught and buried waist deep in an avalanche five miles west of Silverton, at an elevation of 11,000 feet. They lost climbing equipment and other gear, but were uninjured.",NA,PDS
200203,15,1315,200203,15,1320,1132367,5285064,COLORADO,8,2002,March,Avalanche,Z,18,NORTHWESTERN SAN JUAN MOUNTAINS,08018,GJT,15-MAR-02 13:15:00,MST,15-MAR-02 13:20:00,1,0,1,0,NA,NA,NEWSPAPER,NA,NA,NA,NA,NA,NA,NA,NA,NA,NA,NA,NA,NA,NA,NA,NA,NA,NA,NA,NA,NA,"Two out-of-bounds skiers triggered a soft-slab avalanche east of the Telluride Ski Area at an elevation of 11,800 feet. The slide traveled 2200 vertical feet, killing one person and seriously injuring another. The victim was not recovered until weeks later, as debris at the bottom of the slide was estimated to be 30 feet deep and hardpacked.",NA,PDS
200204,1,900,200204,1,2100,1132382,5285387,ALASKA,2,2002,April,Avalanche,Z,101,ANCHORAGE MUNI TO BIRD CREEK,02101,AFC,01-APR-02 09:00:00,AST,01-APR-02 21:00:00,0,0,2,0,NA,NA,NEWSPAPER,NA,NA,NA,NA,NA,NA,NA,NA,NA,NA,NA,NA,NA,NA,NA,NA,NA,NA,NA,NA,NA,NA,3 men snowshoeing in the mountains adjacent to Eagle River were caught in an avalanche.  One escaped.,PDS
200203,14,1455,200203,14,1500,1132366,5285063,COLORADO,8,2002,March,Avalanche,Z,10,GORE AND ELK MOUNTAINS/CENTRAL MOUNTAIN VALLEYS,08010,GJT,14-MAR-02 14:55:00,MST,14-MAR-02 15:00:00,2,0,1,0,NA,NA,NEWSPAPER,NA,NA,NA,NA,NA,NA,NA,NA,NA,NA,NA,NA,NA,NA,NA,NA,NA,NA,NA,NA,NA,"A group of backcountry skiers triggered a large soft-slab avalanche about four miles south of Ashcroft at an elevation of 11,000 feet. The avalanche was estimated to be 600 to 800 feet across and traveled 300 to 400 vertical feet. One person was buried and killed, two others injured and two were buried, but not hurt.",NA,PDS
200204,5,1815,200204,5,1820,1132815,5289463,COLORADO,8,2002,April,Avalanche,Z,18,NORTHWESTERN SAN JUAN MOUNTAINS,08018,GJT,05-APR-02 18:15:00,MST,05-APR-02 18:20:00,0,0,0,0,NA,NA,NEWSPAPER,NA,NA,NA,NA,NA,NA,NA,NA,NA,NA,NA,NA,NA,NA,NA,NA,NA,NA,NA,NA,NA,An avalanche on Red Mountain Pass covered a 40 foot stretch of Highway 550 with 3 to 4 feet of snow and blocked traffic for about one hour.,NA,PDS
200203,18,1815,200203,18,1815,1132116,5286715,WASHINGTON,53,2002,March,Avalanche,Z,25,W KITTITAS/W YAKIMA/W KLICKITAT T X SW,53025,PDT,18-MAR-02 18:15:00,PST,18-MAR-02 18:15:00,0,0,0,0,NA,NA,NEWSPAPER,NA,NA,NA,NA,NA,NA,NA,NA,NA,NA,NA,NA,NA,NA,NA,NA,NA,NA,NA,NA,NA,NA,Two men caught in avalanche 10 miles west of Easton in Lost Lake area of Kittitas County.,PDS
200203,14,1455,200203,14,1500,1132365,5285062,COLORADO,8,2002,March,Avalanche,Z,10,GORE AND ELK MOUNTAINS/CENTRAL MOUNTAIN VALLEYS,08010,GJT,14-MAR-02 14:55:00,MST,14-MAR-02 15:00:00,0,0,1,0,NA,NA,NEWSPAPER,NA,NA,NA,NA,NA,NA,NA,NA,NA,NA,NA,NA,NA,NA,NA,NA,NA,NA,NA,NA,NA,"A backcountry skier was killed when she triggered an avalanche on the back side of Aspen Mountain, at an elevation around 9800 feet. The four foot deep soft-slab avalanche traveled about 200 vertical feet and buried the victim under five feet of snow.",NA,PDS
200203,17,1330,200203,17,1335,1132358,5284924,COLORADO,8,2002,March,Avalanche,Z,13,FLATTOP MOUNTAINS,08013,GJT,17-MAR-02 13:30:00,MST,17-MAR-02 13:35:00,0,0,1,0,NA,NA,NEWSPAPER,NA,NA,NA,NA,NA,NA,NA,NA,NA,NA,NA,NA,NA,NA,NA,NA,NA,NA,NA,NA,NA,"Snowmobilers triggered a medium-sized soft-slab avalanche on Pagoda Peak, 36 miles southwest of Steamboat Springs in northeast Rio Blanco County.  The slide buried and killed one man under 3 feet of snow while still on his snowmobile and partly buried another person. The slide was 300 to 400 feet wide and traveled 400 vertical feet.",NA,PDS
200202,1,1500,200202,1,1500,1131136,5283800,COLORADO,8,2002,February,Avalanche,Z,10,GORE AND ELK MOUNTAINS/CENTRAL MOUNTAIN VALLEYS,08010,GJT,01-FEB-02 15:00:00,MST,01-FEB-02 15:00:00,0,0,1,0,NA,NA,NEWSPAPER,NA,NA,NA,NA,NA,NA,NA,NA,NA,NA,NA,NA,NA,NA,NA,NA,NA,NA,NA,NA,NA,"A skier at Aspen Highlands Ski Area slid off the trail beyond the ski area boundary rope.  The skier landed in an area of ""loose snow"" and triggered an avalanche.  The avalanche was 4 to 6 feet wide and traveled 130 feet downslope.  The skier was buried under 18 inches of snow and was not discovered in time to be revived.",NA,PDS
200202,6,1600,200202,6,1600,1131137,5283801,COLORADO,8,2002,February,Avalanche,Z,12,WEST ELK AND SAWATCH MOUNTAINS,08012,GJT,06-FEB-02 16:00:00,MST,06-FEB-02 16:00:00,0,0,1,0,NA,NA,NEWSPAPER,NA,NA,NA,NA,NA,NA,NA,NA,NA,NA,NA,NA,NA,NA,NA,NA,NA,NA,NA,NA,NA,"A backcountry skier was traversing a ridge at the 12,000 foot level on the south side of Crystal Peak and triggered a hard slab avalanche which was 150 feet wide and ran 300 vertical feet.  The skier was found buried under 4 feet of snow.",NA,PDS
200203,22,1430,200203,22,1500,1131483,5281706,IDAHO,16,2002,March,Avalanche,Z,19,UPPER SNAKE HIGHLANDS,16019,PIH,22-MAR-02 14:30:00,MST,22-MAR-02 15:00:00,0,0,1,0,NA,NA,NEWSPAPER,NA,NA,NA,NA,NA,NA,NA,NA,NA,NA,NA,NA,NA,NA,NA,NA,NA,NA,NA,NA,NA,An avalanche killed a snowmobiler east of Bald Peak on Targhee Pass in Fremont County.  The avalanche was 200 yards wide and traveled 250 yards.  The individual was buried under 25 feet of snow and was unable to be rescued .,NA,PDS
200203,12,1500,200203,12,1530,1131484,5281707,IDAHO,16,2002,March,Avalanche,Z,19,UPPER SNAKE HIGHLANDS,16019,PIH,12-MAR-02 15:00:00,MST,12-MAR-02 15:30:00,0,0,1,0,NA,NA,NWS EMPLOYEE(OFF DUTY),NA,NA,NA,NA,NA,NA,NA,NA,NA,NA,NA,NA,NA,NA,NA,NA,NA,NA,NA,NA,NA,A 16 year old snowmobiler was killed in an avalanche in the Big Hole Mountains near Victor.  An overhang broke free and swept him into a stand of trees.,NA,PDS
200201,7,1200,200201,7,1300,2151792,5324152,UTAH,49,2002,January,Avalanche,Z,8,W SUMMIT T NW/SE SALT LAKE/WASATCH X SC/E UTAH/P X E JUAB/X NW SAN PETE,49008,SLC,07-JAN-02 12:00:00,MST,07-JAN-02 13:00:00,0,0,0,0,0,0,PARK/FOREST SERVICE,NA,NA,NA,NA,NA,NA,NA,NA,NA,NA,NA,NA,NA,NA,NA,NA,NA,NA,NA,NA,NA,NA,"Avalanches closed the roads in Big Cottonwood and American Fork Canyons. The slide in Big Cottonwood Canyon covered the road with debris up to 10 feet deep. In American Fork Canyon, multiple slides covered the road up to 5 feet deep, closing the road for several days.",PDS
200302,15,1730,200302,15,1730,2151965,5327978,UTAH,49,2003,February,Avalanche,Z,8,W SUMMIT T NW/SE SALT LAKE/WASATCH X SC/E UTAH/P X E JUAB/X NW SAN PETE,49008,SLC,15-FEB-03 17:30:00,MST,15-FEB-03 17:30:00,0,0,1,0,0,0,FIRE DEPT/RESCUE SQUAD,NA,NA,NA,NA,NA,NA,NA,NA,NA,NA,NA,NA,NA,NA,NA,NA,NA,NA,NA,NA,NA,NA,A backcountry skier died in an avalanche east of Salt Lake City between Millcreek and Little Cottonwood Canyon. He was with a group of 5 skiers who were not injured in the slide. The slide measured 300 feet across and was dropped 1500 vertical feet.,PDS
200312,26,1500,200312,26,1600,2152055,5327460,UTAH,49,2003,December,Avalanche,Z,8,W SUMMIT T NW/SE SALT LAKE/WASATCH X SC/E UTAH/P X E JUAB/X NW SAN PETE,49008,SLC,26-DEC-03 15:00:00,MST,26-DEC-03 16:00:00,0,0,3,0,0,0,BROADCAST MEDIA,NA,NA,NA,NA,NA,NA,NA,NA,NA,NA,NA,NA,NA,NA,NA,NA,NA,NA,NA,NA,NA,NA,"Three snowboarders were killed as a large avalanche swept down the mountain near the Aspen Grove area around Sundance. There were a total of 14 people in the path of the avalanche, but the rest of the skiers and snowboarders were only partially buried and managed to dig themselves out unscathed.",PDS
200312,12,1100,200312,12,1100,1164769,5330809,WASHINGTON,53,2003,December,Avalanche,Z,17,C&E WHATCOM/E SKAGIT/E SNOHMISH,53017,SEW,12-DEC-03 11:00:00,PST,12-DEC-03 11:00:00,2,0,1,0,NA,NA,NEWSPAPER,NA,NA,NA,NA,NA,NA,NA,NA,NA,NA,NA,NA,NA,NA,NA,NA,NA,NA,NA,NA,NA,NA,1 person died and two were injured while snowshoeing near Mount Baker ski area.,PDS
200312,13,1130,200312,13,1130,1164770,5330810,WASHINGTON,53,2003,December,Avalanche,Z,18,WEST SLOPES CENTRAL CASCADES AND PASSES,53018,SEW,13-DEC-03 11:30:00,PST,13-DEC-03 11:30:00,0,0,1,0,NA,NA,NEWSPAPER,NA,NA,NA,NA,NA,NA,NA,NA,NA,NA,NA,NA,NA,NA,NA,NA,NA,NA,NA,NA,NA,NA,"A woman died while snowshoeing north of Alpental ski area, near Snoqualmie Pass.",PDS
200302,9,1300,200302,9,1300,1146560,5339379,ALASKA,2,2003,February,Avalanche,Z,111,MATANUSKA VALLEY,02111,AFC,09-FEB-03 13:00:00,AST,09-FEB-03 13:00:00,1,0,1,0,NA,NA,NEWSPAPER,NA,NA,NA,NA,NA,NA,NA,NA,NA,NA,NA,NA,NA,NA,NA,NA,NA,NA,NA,NA,NA,NA,"Two snow-boarders were caught in an avalanche off Hatch Peak (in Hatcher Pass).  One dug out, the other was buried for 2 hours then finally dug out by rescuers who attempted, unsuccessfully, CPR.Heavy wet snow fell in the Pass during the prior week, with more than a foot since Thursday.  High winds over the weekend shifted snow loads to lee slopes, including the northeast-facing run near the Pass.  Both snow-boarders were at the base of the mountain when the avalanche let go.",PDS
200302,6,1000,200302,6,1300,1146563,5339851,ALASKA,2,2003,February,Avalanche,Z,145,SUSITNA VALLEY,02145,AFC,06-FEB-03 10:00:00,AST,06-FEB-03 13:00:00,0,0,0,0,10K,NA,NWS EMPLOYEE(OFF DUTY),NA,NA,NA,NA,NA,NA,NA,NA,NA,NA,NA,NA,NA,NA,NA,NA,NA,NA,NA,NA,NA,NA,"An avalanche shut down the Seward Highway between Anchorage and Girdwood Wednesday, causing power outages in several communities.The State DOT was doing avalanche control along the highway when the slide occurred near Bird Flat at about 11 am.  The department had the road reopened several hours later.According to Chugach Electric, the avalanche caused structural damage to an electrical line.  Power was knocked out to Girdwood, Indian, Bird and Hope.  Also, the Whittier Tunnel was closed temporarily because of the power outage.",PDS
200302,22,1130,200302,22,1300,1147612,5342413,IDAHO,16,2003,February,Avalanche,Z,1,NORTHERN PANHANDLE,16001,OTX,22-FEB-03 11:30:00,PST,22-FEB-03 13:00:00,3,0,2,0,NA,NA,NEWSPAPER,NA,NA,NA,NA,NA,NA,NA,NA,NA,NA,NA,NA,NA,NA,NA,NA,NA,NA,NA,NA,NA,NA,"After a night of new snowfall and warming daytime temperatures, two separate avalanches occurred just an hour and a half apart and within 20 miles of each other. The first event took place around 11:30 am near Keokee Lake about 10 miles northwest of Schweitzer Ski Resort.  A couple of back country skiers were caught in an avalanche, and one was buried. The second event took place around 1 pm about 5 miles east of Priest Lake. A group of snowmobilers were caught in an avalanche, and one was buried.",PDS
200303,12,655,200303,13,655,1148597,5346813,MONTANA,30,2003,March,Avalanche,Z,2,WEST GLACIER REGION,30002,MSO,12-MAR-03 06:55:00,MST,13-MAR-03 06:55:00,0,0,0,0,NA,NA,PARK/FOREST SERVICE,NA,NA,NA,NA,NA,NA,NA,NA,NA,NA,NA,NA,NA,NA,NA,NA,NA,NA,NA,NA,NA,"Heavy snow and cold temperatures from the week before, followed by temperatures in the 50s and gusty southwest winds lead to a large avalanche along Highway 2 between Essex and Marias Pass. The main slide occurred north of Silver Stair Falls snapping a highway guardrail and blocking both lanes of traffic. An automobile reportedly ran into the snow slide, but no injuries or property damage were reported. The Montana DOT closed the highway for two days due to the high potential for additional avalanches.",NA,PDS
200303,9,0,200303,9,0,1148340,5345594,MONTANA,30,2003,March,Avalanche,Z,40,PARK,30040,BYZ,09-MAR-03 00:00:00,MST,09-MAR-03 00:00:00,0,0,0,0,NA,NA,PARK/FOREST SERVICE,NA,NA,NA,NA,NA,NA,NA,NA,NA,NA,NA,NA,NA,NA,NA,NA,NA,NA,NA,NA,NA,NA,"A snowmobiler was tragically killed in an avalanche on the flanks of Mount Abundance in the mountains north of Cooke City. The slide path was small, only 200 feet wide by 250 feet vertical, yet it broke 2-3 feet deep on the ice crust and facets. A rider got stuck and then two friends rode up to help him, which triggered the slide. It was triggered on a slope 30-33 degrees, but the terrain steepened above them with an average angle of 37 degrees before finally reaching into the low 40s near the windloaded ridgetop. Two people were buried, but one was able to clear snow from his face. A beacon search found the victim within 15 minutes, and even though his head was only two feet from the surface, his friends were unable to revive him.",PDS
200303,22,1300,200303,22,1305,1149158,5348974,COLORADO,8,2003,March,Avalanche,Z,19,SOUTHWESTERN SAN JUAN MOUNTAINS,08019,GJT,22-MAR-03 13:00:00,MST,22-MAR-03 13:05:00,0,0,1,0,5K,NA,DEPT OF HIGHWAYS,NA,NA,NA,NA,NA,NA,NA,NA,NA,NA,NA,NA,NA,NA,NA,NA,NA,NA,NA,NA,NA,"Nine people were driving snowmobiles just below the 12,000 foot level in the La Plata Mountains when one of the snowmobiles got stuck at a location behind the others.  Another snowmobiler who came back to help triggered the avalanche which came down from a higher elevation of the mountain and engulfed the stuck snowmobiler.  The victim was not recovered in time to be revived.  The location of the avalanche was about 14 miles south of Rico on Burro Mountain.  The avalanche was 700 feet wide and fell 800 vertical feet.",NA,PDS
200303,23,1400,200303,23,1405,1149159,5348975,COLORADO,8,2003,March,Avalanche,Z,18,NORTHWESTERN SAN JUAN MOUNTAINS,08018,GJT,23-MAR-03 14:00:00,MST,23-MAR-03 14:05:00,1,0,0,0,NA,NA,DEPT OF HIGHWAYS,NA,NA,NA,NA,NA,NA,NA,NA,NA,NA,NA,NA,NA,NA,NA,NA,NA,NA,NA,NA,NA,"A back country skier at the 12,600 foot level just east of the Telluride Ski Area was hit by an avalanche, swept over a cliff, and fell about 800 feet.  The skier miraculously survived the ordeal and was rescued by a helicopter.",NA,PDS
200412,11,1600,200412,11,1700,1183517,5431619,UTAH,49,2004,December,Avalanche,Z,8,W SUMMIT T NW/SE SALT LAKE/WASATCH X SC/E UTAH/P X E JUAB/X NW SAN PETE,49008,SLC,11-DEC-04 16:00:00,MST,11-DEC-04 17:00:00,0,0,1,0,NA,NA,PARK/FOREST SERVICE,NA,NA,NA,NA,NA,NA,NA,NA,NA,NA,NA,NA,NA,NA,NA,NA,NA,NA,NA,NA,NA,"Several days of heavy wet snow combined with strong winds to produce extreme avalanche conditions in the Wasatch Mountains. 4 people lost their lives in avalanches during this two day period. One skier was killed when an avalanche he triggered in the Wasatch backcountry buried him in 2 to 3 feet of snow. A snowmobiler lost his life when he became stuck and was trying to dig his way out when a slab of snow above him cut loose and came down on top of him. The following day, two snowshoers perished when a large avalanche suddenly overtook them. One of the victims was buried in 9 feet of snow.",NA,PDS
200412,11,1600,200412,11,1700,1183517,5431620,UTAH,49,2004,December,Avalanche,Z,8,W SUMMIT T NW/SE SALT LAKE/WASATCH X SC/E UTAH/P X E JUAB/X NW SAN PETE,49008,SLC,11-DEC-04 16:00:00,MST,11-DEC-04 17:00:00,0,0,1,0,NA,NA,PARK/FOREST SERVICE,NA,NA,NA,NA,NA,NA,NA,NA,NA,NA,NA,NA,NA,NA,NA,NA,NA,NA,NA,NA,NA,"Several days of heavy wet snow combined with strong winds to produce extreme avalanche conditions in the Wasatch Mountains. 4 people lost their lives in avalanches during this two day period. One skier was killed when an avalanche he triggered in the Wasatch backcountry buried him in 2 to 3 feet of snow. A snowmobiler lost his life when he became stuck and was trying to dig his way out when a slab of snow above him cut loose and came down on top of him. The following day, two snowshoers perished when a large avalanche suddenly overtook them. One of the victims was buried in 9 feet of snow.",NA,PDS
200401,28,800,200401,29,800,1165425,5380349,MONTANA,30,2004,January,Avalanche,Z,2,WEST GLACIER REGION,30002,MSO,28-JAN-04 08:00:00,MST,29-JAN-04 08:00:00,0,0,0,0,NA,NA,PARK/FOREST SERVICE,NA,NA,NA,NA,NA,NA,NA,NA,NA,NA,NA,NA,NA,NA,NA,NA,NA,NA,NA,NA,NA,"Heavy snowfall continued along and near the Continental Divide as an arctic frontal boundary remained stationary over the area. 24 hour storm total snowfall reports were 6 inches at Seeley Lake, 15 inches at West Glacier, 16 inches at Marias Pass and 42 inches at Noisy Basin. The arctic frontal boundary that moved through the region on January 26th, loaded the area with up to five feet of heavy wet snow by January 28th. Wide temperature fluctuations made for an unstable snowpack in the West Glacier Region to produce eight avalanches from Essex to Marias Pass, two of which hit an east bound freight train near Essex.  These two avalanches knocked 15 cars off the rails, closing the tracks used by Amtrak's Empire Builder. U.S. 2 was closed for several days as crews tried to clear the snow from the tracks and highway, and avalanche danger continued to be high.",NA,PDS
200412,10,1300,200412,10,1330,1183517,5431617,UTAH,49,2004,December,Avalanche,Z,8,W SUMMIT T NW/SE SALT LAKE/WASATCH X SC/E UTAH/P X E JUAB/X NW SAN PETE,49008,SLC,10-DEC-04 13:00:00,MST,10-DEC-04 13:30:00,0,0,1,0,NA,NA,PARK/FOREST SERVICE,NA,NA,NA,NA,NA,NA,NA,NA,NA,NA,NA,NA,NA,NA,NA,NA,NA,NA,NA,NA,NA,"Several days of heavy wet snow combined with strong winds to produce extreme avalanche conditions in the Wasatch Mountains. 4 people lost their lives in avalanches during this two day period. One skier was killed when an avalanche he triggered in the Wasatch backcountry buried him in 2 to 3 feet of snow. A snowmobiler lost his life when he became stuck and was trying to dig his way out when a slab of snow above him cut loose and came down on top of him. The following day, two snowshoers perished when a large avalanche suddenly overtook them. One of the victims was buried in 9 feet of snow.",NA,PDS
200412,11,1130,200412,11,1200,1183517,5431618,UTAH,49,2004,December,Avalanche,Z,8,W SUMMIT T NW/SE SALT LAKE/WASATCH X SC/E UTAH/P X E JUAB/X NW SAN PETE,49008,SLC,11-DEC-04 11:30:00,MST,11-DEC-04 12:00:00,0,0,1,0,NA,NA,PARK/FOREST SERVICE,NA,NA,NA,NA,NA,NA,NA,NA,NA,NA,NA,NA,NA,NA,NA,NA,NA,NA,NA,NA,NA,"Several days of heavy wet snow combined with strong winds to produce extreme avalanche conditions in the Wasatch Mountains. 4 people lost their lives in avalanches during this two day period. One skier was killed when an avalanche he triggered in the Wasatch backcountry buried him in 2 to 3 feet of snow. A snowmobiler lost his life when he became stuck and was trying to dig his way out when a slab of snow above him cut loose and came down on top of him. The following day, two snowshoers perished when a large avalanche suddenly overtook them. One of the victims was buried in 9 feet of snow.",NA,PDS
200412,23,1400,200412,23,1415,1183026,5432509,ALASKA,2,2004,December,Avalanche,Z,225,DENALI,02225,AFG,23-DEC-04 14:00:00,AST,23-DEC-04 14:15:00,0,0,0,0,NA,NA,DEPT OF HIGHWAYS,NA,NA,NA,NA,NA,NA,NA,NA,NA,NA,NA,NA,NA,NA,NA,NA,NA,NA,NA,NA,NA,"A low pressure center in Bristol Bay on the morning of the 22nd moved north into the interior near Fairbanks that evening.  The low then moved northeast and dissipated by 9pm on the 23rd, but high pressure which had resided over eastern Russia moved east over western Alaska and into the Interior on the 23rd.  On the 22nd, a weather front associated with the low brought strong winds and local blizzards to the Alaska Range, and the low itself created strong winds and blizzards over Cape Romanzof on the west coast. Heavy snows were generated over the western and northern interior, and in the Alaska Range.  Ahead of the front over the interior southeast of Fairbanks, freezing rain fell over zone 226 and parts of zone 224. Winter Storm/Avalanche:Zone 225 - Parks Highway mile 218 near Panorama Peak, just north of Cantwell and south of Denali National Park. Unofficial reports noted that the avalanche covered the highway for up to a quarter of a mile to a depth of 16 feet. The highway was closed for nearly 2 days. There were no deaths or injuries from this avalanche, though one truck with an empty propane trailer encountered the edge of the moving snow mass.  Snow fall amounts in the area of the avalanche were reported to be 12-16 inches by the D.O.T.  At the Denali Park Co-operative observing station, 7.5 inches of snow was recorded by 0800AST on the 23rd, with snow beginning around 0800 on the 22nd.  The avalanche knocked out power to the community of Cantwell for 6 to 8 hours on the 23rd, and in the Denali Park Entrance on the 23rd and into the 24th. The Parks Highway was closed at Panorama Peak most of the 23rd and the 24th. Land transportation of mail and goods was halted between Fairbanks and Anchorage, as the Richardson Highway from Delta Junction through Isabel Pass was noted to have treacherous driving conditions from the sleet, freezing rain, and blowing snow.  Blizzard conditions followed the heavy snowfall as north winds developed due to the high pressure over western Alaska moving into the interior.  This hampered quick removal of the snow on the Parks Highway.Zone 226 - The Richardson Highway between Delta Junction and Paxson was closed on the 23rd and not reopened until the 26th due to large snow drifts from blowing snow. An avalanche occurred during this time at some point on the Richardson highway (inferred from a State of AK D.O.T. report on the 27th), though no injuries or damage occurred.Freezing Rain was reported:Zone 224 - 0.5 inches by the Tok Maintenance Station of the Alaska D.O.T, a combination of freezing rain, sleet, and snow.  The Alaska Highway was closed for a period of time.  Freezing Rain was reported by the D.O.T. in zone 226 along the Richardson Highway at Donnelly Dome, and along the Tok Cutoff, although amounts are unknown. Blizzard conditions reported:Zone 214 - likely at Cape Romanzof AWOS.Zone 220 - The Steese Highway at Eagle Summit and 12 Mile Summit were reported closed on the afternoon and evening of the 23rd due to strong winds and poor visibility in blowing snow. Zone 226 - Alaska State D.O.T. reported low visibility in blowing snow in the pass on the morning of the 23rd, and closed the section in this zone due to high winds and poor visibility, and unknown, but reported, amounts of freezing rain and sleet.High winds reported:Zone 214 - Cape Romanzof AWOS gust 56 knots (64 mph)Zone 225: Amateur Radio operator noted winds of 55 knots (63 mph) at Otto Lake.Zone 226: State of Alaska D.O.T. Trims Camp 55 knots (63 mph). Fort Greeley MesoNet: Texas Condo 54 knots (62 mph). Winter Storm Conditions reported at:Zone 218: State of Alaska D.O.T. reported heavy snow, high winds, and poor visibility the morning of the 23rd. Chandalar State of Alaska D.O.T. camp reported 8.0 inches ending 0600 AST 23rd; snow began approximately 0600 AST 22nd. Wiseman Co-operative Observer reported 10.0 inches ending 2100 AST 22nd. Snow began approximately 0100 AST 22nd.Zone 219 - Jim River State of Alaska D.O.T. camp reported 7.0 inches at 0900 am on the 22nd, and another 8.1 inches ending on 0600 AST 23rd. Snow began approximately 0300 AST 22nd. Also reported by the D.O.T. were high winds, poor visibility in blowing snow from Milepost 90 to 112. Heavy Snow reported at:Zone 216 - Galena Co-operative Observer: Total of 8.0 inches through 1700 AST on the 22nd. Snow began around 0800 AST on the 22nd.",NA,PDS
200402,28,1800,200402,28,1800,1165370,5381577,ALASKA,2,2004,February,Avalanche,Z,125,WRN P.W. SND & KENAI MTNS,02125,AFC,28-FEB-04 18:00:00,AST,28-FEB-04 18:00:00,0,0,1,0,NA,NA,BROADCAST MEDIA,NA,NA,NA,NA,NA,NA,NA,NA,NA,NA,NA,NA,NA,NA,NA,NA,NA,NA,NA,NA,NA,"Two hiking companions were hiking up in the area of Byron Glacier, in Portage Valley. They began hiking Saturday morning, February 28th, and were up on top of the ridge above Byron Glacier by the late afternoon. The snow cornice they were traversing gave way with one of the hikers on it at about 6 p.m. The hiker plunged nearly 4000 feet vertically and died. Alaska Mountain Rescue and the Alaska State Troopers recovered the body Sunday afternoon, February 29th.",NA,PDS
200401,2,100,200401,2,200,1165852,5382960,IDAHO,16,2004,January,Avalanche,Z,28,CAMAS PRAIRIE,16028,BOI,02-JAN-04 01:00:00,MST,02-JAN-04 02:00:00,2,0,2,0,NA,NA,NEWSPAPER,NA,NA,NA,NA,NA,NA,NA,NA,NA,NA,NA,NA,NA,NA,NA,NA,NA,NA,NA,NA,NA,"The Avalanche  was located about  10 miles north of Fairfield and 1 mile south of the Soldier Mountain Ski Resort. The snow slide was 500 to 700 feet long. Snow from the Avalanche destroyed a two story cabin, filling the first floor with snow, and  killing  two occupants who were asleep.  Five other occupants on the second floor of the cabin escaped without major injuries.",NA,PDS
200404,10,1415,200404,10,1430,1166872,5387273,ALASKA,2,2004,April,Avalanche,Z,226,NE. SLOPES OF THE ERN AK RNG,02226,AFG,10-APR-04 14:15:00,AST,10-APR-04 14:30:00,0,0,1,0,NA,NA,NEWSPAPER,NA,NA,NA,NA,NA,NA,NA,NA,NA,NA,NA,NA,NA,NA,NA,NA,NA,NA,NA,NA,NA,"An avalanche occurred in the Gun Creek canyon, during the annual Arctic Man Ski-N-Sno-go Classic held at Summit Lake. A 24 year old man was trying to free his snowmobile stuck near the bottom of the canyon. Two other traveling companions each left their snowmobiles and walked toward the man to assist him.  The avalanche then started several hundred feet up the slope, and the three men ran to safety.  Overtaken by the snow, one man managed to stay on the surface of the moving snow, and his son became buried but quickly dug himself out. The third man, whose snowmobile had been stuck, was buried and perished.",NA,PDS
200402,28,1645,200402,28,1715,1166043,5385225,IDAHO,16,2004,February,Avalanche,Z,31,BIG AND LITTLE WOOD RIVER REGION,16031,PIH,28-FEB-04 16:45:00,MST,28-FEB-04 17:15:00,0,0,1,0,NA,NA,GOVT OFFICIAL,NA,NA,NA,NA,NA,NA,NA,NA,NA,NA,NA,NA,NA,NA,NA,NA,NA,NA,NA,NA,NA,Avalanche just north of Ketchum buried and killed a snowmobiler.  Determined he died from force of avalanche and injuries suffered rather than asphyxiation.,NA,PDS
200402,21,1745,200402,21,1815,1167360,5389300,COLORADO,8,2004,February,Avalanche,Z,18,NORTHWESTERN SAN JUAN MOUNTAINS,08018,GJT,21-FEB-04 17:45:00,MST,21-FEB-04 18:15:00,1,0,0,0,NA,NA,GOVT OFFICIAL,NA,NA,NA,NA,NA,NA,NA,NA,NA,NA,NA,NA,NA,NA,NA,NA,NA,NA,NA,NA,NA,"Four ice climbers were rappelling in a popular climbing area at about 10,200 feet elevation about 9 miles north of Silverton, Colorado. An avalanche swept one of the climbers about 200 feet down the incline before he came to rest in a gully. He suffered a fractured leg, but was able to hop on one leg out of the gully before 2 more avalanches occurred and buried his backpack in the gully.",NA,PDS
200402,4,1755,200402,4,1755,1166677,5388070,COLORADO,8,2004,February,Avalanche,Z,9,GRAND AND BATTLEMENT MESAS,08009,GJT,04-FEB-04 17:55:00,MST,04-FEB-04 17:55:00,0,0,0,0,5K,NA,DEPT OF HIGHWAYS,NA,NA,NA,NA,NA,NA,NA,NA,NA,NA,NA,NA,NA,NA,NA,NA,NA,NA,NA,NA,NA,An avalanche swept across Highway 65 at mile marker 36 on the Grand Mesa. One vehicle was buried and the road was closed in both directions until the next day.,NA,PDS
200402,22,300,200402,22,300,1166678,5388071,COLORADO,8,2004,February,Avalanche,Z,18,NORTHWESTERN SAN JUAN MOUNTAINS,08018,GJT,22-FEB-04 03:00:00,MST,22-FEB-04 03:00:00,0,0,0,0,NA,NA,DEPT OF HIGHWAYS,NA,NA,NA,NA,NA,NA,NA,NA,NA,NA,NA,NA,NA,NA,NA,NA,NA,NA,NA,NA,NA,An avalanche closed Highway 550 at Red Mountain Pass for several hours.,NA,PDS
200402,22,300,200402,22,300,1166678,5388072,COLORADO,8,2004,February,Avalanche,Z,19,SOUTHWESTERN SAN JUAN MOUNTAINS,08019,GJT,22-FEB-04 03:00:00,MST,22-FEB-04 03:00:00,0,0,0,0,NA,NA,DEPT OF HIGHWAYS,NA,NA,NA,NA,NA,NA,NA,NA,NA,NA,NA,NA,NA,NA,NA,NA,NA,NA,NA,NA,NA,An avalanche closed Highway 550 at Red Mountain Pass for several hours.,NA,PDS
200402,29,1200,200402,29,1200,1166679,5388073,COLORADO,8,2004,February,Avalanche,Z,18,NORTHWESTERN SAN JUAN MOUNTAINS,08018,GJT,29-FEB-04 12:00:00,MST,29-FEB-04 12:00:00,0,0,0,0,NA,NA,DEPT OF HIGHWAYS,NA,NA,NA,NA,NA,NA,NA,NA,NA,NA,NA,NA,NA,NA,NA,NA,NA,NA,NA,NA,NA,Highway 550 was closed for an extended period of time due to natural avalanches from heavy snowfall. Portions of the highway were buried up to 10 feet deep in compacted snow.,NA,PDS
200402,29,1930,200402,29,1930,1166680,5388075,COLORADO,8,2004,February,Avalanche,Z,18,NORTHWESTERN SAN JUAN MOUNTAINS,08018,GJT,29-FEB-04 19:30:00,MST,29-FEB-04 19:30:00,0,0,0,0,NA,NA,DEPT OF HIGHWAYS,NA,NA,NA,NA,NA,NA,NA,NA,NA,NA,NA,NA,NA,NA,NA,NA,NA,NA,NA,NA,NA,"Heavy snow resulted in several avalanches in the Ophir and Telluride areas in the northwestern San Juan Mountains. An avalanche which occurred in the Spring Creek area over Ophir downed a 115 kilovolt power line which served as the main conduit of electricity to area towns. The main access road to the town of Ophir was impassable due to avalanche debris, penning residents in the town. Many homes and businesses were without power for an extended period of time. Electricity to Mountain Village and Telluride Ski Resort was disrupted, leaving ski lifts and gondolas inoperable for several hours. The town of Telluride was also without electricity for a period of time.",NA,PDS
200403,3,2257,200403,3,2257,1168733,5393400,CALIFORNIA,6,2004,March,Avalanche,Z,55,P SW SAN BERNARDINO,06055,SGX,03-MAR-04 22:57:00,PST,03-MAR-04 22:57:00,0,0,0,0,10K,NA,LAW ENFORCEMENT,NA,NA,NA,NA,NA,NA,NA,NA,NA,NA,NA,NA,NA,NA,NA,NA,NA,NA,NA,NA,NA,"Another Winter Storm brought heavy rain to Southern California. Mudslides and flash flooding occured in the burned aras of north and east San Diego County. Minor flooding occurred in Riverside County. In San Bernardino County, a rock slide blocked State Route 18 about 7 miles northeast of Big Bear City. Thunderstorms also caused some lightning and hail damage.",NA,PDS
200403,2,1648,200403,2,1716,1168733,5393397,CALIFORNIA,6,2004,March,Avalanche,Z,50,SAN DIEGO COUNTY VALLEYS,06050,SGX,02-MAR-04 16:48:00,PST,02-MAR-04 17:16:00,0,0,0,0,75K,NA,LAW ENFORCEMENT,NA,NA,NA,NA,NA,NA,NA,NA,NA,NA,NA,NA,NA,NA,NA,NA,NA,NA,NA,NA,NA,"Another Winter Storm brought heavy rain to Southern California. Mudslides and flash flooding occured in the burned aras of north and east San Diego County. Minor flooding occurred in Riverside County. In San Bernardino County, a rock slide blocked State Route 18 about 7 miles northeast of Big Bear City. Thunderstorms also caused some lightning and hail damage.",NA,PDS
200404,9,1459,200404,9,1501,1167860,5391301,COLORADO,8,2004,April,Avalanche,Z,60,EASTERN SAWATCH MOUNTAINS ABOVE 11000 FT,08060,PUB,09-APR-04 14:59:00,MST,09-APR-04 15:01:00,0,0,1,0,NA,NA,NEWSPAPER,NA,NA,NA,NA,NA,NA,NA,NA,NA,NA,NA,NA,NA,NA,NA,NA,NA,NA,NA,NA,NA,"An avalanche took the life of a 24-year old man from California, on Mt. Huron in Chaffee county, which is 19 miles west-northwest of Buena Vista.  Three men triggered the avalanche while snowshoeing and skiing.  The avalanche was approximately 1500 feet long and 1500 feet wide.  The man was buried under about six feet of snow, while his companions were able to get out of the way of the quickly advancing snow.",NA,PDS
200403,10,1000,200403,10,1000,1167108,5390129,IDAHO,16,2004,March,Avalanche,Z,1,BOUNDARY/BONNER/ X NW KOOTENAI,16001,OTX,10-MAR-04 10:00:00,PST,10-MAR-04 10:00:00,0,0,1,0,NA,NA,NEWSPAPER,NA,NA,NA,NA,NA,NA,NA,NA,NA,NA,NA,NA,NA,NA,NA,NA,NA,NA,NA,NA,NA,"A snowmobiler was killed (indirect) by an avalanche near Bonners Ferry. He was ""highmarking"" on a 50 degree slope.",NA,PDS
200403,20,1430,200403,20,1430,1167143,5388760,COLORADO,8,2004,March,Avalanche,Z,60,EASTERN SAWATCH MOUNTAINS ABOVE 11000 FT,08060,PUB,20-MAR-04 14:30:00,MST,20-MAR-04 14:30:00,1,0,1,0,NA,NA,NWS EMPLOYEE(OFF DUTY),NA,NA,NA,NA,NA,NA,NA,NA,NA,NA,NA,NA,NA,NA,NA,NA,NA,NA,NA,NA,NA,NA,"Three snowshoers were involved in an avalanche, initiated by them, on La Plata Peak, about 11 miles west of Granite in northwest Chaffee county.  A 22-year old Colorado Springs man died in the avalanche, which was a couple hundred feet wide and around 1600 feet long.  He was buried in about 6 feet of snow, and his body was recovered the following day around 11:45 a.m.  A companion was treated for injuries at a local hospital.",PDS
200402,29,1200,200402,29,1200,1166679,5388074,COLORADO,8,2004,February,Avalanche,Z,19,SOUTHWESTERN SAN JUAN MOUNTAINS,08019,GJT,29-FEB-04 12:00:00,MST,29-FEB-04 12:00:00,0,0,0,0,NA,NA,DEPT OF HIGHWAYS,NA,NA,NA,NA,NA,NA,NA,NA,NA,NA,NA,NA,NA,NA,NA,NA,NA,NA,NA,NA,NA,Highway 550 was closed for an extended period of time due to natural avalanches from heavy snowfall. Portions of the highway were buried up to 10 feet deep in compacted snow.,NA,PDS
200410,23,1100,200410,23,1102,1181134,5424809,COLORADO,8,2004,October,Avalanche,Z,12,WEST ELK AND SAWATCH MOUNTAINS,08012,GJT,23-OCT-04 11:00:00,MST,23-OCT-04 11:02:00,1,0,0,0,NA,NA,OTHER FEDERAL AGENCY,NA,NA,NA,NA,NA,NA,NA,NA,NA,NA,NA,NA,NA,NA,NA,NA,NA,NA,NA,NA,NA,"The victim triggered the avalanche while traversing a gully near the south fork of Cement Creek during a backcountry ski outing. This area is known as the Colorado Basin or Velocity Basin area.  The victim heard a whomph and then he took a long, scary ride over rocks as he was swept down the slope. The victim was partially buried under 3 feet of snow, sustained spinal trauma and required hospital care.",NA,PDS
200411,21,1100,200411,21,1105,1182200,5425638,COLORADO,8,2004,November,Avalanche,Z,18,NORTHWESTERN SAN JUAN MOUNTAINS,08018,GJT,21-NOV-04 11:00:00,MST,21-NOV-04 11:05:00,1,0,0,0,NA,NA,GOVT OFFICIAL,NA,NA,NA,NA,NA,NA,NA,NA,NA,NA,NA,NA,NA,NA,NA,NA,NA,NA,NA,NA,NA,"Three ice-climbers (all in their early 20's) were hit by an avalanche in First Gully near Eureka. The lead climber was knocked off their route and fell about 200 feet to the ground. He was buried under about 6 inches of debris.  The avalanche hit the other two climbers, partially burying one to his waist in a sitting position. Two of the climbers were able to contact search and rescue for assistance in recovering the injured climber. During rescue operations, it was determined that the lead climber's back was broken.",NA,PDS
200501,6,1800,200501,12,500,1184311,5436062,COLORADO,8,2005,January,Avalanche,Z,19,SOUTHWESTERN SAN JUAN MOUNTAINS,08019,GJT,06-JAN-05 18:00:00,MST,12-JAN-05 05:00:00,0,0,0,0,NA,NA,GOVT OFFICIAL,NA,NA,NA,NA,NA,NA,NA,NA,NA,NA,NA,NA,NA,NA,NA,NA,NA,NA,NA,NA,NA,"A prolonged period of moderate to heavy snow and strong winds resulted in one of the most widespread natural avalanche cycles in decades. The snow started Friday night 1/7, and effectively cleared out Wednesday morning, 1/12. Many avalanche paths ran full track, taking out mature timber, and several slides came out that haven't affected area roads in years. Avalanches caused closures of Red Mountain, Molas and Coal Bank Passes among other road closures. The spree of avalanches closed Red Mountain Pass for nearly a week before plow drivers broke through the last 30 feet to 40 feet of snow covering the road. One slide struck a Front Range Wireless/Verizon Cell building that had been built on the top of Coal Bank Pass in the fall of 2004. The building was completely destroyed and buried by at least 6 feet of debris.",NA,PDS
200501,4,200,200501,5,2100,1184312,5436063,COLORADO,8,2005,January,Avalanche,Z,18,NORTHWESTERN SAN JUAN MOUNTAINS,08018,GJT,04-JAN-05 02:00:00,MST,05-JAN-05 21:00:00,0,0,0,0,NA,NA,GOVT OFFICIAL,NA,NA,NA,NA,NA,NA,NA,NA,NA,NA,NA,NA,NA,NA,NA,NA,NA,NA,NA,NA,NA,"A series of natural avalanches occurred along Highway 550 near Red Mountain Pass, resulting in closure of the highway. One of the slides covered both lanes of the highway and deposited at least 8 feet of snow on the centerline of the road. As much as 220 feet of the highway was covered by natural avalanches during the period.",NA,PDS
200501,12,1330,200501,12,1330,1183877,5435141,WASHINGTON,53,2005,January,Avalanche,Z,18,E KING/E PIERCE/E LEWIS,53018,SEW,12-JAN-05 13:30:00,PST,12-JAN-05 13:30:00,1,0,1,0,NA,NA,NEWSPAPER,NA,NA,NA,NA,NA,NA,NA,NA,NA,NA,NA,NA,NA,NA,NA,NA,NA,NA,NA,NA,NA,NA,One man died and another was injured after being buried in a small avalanche at Snoqualmie Pass.,PDS
200501,6,1800,200501,12,500,1184311,5436061,COLORADO,8,2005,January,Avalanche,Z,18,NORTHWESTERN SAN JUAN MOUNTAINS,08018,GJT,06-JAN-05 18:00:00,MST,12-JAN-05 05:00:00,0,0,0,0,200K,NA,GOVT OFFICIAL,NA,NA,NA,NA,NA,NA,NA,NA,NA,NA,NA,NA,NA,NA,NA,NA,NA,NA,NA,NA,NA,"A prolonged period of moderate to heavy snow and strong winds resulted in one of the most widespread natural avalanche cycles in decades. The snow started Friday night 1/7, and effectively cleared out Wednesday morning, 1/12. Many avalanche paths ran full track, taking out mature timber, and several slides came out that haven't affected area roads in years. Avalanches caused closures of Red Mountain, Molas and Coal Bank Passes among other road closures. The spree of avalanches closed Red Mountain Pass for nearly a week before plow drivers broke through the last 30 feet to 40 feet of snow covering the road. One slide struck a Front Range Wireless/Verizon Cell building that had been built on the top of Coal Bank Pass in the fall of 2004. The building was completely destroyed and buried by at least 6 feet of debris.",NA,PDS
200501,4,200,200501,5,2100,1184312,5436064,COLORADO,8,2005,January,Avalanche,Z,19,SOUTHWESTERN SAN JUAN MOUNTAINS,08019,GJT,04-JAN-05 02:00:00,MST,05-JAN-05 21:00:00,0,0,0,0,NA,NA,GOVT OFFICIAL,NA,NA,NA,NA,NA,NA,NA,NA,NA,NA,NA,NA,NA,NA,NA,NA,NA,NA,NA,NA,NA,"A series of natural avalanches occurred along Highway 550 near Red Mountain Pass, resulting in closure of the highway. One of the slides covered both lanes of the highway and deposited at least 8 feet of snow on the centerline of the road. As much as 220 feet of the highway was covered by natural avalanches during the period.",NA,PDS
200501,3,1155,200501,3,1200,1184310,5436060,COLORADO,8,2005,January,Avalanche,Z,4,ELKHEAD AND PARK MOUNTAINS,08004,GJT,03-JAN-05 11:55:00,MST,03-JAN-05 12:00:00,0,0,1,0,NA,NA,GOVT OFFICIAL,NA,NA,NA,NA,NA,NA,NA,NA,NA,NA,NA,NA,NA,NA,NA,NA,NA,NA,NA,NA,NA,"Around lunch time the Routt County Sheriffs office was notified that a backcountry skier had been buried on Soda Mountain near Buffalo Pass. Companions quickly found their friend after 8-10 minutes but could not revive the 26-year-old skier. The group of skiers had used snowmobiles to access the backcountry.  The avalanche occurred on the southeast side of Soda Mountain, about 7.5 miles northeast of the town of Steamboat Springs and about 7.5 miles north of the Steamboat Ski Area. The avalanche occurred at 10,600 feet and ran about 200 vertical feet.",NA,PDS
200503,30,1630,200503,30,1645,1187228,5443249,UTAH,49,2005,March,Avalanche,Z,4,W UTAH T X NW/P X E JUAB,49004,SLC,30-MAR-05 16:30:00,MST,30-MAR-05 16:45:00,0,0,0,0,NA,NA,LAW ENFORCEMENT,NA,NA,NA,NA,NA,NA,NA,NA,NA,NA,NA,NA,NA,NA,NA,NA,NA,NA,NA,NA,NA,"A massive 210 foot wide avalanche traveled over 200 feet and came to rest in a residential area in Woodland HIlls in Utah County. The slide covered a lot just renovated for development, and stopped within 100 feet of a row of new homes. No injuries or property damage.",NA,PDS
200502,13,1000,200502,13,1002,1185395,5441283,COLORADO,8,2005,February,Avalanche,Z,18,NORTHWESTERN SAN JUAN MOUNTAINS,08018,GJT,13-FEB-05 10:00:00,MST,13-FEB-05 10:02:00,1,0,0,0,NA,NA,NEWSPAPER,NA,NA,NA,NA,NA,NA,NA,NA,NA,NA,NA,NA,NA,NA,NA,NA,NA,NA,NA,NA,NA,"An expert skier and backcountry enthusiast was caught in an avalanche that ripped through Nellie Bowl in the Bear Creek Basin backcountry, just south of Telluride. The skier survived the 1800 vertical feet ride straight through the Nellie Mine rock couloir. The skier sustained 2 broken vertebrae in his cervical spine. The victims two companions along with two skiers from another party witnessed the avalanche and began a beacon search of the lenghy slide path, and soon located the victim at the bottom of the slide zone, on top of the snow. The victim was airlifted to Telluride and then to Grand Junction for medical treatment.",NA,PDS
200502,8,1025,200502,8,1026,1185396,5441284,COLORADO,8,2005,February,Avalanche,Z,19,SOUTHWESTERN SAN JUAN MOUNTAINS,08019,GJT,08-FEB-05 10:25:00,MST,08-FEB-05 10:26:00,0,0,0,0,NA,NA,GOVT OFFICIAL,NA,NA,NA,NA,NA,NA,NA,NA,NA,NA,NA,NA,NA,NA,NA,NA,NA,NA,NA,NA,NA,A natural avalanche occured and ran to the centerline of Highway 550 in the Coal Bank Pass and Molas Pass area. The avalanche was 2 feet deep and 15 feet wide. Highway 550 was closed for 54 minutes while maintenance crews cleared the debris and Colorado Avalanche Information Center personnel conducted mitigation procedures.,NA,PDS
200502,8,1000,200502,8,1001,1185397,5441285,COLORADO,8,2005,February,Avalanche,Z,19,SOUTHWESTERN SAN JUAN MOUNTAINS,08019,GJT,08-FEB-05 10:00:00,MST,08-FEB-05 10:01:00,0,0,0,0,NA,NA,GOVT OFFICIAL,NA,NA,NA,NA,NA,NA,NA,NA,NA,NA,NA,NA,NA,NA,NA,NA,NA,NA,NA,NA,NA,An avalanche occurred near Lizard Head Pass and covered the inside lane of Highway 145. Highway 145 was closed for 20 minutes while road crews cleared the debris.,NA,PDS
200503,24,1645,200503,24,1745,1187225,5443237,UTAH,49,2005,March,Avalanche,Z,8,WASATCH MOUNTAINS SOUTH OF I80,49008,SLC,24-MAR-05 16:45:00,MST,24-MAR-05 17:45:00,3,0,0,0,NA,NA,BROADCAST MEDIA,NA,NA,NA,NA,NA,NA,NA,NA,NA,NA,NA,NA,NA,NA,NA,NA,NA,NA,NA,NA,NA,"Heavy Snow during the 18-26th episode proved dangerous for back country skiiers. An avalanche on March 24th near Kessler Peak in the Cottonwoods caught 3 skiiers, all of whom survived but sustained injuries and were rescued. A second avalanche near Mt. Olympus caught 3 snowshoers, all of whom suffered minor injuries.",Avalanche near Mt. Olympus caught 3 snowshoers.,PDS
200502,13,1200,200502,13,1202,1185394,5441282,UTAH,49,2005,February,Avalanche,Z,28,LA SAL & ABAJO MOUNTAINS,49028,GJT,13-FEB-05 12:00:00,MST,13-FEB-05 12:02:00,0,0,0,0,NA,NA,LAW ENFORCEMENT,NA,NA,NA,NA,NA,NA,NA,NA,NA,NA,NA,NA,NA,NA,NA,NA,NA,NA,NA,NA,NA,"A skier triggered an avalanche in the La Sal Mountains which completely buried his dog. The dog was able to self-rescue itself, unscathed. The avalanche occurred on a north aspect in the trees, and was about 80 feet wide and 70 feet long.",NA,PDS
200501,8,900,200501,8,930,1185407,5441398,UTAH,49,2005,January,Avalanche,Z,17,X NW KANE/XS XE IRON/N W WASHINGTON/NW WC GARFIELD/PIUTE/W WAYNE/SEVIER T C/X E MILLARD/S SANPETE T SC/X SE JUAB/P X NW EMERY/X E BEAVER,49017,SLC,08-JAN-05 09:00:00,MST,08-JAN-05 09:30:00,0,0,2,0,NA,NA,PARK/FOREST SERVICE,NA,NA,NA,NA,NA,NA,NA,NA,NA,NA,NA,NA,NA,NA,NA,NA,NA,NA,NA,NA,NA,"A stalled storm system just off the southern California coast was able to tap abundant tropical moisture from the central Equatorial Pacific Ocean and dump copious amounts of rain and wet snow on many portions of Utah. The relatively warm air ahead of the storm raised snow levels and rain fell on an already deep snowpack and resulted in the second costliest natural disaster in state history. An estimated $300 million in damage was reported from flooding along the Santa Clara and Virgin Rivers in Washington County. One man was killed in the flooding near Quail Creek Reservior and three people perished in avalanches. The Virgin River water level reached a 25-year high and the Santa Clara River rose above any previously recorded level. 30 homes were destroyed as the Santa Clara changed course and cut through a portion of the community. Approximately 20 more homes were significantly damaged during this record flood event. This storm system also brought heavy and wet snowfall to elevations above 8000 feet. Many avalanches occurred throughout the state following the storm. A large avalanche killed a snowboarder in Ephraim Canyon. East of Mount Pleasant, a slide took the life of a snowmobiler. Some of the higher snowfall and water equivalent totals include: Cedar Breaks 70"" and 10.70"" water, Kolob-Zion Park 60"" and 8.70, Alta 58 and 9.13, Solitude 55 and 9.71, Brian Head 51, Laketown 47 and 3.67, Snowbird 32 and 5.46, Randolph 32 and 2.18, The Canyons 31 and 3.55, Long Valley",NA,PDS
200502,19,1030,200502,19,1032,1185391,5441279,COLORADO,8,2005,February,Avalanche,Z,19,SOUTHWESTERN SAN JUAN MOUNTAINS,08019,GJT,19-FEB-05 10:30:00,MST,19-FEB-05 10:32:00,0,0,0,0,NA,NA,GOVT OFFICIAL,NA,NA,NA,NA,NA,NA,NA,NA,NA,NA,NA,NA,NA,NA,NA,NA,NA,NA,NA,NA,NA,"Heavy snow on the south side of Red Mountain Pass caused the Telescope slide path to release, covering 30 feet of Highway 550 with 2 feet of snow. Numerous man made avalanches were produced by the Colorado Avalanche Center in Silverton to mitigate the natural avalanche hazard. Highway 550 was in closed for 4 hours and 18 minutes due to the avalanches in a number of locations.",NA,PDS
200502,20,1330,200502,20,1331,1185392,5441280,COLORADO,8,2005,February,Avalanche,Z,19,SOUTHWESTERN SAN JUAN MOUNTAINS,08019,GJT,20-FEB-05 13:30:00,MST,20-FEB-05 13:31:00,0,0,0,0,NA,NA,GOVT OFFICIAL,NA,NA,NA,NA,NA,NA,NA,NA,NA,NA,NA,NA,NA,NA,NA,NA,NA,NA,NA,NA,NA,"One person of a party of three was buried in an avalanche near Red Mountain Pass. As the victim skied down a slope, the avalanche broke free and carried the victim roughly 500 feet. The victim was under the snow almost the whole time during the ride. The victim remained on his back and came to rest in a slightly sitting position with his hand covering his face. The victim could see light, so he struggled to free his hand and face and was 1/3 out of the snow by the time his companions located him.",NA,PDS
200502,13,1300,200502,13,1302,1185393,5441281,COLORADO,8,2005,February,Avalanche,Z,19,SOUTHWESTERN SAN JUAN MOUNTAINS,08019,GJT,13-FEB-05 13:00:00,MST,13-FEB-05 13:02:00,1,0,0,0,NA,NA,GOVT OFFICIAL,NA,NA,NA,NA,NA,NA,NA,NA,NA,NA,NA,NA,NA,NA,NA,NA,NA,NA,NA,NA,NA,"On Sunday afternoon a very experienced backcountry skier was caught and buried in a medium sized avalanche on Red Mountain Number 3, near Red Mountain Pass. Companions quickly found the skier under 2 feet of debris after 7 minutes of searching using transceivers. He was unconsious when found but quickly recovered and was able to return back to their cars under his own power but with some assistance. The avalanche fell 500 vertical feet and occurred on a northwest aspect at about 11,700 feet.",NA,PDS
200503,24,1515,200503,24,1615,1187225,5443236,UTAH,49,2005,March,Avalanche,Z,8,WASATCH MOUNTAINS SOUTH OF I80,49008,SLC,24-MAR-05 15:15:00,MST,24-MAR-05 16:15:00,3,0,0,0,NA,NA,BROADCAST MEDIA,NA,NA,NA,NA,NA,NA,NA,NA,NA,NA,NA,NA,NA,NA,NA,NA,NA,NA,NA,NA,NA,"Heavy Snow during the 18-26th episode proved dangerous for back country skiiers. An avalanche on March 24th near Kessler Peak in the Cottonwoods caught 3 skiiers, all of whom survived but sustained injuries and were rescued. A second avalanche near Mt. Olympus caught 3 snowshoers, all of whom suffered minor injuries.","Avalanche near Kessler Peak, Big Cottonwood Canyon caught 3 back country skiiers.",PDS
200501,1,945,200501,1,1000,1185405,5441297,UTAH,49,2005,January,Avalanche,Z,2,NE BOX ELDER T X NE/W WEBER/DAVIS,49002,SLC,01-JAN-05 09:45:00,MST,01-JAN-05 10:00:00,1,0,0,0,NA,NA,BROADCAST MEDIA,NA,NA,NA,NA,NA,NA,NA,NA,NA,NA,NA,NA,NA,NA,NA,NA,NA,NA,NA,NA,NA,"A Davis County man was caught in an avalanche in Hells Canyon near the Snowbasin Ski Resort when he and the four other people he was with triggered the slide. Preston Neiderhauser, 26, was downhill skiing in an out-of-bounds area near Snowbasin with four friends before setting off the slide. Neiderhauser escaped with cuts and bruises with no major injuries.",NA,PDS
200503,21,1000,200503,21,1030,1186385,5445471,COLORADO,8,2005,March,Avalanche,Z,18,NORTHWESTERN SAN JUAN MOUNTAINS,08018,GJT,21-MAR-05 10:00:00,MST,21-MAR-05 10:30:00,0,0,0,0,NA,NA,GENERAL PUBLIC,NA,NA,NA,NA,NA,NA,NA,NA,NA,NA,NA,NA,NA,NA,NA,NA,NA,NA,NA,NA,NA,"Three experienced backcountry skiers set out for fresh powder on the west side of Red Mountain #2. They triggered an avalanche which buried the male skier, one of the female skiers, and a dog.  The non-buried female skier found the male skier buried with his hands sticking out of the snow and assisted in extracting him from the snow.  Afterwards, the two skiers feverishly searched for their  companion using a probe and a locating beacon. After about 15 minutes they found their companion buried in the snow and performed mouth-to-mouth resuscitation while digging her out. The skier regained consciousness and the three skiers were able to return to their vehicle.  The dog did not survive.",NA,PDS
200503,6,1444,200503,6,1446,1186386,5445472,COLORADO,8,2005,March,Avalanche,Z,10,GORE AND ELK MOUNTAINS/CENTRAL MOUNTAIN VALLEYS,08010,GJT,06-MAR-05 14:44:00,MST,06-MAR-05 14:46:00,0,0,1,0,NA,NA,GOVT OFFICIAL,NA,NA,NA,NA,NA,NA,NA,NA,NA,NA,NA,NA,NA,NA,NA,NA,NA,NA,NA,NA,NA,"A 32 year old man was buried and killed in a sizable avalanche in the backcountry near the Aspen Highlands Ski Area. The man was participating in an avalanche awareness class in the Five Fingers Bowl. The victim was the third person to ski across a section of the slope when he fell and rolled which triggered the avalanche. The victim was swept nearly completely down the mountain side in a churning torrent of snow. The other skiers in the group descended the mountain and reached the debris field after 20 to 30 minutes. They pinpointed the victims transceiver signal and found him under 3 to 4 feet of snow, and performed CPR for at least an hour without success. The Pitkin County Corner's Office said the victim died from asphyxiation.",NA,PDS
200503,30,1300,200503,31,1754,1186387,5445473,COLORADO,8,2005,March,Avalanche,Z,18,NORTHWESTERN SAN JUAN MOUNTAINS,08018,GJT,30-MAR-05 13:00:00,MST,31-MAR-05 17:54:00,0,0,0,0,NA,NA,GOVT OFFICIAL,NA,NA,NA,NA,NA,NA,NA,NA,NA,NA,NA,NA,NA,NA,NA,NA,NA,NA,NA,NA,NA,Snowfall and strong winds resulted in 2 natural avalanches that covered part of Highway 550 at Red Mountain Pass. These slides initiated the temporary closure of Red Mountain Pass. Avalanche mitigation was performed and resulted in numerous other slides which covered portions of Highway 550. Red Mountain Pass was closed for about 28 hours while debris was cleared and avalanche mitigation procedures were performed. The natural avalanches covered a 90 foot stretch of Highway 550 about 3 feet deep.,NA,PDS
200503,30,1300,200503,31,1754,1186387,5445474,COLORADO,8,2005,March,Avalanche,Z,19,SOUTHWESTERN SAN JUAN MOUNTAINS,08019,GJT,30-MAR-05 13:00:00,MST,31-MAR-05 17:54:00,0,0,0,0,NA,NA,GOVT OFFICIAL,NA,NA,NA,NA,NA,NA,NA,NA,NA,NA,NA,NA,NA,NA,NA,NA,NA,NA,NA,NA,NA,Snowfall and strong winds resulted in 2 natural avalanches that covered part of Highway 550 at Red Mountain Pass. These slides initiated the temporary closure of Red Mountain Pass. Avalanche mitigation was performed and resulted in numerous other slides which covered portions of Highway 550. Red Mountain Pass was closed for about 28 hours while debris was cleared and avalanche mitigation procedures were performed. The natural avalanches covered a 90 foot stretch of Highway 550 about 3 feet deep.,NA,PDS
200503,21,1019,200503,21,1102,1186388,5445475,COLORADO,8,2005,March,Avalanche,Z,18,NORTHWESTERN SAN JUAN MOUNTAINS,08018,GJT,21-MAR-05 10:19:00,MST,21-MAR-05 11:02:00,0,0,0,0,NA,NA,GOVT OFFICIAL,NA,NA,NA,NA,NA,NA,NA,NA,NA,NA,NA,NA,NA,NA,NA,NA,NA,NA,NA,NA,NA,"An avalanche on Red Mountain Pass covered a portion of Highway 550.  At the centerline, the debris from the avalanche was 1 foot deep by 10 feet in length, causing the road to be closed for 43 minutes while debris was cleared.",NA,PDS
200503,21,1019,200503,21,1102,1186388,5445476,COLORADO,8,2005,March,Avalanche,Z,19,SOUTHWESTERN SAN JUAN MOUNTAINS,08019,GJT,21-MAR-05 10:19:00,MST,21-MAR-05 11:02:00,0,0,0,0,NA,NA,GOVT OFFICIAL,NA,NA,NA,NA,NA,NA,NA,NA,NA,NA,NA,NA,NA,NA,NA,NA,NA,NA,NA,NA,NA,"An avalanche on Red Mountain Pass covered a portion of Highway 550.  At the centerline, the debris from the avalanche was 1 foot deep by 10 feet in length, causing the road to be closed for 43 minutes while debris was cleared.",NA,PDS
200504,15,1600,200504,15,1800,1187910,5448448,COLORADO,8,2005,April,Avalanche,Z,19,SOUTHWESTERN SAN JUAN MOUNTAINS,08019,GJT,15-APR-05 16:00:00,MST,15-APR-05 18:00:00,0,0,0,0,NA,NA,NEWSPAPER,NA,NA,NA,NA,NA,NA,NA,NA,NA,NA,NA,NA,NA,NA,NA,NA,NA,NA,NA,NA,NA,Warm weather resulted in an unstable snowpack which caused a series of avalanches along Highway 550 near Molas Pass and Red Mountain Pass. The largest of the slides was 300 feet wide and 12 feet deep. The highway was closed for 4 hours near Molas Pass and 3 hours on Red Mountain Pass while debris was cleared.,NA,PDS
200504,16,1408,200504,16,1413,1187911,5448449,COLORADO,8,2005,April,Avalanche,Z,19,SOUTHWESTERN SAN JUAN MOUNTAINS,08019,GJT,16-APR-05 14:08:00,MST,16-APR-05 14:13:00,0,0,0,0,NA,NA,GOVT OFFICIAL,NA,NA,NA,NA,NA,NA,NA,NA,NA,NA,NA,NA,NA,NA,NA,NA,NA,NA,NA,NA,NA,An avalanche 120 feet wide and 3 feet deep occurred along Highway 550 near Red Mountain Pass. Highway 550 was closed for about 2 and 1/2 hours while debris was cleared.,NA,PDS
200504,28,900,200504,28,902,1187912,5448450,COLORADO,8,2005,April,Avalanche,Z,19,SOUTHWESTERN SAN JUAN MOUNTAINS,08019,GJT,28-APR-05 09:00:00,MST,28-APR-05 09:02:00,0,0,0,0,NA,NA,GENERAL PUBLIC,NA,NA,NA,NA,NA,NA,NA,NA,NA,NA,NA,NA,NA,NA,NA,NA,NA,NA,NA,NA,NA,An avalanche occurred on the east side of Grand Turk Mountain and swept one person about 100 feet down the slope. The person was able to get to the side of the slide and avoid injury before it entered a rocky slot. The avalanche was 300 feet wide and ran 800 to 900 feet.,NA,PDS
200504,1,1050,200504,1,1052,1187918,5448566,COLORADO,8,2005,April,Avalanche,Z,9,GRAND AND BATTLEMENT MESAS,08009,GJT,01-APR-05 10:50:00,MST,01-APR-05 10:52:00,0,0,1,0,NA,NA,GOVT OFFICIAL,NA,NA,NA,NA,NA,NA,NA,NA,NA,NA,NA,NA,NA,NA,NA,NA,NA,NA,NA,NA,NA,"A backcountry skier triggered an avalanche at about 10,560 feet above sea level on the Grand Mesa while ascending a slope. The skier was swept over some rocks and down into some trees. His companion notified 911 dispatch of the incident. CDOT employees and Mesa County Search and Rescue responded and found the victim about 2 hours after he was buried. The victim was not equiped with an avalanche rescue beacon and apparently died of asphyxiation.",NA,PDS
200505,22,1230,200505,22,1230,1190447,5451687,OREGON,41,2005,May,Avalanche,Z,43,CENTRAL OREGON,41043,PDT,22-MAY-05 12:30:00,PST,22-MAY-05 12:30:00,2,0,0,0,NA,NA,NEWSPAPER,NA,NA,NA,NA,NA,NA,NA,NA,NA,NA,NA,NA,NA,NA,NA,NA,NA,NA,NA,NA,NA,"An avalanche was triggered on Thayer Glacier on North Sister, or 14 miles southwest of the city of Sisters.  Two climbers were caught in the avalanche and were seriously injured.  Two blackhawk helicopters from the Oregon National Guard airlifted the injured climbers off the mountain.",NA,PDS
200502,10,300,200502,10,300,1195461,5468168,ARIZONA,4,2005,February,Avalanche,Z,15,WESTERN MOGOLLON RIM,04015,FGZ,10-FEB-05 03:00:00,MST,10-FEB-05 03:00:00,0,0,0,0,NA,NA,PARK/FOREST SERVICE,NA,NA,NA,NA,NA,NA,NA,NA,NA,NA,NA,NA,NA,NA,NA,NA,NA,NA,NA,NA,NA,NA,"A massive avalanche knocked down thousands of trees in Abineau Canyon and wiped out a 3/4 mile section of the Abineau Trail. The rare Arizona avalanche buried the trail under tons of trees, boulders and debris. Abineau Canyon is on the north side of the San Francisco Peaks within the Kachina Peaks Wilderness Area about 10 miles north of Flagstaff. The head of the canyon is over 12,000 feet above sea level and the toe of the avalanche was around 9,500 feet. Arizona Snowbowl, only 3 miles away, reported their second highest seasonal snowfall of 460 inches by the end of April.",PDS
200511,16,1200,200511,16,1202,1201656,5480671,COLORADO,8,2005,November,Avalanche,Z,18,NORTHWESTERN SAN JUAN MOUNTAINS,08018,GJT,16-NOV-05 12:00:00,MST,16-NOV-05 12:02:00,0,0,0,0,NA,NA,GOVT OFFICIAL,NA,NA,NA,NA,NA,NA,NA,NA,NA,NA,NA,NA,NA,NA,NA,NA,NA,NA,NA,NA,NA,"Two skiers climbed Trico Peak just east of Red Mountain Pass summit and triggered an avalanche. The avalanche was about 300 to 400 feet wide and ran into the basin, requiring one of the skiers to continue his run to avoid being swept away. Unfortunately, a dog that was with the skiers was buried and killed by the avalanche.",NA,PDS
200512,20,1700,200512,21,1200,1201677,5485862,COLORADO,8,2005,December,Avalanche,Z,18,NORTHWESTERN SAN JUAN MOUNTAINS,08018,GJT,20-DEC-05 17:00:00,MST,21-DEC-05 12:00:00,0,0,0,0,NA,NA,GOVT OFFICIAL,NA,NA,NA,NA,NA,NA,NA,NA,NA,NA,NA,NA,NA,NA,NA,NA,NA,NA,NA,NA,NA,"New snowfall and a period of rain resulted in a natural avalanche near Red Mountain Pass which hit Highway 550, covering the road for a distance of 30 feet with a snow depth up to 6 feet. This prompted avalanche mitigation to be performed which resulted in four man-made avalanches from the Uncompahgre Gorge to Red Mountain Pass, some of which hit portions of Highway 550. Highway 550 was closed for a total of 76 minutes while debris was cleared.",NA,PDS
200512,27,1100,200512,27,1100,1203039,5489373,WYOMING,56,2005,December,Avalanche,Z,15,WIND RIVER MOUNTAINS EAST,56015,RIW,27-DEC-05 11:00:00,MST,27-DEC-05 11:00:00,0,0,1,0,NA,NA,NEWSPAPER,NA,NA,NA,NA,NA,NA,NA,NA,NA,NA,NA,NA,NA,NA,NA,NA,NA,NA,NA,NA,NA,"An avalanche killed a 21 year-old man who was snowmobiling near Togwotee Pass.  It took Search and Rescue two days to find the man, who was buried under 12 feet of snow, due to inclement weather and additional avalanches.  A companion escaped injury because he was riding above where the snow broke free.",NA,PDS
200512,22,1230,200512,22,1230,1204961,5490157,COLORADO,8,2005,December,Avalanche,Z,34,S & SE GRAND / W CENTRAL & SW BOULDER / GILPIN / CLEAR CREEK / SUMMIT / N & W PARK COUNTIES ABOVE 9000 FEET,08034,BOU,22-DEC-05 12:30:00,MST,22-DEC-05 12:30:00,0,0,1,0,0,NA,GOVT OFFICIAL,NA,NA,NA,NA,NA,NA,NA,NA,NA,NA,NA,NA,NA,NA,NA,NA,NA,NA,NA,NA,NA,NA,"Two teenage hikers were caught in a hard slab avalanche on the east side of Kelso Mountain, about 3 miles south of Bakerville and about 1 mile east of the summit of Torreys Peak. One young man -- an 18-year-old from Colorado Springs -- was buried and killed.",PDS
200511,6,1030,200511,6,1030,1204962,5490158,COLORADO,8,2005,November,Avalanche,Z,33,S & E JACKSON / LARIMER / N & NE GRAND / NW BOULDER COUNTIES ABOVE 9000 FEET,08033,BOU,06-NOV-05 10:30:00,MST,06-NOV-05 10:30:00,0,0,1,0,NA,NA,GOVT OFFICIAL,NA,NA,NA,NA,NA,NA,NA,NA,NA,NA,NA,NA,NA,NA,NA,NA,NA,NA,NA,NA,NA,NA,"A backcountry snowboarder and his dog were buried and killed in a hard slab avalanche on the north side of Mines Peak, just northeast of the summit of Berthoud Pass.",PDS
200505,18,1300,200505,18,1300,1204964,5490277,COLORADO,8,2005,May,Avalanche,Z,34,S & SE GRAND / W CENTRAL & SW BOULDER / GILPIN / CLEAR CREEK / SUMMIT / N & W PARK COUNTIES ABOVE 9000 FEET,08034,BOU,18-MAY-05 13:00:00,MST,18-MAY-05 13:00:00,1,0,0,0,NA,NA,GOVT OFFICIAL,NA,NA,NA,NA,NA,NA,NA,NA,NA,NA,NA,NA,NA,NA,NA,NA,NA,NA,NA,NA,NA,NA,A backcountry snowboarder triggered a small slab avalanche on the north side of Buffalo Mountain. He received leg and facial injuries.,PDS
200503,27,1300,200503,27,1300,1204965,5490278,COLORADO,8,2005,March,Avalanche,Z,34,S & SE GRAND / W CENTRAL & SW BOULDER / GILPIN / CLEAR CREEK / SUMMIT / N & W PARK COUNTIES ABOVE 9000 FEET,08034,BOU,27-MAR-05 13:00:00,MST,27-MAR-05 13:00:00,2,0,0,0,NA,NA,GOVT OFFICIAL,NA,NA,NA,NA,NA,NA,NA,NA,NA,NA,NA,NA,NA,NA,NA,NA,NA,NA,NA,NA,NA,NA,"Three backcountry skiers were caught in an avalanche, 1 was partially buried, 2 were completely buried and injured.  The more seriously injured skier suffered a fractured pelvis and a large leg laceration.",PDS
200503,24,1220,200503,24,1220,1204966,5490279,COLORADO,8,2005,March,Avalanche,Z,34,S & SE GRAND / W CENTRAL & SW BOULDER / GILPIN / CLEAR CREEK / SUMMIT / N & W PARK COUNTIES ABOVE 9000 FEET,08034,BOU,24-MAR-05 12:20:00,MST,24-MAR-05 12:20:00,1,0,1,0,NA,NA,GOVT OFFICIAL,NA,NA,NA,NA,NA,NA,NA,NA,NA,NA,NA,NA,NA,NA,NA,NA,NA,NA,NA,NA,NA,NA,"Two climbers were caught in an avalanche on the south side of Quandary Peak. One man survived with only minor injuries while his friend was buried and killed. Quandry Peak is located at the south end of the Tenmile Range, the summit is about 6.5 miles SSW of Breckenridge.",PDS
200505,20,1030,200505,20,1030,1204963,5490276,COLORADO,8,2005,May,Avalanche,Z,34,S & SE GRAND / W CENTRAL & SW BOULDER / GILPIN / CLEAR CREEK / SUMMIT / N & W PARK COUNTIES ABOVE 9000 FEET,08034,BOU,20-MAY-05 10:30:00,MST,20-MAY-05 10:30:00,0,0,1,0,NA,NA,GOVT OFFICIAL,NA,NA,NA,NA,NA,NA,NA,NA,NA,NA,NA,NA,NA,NA,NA,NA,NA,NA,NA,NA,NA,NA,"A 53-year-old skier from Boulder was buried and killed in a medium-sized wet slab avalanche at Arapahoe Basin. The avalanche occurred in an area known as the First Alley, immediately below the roll on the west side of the Pallavicini Run.",PDS
200512,18,1940,200512,19,520,1201678,5485863,COLORADO,8,2005,December,Avalanche,Z,18,NORTHWESTERN SAN JUAN MOUNTAINS,08018,GJT,18-DEC-05 19:40:00,MST,19-DEC-05 05:20:00,0,0,0,0,NA,NA,GOVT OFFICIAL,NA,NA,NA,NA,NA,NA,NA,NA,NA,NA,NA,NA,NA,NA,NA,NA,NA,NA,NA,NA,NA,Natural and mitigation avalanches covered portions of Highway 550 near Red Mountain Pass and resulted in closure of the road for about one hour while debris was cleared. The slides covered portions of highway 550 with 2 to 6 feet of snow for distances of 20 to 115 feet.,NA,PDS
200512,18,1940,200512,19,520,1201678,5485864,COLORADO,8,2005,December,Avalanche,Z,19,SOUTHWESTERN SAN JUAN MOUNTAINS,08019,GJT,18-DEC-05 19:40:00,MST,19-DEC-05 05:20:00,0,0,0,0,NA,NA,GOVT OFFICIAL,NA,NA,NA,NA,NA,NA,NA,NA,NA,NA,NA,NA,NA,NA,NA,NA,NA,NA,NA,NA,NA,Natural and mitigation avalanches covered portions of Highway 550 near Red Mountain Pass and resulted in closure of the road for about one hour while debris was cleared. The slides covered portions of highway 550 with 2 to 6 feet of snow for distances of 20 to 115 feet.,NA,PDS
200602,9,1200,200602,9,1200,1203361,5487116,ALASKA,2,2006,February,Avalanche,Z,125,WRN P.W. SND & KENAI MTNS,02125,AFC,09-FEB-06 12:00:00,AST,09-FEB-06 12:00:00,0,0,0,0,NA,NA,DEPT OF HIGHWAYS,NA,NA,NA,NA,NA,NA,NA,NA,NA,NA,NA,NA,NA,NA,NA,NA,NA,NA,NA,NA,NA,"A rapid warming occurred in early February. Along with the rapidly warming conditions, strong wind and snow and rain occurred across south central Alaska. The unstable snow loading caused avalanches along the Seward Highway at mile posts 33 and 84.",NA,PDS
200601,20,900,200601,20,1300,1202410,5482488,COLORADO,8,2006,January,Avalanche,Z,19,SOUTHWESTERN SAN JUAN MOUNTAINS,08019,GJT,20-JAN-06 09:00:00,MST,20-JAN-06 13:00:00,0,0,0,0,NA,NA,GOVT OFFICIAL,NA,NA,NA,NA,NA,NA,NA,NA,NA,NA,NA,NA,NA,NA,NA,NA,NA,NA,NA,NA,NA,Fresh snowfall led to several natural avalanches in the San Juan Mountains. Debris from avalanches caused Highway 550 over Red Mountain Pass to be closed for 3 hours while the highway was cleared. Debris up to 5 feet deep over a distance of 30 feet covered the centerline of the highway in one instance.,NA,PDS
200601,26,200,200601,26,1200,1202411,5482489,COLORADO,8,2006,January,Avalanche,Z,18,NORTHWESTERN SAN JUAN MOUNTAINS,08018,GJT,26-JAN-06 02:00:00,MST,26-JAN-06 12:00:00,0,0,0,0,NA,NA,GOVT OFFICIAL,NA,NA,NA,NA,NA,NA,NA,NA,NA,NA,NA,NA,NA,NA,NA,NA,NA,NA,NA,NA,NA,"Several natural avalanches closed the highway around Red Mountain Pass at times while debris was cleared. Debris 2 to 5 feet deep covered the centerline of Highway 550 at several locations, with 140 feet of highway covered by a single slide. One of the avalanches trapped a Ouray plow driver at approximately 3:30 a.m.  MST.  This caused a full gate closure on Red Mountain Pass for about an hour while the plow and driver were in the process of being freed.",NA,PDS
200601,26,200,200601,26,1200,1202411,5482490,COLORADO,8,2006,January,Avalanche,Z,19,SOUTHWESTERN SAN JUAN MOUNTAINS,08019,GJT,26-JAN-06 02:00:00,MST,26-JAN-06 12:00:00,0,0,0,0,NA,NA,GOVT OFFICIAL,NA,NA,NA,NA,NA,NA,NA,NA,NA,NA,NA,NA,NA,NA,NA,NA,NA,NA,NA,NA,NA,"Several natural avalanches closed the highway around Red Mountain Pass at times while debris was cleared. Debris 2 to 5 feet deep covered the centerline of Highway 550 at several locations, with 140 feet of highway covered by a single slide. One of the avalanches trapped a Ouray plow driver at approximately 3:30 a.m.  MST.  This caused a full gate closure on Red Mountain Pass for about an hour while the plow and driver were in the process of being freed.",NA,PDS
200601,14,1500,200601,14,1500,1203402,5487676,MONTANA,30,2006,January,Avalanche,Z,2,WEST GLACIER REGION,30002,MSO,14-JAN-06 15:00:00,MST,14-JAN-06 15:00:00,0,0,2,0,NA,NA,LAW ENFORCEMENT,NA,NA,NA,NA,NA,NA,NA,NA,NA,NA,NA,NA,NA,NA,NA,NA,NA,NA,NA,NA,NA,"Three snowmobilers were caught in a massive avalanche at Red Meadow Lake near Olney. One person survived, while two others perished. One of the fatalities was the result of injuries sustained in the incident. The other was caused by suffocation, a result of being buried.",NA,PDS
200601,20,900,200601,20,1300,1202410,5482487,COLORADO,8,2006,January,Avalanche,Z,18,NORTHWESTERN SAN JUAN MOUNTAINS,08018,GJT,20-JAN-06 09:00:00,MST,20-JAN-06 13:00:00,0,0,0,0,NA,NA,GOVT OFFICIAL,NA,NA,NA,NA,NA,NA,NA,NA,NA,NA,NA,NA,NA,NA,NA,NA,NA,NA,NA,NA,NA,Fresh snowfall led to several natural avalanches in the San Juan Mountains. Debris from avalanches caused Highway 550 over Red Mountain Pass to be closed for 3 hours while the highway was cleared. Debris up to 5 feet deep over a distance of 30 feet covered the centerline of the highway in one instance.,NA,PDS
200602,28,1500,200602,28,1530,1203366,5487121,ALASKA,2,2006,February,Avalanche,Z,111,MATANUSKA VALLEY,02111,AFC,28-FEB-06 15:00:00,AST,28-FEB-06 15:30:00,1,0,0,0,NA,NA,BROADCAST MEDIA,NA,NA,NA,NA,NA,NA,NA,NA,NA,NA,NA,NA,NA,NA,NA,NA,NA,NA,NA,NA,NA,An avalanche in Hatcher Pass above the Mother Load Lodge killed a snow boarder Tuesday afternoon.,NA,PDS
200601,29,1600,200601,29,1700,1202412,5482581,COLORADO,8,2006,January,Avalanche,Z,18,NORTHWESTERN SAN JUAN MOUNTAINS,08018,GJT,29-JAN-06 16:00:00,MST,29-JAN-06 17:00:00,0,0,0,0,NA,NA,DEPT OF HIGHWAYS,NA,NA,NA,NA,NA,NA,NA,NA,NA,NA,NA,NA,NA,NA,NA,NA,NA,NA,NA,NA,NA,"An avalanche came down across Highway 550, covering the road with about 3 feet of debris at the centerline which resulted in the road being closed for a while.",NA,PDS
200602,5,500,200602,5,500,1203362,5487117,ALASKA,2,2006,February,Avalanche,Z,131,NERN P.W. SND,02131,AFC,05-FEB-06 05:00:00,AST,05-FEB-06 05:00:00,0,0,0,0,NA,NA,DEPT OF HIGHWAYS,NA,NA,NA,NA,NA,NA,NA,NA,NA,NA,NA,NA,NA,NA,NA,NA,NA,NA,NA,NA,NA,Rapid warming conditions and heavy snow and rain over northern Prince William Sound the first week of February. This resulted in unstable snow loading in the Chugach mountains which in turn resulted in Avalanches in Thompson Pass. The Richardson Highway was closed for nearly 12 hours while DOT crews cleared the avalanches off the highway.,NA,PDS
200601,5,1320,200601,5,1320,1203040,5489374,WYOMING,56,2006,January,Avalanche,Z,12,TETON & GROS VENTRE MOUNTAINS,56012,RIW,05-JAN-06 13:20:00,MST,05-JAN-06 13:20:00,1,0,1,0,NA,NA,LAW ENFORCEMENT,NA,NA,NA,NA,NA,NA,NA,NA,NA,NA,NA,NA,NA,NA,NA,NA,NA,NA,NA,NA,NA,"An avalanche broke on a 40-degree slope of Taylor Mountain and ran for one mile down 2,000 vertical feet killing one skier and injuring another.  The injured skier survived by swimming through the snow and keeping his hands above the snow as the avalanche carried him down the east slope of Taylor Mountain.  The avalanche debris covered approximately 40 acres in the Taylor Mountain/Coal Creek Drainage.",NA,PDS
200602,9,1200,200602,9,1500,1203357,5487106,ALASKA,2,2006,February,Avalanche,Z,125,WRN P.W. SND & KENAI MTNS,02125,AFC,09-FEB-06 12:00:00,AST,09-FEB-06 15:00:00,0,0,0,0,NA,NA,DEPT OF HIGHWAYS,NA,NA,NA,NA,NA,NA,NA,NA,NA,NA,NA,NA,NA,NA,NA,NA,NA,NA,NA,NA,NA,An intense area of low pressure in Bristol Bay along with a strong ridge of High Pressure in the eastern Gulf of Alaska combined to produce strong wind in Portage Valley. This storm moved to Kodiak Island Wednesday night. the long moist southerly flow resulted in ample moisture flowing into Prince William Sound. This produced snow over this region. The combination of the strong wind and snow produced a blizzard in Portage Valley out into Turnagain Arm Thursday morning into Thursday afternoon. Warm air flowed into the Chugach mountains with this storm along with heavy snow fall in the mountains. this followed an extended period of very cold conditions. This resulted in unstable snow load conditions in the mountains along Turnagain Arm that triggered avalanches which resulted in road closures in the east end of Turnagain Arm.,NA,PDS
200601,1,1100,200601,1,1100,1204960,5490156,COLORADO,8,2006,January,Avalanche,Z,33,S & E JACKSON / LARIMER / N & NE GRAND / NW BOULDER COUNTIES ABOVE 9000 FEET,08033,BOU,01-JAN-06 11:00:00,MST,01-JAN-06 11:00:00,0,0,2,0,NA,0,PARK/FOREST SERVICE,NA,NA,NA,NA,NA,NA,NA,NA,NA,NA,NA,NA,NA,NA,NA,NA,NA,NA,NA,NA,NA,NA,"Two snowmobilers from Iowa were buried and killed in an avalanche in the Trap Park area of the Front Range, about 3.5 miles east-northeast of Cameron Pass. There were 12 snowmobilers in the party. Seven were caught, five partly buried and two fully buried; both buried riders were killed.  The data was provided by the Colorado Avalanche Information Center.",PDS
200602,1,900,200602,1,900,1204485,5489950,CALIFORNIA,6,2006,February,Avalanche,Z,73,MONO,06073,REV,01-FEB-06 09:00:00,PST,01-FEB-06 09:00:00,1,0,1,0,NA,NA,GENERAL PUBLIC,NA,NA,NA,NA,NA,NA,NA,NA,NA,NA,NA,NA,NA,NA,NA,NA,NA,NA,NA,NA,NA,"Three skiers were caught in a slab avalanche while crossing an open area on their way to Mt. Walt west of Twin Lakes.  According to a newspaper report, all three were experienced skiers and all of them carried avalanche beacons.  One skier survived the avalanche by hanging onto a tree at the edge of the snow slide.  The other two skiers were caught in the avalanche and carried downhill.  One of the skiers was only partially buried and suffered a large cut to his jaw.  The other skier was carried through trees for about 600 feet.  She suffered a broken back, among other serious injuries.  She was airlifted to the University Hospital near Fresno, but died of her injuries.",NA,PDS
200602,28,1429,200602,28,1430,1203392,5487560,COLORADO,8,2006,February,Avalanche,Z,18,NORTHWESTERN SAN JUAN MOUNTAINS,08018,GJT,28-FEB-06 14:29:00,MST,28-FEB-06 14:30:00,0,0,0,0,NA,NA,GOVT OFFICIAL,NA,NA,NA,NA,NA,NA,NA,NA,NA,NA,NA,NA,NA,NA,NA,NA,NA,NA,NA,NA,NA,Unseasonably warm temperatures and high elevation rainfall caused the snowpack to destabilize which resulted in several small avalanches on the north side of Red Mountain Pass. One of the slides deposited snow 2 feet deep for a distance of 30 feet across both lanes of Highway 550.,NA,PDS
200602,2,1330,200602,2,1750,1203388,5487527,COLORADO,8,2006,February,Avalanche,Z,18,NORTHWESTERN SAN JUAN MOUNTAINS,08018,GJT,02-FEB-06 13:30:00,MST,02-FEB-06 17:50:00,0,0,0,0,NA,NA,GOVT OFFICIAL,NA,NA,NA,NA,NA,NA,NA,NA,NA,NA,NA,NA,NA,NA,NA,NA,NA,NA,NA,NA,NA,"Three natural avalanches occurred near Red Mountain Pass. Portions of highway 550 were affected, covering the centerline with up to 2 feet of snow for a distance of 125 feet. Avalanche mitigation resulted in several more slides hitting the roadway, including a large avalanche just above Chattanooga that buried the highway with over 12 feet of compacted snow. A number of temporary road closures took place as debris was cleared.",NA,PDS
200602,2,1330,200602,2,1750,1203388,5487528,COLORADO,8,2006,February,Avalanche,Z,19,SOUTHWESTERN SAN JUAN MOUNTAINS,08019,GJT,02-FEB-06 13:30:00,MST,02-FEB-06 17:50:00,0,0,0,0,NA,NA,GOVT OFFICIAL,NA,NA,NA,NA,NA,NA,NA,NA,NA,NA,NA,NA,NA,NA,NA,NA,NA,NA,NA,NA,NA,"Three natural avalanches occurred near Red Mountain Pass. Portions of highway 550 were affected, covering the centerline with up to 2 feet of snow for a distance of 125 feet. Avalanche mitigation resulted in several more slides hitting the roadway, including a large avalanche just above Chattanooga that buried the highway with over 12 feet of compacted snow. A number of temporary road closures took place as debris was cleared.",NA,PDS
200603,12,735,200603,12,1345,1205203,5495883,COLORADO,8,2006,March,Avalanche,Z,19,SOUTHWESTERN SAN JUAN MOUNTAINS,08019,GJT,12-MAR-06 07:35:00,MST,12-MAR-06 13:45:00,0,0,0,0,NA,NA,GOVT OFFICIAL,NA,NA,NA,NA,NA,NA,NA,NA,NA,NA,NA,NA,NA,NA,NA,NA,NA,NA,NA,NA,NA,One natural avalanche and a number of mitigation caused avalanches deposited debris on roadways.  A 375 foot section of Highway 550 was covered up to 7 feet deep on the centerline over a distance of 375 feet. Road closures totaled 5 hours and 18 minutes.,NA,PDS
200603,14,1040,200603,14,1640,1205204,5495884,COLORADO,8,2006,March,Avalanche,Z,18,NORTHWESTERN SAN JUAN MOUNTAINS,08018,GJT,14-MAR-06 10:40:00,MST,14-MAR-06 16:40:00,0,0,0,0,NA,NA,GOVT OFFICIAL,NA,NA,NA,NA,NA,NA,NA,NA,NA,NA,NA,NA,NA,NA,NA,NA,NA,NA,NA,NA,NA,Avalanche mitigation resulted in 3 slides which hit roadways and covered the highway centerlines with up to 4 feet of debris over a distance of 150 feet. Road closures totaled 3 hours and 20 minutes.,NA,PDS
200603,14,1040,200603,14,1640,1205204,5495885,COLORADO,8,2006,March,Avalanche,Z,19,SOUTHWESTERN SAN JUAN MOUNTAINS,08019,GJT,14-MAR-06 10:40:00,MST,14-MAR-06 16:40:00,0,0,0,0,NA,NA,GOVT OFFICIAL,NA,NA,NA,NA,NA,NA,NA,NA,NA,NA,NA,NA,NA,NA,NA,NA,NA,NA,NA,NA,NA,Avalanche mitigation resulted in 3 slides which hit roadways and covered the highway centerlines with up to 4 feet of debris over a distance of 150 feet. Road closures totaled 3 hours and 20 minutes.,NA,PDS
200603,18,1200,200603,18,1600,1205201,5495878,COLORADO,8,2006,March,Avalanche,Z,18,NORTHWESTERN SAN JUAN MOUNTAINS,08018,GJT,18-MAR-06 12:00:00,MST,18-MAR-06 16:00:00,0,0,0,0,NA,NA,GOVT OFFICIAL,NA,NA,NA,NA,NA,NA,NA,NA,NA,NA,NA,NA,NA,NA,NA,NA,NA,NA,NA,NA,NA,A number of natural avalanches deposited debris on roadways. Avalanche mitigation also resulted in several manmade slides hitting roadways.  Debris up to 5 feet deep covered the highway centerlines for a distance of 435 feet from the combined natural and manmade slides. Road closures totaled 45 minutes.,NA,PDS
200603,18,1200,200603,18,1600,1205201,5495879,COLORADO,8,2006,March,Avalanche,Z,19,SOUTHWESTERN SAN JUAN MOUNTAINS,08019,GJT,18-MAR-06 12:00:00,MST,18-MAR-06 16:00:00,0,0,0,0,NA,NA,GOVT OFFICIAL,NA,NA,NA,NA,NA,NA,NA,NA,NA,NA,NA,NA,NA,NA,NA,NA,NA,NA,NA,NA,NA,A number of natural avalanches deposited debris on roadways. Avalanche mitigation also resulted in several manmade slides hitting roadways.  Debris up to 5 feet deep covered the highway centerlines for a distance of 435 feet from the combined natural and manmade slides. Road closures totaled 45 minutes.,NA,PDS
200603,10,1045,200603,10,1235,1205202,5495880,COLORADO,8,2006,March,Avalanche,Z,18,NORTHWESTERN SAN JUAN MOUNTAINS,08018,GJT,10-MAR-06 10:45:00,MST,10-MAR-06 12:35:00,0,0,0,0,NA,NA,GOVT OFFICIAL,NA,NA,NA,NA,NA,NA,NA,NA,NA,NA,NA,NA,NA,NA,NA,NA,NA,NA,NA,NA,NA,Avalanche mitigation resulted in a number of slides onto roadways.  The centerline of Highway 550 was covered up to 6 feet deep for a distance of 250 feet.  Roads were closed for 1 hour and 35 minutes while debris was cleared.,NA,PDS
200603,10,1045,200603,10,1235,1205202,5495881,COLORADO,8,2006,March,Avalanche,Z,19,SOUTHWESTERN SAN JUAN MOUNTAINS,08019,GJT,10-MAR-06 10:45:00,MST,10-MAR-06 12:35:00,0,0,0,0,NA,NA,GOVT OFFICIAL,NA,NA,NA,NA,NA,NA,NA,NA,NA,NA,NA,NA,NA,NA,NA,NA,NA,NA,NA,NA,NA,Avalanche mitigation resulted in a number of slides onto roadways.  The centerline of Highway 550 was covered up to 6 feet deep for a distance of 250 feet.  Roads were closed for 1 hour and 35 minutes while debris was cleared.,NA,PDS
200603,12,735,200603,12,1345,1205203,5495882,COLORADO,8,2006,March,Avalanche,Z,18,NORTHWESTERN SAN JUAN MOUNTAINS,08018,GJT,12-MAR-06 07:35:00,MST,12-MAR-06 13:45:00,0,0,0,0,NA,NA,GOVT OFFICIAL,NA,NA,NA,NA,NA,NA,NA,NA,NA,NA,NA,NA,NA,NA,NA,NA,NA,NA,NA,NA,NA,One natural avalanche and a number of mitigation caused avalanches deposited debris on roadways.  A 375 foot section of Highway 550 was covered up to 7 feet deep on the centerline over a distance of 375 feet. Road closures totaled 5 hours and 18 minutes.,NA,PDS
200603,20,930,200603,20,935,1205200,5495815,COLORADO,8,2006,March,Avalanche,Z,19,SOUTHWESTERN SAN JUAN MOUNTAINS,08019,GJT,20-MAR-06 09:30:00,MST,20-MAR-06 09:35:00,0,0,0,0,NA,NA,GOVT OFFICIAL,NA,NA,NA,NA,NA,NA,NA,NA,NA,NA,NA,NA,NA,NA,NA,NA,NA,NA,NA,NA,NA,A natural avalanche in the King Mine slide path deposited debris 1 to 7 feet deep over a distance of 200 feet on the centerline of Highway 550.,NA,PDS
200603,29,330,200603,29,530,1205196,5495809,COLORADO,8,2006,March,Avalanche,Z,18,NORTHWESTERN SAN JUAN MOUNTAINS,08018,GJT,29-MAR-06 03:30:00,MST,29-MAR-06 05:30:00,0,0,0,0,NA,NA,GOVT OFFICIAL,NA,NA,NA,NA,NA,NA,NA,NA,NA,NA,NA,NA,NA,NA,NA,NA,NA,NA,NA,NA,NA,Natural avalanches deposited snow 3 feet deep for a distance of 50 feet on Highway 550. Avalanche mitigation procedures caused several other slides which resulted in snow covering portions of the highway.  Highway 550 was closed for two hours while road crews cleared the debris.,NA,PDS
200603,29,330,200603,29,530,1205196,5495810,COLORADO,8,2006,March,Avalanche,Z,19,SOUTHWESTERN SAN JUAN MOUNTAINS,08019,GJT,29-MAR-06 03:30:00,MST,29-MAR-06 05:30:00,0,0,0,0,NA,NA,GOVT OFFICIAL,NA,NA,NA,NA,NA,NA,NA,NA,NA,NA,NA,NA,NA,NA,NA,NA,NA,NA,NA,NA,NA,Natural avalanches deposited snow 3 feet deep for a distance of 50 feet on Highway 550. Avalanche mitigation procedures caused several other slides which resulted in snow covering portions of the highway.  Highway 550 was closed for two hours while road crews cleared the debris.,NA,PDS
200603,30,908,200603,30,1400,1205197,5495811,COLORADO,8,2006,March,Avalanche,Z,18,NORTHWESTERN SAN JUAN MOUNTAINS,08018,GJT,30-MAR-06 09:08:00,MST,30-MAR-06 14:00:00,0,0,0,0,NA,NA,GOVT OFFICIAL,NA,NA,NA,NA,NA,NA,NA,NA,NA,NA,NA,NA,NA,NA,NA,NA,NA,NA,NA,NA,NA,Avalanche mitigation resulted in a number of slides onto Highway 550 over the San Juan Mountains. The centerline of the highway was  covered with up to 6 feet of snow for a combined distance of 130 feet by the slides. The highway was closed for 2 hours and 22 minutes while debris was cleared.,NA,PDS
200603,30,908,200603,30,1400,1205197,5495812,COLORADO,8,2006,March,Avalanche,Z,19,SOUTHWESTERN SAN JUAN MOUNTAINS,08019,GJT,30-MAR-06 09:08:00,MST,30-MAR-06 14:00:00,0,0,0,0,NA,NA,GOVT OFFICIAL,NA,NA,NA,NA,NA,NA,NA,NA,NA,NA,NA,NA,NA,NA,NA,NA,NA,NA,NA,NA,NA,Avalanche mitigation resulted in a number of slides onto Highway 550 over the San Juan Mountains. The centerline of the highway was  covered with up to 6 feet of snow for a combined distance of 130 feet by the slides. The highway was closed for 2 hours and 22 minutes while debris was cleared.,NA,PDS
200603,30,940,200603,30,1625,1205198,5495813,COLORADO,8,2006,March,Avalanche,Z,19,SOUTHWESTERN SAN JUAN MOUNTAINS,08019,GJT,30-MAR-06 09:40:00,MST,30-MAR-06 16:25:00,0,0,0,0,NA,NA,GOVT OFFICIAL,NA,NA,NA,NA,NA,NA,NA,NA,NA,NA,NA,NA,NA,NA,NA,NA,NA,NA,NA,NA,NA,"One natural avalanche and several manmade avalanches resulted in debris being deposited on Highway 550. The natural avalanche hit the inside lane of the highway, while the manmade slides covered the centerline of the highway with up to 4 feet of snow for a combined distance of 500 feet. The highway was closed for a total of 4 hours and 55 minutes.",NA,PDS
200603,23,1330,200603,23,1400,1205199,5495814,COLORADO,8,2006,March,Avalanche,Z,19,SOUTHWESTERN SAN JUAN MOUNTAINS,08019,GJT,23-MAR-06 13:30:00,MST,23-MAR-06 14:00:00,0,0,0,0,NA,NA,GOVT OFFICIAL,NA,NA,NA,NA,NA,NA,NA,NA,NA,NA,NA,NA,NA,NA,NA,NA,NA,NA,NA,NA,NA,A natural avalanche covered the centerline of a highway near Silverton with 2 feet of snow for a distance of 30 feet.,NA,PDS
200604,18,730,200604,18,730,1206720,5497421,WASHINGTON,53,2006,April,Avalanche,Z,518,WEST SLOPES NORTHERN CASCADES AND PASSES,53518,SEW,18-APR-06 07:30:00,PST,18-APR-06 07:30:00,0,0,1,0,NA,NA,LAW ENFORCEMENT,NA,NA,NA,NA,NA,NA,NA,NA,NA,NA,NA,NA,NA,NA,NA,NA,NA,NA,NA,NA,NA,NA,A back county skier triggered an avalanche which killed him.,PDS
200602,27,1200,200602,27,1201,1205205,5495886,COLORADO,8,2006,February,Avalanche,Z,5,UPPER YAMPA RIVER BASIN,08005,GJT,27-FEB-06 12:00:00,MST,27-FEB-06 12:01:00,0,0,0,0,NA,NA,NEWSPAPER,NA,NA,NA,NA,NA,NA,NA,NA,NA,NA,NA,NA,NA,NA,NA,NA,NA,NA,NA,NA,NA,A three year old boy was buried for 4 to 8 minutes beneath three feet of heavy wet snow that slid off the slanted metal roof of a two story school building. The boy suffered a laceration to his forehead. Several people used shovels and their hands to help free the boy.,NA,PDS
200602,14,1200,200602,14,1800,1204274,5492879,ALASKA,2,2006,February,Avalanche,Z,151,KUSKOKWIM VALLEY,02151,AFC,14-FEB-06 12:00:00,AST,14-FEB-06 18:00:00,0,0,1,0,NA,NA,FIRE DEPT/RESCUE SQUAD,NA,NA,NA,NA,NA,NA,NA,NA,NA,NA,NA,NA,NA,NA,NA,NA,NA,NA,NA,NA,NA,An avalanche at Pass Creek in Rainy Pass along the Alaska Range swept a snow machine and the driver of the machine into a terrain trap burying him and resulting in his death. The Avalanche occurred while he was breaking trail through the pass for the Iditarod Sled Dog Race.,NA,PDS
200603,19,1330,200603,19,1330,1205631,5493887,WASHINGTON,53,2006,March,Avalanche,Z,42,EAST SLOPES NORTHERN CASCADES,53042,OTX,19-MAR-06 13:30:00,PST,19-MAR-06 13:30:00,1,0,1,0,NA,NA,NEWSPAPER,NA,NA,NA,NA,NA,NA,NA,NA,NA,NA,NA,NA,NA,NA,NA,NA,NA,NA,NA,NA,NA,An avalanche occurred about 20 miles west of Conconully in the Brown's Meadow area below Tiffany Mountain.  The avalanche was human caused and buried a person under about 30 inches of snow for four hours.,NA,PDS
200603,11,1500,200603,11,1500,1206171,5493371,UTAH,49,2006,March,Avalanche,Z,7,RICH/CACHE T NW/P E C WEBER/MOST OF MORGAN/NW SUMMIT/NE SALT LAKE/X NE BOX ELDER,49007,SLC,11-MAR-06 15:00:00,MST,11-MAR-06 15:00:00,0,0,1,0,NA,NA,BROADCAST MEDIA,NA,NA,NA,NA,NA,NA,NA,NA,NA,NA,NA,NA,NA,NA,NA,NA,NA,NA,NA,NA,NA,A SERIES OF COLD WINTERY STORM SYSTEMS MOVED ACROSS UTAH DURING THE PERIOD. AN AVALANCHE ON THE 11TH CLAIMED THE LIFE OF A SNOWBOARDER CAUGHT IN THE SLIDE IN TAYLOR CANYON ON MOUNT OGDEN. THERE WERE  SEVERAL MULTIPLE CAR PILEUPS...THE LARGEST OF WHICH WAS IN OGDEN WHEN 16 CARS CRASHED ON I-15 NEAR 31ST STREET...CLOSING THE FREEWAY. THE SYSTEM CONTINUED SOUTH INTO SOUTHERN UTAH BRINGING HEAVY SNOW DOWN TO THE SAINT GEORGE AREA. SCORES OF ACCIDENTS OCCURRED AS A RESULT OF THE SLICK ROADWAYS.SNOWFALL TOTALS FOR THE PERIOD WERE (INCHES)..  BRIAN HEAD                44  CEDAR BREAKS          40  FARMINGTON CYN      33  KOLOB-ZION NP          31  PINE VALLEY MTS         29   ALTA LIFTS               27  BRIGHTON                   26  SUNDANCE                 25   SNOWBASIN               24  ALTA UDOT                 24  CEDAR CITY             20-23  BRYCE CANYON         22  THE CANYONS            20  SPRUCES                     19  WASATCH PLATEAU   19  TONY GROVE LAKE   18  SNOWBIRD                   18  PARLEYS SUMMIT       16  DEER CREEK DAM     16  LAYTON BENCH             15  MONTE CRISTO          15  SOLITUDE                   15  OQUIRRH MTS               15  COVE FORT                14  CLEARFIELD               13  NEWCASTLE                13  PARAGONAH               13  SPANISH FORK           12  SOUTH OGDEN            11  UPPER MILLCREEK      11  ALPINE                        11  PLEASANT GROVE      11   ENOCH                        11  GREEN RIVER             11  SPRINGVILLE               10   PANGUITCH                 10  DANIELS PASS            10  BRIGHAM CITY              9    LAYTON                       9  OGDEN BENCH             9  EMERY                         9  NEW HARMONY             9  MOUNT PLEASANT       9  FERRON                         9  TRIAL LAKE                   9  PROVO                         8  COTTONWOOD HTS       8  PARK CITY                     8  ZION NATIONAL PARK 8  FILLMORE                        8  TAYLORSVILLE              7  SANDY                         5  KAMAS                          5  BEAVER                         5  RICHFIELD                   4  KANAB                            4  SAINT GEORGE             4  ALTAMONT                  4  DUCHESNE                     4  SOUTH JORDAN             3  HANKSVILLE                3  MANTI                             3  CIRCLEVILLE                 3  ESCALANTE                2  HITE MARINA                2,1 fatality in Taylor Canyon on Mt. Ogden,PDS
200603,6,1202,200603,6,1202,1205157,5494796,COLORADO,8,2006,March,Avalanche,Z,5,UPPER YAMPA RIVER BASIN,08005,GJT,06-MAR-06 12:02:00,MST,06-MAR-06 12:02:00,0,0,0,0,NA,NA,NEWSPAPER,NA,NA,NA,NA,NA,NA,NA,NA,NA,NA,NA,NA,NA,NA,NA,NA,NA,NA,NA,NA,NA,An avalanche of heavy wet snow came off the 2nd story metal roof of a school and buried a 3-year-old boy under three feet of the snow. Rescuers located the boy and had his head free of the snow about 5 minutes later.  The boy suffered a laceration to his forehead.,NA,PDS
200605,14,1400,200605,14,1400,1209918,5505392,COLORADO,8,2006,May,Avalanche,Z,34,S & SE GRAND / W CENTRAL & SW BOULDER / GILPIN / CLEAR CREEK / SUMMIT / N & W PARK COUNTIES ABOVE 9000 FEET,08034,BOU,14-MAY-06 14:00:00,MST,14-MAY-06 14:00:00,1,0,0,0,NA,0,BROADCAST MEDIA,NA,NA,NA,NA,NA,NA,NA,NA,NA,NA,NA,NA,NA,NA,NA,NA,NA,NA,NA,NA,NA,NA,"A 54-yr old man was hiking with his step-son on Torrey's Peak,  when he was caught by an avalanche.  He went down about 1,000 feet and was partially buried.  The hiker suffered injuries to his back and hips.",PDS
200604,2,1000,200604,2,1200,1208226,5503629,IDAHO,16,2006,April,Avalanche,Z,19,UPPER SNAKE HIGHLANDS,16019,PIH,02-APR-06 10:00:00,MST,02-APR-06 12:00:00,0,0,1,0,NA,NA,NEWSPAPER,NA,NA,NA,NA,NA,NA,NA,NA,NA,NA,NA,NA,NA,NA,NA,NA,NA,NA,NA,NA,NA,An avalanche in Clark County claimed the life of one man.  The slide took place near Lone Pine Pass just east of Signal Mountain and 7 miles northeast of Spencer.  The slide was 40 yards wide and 15 feet deep.,NA,PDS
200604,6,1530,200604,7,1205,1209116,5503121,COLORADO,8,2006,April,Avalanche,Z,19,SOUTHWESTERN SAN JUAN MOUNTAINS,08019,GJT,06-APR-06 15:30:00,MST,07-APR-06 12:05:00,0,0,0,0,NA,NA,GOVT OFFICIAL,NA,NA,NA,NA,NA,NA,NA,NA,NA,NA,NA,NA,NA,NA,NA,NA,NA,NA,NA,NA,NA,"Fresh snowpack left by a spring storm system resulted in a number of avalanches in the San Juan Mountains of southwest Colorado.  Some natural avalanches ran out onto highways, covering the centerline with up to 3 feet of snow and debris over a total  distance of 135 feet.  Avalanche mitigation caused several other avalanches which covered the centerline of roadways with up to 5 feet of snow and debris over a total length of 170 feet.  Periodic road closures were necessary as debris was cleared. Total road closure time was 1 hour and 35 minutes.",NA,PDS
200604,6,1530,200604,7,1205,1209116,5503120,COLORADO,8,2006,April,Avalanche,Z,18,NORTHWESTERN SAN JUAN MOUNTAINS,08018,GJT,06-APR-06 15:30:00,MST,07-APR-06 12:05:00,0,0,0,0,NA,NA,GOVT OFFICIAL,NA,NA,NA,NA,NA,NA,NA,NA,NA,NA,NA,NA,NA,NA,NA,NA,NA,NA,NA,NA,NA,"Fresh snowpack left by a spring storm system resulted in a number of avalanches in the San Juan Mountains of southwest Colorado.  Some natural avalanches ran out onto highways, covering the centerline with up to 3 feet of snow and debris over a total  distance of 135 feet.  Avalanche mitigation caused several other avalanches which covered the centerline of roadways with up to 5 feet of snow and debris over a total length of 170 feet.  Periodic road closures were necessary as debris was cleared. Total road closure time was 1 hour and 35 minutes.",NA,PDS
200612,21,1310,200612,21,1311,796,3510,COLORADO,8,2006,December,Avalanche,Z,10,GORE AND ELK MOUNTAINS/CENTRAL MOUNTAIN VALLEYS,08010,GJT,21-DEC-06 13:10:00,MST-7,21-DEC-06 13:11:00,0,0,1,0,0.00K,0.00K,Newspaper,NA,NA,NA,NA,NA,NA,NA,NA,NA,NA,NA,NA,NA,NA,NA,NA,NA,NA,NA,NA,NA,An avalanche occurred in a closed section of the Snowmass Ski Area and resulted in the death of a 25 year old male.,"Two professional skiers were in a closed section of Hanging Valley Wall at Snowmass Ski Area in the Lower Ladders area when one of them triggered an avalanche. The victim jumped from a cliff into the snow below and got caught in the avalanche which carried him into an area with trees. The skier was buried under the snow and not found by rescuers until about 20 minutes later.  Resuscitation efforts were unsuccessful. The slide was described as a 4-foot thick slab, 80 feet wide and 100 to 150 feet long.",CSV
200612,18,1325,200612,18,1415,799,3526,COLORADO,8,2006,December,Avalanche,Z,18,NORTHWESTERN SAN JUAN MOUNTAINS,08018,GJT,18-DEC-06 13:25:00,MST-7,18-DEC-06 14:15:00,0,0,0,0,0.00K,0.00K,Department of Highways,NA,NA,NA,NA,NA,NA,NA,NA,NA,NA,NA,NA,NA,NA,NA,NA,NA,NA,NA,NA,NA,Wind and fresh snowfall resulted in avalanches.,Avalanche mitigation resulted in a number of slides hitting roadways and covering the centerline of Highway 550 with 1 to 4 feet of snow for a distance of 125 feet. Total time of road closure to clear the debris was 50 minutes.,CSV
200612,12,815,200612,12,952,798,3524,COLORADO,8,2006,December,Avalanche,Z,18,NORTHWESTERN SAN JUAN MOUNTAINS,08018,GJT,12-DEC-06 08:15:00,MST-7,12-DEC-06 09:52:00,0,0,0,0,0.00K,0.00K,Department of Highways,NA,NA,NA,NA,NA,NA,NA,NA,NA,NA,NA,NA,NA,NA,NA,NA,NA,NA,NA,NA,NA,Fresh snowfall resulted in avalanches.,Fresh snowfall triggered a few natural avalanches and prompted avalanche mitigation procedures by Colorado Avalanche Information Center personnel. Avalanche mitigation resulted in a number of slides hitting roadways. Highway 550 was covered by one of the slides to a depth up to 3.5 feet for a length of 30 feet on the centerline. Total time of road closure to clear the debris was 1 hour and 12 minutes.,CSV
200612,20,1515,200612,21,1400,800,3527,COLORADO,8,2006,December,Avalanche,Z,18,NORTHWESTERN SAN JUAN MOUNTAINS,08018,GJT,20-DEC-06 15:15:00,MST-7,21-DEC-06 14:00:00,0,0,0,0,0.00K,0.00K,Department of Highways,NA,NA,NA,NA,NA,NA,NA,NA,NA,NA,NA,NA,NA,NA,NA,NA,NA,NA,NA,NA,NA,Heavy snowfall resulted in avalanches across the San Juan Mountains.,Natural avalanches and man-made avalanches during mitigation procedures resulted in periodic closures of Highway 550. A number of avalanches placed debris on the road to depths up to 3 feet for a total road distance of 640 feet. Total time of road closures to clear debris was 3 hours and 50 minutes.,CSV
200612,16,1505,200612,16,1506,519,2077,WYOMING,56,2006,December,Avalanche,Z,24,SALT RIVER & WYOMING RANGES,56024,RIW,16-DEC-06 15:05:00,MST-7,16-DEC-06 15:06:00,1,0,1,0,0.00K,0.00K,Newspaper,NA,NA,NA,NA,NA,NA,NA,NA,NA,NA,NA,NA,NA,NA,NA,NA,NA,NA,NA,NA,NA,"An avalanche at 9,500 foot elevation occurred near Stewart Peak around 3:00 p.m. MST.  The slide sent a slab of snow 400 feet long and 300 feet wide down a hillside.  Two snowmobilers were caught in the snow which accumulated to nearly 10 feet in depth.  One of the men was rescued after 20 minutes beneath the snow, while another perished.",NA,CSV
200712,2,1300,200712,2,1301,11553,63586,WYOMING,56,2007,December,Avalanche,Z,24,SALT RIVER & WYOMING RANGES,56024,RIW,02-DEC-07 13:00:00,MST-7,02-DEC-07 13:01:00,1,0,0,0,0.00K,0.00K,Newspaper,NA,NA,NA,NA,NA,NA,NA,NA,NA,NA,NA,NA,NA,NA,NA,NA,NA,NA,NA,NA,NA,"A Jackson, Wyoming resident was buried under five feet of snow in an avalanche near Bondurant while snowmobiling on Sunday, December 2.  The slide occurred in the Cliff Creek area and ran downslope for about 200 yards.  The man was rescued by fellow riders when they were able to locate his avalanche beacon.",NA,CSV
200702,25,1430,200702,25,1431,2233,10796,WYOMING,56,2007,February,Avalanche,Z,12,TETON & GROS VENTRE MOUNTAINS,56012,RIW,25-FEB-07 14:30:00,MST-7,25-FEB-07 14:31:00,1,0,0,0,0.00K,0.00K,Newspaper,NA,NA,NA,NA,NA,NA,NA,NA,NA,NA,NA,NA,NA,NA,NA,NA,NA,NA,NA,NA,NA,"One skier was critically injured in Grand Teton National Park when an avalanche swept him 2,000 feet down the TNT Couloir in Granite Canyon.  The skier triggered the 3-foot deep avalanche when he attempted to ski down the couloir.",NA,CSV
200701,5,1227,200701,5,1227,1049,4460,WYOMING,56,2007,January,Avalanche,Z,12,TETON & GROS VENTRE MOUNTAINS,56012,RIW,05-JAN-07 12:27:00,MST-7,05-JAN-07 12:27:00,0,0,0,1,0.00K,0.00K,Newspaper,NA,NA,NA,NA,NA,NA,NA,NA,NA,NA,NA,NA,NA,NA,NA,NA,NA,NA,NA,NA,NA,"An avalanche was triggered by a skier near a cliff in Rock Springs Bowl just south of the Jackson Hole Mountain Resort.  The skier jumped over the cliff to avoid the avalanche, but he suffered massive internal injuries upon impact and was killed.  Two companions were swept over the cliff, landing on their backs, and were unhurt.",NA,CSV
200703,10,1700,200703,10,1700,3208,17627,WYOMING,56,2007,March,Avalanche,Z,12,TETON & GROS VENTRE MOUNTAINS,56012,RIW,10-MAR-07 17:00:00,MST-7,10-MAR-07 17:00:00,1,0,1,0,0.00K,0.00K,Newspaper,NA,NA,NA,NA,NA,NA,NA,NA,NA,NA,NA,NA,NA,NA,NA,NA,NA,NA,NA,NA,NA,"One skier was killed and another injured when an avalanche broke on the west slope of the Teton Mountains and ran for 1,500 feet.  The slide occurred in Darby Canyon.",NA,CSV
200703,4,1300,200703,4,1300,3642,20185,COLORADO,8,2007,March,Avalanche,Z,34,S & SE GRAND / W CENTRAL & SW BOULDER / GILPIN / CLEAR CREEK / SUMMIT / N & W PARK COUNTIES ABOVE 9000 FEET,08034,BOU,04-MAR-07 13:00:00,MST-7,04-MAR-07 13:00:00,0,0,0,0,0.00K,0.00K,Broadcast Media,NA,NA,NA,NA,NA,NA,NA,NA,NA,NA,NA,NA,NA,NA,NA,NA,NA,NA,NA,NA,NA,"A man snowshoeing along State Highway 5, near Echo Lake, fell about 50 yards down the slope, setting off an avalanche.  The man was found by his companion buried up to his neck.  He died shortly after rescue workers arrived.","A man snowshoeing along State Highway 5, near Echo Lake, fell about 50 yards down the slope, setting off an avalanche. The man was found by his companion buried up to his neck. He died shortly after rescue workers arrived.|",CSV
200712,25,1530,200712,25,1530,12654,69491,UTAH,49,2007,December,Avalanche,Z,9,WESTERN UINTA MOUNTAINS,49009,SLC,25-DEC-07 15:30:00,MST-7,25-DEC-07 15:30:00,0,0,1,0,0.00K,0.00K,Broadcast Media,NA,NA,NA,NA,NA,NA,NA,NA,NA,NA,NA,NA,NA,NA,NA,NA,NA,NA,NA,NA,NA,An avalanche in a popular snowmobiling area killed one man.,"A 53 year-old man, who was snowmobiling with his family, was caught in an avalanche, buried by the snow, and died before being found. The avalanche occurred at a common spot for snowmobilers near Windy Ridge called Superbowl. No other injuries were reported.",CSV
200712,18,1200,200712,18,1800,12385,67955,WASHINGTON,53,2007,December,Avalanche,Z,519,WEST SLOPES CENTRAL CASCADES AND PASSES,53519,SEW,18-DEC-07 12:00:00,PST-8,18-DEC-07 18:00:00,0,0,1,0,0.00K,0.00K,Newspaper,NA,NA,NA,NA,NA,NA,NA,NA,NA,NA,NA,NA,NA,NA,NA,NA,NA,NA,NA,NA,NA,A man died in an avalanche while hiking near Mount Rainier.,A man died in an avalanche while hiking near Mount Rainier.,CSV
200703,13,455,200703,13,545,4104,23071,COLORADO,8,2007,March,Avalanche,Z,19,SOUTHWESTERN SAN JUAN MOUNTAINS,08019,GJT,13-MAR-07 04:55:00,MST-7,13-MAR-07 05:45:00,0,0,0,0,1.00K,0.00K,Department of Highways,NA,NA,NA,NA,NA,NA,NA,NA,NA,NA,NA,NA,NA,NA,NA,NA,NA,NA,NA,NA,NA,Unstable snowpack resulted in avalanches in some of the mountains of western Colorado.,"A few avalanches came down onto Highway 550 between Red Mountain Pass and Silverton. The largest avalanche came down the East Riverside North slide path and put 3 feet of snow on the centerline of the road.  A vehicle got high-centered and stuck as the driver was trying to drive over the snow.  As the stuck driver got out of her vehicle, another avalanche came down and pinned the driver to the side of her vehicle.  The victim was rescued by a big truck driver, and the victim was apparently unhurt.  The Mother Cline slide path was one of the other locations where an avalanche ran onto Highway 550.  The avalanches closed Highway 550 for one hour and 25 minutes, from 0455 to 0620 MST.",CSV
200712,2,1430,200712,2,1430,11227,61777,COLORADO,8,2007,December,Avalanche,Z,33,S & E JACKSON / LARIMER / N & NE GRAND / NW BOULDER COUNTIES ABOVE 9000 FEET,08033,BOU,02-DEC-07 14:30:00,MST-7,02-DEC-07 14:30:00,0,0,0,0,0.00K,0.00K,Broadcast Media,NA,NA,NA,NA,NA,NA,NA,NA,NA,NA,NA,NA,NA,NA,NA,NA,NA,NA,NA,NA,NA,"A backcountry skier was buried by an avalanche; the incident occurred near Zimmerman Lake and Montgomery Pass Trail, west of Fort Collins. The skier's friends found him and dug him out, estimating that he was buried for about 10 minutes before they freed him.  He was buried under 3 feet of snow.  They performed CPR on him and had him breathing when rescuers arrived.  The man died after being in a coma for several days.",NA,CSV
200712,31,1500,200712,31,1500,12688,69700,UTAH,49,2007,December,Avalanche,Z,9,WESTERN UINTA MOUNTAINS,49009,SLC,31-DEC-07 15:00:00,MST-7,31-DEC-07 15:00:00,2,0,1,0,0.00K,0.00K,Broadcast Media,NA,NA,NA,NA,NA,NA,NA,NA,NA,NA,NA,NA,NA,NA,NA,NA,NA,NA,NA,NA,NA,"Three snowboarders were caught in an avalanche, leading to one fatality.","Three experienced snowmobilers were riding in Smith Basin, about 15 miles east-northeast of the Co-op trailhead, when an avalanche engulfed all three of them. Two of them were able to swim out of the snow, but the third, a 41 year-old male, was buried for at least 40 minutes, and died before they could dig him out. For the state of Utah, this was the third avalanche fatality in 8 days. It was also the 7th avalanche fatality for the 2007 calendar year, the most in one year since records have been kept, starting in 1958.",CSV
200712,23,1115,200712,23,1115,12460,69362,UTAH,49,2007,December,Avalanche,Z,7,WASATCH MOUNTAINS I-80 NORTH,49007,SLC,23-DEC-07 11:15:00,MST-7,23-DEC-07 11:15:00,3,0,1,0,0.00K,0.00K,Broadcast Media,NA,NA,NA,NA,NA,NA,NA,NA,NA,NA,NA,NA,NA,NA,NA,NA,NA,NA,NA,NA,NA,"An avalanche in-bounds at the Canyons Resort caught 4 skiers in it, leading to three injuries and one fatality.","A 30 year-old male was killed in an avalanche at the Canyons Resort. The avalanche was triggered by two men who were descending upper Red Pine Chute;  one of the men was caught by the slide, but ended up on top of the snow.  The other man was caught and died of head trauma after hitting a tree.  A man and a child below were engulfed, with the man partially buried, and the child totally buried. The child was hospitalized for several days following the avalanche, but survived his injuries.",CSV
200712,31,1030,200712,31,1030,12013,65758,COLORADO,8,2007,December,Avalanche,Z,32,GRAND & SUMMIT COUNTIES BELOW 9000 FEET,08032,BOU,31-DEC-07 10:30:00,MST-7,31-DEC-07 10:30:00,1,0,0,0,0.00K,0.00K,Broadcast Media,NA,NA,NA,NA,NA,NA,NA,NA,NA,NA,NA,NA,NA,NA,NA,NA,NA,NA,NA,NA,NA,"A combination of a moist zonal flow and strong upper level jet stream brought extensive blowing and drifting snow to the North-Central Mountains of Colorado.  Wind sensors above timberline measured peak gusts from 75 to 92 mph.  The combination of snow and wind resulted in whiteout conditions and a high avalanche danger along the Interstate 70 Corridor, from Floyd Hill to Vail.  As a result, the interstate was closed for approximately 24 hours.  Other closures included:  Berthoud and Rabbit Ears Passes on U.S. Highway 40; Loveland Pass on U.S. Highway 6; Cameron Pass on State Highway 14; Kenosha Pass on U.S. Highway 285; U.S. Highways 287 and 85 near the Wyoming Border.   ||The American Red Cross opened 9 shelters in Summit County for stranded motorists; where more than 2,000 people took shelter.  Loveland Ski Area was forced to close for the day because employees and skiers couldn't get to it.  Tow truck drivers spent much of their time rescuing stranded motorists.  In Grand County, a snowmobiler was injured when he triggered an avalanche.  He was knocked unconscious and buried under 3 feet of snow.  Fortunately, he suffered only a separated shoulder.  ||Peak wind gust reports included:  92 mph at Niwot Ridge; 89 mph at Mines peak; 87 mph at Georgetown; 80 mph at Berthoud and Loveland Passes; 75 mph at Gunsight; 60 mph at Copper Mountain.  Storm totals during the 2-day period were light to moderate with amounts ranging from 5 to 10 inches.  The exception occurred at the Columbine Snotel where 15 inches of snowfall was measured.","A snowmobiler was injured when he triggered an avalanche. He was knocked unconscious and buried under 3 feet of snow. Fortunately, he suffered only a separated shoulder.",CSV
200701,6,1030,200701,6,1030,1017,4248,COLORADO,8,2007,January,Avalanche,Z,34,S & SE GRAND / W CENTRAL & SW BOULDER / GILPIN / CLEAR CREEK / SUMMIT / N & W PARK COUNTIES ABOVE 9000 FEET,08034,BOU,06-JAN-07 10:30:00,MST-7,06-JAN-07 10:30:00,1,0,0,0,0.00K,0.00K,Broadcast Media,NA,NA,NA,NA,NA,NA,NA,NA,NA,NA,NA,NA,NA,NA,NA,NA,NA,NA,NA,NA,NA,"A large avalanche swept two vehicles off State Highway 40, near Berthoud Pass, on the way to Winter Park.  The slide covered all three lanes of the highway.  The vehicles were covered and swept off the roadway.  Eight people were in the vehicles, but only one person was injured.  He suffered a broken rib.  The slide was approximately 200 feet wide and 15 feet deep.","A large avalanche swept two vehicles off State Highway 40, near Berthoud Pass.  Eight people were in the vehicles, but only one person was injured.",CSV
200712,2,1500,200712,2,1600,12384,67953,WASHINGTON,53,2007,December,Avalanche,Z,519,WEST SLOPES CENTRAL CASCADES AND PASSES,53519,SEW,02-DEC-07 15:00:00,PST-8,02-DEC-07 16:00:00,1,0,2,0,0.00K,0.00K,Newspaper,NA,NA,NA,NA,NA,NA,NA,NA,NA,NA,NA,NA,NA,NA,NA,NA,NA,NA,NA,NA,NA,"Two hikers were killed, and one injured, by an avalanche near Snoqualmie Pass. 3 snowboarders are presumed dead near Crystal Mountain.||The snowfall that led to the avalanches was part of a deep Pacific storm system offshore the also created lowland snow in western Washington, strong winds particularly in the coastal region as well as heavy rainfall, flooding and landslides elsewhere in western Washington.","Two hikers were killed, and one injured, by an avalanche near Snoqualmie Pass.",CSV
200702,17,1630,200702,17,1640,2675,13809,UTAH,49,2007,February,Avalanche,Z,17,CENTRAL AND SOUTHWEST MOUNTAINS,49017,SLC,17-FEB-07 16:30:00,MST-7,17-FEB-07 16:40:00,0,0,1,0,0.00K,0.00K,Park/Forest Service,NA,NA,NA,NA,NA,NA,NA,NA,NA,NA,NA,NA,NA,NA,NA,NA,NA,NA,NA,NA,NA,An unstable snowpack resulted in an increased number of avalanches across the region.,Human triggered avalanche on Signal Peak claimed the life of a snowmobiler.,CSV
200702,21,1400,200702,21,1410,2928,15300,UTAH,49,2007,February,Avalanche,Z,8,WASATCH MOUNTAINS SOUTH OF I80,49008,SLC,21-FEB-07 14:00:00,MST-7,21-FEB-07 14:10:00,0,0,1,0,0.00K,0.00K,Park/Forest Service,NA,NA,NA,NA,NA,NA,NA,NA,NA,NA,NA,NA,NA,NA,NA,NA,NA,NA,NA,NA,NA,Natural avalanche killed a back country skier in Big Cottonwood Canyon.,Avalanche killed a back country skier on Gobblers Knob in Big Cottonwood Canyon.,CSV
200702,17,1620,200702,17,1625,2675,13808,UTAH,49,2007,February,Avalanche,Z,10,WASATCH PLATEAU/BOOK CLIFFS,49010,SLC,17-FEB-07 16:20:00,MST-7,17-FEB-07 16:25:00,0,0,1,0,0.00K,0.00K,Park/Forest Service,NA,NA,NA,NA,NA,NA,NA,NA,NA,NA,NA,NA,NA,NA,NA,NA,NA,NA,NA,NA,NA,An unstable snowpack resulted in an increased number of avalanches across the region.,Human-triggered avalanche on Tower Mountain claimed the life of a snowmobiler.,CSV
200702,18,1500,200702,18,1505,2675,13810,UTAH,49,2007,February,Avalanche,Z,7,WASATCH MOUNTAINS I80 NORTH,49007,SLC,18-FEB-07 15:00:00,MST-7,18-FEB-07 15:05:00,0,0,1,0,0.00K,0.00K,Park/Forest Service,NA,NA,NA,NA,NA,NA,NA,NA,NA,NA,NA,NA,NA,NA,NA,NA,NA,NA,NA,NA,NA,An unstable snowpack resulted in an increased number of avalanches across the region.,"Human triggered avalanche in Hells Canyon near Snowbasin claimed the life of a 17 year old male skier. The avalanche initiated around 8,500��� on a north-northeast facing slope about 35-45 degrees in steepness.  The avalanche descended about 1,500 vertical feet. The debris pile was 10-12 feet deep, and about 600��� long by 60 feet wide.",CSV
200702,24,1445,200702,24,1445,3017,15935,WASHINGTON,53,2007,February,Avalanche,Z,519,WEST SLOPES CENTRAL CASCADES AND PASSES,53519,SEW,24-FEB-07 14:45:00,PST-8,24-FEB-07 14:45:00,0,0,1,0,0.00K,0.00K,Newspaper,NA,NA,NA,NA,NA,NA,NA,NA,NA,NA,NA,NA,NA,NA,NA,NA,NA,NA,NA,NA,NA,A man died near Crystal Mountain after an avalanche buried him in a roped-off area just outside the ski resort.,NA,CSV
200702,12,1000,200702,12,1000,2714,13968,NEVADA,32,2007,February,Avalanche,Z,2,GREATER LAKE TAHOE AREA,32002,REV,12-FEB-07 10:00:00,PST-8,12-FEB-07 10:00:00,1,0,0,0,0.00K,0.00K,Newspaper,NA,NA,NA,NA,NA,NA,NA,NA,NA,NA,NA,NA,NA,NA,NA,NA,NA,NA,NA,NA,NA,One day after a powerful snowstorm moved through the region an avalanche occurred at the Mt. Rose ski area.,While perfoming routine safety work a ski patroller was caught in an avalanche in the Chutes area of Mt. Rose ski area.  The ski patroller was injured and was airlifted off the mountain.,CSV
200702,17,1300,200702,17,1500,2716,13974,IDAHO,16,2007,February,Avalanche,Z,23,CARIBOU HIGHLANDS,16023,PIH,17-FEB-07 13:00:00,MST-7,17-FEB-07 15:00:00,0,0,1,0,0.00K,0.00K,Park/Forest Service,NA,NA,NA,NA,NA,NA,NA,NA,NA,NA,NA,NA,NA,NA,NA,NA,NA,NA,NA,NA,NA,A 26 year old snowmobiler was killed in an avalanche about 15 miles west of Jackson near Palisades Peak.  The victim was buried under 8 or 9 feet of snow.,A 26 year old snowmobiler was killed in an avalanche about 15 miles west of Jackson near Palisades Peak.  The victim was buried under 8 or 9 feet of snow and could not be resuscitated by companions.,CSV
200701,12,1400,200701,14,1200,2248,10948,COLORADO,8,2007,January,Avalanche,Z,18,NORTHWESTERN SAN JUAN MOUNTAINS,08018,GJT,12-JAN-07 14:00:00,MST-7,14-JAN-07 12:00:00,0,0,0,0,0.00K,0.00K,Department of Highways,NA,NA,NA,NA,NA,NA,NA,NA,NA,NA,NA,NA,NA,NA,NA,NA,NA,NA,NA,NA,NA,Copius amounts of moisture and high winds associated with a low pressure system caused an increase in avalanche danger. This led to some natural avalanches and resulted in mitigation procedures that produced additional avalanches in the western San Juan Mountains.,"On January 12th, 2 natural avalanches near Red Mountain Pass deposited snow on Highway 550 for a distance of 36 feet at a depth of 2 feet on the centerline. Avalanche mitigation procedures resulted in a number of man-made slides which also deposited debris on roadways near Red Mountain Pass, Coal Bank Pass, and Molas Pass. Periodic road closures occurred for a total of 41 hours and 40 minutes at Red Mountain Pass, and for 8 hours and 25 minutes for Coal Bank and Molas Passes.",CSV
200702,1,1750,200702,2,1135,3661,20312,COLORADO,8,2007,February,Avalanche,Z,18,NORTHWESTERN SAN JUAN MOUNTAINS,08018,GJT,01-FEB-07 17:50:00,MST-7,02-FEB-07 11:35:00,0,0,0,0,0.00K,0.00K,Department of Highways,NA,NA,NA,NA,NA,NA,NA,NA,NA,NA,NA,NA,NA,NA,NA,NA,NA,NA,NA,NA,NA,A California closed low merged with a northwest cold front which produced several inches of new snow. This caused an unstable snowpack and several avalanches across portions of the San Juan Mountains.,"Three natural avalanches covered a portion of Highway 550 near Red Mountain Pass, covering the roadway with up to four feet of snow for a total length of 161 feet along the centerline. CDOT initiated several avalanches in the area for mitigation purposes. Periodic road closures occurred while debris was cleared.",CSV
200703,13,1350,200703,13,1355,4104,22991,COLORADO,8,2007,March,Avalanche,Z,10,GORE AND ELK MOUNTAINS/CENTRAL MOUNTAIN VALLEYS,08010,GJT,13-MAR-07 13:50:00,MST-7,13-MAR-07 13:55:00,0,0,2,0,1.00K,0.00K,Park/Forest Service,NA,NA,NA,NA,NA,NA,NA,NA,NA,NA,NA,NA,NA,NA,NA,NA,NA,NA,NA,NA,NA,Unstable snowpack resulted in avalanches in some of the mountains of western Colorado.,"Three people were on a backcountry ski vacation near Aspen. They chose to ascend Mount Shimer about 7 miles southeast of Aspen. They were ascending a tree covered, north facing slope near the 12,088 foot level. At approximately 1:50 pm, the lead skier remotely triggered a large avalanche in the bowl to the east. Just after this, a smaller avalanche fractured above the party. The avalanche caught all three, but the upper skier was only carried for approximately 100 feet. The avalanche swept the two lower men on split snowboards down the slope and buried both. The victims were buried, one above the other with about 100 feet between them. The upper skier found his two companions and uncovered debris from their heads and notified rescue personnel. When rescue personnel arrived on the scene, they determined that both victims were dead.",CSV
200712,1,1800,200712,2,1600,12384,67954,WASHINGTON,53,2007,December,Avalanche,Z,519,WEST SLOPES CENTRAL CASCADES AND PASSES,53519,SEW,01-DEC-07 18:00:00,PST-8,02-DEC-07 16:00:00,0,0,3,0,0.00K,0.00K,Newspaper,NA,NA,NA,NA,NA,NA,NA,NA,NA,NA,NA,NA,NA,NA,NA,NA,NA,NA,NA,NA,NA,"Two hikers were killed, and one injured, by an avalanche near Snoqualmie Pass. 3 snowboarders are presumed dead near Crystal Mountain.||The snowfall that led to the avalanches was part of a deep Pacific storm system offshore the also created lowland snow in western Washington, strong winds particularly in the coastal region as well as heavy rainfall, flooding and landslides elsewhere in western Washington.",Three snowboarders were presumed dead near Crystal Mountain.  They were found in mid June 2008 in their sleeping bags once the snow had melted enough.  It is presumed they were buried in an avalanche during the night of Dec 1 or early morning of Dec 2.,CSV
200812,26,1440,200812,26,1440,25069,146179,COLORADO,8,2008,December,Avalanche,Z,33,S & E JACKSON / LARIMER / N & NE GRAND / NW BOULDER COUNTIES ABOVE 9000 FEET,08033,BOU,26-DEC-08 14:40:00,MST-7,26-DEC-08 14:40:00,0,0,2,0,NA,0.00K,Newspaper,NA,NA,NA,NA,NA,NA,NA,NA,NA,NA,NA,NA,NA,NA,NA,NA,NA,NA,NA,NA,NA,"Two snowmobilers were killed on the side of Gravel Mountain near Grand Lake.  The avalanche occurred when one of the men tried to assist the other, after his snowmobile had become stuck in the snow.  Both men were buried by the slide and died at the scene of the accident.  Another snowmobiler was partially buried in the avalanche, but was not injured.",NA,CSV
200802,23,900,200802,23,900,13459,75035,WYOMING,56,2008,February,Avalanche,Z,22,CASPER MOUNTAIN,56022,RIW,23-FEB-08 09:00:00,MST-7,23-FEB-08 09:00:00,2,0,0,0,0.00K,0.00K,Newspaper,NA,NA,NA,NA,NA,NA,NA,NA,NA,NA,NA,NA,NA,NA,NA,NA,NA,NA,NA,NA,NA,"Two skiers were injured, one extensively, when an avalanche triggered in a bowl they were skiing through on Casper Mountain.  The slide was 100 yards wide and at least 50-100 yards long.  One skier received only minor injuries after hitting a tree and having his skis ripped from his feet.  The second skier was buried under a foot of snow after getting one of his skis caught in the branch of a tree.  He received a deep cut to his shin and a broken foot as a result of the slide.",NA,CSV
200801,13,1230,200801,13,1300,12111,66210,MONTANA,30,2008,January,Avalanche,Z,2,WEST GLACIER REGION,30002,MSO,13-JAN-08 12:30:00,MST-7,13-JAN-08 13:00:00,1,0,2,0,0.00K,0.00K,Law Enforcement,NA,NA,NA,NA,NA,NA,NA,NA,NA,NA,NA,NA,NA,NA,NA,NA,NA,NA,NA,NA,NA,"On January 13, a large avalanche was triggered near the Big Mountain Ski Resort.",Flathead County Search and Rescue personnel reported a large avalanche on the back side of Big Mountain Ski Resort. Two skiers were killed and one was injured. The avalanche was initiated by another skier who was skiing out of bounds in an area closed to skiing.,CSV
200801,26,1200,200801,31,2359,13070,72349,WASHINGTON,53,2008,January,Avalanche,Z,501,EAST SLOPES OF THE CENTRAL CASCADES,53501,PDT,26-JAN-08 12:00:00,PST-8,31-JAN-08 23:59:00,0,0,0,0,0.00K,0.00K,Newspaper,NA,NA,NA,NA,NA,NA,NA,NA,NA,NA,NA,NA,NA,NA,NA,NA,NA,NA,NA,NA,NA,Six feet of snow in 6 days caused numerous avalanches on the mountains surrounding Interstate 90 between Easton and Snoqualmie Pass in Kittitas County.,NA,CSV
200801,2,1411,200801,2,1411,11937,65423,WYOMING,56,2008,January,Avalanche,Z,63,SNOWY RANGE,56063,CYS,02-JAN-08 14:11:00,MST-7,02-JAN-08 14:11:00,0,0,1,0,0.00K,0.00K,Law Enforcement,NA,NA,NA,NA,NA,NA,NA,NA,NA,NA,NA,NA,NA,NA,NA,NA,NA,NA,NA,NA,NA,"An avalanche buried 4 people on snowmobiles, and resulted in one fatality.",NA,CSV
200801,31,1530,200801,31,1730,12522,74695,IDAHO,16,2008,January,Avalanche,Z,6,SOUTHERN CLEARWATER MOUNTAINS,16006,MSO,31-JAN-08 15:30:00,PST-8,31-JAN-08 17:30:00,0,0,0,0,0.00K,0.00K,Department of Highways,NA,NA,NA,NA,NA,NA,NA,NA,NA,NA,NA,NA,NA,NA,NA,NA,NA,NA,NA,NA,NA,"On Janauary 30 and 31, another potent winter storm moved across North Central Idaho and produced heavy snowfall, gusty winds, and signficant blowing and drifting snow.","Three large snow and debris slides occurred along the Highway 12 corridor. The first slide occurred between 330 PM and 345 PM at mile marker 133.97, large enough to close Highway 12. The second slide occurred at mile marker 133.79 which hit a truck and trailer. The third slide at mile marker 137.06 was large enough to flow into the Lochsa River and dam up the river.",CSV
200801,12,1620,200801,12,1620,11992,65679,WYOMING,56,2008,January,Avalanche,Z,12,TETON & GROS VENTRE MOUNTAINS,56012,RIW,12-JAN-08 16:20:00,MST-7,12-JAN-08 16:20:00,0,0,0,0,0.00K,0.00K,Newspaper,NA,NA,NA,NA,NA,NA,NA,NA,NA,NA,NA,NA,NA,NA,NA,NA,NA,NA,NA,NA,NA,"Two skiers were caught in an avalanche near Cache Peak about eight miles southeast of Jackson.  The slide knocked both skiers from their feet and slammed one against a tree, breaking his leg.  The partner of the injured skier used a cell phone to call for help.  Darkness prevented the pair from being rescued by helicopter.  Thus, the skiers were transported out of the wilderness approximately seven hours after the slide occurred.",NA,CSV
200802,10,1500,200802,10,1500,13425,74708,IDAHO,16,2008,February,Avalanche,Z,6,SOUTHERN CLEARWATER MOUNTAINS,16006,MSO,10-FEB-08 15:00:00,PST-8,10-FEB-08 15:00:00,0,0,0,0,0.00K,0.00K,Department of Highways,NA,NA,NA,NA,NA,NA,NA,NA,NA,NA,NA,NA,NA,NA,NA,NA,NA,NA,NA,NA,NA,"On February 8-9, a winter storm moved east across North Central Idaho and produced heavy snowfall. The build up of snow on the mountains caused it to become unstable and produce avalanches.","Two avalanches were reported along Highway 12. The first, at mile marker 133.79, covered the highway with 3 to 4 feet of debris and snow. The second, at mile marker 132.48, covered the highway with 23 feet of snow, large trees and debris.",CSV
200801,5,1100,200801,5,1700,14008,78864,IDAHO,16,2008,January,Avalanche,Z,31,BIG AND LITTLE WOOD RIVER REGION,16031,PIH,05-JAN-08 11:00:00,MST-7,05-JAN-08 17:00:00,0,0,0,0,10.00K,0.00K,Law Enforcement,NA,NA,NA,NA,NA,NA,NA,NA,NA,NA,NA,NA,NA,NA,NA,NA,NA,NA,NA,NA,NA,Heavy snow and winds caused four avalanches along Warm Springs Road.  A garage and patio were destroyed with road closures.,Heavy snow and winds caused four avalanches along Warm Springs Road. A garage and patio were destroyed with road closures.,CSV
200812,24,1030,200812,24,1030,25363,147801,UTAH,49,2008,December,Avalanche,Z,7,WASATCH MOUNTAINS I-80 NORTH,49007,SLC,24-DEC-08 10:30:00,MST-7,24-DEC-08 10:30:00,0,0,2,0,0.00K,0.00K,State Official,NA,NA,NA,NA,NA,NA,NA,NA,NA,NA,NA,NA,NA,NA,NA,NA,NA,NA,NA,NA,NA,An avalanche at Logan Peak on the morning of December 24th killed two snowmobilers.,"On Christmas Eve morning, the first clear day after several consecutive days under stormy weather conditions, four experienced snowmobilers ventured out into a common snowmobiling area at Logan Peak. They were riding near the summit of the east face of Logan Peak at the head of Providence Canyon, in an area known by local snowmobilers as the Rodeo Grounds, when an avalanche was triggered, catching and killing two of the snowmobilers.",CSV
200812,30,1600,200812,30,1600,25365,147850,UTAH,49,2008,December,Avalanche,Z,9,WESTERN UINTA MOUNTAINS,49009,SLC,30-DEC-08 16:00:00,MST-7,30-DEC-08 16:00:00,0,0,1,0,0.00K,0.00K,State Official,NA,NA,NA,NA,NA,NA,NA,NA,NA,NA,NA,NA,NA,NA,NA,NA,NA,NA,NA,NA,NA,An avalanche in the western Uinta Mountains caught and killed one snowmobiler.,"A father and his three sons left the Bear River Service trailhead in the Western Uinta Mountains for a day of snowmobiling on the morning of December 30th. They eventually made their way to Yamaha Hill (which Utah riders call Avalanche Hill), where one of the sons triggered a large avalanche. He got carried by the avalanche and was killed.",CSV
200812,14,1224,200812,14,1224,25215,147054,UTAH,49,2008,December,Avalanche,Z,8,WASATCH MOUNTAINS SOUTH OF I-80,49008,SLC,14-DEC-08 12:24:00,MST-7,14-DEC-08 12:24:00,0,0,1,0,0.00K,0.00K,State Official,NA,NA,NA,NA,NA,NA,NA,NA,NA,NA,NA,NA,NA,NA,NA,NA,NA,NA,NA,NA,NA,An avalanche in-bounds at the Snowbird ski resort resulted in one fatality.,"Following the snow storm the previous day, the Mt. Baldy side of Snowbird resort was open to the public for the first time in the season. Prior to the avalanche, over a period of about 3 hours, an estimated 300 people crossed the starting zone of the avalanche or skied over the slope that eventually slid. At 12:24, a male snowboarder was on the high traverse of Northwest Mt. Baldy and initiated the avalanche. A 27-year-old female, who was hiking up the slope to retrieve a ski, got caught in the avalanche and was buried; she eventually died in the hospital due to injuries sustained from the avalanche.",CSV
200812,16,1305,200812,16,1310,25090,146272,CALIFORNIA,6,2008,December,Avalanche,Z,73,MONO,06073,REV,16-DEC-08 13:05:00,PST-8,16-DEC-08 13:10:00,1,0,0,0,0.00K,0.00K,Newspaper,NA,NA,NA,NA,NA,NA,NA,NA,NA,NA,NA,NA,NA,NA,NA,NA,NA,NA,NA,NA,NA,One day after a powerful snowstorm deposited up to 4 feet of snowfall in the central Sierra Nevada an avalanche occurred at Mammoth Mountain Ski Resort.,"The Mammoth Times newspaper in Mammoth Lakes reported that an avalanche occurred at the Mammoth Mountain Ski Resort during early afternoon on Tuesday, December 16th.  The newspaper reported that the avalanche, in the Dragon's Tail area above Chair 9, was triggered by ski patrol performing avalanche control duties.  According to the newspaper, a small, two-foot crown broke above the ski patroller.  As a result of the avalanche carrying him down the mountain and into a tree, the patroller suffered cracked or broken ribs.",CSV
200802,1,0,200802,2,1800,13071,72350,WASHINGTON,53,2008,February,Avalanche,Z,501,EAST SLOPES OF THE CENTRAL CASCADES,53501,PDT,01-FEB-08 00:00:00,PST-8,02-FEB-08 18:00:00,0,0,0,0,0.00K,0.00K,Newspaper,NA,NA,NA,NA,NA,NA,NA,NA,NA,NA,NA,NA,NA,NA,NA,NA,NA,NA,NA,NA,NA,Six feet of snow in 6 days caused numerous avalanches on the mountains surrounding Interstate 90 between Easton and Snoqualmie Pass in Kittitas County.,NA,CSV
200802,1,1200,200802,1,1201,19678,116742,COLORADO,8,2008,February,Avalanche,Z,13,FLATTOP MOUNTAINS,08013,GJT,01-FEB-08 12:00:00,MST-7,01-FEB-08 12:01:00,0,0,1,0,1.00K,0.00K,Newspaper,NA,NA,NA,NA,NA,NA,NA,NA,NA,NA,NA,NA,NA,NA,NA,NA,NA,NA,NA,NA,NA,A heavy and unstable snowpack produced an avalanche onto a snowmobile trail.,Three snowmobilers were coming down Little Box Canyon on a groomed trail in the southwestern Flat Tops north of the town of Rifle.  The first two riders noticed that the third was no longer behind them.|The pair turned around and headed up the canyon and found a fresh avalanche that had buried the third snowmobiler.  Rescuers retrieved the victim's body about three hours after the avalanche occurred.  The avalanche ran 300 feet down the steep slope and was 1.5 to 3 feet deep and 600 feet wide.,CSV
200801,8,1100,200801,8,1100,12342,67846,OREGON,41,2008,January,Avalanche,Z,27,SOUTH CENTRAL OREGON CASCADES,41027,MFR,08-JAN-08 11:00:00,PST-8,08-JAN-08 11:00:00,0,0,0,0,0.00K,0.00K,Park/Forest Service,NA,NA,NA,NA,NA,NA,NA,NA,NA,NA,NA,NA,NA,NA,NA,NA,NA,NA,NA,NA,NA,"A cold front brought plenty of wind and snow to the mountains of Southern Oregon.  A Blizzard Warning was issued for Oregon zones ORZ027/028 at 07/1558 PST, effective from 07/2200 until 08/2200 PST.  The warning was shortened until 08/1900 PST (ORZ027) and 08/1600 PST (ORZ028) at 08/1437 PST.  The warning expired at 08/1900 PST (ORZ027) and 08/1600 PST (ORZ028).  A Heavy Snow Warning was issued for Oregon zones ORZ024/025 above 1500 feet at 07/1558 PST, effective from 07/1558 until 08/0600 PST.  The warning for ORZ024 was cancelled at 08/0423 PST.  The warning for ORZ025 was extended to 08/1000 PST and raised to above 2500 feet at 08/0423 PST. The effective altitude was raised to 3000 feet at 08/0525 PST.  It was extended again to 08/1600 PST at 08/1014 PST, and yet again to 08/1900 PST at 08/1437 PST.  It finally expired at 08/1900 PST.  In addition to the west side and mountain snows, heavy snow was reported at a few east side locations as well.",An avalanche closed Highway 62 through Crater Lake National Park.,CSV
200812,28,2200,200812,28,2200,24443,142154,WYOMING,56,2008,December,Avalanche,Z,12,TETON & GROS VENTRE MOUNTAINS,56012,RIW,28-DEC-08 22:00:00,MST-7,28-DEC-08 22:00:00,0,0,0,0,0.00K,0.00K,Department of Highways,NA,NA,NA,NA,NA,NA,NA,NA,NA,NA,NA,NA,NA,NA,NA,NA,NA,NA,NA,NA,NA,An avalanche swept across Teton Pass near milepost 13 around 2200MST closing the road. Debris depth was estimated at 12 to 15 feet. The apparent trigger for the slide was a moose whose carcass was found among the debris. The road remained closed until 0700MST the following day.,NA,CSV
200812,30,800,200812,30,800,24444,142155,WYOMING,56,2008,December,Avalanche,Z,12,TETON & GROS VENTRE MOUNTAINS,56012,RIW,30-DEC-08 08:00:00,MST-7,30-DEC-08 08:00:00,0,0,0,0,0.00K,0.00K,Department of Highways,NA,NA,NA,NA,NA,NA,NA,NA,NA,NA,NA,NA,NA,NA,NA,NA,NA,NA,NA,NA,NA,Extreme avalanche danger in the Teton Range necessitated avalanche mitigation efforts by the Wyoming Department of Transportation. A bomb dropped from a helicopter triggered one slide that pushed snow over 40 feet deep across Teton Pass at the Glory Bowl at 0800MST. Crews worked throughout the day to clear the snow from the road which was reopened at 1900MST.,NA,CSV
200812,5,1100,200812,5,1100,23523,139593,COLORADO,8,2008,December,Avalanche,Z,34,S & SE GRAND / W CENTRAL & SW BOULDER / GILPIN / CLEAR CREEK / SUMMIT / N & W PARK COUNTIES ABOVE 9000 FEET,08034,BOU,05-DEC-08 11:00:00,MST-7,05-DEC-08 11:00:00,1,0,0,0,0.00K,0.00K,Broadcast Media,NA,NA,NA,NA,NA,NA,NA,NA,NA,NA,NA,NA,NA,NA,NA,NA,NA,NA,NA,NA,NA,An avalanche partially buried a skier on Berthoud Pass.  The skier suffered minor injuries.,NA,CSV
200812,26,500,200812,27,500,23933,139502,ALASKA,2,2008,December,Avalanche,Z,131,NERN P.W. SND,02131,AFC,26-DEC-08 05:00:00,AKST-9,27-DEC-08 05:00:00,0,0,0,0,0.00K,0.00K,Department of Highways,NA,NA,NA,NA,NA,NA,NA,NA,NA,NA,NA,NA,NA,NA,NA,NA,NA,NA,NA,NA,NA,Strong north wind produced by a strong low in the Gulf of Alaska resulted in re suspension of snow. The resulting blowing snow produce blizzard conditions through Thompson Pass.,NA,CSV
200812,6,1330,200812,6,1330,23524,139602,COLORADO,8,2008,December,Avalanche,Z,34,S & SE GRAND / W CENTRAL & SW BOULDER / GILPIN / CLEAR CREEK / SUMMIT / N & W PARK COUNTIES ABOVE 9000 FEET,08034,BOU,06-DEC-08 13:30:00,MST-7,06-DEC-08 13:30:00,0,0,0,0,0.00K,0.00K,Broadcast Media,NA,NA,NA,NA,NA,NA,NA,NA,NA,NA,NA,NA,NA,NA,NA,NA,NA,NA,NA,NA,NA,"A second avalanche struck a skier on Berthoud Pass.  The person was caught and carried for some distance, but was not injured.",NA,CSV
200812,29,926,200812,29,926,24424,142066,WYOMING,56,2008,December,Avalanche,Z,12,TETON & GROS VENTRE MOUNTAINS,56012,RIW,29-DEC-08 09:26:00,MST-7,29-DEC-08 09:26:00,5,0,0,0,15.00K,0.00K,Newspaper,NA,NA,NA,NA,NA,NA,NA,NA,NA,NA,NA,NA,NA,NA,NA,NA,NA,NA,NA,NA,NA,"An in-bounds avalanche slammed into the Bridger Restaurant at Jackson Hole Mountain Resort at 0926MST after being triggered by a ski patrol bomb. The slide injured five ski patrollers and caused damage to the restaurant deck. One of the patrollers was buried in snow up to his neck. The force of the avalanche blasted through doors and windows, piling snow up to eight feet deep inside the building. At least a dozen feet of snow was pushed against the back wall of the restaurant.",NA,CSV
200812,27,1325,200812,27,1325,24423,142065,WYOMING,56,2008,December,Avalanche,Z,12,TETON & GROS VENTRE MOUNTAINS,56012,RIW,27-DEC-08 13:25:00,MST-7,27-DEC-08 13:25:00,0,0,1,0,0.00K,0.00K,Park/Forest Service,NA,NA,NA,NA,NA,NA,NA,NA,NA,NA,NA,NA,NA,NA,NA,NA,NA,NA,NA,NA,NA,An avalanche occurred within the boundaries of the Jackson Hole Mountain Resort resulting in the death of a 31-year-old male. The slide carried the victim and his uninjured companion 200 yards. The depth of the avalanche was six to eight feet and completely buried the victim. The area had undergone avalanche hazard reduction efforts that morning and had previously been skied that day.,NA,CSV
200801,12,1330,200801,12,1330,11953,65482,WYOMING,56,2008,January,Avalanche,Z,24,SALT RIVER & WYOMING RANGES,56024,RIW,12-JAN-08 13:30:00,MST-7,12-JAN-08 13:30:00,0,0,3,0,0.00K,0.00K,Newspaper,NA,NA,NA,NA,NA,NA,NA,NA,NA,NA,NA,NA,NA,NA,NA,NA,NA,NA,NA,NA,NA,"Three men were killed near Cottonwood Lake when an avalanche enveloped them and their snowmobiles.  The slide was estimated to have been one-half mile long, 400 yards wide at the bottom, and covered about 10 acres at an average depth of 10 feet in the runout zone.  The snow was powerful enough to uproot or snap trees that were two feet in diameter.  The strength of the slide allowed it to push across an open meadow and then uphill before slowing to a stop.",NA,CSV
200812,25,1030,200812,25,1035,25098,146289,CALIFORNIA,6,2008,December,Avalanche,Z,72,GREATER LAKE TAHOE AREA,06072,REV,25-DEC-08 10:30:00,PST-8,25-DEC-08 10:35:00,0,0,1,0,0.00K,0.00K,Newspaper,NA,NA,NA,NA,NA,NA,NA,NA,NA,NA,NA,NA,NA,NA,NA,NA,NA,NA,NA,NA,NA,A winter storm brought over two feet of snow to parts of the Sierra Nevada and a rare white Christmas to much of western Nevada.,The Sacramento Bee newspaper reported that a 21-year-old skier died in an avalanche in the Sierra on Christmas morning.  The newspaper reported that the skier's body was found buried following an avalanche in the Red Dog area at Squaw Valley Ski Resort.  The victim was a resident of Tahoe City.,CSV
200801,4,1430,200801,4,1430,13448,74999,WASHINGTON,53,2008,January,Avalanche,Z,518,WEST SLOPES NORTHERN CASCADES AND PASSES,53518,SEW,04-JAN-08 14:30:00,PST-8,04-JAN-08 14:30:00,0,0,1,0,0.00K,0.00K,Newspaper,NA,NA,NA,NA,NA,NA,NA,NA,NA,NA,NA,NA,NA,NA,NA,NA,NA,NA,NA,NA,NA,A 13 year old girl died in an avalanche near Verlot. Strong winds accompanied this weather event in portions of western Washington as well along with heavy snow in the Olympics.,A 13 year old girl died in an avalanche near Verlot.,CSV
200801,1,1300,200801,1,1300,13447,74955,WASHINGTON,53,2008,January,Avalanche,Z,518,WEST SLOPES NORTHERN CASCADES AND PASSES,53518,SEW,01-JAN-08 13:00:00,PST-8,01-JAN-08 13:00:00,0,0,2,0,0.00K,0.00K,Newspaper,NA,NA,NA,NA,NA,NA,NA,NA,NA,NA,NA,NA,NA,NA,NA,NA,NA,NA,NA,NA,NA,"Just north of the Mount Baker ski area, 2 snowmobilers died and 1 was injured in an avalanche. Strong winds accompanied this weather event in portions of western Washington as well.","Just north of the Mount Baker ski area in the Excelsior Pass area, 2 snowmobilers died and 1 was injured in an avalanche.",CSV
200801,8,715,200801,9,1215,13719,78773,OREGON,41,2008,January,Avalanche,Z,11,NORTH OREGON CASCADES,41011,PQR,08-JAN-08 07:15:00,PST-8,09-JAN-08 12:15:00,0,0,0,0,0.00K,0.00K,Newspaper,NA,NA,NA,NA,NA,NA,NA,NA,NA,NA,NA,NA,NA,NA,NA,NA,NA,NA,NA,NA,NA,"A strong and cold Pacific system brought copious amounts of new snow accumulations to the higher elevations of northwest Oregon.  This system dropped snow levels considerably, leading to the first snow accumulation of the year in areas within the Columbia River Gorge and the Upper Hood River Valley.","Over the course of about 18 hours, multiple avalanches occurred in the same area, over the Santiam Pass, near the intersection of Hwy. 20 and Hwy. 126. The avalanches were contributed to higher than average snow pack, and large amounts of plowed snow along the highways. The first set of avalanches occurred the morning of January 8th, the largest burying parts of US Hwy. 20 up to 15 feet deep.  Three cars were trapped by the avalanche then later freed, with no injuries.  The second round of avalanches occurred late at night on January 8th and wasn't cleared until the following morning.  Eight commercial vehicles were trapped for a time under the snow, with no injuries reported.  Both rounds closed the highways for an extended period of time for snow removal.",CSV
200801,25,1205,200801,25,1400,13869,77834,CALIFORNIA,6,2008,January,Avalanche,Z,54,LOS ANGELES COUNTY MOUNTAINS EXCLUDING THE SANTA MONICA RANGE,06054,LOX,25-JAN-08 12:05:00,PST-8,25-JAN-08 14:00:00,3,0,3,0,0.00K,0.00K,Newspaper,NA,NA,NA,NA,NA,NA,NA,NA,NA,NA,NA,NA,NA,NA,NA,NA,NA,NA,NA,NA,NA,"A very powerful winter storm brough significant weather to Central and Southern California. This storm produced several inches of rainfall across the area. The intense rainfall produced areas of flash flooding across Ventura and Los Angeles counties, including a mud and debris flow near the Griffith Park burn area. The storm brought in a significant amounts of cold air which lowered snow levels to around 2500 feet at the height of the storm. Several inches of snowfall was reported between 2500 and 4000 feet while areas above 4000 feet received several feet of snowfall. This heavy snowfall closed Highway 33 in Ventura county as well as Interstate 5 through the Grapevine in Los Angeles county. Between 300 and 500 vehicles were stranded along Interstate 5 on Wednesday night, January 23rd. Near the Mountain High Ski Resort several avalanches occurred, killing 3 skiers. Unstable air associated with the strom system produced several reports of waterspouts west of Oxnard and Palos Verdes with one waterspout moving onshore across Point Mugu Naval Station, damaging a roof.",Several avalanches occurred near the Mountain High Ski Resort in the San Gabriel Mountains of Los Angeles county. Three male skiers died as a result of the avalanches.,CSV
200801,10,1100,200801,10,1100,13657,76488,COLORADO,8,2008,January,Avalanche,Z,73,NORTHERN SANGRE DE CRISTO MOUNTAINS ABOVE 11000 FT,08073,PUB,10-JAN-08 11:00:00,MST-7,10-JAN-08 11:00:00,0,0,1,0,0.00K,0.00K,Fire Department/Rescue,NA,NA,NA,NA,NA,NA,NA,NA,NA,NA,NA,NA,NA,NA,NA,NA,NA,NA,NA,NA,NA,"An avalanche buried a hiker in the Hour Glass, between Blanca Peak and Little Bear Peak in the northern Sangre de Cristo mountains.",A deadly avalanche occurred on the east slope of Blanca Peak.,CSV
200802,1,700,200802,1,700,12542,74705,IDAHO,16,2008,February,Avalanche,Z,6,SOUTHERN CLEARWATER MOUNTAINS,16006,MSO,01-FEB-08 07:00:00,PST-8,01-FEB-08 07:00:00,0,0,0,0,0.00K,0.00K,Department of Highways,NA,NA,NA,NA,NA,NA,NA,NA,NA,NA,NA,NA,NA,NA,NA,NA,NA,NA,NA,NA,NA,"On February 1 and 2, a winter weather system moved across North Central Idaho and produced heavy snowfall at Lolo Pass.","Idaho Department of Transportation reported two avalanches along Highway 12. The first, at mile marker 137.79 pushed a truck into the Lochsa River. The second occurred at mile marker 133.19.",CSV
200801,28,930,200801,28,1855,12428,68017,WYOMING,56,2008,January,Avalanche,Z,12,TETON & GROS VENTRE MOUNTAINS,56012,RIW,28-JAN-08 09:30:00,MST-7,28-JAN-08 18:55:00,0,0,0,0,0.00K,0.00K,Newspaper,NA,NA,NA,NA,NA,NA,NA,NA,NA,NA,NA,NA,NA,NA,NA,NA,NA,NA,NA,NA,NA,"A snowboarder triggered an avalanche on Teton Pass which closed State Highway 22 for nearly ten hours.  The avalanche occurred about 0930MST near the Twin Slides area of the pass.  The snow covered the roadway to a depth of six feet along a 120-foot-long path.  One car was partially buried by the slide but no injuries occurred.  The pass, used daily by commuters between Idaho and Jackson Hole, was finally re-opened shortly before 1900MST.",NA,CSV
200802,5,1900,200802,6,1240,12562,74176,IDAHO,16,2008,February,Avalanche,Z,7,OROFINO / GRANGEVILLE REGION,16007,MSO,05-FEB-08 19:00:00,PST-8,06-FEB-08 12:40:00,0,0,0,0,NA,0.00K,Newspaper,NA,NA,NA,NA,NA,NA,NA,NA,NA,NA,NA,NA,NA,NA,NA,NA,NA,NA,NA,NA,NA,"On February 5 and 6, a winter storm moved across North Central Idaho bringing heavy snow to the mountains and blizzard conditions to the Camas Prairie.",Clearwater Tribune reported that the Idaho State Patrol closed US Highway 95 from mile post 223-259 due to a snow avalanche on Whitebird Hill and blizzard conditions.,CSV
200812,14,1430,200812,14,1432,25147,146574,COLORADO,8,2008,December,Avalanche,Z,10,GORE AND ELK MOUNTAINS/CENTRAL MOUNTAIN VALLEYS,08010,GJT,14-DEC-08 14:30:00,MST-7,14-DEC-08 14:32:00,0,0,1,0,0.00K,0.00K,Newspaper,NA,NA,NA,NA,NA,NA,NA,NA,NA,NA,NA,NA,NA,NA,NA,NA,NA,NA,NA,NA,NA,A storm system dropped heavy snow onto weak snow layers in the mountains which resulted in numerous avalanches.,"A lone backcountry skier was caught and killed in an avalanche in the Richmond Ridge area, just south of Aspen Mountain. Sometime between 1 and 3 pm the victim exited the ski resort through a backcountry gate. Since he was traveling alone, the exact time of the incident is unknown. The victim was carried about 200 vertical feet down the slope before being buried in a group of trees.",CSV
200812,14,1200,200812,14,1202,25147,146884,COLORADO,8,2008,December,Avalanche,Z,10,GORE AND ELK MOUNTAINS/CENTRAL MOUNTAIN VALLEYS,08010,GJT,14-DEC-08 12:00:00,MST-7,14-DEC-08 12:02:00,0,0,0,0,0.00K,0.00K,Newspaper,NA,NA,NA,NA,NA,NA,NA,NA,NA,NA,NA,NA,NA,NA,NA,NA,NA,NA,NA,NA,NA,A storm system dropped heavy snow onto weak snow layers in the mountains which resulted in numerous avalanches.,"A skier was caught in a rare in-bounds avalanche on Vail Mountain. The avalanche was 100 to 150 feet wide and about 600 feet long. The skier was able to stay on top of the snow and in the end was buried waist deep in snow.  The victim's friend was able to dig him out, and the victim was not injured.",CSV
200812,14,1200,200812,14,1202,25147,146885,COLORADO,8,2008,December,Avalanche,Z,18,NORTHWESTERN SAN JUAN MOUNTAINS,08018,GJT,14-DEC-08 12:00:00,MST-7,14-DEC-08 12:02:00,0,0,0,0,0.00K,0.00K,Park/Forest Service,NA,NA,NA,NA,NA,NA,NA,NA,NA,NA,NA,NA,NA,NA,NA,NA,NA,NA,NA,NA,NA,A storm system dropped heavy snow onto weak snow layers in the mountains which resulted in numerous avalanches.,"A ski patroller was caught in an avalanche and carried into some trees in an area known as If Cliff at an elevation near 10,800 feet.  The victim was shaken but not injured.",CSV
200812,17,1400,200812,17,1402,25184,146882,COLORADO,8,2008,December,Avalanche,Z,12,WEST ELK AND SAWATCH MOUNTAINS,08012,GJT,17-DEC-08 14:00:00,MST-7,17-DEC-08 14:02:00,0,0,1,0,0.00K,0.00K,Newspaper,NA,NA,NA,NA,NA,NA,NA,NA,NA,NA,NA,NA,NA,NA,NA,NA,NA,NA,NA,NA,NA,A snowboarder was killed by an avalanche.,"Sometime during the afternoon, a 36 year old male snowboarder was caught and killed in an avalanche approximately 2 miles northwest of Crested Butte. The soft slab avalanche occurred in an area known as Happy Chutes. The avalanche ran about 1,500 vertical feet, carrying the victim through a dense grove of trees, over a 20 to 30 foot cliff, then down a tight gully and finally to a stand of small trees. The victim was found about a week later under 3 to 4 feet of snow.",CSV
200812,29,1200,200812,29,1202,25185,146883,COLORADO,8,2008,December,Avalanche,Z,10,GORE AND ELK MOUNTAINS/CENTRAL MOUNTAIN VALLEYS,08010,GJT,29-DEC-08 12:00:00,MST-7,29-DEC-08 12:02:00,1,0,0,0,0.00K,0.00K,Newspaper,NA,NA,NA,NA,NA,NA,NA,NA,NA,NA,NA,NA,NA,NA,NA,NA,NA,NA,NA,NA,NA,A man was injured after being caught in an avalanche.,A 42 year old man was caught in a backcountry avalanche near Vail. His leg was broken as a result of the avalanche.  Search and rescue crews helped the victim off the mountain and transported him to a medical facility.,CSV
200802,7,1615,200802,7,1615,14211,81413,WASHINGTON,53,2008,February,Avalanche,Z,42,EAST SLOPES NORTHERN CASCADES,53042,OTX,07-FEB-08 16:15:00,PST-8,07-FEB-08 16:15:00,0,0,0,0,1.10M,0.00K,Newspaper,NA,NA,NA,NA,NA,NA,NA,NA,NA,NA,NA,NA,NA,NA,NA,NA,NA,NA,NA,NA,NA,An avalanche destroyed a two-story vacation home built in 2007 near Lake Wenatchee.,NA,CSV
200804,7,1200,200804,7,1201,14198,79723,ALASKA,2,2008,April,Avalanche,Z,131,NERN P.W. SND,02131,AFC,07-APR-08 12:00:00,AKST-9,07-APR-08 12:01:00,0,0,1,0,0.00K,0.00K,Newspaper,NA,NA,NA,NA,NA,NA,NA,NA,NA,NA,NA,NA,NA,NA,NA,NA,NA,NA,NA,NA,NA,An avalanche occurred around 1 PM ADT near mile 28.5 in Thompson Pass resulting in the fatality of one man.,This event was first reported over network television then in the Anchorage Daily News.,CSV
200812,28,1400,200812,28,1401,29626,173711,COLORADO,8,2008,December,Avalanche,Z,22,ANIMAS RIVER BASIN,08022,GJT,28-DEC-08 14:00:00,MST-7,28-DEC-08 14:01:00,1,0,0,0,0.00K,0.00K,Newspaper,NA,NA,NA,NA,NA,NA,NA,NA,NA,NA,NA,NA,NA,NA,NA,NA,NA,NA,NA,NA,NA,Snowmobilers triggered an avalanche in Rio Blanco County.,"Layers of weak and unstable snow followed by sustained, heavy snowfall, created avalanche prone conditions that gave way to a snowmobile induced avalanche during the afternoon hours of January 4. Three snowmobilers were riding up a snow-covered hill about six miles south of the Marapos Creek trailhead in Rio Blanco county south of Hamilton, when the avalanche occurred and buried one of the snowmobilers head first into the snow. The two other snowmobilers recovered the victim who was unconscious at the time, but regained consciousness shortly thereafter. He was taken to Memorial Hospital in Craig and then to Aurora Hospital.  The victim suffered some pulmonary problems from the snowmobile exhaust that filled his lungs with carbon monoxide while he was trapped underneath the snow.",CSV
200801,4,1130,200801,4,1143,21276,125867,COLORADO,8,2008,January,Avalanche,Z,10,GORE AND ELK MOUNTAINS/CENTRAL MOUNTAIN VALLEYS,08010,GJT,04-JAN-08 11:30:00,MST-7,04-JAN-08 11:43:00,0,0,1,0,0.00K,0.00K,Newspaper,NA,NA,NA,NA,NA,NA,NA,NA,NA,NA,NA,NA,NA,NA,NA,NA,NA,NA,NA,NA,NA,A man was killed by an avalanche while skiing.,"A snowboarder was caught and killed in a large avalanche between Vail Pass summit and East Vail. The snowboarder was engulfed by the powder cloud and was carried over 3 cliff bands and swept through numerous small pine trees before being buried about 4 feet deep, about 750 vertical feet down the slope. The other two party members quickly found the boarder but were unable to revive him.",CSV
200804,10,1510,200804,12,1600,18648,109437,COLORADO,8,2008,April,Avalanche,Z,18,NORTHWESTERN SAN JUAN MOUNTAINS,08018,GJT,10-APR-08 15:10:00,MST-7,12-APR-08 16:00:00,0,0,0,0,0.00K,0.00K,State Official,NA,NA,NA,NA,NA,NA,NA,NA,NA,NA,NA,NA,NA,NA,NA,NA,NA,NA,NA,NA,NA,Heavy snow and strong winds resulted in several avalanches on Red Mountain Pass.,Twenty-one natural avalanches on Red Mountain Pass hit the road and caused periods of road closure. Some of the avalanches were up to 8 feet deep and several hundred feet wide on the roadway.,CSV
200903,3,800,200903,3,800,27306,160203,CALIFORNIA,6,2009,March,Avalanche,Z,72,GREATER LAKE TAHOE AREA,06072,REV,03-MAR-09 08:00:00,PST-8,03-MAR-09 08:00:00,0,0,1,0,0.00K,0.00K,Newspaper,NA,NA,NA,NA,NA,NA,NA,NA,NA,NA,NA,NA,NA,NA,NA,NA,NA,NA,NA,NA,NA,A powerful winter storm moved through the northern and central Sierra Nevada and western Nevada.,A ski patrolman was partially buried in an avalanche at Squaw Valley Ski Resort while he was working avalanche controls.  He was dug out of the avalanche by another member of the ski patrol.  He was transferred to Renown Regional Medical Center in Reno but later died from his injuries.,CSV
200912,7,200,200912,8,800,34562,199686,UTAH,49,2009,December,Avalanche,Z,29,CANYONLANDS / NATURAL BRIDGES,49029,GJT,07-DEC-09 02:00:00,MST-7,08-DEC-09 08:00:00,0,0,0,0,0.00K,0.00K,Trained Spotter,NA,NA,NA,NA,NA,NA,NA,NA,NA,NA,NA,NA,NA,NA,NA,NA,NA,NA,NA,NA,NA,"A very strong, moist, and unseasonably cold winter storm struck the central intermountain region. Heavy snowfall occurred in most areas across eastern Utah and western Colorado. Additionally, strong winds in the southern portions of eastern Utah and western Colorado produced blizzard conditions.","Snowfall amounts ranged from 6 to 12 inches across northern portions of the area with 4 or less inches in southern areas, and some locations only receiving rain.",CSV
200912,15,600,200912,15,1800,34934,201479,OREGON,41,2009,December,Avalanche,Z,27,SOUTH CENTRAL OREGON CASCADES,41027,MFR,15-DEC-09 06:00:00,PST-8,15-DEC-09 18:00:00,0,0,0,0,0.00K,0.00K,Public,NA,NA,NA,NA,NA,NA,NA,NA,NA,NA,NA,NA,NA,NA,NA,NA,NA,NA,NA,NA,NA,Heavy snow created unstable slope conditions across southern Oregon and northern California.,This report came from www.avalanche.org. ||A party of 2 skiers was descending the west face of Garfield peak in Crater Lake National Park at 7800 ft.. The first skier was in the upper bowl when the slope avalanched with the crown 10-14 inches deep and approximately 900 ft. wide. He was carried down slope 400 vertical feet when he slammed into a stand of trees on the edge of the avalanche pathway above a small cliff. The snow continued down another 600 vertical feet to the road. He was partially buried and tangled on a tree. The other skier extricated him and assisted him to the road where he was then transported to the hospital. His main injury was a separated pelvis and was discharged 4 days later.,CSV
200901,2,1500,200901,2,1500,24460,142215,WYOMING,56,2009,January,Avalanche,Z,2,ABSAROKA MOUNTAINS,56002,RIW,02-JAN-09 15:00:00,MST-7,02-JAN-09 15:00:00,0,0,1,0,0.00K,0.00K,Newspaper,NA,NA,NA,NA,NA,NA,NA,NA,NA,NA,NA,NA,NA,NA,NA,NA,NA,NA,NA,NA,NA,"An ice climber was killed when an avalanche one-quarter mile across swept 2,000 feet down a mountainside and spilled over the edge of a steep slope he was climbing. His climbing partner was uninjured. The two climbers experienced two smaller avalanches prior to the fatal slide during their more than 1,000 foot ascent. The slide occurred on The Main Vein, a popular climbing spot on the upper South Fork of the Shoshone River.",NA,CSV
200901,16,1215,200901,16,1215,25206,147013,COLORADO,8,2009,January,Avalanche,Z,10,GORE AND ELK MOUNTAINS/CENTRAL MOUNTAIN VALLEYS,08010,GJT,16-JAN-09 12:15:00,MST-7,16-JAN-09 12:15:00,0,0,0,0,0.50K,0.00K,Park/Forest Service,NA,NA,NA,NA,NA,NA,NA,NA,NA,NA,NA,NA,NA,NA,NA,NA,NA,NA,NA,NA,NA,Three snowboarders were caught in an avalanche.,"A party of two snowboarders and one skier were hiking up a slope near Eiseman Hut in the Gore Range when they were caught and buried in an avalanche.  They all came to rest fairly quickly after being carried about 20 vertical feet.  All three were completely buried; the skier and one snowboarder under 1 to 3 feet of snow, while the other snowboarder was under 6 to 7 feet of snow.  The skier was able to dig himself out of the snow after 1 hour and 20 minutes.  The skier then dug out his partners who had been buried under the snow for up to 2 hours and 15 minutes.  All three activated their AvaLungs after they were buried by the snow, and this safety equipment was instrumental in saving their lives.  The three backcountry travelers suffered only minor injuries, though some of their equipment was damaged.",CSV
200901,7,1140,200901,7,1141,24343,150033,WASHINGTON,53,2009,January,Avalanche,Z,501,EAST SLOPES OF THE CENTRAL CASCADES,53501,PDT,07-JAN-09 11:40:00,PST-8,07-JAN-09 11:41:00,0,0,0,0,1.00M,0.00K,Newspaper,NA,NA,NA,NA,NA,NA,NA,NA,NA,NA,NA,NA,NA,NA,NA,NA,NA,NA,NA,NA,NA,Heavy rainfall on deep snowpack caused excessive runoff and moderate flooding on the Yakima River from near Easton to the mouth.,"At Hyak, 8 houses were damaged by an 300 feet wide landslide and avalanche of snow, dirt and trees.",CSV
200902,27,1230,200902,27,1230,25489,148721,WYOMING,56,2009,February,Avalanche,Z,12,TETON & GROS VENTRE MOUNTAINS,56012,RIW,27-FEB-09 12:30:00,MST-7,27-FEB-09 12:30:00,0,0,3,0,0.00K,0.00K,Newspaper,NA,NA,NA,NA,NA,NA,NA,NA,NA,NA,NA,NA,NA,NA,NA,NA,NA,NA,NA,NA,NA,"A group of four snowmobilers triggered a mile long, 100 yard wide avalanche in the Deadhorse Creek drainage near Alpine in Lincoln County. The group rode into a draw after dropping off a ridge line and the slab broke loose taking the lives of three men as they tried to outrun the slide. The lone survivor was able to get one hand above the snow and dig himself out. He then walked out and used a cell phone to call for help. The three victims were found more than two hours later under about three feet of snow.",NA,CSV
200912,17,1000,200912,17,1100,35063,206493,IDAHO,16,2009,December,Avalanche,Z,11,WEST CENTRAL MOUNTAINS,16011,BOI,17-DEC-09 10:00:00,MST-7,17-DEC-09 11:00:00,0,0,1,0,0.00K,0.00K,Newspaper,NA,NA,NA,NA,NA,NA,NA,NA,NA,NA,NA,NA,NA,NA,NA,NA,NA,NA,NA,NA,NA,"A strong winter storm with a significant Pacific moisture tap moved into the Intermountain West spreading heavy, wet snow across parts of Southeast Oregon and Southwest Idaho on the 15th and 16th of December.","Idaho Mountain Express reported that a young man died in an avalanche while snowmobiling at Rock Lake in the French Creek drainage outside of Cascade, Idaho.",CSV
200902,9,1200,200902,9,1300,26251,153655,CALIFORNIA,6,2009,February,Avalanche,Z,55,SAN BERNARDINO COUNTY MOUNTAINS,06055,SGX,09-FEB-09 12:00:00,PST-8,09-FEB-09 13:00:00,0,0,0,0,NA,0.00K,Newspaper,NA,NA,NA,NA,NA,NA,NA,NA,NA,NA,NA,NA,NA,NA,NA,NA,NA,NA,NA,NA,NA,"A long wave upper trough and a pair of upper-level lows and surface cold fronts brought periods of gusty winds, heavy rain, and mountain snow between February 5th and February 10th. On February 7th, thunderstorms developed in the unstable air behind the first cold front. These storms produced small hail in several locations and a waterspout. The heaviest rain and snow fell on February 9th, when the second strong cold front and upper-level jet moved over the region. Heavy snow in the mountains snapped trees and power lines, causing loss of power to approximately 10,000 residents. Many mountain highways were closed, including Highway 18 when a pair of avalanches buried part of the road. Rainfall totals for the five days were upwards of 2 inches in the coast and valley locations, up to about 6 inches in the foothills.","A pair of avalanches occurred in the Arctic Circle area just west of Big Bear. The avalanches left 15 foot high piles of snow on Highway 18, trapping about one dozen cars.",CSV
200901,26,1200,200901,26,1205,29629,173717,COLORADO,8,2009,January,Avalanche,Z,18,NORTHWESTERN SAN JUAN MOUNTAINS,08018,GJT,26-JAN-09 12:00:00,MST-7,26-JAN-09 12:05:00,0,0,0,0,0.00K,0.00K,Department of Highways,NA,NA,NA,NA,NA,NA,NA,NA,NA,NA,NA,NA,NA,NA,NA,NA,NA,NA,NA,NA,NA,A natural avalanche covered a section of Highway 550 near Red Mountain Pass.,A natural avalanche came down upon a section of Highway 550 near Red Mountain Pass and closed the road for one hour and 20 minutes.,CSV
200901,29,1315,200901,29,1316,29125,170843,COLORADO,8,2009,January,Avalanche,Z,18,NORTHWESTERN SAN JUAN MOUNTAINS,08018,GJT,29-JAN-09 13:15:00,MST-7,29-JAN-09 13:16:00,1,0,0,0,0.50K,0.00K,Newspaper,NA,NA,NA,NA,NA,NA,NA,NA,NA,NA,NA,NA,NA,NA,NA,NA,NA,NA,NA,NA,NA,Skiers triggered an avalanche while skiing near Telluride.,"A party of skiers triggered an avalanche while skiing in Bear Creek, near the Telluride ski area. The avalanche carried one skier 1400 vertical feet over several cliff bands, to the valley floor. His entire body was buried except for one hand. He was rescued about 7 minutes later by other members in his party, and was carried out by the Telluride Helitrax and Telluride Ski Patrol. The victim suffered multible broken bones and was taken to St. Mary's Hospital in Grand Junction.",CSV
200903,7,1300,200903,7,1300,29269,171755,OREGON,41,2009,March,Avalanche,Z,50,WALLOWA COUNTY,41050,PDT,07-MAR-09 13:00:00,PST-8,07-MAR-09 13:00:00,2,0,1,0,0.00K,0.00K,Newspaper,NA,NA,NA,NA,NA,NA,NA,NA,NA,NA,NA,NA,NA,NA,NA,NA,NA,NA,NA,NA,NA,"A 50 year old Enterprise, Oregon man died in an avalanche while backcountry skiing in the Eagle Cap Wilderness.   Two other people were rescued. The quarter mile long slap avalanche occurred about 1 pm.  Heavy snow had fallen in the area earlier in the week.",NA,CSV
201004,10,1400,201004,10,1400,38572,223827,WASHINGTON,53,2010,April,Avalanche,Z,519,WEST SLOPES CENTRAL CASCADES AND PASSES,53519,SEW,10-APR-10 14:00:00,PST-8,10-APR-10 14:00:00,1,0,0,0,0.00K,0.00K,Newspaper,NA,NA,NA,NA,NA,NA,NA,NA,NA,NA,NA,NA,NA,NA,NA,NA,NA,NA,NA,NA,NA,Two people were injured in two separate avalanches near Snoqualmie Pass.,A hiker spent about 4 hours partially buried in an avalanche.  He was hypothermic when found.,CSV
201004,9,1400,201004,9,1400,38572,223828,WASHINGTON,53,2010,April,Avalanche,Z,519,WEST SLOPES CENTRAL CASCADES AND PASSES,53519,SEW,09-APR-10 14:00:00,PST-8,09-APR-10 14:00:00,1,0,0,0,0.00K,0.00K,Newspaper,NA,NA,NA,NA,NA,NA,NA,NA,NA,NA,NA,NA,NA,NA,NA,NA,NA,NA,NA,NA,NA,Two people were injured in two separate avalanches near Snoqualmie Pass.,A skier was injured when an avalanche slammed him into a tree in the Commonwealth Basin are just north of Snoqualmie Pass.,CSV
201003,12,1215,201003,12,1216,38352,222686,COLORADO,8,2010,March,Avalanche,Z,61,WESTERN CHAFFEE COUNTY BETWEEN 9000 & 11000 FT,08061,PUB,12-MAR-10 12:15:00,MST-7,12-MAR-10 12:16:00,0,0,1,0,0.00K,0.00K,Newspaper,NA,NA,NA,NA,NA,NA,NA,NA,NA,NA,NA,NA,NA,NA,NA,NA,NA,NA,NA,NA,NA,A snowmobiler perished in a avalanche in northern Saguache County near Marshall Pass.,NA,CSV
201012,4,1200,201012,4,1200,50562,297970,WASHINGTON,53,2010,December,Avalanche,Z,519,WEST SLOPES CENTRAL CASCADES AND PASSES,53519,SEW,04-DEC-10 12:00:00,PST-8,04-DEC-10 12:00:00,0,0,1,0,0.00K,0.00K,Park/Forest Service,NA,NA,NA,NA,NA,NA,NA,NA,NA,NA,NA,NA,NA,NA,NA,NA,NA,NA,NA,NA,NA,A climber was killed by an avalanche in a steep confined gully in the central Cascades.,A climber was killed by an avalanche in a steep confined gully in the central Cascades.,CSV
201012,5,1130,201012,5,1130,46265,268372,COLORADO,8,2010,December,Avalanche,Z,34,S & SE GRAND / W CENTRAL & SW BOULDER / GILPIN / CLEAR CREEK / SUMMIT / N & W PARK COUNTIES ABOVE 9000 FEET,08034,BOU,05-DEC-10 11:30:00,MST-7,05-DEC-10 11:30:00,1,0,0,0,0.00K,0.00K,State Official,NA,NA,NA,NA,NA,NA,NA,NA,NA,NA,NA,NA,NA,NA,NA,NA,NA,NA,NA,NA,NA,"Two skiers were caught in an avalanche along Dry Gulch, which is east of the Eisenhower Tunnel.  One skier was killed when he was buried under 2 to 3 feet of snow; the other suffered minor injuries.  It took approximately 15 minutes for the injured skier to locate his friend, and another 15 minutes to excavate him and initiate CPR.",NA,CSV
201012,12,1145,201012,12,1145,46267,268376,COLORADO,8,2010,December,Avalanche,Z,34,S & SE GRAND / W CENTRAL & SW BOULDER / GILPIN / CLEAR CREEK / SUMMIT / N & W PARK COUNTIES ABOVE 9000 FEET,08034,BOU,12-DEC-10 11:45:00,MST-7,12-DEC-10 11:45:00,1,0,0,0,NA,0.00K,State Official,NA,NA,NA,NA,NA,NA,NA,NA,NA,NA,NA,NA,NA,NA,NA,NA,NA,NA,NA,NA,NA,"A snowmobiler was injured when he triggered an avalanche near Jones Pass, in near whiteout conditions.  Visibilities at the time ranged from 10 feet to 100 feet.  He was caught and buried in the slide that was approximately 100 feet long.  While in the avalanche, he discharged his airbag which helped him to float to the surface.  The snowmobiler was partially buried in approximately 6 to 18 inches of snow.",NA,CSV
201001,22,1420,201001,22,1450,36387,210848,IDAHO,16,2010,January,Avalanche,Z,31,BIG AND LITTLE WOOD RIVER REGION,16031,PIH,22-JAN-10 14:20:00,MST-7,22-JAN-10 14:50:00,0,0,1,0,0.00K,0.00K,Newspaper,NA,NA,NA,NA,NA,NA,NA,NA,NA,NA,NA,NA,NA,NA,NA,NA,NA,NA,NA,NA,NA,An avalanche near the bottom of Fire Trail on Seattle Ridge on Bald Mountain killed a back country skier.  The avalanche occurred at approximately 2:30 pm on January 22nd.   The man was pronounced dead at 3:31 pm at the Wood River Medical Center due to suffocation.,An avalanche near the bottom of Fire Trail on Seattle Ridge on Bald Mountain killed a back country skier.  The avalanche occurred at approximately 2:30 pm on January 22nd.   The man was pronounced dead at 3:31 pm at the Wood River Medical Center due to suffocation.,CSV
201012,23,230,201012,23,330,46744,271456,NEVADA,32,2010,December,Avalanche,Z,19,SPRING MOUNTAINS,32019,VEF,23-DEC-10 02:30:00,PST-8,23-DEC-10 03:30:00,0,0,0,0,0.00K,0.00K,Newspaper,NA,NA,NA,NA,NA,NA,NA,NA,NA,NA,NA,NA,NA,NA,NA,NA,NA,NA,NA,NA,NA,A series of storms fueled by a tropical moisture tap pounded the Mojave Desert and southern Great Basin for several days.  Extremely heavy snow and widespread flooding resulted.,Three avalanches occurred on Mount Charleston in the Echo and Cathedral subdivisions.,CSV
201003,30,950,201003,30,950,36810,213984,WYOMING,56,2010,March,Avalanche,Z,22,CASPER MOUNTAIN,56022,RIW,30-MAR-10 09:50:00,MST-7,30-MAR-10 09:50:00,1,0,0,0,0.00K,0.00K,Emergency Manager,NA,NA,NA,NA,NA,NA,NA,NA,NA,NA,NA,NA,NA,NA,NA,NA,NA,NA,NA,NA,NA,Two cross-country skiers were caught in an avalanche in Wolf Creek Canyon on the west side of Casper Mountain at 0950MST. One skier was able to extricate himself before digging out his companion who was submerged in snow.,NA,CSV
201012,29,1600,201012,29,2000,46898,272866,MONTANA,30,2010,December,Avalanche,Z,6,BITTERROOT / SAPPHIRE MOUNTAINS,30006,MSO,29-DEC-10 16:00:00,MST-7,29-DEC-10 20:00:00,1,0,1,0,0.00K,0.00K,Law Enforcement,NA,NA,NA,NA,NA,NA,NA,NA,NA,NA,NA,NA,NA,NA,NA,NA,NA,NA,NA,NA,NA,An avalance swept away 3 skiers when they were sking outside of the ski area boundaries.,The Missoula sheriff's office reported that 3 skiers were caught in an avalanche when they were sking outside of the ski area boundaries. One skier was injured but alert.,CSV
201011,26,1430,201011,26,1430,46084,267276,UTAH,49,2010,November,Avalanche,Z,9,WESTERN UINTA MOUNTAINS,49009,SLC,26-NOV-10 14:30:00,MST-7,26-NOV-10 14:30:00,0,0,1,0,0.00K,0.00K,State Official,NA,NA,NA,NA,NA,NA,NA,NA,NA,NA,NA,NA,NA,NA,NA,NA,NA,NA,NA,NA,NA,An experienced snowmobiler got caught in an avalanche in Utah's Uinta Mountains. He was buried by the snow and died at the scene.,"Two experienced snowmobilers from Evanston, Wyoming were riding in the Humpy Creek drainage in the western Uinta Mountains. Since they did not plan to ride on steep terrain, they left their avalanche beacons and shovels in their vehicles. One rider, a 54 year old man, apparently decided to at least partially ascend a popular snowmobile slope called Cherry Hill, where he triggered an avalanche and was buried. By the time his friend was able to get help, he had been buried under two feet of snow for more than half an hour, and he died at the scene.",CSV
201003,30,1400,201003,30,1500,37793,219973,IDAHO,16,2010,March,Avalanche,Z,13,BOISE MOUNTAINS,16013,BOI,30-MAR-10 14:00:00,MST-7,30-MAR-10 15:00:00,0,0,2,0,0.00K,0.00K,Law Enforcement,NA,NA,NA,NA,NA,NA,NA,NA,NA,NA,NA,NA,NA,NA,NA,NA,NA,NA,NA,NA,NA,"Two Washington state men died in an avalanche while snowmobiling about 17 miles north of McCall, Idaho. The size of the avalanche was estimated to be between 5 and 6 acres.",NA,CSV
201001,8,1400,201001,8,1405,38120,221648,COLORADO,8,2010,January,Avalanche,Z,4,ELKHEAD AND PARK MOUNTAINS,08004,GJT,08-JAN-10 14:00:00,MST-7,08-JAN-10 14:05:00,0,0,0,0,0.00K,0.00K,Department of Highways,NA,NA,NA,NA,NA,NA,NA,NA,NA,NA,NA,NA,NA,NA,NA,NA,NA,NA,NA,NA,NA,A snowmobiler was caught in an avalanche near Rabbit Ears Pass.,Two snowmobilers were riding in an area about a half mile west of Rabbit Ears Pass.  One of the snowmobilers went up an untracked slope to make the first highmark.  The second snowmobiler started up shortly thereafter and got stuck before the first snowmobiler was off the slope. The first snowmobiler then turned and was sidehilling over to the second snowmobiler's location when the avalanche released. The avalanche caught and partially buried the second snowmobiler.  No injuries or damage were reported.,CSV
201001,6,1530,201001,6,1535,38115,221630,COLORADO,8,2010,January,Avalanche,Z,19,SOUTHWESTERN SAN JUAN MOUNTAINS,08019,GJT,06-JAN-10 15:30:00,MST-7,06-JAN-10 15:35:00,0,0,0,0,0.00K,0.00K,Department of Highways,NA,NA,NA,NA,NA,NA,NA,NA,NA,NA,NA,NA,NA,NA,NA,NA,NA,NA,NA,NA,NA,A skier was caught in an avalanche in Picayne Gulch northeast of Silverton.,A skier triggered a slab avalanche in Picayne Gulch about 9 miles northeast of Silverton.  The skier was 10-15 feet below the fracture line when the avalanche started.  The skier was carried about 150 yards and was buried to his neck.  Two other skiers descended the slope and extricated the victim within about 10 minutes.  The avalanche also ran across San Juan County Road 2 at the base of the slope.  No injuries were reported.,CSV
201004,24,1400,201004,24,1430,39053,226665,COLORADO,8,2010,April,Avalanche,Z,10,GORE AND ELK MOUNTAINS/CENTRAL MOUNTAIN VALLEYS,08010,GJT,24-APR-10 14:00:00,MST-7,24-APR-10 14:30:00,1,0,0,0,0.00K,0.00K,Department of Highways,NA,NA,NA,NA,NA,NA,NA,NA,NA,NA,NA,NA,NA,NA,NA,NA,NA,NA,NA,NA,NA,Two skiers headed up Castle Peak in the Elk Mountains when they encountered an avalanche that carried one skier downhill.,"Two skiers climbed up the east face of Castle Peak during the late morning hours of the 24th. After performing several snow stability tests, the skiers saw no potential avalanche risk. Skier one was the first to descend the mountain when a slab released above him and carried him downhill. He was just coming to a stopping point when another slab released and hit him in the back, which propelled him even further downhill. The skier was carried about 750 feet, but managed to stay upright and on top of the snow surface. The skier was buried up to his boots but managed to ski out with only a minor leg injury.",CSV
201002,28,1605,201002,28,1606,38601,223928,WASHINGTON,53,2010,February,Avalanche,Z,519,WEST SLOPES CENTRAL CASCADES AND PASSES,53519,SEW,28-FEB-10 16:05:00,PST-8,28-FEB-10 16:06:00,1,0,0,0,0.00K,0.00K,Park/Forest Service,NA,NA,NA,NA,NA,NA,NA,NA,NA,NA,NA,NA,NA,NA,NA,NA,NA,NA,NA,NA,NA,A skier was injured when an avalanche he created slammed him into a tree.,A skier was injured when an avalanche he created slammed him into a tree.,CSV
201001,2,1430,201001,2,1430,34849,200978,OREGON,41,2010,January,Avalanche,Z,43,CENTRAL OREGON,41043,PDT,02-JAN-10 14:30:00,PST-8,02-JAN-10 14:30:00,0,0,1,0,0.00K,0.00K,Law Enforcement,NA,NA,NA,NA,NA,NA,NA,NA,NA,NA,NA,NA,NA,NA,NA,NA,NA,NA,NA,NA,NA,"An avalanche, 200 feet wide,  buried and killed a snowmobiler from La Pine, Oregon on Paulina Peak which is south of Bend.",NA,CSV
201011,16,915,201011,16,915,46070,268191,COLORADO,8,2010,November,Avalanche,Z,34,S & SE GRAND / W CENTRAL & SW BOULDER / GILPIN / CLEAR CREEK / SUMMIT / N & W PARK COUNTIES ABOVE 9000 FEET,08034,BOU,16-NOV-10 09:15:00,MST-7,16-NOV-10 09:15:00,1,0,0,0,0.00K,0.00K,State Official,NA,NA,NA,NA,NA,NA,NA,NA,NA,NA,NA,NA,NA,NA,NA,NA,NA,NA,NA,NA,NA,"A winter storm brought heavy snow to the North Central Mountains of Colorado.  Storm totals included:  19.5 inches at Columbine SNOTEL, 16.5 inches at Never Summer, 15 inches at Joe Wright, 13.5 inches at Jones Pass and Phantom Valley SNOTEL, 12 inches at the Loveland, Tower and Zirkel SNOTEL sites; 10.5 inches at Grizzly Peak and Stillwater Creek; and 10 inches near Grand Lake.  Lesser amounts of 4 to 9 inches were observed elsewhere.  In addition, a snowboarder was injured in an avalanche over Berthoud Pass.",A snowboarder was injured when he triggered an avalanche at the Nitro Chute on Berthoud Pass.  He suffered a back injury when he was transported over a cliff band.  The severity of his injuries was unknown.,CSV
201001,6,826,201001,6,827,34908,201328,WYOMING,56,2010,January,Avalanche,Z,12,TETON & GROS VENTRE MOUNTAINS,56012,RIW,06-JAN-10 08:26:00,MST-7,06-JAN-10 08:27:00,0,0,1,0,0.00K,0.00K,Newspaper,NA,NA,NA,NA,NA,NA,NA,NA,NA,NA,NA,NA,NA,NA,NA,NA,NA,NA,NA,NA,NA,"A member of the Jackson Hole Ski Area ski patrol was critically injured in a human triggered avalanche in the resort's Cheyenne Bowl. The victim succumbed to his injuries on Saturday, January 9, after spending several days in an area hospital. The patroller was conducting routine avalanche hazard reduction duties when he was caught in the slide. He had previously thrown one hand charge onto the slope before throwing two additional charges which fractured the slope above him. The man traveled an estimated 1,000 feet and over a 25-foot cliff while trapped in the avalanche. He was found unconscious under about six feet of snow. Another patroller was caught in the slide but clung to a tree to save himself.",NA,CSV
201002,21,1100,201002,21,1100,35924,208054,WYOMING,56,2010,February,Avalanche,Z,12,TETON & GROS VENTRE MOUNTAINS,56012,RIW,21-FEB-10 11:00:00,MST-7,21-FEB-10 11:00:00,0,0,1,0,0.00K,0.00K,Newspaper,NA,NA,NA,NA,NA,NA,NA,NA,NA,NA,NA,NA,NA,NA,NA,NA,NA,NA,NA,NA,NA,An avalanche on South Teton peak pushed a 30-year-old man off a 1500-foot cliff to his death. The man and two ski companions had earlier climbed the peak and had skied down several hundred feet below the summit when the slide triggered around 1100MST. The other two skiers were unhurt.,NA,CSV
201012,28,1800,201012,30,800,46895,272864,IDAHO,16,2010,December,Avalanche,Z,6,SOUTHERN CLEARWATER MOUNTAINS,16006,MSO,28-DEC-10 18:00:00,PST-8,30-DEC-10 08:00:00,0,0,0,0,0.00K,0.00K,Trained Spotter,NA,NA,NA,NA,NA,NA,NA,NA,NA,NA,NA,NA,NA,NA,NA,NA,NA,NA,NA,NA,NA,A powerful Pacific storm system with abundant moisture interacted with a very cold arctic air mass to produce heavy snow with areas of blowing snow and very cold wind chill temperatures.,Spotter in Dixie reported 14 inches of snow and a spotter in Powell reported 13 inches of snow.,CSV
201002,13,1545,201002,13,1545,35772,206955,WYOMING,56,2010,February,Avalanche,Z,2,ABSAROKA MOUNTAINS,56002,RIW,13-FEB-10 15:45:00,MST-7,13-FEB-10 15:45:00,1,0,0,0,0.00K,0.00K,Newspaper,NA,NA,NA,NA,NA,NA,NA,NA,NA,NA,NA,NA,NA,NA,NA,NA,NA,NA,NA,NA,NA,An avalanche in Jules Bowl northwest of Dubois near Pinnacle Buttes buried a man in snow up to his head. It took his companions about 30 minutes to uncover him and remove a snowmobile from resting on his leg. He was responsive during the recovery.,NA,CSV
201011,22,745,201011,22,745,46383,268929,COLORADO,8,2010,November,Avalanche,Z,68,EASTERN SAN JUAN MOUNTAINS ABOVE 10000 FT,08068,PUB,22-NOV-10 07:45:00,MST-7,22-NOV-10 07:45:00,0,0,1,0,0.00K,0.00K,Broadcast Media,NA,NA,NA,NA,NA,NA,NA,NA,NA,NA,NA,NA,NA,NA,NA,NA,NA,NA,NA,NA,NA,"Blizzard, avalanche and winter storm conditions impacted the eastern San Juan Mountains, La Garita Mountains, and eastern Sawatch Range. Winds gusted to around 70 mph at times in the eastern San Juan Mountains.  In addition to the snow and the wind...an avalanche killed the Wolf Creek Ski Area Director.  Snow totals were in excess of 8 inches across the eastern Sawatch Range and La Garita Mountains and Upper Rio Grande Valley.  Up to 18 inches of snow fell across the eastern half of Wolf Creek Pass in Mineral County.",An avalanche at Wolf Creek Ski Area killed the Wolf Creek Ski Area Director.,CSV
201001,24,1300,201001,24,1300,36394,210909,UTAH,49,2010,January,Avalanche,Z,7,WASATCH MOUNTAINS I-80 NORTH,49007,SLC,24-JAN-10 13:00:00,MST-7,24-JAN-10 13:00:00,0,0,1,0,0.00K,0.00K,State Official,NA,NA,NA,NA,NA,NA,NA,NA,NA,NA,NA,NA,NA,NA,NA,NA,NA,NA,NA,NA,NA,"A skier was caught, carried, and killed by an avalanche in Hell's Canyon, in the |Snowbasin backcountry.","Following several days of fresh snowfall, a skier triggered an avalanche just out-of-bounds of the Snowbasin resort, in the area known as Hell's Canyon. He was caught, carried, and partially buried by the avalanche. By the time other skiers and rescuers got to him, he had already passed away.",CSV
201001,27,1350,201001,27,1350,36395,210910,UTAH,49,2010,January,Avalanche,Z,8,WASATCH MOUNTAINS SOUTH OF I-80,49008,SLC,27-JAN-10 13:50:00,MST-7,27-JAN-10 13:50:00,0,0,1,0,0.00K,0.00K,State Official,NA,NA,NA,NA,NA,NA,NA,NA,NA,NA,NA,NA,NA,NA,NA,NA,NA,NA,NA,NA,NA,"Another avalanche fatality occurred on January 27th, this one in the Meadows area of Big Cottonwood Canyon.","A skier triggered an avalanche in an area known as Meadows, a backcountry area in Big Cottonwood Canyon, out-of-bounds of nearby Solitude Ski Resort. The avalanche buried the victim; he was found and dug out less than an hour after the avalanche occurred, but had already passed away.",CSV
201001,29,1400,201001,29,1400,36396,210915,UTAH,49,2010,January,Avalanche,Z,7,WASATCH MOUNTAINS I-80 NORTH,49007,SLC,29-JAN-10 14:00:00,MST-7,29-JAN-10 14:00:00,0,0,1,0,0.00K,0.00K,State Official,NA,NA,NA,NA,NA,NA,NA,NA,NA,NA,NA,NA,NA,NA,NA,NA,NA,NA,NA,NA,NA,"A snowmobiler was caught and killed in an avalanche on Grandview Peak, in the Session Mountains, east of Bountiful, Utah.","A man was snowmobiling with some friends on Grandview Peak, east of the city of Bountiful, when he and another man triggered an avalanche. The other man was able to outrun the avalanche on his snowmobile, but the victim was not, and he was buried under about 6 feet of snow. He was buried for approximately 15-18 minutes, before being completely dug out, and was flown to University Hospital in Salt Lake in extremely critical condition. He passed away two days later.",CSV
201012,19,700,201012,23,1500,47938,279674,COLORADO,8,2010,December,Avalanche,Z,3,ROAN AND TAVAPUTS PLATEAUS,08003,GJT,19-DEC-10 07:00:00,MST-7,23-DEC-10 15:00:00,0,0,0,0,0.00K,0.00K,Department of Highways,NA,NA,NA,NA,NA,NA,NA,NA,NA,NA,NA,NA,NA,NA,NA,NA,NA,NA,NA,NA,NA,"A prolonged and very moist westerly flow aloft with embedded disturbances resulted in heavy snowfall accumulations, especially in the mountains.",Snowfall accumulations of 12 to 20 inches were measured across the area.  Wind gusts of 20 to 40 mph produced areas of blowing and drifting snow.,CSV
201002,6,1625,201002,6,1625,35499,205222,WYOMING,56,2010,February,Avalanche,Z,24,SALT RIVER & WYOMING RANGES,56024,RIW,06-FEB-10 16:25:00,MST-7,06-FEB-10 16:25:00,0,0,1,0,0.00K,0.00K,Newspaper,NA,NA,NA,NA,NA,NA,NA,NA,NA,NA,NA,NA,NA,NA,NA,NA,NA,NA,NA,NA,NA,"A snowmobiler who became stuck in the snow and triggered an avalanche was killed in the Squaw Creek area in western Wyoming. The man had stepped off his machine in an attempt to free his snowmobile from the snow. At the same time, the 150-foot-wide slab broke loose along a south-facing slope at an elevation of approximately 9000 feet. The man was carried by the avalanche and was buried for 15 to 20 minutes, despite being located quickly because of an avalanche beacon he was wearing.",NA,CSV
201002,6,1530,201002,6,1530,36110,209394,WYOMING,56,2010,February,Avalanche,Z,24,SALT RIVER & WYOMING RANGES,56024,RIW,06-FEB-10 15:30:00,MST-7,06-FEB-10 15:30:00,1,0,0,0,0.00K,0.00K,Newspaper,NA,NA,NA,NA,NA,NA,NA,NA,NA,NA,NA,NA,NA,NA,NA,NA,NA,NA,NA,NA,NA,Considerable avalanche danger across western Wyoming created dangerous conditions for snowmobiling. The Bridger-Teton National Forest Avalanche Center reported at least 13 slides on February 6. One avalanche near Murphy Lake Road buried a snowmobiler up to his goggles. The man deployed an avalanche airbag to avoid being buried.,NA,CSV
201002,11,1500,201002,11,1505,37732,219644,COLORADO,8,2010,February,Avalanche,Z,18,NORTHWESTERN SAN JUAN MOUNTAINS,08018,GJT,11-FEB-10 15:00:00,MST-7,11-FEB-10 15:05:00,1,0,1,0,0.00K,0.00K,Department of Highways,NA,NA,NA,NA,NA,NA,NA,NA,NA,NA,NA,NA,NA,NA,NA,NA,NA,NA,NA,NA,NA,Several inches of fresh snow fell on top of an unstable snow-pack leading to a skier triggered avalanche which carried two skiers and resulted in one fatality.,"Seven back-country skiers ventured out on a hut trip near the Ridgeway Hut in the northern San Juan Mountains when two of the skiers were caught in an avalanche. Nearby observations indicated anywhere from 10 to 16 inches of fresh snow had fallen in the 6 days leading up to the event. The skiers were attempting their second run of the day when they decided to split into two groups. One of the skiers in the second group triggered the slide which then carried two of the skiers about 400 feet downhill. One skier was completely buried under 1 to 2 feet of snow, while the other skier was thrown into a large tree. Other party members carrying rescue equipment immediately began searching for the caught skiers. Both skiers were dug out of the snow and brought to the hospital in Montrose by rescue helicopter. The buried skier did not survive, while the other skier suffered multiple traumatic injuries, including a dislocated hip.",CSV
201002,23,1600,201002,23,1605,37753,219745,COLORADO,8,2010,February,Avalanche,Z,10,GORE AND ELK MOUNTAINS/CENTRAL MOUNTAIN VALLEYS,08010,GJT,23-FEB-10 16:00:00,MST-7,23-FEB-10 16:05:00,0,0,1,0,0.00K,0.00K,Department of Highways,NA,NA,NA,NA,NA,NA,NA,NA,NA,NA,NA,NA,NA,NA,NA,NA,NA,NA,NA,NA,NA,"Heavy snowfall from a strong winter storm was deposited onto a weak, preexisting snow-pack, which lead to a deadly skier triggered avalanche just above the Lindley Hut near Ashcroft.","In the week leading up to the date of the accident, Aspen Mountain, which is the closest observing site, reported up to 35 inches of new snowfall. Weak layers underneath the fresh snow created a very unstable snowpack, which lead to the deadly avalanche. A group of 6 people were staying at the Lindley Hut near Ashcroft, and on the day of the accident, 3 people in the group ventured out to ski some of the lower slopes near the hut. The skiers were skinning up a slope about a quarter mile east of the hut, when the first skier triggered a slide that carried him 150 feet downhill and buried him underneath 3 feet of snow in a dense stand of trees. The two other skiers did not witness the initial trigger of the slide, but began to search for the victim after seeing what happened. They contacted Mountain Rescue Aspen who were flown into the site the next morning and eventually found the victim near the toe of the avalanche debris.",CSV
201002,26,1530,201002,26,1535,37754,219746,COLORADO,8,2010,February,Avalanche,Z,10,GORE AND ELK MOUNTAINS/CENTRAL MOUNTAIN VALLEYS,08010,GJT,26-FEB-10 15:30:00,MST-7,26-FEB-10 15:35:00,1,0,0,0,0.00K,0.00K,Department of Highways,NA,NA,NA,NA,NA,NA,NA,NA,NA,NA,NA,NA,NA,NA,NA,NA,NA,NA,NA,NA,NA,A strong winter storm brought heavy snow to the mountains near Aspen throughout the week leading up to the accident. This added a significant load to the underlying weak snow surface and resulted in an avalanche just outside of Aspen Mountain Ski Area.,"On the afternoon of February 26th, a group of four back-country skiers exited the Aspen Mountain Ski Area boundaries and entered into Ophir Gulch. Two of the skiers in the group were on the steeper part of the terrain when an avalanche was triggered by one of them. The other skier was below digging a pit when the avalanche began and was carried a short distance by the slide before he was able to grab hold of a tree and avoid being swept further downhill. The other skier, who initially triggered the slide, was carried 500 vertical feet and was buried on the uphill side of a tree. The buried skier was quickly found and attended to by his partners, but the rescue required the assistance of nine Aspen Mountain Ski Patrol members. The victim who sustained serious chest and neck injuries was brought to an ambulance by 8:40 pm that evening.",CSV
201002,14,1420,201002,14,1425,37733,219650,COLORADO,8,2010,February,Avalanche,Z,10,GORE AND ELK MOUNTAINS/CENTRAL MOUNTAIN VALLEYS,08010,GJT,14-FEB-10 14:20:00,MST-7,14-FEB-10 14:25:00,1,0,0,0,0.00K,0.00K,Department of Highways,NA,NA,NA,NA,NA,NA,NA,NA,NA,NA,NA,NA,NA,NA,NA,NA,NA,NA,NA,NA,NA,A group of back-country skiers triggered an avalanche on Mt. Yeckel above the town of Lenado.,"A group of four back-country skiers were skinning up Mt. Yeckel to attempt their second run for the day, when the lead skier triggered an avalanche. The avalanche carried the first skier 100 feet downhill, where he then hit a tree. The second of the four skiers was also carried downhill but remained on top of the snow surface. The remaining two skiers were able to stay out of the avalanche path. The uninjured skiers contacted Mountain Rescue Aspen, who attended to the injured skier around 3:00 am the next morning. He was flown out by helicopter about 3 hours later and was diagnosed with a broken lower leg.",CSV
201003,19,1200,201003,19,1201,38351,222685,COLORADO,8,2010,March,Avalanche,Z,67,UPPER RIO GRANDE VALLEY / EASTERN SAN JUAN MOUNTAINS BELOW 10000 FT,08067,PUB,19-MAR-10 12:00:00,MST-7,19-MAR-10 12:01:00,0,0,2,0,0.00K,0.00K,Newspaper,NA,NA,NA,NA,NA,NA,NA,NA,NA,NA,NA,NA,NA,NA,NA,NA,NA,NA,NA,NA,NA,Two men were buried and perished when up to 2 1/2 feet of snow slid off a cabin roof 17 miles west of Creede.  This was the first instance of a fatal roof avalanche since 1996 in Vail.,NA,CSV
201001,6,1200,201001,6,1205,37653,219097,COLORADO,8,2010,January,Avalanche,Z,10,GORE AND ELK MOUNTAINS/CENTRAL MOUNTAIN VALLEYS,08010,GJT,06-JAN-10 12:00:00,MST-7,06-JAN-10 12:05:00,0,0,1,0,0.00K,0.00K,Newspaper,NA,NA,NA,NA,NA,NA,NA,NA,NA,NA,NA,NA,NA,NA,NA,NA,NA,NA,NA,NA,NA,"Early January snowfall overloaded an underlying weak snow surface, causing a deadly avalanche to occur just outside of Vail Mountains Ski Area.","A snowboarder was assumed to have exited Vail Ski Area in Blue Sky Basin, where he proceeded toward the Miller Cliffs on Battle Mountain. While attempting to snowboard outside of ski area boundaries, he triggered 2 small avalanches that came together and carried him roughly 100 feet downhill. He was carried into a stand of trees where he was partially buried head-first and suffocated under 3 feet of snow. The snowboarder was alone and was not recovered until nearly a week later on January 14. Therefore, the time of this accident is estimated.",CSV
201001,27,1000,201001,27,1005,37656,219109,COLORADO,8,2010,January,Avalanche,Z,10,GORE AND ELK MOUNTAINS/CENTRAL MOUNTAIN VALLEYS,08010,GJT,27-JAN-10 10:00:00,MST-7,27-JAN-10 10:05:00,1,0,0,0,0.50K,0.00K,Department of Highways,NA,NA,NA,NA,NA,NA,NA,NA,NA,NA,NA,NA,NA,NA,NA,NA,NA,NA,NA,NA,NA,"Vail Ski Area reported over 2 feet of snow in a seven day period followed by strong west to northwest winds that transported snow and built fresh, unstable slabs. These unstable snow pack conditions resulted in an avalanche release just outside of Vail Ski Area.","Four experienced backcountry skiers headed out-of-bounds and toward Old Man's Bowl just outside of the East Vail area. One of the skiers attempted to ski down the bowl and made a ski cut below the ridgeline heading towards the tree band which separates two portions of East Marvin's. He triggered a small soft slab avalanche  which ran about 200 vertical feet onto a bench. The skier then skied onto and below the bench and triggered a second soft slab avalanche that was about 100 feet wide and ran 400 vertical feet. The skier attempted to ski out to the side and out of the way of the debris flow. While looking over his shoulder he lost his balance, fell, and was caught in the debris and washed down the slope. The skier was buried with his head just below the snow surface.  The other skiers in the group were able to dig him out of the snow. The buried skier sustained a broken arm and several cuts and bruises to his head and limbs.",CSV
201001,3,1000,201001,3,1005,38110,221618,COLORADO,8,2010,January,Avalanche,Z,19,SOUTHWESTERN SAN JUAN MOUNTAINS,08019,GJT,03-JAN-10 10:00:00,MST-7,03-JAN-10 10:05:00,0,0,0,0,0.00K,0.00K,Department of Highways,NA,NA,NA,NA,NA,NA,NA,NA,NA,NA,NA,NA,NA,NA,NA,NA,NA,NA,NA,NA,NA,A snowboarder was caught in an avalanche near Silverton.,"Two snowboarders rode down the northwest face of a mountain about four miles northeast of Silverton. The first rider ski cut the top of the open face above the trees, and then rode down 100 vertical feet. The second snowboarder began riding down the slope and triggered an avalanched that started with an upper face fracture of 3 feet deep and 50 feet wide. The first snowboarder waiting below could not escape the slide path and pinned himself on the uphill side of a tree. The slide moved through his location and buried him to mid thigh. The two snowmobilers then proceeded down the avalanche path, which was between 400 and 500 vertical feet. There were no injuries.  The exact time of the avalanche is unknown.",CSV
201001,25,1100,201001,25,1105,38102,221580,COLORADO,8,2010,January,Avalanche,Z,12,WEST ELK AND SAWATCH MOUNTAINS,08012,GJT,25-JAN-10 11:00:00,MST-7,25-JAN-10 11:05:00,0,0,0,0,0.00K,0.00K,Department of Highways,NA,NA,NA,NA,NA,NA,NA,NA,NA,NA,NA,NA,NA,NA,NA,NA,NA,NA,NA,NA,NA,A snowmobiler was caught in an avalanche west of Crested Butte.,A snowmobiler with a sled got stuck in flats below a mountain slope near Irwin Lodge. A second snowmobiler drove just above the stuck snowmobiler and triggered three separate avalanches. One of the avalanches came down onto the stuck snowmobiler. His sled rolled on top of him and he was partially buried with his head and hand just above the snow.  The path of that avalanche was 400 vertical feet and was 80 feet wide.  No significant injuries or damage were reported.  The time of the avalanche is an estimate.,CSV
201001,24,1155,201001,24,1200,37654,219100,COLORADO,8,2010,January,Avalanche,Z,22,ANIMAS RIVER BASIN,08022,GJT,24-JAN-10 11:55:00,MST-7,24-JAN-10 12:00:00,0,0,0,0,200.00K,0.00K,Emergency Manager,NA,NA,NA,NA,NA,NA,NA,NA,NA,NA,NA,NA,NA,NA,NA,NA,NA,NA,NA,NA,NA,"A series of winter storms brought anywhere from 1 to over 3 feet of snow to the Durango area, which caused an avalanche to release in the San Juan mountains that blasted into a vacant home.","On the northwest side of Animas Mountain within the Durango city limits, an avalanche roared into a house. The homeowners were about to move into the 15 year old home within the following 2 weeks. Snow blasted through an exterior wall and blew loose drywall onto an interior wall. One bedroom was completely filled with snow, and the home suffered severe structural damage. The avalanche ran about 600 vertical feet with a 150 foot wide path. The damaged home was discovered Sunday, January 24, but the actual time of the avalanche is unknown.",CSV
201001,7,1400,201001,7,1405,37655,219103,COLORADO,8,2010,January,Avalanche,Z,10,GORE AND ELK MOUNTAINS/CENTRAL MOUNTAIN VALLEYS,08010,GJT,07-JAN-10 14:00:00,MST-7,07-JAN-10 14:05:00,1,0,0,0,0.30K,0.00K,Newspaper,NA,NA,NA,NA,NA,NA,NA,NA,NA,NA,NA,NA,NA,NA,NA,NA,NA,NA,NA,NA,NA,Three people were caught in an out-of-bounds avalanche near Vail Ski Area.,"A skier triggered an avalanche at the 10,500 foor level in the Mushroom Bowl area near Vail Ski Area. The avalanche path was about 80 feet wide and ran about 650 vertical feet. The skier was caught in the avalanche and partially buried, sustaining minor injuries.  Two other skiers rescued the victim and the Vail Ski Patrol later responded to the incident.",CSV
201001,3,1200,201001,3,1300,36663,212908,MONTANA,30,2010,January,Avalanche,Z,67,ABSAROKEE / BEARTOOTH MOUNTAINS,30067,BYZ,03-JAN-10 12:00:00,MST-7,03-JAN-10 13:00:00,0,0,0,1,0.00K,0.00K,Newspaper,NA,NA,NA,NA,NA,NA,NA,NA,NA,NA,NA,NA,NA,NA,NA,NA,NA,NA,NA,NA,NA,A 33-year old Billings man was killed in an avalanche on Scotch Bonnet Mountain near Cooke City. He had gotten stuck and was trying to free his snowmobile when the slide occurred.,A 33-year old Billings man was killed in an avalanche on Scotch Bonnet Mountain near Cooke City. He had gotten stuck and was trying to free his snowmobile when the slide occurred.,CSV
201004,4,1350,201004,4,1350,38900,225857,UTAH,49,2010,April,Avalanche,Z,7,WASATCH MOUNTAINS I-80 NORTH,49007,SLC,04-APR-10 13:50:00,MST-7,04-APR-10 13:50:00,0,0,1,0,0.00K,0.00K,State Official,NA,NA,NA,NA,NA,NA,NA,NA,NA,NA,NA,NA,NA,NA,NA,NA,NA,NA,NA,NA,NA,"A major winter storm took a three day period to move through northern Utah, bringing heavy wet snow to the area. Though the snowfall remained primarily in northern Utah, southern Utah received strong gusty winds as this storm moved through the region. The combination of snowfall and strong winds in northern Utah also produced hazardous avalanche conditions, with one fatal avalanche during this period of time.","One snowmobiler was killed in an avalanche that he triggered on Sunday, April 4th. He was traveling north along a ridge, when a cornice he was on, cracked and broke off. This caused an avalanche to release below the cornice. He was carried over a cliff band. He was buried approximately 1,000 feet below the ridge under 2 to 3 feet of debris. He was located by his partner with a beacon, and was taken away from the scene via helicopter. However, the helicopter medical crew could not find a pulse, and the man was pronounced dead an hour later.",CSV
201004,13,100,201004,13,500,39766,231061,COLORADO,8,2010,April,Avalanche,Z,18,NORTHWESTERN SAN JUAN MOUNTAINS,08018,GJT,13-APR-10 01:00:00,MST-7,13-APR-10 05:00:00,0,0,0,0,0.00K,0.00K,Department of Highways,NA,NA,NA,NA,NA,NA,NA,NA,NA,NA,NA,NA,NA,NA,NA,NA,NA,NA,NA,NA,NA,A strong wind event the previous day lead to a few natural avalanches in the Uncompahgre Gorge through the overnight hours of April 13th.,"A strong wind event the previous day resulted in the release of at least 3 natural avalanches that ran across Highway 550 in the Uncompahgre Gorge area, closing the highway for a period of time. The avalanche deposits on the highway ranged from 1 to 5 feet deep and from 20 to 80 foot long sections of the highway.",CSV
201003,21,1300,201003,21,1304,37816,220148,COLORADO,8,2010,March,Avalanche,Z,19,SOUTHWESTERN SAN JUAN MOUNTAINS,08019,GJT,21-MAR-10 13:00:00,MST-7,21-MAR-10 13:04:00,0,0,0,0,0.00K,0.00K,Department of Highways,NA,NA,NA,NA,NA,NA,NA,NA,NA,NA,NA,NA,NA,NA,NA,NA,NA,NA,NA,NA,NA,A group of 8 back-country skiers were participating in an advanced back-country skiing course when one of the skiers triggered an avalanche.,"Snowfall amounts of 15 to 17 inches were reported on the northern side of the San Juan mountains just prior to the date of this event, which contributed to unstable snow conditions. A group of 8 back-country skiers headed into the mountains northwest of Silverton for an advanced back-country skiing course. After ascending the slope, the first skier in the group skied down and stopped in a safe patch of trees to wait for the others. The next 5 skiers descended one at a time about 1,000 feet downhill and stopped to wait for the others. The seventh skier descended and fell into a small concavity which released the slide that propagated out in both directions. Only the first and seventh skier were caught and carried in the avalanche, but were both able to recover with no injuries. None of the other skiers were affected.",CSV
201003,30,1200,201003,30,1203,37838,220150,COLORADO,8,2010,March,Avalanche,Z,18,NORTHWESTERN SAN JUAN MOUNTAINS,08018,GJT,30-MAR-10 12:00:00,MST-7,30-MAR-10 12:03:00,0,0,1,0,0.50K,0.00K,Department of Highways,NA,NA,NA,NA,NA,NA,NA,NA,NA,NA,NA,NA,NA,NA,NA,NA,NA,NA,NA,NA,NA,"Heavy snow in the San Juan Mountains combined with weak underlying snow surfaces and the warmest temperatures of the season so far to produce a fatal avalanche near Baldy Peak, southeast of the town of Ridgeway.","A series of winter storms in March brought several feet of snow to the San Juan Mountains, including the storm leading up to this event which deposited 21 inches of new snowfall at the nearest observation site. The date of this event was the warmest day of the season to date with strong southerly winds of 20 to 30 mph with gusts to around 60 mph. All of these factors combined to produce what was believed to be a natural avalanche near Baldy Peak. A very experienced back-country traveler and certified alpine mountain guide with professional avalanche training headed out to attempt a remote ice climb on the northeast side of Baldy Peak when she was caught in the avalanche. Because she was traveling alone, many of the details of this event are unknown or estimated. The following day a search and rescue team found the avalanche site along with some of the climber's equipment and her dog, but were unsuccessful in finding the climber. They returned the following day with a larger team and eventually found the body of the missing climber buried under 5 to 6 feet of snow and debris.",CSV
201003,7,1400,201003,7,1402,37773,219870,COLORADO,8,2010,March,Avalanche,Z,13,FLATTOP MOUNTAINS,08013,GJT,07-MAR-10 14:00:00,MST-7,07-MAR-10 14:02:00,0,0,0,0,0.00K,0.00K,Department of Highways,NA,NA,NA,NA,NA,NA,NA,NA,NA,NA,NA,NA,NA,NA,NA,NA,NA,NA,NA,NA,NA,A snowmobiler triggered an avalanche in the Flat Tops area of the White River National Forest.,"One male snowmobiler was ascending a slope near Cliff Lake Overlook in the Flat Tops Wilderness Area when he triggered an avalanche. The rider fell off of his machine near the top of the slope, which triggered the slide. He and his machine were carried about 100 feet downhill, but he was able to ride the avalanche in a sitting position and was only partially buried.  The victim did not sustain any serious injuries.",CSV
201003,17,1305,201003,17,1308,37839,220177,COLORADO,8,2010,March,Avalanche,Z,9,GRAND AND BATTLEMENT MESAS,08009,GJT,17-MAR-10 13:05:00,MST-7,17-MAR-10 13:08:00,1,0,0,0,0.50K,0.00K,Newspaper,NA,NA,NA,NA,NA,NA,NA,NA,NA,NA,NA,NA,NA,NA,NA,NA,NA,NA,NA,NA,NA,Two cross country skiers were caught in an avalanche on the Grand Mesa and one of them sustained serious injuries.,"Around 1:00 pm on March 17th, two cross country skiers attempted to ski the Thunderbird area on the west side of the Grand Mesa. The skiers were passing through a clearing when a wall of snow above them collapsed. They were both carried an estimated 300 to 800 feet down slope. One of the skiers was dragged into several trees and seriously injured. The second skier was able to contact the Sheriff's Department, who dispatched a search and rescue team that eventually airlifted them to St. Mary's Hospital where the injured skier was put into the intensive care unit. The injured skier suffered two broken legs from the accident.",CSV
201012,7,1115,201012,7,1115,45800,265723,WYOMING,56,2010,December,Avalanche,Z,12,TETON & GROS VENTRE MOUNTAINS,56012,RIW,07-DEC-10 11:15:00,MST-7,07-DEC-10 11:15:00,1,0,0,0,0.00K,0.00K,Newspaper,NA,NA,NA,NA,NA,NA,NA,NA,NA,NA,NA,NA,NA,NA,NA,NA,NA,NA,NA,NA,NA,A snowboarder triggered an avalanche south of the No Shadows couloir. The avalanche buried the snowboarder in 15 feet of debris and left only his fingers exposed above the slab. He was rescued and reported only minor injuries.,NA,CSV
201012,19,1000,201012,19,1000,45801,265724,WYOMING,56,2010,December,Avalanche,Z,12,TETON & GROS VENTRE MOUNTAINS,56012,RIW,19-DEC-10 10:00:00,MST-7,19-DEC-10 10:00:00,1,0,0,0,0.00K,0.00K,Newspaper,NA,NA,NA,NA,NA,NA,NA,NA,NA,NA,NA,NA,NA,NA,NA,NA,NA,NA,NA,NA,NA,"An avalanche in Granite Canyon left an out-of-bounds skier injured after carrying him 1,000 feet. He was not buried in the slide. The skier triggered the slab in the Double Dog Leg chute.",NA,CSV
201005,30,900,201005,30,1000,40035,232874,COLORADO,8,2010,May,Avalanche,Z,12,WEST ELK AND SAWATCH MOUNTAINS,08012,GJT,30-MAY-10 09:00:00,MST-7,30-MAY-10 10:00:00,1,0,0,0,0.00K,0.00K,Department of Highways,NA,NA,NA,NA,NA,NA,NA,NA,NA,NA,NA,NA,NA,NA,NA,NA,NA,NA,NA,NA,NA,Two climbers were caught while descending Hangerman Peak.,"Two climbers were descending Hangerman Peak when a block of cornice broke off of a ridge above them and struck both climbers. The two of them were carried an estimated 1,000 vertical feet. A helicopter was needed to rescue one of the climbers who was injured from the slide. The time of the event is estimated.",CSV
201104,1,0,201104,1,1100,52600,314294,COLORADO,8,2011,April,Avalanche,Z,10,GORE AND ELK MOUNTAINS/CENTRAL MOUNTAIN VALLEYS,08010,GJT,01-APR-11 00:00:00,MST-7,01-APR-11 11:00:00,0,0,0,0,0.00K,0.00K,Trained Spotter,NA,NA,NA,NA,NA,NA,NA,NA,NA,NA,NA,NA,NA,NA,NA,NA,NA,NA,NA,NA,NA,A moist northwest flow began to produce snowfall to the mountains of northwest Colorado in late March and continued into April.,This snowfall event which began in late March produced 3 to 11 inches of snow across the area.  Winds gusted 20 to 35 mph and produced local blowing and drifting snow.,CSV
201102,1,1200,201102,1,1200,50564,297971,WASHINGTON,53,2011,February,Avalanche,Z,519,WEST SLOPES CENTRAL CASCADES AND PASSES,53519,SEW,01-FEB-11 12:00:00,PST-8,01-FEB-11 12:00:00,0,0,1,0,0.00K,0.00K,Park/Forest Service,NA,NA,NA,NA,NA,NA,NA,NA,NA,NA,NA,NA,NA,NA,NA,NA,NA,NA,NA,NA,NA,A local skier was killed when a cornice collapsed at Snoqualmie Pass.,A local skier was killed when a cornice collapsed at Snoqualmie Pass.,CSV
201104,18,2000,201104,19,2200,52592,314248,COLORADO,8,2011,April,Avalanche,Z,10,GORE AND ELK MOUNTAINS/CENTRAL MOUNTAIN VALLEYS,08010,GJT,18-APR-11 20:00:00,MST-7,19-APR-11 22:00:00,0,0,0,0,0.00K,0.00K,Trained Spotter,NA,NA,NA,NA,NA,NA,NA,NA,NA,NA,NA,NA,NA,NA,NA,NA,NA,NA,NA,NA,NA,A moist westerly flow with embedded disturbances produced significant snowfall in many mountain areas of western Colorado.,Snowfall of 8 to 12 inches was measured across the area.  Winds gusted 20 to 30 mph and produced local blowing and drifting snow.,CSV
201112,31,1150,201112,31,1150,59038,354739,MONTANA,30,2011,December,Avalanche,Z,67,ABSAROKEE / BEARTOOTH MOUNTAINS,30067,BYZ,31-DEC-11 11:50:00,MST-7,31-DEC-11 11:50:00,0,0,1,0,0.00K,0.00K,Other Federal Agency,NA,NA,NA,NA,NA,NA,NA,NA,NA,NA,NA,NA,NA,NA,NA,NA,NA,NA,NA,NA,NA,"A strong flow of Pacific moisture impacted the west facing slopes of the Beartooth and Absaroka Mountains. This resulted in a period of heavy snow to end out the year, and in fact, was the only significant snow of the month. In addition, strong winds resulted in considerable blowing and drifting snow.","Three snowmobilers ascended a steep, narrow drainage above Fisher Creek on Henderson Mountain outside of Cooke City. The drainage delivered the riders into steep, open terrain on the northeast face. The victim climbed to approximately 9,800 feet where he triggered the slide. He was able to turn downhill, but was caught as he descended the slope. His head was buried 2-3 feet deep and the heel of his boot was sticking out of the snow. He was found and uncovered in approximately 10-12 minutes, but did not survive. The crown of the avalanche ranged from 1-4 feet deep and 300-400 feet wide. The slide ran a total of 1,000 vertical feet. The slope angle at the trigger point was 35 degrees, but increased to 40 degrees near the upper portion of the crown. The alpha angle was 33 degrees. The debris ranged from 7-10 feet deep near the toe of the slide. More detailed information can be found at www.mtavalanche.com.",CSV
201111,13,1430,201111,13,1430,58948,354244,UTAH,49,2011,November,Avalanche,Z,8,WASATCH MOUNTAINS SOUTH OF I-80,49008,SLC,13-NOV-11 14:30:00,MST-7,13-NOV-11 14:30:00,0,0,1,0,0.00K,0.00K,Other Federal Agency,NA,NA,NA,NA,NA,NA,NA,NA,NA,NA,NA,NA,NA,NA,NA,NA,NA,NA,NA,NA,NA,"A moist storm system entered northern Utah on November 12th, with the heaviest snow falling in the mountains of far northern Utah. Following the storm, a fatal avalanche occurred in Little Cottonwood Canyon.","Two expert skiers were traveling along the well-known terrain of Alta Ski Lifts and Snowbird Ski and Summer Resort on November 13th; however, the resorts were not open yet, and the snowpack was very unstable, with considerable to high avalanche danger. When the two skiers reached Gad Valley, one of them triggered an avalanche, which carried him approximately 800 feet through steep rocky terrain and over a small cliff. The victim, a 38-year-old male, was only partially buried, but had already passed away when emergency crews reached the scene.",CSV
201102,26,0,201102,26,1000,49103,287788,CALIFORNIA,6,2011,February,Avalanche,Z,97,TULARE CTY MTNS,06097,HNX,26-FEB-11 00:00:00,PST-8,26-FEB-11 10:00:00,0,0,0,0,55.00K,0.00K,Park/Forest Service,NA,NA,NA,NA,NA,NA,NA,NA,NA,NA,NA,NA,NA,NA,NA,NA,NA,NA,NA,NA,NA,"Weak ridging returned to the area by the 20th, with dry, but relatively cool, conditions throughout the central California interior during the next few days. However, by February 24th, the next storm was approaching the California coast and weakening the ridge. Precipitation associated with this storm reached the region late on the 25th, with rain continuing into the 26th. Heavy rain caused some flooding in the south end iof the San Joaquin Valley, with road flooding reported as far north as the Lamont area. This was a cold storm system, bringing measurable snowfall to the foothills along the Southern Sierra Nevada and the mountains along the west side of the San Joaquin Valley. A half inch of snow fell at Granite Station in the foothills of the Kern County Sierra Nevada, at an elevation of 2600 feet. The higher elevations of the Southern Sierra Nevada received up to 3 feet with this storm. During the daytime of the 26th, trace amounts of snow were even observed in some areas of the San Joaquin Valley, including Delano, Taft, Coalinga, Arvin, and some locations near Bakersfield.|The end of the month remained cooler than average, with low temperatures falling to freezing or below due to the residual cold air behind the previous system. On the 27th, some locations, mainly north of Kern County, had minimum temperatures as low as the mid to upper 20s. Lows the next morning were a couple of degrees warmer, but were 32 degrees or colder in several locations.|In summary, February began dry and cool, followed by periods of mild temperatures throughout the central California interior. Until the middle of the month, there was no rain reported in Fresno and Bakersfield, and significant rain and snow did not occur throughout the region until the latter half of the month. Temperatures were cooler than average during this part of the month due to repeated influxes of cold air. Frosty to freezing conditions occurred at times throughout the central and southern San Joaquin Valley, especially during the last two days of the month.",NA,CSV
201103,27,1200,201103,27,1200,50565,297974,WASHINGTON,53,2011,March,Avalanche,Z,519,WEST SLOPES CENTRAL CASCADES AND PASSES,53519,SEW,27-MAR-11 12:00:00,PST-8,27-MAR-11 12:00:00,0,0,1,0,0.00K,0.00K,Park/Forest Service,NA,NA,NA,NA,NA,NA,NA,NA,NA,NA,NA,NA,NA,NA,NA,NA,NA,NA,NA,NA,NA,A 20 year old snow boarder was killed in an avalanche near Stevens Pass.,A 20 year old snow boarder was killed in an avalanche near Stevens Pass.,CSV
201104,6,800,201104,6,800,50895,300726,WASHINGTON,53,2011,April,Avalanche,Z,519,WEST SLOPES CENTRAL CASCADES AND PASSES,53519,SEW,06-APR-11 08:00:00,PST-8,06-APR-11 08:00:00,2,0,0,0,0.00K,0.00K,Newspaper,NA,NA,NA,NA,NA,NA,NA,NA,NA,NA,NA,NA,NA,NA,NA,NA,NA,NA,NA,NA,NA,Two back country skiers were injured in an avalanche just below the summit of Snoqualmie mountain.,Two back country skiers were injured in an avalanche just below the summit of Snoqualmie mountain.,CSV
201102,22,1430,201102,22,1431,47222,274825,COLORADO,8,2011,February,Avalanche,Z,10,GORE AND ELK MOUNTAINS/CENTRAL MOUNTAIN VALLEYS,08010,GJT,22-FEB-11 14:30:00,MST-7,22-FEB-11 14:31:00,0,0,0,0,0.00K,0.00K,Law Enforcement,NA,NA,NA,NA,NA,NA,NA,NA,NA,NA,NA,NA,NA,NA,NA,NA,NA,NA,NA,NA,NA,A recent winter storm and other factors resulted in a fatal avalanche.,"Three persons were skiing in the Sand's Chute area just west of Snowmass Ski Area when the second skier to take the run triggered an avalanche.  The avalanche carried the victim about 1000 feet down the mountain.  The two companions were able to locate the victim within 5 minutes of the avalanche, but the victim had already perished.",CSV
201104,26,1000,201104,26,1000,49107,287805,CALIFORNIA,6,2011,April,Avalanche,Z,519,EASTERN SIERRA SLOPES OF INYO COUNTY,06519,VEF,26-APR-11 10:00:00,PST-8,26-APR-11 10:00:00,0,0,2,0,0.00K,0.00K,Newspaper,NA,NA,NA,NA,NA,NA,NA,NA,NA,NA,NA,NA,NA,NA,NA,NA,NA,NA,NA,NA,NA,Two skiers were killed in an avalanche just east of the Sierra crest.,"Two skiers died in an avalanche on the east-facing couloir of Split Mountain, near the Sierra crest southwest of Big Pine.",CSV
201103,15,1020,201103,15,1020,47767,278395,WYOMING,56,2011,March,Avalanche,Z,12,TETON & GROS VENTRE MOUNTAINS,56012,RIW,15-MAR-11 10:20:00,MST-7,15-MAR-11 10:20:00,1,0,0,0,0.00K,0.00K,Park/Forest Service,NA,NA,NA,NA,NA,NA,NA,NA,NA,NA,NA,NA,NA,NA,NA,NA,NA,NA,NA,NA,NA,"A backcountry skier was injured by a two-foot deep, 40-foot wide soft slab avalanche that carried him about 400 feet down the Shady Lady slope of Cardiac Ridge in Granite Canyon. The slide occurred around 1020MST. National Park Service rangers along with rescuers from Teton County Search and Rescue and Jackson Hole Mountain Resort provided emergency care and transport for the injured skier.",NA,CSV
201103,5,1530,201103,5,1532,48841,285786,WASHINGTON,53,2011,March,Avalanche,Z,42,EAST SLOPES NORTHERN CASCADES,53042,OTX,05-MAR-11 15:30:00,PST-8,05-MAR-11 15:32:00,0,0,1,0,0.00K,0.00K,Park/Forest Service,NA,NA,NA,NA,NA,NA,NA,NA,NA,NA,NA,NA,NA,NA,NA,NA,NA,NA,NA,NA,NA,"A substantial rain event in mid January resulted in a strong, thick rain crust on an already established snow pack in the east slopes of the Cascades.  Mid-January to mid-February was mild with only modest amounts of snowfall added to the slopes.  Temperatures were much colder through the end of February and a series of storms from February 28th through March 4th resulted in heavy snowfall over the thick icy crust.  This series of events resulted in an unstable slab of snow susceptible to avalanche formation.","A 28 year old male skier triggered an avalanche at the top of Hooky Bowl located near Mt. Cashmere.  The slab depth, at the point where the avalanche was triggered, was just over a half a foot in depth and increased in depth up to three and one quarter foot.  The horizontal dimension of the slab was approximately 3 feet by 200 feet.  The skier was carried through several groups of trees and funneled down a steep gully.  After the avalanche ended, the skier was found alive with one leg dismembered and the other leg suffering significant fractures.  Other skiers arrived within two minutes of the event and performed lifesaving measures immediately, however, patient eventually died as a result of his injuries.",CSV
201101,8,1000,201101,8,1010,62939,376510,COLORADO,8,2011,January,Avalanche,Z,10,GORE AND ELK MOUNTAINS/CENTRAL MOUNTAIN VALLEYS,08010,GJT,08-JAN-11 10:00:00,MST-7,08-JAN-11 10:10:00,0,0,0,0,0.00K,0.00K,Department of Highways,NA,NA,NA,NA,NA,NA,NA,NA,NA,NA,NA,NA,NA,NA,NA,NA,NA,NA,NA,NA,NA,"A skier triggered an avalanche in terrain where a shallow wind slab existed in the upper snowpack, making conditions favorable for an avalanche.",A skier was caught in an avalanche and carried 75 feet before grabbing a tree in the path and stopping. No injuries were reported as the skier was only buried knee deep in the debris when the avalanche stopped.,CSV
201101,15,1200,201101,15,1215,62941,376513,COLORADO,8,2011,January,Avalanche,Z,19,SOUTHWESTERN SAN JUAN MOUNTAINS,08019,GJT,15-JAN-11 12:00:00,MST-7,15-JAN-11 12:15:00,0,0,0,0,0.00K,0.00K,Department of Highways,NA,NA,NA,NA,NA,NA,NA,NA,NA,NA,NA,NA,NA,NA,NA,NA,NA,NA,NA,NA,NA,Recent snowfall and windy conditions resulted in an unstable slab in the upper snowpack that resulted in a small avalanche involving skiers near Red Mountain Pass.,Four skiers in the back country triggered a small avalanche near Red Mountain Pass in the Above Cemetery avalanche path region. The avalance area was estimated to be 75 feet wide and up to 2 feet thick which slid about 50 feet downhill.  One skier was caught in this slide but was uninjured and able to dig out and get to safety.,CSV
201101,23,1200,201101,23,1215,62942,376525,COLORADO,8,2011,January,Avalanche,Z,10,GORE AND ELK MOUNTAINS/CENTRAL MOUNTAIN VALLEYS,08010,GJT,23-JAN-11 12:00:00,MST-7,23-JAN-11 12:15:00,0,0,0,0,0.00K,0.00K,Department of Highways,NA,NA,NA,NA,NA,NA,NA,NA,NA,NA,NA,NA,NA,NA,NA,NA,NA,NA,NA,NA,NA,Recent snowfall and a prolonged period of strong west to northwest winds resulted in wind slabbing on an unstable snowpack.,"New snowfall near treeline combined with strong west to northwest winds to create dangerous avalanche conditions for the area, including the West Willow drainage near Snowmass where this incident occurred. A skier triggered an avalanche at the 11.500 foot level just outside the boundaries of the Snowmass Ski area and was fully buried by the slide. The skier was able to dig himself out of the slide and was uninjured.",CSV
201102,24,1430,201102,24,1430,47396,276082,WYOMING,56,2011,February,Avalanche,Z,12,TETON & GROS VENTRE MOUNTAINS,56012,RIW,24-FEB-11 14:30:00,MST-7,24-FEB-11 14:30:00,1,0,0,0,0.00K,0.00K,Park/Forest Service,NA,NA,NA,NA,NA,NA,NA,NA,NA,NA,NA,NA,NA,NA,NA,NA,NA,NA,NA,NA,NA,"A skier injured his leg in an avalanche in Grand Teton National Park around 1430MST. The soft slab avalanche occurred in a portion of the park known as the Northwest Passage just outside the boundary of Jackson Hole Mountain Resort. The skier was carried down a 50 foot slope by the 60-foot-wide, 2.5-foot-deep slide where he crashed against a tree. Park rangers and county search and rescue evacuated the injured man by helicopter.",NA,CSV
201101,20,1000,201101,20,1000,48036,280342,COLORADO,8,2011,January,Avalanche,Z,34,S & SE GRAND / W CENTRAL & SW BOULDER / GILPIN / CLEAR CREEK / SUMMIT / N & W PARK COUNTIES ABOVE 9000 FEET,08034,BOU,20-JAN-11 10:00:00,MST-7,20-JAN-11 10:00:00,0,0,0,0,0.00K,0.00K,Broadcast Media,NA,NA,NA,NA,NA,NA,NA,NA,NA,NA,NA,NA,NA,NA,NA,NA,NA,NA,NA,NA,NA,"A snowboarder was killed when he triggered an avalanche in an area known as High Trail Cliffs northeast of Berthoud Pass. A pair of snowboarders and one dog left Berthoud Pass and headed northeast. They took a high traverse below the High Trail Cliffs.���  They were near the northeast edge of the Cliffs when they triggered the avalanche.   ||The first snowboarder was about 50 feet ahead of his friend and the dog when the slide started. He as able to outrun the avalanche, and stopped at the trees.  The victim was buried face down and buried under about 18 inches of avalanche debris. His dog was buried next to him.",NA,CSV
201101,14,1612,201101,14,1612,48016,280341,COLORADO,8,2011,January,Avalanche,Z,34,S & SE GRAND / W CENTRAL & SW BOULDER / GILPIN / CLEAR CREEK / SUMMIT / N & W PARK COUNTIES ABOVE 9000 FEET,08034,BOU,14-JAN-11 16:12:00,MST-7,14-JAN-11 16:12:00,0,0,0,0,NA,0.00K,Broadcast Media,NA,NA,NA,NA,NA,NA,NA,NA,NA,NA,NA,NA,NA,NA,NA,NA,NA,NA,NA,NA,NA,"A winter storm brought moderate to heavy snow to the North Central Mountains of Colorado.  Very strong winds associated with an upper level jetstream over the state, produce blizzard conditions above timberline.  Peak wind gusts included:  99 mph atop Loveland Pass, 94 mph at North Twin Peak, 2 miles southwest of Mary Jane; 85 mph atop Peak 8 at Breckenridge Ski Area; 80 mph atop Berthoud Pass and 79 mph at the Niwot Ridge Saddle.  Storm totals included:  14 inches, 2 miles south-southeast of Breckenridge and at Copper Mountain SNOTEL; 12 inches at Michigan Creek SNOTEL, 11 inches atop Cameron Pass and 10 inches at Grizzly Peak.",An avalanche trapped several vehicles along U.S. Highway 6 over Loveland Pass.  The slide caught several vehicles but no injuries were reported.,CSV
201105,29,1630,201105,29,1630,52857,316090,WYOMING,56,2011,May,Avalanche,Z,12,TETON & GROS VENTRE MOUNTAINS,56012,RIW,29-MAY-11 16:30:00,MST-7,29-MAY-11 16:30:00,2,0,0,0,0.00K,0.00K,Newspaper,NA,NA,NA,NA,NA,NA,NA,NA,NA,NA,NA,NA,NA,NA,NA,NA,NA,NA,NA,NA,NA,"Two skiers were injured when a 15-foot-wide avalanche carried them 600 feet down a slope in the area of Togwotee Pass. The slide triggered on a 38-degree, south-facing slope at an elevation of 10,000 feet. The skiers were self-rescued.",NA,CSV
201103,26,1030,201103,26,1030,49761,292351,UTAH,49,2011,March,Avalanche,Z,517,CENTRAL MOUNTAINS,49517,SLC,26-MAR-11 10:30:00,MST-7,26-MAR-11 10:30:00,2,0,1,0,0.00K,0.00K,State Official,NA,NA,NA,NA,NA,NA,NA,NA,NA,NA,NA,NA,NA,NA,NA,NA,NA,NA,NA,NA,NA,"A group of experienced backcountry skiers was exploring a slope in Sanpete County when they triggered an avalanche, catching an carrying 3 people, and eventually killing one.","A group of very experienced backcountry skiers went to explore Big Horseshoe Bowl, an area near Ephraim, Utah, on the morning of March 26th. They had read the avalanche forecast, which had an overall hazard of Moderate with pockets of Considerable, so they were being careful, testing different slopes for avalanche activity before deciding if they should ski the slope. As they were testing one of these slopes, and about to decide that that particular slope was too dangerous, a large avalanche was triggered. ||The avalanche caught and carried 3 of the individuals. Two of these three were freed relatively quickly, but the third was completely buried. Using their beacons, they located him and eventually dug him out of the snow. They were able to revive him after extensive use of CPR, and the entire group was recovered by a SAR team later that day, but the individual died the next day.",CSV
201112,31,1420,201112,31,1420,59859,357378,WYOMING,56,2011,December,Avalanche,Z,1,YELLOWSTONE NATIONAL PARK,56001,RIW,31-DEC-11 14:20:00,MST-7,31-DEC-11 14:20:00,0,0,1,0,0.00K,0.00K,Park/Forest Service,NA,NA,NA,NA,NA,NA,NA,NA,NA,NA,NA,NA,NA,NA,NA,NA,NA,NA,NA,NA,NA,"A backcountry skier was killed by an avalanche that buried him under 10 to 12 feet of snow in a narrow canyon near the Montana border around 1420MST. The slide ran 250 feet downhill had was comprised of two paths that totaled about 800 feet in width. The skier was caught within a 50-foot-wide path. Rescue crews from Cooke City, Montana recovered the body nine hours later.",NA,CSV
201104,16,2300,201104,16,2300,50827,300121,WYOMING,56,2011,April,Avalanche,Z,12,TETON & GROS VENTRE MOUNTAINS,56012,RIW,16-APR-11 23:00:00,MST-7,16-APR-11 23:00:00,0,0,2,0,0.00K,0.00K,Park/Forest Service,NA,NA,NA,NA,NA,NA,NA,NA,NA,NA,NA,NA,NA,NA,NA,NA,NA,NA,NA,NA,NA,"Two backcountry skiers were buried by a large avalanche shed from the north face of Nez Perce Peak the night of Saturday, April 16 as the skiers were sheltering in their tents for the night. Late Saturday, April 23, rescuers from the National Park Service and Teton County Search and Rescue discovered the bodies of the skiers under 13 feet of snow in Garnet Canyon Meadows. The search team of park rangers completed the recovery the next morning.",NA,CSV
201101,27,0,201101,28,0,47484,276671,IDAHO,16,2011,January,Avalanche,Z,9,WESTERN LEMHI COUNTY,16009,MSO,27-JAN-11 00:00:00,MST-7,28-JAN-11 00:00:00,0,0,0,0,0.00K,0.00K,Department of Highways,NA,NA,NA,NA,NA,NA,NA,NA,NA,NA,NA,NA,NA,NA,NA,NA,NA,NA,NA,NA,NA,The Salmon River Road was closed by snow slides. Heavy snow loads and rain caused numerous slides between Pine Creek Bridge and the mouth of Panther Creek.,Road crews reported that one of the avalanches blocked nearly a quarter mile section of the road near Halfway Gulch with snow 10 feet deep on the downhill side of the road.,CSV
201102,20,1300,201102,20,1301,47218,274807,COLORADO,8,2011,February,Avalanche,Z,13,FLATTOP MOUNTAINS,08013,GJT,20-FEB-11 13:00:00,MST-7,20-FEB-11 13:01:00,0,0,0,0,0.00K,0.00K,Newspaper,NA,NA,NA,NA,NA,NA,NA,NA,NA,NA,NA,NA,NA,NA,NA,NA,NA,NA,NA,NA,NA,Recent snowfall and other factors resulted in a deadly avalanche.,"Some people were snowmobiling on the Flat Tops in the vicinity of Sand Peak when one of the snowmobilers was caught in an avalanche.  The victim was found the next day buried under 15 feet of snow.  The hard-slab avalanche took out the top four feet of snow depth on the slope, was 400 feet wide and traveled a distance of 300 feet.  the debris field had a maximum depth of 25 feet.",CSV
201110,8,400,201110,8,1100,58867,352847,UTAH,49,2011,October,Avalanche,Z,24,EASTERN UINTA BASIN,49024,GJT,08-OCT-11 04:00:00,MST-7,08-OCT-11 11:00:00,0,0,0,0,0.00K,0.00K,Trained Spotter,NA,NA,NA,NA,NA,NA,NA,NA,NA,NA,NA,NA,NA,NA,NA,NA,NA,NA,NA,NA,NA,A Pacific trough produced heavy early season snowfall in the Uinta Mountains and signficant snowfall in the eastern Uinta Basin during the big game hunting season.,Snowfall amounts ranged from 1 to 3 inches.  Highway 40 in Uintah County had slushy to snowpacked roads.,CSV
201105,12,500,201105,12,1000,51492,306164,COLORADO,8,2011,May,Avalanche,Z,18,NORTHWESTERN SAN JUAN MOUNTAINS,08018,GJT,12-MAY-11 05:00:00,MST-7,12-MAY-11 10:00:00,0,0,0,0,0.00K,0.00K,Department of Highways,NA,NA,NA,NA,NA,NA,NA,NA,NA,NA,NA,NA,NA,NA,NA,NA,NA,NA,NA,NA,NA,A large and slow moving Pacific low pressure system with abundant moisture moved across the central Rocky Mountain region.,A number of avalanches occurred towards the end of the winter storm as a result of heavy snowfall accumulations and snow loading due to blowing and drifting snow.  Four avalanches came down across Highway 550 between the Monument and Red Mountain Pass.  The avalanches covered the road up to 4 feet deep in places.,CSV
201212,9,700,201212,9,700,69453,416635,WYOMING,56,2012,December,Avalanche,Z,12,TETON & GROS VENTRE MOUNTAINS,56012,RIW,09-DEC-12 07:00:00,MST-7,09-DEC-12 07:00:00,1,0,0,0,0.00K,0.00K,Newspaper,NA,NA,NA,NA,NA,NA,NA,NA,NA,NA,NA,NA,NA,NA,NA,NA,NA,NA,NA,NA,NA,"A snowboarder triggered a soft slab avalanche on the south side of Teton Pass at 0700MST on Sunday, December 9. The avalanche occurred on a greater than 45-degree slope. The snowboarder had to deploy an emergency air bag collar to ride out the avalanche.",NA,CSV
201201,21,0,201201,21,0,60084,358645,COLORADO,8,2012,January,Avalanche,Z,31,WEST JACKSON & WEST GRAND COUNTIES ABOVE 9000 FEET,08031,BOU,21-JAN-12 00:00:00,MST-7,21-JAN-12 00:00:00,0,1,0,0,0.00K,0.00K,Newspaper,NA,NA,NA,NA,NA,NA,NA,NA,NA,NA,NA,NA,NA,NA,NA,NA,NA,NA,NA,NA,NA,"Two men, on foot, triggered and were caught in a small avalanche. The avalanche was 2 to 3 feet deep, 65 feet wide, and ran 140 feet vertically.   One man was fully buried and the other partially buried. It took some time for the survivor to free himself, he then then had to dig through 5 feet of snow to reach his brother, who was unresponsive when found.||The accident, near Buffalo Pass, occurred on a north aspect below treeline as the two men, on foot, worked their way toward a lower elevation.  The men had gotten stuck snowmobiling prior to the avalanche, and were trying to walk back to the Grizzly Creek campsite.  The second survived two nights in the field and was recovered by friends, family, and rescue personnel on January 23rd.  He was hospitalized and assessed for frostbite.",NA,CSV
201203,25,1200,201203,25,1830,73656,445580,COLORADO,8,2012,March,Avalanche,Z,18,NORTHWESTERN SAN JUAN MOUNTAINS,08018,GJT,25-MAR-12 12:00:00,MST-7,25-MAR-12 18:30:00,0,0,0,0,0.00K,0.00K,Department of Highways,NA,NA,NA,NA,NA,NA,NA,NA,NA,NA,NA,NA,NA,NA,NA,NA,NA,NA,NA,NA,NA,Relatively warm temperatures that reached to near 40 degrees above the snowline resulted in the snowpack becoming unstable which set off some wet-loose slides.,Several avalanches came down onto Highway 550 below Red Mountain Pass.  Avalanche debris covered the highway up to four feet deep.,CSV
201202,12,1300,201202,13,600,61925,370336,COLORADO,8,2012,February,Avalanche,Z,17,UNCOMPAHGRE PLATEAU AND DALLAS DIVIDE,08017,GJT,12-FEB-12 13:00:00,MST-7,13-FEB-12 06:00:00,0,0,0,0,0.00K,0.00K,Mesonet,NA,NA,NA,NA,NA,NA,NA,NA,NA,NA,NA,NA,NA,NA,NA,NA,NA,NA,NA,NA,NA,"A Pacific trough produced heavy snowfall in some mountain areas of western Colorado, as well as some lower elevation areas in southwest Colorado.",Snowfall accumulations of 5 to 8 inches were measured above the 8000 foot level.  Wind gusts of 20 to 35 mph produced areas of blowing and drifting snow.,CSV
201203,1,1405,201203,1,1406,60230,359638,CALIFORNIA,6,2012,March,Avalanche,Z,72,GREATER LAKE TAHOE AREA,06072,REV,01-MAR-12 14:05:00,PST-8,01-MAR-12 14:06:00,0,0,1,0,0.00K,0.00K,Park/Forest Service,NA,NA,NA,NA,NA,NA,NA,NA,NA,NA,NA,NA,NA,NA,NA,NA,NA,NA,NA,NA,NA,Several days of snow and wind created dangerous avalanche conditions due to the formation of wind slabs on the downwind slopes of ridges around Lake Tahoe. A skier in the backcountry near Alpine Meadows triggered an avalanche.,"A Sierra Avalanche Center report indicated that three skiers were skiing in the backcountry near Alpine Meadows when one of the skiers triggered an avalanche about 300 ft wide by 500 feet long and one foot deep. The skier was buried under 3 feet of snow. The other two skiers found the victim within several minutes. However, the victim sustained severe injuries due to impact with trees and debris and died in the hospital that night.",CSV
201202,2,600,201202,2,600,59511,355653,ALASKA,2,2012,February,Avalanche,Z,125,WRN P.W. SND & KENAI MTNS,02125,AFC,02-FEB-12 06:00:00,AKST-9,02-FEB-12 06:00:00,0,0,0,0,0.00K,0.00K,Department of Highways,NA,NA,NA,NA,NA,NA,NA,NA,NA,NA,NA,NA,NA,NA,NA,NA,NA,NA,NA,NA,NA,A large intense north Pacific storm moved across Kodiak Island into the lower Cook Inlet and south central region of Alaska the afternoon of February 1st. This storm produced high wind and blizzard conditions from the Alaska Peninsula to the Kuskokwim Delta east across the Kenai Peninsula into Prince William Sound. The sudden change in the weather pattern brought on extreme avalanche danger to the Kenai Mountains and Chugach Mountains. One Avalanche closed the Seward Highway at the junction of the Sterling Highway February 2nd. One man died after he went out into the blizzard on a snow machine near Toksook Bay in the Kuskokwim Delta.,NA,CSV
201201,22,1200,201201,22,1210,72518,437368,COLORADO,8,2012,January,Avalanche,Z,10,GORE AND ELK MOUNTAINS/CENTRAL MOUNTAIN VALLEYS,08010,GJT,22-JAN-12 12:00:00,MST-7,22-JAN-12 12:10:00,0,0,1,0,0.00K,0.00K,Department of Highways,NA,NA,NA,NA,NA,NA,NA,NA,NA,NA,NA,NA,NA,NA,NA,NA,NA,NA,NA,NA,NA,Significant snowfall and strong winds resulted in an unstable snowpack just prior to this deadly avalanche.,"Five skiers entered the Prima Cornice area inside the Vail Ski Area boundary where unstable snow conditions were in place. Three of the skiers traversed a slope and were caught in a 200 foot-wide soft-slab avalanche which began at the 10,800 foot level and ran 400 vertical feet through a forested area on a 46 degree slope.  Two skiers were partially buried and another tumbled outside of the debris field. One of the partially buried skiers died from injuries sustained in the avalanche.",CSV
201201,18,1315,201201,18,1330,72512,437340,COLORADO,8,2012,January,Avalanche,Z,10,GORE AND ELK MOUNTAINS/CENTRAL MOUNTAIN VALLEYS,08010,GJT,18-JAN-12 13:15:00,MST-7,18-JAN-12 13:30:00,0,0,1,0,0.00K,0.00K,Department of Highways,NA,NA,NA,NA,NA,NA,NA,NA,NA,NA,NA,NA,NA,NA,NA,NA,NA,NA,NA,NA,NA,A recent storm with significant snowfall and strong winds resulted in a soft slab layer of snow on top of an older unstable snowpack.,A small avalanche was triggered in a nnarrow gully by a skier. A second skier become stuck in the initial avalanche debris field and triggered another avalanche when trying to extricate himself. This skier was then buried by the second avalanche in a terrain trap where he was buried for approximately 10 minutes before being uncovered by other skiers.  This fatal avalanche occurred in the Burnt Mountain area outside the boundaries of Snowmass Ski Area.,CSV
201202,25,1525,201202,25,1535,72649,438224,COLORADO,8,2012,February,Avalanche,Z,19,SOUTHWESTERN SAN JUAN MOUNTAINS,08019,GJT,25-FEB-12 15:25:00,MST-7,25-FEB-12 15:35:00,0,0,0,0,0.00K,0.00K,Department of Highways,NA,NA,NA,NA,NA,NA,NA,NA,NA,NA,NA,NA,NA,NA,NA,NA,NA,NA,NA,NA,NA,"A shallow, early snowpack and dry start to January created a layer of weak faceted snow near ground level. Over 8 feet of new snowfall through mid January into February which produced a dense slab over the weaker faceted snow and created conditions favorable for avalanches.","A large group of skiers were touring the backcountry near Red Mountain pass when one skier triggered an avalanche at the 10,520 foot level. This skier was not caught by the avalanche but two others were caught and buried by the avalanche which deposited avalanche debris up to ten feet deep along the creek bottom. Both skiers where located within 5 minutes, with one buried two feet beneath the snow and the other buried six feet under the snow.  Both skiers survived without injuries.",CSV
201202,3,0,201202,3,700,72520,437370,COLORADO,8,2012,February,Avalanche,Z,18,NORTHWESTERN SAN JUAN MOUNTAINS,08018,GJT,03-FEB-12 00:00:00,MST-7,03-FEB-12 07:00:00,0,0,0,0,0.00K,0.00K,Department of Highways,NA,NA,NA,NA,NA,NA,NA,NA,NA,NA,NA,NA,NA,NA,NA,NA,NA,NA,NA,NA,NA,Periods of heavy snowfall in the Gorge area of Highway 550 triggered several small slides that buried sections of Highway 550.,"Heavy snowfall in favorable terrain caused several small avalanches along the Highway 550 corridor near Red Mountain Pass. Avalanche debris depth on the highway was up to six feet deep.  The highway was closed until the debris was removed, and it was closed again later that day for several hours to do avalanche mitigation work.",CSV
201202,13,1200,201202,13,1210,72519,437369,COLORADO,8,2012,February,Avalanche,Z,18,NORTHWESTERN SAN JUAN MOUNTAINS,08018,GJT,13-FEB-12 12:00:00,MST-7,13-FEB-12 12:10:00,0,0,1,0,0.00K,0.00K,Department of Highways,NA,NA,NA,NA,NA,NA,NA,NA,NA,NA,NA,NA,NA,NA,NA,NA,NA,NA,NA,NA,NA,Early season snowfall and a dry start to January created a weak snow layer which was covered by seven feet of newer snow which accumulated from mid January to February 13th. This later snow formed a dense slab over the weak base and create favorable avalanche conditions.,"A snowboarder traveling alone was caught in an avalanche which initiated at the 10,300 foot level and carried the victim downhill 925 vertical feet.  The victim had an avalanche beacon and was found buried under four feet of snow and debris. The avalanche occurred in an area south of the town of Telluride.",CSV
201202,13,1125,201202,13,1135,72648,438223,COLORADO,8,2012,February,Avalanche,Z,10,GORE AND ELK MOUNTAINS/CENTRAL MOUNTAIN VALLEYS,08010,GJT,13-FEB-12 11:25:00,MST-7,13-FEB-12 11:35:00,1,0,0,0,0.00K,0.00K,Department of Highways,NA,NA,NA,NA,NA,NA,NA,NA,NA,NA,NA,NA,NA,NA,NA,NA,NA,NA,NA,NA,NA,"A shallow, early snowpack and dry start to January created a layer of weak faceted snow near ground level. New snowfall through late January into February produced a dense slab over the weaker faceted snow which created conditions favorable for avalanches.","A trio of skiers entered Mushroom Bowl near Vail Ski Area.  One skier jumped off a 30 foot cliff onto the snow below and triggered an avalanche which started at the 11,450 foot level.  The avalanche path was 100 feet wide and 300 vertical feet. The skier who initiated the avalanche was swept off his feet and carried into a group of small trees, where he received non-life threatening injuries, then became fully buried under one to two feet of snow from a secondary avalanche. The other skiers where able to dig him out then self evacuate from the avalanche site.",CSV
201203,3,1030,201203,3,1045,72522,437380,UTAH,49,2012,March,Avalanche,Z,28,LA SAL & ABAJO MOUNTAINS,49028,GJT,03-MAR-12 10:30:00,MST-7,03-MAR-12 10:45:00,0,0,1,0,0.00K,0.00K,Park/Forest Service,NA,NA,NA,NA,NA,NA,NA,NA,NA,NA,NA,NA,NA,NA,NA,NA,NA,NA,NA,NA,NA,A series of storms brought significant snow accumulations to the La Sal Mountains since early February. The final storm prior to the deadly avalanche deposited over 2 feet of new snow on northwest aspects near the accident site and created conditions favorable for avalanches as a soft slab snow layer was overlaid onto a hardened weak surface.,"A group of four snowmobile riders were heading into the Beaver Basin area and noticed the snow pack becoming increasingly unstable by the late morning hours. The group found a turn-around point in a nearby meadow which was in the avalanche zone. The last rider heading to the meadow turn-around point was caught by a massive avalanche which released higher up on the mountain.  The victim and his snowmobile were buried under about twelve feet of snow, and were not able to be extricated until the next day.  The top of the avalanche path was near the 11,200 foot level and traveled down about 1250 vertical feet with a path width of up to 800 feet.",CSV
201203,30,1550,201203,30,1600,72521,437379,COLORADO,8,2012,March,Avalanche,Z,19,SOUTHWESTERN SAN JUAN MOUNTAINS,08019,GJT,30-MAR-12 15:50:00,MST-7,30-MAR-12 16:00:00,0,0,1,0,0.00K,0.00K,Department of Highways,NA,NA,NA,NA,NA,NA,NA,NA,NA,NA,NA,NA,NA,NA,NA,NA,NA,NA,NA,NA,NA,"Temperatures near Ophis Pass on March 30th rose above freezing at the 13,000 foot level and were the warmest readings of the year so far.  March 30th was preceded by an uncharacteristically warm and dry period which created favorable avalanche conditions.","A skier in a group of four decided to ski down a southeast aspect near Ophir Pass during a sunny and relatively warm afternoon. This skier initiated a wet slab avalanche that broke loose at about the 12,800 foot level and traveled a distance of over one mile with a path width of up to 500 feet. The skier was carried by the avalanche a total distance of about 4200 feet down a vertical elevation drop of about 1500 feet. Although the skier had an avalanche beacon, he was not found and uncovered from the avalanche debris until about 35 minutes after he was buried.",CSV
201212,30,1200,201212,30,1201,71903,433164,COLORADO,8,2012,December,Avalanche,Z,10,GORE AND ELK MOUNTAINS/CENTRAL MOUNTAIN VALLEYS,08010,GJT,30-DEC-12 12:00:00,MST-7,30-DEC-12 12:01:00,0,0,1,0,0.00K,0.00K,Broadcast Media,NA,NA,NA,NA,NA,NA,NA,NA,NA,NA,NA,NA,NA,NA,NA,NA,NA,NA,NA,NA,NA,An unstable snowpack in the Snowmass area resulted in an avalanche that killed a person.,"A Snowmass ski patroller triggered a portion of the crown from a previous avalanche within the Snowmass Ski Area. The previous avalanche was triggered with explosives on December 27, 2012, three days before the accident. Although the December 30th avalanche was considered relatively small in size, it was large enough to sweep the skier over a cliff.  The time of the fatal avalanche was estimated, and the actual event likely occurred within an hour of the estimate.  A snowfall total of 18 inches was reported from Snowmass Ski Area within four days prior to the December 27th avalanche.",CSV
201204,28,1300,201204,28,1305,75709,456970,COLORADO,8,2012,April,Avalanche,Z,18,NORTHWESTERN SAN JUAN MOUNTAINS,08018,GJT,28-APR-12 13:00:00,MST-7,28-APR-12 13:05:00,1,0,0,0,0.25K,0.00K,Department of Highways,NA,NA,NA,NA,NA,NA,NA,NA,NA,NA,NA,NA,NA,NA,NA,NA,NA,NA,NA,NA,NA,A snowboarder triggered an avalanche which swept him down the side of a mountain.,"A pair of snowboarders descended a north aspect slope near South Lookout Peak in the Ophir Pass area. As one snowboarder watched from below, the other triggered an avalanche during his descent and was caught in the debris flow and injured as he was carried over two rock cliffs. Some of his gear was damaged, including his helmet.  The injured snowboarder was able to travel out of the back country with the assistance of the other snowboarder and another group in the area.",CSV
201202,22,1200,201202,22,1200,60123,358926,MONTANA,30,2012,February,Avalanche,Z,67,ABSAROKEE / BEARTOOTH MOUNTAINS,30067,BYZ,22-FEB-12 12:00:00,MST-7,22-FEB-12 12:00:00,0,0,1,0,0.00K,0.00K,Other Federal Agency,NA,NA,NA,NA,NA,NA,NA,NA,NA,NA,NA,NA,NA,NA,NA,NA,NA,NA,NA,NA,NA,"Seven snowmobilers departed Cooke City, Montana and ascended Miller Creek drainage via Daisy Pass Trail Road. Approximately 2.25 miles up the Road the group stopped to play in a small meadow downhill from the road. At the time of the avalanche, the victim was attempting to turn his snowmobile around but got stuck on the steep cut bank on the uphill side of the road putting he and three other riders in the path of the avalanche. The victim was completely buried; the three others were partially buried. The group started a beacon search, located the victim within two minutes and had him completely dug out in ten minutes. The victim did not have a pulse and did not survive. It is unclear whether the avalanche released naturally or was triggered by the victim. The slide ran approximately 600 vertical feet and left a debris pile 4-6 feet deep. More detailed information can be found at www.mtavalanche.com.",Please see episode narrative.,CSV
201212,24,1045,201212,24,1045,71184,427763,CALIFORNIA,6,2012,December,Avalanche,Z,72,GREATER LAKE TAHOE AREA,06072,REV,24-DEC-12 10:45:00,PST-8,24-DEC-12 10:45:00,0,0,1,0,0.00K,0.00K,Public,NA,NA,NA,NA,NA,NA,NA,NA,NA,NA,NA,NA,NA,NA,NA,NA,NA,NA,NA,NA,NA,"Strong, cold low pressure remained over the northeast Pacific from the 21st through early on the 24th bringing heavy snow to eastern California.",Avalanche control activities (explosives) at the Alpine Meadows Ski resort resulted in the death of an experienced ski patroller. The avalanche broke much wider and higher than expected based on past experience. The man was found and uncovered within 8 minutes of the avalanche. He was airlifted via CareFlight helicopter to Renown Medical Center in Reno where he died.,CSV
201201,28,1122,201201,28,1122,60365,362794,UTAH,49,2012,January,Avalanche,Z,8,WASATCH MOUNTAINS SOUTH OF I-80,49008,SLC,28-JAN-12 11:22:00,MST-7,28-JAN-12 11:22:00,0,0,1,0,0.00K,0.00K,Other Federal Agency,NA,NA,NA,NA,NA,NA,NA,NA,NA,NA,NA,NA,NA,NA,NA,NA,NA,NA,NA,NA,NA,"A large avalanche was triggered in the backcountry near Big Cottonwood Canyon, resulting in one fatality.","Three men, a skier and two split-boarders, went up Big Cottonwood Canyon on the morning of January 28th. They eventually reached Kessler Peak, and began to descend the west face, with one of the split-boarders in the lead. The man in the lead triggered a hard slab avalanche, which averaged 3 feet deep and nearly 1,000 feet wide.  The avalanche ran 2,500 feet vertically. The man was buried in the avalanche, and the other two friends, who were above the avalanche path, began attempts to locate him. They eventually found him and dug him out, but he died on the scene.",CSV
201212,24,1100,201212,24,1200,70630,426142,CALIFORNIA,6,2012,December,Avalanche,Z,69,WEST SLOPE NORTHERN SIERRA NEVADA,06069,STO,24-DEC-12 11:00:00,PST-8,24-DEC-12 12:00:00,0,0,1,0,0.00K,0.00K,Broadcast Media,NA,NA,NA,NA,NA,NA,NA,NA,NA,NA,NA,NA,NA,NA,NA,NA,NA,NA,NA,NA,NA,"A series of pacific storms tracked across Northern California Thursday through the weekend bringing periods of moderate to heavy snow in the mountains and gusty winds. Low snow levels brought snow as low as 500 ft before snow levels rose to 3000 to 4500 ft by the weekend. Significant rainfall was brought to the lower elevations. Winds gusted up to 40-55 mph in the Northern, Central, and Southern Sacramento Valley, as well as the northeast foothills and northern Sierra Mountains, on December 23rd. These winds caused an estimated 10,000 to 30,000 power outages, and also resulted in downed trees and tree branches. Power outages were located near the Redding vicinity, mountain valleys such as Quincy and Chester, near the Chico/Paradise/Oroville area, and also the Sacramento metropolitan. Two fatalities occurred with this episode: one fatality due to a fallen tree, and one fatality due to an avalanche.","One fatality occurred when a male snowboarder, age 49, was caught in an avalanche at Donner Ski Ranch on Dec. 24th that occurred between 11am and noon. The man's body was found under 2-3 feet of snow at the base of the avalanche. The wind had blown snow to depths of 7 ft or more where the man was snowboarding.",CSV
201201,1,1345,201201,1,1345,60077,358633,COLORADO,8,2012,January,Avalanche,Z,34,S & SE GRAND / W CENTRAL & SW BOULDER / GILPIN / CLEAR CREEK / SUMMIT / N & W PARK COUNTIES ABOVE 9000 FEET,08034,BOU,01-JAN-12 13:45:00,MST-7,01-JAN-12 13:45:00,1,0,0,0,0.00K,0.00K,Park/Forest Service,NA,NA,NA,NA,NA,NA,NA,NA,NA,NA,NA,NA,NA,NA,NA,NA,NA,NA,NA,NA,NA,Two backcountry skiers triggered an avalanche near Berthoud Pass.  One of the skiers was caught and partially buried in the slide.  He sustained a broken arm.,NA,CSV
201201,22,1500,201201,22,1500,60079,358634,COLORADO,8,2012,January,Avalanche,Z,34,S & SE GRAND / W CENTRAL & SW BOULDER / GILPIN / CLEAR CREEK / SUMMIT / N & W PARK COUNTIES ABOVE 9000 FEET,08034,BOU,22-JAN-12 15:00:00,MST-7,22-JAN-12 15:00:00,0,0,1,0,0.00K,0.00K,Park/Forest Service,NA,NA,NA,NA,NA,NA,NA,NA,NA,NA,NA,NA,NA,NA,NA,NA,NA,NA,NA,NA,NA,A skier was killed when he triggered a small avalanche on the Mary Jane side of the Winter Park ski resort.  He was skiing inbounds when the accident occurred and was found completely buried in two to three feet of snow.  The Ski Patrol found the man unresponsive in the trees near the Trestle trail and began CPR when they found him.  The victim was taken to the emergency room at the base of Winter Park and later died due to asphyxiation.  This was the second avalanche in Colorado since 1991 to kill a skier in clearly open terrain within a ski area boundary.,NA,CSV
201203,7,1200,201203,7,1200,60522,361180,WYOMING,56,2012,March,Avalanche,Z,12,TETON & GROS VENTRE MOUNTAINS,56012,RIW,07-MAR-12 12:00:00,MST-7,07-MAR-12 12:00:00,0,0,2,0,0.00K,0.00K,Newspaper,NA,NA,NA,NA,NA,NA,NA,NA,NA,NA,NA,NA,NA,NA,NA,NA,NA,NA,NA,NA,NA,"An avalanche on Ranger Peak killed two backcountry skiers Wednesday, March 7. The skiers were found the following day after a family member reported one of them missing. The avalanche occurred at 10,500 feet and swept the skiers 3,000 vertical feet down Waterfalls Canyon. Searchers found one skier 150 feet from the end of the avalanche and the other up the canyon 1,500 feet away. The skiers were found near the surface of debris six feet deep at noon on Thursday, March 8.",NA,CSV
201202,5,1700,201202,5,1700,61181,365877,UTAH,49,2012,February,Avalanche,Z,517,CENTRAL MOUNTAINS,49517,SLC,05-FEB-12 17:00:00,MST-7,05-FEB-12 17:00:00,0,0,1,0,0.00K,0.00K,Other Federal Agency,NA,NA,NA,NA,NA,NA,NA,NA,NA,NA,NA,NA,NA,NA,NA,NA,NA,NA,NA,NA,NA,"A snowmobiler triggered an avalanche in the mountains of Central Utah. Two people were initially caught in the avalanche, but there was only one fatality.","Four snowmobilers were finishing up a day of riding west of Lost Creek Reservoir. They were well aware of the avalanche danger, and as such, had avoided climbing any hills through the day. However, wanting to get back home quicker, they cut across one of the hills, and an avalanche was triggered. One rider was quickly caught in the slide, but was able to stay on his sled, and grabbed the throttle, which propelled him out of the slide area. A second rider was caught and fully buried in the snow. After more than an hour of searching by his fellow riders, he was eventually found and dug out, but he had already passed away.",CSV
201202,23,1500,201202,23,1500,61191,365938,UTAH,49,2012,February,Avalanche,Z,8,WASATCH MOUNTAINS SOUTH OF I-80,49008,SLC,23-FEB-12 15:00:00,MST-7,23-FEB-12 15:00:00,0,0,1,0,0.00K,0.00K,Other Federal Agency,NA,NA,NA,NA,NA,NA,NA,NA,NA,NA,NA,NA,NA,NA,NA,NA,NA,NA,NA,NA,NA,"A storm system moving through Utah brought strong winds to the northern half of the state, especially along the higher terrain. These winds added to already dangerous avalanche conditions, and there was one avalanche fatality during this period of time.","Two snowboarders were in Dutch Draw, a backcountry area south of the Canyons Resort. After a brief stop, the victim went ahead of the other snowboarder, where he triggered an avalanche, was caught, and was buried. While he was eventually dug out of the snow by his companion,  and other snowboarders in the area, he was buried for approximately 40 minutes. Attempts at resuscitation were unsuccessful, and he died at the scene.",CSV
201202,27,1530,201202,27,1530,60515,361137,WYOMING,56,2012,February,Avalanche,Z,12,TETON & GROS VENTRE MOUNTAINS,56012,RIW,27-FEB-12 15:30:00,MST-7,27-FEB-12 15:30:00,0,0,1,0,0.00K,0.00K,Park/Forest Service,NA,NA,NA,NA,NA,NA,NA,NA,NA,NA,NA,NA,NA,NA,NA,NA,NA,NA,NA,NA,NA,An avalanche was triggered by a snowmobile rider on Grouse Mountain around 1530MST on February 27. The avalanche occurred on a 38 degree slope in an area known as Drag Race Hill. The snowmobile rider was highmarking on the hill when he triggered the slide and was buried under four to five feet of snow for about 20 minutes. Rangers attempted to rescue the snowmobiler but declared him deceased after more than an hour.,NA,CSV
201202,19,1145,201202,19,1145,61069,366706,WASHINGTON,53,2012,February,Avalanche,Z,519,WEST SLOPES CENTRAL CASCADES AND PASSES,53519,SEW,19-FEB-12 11:45:00,PST-8,19-FEB-12 11:45:00,0,0,1,0,0.00K,0.00K,Park/Forest Service,NA,NA,NA,NA,NA,NA,NA,NA,NA,NA,NA,NA,NA,NA,NA,NA,NA,NA,NA,NA,NA,A strong front and moist westerly flow in its wake produced heavy snow in the Cascades.  3 different avalanches killed 4 and injured one.,Snowboarders triggered a slide outside of Alpental Ski area.  One killed.,CSV
201202,19,1200,201202,19,1200,61069,366707,WASHINGTON,53,2012,February,Avalanche,Z,519,WEST SLOPES CENTRAL CASCADES AND PASSES,53519,SEW,19-FEB-12 12:00:00,PST-8,19-FEB-12 12:00:00,0,0,3,0,0.00K,0.00K,Park/Forest Service,NA,NA,NA,NA,NA,NA,NA,NA,NA,NA,NA,NA,NA,NA,NA,NA,NA,NA,NA,NA,NA,A strong front and moist westerly flow in its wake produced heavy snow in the Cascades.  3 different avalanches killed 4 and injured one.,"Outside of the Stevens Pass ski area, a skier triggered an avalanche which killed 3.",CSV
201202,19,1400,201202,19,1400,61069,366708,WASHINGTON,53,2012,February,Avalanche,Z,519,WEST SLOPES CENTRAL CASCADES AND PASSES,53519,SEW,19-FEB-12 14:00:00,PST-8,19-FEB-12 14:00:00,1,0,0,0,0.00K,0.00K,Park/Forest Service,NA,NA,NA,NA,NA,NA,NA,NA,NA,NA,NA,NA,NA,NA,NA,NA,NA,NA,NA,NA,NA,A strong front and moist westerly flow in its wake produced heavy snow in the Cascades.  3 different avalanches killed 4 and injured one.,"Outside of the Crystal Mountain ski area, a skier triggered an avalanche which injured himself.",CSV
201202,16,1330,201202,16,1330,61832,369801,COLORADO,8,2012,February,Avalanche,Z,68,EASTERN SAN JUAN MOUNTAINS ABOVE 10000 FT,08068,PUB,16-FEB-12 13:30:00,MST-7,16-FEB-12 13:30:00,1,0,1,0,0.00K,0.00K,Law Enforcement,NA,NA,NA,NA,NA,NA,NA,NA,NA,NA,NA,NA,NA,NA,NA,NA,NA,NA,NA,NA,NA,A back country skier was killed in an avalanche near Wolf Creek Pass in the Gibbs Creek drainage basin.  The skier was found under 5-feet of snow in a 600 foot by 600 foot slide.  Another skier was injured.,NA,CSV
201201,6,1200,201201,6,1412,60260,359763,MONTANA,30,2012,January,Avalanche,Z,7,BUTTE / BLACKFOOT REGION,30007,MSO,06-JAN-12 12:00:00,MST-7,06-JAN-12 14:12:00,1,0,1,0,0.50K,0.00K,Park/Forest Service,NA,NA,NA,NA,NA,NA,NA,NA,NA,NA,NA,NA,NA,NA,NA,NA,NA,NA,NA,NA,NA,A warm southwest flow created unstable snow conditions at the higher elevations and some freezing drizzle in the valleys.,A snowmobiler triggered an avalanche 6 miles southeast of Philipsburg. One fatality.,CSV
201312,31,1321,201312,31,1321,81305,487828,COLORADO,8,2013,December,Avalanche,Z,33,S & E JACKSON / LARIMER / N & NE GRAND / NW BOULDER COUNTIES ABOVE 9000 FEET,08033,BOU,31-DEC-13 13:21:00,MST-7,31-DEC-13 13:21:00,0,0,0,0,0.00K,0.00K,State Official,NA,NA,NA,NA,NA,NA,NA,NA,NA,NA,NA,NA,NA,NA,NA,NA,NA,NA,NA,NA,NA,"One of 3 snowboarders was buried and killed just off the northeast ridge of Parkview Mountain, about 3 miles southwest of Willow Creek Pass.  A small storm brought several inches of new snow to the Willow Creek Pass area from December 27 to December 31st. Strong westerly winds drifted snow onto easterly aspects, including the start zone of this avalanche path.","The avalanche was small in size relative to the avalanche path.  The slide was 150 feet wide, and ran 500 vertical feet, and broke small tree branches up to 2 inches in diameter.  The victim traveled approximately 50 to 100 ft in the flow. He was fully buried 2 to 3 ft deep, and came to rest on his side. His body was bent around a small tree so that both his head and feet were down hill of his waist. He had a climbing helmet attached to his pack but was not wearing it at the time of the accident.",CSV
201304,11,1230,201304,11,1230,74228,448926,UTAH,49,2013,April,Avalanche,Z,8,WASATCH MOUNTAINS SOUTH OF I-80,49008,SLC,11-APR-13 12:30:00,MST-7,11-APR-13 12:30:00,0,0,1,0,0.00K,0.00K,Other Federal Agency,NA,NA,NA,NA,NA,NA,NA,NA,NA,NA,NA,NA,NA,NA,NA,NA,NA,NA,NA,NA,NA,"An avalanche occurred in Big Cottonwood Canyon, resulting in one fatality.","This particular avalanche fatality attracted attention because the victim, a 34-year-old male, was employed by the Utah Department of Transportation to forecast and control avalanche conditions. The victim was on duty, doing fieldwork alone on Kessler Peak (in Big Cottonwood Canyon), when he apparently ventured just a foot or two off of the safer snow. This triggered a small avalanche, but one that traveled through many sparse trees and over a couple cliffs. When he did not report in later that day, the search for him began; he was eventually found on top of the snow near the bottom of the avalanche, but he had already passed away from his injuries.",CSV
201311,1,1500,201311,1,1500,79624,477466,WYOMING,56,2013,November,Avalanche,Z,12,TETON & GROS VENTRE MOUNTAINS,56012,RIW,01-NOV-13 15:00:00,MST-7,01-NOV-13 15:00:00,1,0,0,0,0.00K,0.00K,Newspaper,NA,NA,NA,NA,NA,NA,NA,NA,NA,NA,NA,NA,NA,NA,NA,NA,NA,NA,NA,NA,NA,"Three skiers triggered an avalanche on the north face of Breccia Mountain near Togwotee Pass around 1500MST on Friday, November 1. The slide was about 30 inches deep and occurred on a nearly 45-degree slope at an elevation of 10,600 feet. One of the skiers injured a leg in the slide and was flown to a local hospital by Teton County Search and Rescue.",NA,CSV
201312,26,1250,201312,26,1250,80396,481577,WYOMING,56,2013,December,Avalanche,Z,12,TETON & GROS VENTRE MOUNTAINS,56012,RIW,26-DEC-13 12:50:00,MST-7,26-DEC-13 12:50:00,0,0,1,0,0.00K,0.00K,Newspaper,NA,NA,NA,NA,NA,NA,NA,NA,NA,NA,NA,NA,NA,NA,NA,NA,NA,NA,NA,NA,NA,"A 29-year-old skier was killed in an avalanche on Pucker Face, to the south of and just outside the boundary of the Jackson Hole Mountain Resort. The slide occurred around 1250MST at an elevation of 10,300 feet. The avalanche carried and buried the skier under about a 4-foot-deep slab of snow. An individual who saw the slide quickly uncovered the victim but he could not be resuscitated.",NA,CSV
201301,27,1525,201301,27,1525,70249,421872,WYOMING,56,2013,January,Avalanche,Z,24,SALT RIVER & WYOMING RANGES,56024,RIW,27-JAN-13 15:25:00,MST-7,27-JAN-13 15:25:00,0,0,1,0,0.00K,0.00K,Newspaper,NA,NA,NA,NA,NA,NA,NA,NA,NA,NA,NA,NA,NA,NA,NA,NA,NA,NA,NA,NA,NA,"A skier in the Cliff Creek drainage south of Hoback Canyon triggered an 8 inch deep avalanche that carried her 120 feet downhill and into a tree. Members of her party found her in less than one minute, but her injuries were fatal.",NA,CSV
201312,26,1400,201312,26,1445,81688,490128,IDAHO,16,2013,December,Avalanche,Z,23,CARIBOU HIGHLANDS,16023,PIH,26-DEC-13 14:00:00,MST-7,26-DEC-13 14:45:00,0,0,1,0,0.00K,0.00K,Newspaper,NA,NA,NA,NA,NA,NA,NA,NA,NA,NA,NA,NA,NA,NA,NA,NA,NA,NA,NA,NA,NA,A snowmobiler died near Palisades Peak in Neely's Cove in Bonneville County due to an avalanche.,A snowmobiler died near Palisades Peak in Neely's Cove in Bonneville County due to an avalanche.,CSV
201304,13,1400,201304,13,1400,74043,447853,WASHINGTON,53,2013,April,Avalanche,Z,519,WEST SLOPES CENTRAL CASCADES AND PASSES,53519,SEW,13-APR-13 14:00:00,PST-8,13-APR-13 14:00:00,5,0,1,0,0.00K,0.00K,Park/Forest Service,NA,NA,NA,NA,NA,NA,NA,NA,NA,NA,NA,NA,NA,NA,NA,NA,NA,NA,NA,NA,NA,Two separate avalanches killed two people and injured 7 near Snoqualmie Pass.,"An avalanche on Red mountain, near Snoqualmie Pass, killed one person and injured 5.",CSV
201304,13,1300,201304,13,1300,74043,447854,WASHINGTON,53,2013,April,Avalanche,Z,519,WEST SLOPES CENTRAL CASCADES AND PASSES,53519,SEW,13-APR-13 13:00:00,PST-8,13-APR-13 13:00:00,2,0,1,0,0.00K,0.00K,Park/Forest Service,NA,NA,NA,NA,NA,NA,NA,NA,NA,NA,NA,NA,NA,NA,NA,NA,NA,NA,NA,NA,NA,Two separate avalanches killed two people and injured 7 near Snoqualmie Pass.,"An avalanche on Granite mountain, near Snoqualmie Pass, killed one person and injured 2.",CSV
201301,18,1530,201301,18,1530,71077,429868,UTAH,49,2013,January,Avalanche,Z,9,WESTERN UINTA MOUNTAINS,49009,SLC,18-JAN-13 15:30:00,MST-7,18-JAN-13 15:30:00,1,0,2,0,0.00K,0.00K,Other Federal Agency,NA,NA,NA,NA,NA,NA,NA,NA,NA,NA,NA,NA,NA,NA,NA,NA,NA,NA,NA,NA,NA,Two boys were killed in an avalanche in the Uinta Mountains during a snowmobile trip with their family.,"A family was out for a day of snowmobiling in the Uinta Mountains, when they decided to take a break for lunch in a wide open basin on the West Fork of the Duchesne River. The kids walked to a edge of a ridge to see over the side when the ledge gave way, catching three of the children in an avalanche, and burying two of them. The two boys were eventually dug out of the snow and carried by helicopter to a local hospital, but they passed away that evening due to their injuries.",CSV
201302,25,700,201302,25,1100,82276,495153,COLORADO,8,2013,February,Avalanche,Z,18,NORTHWESTERN SAN JUAN MOUNTAINS,08018,GJT,25-FEB-13 07:00:00,MST-7,25-FEB-13 11:00:00,0,0,0,0,0.00K,0.00K,Department of Highways,NA,NA,NA,NA,NA,NA,NA,NA,NA,NA,NA,NA,NA,NA,NA,NA,NA,NA,NA,NA,NA,"A series of winter storms during the week prior to the 25th brought over 2 inches of liquid equivalent water in the form of heavy snow to the northern San Juan Mountains. The high natural avalanche paths held this new heavy snow on top of the older snowpack, and mitigation work was deemed necessary. A total of 21 avalanches were triggered with 6 of these crossing Highway 550.","Avalanche mitigation work was needed along Highway 550 after a series of winter storms left heavy snowfall in the high elevation slide paths. Numerous avalanches were triggered, including six of them which came down across Highway 550. The largest avalanche was 3 feet deep along a 50 foot stretch of the highway. This mitigation work prompted the closure of Highway 550 for 4 hours.||some of which did reach and cross the highway. Travel was impacted by the closure of the highway for 4 hours to complete this mitigation work.",CSV
201302,2,1330,201302,2,1340,82046,493442,COLORADO,8,2013,February,Avalanche,Z,19,SOUTHWESTERN SAN JUAN MOUNTAINS,08019,GJT,02-FEB-13 13:30:00,MST-7,02-FEB-13 13:40:00,2,0,1,0,0.00K,0.00K,Department of Highways,NA,NA,NA,NA,NA,NA,NA,NA,NA,NA,NA,NA,NA,NA,NA,NA,NA,NA,NA,NA,NA,"After an extended period of relatively dry weather, a winter storm during the last week of January brought a considerable amount of new snow to the San Juan Mountains. The new snowfall on top of a weakened old layer of snow created dangerous avalanche conditions. Many natural avalanches occurred as a result of the snow storm, as well as some human triggered avalanches such as the deadly avalanche on February 2nd.","A party of three skiers triggered an avalanche in the Cement Creek drainage area of the northwest San Juan Mountains. The slide occurred on a steep northeast aspect known as Clothesline Path. The steepness of this slope, combined with new snowfall over a weakened slab of older snow, created dangerous avalanche conditions. Two of the skiers were partially buried with non-critical injuries, while the third skier was fully buried and did not survive after being uncovered several minutes after the avalanche.",CSV
201304,18,1300,201304,18,1310,82051,493453,COLORADO,8,2013,April,Avalanche,Z,10,GORE AND ELK MOUNTAINS/CENTRAL MOUNTAIN VALLEYS,08010,GJT,18-APR-13 13:00:00,MST-7,18-APR-13 13:10:00,0,0,1,0,0.00K,0.00K,Department of Highways,NA,NA,NA,NA,NA,NA,NA,NA,NA,NA,NA,NA,NA,NA,NA,NA,NA,NA,NA,NA,NA,Nearly three feet of snow fell in the week prior to the Ptarmigan Hill avalanche near Vail Pass which occurred on April 18th. The heavy load of this new snowfall on weak layers in the snow pack created areas of dangerous avalanche conditions. This avalanche was triggered by a snowboarder in a known avalanche slide path.,"This hard slab avalanche released on a north facing slope at the 11,900 foot level and ran almost a half mile of distance, and 900 vertical feet.  The crown face of the avalanche was 850 feet wide and was up to 12 feet deep. The debris path covered about 10 acres.  Two snowboarders were caught in the avalanche, with one having triggered the avalanche.  The snowboarder who triggered the avalanche was not buried but was carried through an area of trees and the resultant injuries were fatal.  The other snowboarder was carried by the avalanche off to the side of the slide path and was uninjured.",CSV
201301,13,1020,201301,13,1220,82121,494009,COLORADO,8,2013,January,Avalanche,Z,18,NORTHWESTERN SAN JUAN MOUNTAINS,08018,GJT,13-JAN-13 10:20:00,MST-7,13-JAN-13 12:20:00,0,0,0,0,0.00K,0.00K,Department of Highways,NA,NA,NA,NA,NA,NA,NA,NA,NA,NA,NA,NA,NA,NA,NA,NA,NA,NA,NA,NA,NA,A fast moving storm with strong winds and cold temperatures brought intense snowfall rates to the northwest San Juan Mountains. Favorable aspects were loaded with deeper snow amounts resulting in natural avalanche activity in the area around Red Mountain Pass.,"A natural avalanche deposited snow and debris 5 feet deep along a 100 foot stretch of Highway 550 near Blue Point in the Red Mountain Pass area. The avalanche prompted the closure of the road, while other avalanche mitigation was also needed in the area.",CSV
201301,27,1300,201301,27,1310,82045,493441,COLORADO,8,2013,January,Avalanche,Z,19,SOUTHWESTERN SAN JUAN MOUNTAINS,08019,GJT,27-JAN-13 13:00:00,MST-7,27-JAN-13 13:10:00,1,0,0,0,0.00K,0.00K,Department of Highways,NA,NA,NA,NA,NA,NA,NA,NA,NA,NA,NA,NA,NA,NA,NA,NA,NA,NA,NA,NA,NA,A winter storm dropped heavy snow and brought gusty winds to the San Juan Mountains on January 26th. Avalanche conditions after this storm were hazardous in the back country.  An avalanche occurred in the Swansea Gulch area which partially buried a skier.,A skier triggered an avalanche which swept him down approximately 50 vertical feet and partially buried him under 12 to 18 inches of debris. The skier was conscious and breathing when uncovered by fellow riders approximately 3 minutes after the avalanche.  There were no reported injuries.,CSV
201301,13,1415,201301,13,1420,82047,493446,COLORADO,8,2013,January,Avalanche,Z,12,WEST ELK AND SAWATCH MOUNTAINS,08012,GJT,13-JAN-13 14:15:00,MST-7,13-JAN-13 14:20:00,0,0,1,0,0.00K,0.00K,Department of Highways,NA,NA,NA,NA,NA,NA,NA,NA,NA,NA,NA,NA,NA,NA,NA,NA,NA,NA,NA,NA,NA,"A cold, prolonged period between late fall snow storms and new snow that fell on January 11th and 12th, resulted in a very unstable snow pack across the Raspberry Creek drainage. A skier triggered an avalanche on the 13th which resulted in a fatality.",The last in a group of 4 skiers triggered a shallow avalanche along a slope favorable for releases due to a weakened snow pack. This shallow slide triggered a larger avalanche that broke to the surface. This larger avalanche carried the skier approximately 250 vertical feet down to the valley floor where he was fully buried. The remaining skiers performed search and rescue operations and found the buried skier about 10 minutes after the avalanche. The skier was unable to be revived.,CSV
201301,27,1700,201301,27,1700,70250,421873,WYOMING,56,2013,January,Avalanche,Z,12,TETON & GROS VENTRE MOUNTAINS,56012,RIW,27-JAN-13 17:00:00,MST-7,27-JAN-13 17:00:00,0,0,1,0,0.00K,0.00K,Newspaper,NA,NA,NA,NA,NA,NA,NA,NA,NA,NA,NA,NA,NA,NA,NA,NA,NA,NA,NA,NA,NA,An avalanche occurred on the southeast slope of Survey Peak around 1700MST and killed one skier. The skier was the last of a group to descend the slope when he triggered the slide that swept him 220 feet downhill and pinned him against a tree. The depth of the slide was estimated at 26 inches across a 230-foot crown. Friends ascended the slide path and found the deceased skier after about 15 minutes.,NA,CSV
201302,16,1445,201302,16,1445,72364,436313,COLORADO,8,2013,February,Avalanche,Z,34,S & SE GRAND / W CENTRAL & SW BOULDER / GILPIN / CLEAR CREEK / SUMMIT / N & W PARK COUNTIES ABOVE 9000 FEET,08034,BOU,16-FEB-13 14:45:00,MST-7,16-FEB-13 14:45:00,4,0,0,0,0.00K,NA,State Official,NA,NA,NA,NA,NA,NA,NA,NA,NA,NA,NA,NA,NA,NA,NA,NA,NA,NA,NA,NA,NA,"On the morning of February 16th, the Arapahoe Basin ski patrol conducted avalanche hazard mitigation work in Montezuma Bowl. Upon concluding this work, ski area personnel decided to open portions of the area to directed skiing. The last group of the day was a group of 14 customers and one ski patrol member.  An avalanche was triggered by a skier on a south-southeast facing slope at approximately 12,500 feet. The crown face was 330 feet wide and ranged in depth from 16 inches to nearly 12 feet.  Fifteen skiers were caught in the avalanche.   In all, ten were partially buried and one victim was completely buried.  Four were injured, one of which suffered significant injuries.",NA,CSV
201301,15,1700,201301,15,1700,74044,447855,WASHINGTON,53,2013,January,Avalanche,Z,519,WEST SLOPES CENTRAL CASCADES AND PASSES,53519,SEW,15-JAN-13 17:00:00,PST-8,15-JAN-13 17:00:00,1,0,0,0,0.00K,0.00K,Park/Forest Service,NA,NA,NA,NA,NA,NA,NA,NA,NA,NA,NA,NA,NA,NA,NA,NA,NA,NA,NA,NA,NA,One person was injured in an avalanche at Snoqualmie Pass.,One person was injured in an avalanche at Snoqualmie Pass.,CSV
201303,1,1600,201303,1,1600,72673,438404,UTAH,49,2013,March,Avalanche,Z,517,CENTRAL MOUNTAINS,49517,SLC,01-MAR-13 16:00:00,MST-7,01-MAR-13 16:00:00,0,0,1,0,0.00K,0.00K,Other Federal Agency,NA,NA,NA,NA,NA,NA,NA,NA,NA,NA,NA,NA,NA,NA,NA,NA,NA,NA,NA,NA,NA,"An avalanche was triggered in the area near 12 Mile Canyon, in Sevier County, Utah. The avalanche caught and killed one snowmobiler.","A group of snowmobilers were recreating on the southern end of the Manti Skyline, just east out of 12 Mile Canyon, in Sevier County. For part of the afternoon, most of the group members were riding independently; however, around 4:00 pm, the group realized one of the members was missing. They had neither heard nor seen the avalanche, but they soon found the path the avalanche had taken, and correctly assumed that the missing group member had been buried under the snow. The group tried to dig out the missing person, a 32-year-old male, and eventually went for help from the local authorities. By the time they were able to find him, nearly five hours later, he had already passed away.",CSV
201303,1,1030,201303,1,1030,71166,427677,WYOMING,56,2013,March,Avalanche,Z,12,TETON & GROS VENTRE MOUNTAINS,56012,RIW,01-MAR-13 10:30:00,MST-7,01-MAR-13 10:30:00,0,0,1,0,0.00K,0.00K,Newspaper,NA,NA,NA,NA,NA,NA,NA,NA,NA,NA,NA,NA,NA,NA,NA,NA,NA,NA,NA,NA,NA,"A 40-year-old man was ascending a chute on the north face of Prospectors Mountain in Grand Teton National Park when an avalanche occurred above him. The slide, which triggered around 1030MST, carried the victim about 1,000 vertical feet from the Apocalypse Couloir.",NA,CSV
201303,2,1250,201303,2,1250,73093,441421,COLORADO,8,2013,March,Avalanche,Z,31,WEST JACKSON & WEST GRAND COUNTIES ABOVE 9000 FEET,08031,BOU,02-MAR-13 12:50:00,MST-7,02-MAR-13 12:50:00,1,0,1,0,0.00K,0.00K,Park/Forest Service,NA,NA,NA,NA,NA,NA,NA,NA,NA,NA,NA,NA,NA,NA,NA,NA,NA,NA,NA,NA,NA,"A student from Colorado State Univeristy was killed in an avalanche near Cameron Pass.  Two men were skiing in the backcountry near the Nokhu Crags in an area known as the Paradise Bowl. They had finished their run, and their dog was running down the tracks when the slide let loose.  The victim's friend, also a college student, was trapped by the avalanche but survived for three hours entombed in snow until rescuers located him via his avalanche beacon.  He suffered hypothermia and was hospitalized in fair condition.  The dog was missing and presumed dead.",NA,CSV
201303,17,1800,201303,17,1800,73094,441422,COLORADO,8,2013,March,Avalanche,Z,33,S & E JACKSON / LARIMER / N & NE GRAND / NW BOULDER COUNTIES ABOVE 9000 FEET,08033,BOU,17-MAR-13 18:00:00,MST-7,17-MAR-13 18:00:00,1,0,1,0,0.00K,0.00K,Park/Forest Service,NA,NA,NA,NA,NA,NA,NA,NA,NA,NA,NA,NA,NA,NA,NA,NA,NA,NA,NA,NA,NA,"A climber was killed and his partner seriously injured when they were caught in an avalanche while descending Ypsilon Mountain in Rocky Mountain National Park.  The victim and his partner were caught in the slide on the north side of Blitzen Ridge on the 13,514 foot Ypsilon Mountain.",NA,CSV
201304,20,1015,201304,20,1015,73985,447506,COLORADO,8,2013,April,Avalanche,Z,34,S & SE GRAND / W CENTRAL & SW BOULDER / GILPIN / CLEAR CREEK / SUMMIT / N & W PARK COUNTIES ABOVE 9000 FEET,08034,BOU,20-APR-13 10:15:00,MST-7,20-APR-13 10:15:00,0,0,5,0,0.00K,0.00K,State Official,NA,NA,NA,NA,NA,NA,NA,NA,NA,NA,NA,NA,NA,NA,NA,NA,NA,NA,NA,NA,NA,"A large avalanche pushed a group of six snow boarders into the Sheep Creek gully of Loveland Pass. This is near but outside the Loveland Ski Area boundary.  Five of the six members of the group were completely buried. The survivor was was partially buried.  The avalanche was approximately 650 feet wide, 1,150 feet long, and the fracture line was approximately eight feet deep.  The avalanche is the deadliest in Colorado since 1962 when seven people were killed when a slide buried residents at Twin Lakes near Independence Pass.",A large avalanche killed five snowboarders over Loveland Pass.,CSV
201301,31,645,201301,31,1718,80720,483148,COLORADO,8,2013,January,Avalanche,Z,7,DEBEQUE TO SILT CORRIDOR,08007,GJT,31-JAN-13 06:45:00,MST-7,31-JAN-13 17:18:00,0,0,0,0,0.00K,0.00K,Mesonet,NA,NA,NA,NA,NA,NA,NA,NA,NA,NA,NA,NA,NA,NA,NA,NA,NA,NA,NA,NA,NA,"Pockets of dense fog were reported along the I-70 corridor in Garfield County, including the Garfield County Regional Airport.","Plummeting temperatures and high humidities caused dense fog to form overnight.  The dense fog was observed on local webcams, and visibilities were also measured down to a quarter mile or less at the Garfield County Regional Airport.",CSV
201311,15,1600,201311,17,100,80975,484866,MONTANA,30,2013,November,Avalanche,Z,2,WEST GLACIER REGION,30002,MSO,15-NOV-13 16:00:00,MST-7,17-NOV-13 01:00:00,0,0,0,0,0.00K,0.00K,Public,NA,NA,NA,NA,NA,NA,NA,NA,NA,NA,NA,NA,NA,NA,NA,NA,NA,NA,NA,NA,NA,"A 170 kt upper level jet dove south out of British Columbia into Washington and Oregon by early Saturday November 16th which provided strong lift and precipitation across north-central Idaho into western Montana. An arctic cold front brought gusty winds and heavy snow at times across Glacier National park and along US-2 from West Glacier to Marias Pass on the 16th.  As the orientation of the upper level jet became more northwesterly by the 17th and moved off to the north and east, showers were felt across much of the area.","Numerous natural (slab) and human triggered avalanches were reported in the Jewel Basin in the Swan Range by the Flathead Avalanche Center on Saturday November 16th. The Noisy Basin SNOTEL located 8.8 mi. east-southeast of Creston at 6,040 ft. reported a storm total snowfall of 24 with 3.20 of precipitation.",CSV
201312,22,1545,201312,22,1555,82058,493472,COLORADO,8,2013,December,Avalanche,Z,10,GORE AND ELK MOUNTAINS/CENTRAL MOUNTAIN VALLEYS,08010,GJT,22-DEC-13 15:45:00,MST-7,22-DEC-13 15:55:00,1,0,0,0,0.00K,0.00K,Department of Highways,NA,NA,NA,NA,NA,NA,NA,NA,NA,NA,NA,NA,NA,NA,NA,NA,NA,NA,NA,NA,NA,"Snow was limited through much of the fall of 2013. Then a snowy period occurred at the beginning of December in the Vail area. However, dry and cold weather followed until December 21st when a foot of new snowfall occurred in the Vail area. This new snowfall laying on a weakened snowpack produced dangerous avalanche conditions for the first day of winter, when this skier triggered avalanche occurred.","A party of 3 skiers entered the Abrahams-East Vail Chutes area on December 22 after a foot of new snow had fallen during the previous 24 hours. One skier trekked down the chutes area, followed by a second skier who triggered an avalanche at the 11,700 foot level and was carried over 200 feet and then over a 20 foot cliff.  The skier caught in the avalanche was buried up to his neck by the debris after the slide slowed. Two other skiers helped to extricate the injured skier who sustained leg injuries.",CSV
201311,10,1630,201311,10,1630,79625,477467,WYOMING,56,2013,November,Avalanche,Z,12,TETON & GROS VENTRE MOUNTAINS,56012,RIW,10-NOV-13 16:30:00,MST-7,10-NOV-13 16:30:00,1,0,0,0,0.00K,0.00K,Newspaper,NA,NA,NA,NA,NA,NA,NA,NA,NA,NA,NA,NA,NA,NA,NA,NA,NA,NA,NA,NA,NA,"A group of four skiers triggered several avalanches on Jackson Peak east of the town of Jackson on the afternoon of Sunday, November 10. The worst of the slides occurred around 1630MST and carried one of the skiers down the northwest slope of the peak seriously injuring his leg. The slide varied in depth from one to two feet within the rocky couloir.",NA,CSV
201310,5,100,201310,5,700,78753,473263,CALIFORNIA,6,2013,October,Avalanche,Z,81,CENTRAL SISKIYOU COUNTY,06081,MFR,05-OCT-13 01:00:00,PST-8,05-OCT-13 07:00:00,0,0,0,0,0.00K,0.00K,Official NWS Observations,NA,NA,NA,NA,NA,NA,NA,NA,NA,NA,NA,NA,NA,NA,NA,NA,NA,NA,NA,NA,NA,Clearing skies and a cold air mass made for a frigid morning over northern California.,Reported low temperatures ranged from 29 to 43 degrees.,CSV
201310,5,100,201310,5,700,78753,477816,CALIFORNIA,6,2013,October,Avalanche,Z,80,WESTERN SISKIYOU COUNTY,06080,MFR,05-OCT-13 01:00:00,PST-8,05-OCT-13 07:00:00,0,0,0,0,0.00K,0.00K,Official NWS Observations,NA,NA,NA,NA,NA,NA,NA,NA,NA,NA,NA,NA,NA,NA,NA,NA,NA,NA,NA,NA,NA,Clearing skies and a cold air mass made for a frigid morning over northern California.,The only reported low temperature was 25 degrees at Callahan.,CSV
201401,29,1959,201401,29,1959,81363,488246,WYOMING,56,2014,January,Avalanche,Z,12,TETON & GROS VENTRE MOUNTAINS,56012,RIW,29-JAN-14 19:59:00,MST-7,29-JAN-14 19:59:00,0,0,0,0,0.00K,0.00K,Department of Highways,NA,NA,NA,NA,NA,NA,NA,NA,NA,NA,NA,NA,NA,NA,NA,NA,NA,NA,NA,NA,NA,"An avalanche in Hoback Canyon closed US Highway 191 for about 3.5 hours beginning around 2000MST Wednesday, January 29. The slide occurred between Hoback Junction and Bondurant near an area known as Cow-of-the-Woods at milepost 156.7. Up to 15 feet of debris was deposited across the roadway in a 40-foot-wide swath. There were no vehicles caught in the slide.",NA,CSV
201412,31,1002,201412,31,1002,91966,551124,COLORADO,8,2014,December,Avalanche,Z,39,BOULDER & JEFFERSON COUNTIES BELOW 6000 FEET / W BROOMFIELD COUNTY,08039,BOU,31-DEC-14 10:02:00,MST-7,31-DEC-14 10:02:00,0,0,1,0,0.00K,0.00K,Broadcast Media,NA,NA,NA,NA,NA,NA,NA,NA,NA,NA,NA,NA,NA,NA,NA,NA,NA,NA,NA,NA,NA,"One snowshoer was killed but two others survived when an avalanche swept down a One man was killed as he and to others were hiking along Kelso Ridge near the town of Bakerville, about 45 miles west of Denver.  A female snowshoer was leading the group across a suspicious area on the mountain, at about 12 thousand feet, when she turned around and saw that an avalanche had hit, burying one of her two male companions.  The woman and the man not caught up in the slide located the buried man, who was equipped with an avalanche beacon, about 20 minutes later.  He was not breathing when they found him.",NA,CSV
201404,27,1200,201404,27,1200,91038,545751,WASHINGTON,53,2014,April,Avalanche,Z,519,WEST SLOPES CENTRAL CASCADES AND PASSES,53519,SEW,27-APR-14 12:00:00,PST-8,27-APR-14 12:00:00,1,0,0,0,0.00K,0.00K,Park/Forest Service,NA,NA,NA,NA,NA,NA,NA,NA,NA,NA,NA,NA,NA,NA,NA,NA,NA,NA,NA,NA,NA,"Two skiers in party, one skier triggered and caught in avalanche, seriously injured.","Two skiers in party, one skier triggered and caught in avalanche, seriously injured.",CSV
201405,14,1015,201405,14,1015,91039,545752,WASHINGTON,53,2014,May,Avalanche,Z,518,WEST SLOPES NORTHERN CASCADES AND PASSES,53518,SEW,14-MAY-14 10:15:00,PST-8,14-MAY-14 10:15:00,0,0,1,0,0.00K,0.00K,Park/Forest Service,NA,NA,NA,NA,NA,NA,NA,NA,NA,NA,NA,NA,NA,NA,NA,NA,NA,NA,NA,NA,NA,"On Mt. Shuskan, a skier was caught by a natural avalanche while ascending on foot and carried several thousand feet, one fatality.","Two skiers in party, one caught by a natural avalanche while ascending on foot and carried several thousand feet, one fatality.",CSV
201401,18,1215,201401,18,1215,91037,545749,WASHINGTON,53,2014,January,Avalanche,Z,518,WEST SLOPES NORTHERN CASCADES AND PASSES,53518,SEW,18-JAN-14 12:15:00,PST-8,18-JAN-14 12:15:00,0,0,1,0,0.00K,0.00K,Park/Forest Service,NA,NA,NA,NA,NA,NA,NA,NA,NA,NA,NA,NA,NA,NA,NA,NA,NA,NA,NA,NA,NA,"Two climbers, one climber involved with a cornice failure resulting in one fatality.","Two climbers, one climber involved with a cornice failure resulting in one fatality.",CSV
201401,17,0,201401,18,0,81925,492380,MONTANA,30,2014,January,Avalanche,Z,55,GALLATIN,30055,TFX,17-JAN-14 00:00:00,MST-7,18-JAN-14 00:00:00,1,0,0,0,0.00K,0.00K,Law Enforcement,NA,NA,NA,NA,NA,NA,NA,NA,NA,NA,NA,NA,NA,NA,NA,NA,NA,NA,NA,NA,NA,Periods of high winds affected much of the area as a strong westerly flow aloft remained over the area. Mid-level winds during this time was in the 70 to 90 knot range with surface gusts exceeding 80 mph along the Rocky Mountain Front and as far east as Cut Bank. Across the rest of the area winds gusted as high as 70 mph as the front pushed across the region. Moisture also moved into the area bringing snow to some areas of Central Montana.,"An avalanche occurred on Henderson Mountain in Cooke City, MT. One snowmobile injury was reported.",CSV
201411,25,0,201411,27,0,91660,549396,MONTANA,30,2014,November,Avalanche,Z,55,GALLATIN,30055,TFX,25-NOV-14 00:00:00,MST-7,27-NOV-14 00:00:00,0,0,0,0,0.00K,0.00K,Park/Forest Service,NA,NA,NA,NA,NA,NA,NA,NA,NA,NA,NA,NA,NA,NA,NA,NA,NA,NA,NA,NA,NA,Strong west flow ahead of an upper level low pressure system is moving across Central Montana. Winds aloft strengthened and produced high winds along the Rockies and adjacent plains.,Multiple skier triggered avalanches in the Bridger Mountains of Southwest Montana. No injuries.,CSV
201412,9,434,201412,9,853,91163,546459,WASHINGTON,53,2014,December,Avalanche,Z,503,WESTERN WHATCOM COUNTY,53503,SEW,09-DEC-14 04:34:00,PST-8,09-DEC-14 08:53:00,0,0,0,0,0.00K,0.00K,Mesonet,NA,NA,NA,NA,NA,NA,NA,NA,NA,NA,NA,NA,NA,NA,NA,NA,NA,NA,NA,NA,NA,Southeasterly gradients tightened enough for some spotty high wind exceeding 40 mph and/or gusts of 58 mph.  This was the first of three storms.,KBLI had a peak wind of 67 mph.|Sandy Point Shores had 45g62 mph.,CSV
201411,26,1245,201411,26,1245,91433,548127,MONTANA,30,2014,November,Avalanche,Z,67,ABSAROKEE / BEARTOOTH MOUNTAINS,30067,BYZ,26-NOV-14 12:45:00,MST-7,26-NOV-14 12:45:00,0,0,0,1,0.00K,0.00K,Park/Forest Service,NA,NA,NA,NA,NA,NA,NA,NA,NA,NA,NA,NA,NA,NA,NA,NA,NA,NA,NA,NA,NA,"A group of seven snowmobilers was riding north of Cooke City when an 18 year old from Minnesota was caught in an avalanche on a steep, northwest facing slope on Crown Butte outside Cooke City. The victim was stopped on the slope while two others were riding on it when the avalanche was triggered. The others rode off, but the victim was caught and buried. Neither he, nor anyone in his party of seven, was wearing a beacon. He was fully buried and Cooke City Search and Rescue located him with a probe pole under six feet of debris near the toe of the avalanche about 1.5-2 hours later. The avalanche broke 700 feet wide and 2-5 feet deep on depth hoar crystals about 1 foot above the ground. The avalanche ran 800 feet vertical and 1600 feet slope distance. Debris ranged from 5 to 15 feet deep and covered an area 900 by 400 feet. Slope angles in the starting zone ranged from 36 to 38 degrees. For a more detailed report, please see the avalanche incidents report at http://www.mtavalanche.com.","A group of seven snowmobilers was riding north of Cooke City when an 18 year old from Minnesota was caught in an avalanche on a steep, northwest facing slope on Crown Butte outside Cooke City. The victim was stopped on the slope while two others were riding on it when the avalanche was triggered. The others rode off, but the victim was caught and buried. Neither he, nor anyone in his party of seven, was wearing a beacon. He was fully buried and Cooke City Search and Rescue located him with a probe pole under six feet of debris near the toe of the avalanche about 1.5-2 hours later. |The avalanche broke 700 feet wide and 2-5 feet deep on depth hoar crystals about 1 foot above the ground. The avalanche ran 800 feet vertical and 1600 feet slope distance. Debris ranged from 5 to 15 feet deep and covered an area 900 by 400 feet. Slope angles in the starting zone ranged from 36 to 38 degrees. For a more detailed report, please see the avalanche incidents report at http://www.mtavalanche.com.",CSV
201412,6,1330,201412,6,1335,91393,547724,ALASKA,2,2014,December,Avalanche,Z,226,NE. SLOPES OF THE ERN AK RNG,02226,AFG,06-DEC-14 13:30:00,AKST-9,06-DEC-14 13:35:00,0,0,1,0,0.00K,0.00K,Newspaper,NA,NA,NA,NA,NA,NA,NA,NA,NA,NA,NA,NA,NA,NA,NA,NA,NA,NA,NA,NA,NA,"A 35 year-old man perished in an avalanche on the 6th, two and a half miles east of the Richardson Highway in the Alaska Range, approximately 60 miles south of Delta Junction. He had been skiing in the back country with another man, who was also caught in the avalanche, but survived.",NA,CSV
201412,21,0,201412,22,0,92260,552722,MONTANA,30,2014,December,Avalanche,Z,55,GALLATIN,30055,TFX,21-DEC-14 00:00:00,MST-7,22-DEC-14 00:00:00,0,0,0,0,0.00K,0.00K,Park/Forest Service,NA,NA,NA,NA,NA,NA,NA,NA,NA,NA,NA,NA,NA,NA,NA,NA,NA,NA,NA,NA,NA,A strong upper level jet stream moved across the Rockies bringing very strong winds that spread east across the adjacent plains.,Two reported avalanches: |1. Silken Slot in Hyalite	- 2 climbers almost swept off Silken Slot.|2. Killer Piller in Flanders	 - Climbers nearly hit at the base of climb.||No injuries were reported.,CSV
201402,1,1545,201402,1,1545,81364,488247,WYOMING,56,2014,February,Avalanche,Z,12,TETON & GROS VENTRE MOUNTAINS,56012,RIW,01-FEB-14 15:45:00,MST-7,01-FEB-14 15:45:00,1,0,0,0,0.00K,0.00K,Newspaper,NA,NA,NA,NA,NA,NA,NA,NA,NA,NA,NA,NA,NA,NA,NA,NA,NA,NA,NA,NA,NA,"The site of a previous deadly avalanche almost claimed the lives of two skiers when they were swept over a cliff at Ralphs Slide just outside the boundary of Jackson Hole Mountain Resort. The two skiers were attempting to go uphill to avoid the cliff when they triggered a two to three foot deep slab. The slide swept them 60 to 80 feet over the cliff while a third member of their party was unharmed. Neither skier was buried, but one received a leg injury that required evacuation by helicopter. The cliff was named after an out-of-state skier who was swept over the edge and killed in a February 2001 avalanche.",NA,CSV
201401,1,545,201401,2,545,81908,492378,MONTANA,30,2014,January,Avalanche,Z,55,GALLATIN,30055,TFX,01-JAN-14 05:45:00,MST-7,02-JAN-14 05:45:00,0,0,1,0,0.00K,0.00K,Law Enforcement,NA,NA,NA,NA,NA,NA,NA,NA,NA,NA,NA,NA,NA,NA,NA,NA,NA,NA,NA,NA,NA,"Westerly flow aloft and down-slope winds developed over the Rocky Mountain Front and North-Central plains. The strongest winds were along the Rocky Mountain Front but an approaching shortwave trough, allowed strong winds to spread across Central Montana. Isolated heavy snow was also reported, mainly around areas of higher terrain.","An avalanche occurred in the Portal Creek area just south of Bozeman, MT. One snowmobile fatality was reported.",CSV
201403,13,1200,201403,13,1400,83237,502179,MONTANA,30,2014,March,Avalanche,Z,55,GALLATIN,30055,TFX,13-MAR-14 12:00:00,MST-7,13-MAR-14 14:00:00,1,0,0,0,0.00K,0.00K,Park/Forest Service,NA,NA,NA,NA,NA,NA,NA,NA,NA,NA,NA,NA,NA,NA,NA,NA,NA,NA,NA,NA,NA,High winds over north central montana.,The Gallatin County Sheriff���s Office received a report of an unknown number of skiers that had been caught up in an avalanche north of Bridger Bowl. ||Rescuers found one injured skier. The skier was a 32 year old male from Bozeman that had been skiing out of bounds north of Bridger Bowl in what is called the Barney Avalanche Slide Path. The skier caused the avalanche at the ridge breaking a large cornice free and landed approximately 450 yards down the hill. The skier was able to dig his way out of the snow. Rescuers moved the skier to the Bridger Bowl Ski Patrol building to provide further medical assistance. The skier was then transported to Bozeman Deaconess Hospital for his injuries.,CSV
201403,7,1700,201403,7,1700,84294,509004,UTAH,49,2014,March,Avalanche,Z,9,WESTERN UINTA MOUNTAINS,49009,SLC,07-MAR-14 17:00:00,MST-7,07-MAR-14 17:00:00,0,0,1,0,0.00K,0.00K,Other Federal Agency,NA,NA,NA,NA,NA,NA,NA,NA,NA,NA,NA,NA,NA,NA,NA,NA,NA,NA,NA,NA,NA,An avalanche in the Uinta Mountains of northeastern Utah resulted in the death of one snowmobiler.,"Two brothers were snowmobiling in the Uinta Mountains, on a popular slope in Gold Hill Basin. One of them, a 39-year-old male, triggered an avalanche, which caught, carried, and buried him several feet deep in snow. The other brother was able to dig him out and attempt CPR, but the victim was pronounced dead at the scene.",CSV
201402,22,1400,201402,22,1400,83614,504844,MONTANA,30,2014,February,Avalanche,Z,1,KOOTENAI/CABINET REGION,30001,MSO,22-FEB-14 14:00:00,MST-7,22-FEB-14 14:00:00,0,0,1,0,0.00K,0.00K,911 Call Center,NA,NA,NA,NA,NA,NA,NA,NA,NA,NA,NA,NA,NA,NA,NA,NA,NA,NA,NA,NA,NA,Heavy snow and blowing snow causes hazardous travel across western Montana. Around a foot of snow falls along the I-90 corridor.,"An avalanche buried two snowmobilers in the West Cabinet Range, about 17 miles southwest of Troy or about two miles north of Spark Peak. One person survived after being partially buried while the other person, a 49 year old male, died after being buried under 4 to 6 feet of compacted snow. The avalanche was classified as a D3 sized avalanche which means that it was a soft slab remotely triggered by a snowmobile.",CSV
201402,11,1300,201402,11,1305,81335,488081,OREGON,41,2014,February,Avalanche,Z,62,BAKER,41062,BOI,11-FEB-14 13:00:00,MST-7,11-FEB-14 13:05:00,2,0,2,0,0.00K,0.00K,Broadcast Media,NA,NA,NA,NA,NA,NA,NA,NA,NA,NA,NA,NA,NA,NA,NA,NA,NA,NA,NA,NA,NA,"An avalanche killed two people and seriously injured two others near Cornucopia Mountain in northern Baker County, Oregon.","Four people in a party of eight were caught in an avalanche about ten miles north of Halfway, Oregon or near Cornucopia around noon PST. Two are deceased, a guide  and a client, and are awaiting recovery. Two were seriously injured: one female with 2 broken legs and one broken arm, one male with a broken leg.",CSV
201411,3,1100,201411,3,1102,92548,554443,COLORADO,8,2014,November,Avalanche,Z,12,WEST ELK AND SAWATCH MOUNTAINS,08012,GJT,03-NOV-14 11:00:00,MST-7,03-NOV-14 11:02:00,0,0,0,0,0.50K,0.00K,Department of Highways,NA,NA,NA,NA,NA,NA,NA,NA,NA,NA,NA,NA,NA,NA,NA,NA,NA,NA,NA,NA,NA,"An avalanche caught two people in the mountains near Crested Butte, Colorado.","Two backcountry skiers triggered and were caught in an avalanche on Mount Owens in the Ruby Range west of Crested Butte. The two were on foot, climbing a north-facing chute locally know as ���Jenga.��� They were about halfway up when the avalanche broke above them at the 12,600 foot level.  The skiers were caught, carried, and partially buried. They were uninjured but lost some equipment.  The avalanche ran about 400 vertical feet down a slope angle that ranged from 37 to 41 degrees.  The debris field spread about 60 feet wide and ranged from 1 to 5 feet deep.",CSV
201403,14,930,201403,14,1500,82352,495469,ALASKA,2,2014,March,Avalanche,Z,121,KENAI PENINSULA,02121,AFC,14-MAR-14 09:30:00,AKST-9,14-MAR-14 15:00:00,0,0,0,0,0.00K,0.00K,AWOS,NA,NA,NA,NA,NA,NA,NA,NA,NA,NA,NA,NA,NA,NA,NA,NA,NA,NA,NA,NA,NA,A potent storm moved into western Prince William Sound overnight March 14th. Heavy snow fell over the Anchorage area from this storm. As much as 27 inches of snow fell over the Anchorage Hillside from this storm. This storm also produce moderate snow and gusty northwest wind across the southern Kenai Peninsula in the Kachemak Bay area and across Kodiak Island that resulted in blizzard conditions.,NA,CSV
201402,16,1400,201402,16,1500,83352,503021,IDAHO,16,2014,February,Avalanche,Z,31,BIG AND LITTLE WOOD RIVER REGION,16031,PIH,16-FEB-14 14:00:00,MST-7,16-FEB-14 15:00:00,0,0,1,0,0.00K,0.00K,Newspaper,NA,NA,NA,NA,NA,NA,NA,NA,NA,NA,NA,NA,NA,NA,NA,NA,NA,NA,NA,NA,NA,An avalanche occurred in Blaine County in the Smiley Creek area between Ketchum and Stanley.   Four snowmobliers were buried in a meadow area when the avalanche occurred around 2 pm MST.    Three of the snowmobliers survived with one fatality occurring.,An avalanche occurred in Blaine County in the Smiley Creek area between Ketchum and Stanley. Four snowmobliers were buried in a meadow area when the avalanche occurred around 2 pm MST. Three of the snowmobliers survived with one fatality occurring.,CSV
201402,8,1740,201402,8,1740,83116,502602,UTAH,49,2014,February,Avalanche,Z,8,WASATCH MOUNTAINS SOUTH OF I-80,49008,SLC,08-FEB-14 17:40:00,MST-7,08-FEB-14 17:40:00,0,0,1,0,0.00K,0.00K,Other Federal Agency,NA,NA,NA,NA,NA,NA,NA,NA,NA,NA,NA,NA,NA,NA,NA,NA,NA,NA,NA,NA,NA,"A series of moist weather disturbances moved across Utah during the second week of February, bringing an extended period of snowfall to northern Utah. In addition to the new snow, two avalanche fatalities occurred during this period of time.","A group of six snowshoers were traveling just north of Tibble Fork Reservoir in American Fork Canyon when they triggered a small avalanche. One of the snowshoers, a 21-year-old female, was swept away and buried in the snow. While she was able to be resuscitated, she passed away the next day in an area hospital.",CSV
201402,9,1700,201402,9,1700,83116,502604,UTAH,49,2014,February,Avalanche,Z,517,CENTRAL MOUNTAINS,49517,SLC,09-FEB-14 17:00:00,MST-7,09-FEB-14 17:00:00,0,0,1,0,0.00K,0.00K,Other Federal Agency,NA,NA,NA,NA,NA,NA,NA,NA,NA,NA,NA,NA,NA,NA,NA,NA,NA,NA,NA,NA,NA,"A series of moist weather disturbances moved across Utah during the second week of February, bringing an extended period of snowfall to northern Utah. In addition to the new snow, two avalanche fatalities occurred during this period of time.","A group of four snowmobilers were recreating near the Left Fork Huntington Creek when one of them became stuck.  Another person, a 36-year-old male, circled uphill to come help; he triggered an avalanche that buried him but did not catch the stuck snowmobilers. The other snowmobilers began rescue efforts immediately, but the victim was buried 6-8 feet deep, and he passed away at the scene.",CSV
201402,18,1530,201402,18,1530,81494,489125,WYOMING,56,2014,February,Avalanche,Z,12,TETON & GROS VENTRE MOUNTAINS,56012,RIW,18-FEB-14 15:30:00,MST-7,18-FEB-14 15:30:00,0,0,1,0,0.00K,0.00K,Newspaper,NA,NA,NA,NA,NA,NA,NA,NA,NA,NA,NA,NA,NA,NA,NA,NA,NA,NA,NA,NA,NA,An avalanche in the area of Togwotee Pass claimed the life of a 26-year-old Iowa man when he was swept into a tree. The slide triggered around 1530MST when another snowmobiler circled around the man's stuck sled. Rescuers tried for over 30 minutes to revive the victim.,NA,CSV
201402,8,1625,201402,8,1625,81496,489130,WYOMING,56,2014,February,Avalanche,Z,4,NORTH BIG HORN BASIN,56004,RIW,08-FEB-14 16:25:00,MST-7,08-FEB-14 16:25:00,0,0,0,0,0.00K,0.00K,Newspaper,NA,NA,NA,NA,NA,NA,NA,NA,NA,NA,NA,NA,NA,NA,NA,NA,NA,NA,NA,NA,NA,A 17-year-old snowboarder was swept down the side of steep hill and buried by an unusual avalanche. The man and his older brother were attempting to navigate a slope off Polecat Bench near the Powell Airport following a period of heavy snow. The younger man triggered the slide when he started down the slope on his snowboard. He rode the slide to the bottom of the hill where he was enveloped by snow and buried to a depth of three feet. The buried man was rescued a short time later by his brother.,NA,CSV
201401,31,1200,201401,31,1400,96134,577882,COLORADO,8,2014,January,Avalanche,Z,12,WEST ELK AND SAWATCH MOUNTAINS,08012,GJT,31-JAN-14 12:00:00,MST-7,31-JAN-14 14:00:00,0,0,0,0,0.00K,0.00K,COOP Observer,NA,NA,NA,NA,NA,NA,NA,NA,NA,NA,NA,NA,NA,NA,NA,NA,NA,NA,NA,NA,NA,Heavy snow produced avalanche conditions to the central Colorado mountains in late January. Back country slides were likely with a few of these impacting travel over secondary and well traveled roadways.,The Park Cone chute near Taylor Reservoir ran about noon mile marker 18 along Forest Road 742. The slide at this location was around 14 feet deep. Slides as large as 150 yards across occurred over an area 2 miles long near the Park Cone chute.,CSV
201401,7,1115,201401,7,1135,96137,577899,COLORADO,8,2014,January,Avalanche,Z,10,GORE AND ELK MOUNTAINS/CENTRAL MOUNTAIN VALLEYS,08010,GJT,07-JAN-14 11:15:00,MST-7,07-JAN-14 11:35:00,0,2,1,0,0.00K,0.00K,Department of Highways,NA,NA,NA,NA,NA,NA,NA,NA,NA,NA,NA,NA,NA,NA,NA,NA,NA,NA,NA,NA,NA,"A hard slab, skier-triggered, avalanche occurred in the East Vail Chutes just outside the Vail ski area. The slide was of medium size and broke into old snow layers, the crown face was near 10 feet in depth at the center. This avalanche was 900 feet wide and ran 1463 vertical feet. Four skiers were trapped in the slide which injured 2 people and killed another.",An avalanche was triggered by a group of skiers in the East Vail Chutes. This medium sized slide injured two of the skiers and killed another. Trees up to 12 inches in diameter were also snapped off.,CSV
201412,18,1346,201412,18,1347,92549,554444,COLORADO,8,2014,December,Avalanche,Z,12,WEST ELK AND SAWATCH MOUNTAINS,08012,GJT,18-DEC-14 13:46:00,MST-7,18-DEC-14 13:47:00,1,0,0,0,0.00K,0.00K,Department of Highways,NA,NA,NA,NA,NA,NA,NA,NA,NA,NA,NA,NA,NA,NA,NA,NA,NA,NA,NA,NA,NA,"An avalanche caught a skier near Crested Butte, Colorado.","Two people were skiing down from the top of Schuykill Ridge when the snow on the slope fractured several feet above one skier and quickly picked up speed. Shortly after getting caught in the avalanche, the skier was carried into a tree and broke a leg on impact.  About a third of the way down the slope, the skier was able to stop with the uninjured leg and allowed the remaining moving snow to wash down the slope.  The soft-slab avalanche broke in old snow 1 to 2 feet deep near treeline at the 11,300 foot level, then ran approximately 550 vertical feet in a path that was about 25 feet wide.",CSV
201402,11,1000,201402,11,1000,84732,545750,WASHINGTON,53,2014,February,Avalanche,Z,519,WEST SLOPES CENTRAL CASCADES AND PASSES,53519,SEW,11-FEB-14 10:00:00,PST-8,11-FEB-14 10:00:00,2,0,0,0,0.00K,0.00K,Park/Forest Service,NA,NA,NA,NA,NA,NA,NA,NA,NA,NA,NA,NA,NA,NA,NA,NA,NA,NA,NA,NA,NA,"A Pacific frontal system brought heavy snow to Mt Baker in the North Cascades. One skier, one snowboarder triggered and caught in slide, both partially buried. Skier was able to self-rescue himself and then other rider. Both sustained injuries.","One skier, one snowboarder triggered and caught in slide, both partially buried. Skier was able to self-rescue himself and then other rider. Both sustained injuries.",CSV
201402,10,1145,201402,10,1145,83504,504137,COLORADO,8,2014,February,Avalanche,Z,34,S & SE GRAND / W CENTRAL & SW BOULDER / GILPIN / CLEAR CREEK / SUMMIT / N & W PARK COUNTIES ABOVE 9000 FEET,08034,BOU,10-FEB-14 11:45:00,MST-7,10-FEB-14 11:45:00,0,0,1,0,0.00K,0.00K,Park/Forest Service,NA,NA,NA,NA,NA,NA,NA,NA,NA,NA,NA,NA,NA,NA,NA,NA,NA,NA,NA,NA,NA,"Two skiers exited the Keystone Ski Resort and descended into the North Fork of Swan River. They triggered a moderate sized avalanche that ran about 1500 vertical feet. One skier was partially buried but was able to dig himself out.  The other skier, was completely buried and his body was recovered the following day.  The victim was buried in approximately 4.6 feet of snow, in a small stand of trees.",NA,CSV
201403,30,1415,201403,30,1430,84069,507521,OREGON,41,2014,March,Avalanche,Z,509,EAST SLOPES OF THE OREGON CASCADES,41509,PDT,30-MAR-14 14:15:00,PST-8,30-MAR-14 14:30:00,1,0,1,0,0.00K,0.00K,Newspaper,NA,NA,NA,NA,NA,NA,NA,NA,NA,NA,NA,NA,NA,NA,NA,NA,NA,NA,NA,NA,NA,A call came in at 3:30 P.M. to the Deschutes County Sheriff's Office reporting that an avalanche with a width of 200 yards and a length of about 100 yards had buried a man and his snowmobile.  The depth of the debris field was about 3 to 5 feet.  Search and Rescue crews located him around 5:50 P.M.,NA,CSV
201402,28,1615,201402,28,1615,83640,505074,MONTANA,30,2014,February,Avalanche,Z,5,MISSOULA / BITTERROOT VALLEYS,30005,MSO,28-FEB-14 16:15:00,MST-7,28-FEB-14 16:15:00,2,0,1,0,319.00K,0.00K,Park/Forest Service,NA,NA,NA,NA,NA,NA,NA,NA,NA,NA,NA,NA,NA,NA,NA,NA,NA,NA,NA,NA,NA,"A moist and warm air mass brought freezing levels up to between 6,000 and 7,000 feet MSL on Feb. 27 and brought freezing rain to western Montana. Yet another arctic air mass pushed into western Montana and this time there was enough transportable snow to cause blizzard conditions in places. There were reports of severe drifting and severe driving conditions causing an unusually high amount of vehicle slide-offs and accidents. A rare urban avalanche took the life of a 68 year old woman and injured two others in a northern Missoula suburb.","Near record snowfall for the month of February and strong easterly winds associated with an arctic air mass intrusion, caused severe wind loading on the western slopes of Mount Jumbo between Feb. 27-28. A snowboarder triggered a hard slab avalanche on a west facing, 35 degree slope of Mount Jumbo during the late afternoon of Feb. 28. The snowboarder was caught and carried for several yards before he was able to get out by himself. The avalanche traveled at approximately 80 to 100 mph and caught two children, ages 8 and 10, who were playing in their backyard as it slammed into and destroyed a two story wood frame home built in 1975. One child was partially buried  up to their armpits but not injured while the other was completely buried under 3 feet of snow. This child was later rescued, taken to the hospital and sustained only  minor injuries. The two residents of the destroyed home, a 66 year old male and his 68 year old wife were inside their home when it was hit and both were buried under several feet of snow and debris. Live power lines and broken natural gas lines complicated the rescue. The 66 year old male was rescued, had multiple injuries and lived. The 68 year old wife was rescued, but later died on March 3 from traumatic injuries. Three rental homes, 8 vehicles and an apartment building were also damaged by the avalanche. The avalanche width was 658 ft., depth was 2.5 to 4 ft. and the distance that it traveled from crown to terminus was 2,200 ft. Information courtesy of the West Central Montana Avalanche Center. The National Weather Service Missoula calculated a rough property damage estimate of $319K.",CSV
201402,15,1700,201402,15,1701,83337,502960,COLORADO,8,2014,February,Avalanche,Z,60,EASTERN SAWATCH MOUNTAINS ABOVE 11000 FT,08060,PUB,15-FEB-14 17:00:00,MST-7,15-FEB-14 17:01:00,3,0,2,0,0.00K,0.00K,Broadcast Media,NA,NA,NA,NA,NA,NA,NA,NA,NA,NA,NA,NA,NA,NA,NA,NA,NA,NA,NA,NA,NA,Heavy snow created dangerous avalanche conditions across the eastern Sawatch Range. An avalanche occurred near Colorado 82 on Independence Pass.,Two skiers were killed and three other skiers were injured in an avalanche which occurred around one mile west of the La Plata parking area and eight miles west of Twin Lakes.  The bodies were recovered the day after the avalanche occurred.,CSV
201403,22,1545,201403,22,1545,82872,499440,WASHINGTON,53,2014,March,Avalanche,Z,519,WEST SLOPES CENTRAL CASCADES AND PASSES,53519,SEW,22-MAR-14 15:45:00,PST-8,22-MAR-14 15:45:00,0,0,1,0,0.00K,0.00K,Park/Forest Service,NA,NA,NA,NA,NA,NA,NA,NA,NA,NA,NA,NA,NA,NA,NA,NA,NA,NA,NA,NA,NA,Avalanche started on the south side of Granite mountain by skiers around 5300 feet.  They were carried down to about 2300 feet.  One survived one found dead the next morning.,"Avalanche started on the south side of Granite mountain by skiers around 5300 feet.  They were carried down to about 2300 feet.  One survived, one found dead the next morning.",CSV
201403,10,1415,201403,10,1415,84033,507341,MONTANA,30,2014,March,Avalanche,Z,6,BITTERROOT / SAPPHIRE MOUNTAINS,30006,MSO,10-MAR-14 14:15:00,MST-7,10-MAR-14 14:15:00,0,0,1,0,0.00K,0.00K,Public,NA,NA,NA,NA,NA,NA,NA,NA,NA,NA,NA,NA,NA,NA,NA,NA,NA,NA,NA,NA,NA,A period of snowfall fell across the higher elevations of southwest Montana. An avalanche takes the life of a skier near Philipsburg.,"A 27 year old male died as a result of asphyxia after being buried by a hard slab avalanche on a westerly slope above Altoona Lakes, in the Flint Creek Range or about 11 miles east-northeast of Philipsburg.  The crown was located at 8,512 feet, slope angle was 35 degrees plus, length was 1,324 feet on the ground and the estimated horizontal length of the crown was 2,100 feet. An investigation made by the West Central Montana Avalanche Center found that dry & cold weather during the early winter and a shallow snowpack had created a very weak faceted layer near the ground was 10 inches in depth. The skier broke through the weakness near some rocks which allowed for the season's snowpack to slide at once.",CSV
201403,6,1700,201403,6,1800,84020,507310,IDAHO,16,2014,March,Avalanche,Z,10,EASTERN LEMHI COUNTY,16010,MSO,06-MAR-14 17:00:00,MST-7,06-MAR-14 18:00:00,0,0,0,0,0.00K,0.00K,Department of Highways,NA,NA,NA,NA,NA,NA,NA,NA,NA,NA,NA,NA,NA,NA,NA,NA,NA,NA,NA,NA,NA,A period of very warm temperatures combined with moderate to heavy rainfall and high snow levels resulted in snow slides along US-93.,The Idaho Transportation Department reported that many snow slides had blocked US-93 south of Lost Trail Pass. One of the avalanches was reportedly 700 feet in length.,CSV
201403,6,400,201403,7,1700,83692,507290,MONTANA,30,2014,March,Avalanche,Z,2,WEST GLACIER REGION,30002,MSO,06-MAR-14 04:00:00,MST-7,07-MAR-14 17:00:00,0,0,0,0,0.00K,0.00K,Department of Highways,NA,NA,NA,NA,NA,NA,NA,NA,NA,NA,NA,NA,NA,NA,NA,NA,NA,NA,NA,NA,NA,"A period of very warm temperatures ranging from 50 to 60 degrees occurred after an above normal snowfall winter across western Montana. This combined with moderate to heavy rainfall and high snow levels resulted in a quick melt of snowpack in various locations. Impacts felt included road closures due to avalanche danger, flooding of the Little Bitterroot River, rock slides across northwest Montana and lowland flooding across the Bitterroot Valley. President Obama declared a major disaster in the state of Montana which included Sanders, Lake and Ravalli Counties to help with the flood cleanup costs.","Due to the large amount of precipitation between 1 and 2 inches in the mountains with high freezing levels, natural avalanche releases were reported between Essex and Marias Pass. A BNSF avalanche forecaster reported very large avalanche releases during the early morning hours on March 6. The MT DOT reported that US-2 between Essex and 7 miles west of Marias Pass was closed from 2 to 4:30 MST on March 6 due to avalanche mitigation. Both freight and passenger train service was shut down for an estimated 24 hour period between March 6-7.",CSV
201403,11,0,201403,11,0,84917,512841,MONTANA,30,2014,March,Avalanche,Z,67,ABSAROKEE / BEARTOOTH MOUNTAINS,30067,BYZ,11-MAR-14 00:00:00,MST-7,11-MAR-14 00:00:00,0,0,0,1,0.00K,0.00K,Other Federal Agency,NA,NA,NA,NA,NA,NA,NA,NA,NA,NA,NA,NA,NA,NA,NA,NA,NA,NA,NA,NA,NA,"A group of seven snowmobilers was riding north of Cooke City when an 18 year old from Minnesota was caught in an avalanche on a steep, northwest facing slope on Crown Butte outside Cooke City. The victim was stopped on the slope while two others were riding on it when the avalanche was triggered. The others rode off, but the victim was caught and buried. Neither he, nor anyone in his party of seven, was wearing a beacon. He was fully buried and Cooke City Search and Rescue located him with a probe pole under six feet of debris near the toe of the avalanche about 1.5-2 hours later.||The avalanche broke 700 wide and 2-5 feet deep on depth hoar crystals about 1 foot above the ground. The avalanche ran 800 feet vertical and 1600 feet slope distance. Debris ranged from 5 to 15 feet deep and covered an area 900 by 400 feet. Slope angles in the starting zone ranged from 36 to 38 degrees.",NA,CSV
201401,11,711,201401,11,730,82780,499352,IDAHO,16,2014,January,Avalanche,Z,10,EASTERN LEMHI COUNTY,16010,MSO,11-JAN-14 07:11:00,MST-7,11-JAN-14 07:30:00,0,0,0,0,0.00K,0.00K,Department of Highways,NA,NA,NA,NA,NA,NA,NA,NA,NA,NA,NA,NA,NA,NA,NA,NA,NA,NA,NA,NA,NA,Over a foot of snow fell across the higher terrain of north-central Idaho as an upper level trough laden with Pacific moisture moved through.,"The first of two avalanches near mile-marker 345 on US-93 that crossed the highway located just south of Lost Trail Pass, was 900 feet in length, 24 feet wide and 6 to 8 feet deep. A second avalanche occurred approximately 18 minutes later at 7:30 am MST at the same location and was 100 feet in length, 12 feet side, and 6 to 8 feet deep. One lane of US-93 was opened up by 8:30 am MST and by 10 am MST all lanes were open. No injuries or vehicle damage was reported.",CSV
201401,10,1530,201401,10,1530,80731,483179,WYOMING,56,2014,January,Avalanche,Z,12,TETON & GROS VENTRE MOUNTAINS,56012,RIW,10-JAN-14 15:30:00,MST-7,10-JAN-14 15:30:00,1,0,0,0,0.00K,0.00K,Newspaper,NA,NA,NA,NA,NA,NA,NA,NA,NA,NA,NA,NA,NA,NA,NA,NA,NA,NA,NA,NA,NA,"A skier on Mount Glory was injured when an avalanche on the Chicken Scratch route buried him to the hips. The skier triggered the one foot deep avalanche at an elevation of 9600 feet during the late morning of Thursday, January 9.||The following day, Friday, January 10, a snowboarder was injured when he triggered a slide just north of State Highway 22 on Teton Pass. The avalanche carried him to the roadway and partially buried him. The slide was about one foot deep and occurred around 1100MST.||Lastly, a snowmobiler triggered and was subsequently buried by an avalanche near Ski Lake on Friday afternoon, January 10. The man was quickly uncovered by other people and was only injured. The slide was the last of three avalanches that injured people during a two-day period of high avalanche danger in the western Wyoming mountains.",NA,CSV
201401,9,1100,201401,9,1100,80731,483184,WYOMING,56,2014,January,Avalanche,Z,12,TETON & GROS VENTRE MOUNTAINS,56012,RIW,09-JAN-14 11:00:00,MST-7,09-JAN-14 11:00:00,1,0,0,0,0.00K,0.00K,Newspaper,NA,NA,NA,NA,NA,NA,NA,NA,NA,NA,NA,NA,NA,NA,NA,NA,NA,NA,NA,NA,NA,"A skier on Mount Glory was injured when an avalanche on the Chicken Scratch route buried him to the hips. The skier triggered the one foot deep avalanche at an elevation of 9600 feet during the late morning of Thursday, January 9.||The following day, Friday, January 10, a snowboarder was injured when he triggered a slide just north of State Highway 22 on Teton Pass. The avalanche carried him to the roadway and partially buried him. The slide was about one foot deep and occurred around 1100MST.||Lastly, a snowmobiler triggered and was subsequently buried by an avalanche near Ski Lake on Friday afternoon, January 10. The man was quickly uncovered by other people and was only injured. The slide was the last of three avalanches that injured people during a two-day period of high avalanche danger in the western Wyoming mountains.",NA,CSV
201401,10,1100,201401,10,1100,80731,483190,WYOMING,56,2014,January,Avalanche,Z,12,TETON & GROS VENTRE MOUNTAINS,56012,RIW,10-JAN-14 11:00:00,MST-7,10-JAN-14 11:00:00,1,0,0,0,0.00K,0.00K,Park/Forest Service,NA,NA,NA,NA,NA,NA,NA,NA,NA,NA,NA,NA,NA,NA,NA,NA,NA,NA,NA,NA,NA,"A skier on Mount Glory was injured when an avalanche on the Chicken Scratch route buried him to the hips. The skier triggered the one foot deep avalanche at an elevation of 9600 feet during the late morning of Thursday, January 9.||The following day, Friday, January 10, a snowboarder was injured when he triggered a slide just north of State Highway 22 on Teton Pass. The avalanche carried him to the roadway and partially buried him. The slide was about one foot deep and occurred around 1100MST.||Lastly, a snowmobiler triggered and was subsequently buried by an avalanche near Ski Lake on Friday afternoon, January 10. The man was quickly uncovered by other people and was only injured. The slide was the last of three avalanches that injured people during a two-day period of high avalanche danger in the western Wyoming mountains.",NA,CSV
201401,24,1200,201401,25,1300,81098,485931,ALASKA,2,2014,January,Avalanche,Z,131,NERN P.W. SND,02131,AFC,24-JAN-14 12:00:00,AKST-9,25-JAN-14 13:00:00,0,0,0,0,5.00K,0.00K,Department of Highways,NA,NA,NA,NA,NA,NA,NA,NA,NA,NA,NA,NA,NA,NA,NA,NA,NA,NA,NA,NA,NA,A very warm and wet weather pattern for a couple of weeks over South Central Alaska resulted in numerous avalanches in the Chugach Mountains. Of note was the avalanche down snow slide gulch about 16 miles northeast of Valdez. Rainfall of 5 to 6 inches in the days prior to the avalanches down snow slide gulch are likely the reason these avalanches were so massive. The first avalanche occurred on the afternoon of January 24th resulted in nearly 40 feet of snow blocking the Lowe River and Richardson Highway. This resulted in the water to damming behind the avalanche about 1 to 1.5 miles upstream across the Richardson Highway. This was followed by a larger avalanche the afternoon of the 25th that added to the previous snow depth increasing the blockage to over 70 feet of snow. The lake formed behind the avalanche took over 5 days to drain low enough to allow DOT crews to begin removing the avalanche snow from the road. The only known damages from this were some road signs and guard rail damaged. The cost for removal of the snow to reopen the road was in the thousands of dollars.,NA,CSV
201501,19,0,201501,20,0,92272,552792,MONTANA,30,2015,January,Avalanche,Z,15,MADISON,30015,TFX,19-JAN-15 00:00:00,MST-7,20-JAN-15 00:00:00,0,0,0,0,0.00K,0.00K,Park/Forest Service,NA,NA,NA,NA,NA,NA,NA,NA,NA,NA,NA,NA,NA,NA,NA,NA,NA,NA,NA,NA,NA,Multiple skier triggered avalanches were reported in Southwest Montana.,"One avalanche was reported:||1/19/2015	S. Madison	1 skier triggered, not caught.",CSV
201501,18,500,201501,18,1300,92038,551411,IDAHO,16,2015,January,Avalanche,Z,10,EASTERN LEMHI COUNTY,16010,MSO,18-JAN-15 05:00:00,MST-7,18-JAN-15 13:00:00,0,0,0,0,0.00K,0.00K,Department of Highways,NA,NA,NA,NA,NA,NA,NA,NA,NA,NA,NA,NA,NA,NA,NA,NA,NA,NA,NA,NA,NA,An atmospheric river brought periods of moderate to heavy rain and snow and strong gusty winds to the higher elevations of Lemhi County between Jan 17 and 18. This led to the first avalanche cycle south of Lost Trail Pass.,"A foreman with the Idaho Transportation Department reported that 13 avalanches occurred during this period. One of them crossed both lanes of US-93 at milepost 349.5. and was 12 feet high, 110 feet long and 12 feet wide. It took around 1 hour to clear one lane and another 2 hours to clear the remaining snow.",CSV
201502,6,1000,201502,6,1000,92366,553247,WYOMING,56,2015,February,Avalanche,Z,24,SALT RIVER & WYOMING RANGES,56024,RIW,06-FEB-15 10:00:00,MST-7,06-FEB-15 10:00:00,1,0,0,0,0.00K,0.00K,Newspaper,NA,NA,NA,NA,NA,NA,NA,NA,NA,NA,NA,NA,NA,NA,NA,NA,NA,NA,NA,NA,NA,A snowmobiler climbing a steep slope near Corral Creek east of Afton triggered an avalanche that carried him down the mountain and buried him. His companions were able to scramble out of the slide's path and then quickly ride to his rescue. A fellow rider captured the slide and subsequent rescue via a helmet-mounted camera. The total depth of the slide was estimated at two to three feet.,Dramatic video captured a snowmobiler caught in and eventually buried by an avalanche. Companions quickly came to his rescue and uncovered the man.,CSV
201502,23,1500,201502,23,1501,92550,554455,COLORADO,8,2015,February,Avalanche,Z,10,GORE AND ELK MOUNTAINS/CENTRAL MOUNTAIN VALLEYS,08010,GJT,23-FEB-15 15:00:00,MST-7,23-FEB-15 15:01:00,0,0,1,0,0.00K,0.00K,Department of Highways,NA,NA,NA,NA,NA,NA,NA,NA,NA,NA,NA,NA,NA,NA,NA,NA,NA,NA,NA,NA,NA,"An avalanche caught a skier on a mountain slope near Aspen, Colorado.","Two backcountry skiers were in an area south of Aspen where avalanche conditions were classified as considerable.  One skier was caught and killed in an avalanche near Richmond Hill, just west and outside of the Aspen Mountain Ski Area in an area locally known as Ophir Gulch. The avalanche released at the 9990 foot level on a slope that is below treeline and generally faces west. The slide was 20 feet wide at the highest point of the crown face, but widened to about 60 feet after traveling a short distance. The vertical distance between the highest point of the crown face and the burial point was 630 vertical feet, then ran another 20 vertical feet beyond the burial point. The slope angle in the start zone ranged from 38 to 40 degrees, then ranged from 30 and 35 degrees for the rest of the slide path.",CSV
201501,13,0,201501,15,0,92271,552788,MONTANA,30,2015,January,Avalanche,Z,55,GALLATIN,30055,TFX,13-JAN-15 00:00:00,MST-7,15-JAN-15 00:00:00,0,0,0,0,0.00K,0.00K,Park/Forest Service,NA,NA,NA,NA,NA,NA,NA,NA,NA,NA,NA,NA,NA,NA,NA,NA,NA,NA,NA,NA,NA,Multiple skier triggered avalanches were reported in South Central Montana.,"Two avalanches were reported:|1/13/2015	Northern Bridgers - Frazier - skier triggered, not caught.||1/14/2015	Northern Gallatin Range - Elephant - skier triggered, not caught.",CSV
201501,19,0,201501,20,0,92272,552791,MONTANA,30,2015,January,Avalanche,Z,55,GALLATIN,30055,TFX,19-JAN-15 00:00:00,MST-7,20-JAN-15 00:00:00,0,0,0,0,0.00K,0.00K,Park/Forest Service,NA,NA,NA,NA,NA,NA,NA,NA,NA,NA,NA,NA,NA,NA,NA,NA,NA,NA,NA,NA,NA,Multiple skier triggered avalanches were reported in Southwest Montana.,"One avalanche was reported:||1/19/2015	S. Gallatin	1 skier triggered, remote, not caught.",CSV
201502,21,1200,201502,21,1200,93811,564206,WEST VIRGINIA,54,2015,February,Avalanche,Z,43,SUMMERS,54043,RNK,21-FEB-15 12:00:00,EST-5,21-FEB-15 12:00:00,0,0,0,0,0.00K,0.00K,Broadcast Media,NA,NA,NA,NA,NA,NA,NA,NA,NA,NA,NA,NA,NA,NA,NA,NA,NA,NA,NA,NA,NA,"Right on the heels of the second surge of bitterly, record cold air to affect the forecast area within the same week and only five days since the previous significant snow storm, yet another significant winter storm impacted the forecast area.  This storm was result of complex series of low pressure areas tracking along a stalled front across the southeast states and an upper-trough embedded within a very deep and persistent long-wave trough across the eastern U.S.  Snow began to fall during the late morning and early afternoon spreading northward during the late afternoon and evening.  Unlike the President's Day snow storm, this storm brought significantly greater two foot amounts to the northern portions of the forecast area, especially along the Interstate 64 corridor, while markedly less snow fell in the southern parts of the forecast area.  The vast majority of winter storm-criteria snowfall (4 inches east to 5 inches west/6 hours) fell north of U.S. 460 with this event.  Very little snowfall fell south of U.S. 460 and especially across the Virginia and North Carolina Piedmont. Snowfall amounts ranged from less than inch across most counties near the North Carolina border and east of Interstate 77 to two feet of snow across northern and western Greenbrier county West Virginia.||The following are snow and ice totals reported from southeast West Virginia counties within the Blacksburg National Weather Service Forecast area (no ice was reported in this area):||Snowfall:|Western Greenbrier County - 24.0 inches at Droop Mountain and Rainelle to 18.0 inches at Friar Hill,|Eastern Greenbrier County - 19.0 inches at White Sulphur Springs, to 18.0 inches at Ronceverte and Lewisburg to 14.0 inches at Renick,|Mercer County - 12.0 inches at Flat Top to 6.0 inches at Athens,|Monroe County - 8.0 inches at Peterstown and Lindside, to 7.0 inches at Union and Pickaway,|Summers County - 15.5 inches at Hinton to 11.0 inches at Pence Springs.",WVVA Television reported that West Virginia Highway 20 near Hinton was closed because of an avalanche.  The highway remained closed well into the next day.  Between one and two feet of snow fell in the area on the 21st.,CSV
201502,21,1500,201502,21,1500,93810,564205,VIRGINIA,51,2015,February,Avalanche,Z,7,TAZEWELL,51007,RNK,21-FEB-15 15:00:00,EST-5,21-FEB-15 15:00:00,0,0,0,0,0.00K,0.00K,Broadcast Media,NA,NA,NA,NA,NA,NA,NA,NA,NA,NA,NA,NA,NA,NA,NA,NA,NA,NA,NA,NA,NA,"Right on the heels of the second surge of bitterly, record cold air to affect the forecast area within the same week and only five days since the previous significant snow storm, yet another significant winter storm impacted the forecast area.  This storm was result of complex series of low pressure areas tracking along a stalled front across the southeast states and an upper-trough embedded within a very deep and persistent long-wave trough across the eastern U.S.  Snow began to fall during the late morning and early afternoon spreading northward during the late afternoon and evening.  Unlike the President's Day snow storm, this storm brought significantly greater two foot amounts to the northern portions of the forecast area, especially along the Interstate 64 corridor, while markedly less snow fell in the southern parts of the forecast area.  The vast majority of winter storm-criteria snowfall (4 inches east to 5 inches west/6 hours) fell north of U.S. 460 with this event.  Very little snowfall fell south of U.S. 460 and especially across the Virginia and North Carolina Piedmont. Snowfall amounts ranged from less than inch across most counties near the North Carolina border and east of Interstate 77 to two feet of snow across northern and western Greenbrier county West Virginia.  However, at the end of this event as warm air aloft spread into the region, precipitation changed to freezing rain bringing ice accumulations of 1/10 to 1/4 inch to a number of counties east of Interstate 81.||The heavy snow across the northern parts of the forecast area resulted in two avalanches, a rare event in Virginia.  One occurred on Virginia Route 623 in Tazewell county near Burkes Garden and the other was on U.S. 220 in Alleghany county near Iron Gate.  In addition, there were over 100 traffic accidents and disabled vehicles across Virginia alone.||The following are snow and ice totals reported from southwest and south central Virginia counties within the Blacksburg National Weather Service Forecast area:||Snowfall:|Alleghany County - 11.0 inches 4E of Covington to 8.0 inches in Alleghany,|Amherst County - 11.0 inches 2SW Pera to 6.0 inches at Elon,|Appomattox County - 3.0 inches at Appomattox,|Bath County - 15 inches at Warm Springs to 13 inches at Bath Alum,|Bedford County - 9.5 inches at Big Island to 4.0 inches 5WSW of Bedford,|Bland County - 7.0 inches at Ceres to 6.0 inches at Bland,|Botetourt County - 12.0 inches at Fincastle to 9.0 inches at Buchanan,|Buckingham County - 4.0 inches 1NW of Gold Hill to 1.8 inches 7N of Dillwyn,|Campbell County - 5.0 inches City of Lynchburg, 3.0 inches at Concord and at the Lynchburg Airport to 2.0 inches at Rustburg,|Carroll County - 1.5 inches 2SSE of Byllesby,|Craig County - 18.0 inches at New Castle,|Floyd County - 1.3 inches at Check,|Franklin County - 3.5 inches at Rocky Mount to 2.3 inches at Callaway,|Giles County - 8.0 inches 2SE Mountain Lake to 6.1 inches at Pearisburg,|Grayson County - 1.5 inches 3SSW of Elk Creek,|Montgomery County - 9.0 inches 5NNE of Blacksburg, 7.5 inches Blacksburg, 2.1 inches Christiansburg, to < 1.0 inch at Pilot,|Patrick County - 1.0 inch 2W Critz,|Pulaski County - 10.5 inches at Pulaski to 2.8 inches at Draper,|Roanoke County - 11.5 inches at Catawba, 8.8 inches at Roanoke, 7.0 inches at Salem, to 3.0 inches 3NNW Boones Mill,|Rockbridge County - 16.0 inches 3NW Rockbridge Baths and Zack 15.5 inches at Lexington, to 12.0 inches at Buena Vista,|Smyth County - 4.0 inches at Chilhowie to 3.5 inches 2N Marion,|Tazewell County - 9.0 inches at Tannersville to 7.0 inches at North Tazewell,|Wythe County - 2.3 inches in Wytheville.||Ice:|Alleghany County - 0.10 inch 4E of Covington,|Bedford County - 0.25 inch 5WSW of Bedford to 0.10 inch 5NNW of Forest,|Buckingham County - 0.10 inch 7N Dillwyn and in Buckingham,|Campbell County - 0.30 inch at Altavista to 0.13 inch 1SE of Timberlake,|Floyd County - 0.10 inch at Floyd,|Franklin County - 0.25 inch at Boones Mill to 0.10 inch 3ESE of Roanoke Mountain,|Henry County - 0.10 inch 6W of Bassett,|Pittsylvania County - 0.10 inch at Pittsville,|Pulaski County - 0.10 inch 2S Snowville and in Pulaski,|Roanoke - 0.25 inch 3NNW of Boones Mill to 0.20 inch in Salem,|Smyth County - 0.10 inch at Chilhowie,|Tazewell County - 0.10 inch at North Tazewell.",WVVA Television reported that there was an avalanche on Virginia route 623 near Burkes Garden.  The road was closed for several hours until the snow could be cleared from the road.,CSV
201502,21,1900,201502,21,1900,93810,564215,VIRGINIA,51,2015,February,Avalanche,Z,19,ALLEGHANY,51019,RNK,21-FEB-15 19:00:00,EST-5,21-FEB-15 19:00:00,0,0,0,0,0.00K,0.00K,Emergency Manager,NA,NA,NA,NA,NA,NA,NA,NA,NA,NA,NA,NA,NA,NA,NA,NA,NA,NA,NA,NA,NA,"Right on the heels of the second surge of bitterly, record cold air to affect the forecast area within the same week and only five days since the previous significant snow storm, yet another significant winter storm impacted the forecast area.  This storm was result of complex series of low pressure areas tracking along a stalled front across the southeast states and an upper-trough embedded within a very deep and persistent long-wave trough across the eastern U.S.  Snow began to fall during the late morning and early afternoon spreading northward during the late afternoon and evening.  Unlike the President's Day snow storm, this storm brought significantly greater two foot amounts to the northern portions of the forecast area, especially along the Interstate 64 corridor, while markedly less snow fell in the southern parts of the forecast area.  The vast majority of winter storm-criteria snowfall (4 inches east to 5 inches west/6 hours) fell north of U.S. 460 with this event.  Very little snowfall fell south of U.S. 460 and especially across the Virginia and North Carolina Piedmont. Snowfall amounts ranged from less than inch across most counties near the North Carolina border and east of Interstate 77 to two feet of snow across northern and western Greenbrier county West Virginia.  However, at the end of this event as warm air aloft spread into the region, precipitation changed to freezing rain bringing ice accumulations of 1/10 to 1/4 inch to a number of counties east of Interstate 81.||The heavy snow across the northern parts of the forecast area resulted in two avalanches, a rare event in Virginia.  One occurred on Virginia Route 623 in Tazewell county near Burkes Garden and the other was on U.S. 220 in Alleghany county near Iron Gate.  In addition, there were over 100 traffic accidents and disabled vehicles across Virginia alone.||The following are snow and ice totals reported from southwest and south central Virginia counties within the Blacksburg National Weather Service Forecast area:||Snowfall:|Alleghany County - 11.0 inches 4E of Covington to 8.0 inches in Alleghany,|Amherst County - 11.0 inches 2SW Pera to 6.0 inches at Elon,|Appomattox County - 3.0 inches at Appomattox,|Bath County - 15 inches at Warm Springs to 13 inches at Bath Alum,|Bedford County - 9.5 inches at Big Island to 4.0 inches 5WSW of Bedford,|Bland County - 7.0 inches at Ceres to 6.0 inches at Bland,|Botetourt County - 12.0 inches at Fincastle to 9.0 inches at Buchanan,|Buckingham County - 4.0 inches 1NW of Gold Hill to 1.8 inches 7N of Dillwyn,|Campbell County - 5.0 inches City of Lynchburg, 3.0 inches at Concord and at the Lynchburg Airport to 2.0 inches at Rustburg,|Carroll County - 1.5 inches 2SSE of Byllesby,|Craig County - 18.0 inches at New Castle,|Floyd County - 1.3 inches at Check,|Franklin County - 3.5 inches at Rocky Mount to 2.3 inches at Callaway,|Giles County - 8.0 inches 2SE Mountain Lake to 6.1 inches at Pearisburg,|Grayson County - 1.5 inches 3SSW of Elk Creek,|Montgomery County - 9.0 inches 5NNE of Blacksburg, 7.5 inches Blacksburg, 2.1 inches Christiansburg, to < 1.0 inch at Pilot,|Patrick County - 1.0 inch 2W Critz,|Pulaski County - 10.5 inches at Pulaski to 2.8 inches at Draper,|Roanoke County - 11.5 inches at Catawba, 8.8 inches at Roanoke, 7.0 inches at Salem, to 3.0 inches 3NNW Boones Mill,|Rockbridge County - 16.0 inches 3NW Rockbridge Baths and Zack 15.5 inches at Lexington, to 12.0 inches at Buena Vista,|Smyth County - 4.0 inches at Chilhowie to 3.5 inches 2N Marion,|Tazewell County - 9.0 inches at Tannersville to 7.0 inches at North Tazewell,|Wythe County - 2.3 inches in Wytheville.||Ice:|Alleghany County - 0.10 inch 4E of Covington,|Bedford County - 0.25 inch 5WSW of Bedford to 0.10 inch 5NNW of Forest,|Buckingham County - 0.10 inch 7N Dillwyn and in Buckingham,|Campbell County - 0.30 inch at Altavista to 0.13 inch 1SE of Timberlake,|Floyd County - 0.10 inch at Floyd,|Franklin County - 0.25 inch at Boones Mill to 0.10 inch 3ESE of Roanoke Mountain,|Henry County - 0.10 inch 6W of Bassett,|Pittsylvania County - 0.10 inch at Pittsville,|Pulaski County - 0.10 inch 2S Snowville and in Pulaski,|Roanoke - 0.25 inch 3NNW of Boones Mill to 0.20 inch in Salem,|Smyth County - 0.10 inch at Chilhowie,|Tazewell County - 0.10 inch at North Tazewell.",The Roanoke District Emergency Management Director reported that there was an avalanche on U.S. 220 near Iron Gate.  The road was blocked and closed for several hours.  Nearly two feet of snow had fallen in the area during the afternoon of the 21st.,CSV
201501,4,0,201501,6,0,92263,552742,MONTANA,30,2015,January,Avalanche,Z,55,GALLATIN,30055,TFX,04-JAN-15 00:00:00,MST-7,06-JAN-15 00:00:00,0,0,0,0,0.00K,0.00K,Park/Forest Service,NA,NA,NA,NA,NA,NA,NA,NA,NA,NA,NA,NA,NA,NA,NA,NA,NA,NA,NA,NA,NA,Unsettled northwesterly flow brought off and on snow to Central Montana. Multiple shortwaves passing through the region caused string winds and widespread accumulating snow.,Multiple areas avalanches reported via GNFAC:||1. 1/4/2015 	Bridgers West Side. |2. 1/5/2015	        Bridger Range - backside of Hidden Gulley.|3. 1/5/2015  	N. Gallatin - Flanders.,CSV
201501,5,920,201501,5,920,91816,550249,MONTANA,30,2015,January,Avalanche,Z,2,WEST GLACIER REGION,30002,MSO,05-JAN-15 09:20:00,MST-7,05-JAN-15 09:20:00,0,0,0,0,0.00K,0.00K,Department of Highways,NA,NA,NA,NA,NA,NA,NA,NA,NA,NA,NA,NA,NA,NA,NA,NA,NA,NA,NA,NA,NA,"A long duration snow event began Saturday evening Jan. 3 while snow intensities increased on Jan. 4 to produce widespread high impacts across western Montana and central Idaho. An Arctic front pushed west of the Continental Divide stalling from just south of Troy extending across Mineral County and the Missoula Valley and then southeast to Deer Lodge on Jan. 5. Areas along and north of this boundary helped to focus the moderate to heavy snowfall on Sunday. The plume of moisture with origins from the tropics, ran over the arctic air in place to cause very heavy amounts of snowfall across northwest Montana. As the front retreated northward on Jan. 5 locations across west-central Montana saw freezing rain that caused untreated surfaces to become slick.","The MDT reported that a snow slide affected Highway 83, two miles north of Swan Lake. Except for traffic being diverted to one lane, no further information was provided on the size of the avalanche.",CSV
201501,6,535,201501,6,535,91816,550250,MONTANA,30,2015,January,Avalanche,Z,2,WEST GLACIER REGION,30002,MSO,06-JAN-15 05:35:00,MST-7,06-JAN-15 05:35:00,0,0,0,0,0.00K,0.00K,Department of Highways,NA,NA,NA,NA,NA,NA,NA,NA,NA,NA,NA,NA,NA,NA,NA,NA,NA,NA,NA,NA,NA,"A long duration snow event began Saturday evening Jan. 3 while snow intensities increased on Jan. 4 to produce widespread high impacts across western Montana and central Idaho. An Arctic front pushed west of the Continental Divide stalling from just south of Troy extending across Mineral County and the Missoula Valley and then southeast to Deer Lodge on Jan. 5. Areas along and north of this boundary helped to focus the moderate to heavy snowfall on Sunday. The plume of moisture with origins from the tropics, ran over the arctic air in place to cause very heavy amounts of snowfall across northwest Montana. As the front retreated northward on Jan. 5 locations across west-central Montana saw freezing rain that caused untreated surfaces to become slick.","The MDT reported an avalanche that blocked both lanes of US-2 located 10 miles west of Essex near the Blue Rock Cut or at milepost 168.6. It was approximately 30 to 40 yards long, 3 feet deep on down hill side, and 5 feet deep on the uphill side. One lane was opened up after 1.5 hours while the other lane took an additional hour to clean up.",CSV
201503,14,1330,201503,14,1348,94545,568443,ALASKA,2,2015,March,Avalanche,Z,145,SUSITNA VALLEY,02145,AFC,14-MAR-15 13:30:00,AKST-9,14-MAR-15 13:48:00,0,0,1,0,0.00K,0.00K,Other Federal Agency,NA,NA,NA,NA,NA,NA,NA,NA,NA,NA,NA,NA,NA,NA,NA,NA,NA,NA,NA,NA,NA,"A snowmachiner died after succumbing to serious injuries resulting from an avalanche on March 14.   A group of five snowmachiners began riding from a parking lot near MP 191 on the Parks Highway (near Cantwell). All riders were advanced snowmachiners and had at least some familiarity with this region.  After making loops on the mountainside, then ascending to the top the slope, the victim���s machine became stuck.  He jumped off his machine and landed slightly downslope and waste deep into snow.  One witness stated at the moment his foot hit the snow, the slope avalanched above and propagated as wide as 1500 feet. The victim and his machine were very quickly swept to bottom of the slope, and snow began piling on top of the victim and the machine.  The weather preceding the avalanche included  a heavy snow event approximately one week prior.  This was followed by several days northerly outflow winds (from the Alaska Range).  Avalanche experts believe this was a wind slab avalanche that stepped down into old snow near the ground.",NA,CSV
201503,2,1400,201503,2,1400,93363,560661,ARIZONA,4,2015,March,Avalanche,Z,15,WESTERN MOGOLLON RIM,04015,FGZ,02-MAR-15 14:00:00,MST-7,02-MAR-15 14:00:00,0,0,0,0,0.00K,0.00K,Public,NA,NA,NA,NA,NA,NA,NA,NA,NA,NA,NA,NA,NA,NA,NA,NA,NA,NA,NA,NA,NA,"A strong and moist Pacific storm system continued to move across northern Arizona for the first two days of March. Heavy snow and rain started falling on February 27 and continued through March 2. Snow from this storm system went on to trigger several avalanches in the mountain peaks above 11,500 feet just north of Flagstaff during and after the storm.","Heavy snow (over 80 inches in 10 days) caused a large avalanche in the San Fransisco Peaks just north of Flagstaff. The top of the wide avalanche started along a north-south ridge and and continued to an east-west ridge. The headwall was an estimated half mile wide. The avalanche dropped between 500 and 800 feet. The avalanche was in a wilderness area where there are no structures. Other avalanches also occurred during and after this storm as a result of the heavy snow and thaw cycles. Pinpointing the time of the avalanches is difficult. Avalanches were also reported in Abineau Canyon, Fremont Peak, and Doyle peak. Some of these slides toppled trees that were 24 inches in diameter.",CSV
201503,4,1040,201503,4,1040,94443,567920,UTAH,49,2015,March,Avalanche,Z,7,WASATCH MOUNTAINS I-80 NORTH,49007,SLC,04-MAR-15 10:40:00,MST-7,04-MAR-15 10:40:00,0,0,1,0,0.00K,0.00K,Other Federal Agency,NA,NA,NA,NA,NA,NA,NA,NA,NA,NA,NA,NA,NA,NA,NA,NA,NA,NA,NA,NA,NA,"Following the snowfall of the first three days of March, a snowboarder was caught and killed in an avalanche in Hells Canyon, just outside Snowbasin Resort.","Following a very dry and warm winter, two friends wanted to take advantage of the fresh snowfall from early March, so they decided to go snowboarding at Snowbasin Resort on March 4. On one of their runs, they made their way out-of-bounds of the resort in an area called Hells Canyon. On their way out of this terrain, one of the snowboarders, a 21-year-old male, triggered an avalanche. He was caught and buried in the avalanche, while his trailing friend stayed out of the path and was able to find help. However, when the body of the victim was found an hour later, he was determined to have injuries incompatible with life, and he passed away that day.",CSV
201504,4,300,201504,4,900,109436,655074,COLORADO,8,2015,April,Avalanche,Z,20,PARADOX VALLEY / LOWER DOLORES RIVER BASIN,08020,GJT,04-APR-15 03:00:00,MST-7,04-APR-15 09:00:00,0,0,0,0,0.00K,0.00K,Mesonet,NA,NA,NA,NA,NA,NA,NA,NA,NA,NA,NA,NA,NA,NA,NA,NA,NA,NA,NA,NA,NA,An upper level trough and clearing skies allowed temperatures to drop below freezing for some valley locations in Colorado and Utah.,Over half the sites in MesoWest fell below freezing.  Nucla Airport reached a low of 23F.,CSV
201505,12,1555,201505,12,1555,94128,566067,COLORADO,8,2015,May,Avalanche,Z,40,N DOUGLAS COUNTY BELOW 6000 FEET / DENVER / W ADAMS & ARAPAHOE COUNTIES / E BROOMFIELD COUNTY,08040,BOU,12-MAY-15 15:55:00,MST-7,12-MAY-15 15:55:00,0,1,0,0,0.00K,0.00K,Broadcast Media,NA,NA,NA,NA,NA,NA,NA,NA,NA,NA,NA,NA,NA,NA,NA,NA,NA,NA,NA,NA,NA,A man suffered minor injuries when the tree he took shelter under was struck by lightning.  He was jogging at City Park Golf Course when the incident occurred.  The jogger was taken to the hospital for observation.,A jogger suffered minor injuries when the tree he was standing under was struck by lightning.,CSV
201505,10,1300,201505,10,1300,94130,566069,COLORADO,8,2015,May,Avalanche,Z,33,S & E JACKSON / LARIMER / N & NE GRAND / NW BOULDER COUNTIES ABOVE 9000 FEET,08033,BOU,10-MAY-15 13:00:00,MST-7,10-MAY-15 13:00:00,1,0,0,0,0.00K,0.00K,Broadcast Media,NA,NA,NA,NA,NA,NA,NA,NA,NA,NA,NA,NA,NA,NA,NA,NA,NA,NA,NA,NA,NA,"A skier was injured when he was caught in an avalanche on Berthoud Pass.  The slide happened in the Currant Creek area, on the Grand County side of Berthoud Pass.  Three skies where caught in the slide, two made it safely; the third skier suffered a knee injury and had to be carried out.",A skier suffered minor injuries when he and two other triggered an avalanche.,CSV
201505,17,830,201505,17,830,94326,567103,WYOMING,56,2015,May,Avalanche,Z,12,TETON & GROS VENTRE MOUNTAINS,56012,RIW,17-MAY-15 08:30:00,MST-7,17-MAY-15 08:30:00,1,0,2,0,0.00K,0.00K,Newspaper,NA,NA,NA,NA,NA,NA,NA,NA,NA,NA,NA,NA,NA,NA,NA,NA,NA,NA,NA,NA,NA,"Four skiers were climbing the Sickle Couloir on Mount Moran in Grand Teton National Park on Sunday morning, May 17, when a shallow, wet avalanche broke from above. Three of the four skiers were swept 500 feet downhill over rock and ice. One man was killed on the mountain and another succumbed to his injuries three days later. The injured skier was able to descend the slope on his own. Following the initial call for help around 0830MST, the skiers were attended to by National Park Service Search and Rescue rangers.",NA,CSV
201503,15,2000,201503,15,2005,102473,612382,COLORADO,8,2015,March,Avalanche,Z,10,GORE AND ELK MOUNTAINS/CENTRAL MOUNTAIN VALLEYS,08010,GJT,15-MAR-15 20:00:00,MST-7,15-MAR-15 20:05:00,0,0,0,0,0.00K,0.00K,Department of Highways,NA,NA,NA,NA,NA,NA,NA,NA,NA,NA,NA,NA,NA,NA,NA,NA,NA,NA,NA,NA,NA,An unstable snowpack resulted in an avalanche near the town of Minturn.,"An avalanche on the west side of Battle Mountain ran across Highway 24, 5 miles east of Minturn, Colorado at approximately mile marker 149. The avalanche brought enough debris down to keep the highway closed or limited to one lane for approximately 24 hours.",CSV
201503,5,830,201503,5,835,102469,612378,COLORADO,8,2015,March,Avalanche,Z,10,GORE AND ELK MOUNTAINS/CENTRAL MOUNTAIN VALLEYS,08010,GJT,05-MAR-15 08:30:00,MST-7,05-MAR-15 08:35:00,1,0,0,0,0.00K,0.00K,Department of Highways,NA,NA,NA,NA,NA,NA,NA,NA,NA,NA,NA,NA,NA,NA,NA,NA,NA,NA,NA,NA,NA,A soft slab avalanche was unintentionally triggered by a skier in the Pitkin Creek area of the Gore Range mountains.,"A group of four touring the back country unintentionally triggered an avalanche in the Pitkin Creek area of the Gore Mountains. This avalanche broke in old snow and was around 2 feet deep, 500 feet wide and ran approximately 1600 vertical feet. One of the skiers was caught in the avalanche, carried approximately 1350 feet, and sustained a leg injury.",CSV
201512,24,1230,201512,24,1230,101280,605831,WYOMING,56,2015,December,Avalanche,Z,12,TETON & GROS VENTRE MOUNTAINS,56012,RIW,24-DEC-15 12:30:00,MST-7,24-DEC-15 12:30:00,1,0,0,0,0.00K,0.00K,Newspaper,NA,NA,NA,NA,NA,NA,NA,NA,NA,NA,NA,NA,NA,NA,NA,NA,NA,NA,NA,NA,NA,"Two snowmobilers were buried in an avalanche on Teton Pass around 1230MST on Thursday, December 24. The pair were on a steep, east-facing slope of the Horseshoe Bowl at about 9,500 feet elevation when the hard slab avalanche broke above them. The slide, up to five feet deep, buried both snowmobilers. It took one of them at least three hours to dig himself free after he was buried under three feet of snow. He then came to the rescue of the second person who had suffered a broken leg. The avalanche danger was high due to recent heavy snow of two or more feet in the Teton Range.",An avalanche on Teton Pass buried two snowmobilers under up to five feet of snow. One of the skiers suffered a broken leg.,CSV
201511,10,0,201511,10,2300,100770,602989,CALIFORNIA,6,2015,November,Avalanche,Z,519,EASTERN SIERRA SLOPES OF INYO COUNTY,06519,VEF,10-NOV-15 00:00:00,PST-8,10-NOV-15 23:00:00,0,0,1,0,0.00K,0.00K,Newspaper,NA,NA,NA,NA,NA,NA,NA,NA,NA,NA,NA,NA,NA,NA,NA,NA,NA,NA,NA,NA,NA,One man was killed by an avalanche in a remote area of the Sierra just east of the crest. The exact date is unknown.,One man was killed by an avalanche in the high Sierra. The exact date and time are unknown; it is believed that the avalanche occurred sometime between the 9th and the 17th.,CSV
201512,8,230,201512,8,1100,102301,611561,IDAHO,16,2015,December,Avalanche,Z,31,BIG AND LITTLE WOOD RIVER REGION,16031,PIH,08-DEC-15 02:30:00,MST-7,08-DEC-15 11:00:00,0,0,0,0,0.00K,0.00K,Emergency Manager,NA,NA,NA,NA,NA,NA,NA,NA,NA,NA,NA,NA,NA,NA,NA,NA,NA,NA,NA,NA,NA,An avalanche occurred at 2:30 am December 8th at 955 Warm Springs Road near Frenchman's Bend west of Ketchum.,An avalanche occurred at 2:30 am December 8th at 955 Warm Springs Road near Frenchman's Bend west of Ketchum.,CSV
201512,19,1300,201512,19,1300,102198,611161,MONTANA,30,2015,December,Avalanche,Z,67,ABSAROKEE / BEARTOOTH MOUNTAINS,30067,BYZ,19-DEC-15 13:00:00,MST-7,19-DEC-15 13:00:00,0,0,1,0,0.00K,0.00K,Park/Forest Service,NA,NA,NA,NA,NA,NA,NA,NA,NA,NA,NA,NA,NA,NA,NA,NA,NA,NA,NA,NA,NA,"A snowmobiler died in an avalanche on Saturday, December 19th outside Cooke City. The avalanche occurred on the southeast face of Sheep Mountain between Lulu Pass and Round Lake. The slide was triggered from low on the slope by the victim who was subsequently buried six fee deep. The victim had an airbag but was unable to deploy it. The slide also caught two other party members who were parked in the run out zone. One was buried up to his chest while the other was completely buried. They both deployed their air bags and escaped without injury. For a more detailed report, please see the avalanche incidents report at http://www.mtavalanche.com.",NA,CSV
201501,6,1548,201501,6,1549,92546,554439,COLORADO,8,2015,January,Avalanche,Z,19,SOUTHWESTERN SAN JUAN MOUNTAINS,08019,GJT,06-JAN-15 15:48:00,MST-7,06-JAN-15 15:49:00,0,0,1,0,0.00K,0.00K,Department of Highways,NA,NA,NA,NA,NA,NA,NA,NA,NA,NA,NA,NA,NA,NA,NA,NA,NA,NA,NA,NA,NA,"A deadly avalanche occurred in the western San Juan Mountains near Silverton, Colorado.","Two cross country skiers were traversing the northwest side of Kendall Mountain when an avalanche was triggered.  The snow layer fractured at the 11,300 foot layer, a short distance above one skier who was quickly swept several hundred feet down a 42 degree slope into a grove of trees.  The skier caught in the avalanche came to a stop against a tree and was partially buried.  That skier did not survive.",CSV
201505,26,1500,201505,26,1700,102501,612536,COLORADO,8,2015,May,Avalanche,Z,10,GORE AND ELK MOUNTAINS/CENTRAL MOUNTAIN VALLEYS,08010,GJT,26-MAY-15 15:00:00,MST-7,26-MAY-15 17:00:00,0,0,0,0,0.00K,0.00K,Department of Highways,NA,NA,NA,NA,NA,NA,NA,NA,NA,NA,NA,NA,NA,NA,NA,NA,NA,NA,NA,NA,NA,Warming afternoon temperatures contributed to the instability of the high country snowpack in late May.,"Several wet slab avalanches were reported in the Independence Pass area. One avalanche traveled across Highway 82 at the Beeler Grade, with snow four feet deep and fifteen feet wide on the road centerline. Highway 82 was closed for a period of time to allow removal of the avalanche debris.",CSV
201601,24,1230,201601,24,1230,101830,608906,WASHINGTON,53,2016,January,Avalanche,Z,567,CASCADES OF WHATCOM AND SKAGIT COUNTIES,53567,SEW,24-JAN-16 12:30:00,PST-8,24-JAN-16 12:30:00,1,0,1,0,0.00K,0.00K,Newspaper,NA,NA,NA,NA,NA,NA,NA,NA,NA,NA,NA,NA,NA,NA,NA,NA,NA,NA,NA,NA,NA,"Mark Panthen, 36, of Bellingham, died Sunday afternoon after two avalanches on the north slope of the mountain, next to the Mount Baker Ski Resort. ||A man who was skiing with Panthen called an employee of the resort from a cellphone around 12:45 p.m., saying Panthen was injured and needed help.","Mark Panthen, 36, of Bellingham, died Sunday afternoon after two avalanches on the north slope of the mountain, next to the Mount Baker Ski Resort.|A man who was skiing with Panthen called an employee of the resort from a cellphone around 12:45 p.m., saying Panthen was injured and needed help.|There were two avalanches within 15 minutes. The avalanches were at 4,200 feet.|Using a helicopter, emergency responders confirmed Panthen died around 2:20 p.m., authorities said. They provided aid to the other skier, who suffered a head injury.",CSV
201601,29,1028,201601,29,1127,102239,611134,OREGON,41,2016,January,Avalanche,Z,31,CENTRAL & EASTERN LAKE COUNTY,41031,MFR,29-JAN-16 10:28:00,PST-8,29-JAN-16 11:27:00,0,0,0,0,0.00K,0.00K,RAWS,NA,NA,NA,NA,NA,NA,NA,NA,NA,NA,NA,NA,NA,NA,NA,NA,NA,NA,NA,NA,NA,An incoming front brought high winds to some locations in south central Oregon.,The Rock Creek RAWS recorded a gust to 58 mph at 29/1127 PST.,CSV
201601,16,1417,201601,16,1600,103117,616171,ALASKA,2,2016,January,Avalanche,Z,111,MATANUSKA VALLEY,02111,AFC,16-JAN-16 14:17:00,AKST-9,16-JAN-16 16:00:00,0,0,1,0,0.00K,0.00K,Broadcast Media,NA,NA,NA,NA,NA,NA,NA,NA,NA,NA,NA,NA,NA,NA,NA,NA,NA,NA,NA,NA,NA,"Low pressure in the North Pacific brought strong winds to the southcentral area, causing changes in the snow pack in Hatcher Pass. Although the avalanche danger was moderate, an avalanche broke free and killed one person.",A snowboarder triggered an avalanche on Skyscraper mountain in Hatcher Pass Recreation Area. He was buried under 7 1/2 feet of snow and perished.,CSV
201602,18,700,201602,18,700,103727,620099,CALIFORNIA,6,2016,February,Avalanche,Z,72,GREATER LAKE TAHOE AREA,06072,REV,18-FEB-16 07:00:00,PST-8,18-FEB-16 07:00:00,0,0,0,0,NA,0.00K,Broadcast Media,NA,NA,NA,NA,NA,NA,NA,NA,NA,NA,NA,NA,NA,NA,NA,NA,NA,NA,NA,NA,NA,A potent cold front brought heavy snow with moderate to high snowfall rates from the evening of the 17th through the morning of the 18th.,"Two avalanches hit Alpine Meadows Road the morning of the 18th, affecting a bus and two cars. The bus impacted a garage and caused damage, while the occupants of one car had to be dug out by fire and ski area officials. No injuries were noted due to the avalanches. Alpine Meadows Ski area was closed for the day due to high avalanche danger.",CSV
201602,15,1300,201602,15,1500,103316,617484,IDAHO,16,2016,February,Avalanche,Z,31,BIG AND LITTLE WOOD RIVER REGION,16031,PIH,15-FEB-16 13:00:00,MST-7,15-FEB-16 15:00:00,0,0,0,0,0.00K,0.00K,Emergency Manager,NA,NA,NA,NA,NA,NA,NA,NA,NA,NA,NA,NA,NA,NA,NA,NA,NA,NA,NA,NA,NA,An avalanche blocked a portion of Highway 75 north of Ketchum at 1 pm.  ||By 2:50 p.m. the page indicated that it had been cleared. The avalanche occurred between North Bigwood Drive and West Sage Road.,An avalanche blocked a portion of Highway 75 north of Ketchum at 1 pm.  ||By 2:50 p.m. the page indicated that it had been cleared. The avalanche occurred between North Bigwood Drive and West Sage Road.,CSV
201602,4,1255,201602,4,1255,102112,610430,WYOMING,56,2016,February,Avalanche,Z,12,TETON & GROS VENTRE MOUNTAINS,56012,RIW,04-FEB-16 12:55:00,MST-7,04-FEB-16 12:55:00,1,0,0,0,0.00K,0.00K,Park/Forest Service,NA,NA,NA,NA,NA,NA,NA,NA,NA,NA,NA,NA,NA,NA,NA,NA,NA,NA,NA,NA,NA,"A one-foot-deep, 40-foot-wide avalanche occurred on Disappointment Peak in Grand Teton National Park and carried a skier 1,200 feet down the Spoon Couloir. Two companions were able to ski to the injured skier who was buried except for his head and an arm. First aid was given and national park rangers made a helicopter rescue.",NA,CSV
201602,11,500,201602,11,800,103122,616182,ALASKA,2,2016,February,Avalanche,Z,111,MATANUSKA VALLEY,02111,AFC,11-FEB-16 05:00:00,AKST-9,11-FEB-16 08:00:00,0,0,0,0,0.00K,0.00K,NWS Employee,NA,NA,NA,NA,NA,NA,NA,NA,NA,NA,NA,NA,NA,NA,NA,NA,NA,NA,NA,NA,NA,"A trough moving through the area brought warm air aloft along with precipitation. That combination with cold ground temperatures caused ice to accumulate along the Glenn Highway, leading to a dangerous morning commute.",An NWS employee reported heavy freezing rain causing very icy conditions along the Glenn Highway.,CSV
201602,27,1251,201602,27,2100,103118,616172,ALASKA,2,2016,February,Avalanche,Z,141,COPPER RIVER BASIN,02141,AFC,27-FEB-16 12:51:00,AKST-9,27-FEB-16 21:00:00,0,0,1,0,0.00K,0.00K,Broadcast Media,NA,NA,NA,NA,NA,NA,NA,NA,NA,NA,NA,NA,NA,NA,NA,NA,NA,NA,NA,NA,NA,Intermittently warm and cold conditions combined with periodically heavy precipitation contributed to an unstable snow pack in the Chugach mountains. An avalanche triggered in the end of February killed one person.,A person riding a snow mobile in a remote area was caught in an avalanche and perished. The area was only accessible by helicopter or snow mobile.,CSV
201601,24,1425,201601,24,1425,101797,608730,WYOMING,56,2016,January,Avalanche,Z,12,TETON & GROS VENTRE MOUNTAINS,56012,RIW,24-JAN-16 14:25:00,MST-7,24-JAN-16 14:25:00,0,0,2,0,0.00K,0.00K,Park/Forest Service,NA,NA,NA,NA,NA,NA,NA,NA,NA,NA,NA,NA,NA,NA,NA,NA,NA,NA,NA,NA,NA,"A two to four feet deep, 200-foot-wide avalanche claimed the lives of two skiers while a third escaped injury by clinging to a tree. The slide occurred on Ralph's Slide in Rock Springs Canyon shortly before 1430MST. The backcountry area is just outside the south boundary of Jackson Hole Mountain Resort. Neither victim was wearing a transceiver making the search more difficult. Rescuers located the skiers within an hour of being notified, but both were pronounced dead at the scene.",Two skiers were killed by an avalanche on Ralph's Slide.,CSV
201601,19,1230,201601,19,1230,101793,608721,WYOMING,56,2016,January,Avalanche,Z,12,TETON & GROS VENTRE MOUNTAINS,56012,RIW,19-JAN-16 12:30:00,MST-7,19-JAN-16 12:30:00,0,0,1,0,0.00K,0.00K,Park/Forest Service,NA,NA,NA,NA,NA,NA,NA,NA,NA,NA,NA,NA,NA,NA,NA,NA,NA,NA,NA,NA,NA,A 30-year-old snowboarder riding alone on the Pyramid was killed when a three-foot-deep avalanche buried him. A witness reported the slide shortly before 1200MST and helicopter search and rescue operations were initiated. The volunteers spotted the snowboard and two volunteers were flown to the site where they found the deceased. The victim was carried approximately 1200 feet down the steep east-facing slope.,A 30-year-old snowboarder was killed by an avalanche on the Pyramid.,CSV
201602,18,1855,201602,18,2115,105286,631589,NEBRASKA,31,2016,February,Avalanche,Z,20,BANNER,31020,CYS,18-FEB-16 18:55:00,MST-7,18-FEB-16 21:15:00,0,0,0,0,0.00K,0.00K,ASOS,NA,NA,NA,NA,NA,NA,NA,NA,NA,NA,NA,NA,NA,NA,NA,NA,NA,NA,NA,NA,NA,A prolonged period of widespread high winds developed across the western Nebraska Panhandle. There were frequent gusts of 60 to 70 mph observed.,"The wind sensor at the Kimball Airport measured sustained winds of 40 mph or higher, with a peak gust of 61 mph at 181/1855 MST.",CSV
201602,19,1200,201602,19,1200,102695,613659,WYOMING,56,2016,February,Avalanche,Z,98,NORTHEAST BIGHORN MOUNTAINS,56098,BYZ,19-FEB-16 12:00:00,MST-7,19-FEB-16 12:00:00,0,0,1,0,0.00K,0.00K,Law Enforcement,NA,NA,NA,NA,NA,NA,NA,NA,NA,NA,NA,NA,NA,NA,NA,NA,NA,NA,NA,NA,NA,"A 39-year-old man from North Dakota was killed in an avalanche in the Big Horn National Forest. Deputies from the Sheridan County Sheriff's Office were dispatched to the Hunt Mountain Road area near U.S. Highway 14 West just after 12 pm. The man was snowmobiling when the avalanche occurred. According to the Sheridan County Coroner's Office, the avalanche knocked the man off his snowmobile and into a tree which resulted in the mans neck being fractured. The man was deceased when search and rescue arrived.","A 39-year-old man from North Dakota was killed in an avalanche in the Big Horn National Forest. Deputies from the Sheridan County Sheriff's Office were dispatched to the Hunt Mountain Road area near U.S. Highway 14 West just after 12 pm. The man was snowmobiling when the avalanche occurred. According to the Sheridan County Coroner's Office, the avalanche knocked the man off his snowmobile and into a tree which resulted in the mans neck being fractured. The man was deceased when search and rescue arrived.",CSV
201602,2,1600,201602,2,1600,102247,611167,COLORADO,8,2016,February,Avalanche,Z,67,UPPER RIO GRANDE VALLEY / EASTERN SAN JUAN MOUNTAINS BELOW 10000 FT,08067,PUB,02-FEB-16 16:00:00,MST-7,02-FEB-16 16:00:00,0,0,1,0,0.00K,0.00K,Law Enforcement,NA,NA,NA,NA,NA,NA,NA,NA,NA,NA,NA,NA,NA,NA,NA,NA,NA,NA,NA,NA,NA,A snowmobile rider died in an avalanche in the Lost Mine Creek drainage between Campo Mollino and Park Creek.,NA,CSV
201602,5,1200,201602,5,1200,102248,611168,COLORADO,8,2016,February,Avalanche,Z,60,EASTERN SAWATCH MOUNTAINS ABOVE 11000 FT,08060,PUB,05-FEB-16 12:00:00,MST-7,05-FEB-16 12:00:00,0,0,1,0,0.00K,0.00K,Law Enforcement,NA,NA,NA,NA,NA,NA,NA,NA,NA,NA,NA,NA,NA,NA,NA,NA,NA,NA,NA,NA,NA,A snow biker died in an avalanche near the summit of Cottonwood Pass.,NA,CSV
201601,21,1400,201601,21,1400,103195,616658,UTAH,49,2016,January,Avalanche,Z,8,WASATCH MOUNTAINS SOUTH OF I-80,49008,SLC,21-JAN-16 14:00:00,MST-7,21-JAN-16 14:00:00,1,0,1,0,0.00K,0.00K,Other Federal Agency,NA,NA,NA,NA,NA,NA,NA,NA,NA,NA,NA,NA,NA,NA,NA,NA,NA,NA,NA,NA,NA,"Two skiers at Gobblers Knob, near Big Cottonwood Canyon, were caught in an avalanche, and one of them was killed by the accident.","A group of skiers was skiing along Gobblers Knob, between Big Cottonwood and Millcreek Canyons, on the afternoon of January 21. An avalanche, about 600 feet wide, was triggered, and two of the skiers were caught. One skier was partially buried and sustained minor injuries. The other skier, a 49-year-old male, was fully buried by the avalanche. He did not have a pulse when others dug him out of the snow, and he was pronounced dead later that day when all attempts to resuscitate him proved unsuccessful.",CSV
201601,14,1430,201601,14,1430,103092,616052,CALIFORNIA,6,2016,January,Avalanche,Z,72,GREATER LAKE TAHOE AREA,06072,REV,14-JAN-16 14:30:00,PST-8,14-JAN-16 14:30:00,0,0,1,0,0.00K,0.00K,Park/Forest Service,NA,NA,NA,NA,NA,NA,NA,NA,NA,NA,NA,NA,NA,NA,NA,NA,NA,NA,NA,NA,NA,Avalanche danger was rated as considerable by the Sierra Avalanche Center on the 14th when a skier went missing. Days of inclement weather around the 14th and high avalanche danger caused the search to be halted on the 19th.,"A ski instructor exited into the backcountry from the Sugar Bowl ski area on the afternoon of the 14th. When he failed to return home that night, he was reported missing (on the 15th). Tracking and location information from his phone placed him  on the backside of Mount Judah in an area with recent avalanche activity...however, inclement weather forced the suspension of the search on the 19th. ||On February 29, search and rescue teams using the cell phone information and dogs located the skier under 5 feet of snow. The time of the avalanche was estimated by the Sierra Avalanche Center.",CSV
201601,2,1200,201601,16,2000,103116,616169,ALASKA,2,2016,January,Avalanche,Z,111,MATANUSKA VALLEY,02111,AFC,02-JAN-16 12:00:00,AKST-9,16-JAN-16 20:00:00,0,0,1,0,0.00K,0.00K,Broadcast Media,NA,NA,NA,NA,NA,NA,NA,NA,NA,NA,NA,NA,NA,NA,NA,NA,NA,NA,NA,NA,NA,"A low pressure system in Bristol Bay brought winds and heavy precipitation to the southcentral area. This caused wind loading in the snowpack at the tops of mountains and Hatcher Pass Recreation Area experienced considerable avalanche danger, according to the Hatcher Pass Avalanche Center.",A person riding a snow mobile was caught in a terrain trap when an avalanche released above him. He was buried under 6 feet of snow and perished.,CSV
201601,1,300,201601,1,300,101351,608907,WASHINGTON,53,2016,January,Avalanche,Z,568,CASCADES OF SNOHOMISH AND KING COUNTIES,53568,SEW,01-JAN-16 03:00:00,PST-8,01-JAN-16 03:00:00,0,0,1,0,0.00K,0.00K,Newspaper,NA,NA,NA,NA,NA,NA,NA,NA,NA,NA,NA,NA,NA,NA,NA,NA,NA,NA,NA,NA,NA,"A hiker, 65 year old Doug Walker, was found dead near Granite Mtn  in the Snoqualmie Pass area.  He was killed by avalanche.","The 65-year old outdoors-man was found dead Friday morning on Granite Mountain after an all-night search. He had been snowshoeing and hiking with friends Thursday when the wind picked up. His companions decided to turn back and wait for Mr. Walker, who continued climbing a route that friends said he had traversed at least 200 times. He was likely caught in an avalanche, according to the King County Sheriff���s Office.",CSV
201602,21,1602,201602,21,1602,102491,612511,WYOMING,56,2016,February,Avalanche,Z,12,TETON & GROS VENTRE MOUNTAINS,56012,RIW,21-FEB-16 16:02:00,MST-7,21-FEB-16 16:02:00,0,0,1,0,0.00K,0.00K,Park/Forest Service,NA,NA,NA,NA,NA,NA,NA,NA,NA,NA,NA,NA,NA,NA,NA,NA,NA,NA,NA,NA,NA,"A 30-year-old male was killed when a cornice he snowshoed unto broke loose in an out-of-bounds area near Grand Targhee Resort. He fell onto a cliff below, triggering a two-foot-deep avalanche that carried him over the cliff. The man died of trauma.",A skier went out of bounds at Grand Targhee ski resort and triggered an avalanche that carried him over a cliff and caused his death.,CSV
201601,31,1700,201601,31,1700,103196,616663,UTAH,49,2016,January,Avalanche,Z,8,WASATCH MOUNTAINS SOUTH OF I-80,49008,SLC,31-JAN-16 17:00:00,MST-7,31-JAN-16 17:00:00,0,0,1,0,0.00K,0.00K,Other Federal Agency,NA,NA,NA,NA,NA,NA,NA,NA,NA,NA,NA,NA,NA,NA,NA,NA,NA,NA,NA,NA,NA,"After a month of primarily quick-hitting storms, a longer duration winter storm moved through Utah at the end of January, bringing heavy snow to much of the state. The initial burst of precipitation began across northern Utah on January 29, peaking during the morning hours of January 30. After a brief break, snow redeveloped further south in the state during the afternoon of January 30, then continued through February 2. Note that this episode continued into February.","A 50-year-old male skier went missing in the Park City area on the afternoon of January 31. After two days of searching, his body was eventually found along Rip's Ridge, where he apparently had triggered an avalanche, and had been buried and killed.",CSV
201604,11,1210,201604,11,1210,104521,626149,ALASKA,2,2016,April,Avalanche,Z,141,COPPER RIVER BASIN,02141,AFC,11-APR-16 12:10:00,AKST-9,11-APR-16 12:10:00,0,0,1,0,0.00K,0.00K,Newspaper,NA,NA,NA,NA,NA,NA,NA,NA,NA,NA,NA,NA,NA,NA,NA,NA,NA,NA,NA,NA,NA,"The Alaska Range was the location in Southcentral Alaska that received the most snow this year. This attracted many outdoor enthusiasts, including motorized sports. There were several fatalities, many triggered by motorized snow vehicles (snowmobiles).",A Snowmachiner got caught in an avalanche near Paxson Monday April 11 around 12:10 PM AKDT. He was found buried beneath 5 to 7 feet of snow.,CSV
201602,13,1130,201602,13,1135,102280,611470,COLORADO,8,2016,February,Avalanche,Z,19,SOUTHWESTERN SAN JUAN MOUNTAINS,08019,GJT,13-FEB-16 11:30:00,MST-7,13-FEB-16 11:35:00,0,0,0,0,0.00K,0.00K,Department of Highways,NA,NA,NA,NA,NA,NA,NA,NA,NA,NA,NA,NA,NA,NA,NA,NA,NA,NA,NA,NA,NA,An unstable snowpack was triggered by a couple of back-country skiers.,"A group of five skiers were descending the Eagle avalanche path above US Highway 550. The Eagle avalanche path crosses US Highway 550 between Red Mountain Pass and the town of Silverton. The Eagle avalanche path start zone is south facing, above treeline. Two skiers were caught and carried in the avalanche. The avalanche deposited a debris pile 12 to 15 feet deep and up to 350 feet wide on US Highway 550 which closed for more than nine hours while the debris was being removed.",CSV
201604,3,1430,201604,3,1430,105425,632307,ALASKA,2,2016,April,Avalanche,Z,141,COPPER RIVER BASIN,02141,AFC,03-APR-16 14:30:00,AKST-9,03-APR-16 14:30:00,0,0,0,0,0.00K,0.00K,Newspaper,NA,NA,NA,NA,NA,NA,NA,NA,NA,NA,NA,NA,NA,NA,NA,NA,NA,NA,NA,NA,NA,"The Alaska Range was the location in Southcentral Alaska that received the most snow this year. This attracted many outdoor enthusiasts, including motorized sports. There were several fatalities, many triggered by motorized snow vehicles (snowmobiles).","A snowmachiner was caught in an avalanche when the victim decided to stop near the base of a hill while another rider decided to go up the hill, triggering the slide. This occurred during the annual Arctic Man festival, a festival for motorized snow sports.",CSV
201612,25,600,201612,26,500,111653,666080,WYOMING,56,2016,December,Avalanche,Z,20,NATRONA COUNTY LOWER ELEVATIONS,56020,RIW,25-DEC-16 06:00:00,MST-7,26-DEC-16 05:00:00,0,0,0,0,0.00K,0.00K,Trained Spotter,NA,NA,NA,NA,NA,NA,NA,NA,NA,NA,NA,NA,NA,NA,NA,NA,NA,NA,NA,NA,NA,"A combination of a cold front moving across the area, lee side cyclogenesis and powerful jet dynamics produced heavy snow across many portions of Wyoming. The snow hampered holiday travel in many areas. The worst conditions were across Johnson County where blizzard conditions developed and Interstate 90 was closed for several hours during Christmas Day. West of the Divide, the heaviest snow fell across the Jackson Valley where many areas had a foot of new snow. Meanwhile, East of the Divide the heaviest snow fell from Riverton and Worland to Casper where from 6 to 10 inches of new snow fell.","Across southern Natrona County, anywhere from 7 to 11 inches of new snow fell. The snow combined with a strong wind at times to bring very difficult travel conditions that caused the closure of Interstate 25 for a time.",CSV
201604,3,0,201604,3,300,105122,630055,VIRGINIA,51,2016,April,Avalanche,Z,10,BLAND,51010,RNK,03-APR-16 00:00:00,EST-5,03-APR-16 03:00:00,0,0,0,0,1.00K,NA,Law Enforcement,NA,NA,NA,NA,NA,NA,NA,NA,NA,NA,NA,NA,NA,NA,NA,NA,NA,NA,NA,NA,NA,"A cold front moved through the area the afternoon of April 2nd, 2016.  Wind gusts 58 MPH and greater brought down trees and power lines.",High winds blew a tree down near Mechanicsburg and one near Ceres. Damage values are estimated.,CSV
201609,6,1735,201609,6,1900,110478,659959,NEW MEXICO,35,2016,September,Avalanche,Z,412,CENTRAL TULAROSA BASIN,35412,EPZ,06-SEP-16 17:35:00,MST-7,06-SEP-16 19:00:00,0,0,0,0,0.00K,0.00K,Law Enforcement,NA,NA,NA,NA,NA,NA,NA,NA,NA,NA,NA,NA,NA,NA,NA,NA,NA,NA,NA,NA,NA,An upper trough was over the Great Basin with southerly flow tapping moisture from a hurricane moving through the Gulf of California. Slow moving thunderstorms developed along the western slopes of the Sacramento Mountains where over an inch of rain fell in less than an hour and caused flash flooding along Tularosa Creek.,Four feet of water was in Tularosa creek at a low water crossing on Railroad Drive near Tularosa causing the road to be closed.,CSV
201612,11,1200,201612,11,1200,112037,668139,MONTANA,30,2016,December,Avalanche,Z,67,ABSAROKEE / BEARTOOTH MOUNTAINS,30067,BYZ,11-DEC-16 12:00:00,MST-7,11-DEC-16 12:00:00,0,0,1,0,0.00K,0.00K,Other Federal Agency,NA,NA,NA,NA,NA,NA,NA,NA,NA,NA,NA,NA,NA,NA,NA,NA,NA,NA,NA,NA,NA,"A skier was killed by an avalanche on Henderson Mountain outside Cooke City on December 11th. The skier was in a party of 5 and his descent was the 7th track on the slope when it avalanched. He was carried into trees and buried under 5' of snow. Another person was buried to his waist, uninjured, as he stood in the runout zone. The victim was found with avalanche transceivers and dug up in 15 to 20 minutes. CPR was initiated, but unsuccessful as trauma was a likely factor in his death. For a more detailed report, please see the avalanche incidents report at http://www.mtavalanche.com.","A skier was killed by an avalanche on Henderson Mountain outside Cooke City on December 11th. The skier was in a party of 5 and his descent was the 7th track on the slope when it avalanched. He was carried into trees and buried under 5' of snow. Another person was buried to his waist, uninjured, as he stood in the runout zone. The victim was found with avalanche transceivers and dug up in 15 to 20 minutes. CPR was initiated, but unsuccessful as trauma was a likely factor in his death. For a more detailed report, please see the avalanche incidents report at http://www.mtavalanche.com.",CSV
201612,23,0,201612,23,2359,111656,666086,WYOMING,56,2016,December,Avalanche,Z,12,TETON & GROS VENTRE MOUNTAINS,56012,RIW,23-DEC-16 00:00:00,MST-7,23-DEC-16 23:59:00,0,0,0,0,0.00K,0.00K,Other Federal Agency,NA,NA,NA,NA,NA,NA,NA,NA,NA,NA,NA,NA,NA,NA,NA,NA,NA,NA,NA,NA,NA,A snowboarder went missing on December 23rd. He was walking on a cornice that failed and triggered an avalanche below him. The snowboarder was swept over a large cliff and buried in an area called Beards Wheat Field. He was found by a search dog after avalanche hazard work with explosives was performed.,A snowboarder was walking on a cornice that failed and triggered an avalanche below him. The snowboarder was swept over a large cliff and buried in an area called Beards Wheat Field. He was found by a search dog after avalanche hazard work with explosives was performed.,CSV
201612,12,1145,201612,12,1146,112556,671485,COLORADO,8,2016,December,Avalanche,Z,12,WEST ELK AND SAWATCH MOUNTAINS,08012,GJT,12-DEC-16 11:45:00,MST-7,12-DEC-16 11:46:00,0,0,0,0,0.00K,0.00K,State Official,NA,NA,NA,NA,NA,NA,NA,NA,NA,NA,NA,NA,NA,NA,NA,NA,NA,NA,NA,NA,NA,An unusually long and warm dry period in early December resulted in an unstable snowpack with avalanche potential.,"A snowmobiler who was riding in the mountains at the 11,250 foot level north of Crested Butte triggered an avalanche which swept him and his snowmobile down slope about 50 feet. The snowmobiler was fully buried under 1 to 2 feet of snow and his snowmobile was partially buried, with only part of the ski and part of the front of the snowmobile visible at the surface.  Four other snowmobilers from his group quickly came to his aid and extricated him and eventually his snowmobile.  The avalanche broke approximately 3.5 feet deep, was 175 feet wide, and ran 60 to 75 vertical feet.",CSV
201612,10,1018,201612,10,1018,113370,678358,CALIFORNIA,6,2016,December,Avalanche,Z,72,GREATER LAKE TAHOE AREA,06072,REV,10-DEC-16 10:18:00,PST-8,10-DEC-16 10:18:00,0,0,1,0,0.00K,0.00K,Park/Forest Service,NA,NA,NA,NA,NA,NA,NA,NA,NA,NA,NA,NA,NA,NA,NA,NA,NA,NA,NA,NA,NA,Heavy rain and wet high elevation snow brought impacts to the Lake Tahoe area on the 10th.,A quote from the Sierra Avalanche Center: Two skiers hiked into closed uncontrolled terrain at Mt. Rose.  The first skier triggered a large avalanche that swept him 600-1000 ft downslope and buried him in debris that averaged 5 ft deep and reached up to 10 ft. deep in some areas. The second skier immediately called 911 and the search for his partner continued for the rest of the day. The skier was found deceased around midday on the 11th.,CSV
201701,9,200,201701,9,1200,113158,677038,IDAHO,16,2017,January,Avalanche,Z,31,BIG AND LITTLE WOOD RIVER REGION,16031,PIH,09-JAN-17 02:00:00,MST-7,09-JAN-17 12:00:00,0,0,0,0,0.00K,0.00K,Law Enforcement,NA,NA,NA,NA,NA,NA,NA,NA,NA,NA,NA,NA,NA,NA,NA,NA,NA,NA,NA,NA,NA,"A long dawn out atmospheric river event brought a variety of impacts to southeast Idaho including extremely heavy mountain snow, valley snow then rain on snow leading to flooding and roads covered with ice in the Snake River Plain, and many mountain avalanches.   Many roads were closed for extended periods due to the heavy snow and avalanches.   Custer County was declared a disaster area due to the prodigious snow amounts.   An emergency declaration was signed in Cassia County due to the flooding.",Ten avalanches affected Warm Springs Road west of Ketchum closing it on the 9th.  Sage Road and Huffman Drive off of Warm Springs road also were closed except to residences.,CSV
201701,9,200,201701,11,1100,113158,677040,IDAHO,16,2017,January,Avalanche,Z,18,SAWTOOTH MOUNTAINS,16018,PIH,09-JAN-17 02:00:00,MST-7,11-JAN-17 11:00:00,0,0,0,0,0.00K,0.00K,Department of Highways,NA,NA,NA,NA,NA,NA,NA,NA,NA,NA,NA,NA,NA,NA,NA,NA,NA,NA,NA,NA,NA,"A long dawn out atmospheric river event brought a variety of impacts to southeast Idaho including extremely heavy mountain snow, valley snow then rain on snow leading to flooding and roads covered with ice in the Snake River Plain, and many mountain avalanches.   Many roads were closed for extended periods due to the heavy snow and avalanches.   Custer County was declared a disaster area due to the prodigious snow amounts.   An emergency declaration was signed in Cassia County due to the flooding.",Highway 75 was closed due to an avalanche from extremely heavy snow from Stanley to Clayton from the 9th through the 11th.,CSV
201701,31,2200,201701,31,2359,112427,674336,WYOMING,56,2017,January,Avalanche,Z,1,YELLOWSTONE NATIONAL PARK,56001,RIW,31-JAN-17 22:00:00,MST-7,31-JAN-17 23:59:00,0,0,0,0,0.00K,0.00K,Trained Spotter,NA,NA,NA,NA,NA,NA,NA,NA,NA,NA,NA,NA,NA,NA,NA,NA,NA,NA,NA,NA,NA,A persistent and moist Pacific flow and upper level disturbances moving through the region brought a period of heavy snow to portions of western and northern Wyoming. This event continued into February so please see the February issue of Storm Data for the details on this storm.,NA,CSV
201702,3,1400,201702,3,1405,117175,704822,COLORADO,8,2017,February,Avalanche,Z,12,WEST ELK AND SAWATCH MOUNTAINS,08012,GJT,03-FEB-17 14:00:00,MST-7,03-FEB-17 14:05:00,0,0,0,0,0.50K,0.00K,Department of Highways,NA,NA,NA,NA,NA,NA,NA,NA,NA,NA,NA,NA,NA,NA,NA,NA,NA,NA,NA,NA,NA,Heavy snowfall during the previous month and other factors resulted in an unstable snowpack in the mountains near Gothic.,"A backcountry skier was descending along the same route another skier in his party had already trekked when he triggered a small, hard slab avalanche. The skier was knocked over by the moving debris and was dragged down over a rock band and carried further down the slope in moving debris with one ski still on. The debris carried the skier approximately 1,350 vertical feet down the prominent gully, and washed him over a sloping cliff band about 80 feet tall.  The avalanche came to a stop near the apron of the cliff band and deposited the skier on top of about 3 feet of debris. The skier sustained numerous serious injuries.",CSV
201701,23,1400,201701,23,1430,114079,684941,ARIZONA,4,2017,January,Avalanche,Z,15,WESTERN MOGOLLON RIM,04015,FGZ,23-JAN-17 14:00:00,MST-7,23-JAN-17 14:30:00,0,0,0,0,0.00K,0.00K,Public,NA,NA,NA,NA,NA,NA,NA,NA,NA,NA,NA,NA,NA,NA,NA,NA,NA,NA,NA,NA,NA,The third storm in a series of storms hit northern Arizona with heavy snow.,Two avalanches were reported in Kachina Peaks Wilderness just north of Flagstaff after over seven feet of snow fell over a six day period. A 1500 foot by 700 foot slide went down Snowslide Canyon (on the north side of Agassiz Peak). It ripped out many 10 inch diameter trees. ||Another avalanche slid down the north side of Doyle Peak.,CSV
201705,20,209,201705,20,1309,115171,691448,COLORADO,8,2017,May,Avalanche,Z,20,PARADOX VALLEY / LOWER DOLORES RIVER BASIN,08020,GJT,20-MAY-17 02:09:00,MST-7,20-MAY-17 13:09:00,0,0,0,0,0.00K,0.00K,Mesonet,NA,NA,NA,NA,NA,NA,NA,NA,NA,NA,NA,NA,NA,NA,NA,NA,NA,NA,NA,NA,NA,Cold high pressure over the Four Corners brought a 3rd consecutive night of widespread freezing temperatures to some lower valleys in southwest Colorado.,Over half of the forecast zone experienced low temperatures that ranged from 29 to 32 degrees F.,CSV
201705,20,230,201705,20,1315,115171,691449,COLORADO,8,2017,May,Avalanche,Z,21,FOUR CORNERS / UPPER DOLORES RIVER BASIN,08021,GJT,20-MAY-17 02:30:00,MST-7,20-MAY-17 13:15:00,0,0,0,0,0.00K,0.00K,Mesonet,NA,NA,NA,NA,NA,NA,NA,NA,NA,NA,NA,NA,NA,NA,NA,NA,NA,NA,NA,NA,NA,Cold high pressure over the Four Corners brought a 3rd consecutive night of widespread freezing temperatures to some lower valleys in southwest Colorado.,Over half of the forecast zone experienced low temperatures that ranged from 23 to 32 degrees F.,CSV
201701,10,1055,201701,10,1055,115814,696945,CALIFORNIA,6,2017,January,Avalanche,Z,72,GREATER LAKE TAHOE AREA,06072,REV,10-JAN-17 10:55:00,PST-8,10-JAN-17 10:55:00,0,0,0,0,NA,0.00K,Fire Department/Rescue,NA,NA,NA,NA,NA,NA,NA,NA,NA,NA,NA,NA,NA,NA,NA,NA,NA,NA,NA,NA,NA,"Strong low pressure over the northeast Pacific on the 9th moved southeast slowly, reaching northern California on the 12th. This brought exceptional snowfall and a period of blizzard conditions to the Sierra with considerable impacts.","Several avalanches were reported in an avalanche-prone area of Alpine Meadows, with 12 to 14 homes affected (minor damage). One controlled avalanche hit at least several houses. A NWS meteorologist who lives in the area noted that a couple homes had damage to their garage doors due to the weight of the snow.",CSV
201701,24,45,201701,24,45,115984,697208,CALIFORNIA,6,2017,January,Avalanche,Z,72,GREATER LAKE TAHOE AREA,06072,REV,24-JAN-17 00:45:00,PST-8,24-JAN-17 00:45:00,0,0,0,0,0.00K,0.00K,Law Enforcement,NA,NA,NA,NA,NA,NA,NA,NA,NA,NA,NA,NA,NA,NA,NA,NA,NA,NA,NA,NA,NA,"Strong low pressure remained over the northeast Pacific from late on the 19th into the 23rd, with a couple disturbances moving over California during the period. This brought another round of very significant snowfall to the Sierra and portions of northeast California.","A Facebook post with photos from the California Highway Patrol indicated an avalanche across Highway 89 between Alpine Meadows and Tahoe City. The avalanche was 200 feet across and 12 feet deep at the termination point near Highway 89. Two cars were buried; however, all occupants were rescued safely with no injuries.",CSV
201702,14,1005,201702,14,1006,113579,679865,COLORADO,8,2017,February,Avalanche,Z,13,FLATTOP MOUNTAINS,08013,GJT,14-FEB-17 10:05:00,MST-7,14-FEB-17 10:06:00,0,0,0,0,2.00K,0.00K,State Official,NA,NA,NA,NA,NA,NA,NA,NA,NA,NA,NA,NA,NA,NA,NA,NA,NA,NA,NA,NA,NA,A period of above dry weather with unseasonably mild daytime temperatures in mid January was followed by a series of snowfall events through early February which deposited about two feet of new snow in the Flat Tops Wilderness Area.  This situation resulted in an unstable snowpack which was prone to avalanches across the Flat Tops Wilderness Area.,Three separate slab avalanches were triggered by two riders on motorized medium-sized snow bikes near West Lost Lake in the Flat Tops Wilderness Area. Both snow bike riders were caught in separate avalanches.  One motorized snow bike rider was buried under 18 inches of snow and did not survive.  The other snow bike rider who was caught in an avalanche was able to grab a hold of a tree which stopped his descent while the debris continued down the slope.  That snow bike rider was uninjured.,CSV
201703,26,1230,201703,26,1235,117459,706433,COLORADO,8,2017,March,Avalanche,Z,18,NORTHWESTERN SAN JUAN MOUNTAINS,08018,GJT,26-MAR-17 12:30:00,MST-7,26-MAR-17 12:35:00,0,0,0,0,0.00K,0.00K,Department of Highways,NA,NA,NA,NA,NA,NA,NA,NA,NA,NA,NA,NA,NA,NA,NA,NA,NA,NA,NA,NA,NA,An intense winter storm produced a large amount of high density snowfall which resulted in an unstable snowpack over portions of the San Juan Mountains. The Red Mountain Pass area received 18 inches of the high density snow within a 26 hour period that preceded an avalanche which came down onto Highway 550 on March 26th.,An avalanche came down onto Highway 550 and covered the road up to three feet deep.  The highway was closed at that location for several hours as road crews cleared snow off the highway.,CSV
201701,10,240,201701,10,245,117461,706441,COLORADO,8,2017,January,Avalanche,Z,10,GORE AND ELK MOUNTAINS/CENTRAL MOUNTAIN VALLEYS,08010,GJT,10-JAN-17 02:40:00,MST-7,10-JAN-17 02:45:00,0,0,0,0,30.00K,0.00K,Department of Highways,NA,NA,NA,NA,NA,NA,NA,NA,NA,NA,NA,NA,NA,NA,NA,NA,NA,NA,NA,NA,NA,A heavy snowfall event resulted in an unstable snowpack and subsequent avalanche in the Vail Pass area.,"An avalanche came down onto Interstate 70 in the Narrows area, about four miles west of the Vail Pass summit.  The avalanche initially came down onto the westbound lanes and then spread across the eastbound lanes, with the westbound lanes covered up to 15 feet deep. Three semi trucks were struck by the avalanche. I-70 was closed for about ten hours due to the avalanche and related cleanup activities.",CSV
201702,9,900,201702,9,2000,113841,682499,MONTANA,30,2017,February,Avalanche,Z,2,WEST GLACIER REGION,30002,MSO,09-FEB-17 09:00:00,MST-7,09-FEB-17 20:00:00,0,0,0,0,0.00K,0.00K,Department of Highways,NA,NA,NA,NA,NA,NA,NA,NA,NA,NA,NA,NA,NA,NA,NA,NA,NA,NA,NA,NA,NA,"After the heavy snow event which left several feet of snow across portions of northwest Montana, emergency managers reported numerous roofs were exceeding load capacity and were in danger of collapse, especially in Libby, MT. Heavy, wet snow Wednesday evening and overnight transitioned to freezing rain on Feb. 9. Heavy snow and rain added weight to roofs that were already stressed. Snow along Highway 2 from Essex to Marias Pass lead to road closures due to avalanche danger.",A 200 foot wide avalanche occurred between Essex and Devils Creek spilling over US-2 to a depth of 8 inches. This caused the Montana Dep. of Transportation to close to the road because of the avalanche danger.,CSV
201702,4,1430,201702,4,1600,113635,680278,IDAHO,16,2017,February,Avalanche,Z,10,EASTERN LEMHI COUNTY,16010,MSO,04-FEB-17 14:30:00,MST-7,04-FEB-17 16:00:00,0,0,0,0,NA,NA,Department of Highways,NA,NA,NA,NA,NA,NA,NA,NA,NA,NA,NA,NA,NA,NA,NA,NA,NA,NA,NA,NA,NA,Moist warm air moving over the Northern Rockies brought heavy snow and freezing rain to parts of central Idaho. Multiple snow slides were reported in Lemhi county during this event.,"Warm weather and rain helped prime conditions for multiple snow slides that covered roads in Lemhi county. The Idaho Transportation Department reported one 100 ft wide and 10 ft high snow slide on Hwy 93 north of Salmon, ID that completely blocked the road for 1.5 hours. Four other smaller slides caused roads to be reduced to one lane, and heavy equipment was needed to clear snow.",CSV
201702,19,1425,201702,19,1600,113912,682231,IDAHO,16,2017,February,Avalanche,Z,31,BIG AND LITTLE WOOD RIVER REGION,16031,PIH,19-FEB-17 14:25:00,MST-7,19-FEB-17 16:00:00,0,0,0,0,0.00K,0.00K,Newspaper,NA,NA,NA,NA,NA,NA,NA,NA,NA,NA,NA,NA,NA,NA,NA,NA,NA,NA,NA,NA,NA,A motorist was hit with an avalanche on Highway 75 on February 19th.  It hit just south of Cherry Creek and buried her car.   It was 40 feet wide and 6 feet deep.    The car was freed in an hour and a half.,A motorist was hit with an avalanche on Highway 75 on February 19th.   It hit just south of Chaerry Creek and buried her car.   It was 40 feet wide and 6 feet deep.    The car was freed in an hour and a half.,CSV
201701,26,1515,201701,26,1545,113084,676331,CALIFORNIA,6,2017,January,Avalanche,Z,55,SAN BERNARDINO COUNTY MOUNTAINS,06055,SGX,26-JAN-17 15:15:00,PST-8,26-JAN-17 15:45:00,2,0,0,0,NA,NA,County Official,NA,NA,NA,NA,NA,NA,NA,NA,NA,NA,NA,NA,NA,NA,NA,NA,NA,NA,NA,NA,NA,"Heavy snows over the prior week produced an avalanche near Mt. Baldy on January 26th that trapped 3 hikers. Two of the hikers were injured. San Bernardino County Fire rescued the hikers via helicopter and transported them for medical attention. Further south in San Diego County, lingering moisture from prior storms produced convective snow showers over the mountains. Snowfall accumulations of 1-3 inches were reported along with a closure of Interstate 8.",An avalanche on Mt. Baldy trapped 3 hikers. Two of the hikers were injured.,CSV
201702,9,1300,201702,9,1800,113764,681117,IDAHO,16,2017,February,Avalanche,Z,23,CARIBOU HIGHLANDS,16023,PIH,09-FEB-17 13:00:00,MST-7,09-FEB-17 18:00:00,0,0,1,0,0.00K,0.00K,Newspaper,NA,NA,NA,NA,NA,NA,NA,NA,NA,NA,NA,NA,NA,NA,NA,NA,NA,NA,NA,NA,NA,A snowmobiler was killed in an avalanche near McCoy Creek.   The location was in extreme eastern Bonneville County right on the Wyoming border.   He was buried under 3 feet of snow and died from injuries sustained in the avalanche.,A snowmobiler was killed in an avalanche near McCoy Creek.   The location was in extreme eastern Bonneville County right on the Wyoming border.   He was buried under 3 feet of snow and died from injuries sustained in the avalanche.,CSV
201702,9,400,201702,11,1300,113963,682487,IDAHO,16,2017,February,Avalanche,Z,18,SAWTOOTH MOUNTAINS,16018,PIH,09-FEB-17 04:00:00,MST-7,11-FEB-17 13:00:00,0,0,0,0,0.00K,0.00K,Department of Highways,NA,NA,NA,NA,NA,NA,NA,NA,NA,NA,NA,NA,NA,NA,NA,NA,NA,NA,NA,NA,NA,Multiple avalanches closed Idaho Highway 75 from Stanley to Clayton from February 9th to the 11th.,Multiple avalanches closed Idaho Highway 75 from Stanley to Clayton from February 9th to the 11th.,CSV
201704,11,0,201704,11,0,114833,688844,WASHINGTON,53,2017,April,Avalanche,Z,568,CASCADES OF SNOHOMISH AND KING COUNTIES,53568,SEW,11-APR-17 00:00:00,PST-8,11-APR-17 00:00:00,0,0,0,0,0.00K,0.00K,Broadcast Media,NA,NA,NA,NA,NA,NA,NA,NA,NA,NA,NA,NA,NA,NA,NA,NA,NA,NA,NA,NA,NA,"Sometime on 04/11, an avalanche occurred near Snoqualmie Pass, WA that killed a skier on a backcountry trail. The skier did not return home and was found by a search crew.",Backcountry skier died in avalanche on Red Mountain near Snoqualmie Pass.,CSV
201702,6,0,201702,6,100,113637,681703,MONTANA,30,2017,February,Avalanche,Z,2,WEST GLACIER REGION,30002,MSO,06-FEB-17 00:00:00,MST-7,06-FEB-17 01:00:00,0,0,0,0,NA,NA,Local Official,NA,NA,NA,NA,NA,NA,NA,NA,NA,NA,NA,NA,NA,NA,NA,NA,NA,NA,NA,NA,NA,"A steady stream of moisture coming in from the southwest interacted with the Arctic air sliding down from Canada, and caused heavy snow and gusty easterly winds over northwest Montana. Near whiteout conditions with snowfall rates of 1 to 2 inches per hour were observed. Some places received over 30 inches of new snow. Roads become impassable at times, particularly in the Essex to Kalispell corridor during the Monday morning commute. Previous heavy snowfall that occurred Feb. 3 and 4 compounded snow removal problems in city-centers. Airport operations had difficulty keeping runways clear during this event.",An avalanche covered the BNSF railway that runs parallel to US-2 near Marias Pass. Avalanche warnings and rail and road closures continued for days after the storm ended.,CSV
201709,24,400,201709,24,2200,119714,717960,UTAH,49,2017,September,Avalanche,Z,23,EASTERN UINTA MOUNTAINS,49023,GJT,24-SEP-17 04:00:00,MST-7,24-SEP-17 22:00:00,0,0,0,0,0.00K,0.00K,SNOTEL,NA,NA,NA,NA,NA,NA,NA,NA,NA,NA,NA,NA,NA,NA,NA,NA,NA,NA,NA,NA,NA,A moist upper low moved over eastern Utah and resulted significant snowfall over the eastern Uinta Mountains.,Snowfall totals of 3 to 6 inches were measured across the area.  A locally higher amount of 11 inches was measured at the Mosby Mountain SNOTEL site.,CSV
201711,16,900,201711,16,900,121743,728944,NEVADA,32,2017,November,Avalanche,Z,2,GREATER LAKE TAHOE AREA,32002,REV,16-NOV-17 09:00:00,PST-8,16-NOV-17 09:00:00,2,0,0,0,NA,NA,Park/Forest Service,NA,NA,NA,NA,NA,NA,NA,NA,NA,NA,NA,NA,NA,NA,NA,NA,NA,NA,NA,NA,NA,"The winter season's first strong atmospheric river moved slowly south from the Pacific Northwest coast between the 15th and the 16th before moving inland over northern California and Nevada on the 17th. The system brought high winds, significant snow, and rain to the Sierra Nevada and western Nevada.","A dry slab avalanche occurred on Tamarack Peak within the Hourglass Bowl at 0900PST 16 November and partially buried a female skier and totally buried a male skier. A quote from the Sierra Avalanche Center: The person who was still skiing when the avalanche hit her was blown out of her skis and they were buried. She may have hit a tree and her back began seizing up. The person buried had both skis but lost a pole and one skin and had a torn ligament in his ankle. Therefore from this report, it is evident that both the skiers were injured in this avalanche.",CSV
201711,22,1430,201711,22,1501,121407,726780,ALASKA,2,2017,November,Avalanche,Z,111,MATANUSKA VALLEY,02111,AFC,22-NOV-17 14:30:00,AKST-9,22-NOV-17 15:01:00,0,0,1,0,0.00K,0.00K,Newspaper,NA,NA,NA,NA,NA,NA,NA,NA,NA,NA,NA,NA,NA,NA,NA,NA,NA,NA,NA,NA,NA,"A 974 mb low moved southward across the Alaska Peninsula and into the Gulf of Alaska. Behind this low, a 1039 high was centered over the Western Aleutians. This caused a strong gradient with northerly flow over the Pribilof Islands, the eastern Aleutians, and the Alaska Peninsula. This storm strengthened in the Gulf of Alaska and moved onshore in the northern Panhandle. As a result, northerly gap winds intensified over the Prince William Sound.",An avalanche in Hatcher Pass took the life of a local ski coach. Strong winds earlier in the week and low snow caused the snowpack to be very unstable.,CSV
201712,29,2200,201712,29,2230,121289,728258,MONTANA,30,2017,December,Avalanche,Z,7,BUTTE / BLACKFOOT REGION,30007,MSO,29-DEC-17 22:00:00,MST-7,29-DEC-17 22:30:00,0,0,0,0,5.00K,0.00K,Department of Highways,NA,NA,NA,NA,NA,NA,NA,NA,NA,NA,NA,NA,NA,NA,NA,NA,NA,NA,NA,NA,NA,"This was a classic overrunning event with an arctic air mass in place which lasted several days. A push of subtropical moisture associated with an atmospheric river arrived early Friday morning of the 29th and caused a prolonged period of moderate to heavy snow across portions of northwest and west-central Montana and central Idaho. Freezing rain was reported as far north as Polson, east of Thompson Falls, the Bitterroot and Missoula Valleys and in the Seeley/Swan Valley for a period.  Between Missoula and Stevensville the precipitation type changed back and forth between snow and freezing rain Friday evening and night. Severe driving conditions were reported all across western Montana on the 29th due to icy roads and blowing and drifting snow.",The avalanche moved across Highway 200 for approximately 40 yards in length near mile-marker 55.9 and was 15 to 20 feet deep and 55 yards wide. The cab of a semi-trailer truck was partially buried. Highway 200 was closed until 530 am MST the next morning. Most likely heavy snow and strong easterly winds created severe wind-loading on Mineral Hill contributing to the conditions of the avalanche. According to the Montana Department of Transportation an avalanche of this magnitude had not occurred in this location in over 20 years.,CSV
201712,25,100,201712,25,2300,122029,730579,COLORADO,8,2017,December,Avalanche,Z,60,EASTERN SAWATCH MOUNTAINS ABOVE 11000 FT,08060,PUB,25-DEC-17 01:00:00,MST-7,25-DEC-17 23:00:00,0,0,0,0,0.00K,0.00K,Trained Spotter,NA,NA,NA,NA,NA,NA,NA,NA,NA,NA,NA,NA,NA,NA,NA,NA,NA,NA,NA,NA,NA,"An quick moving upper level system generated up to 9 inches of snow and blowing snow  across higher terrain locations.  Eight inches of snow occurred near Leadville (Lake County), while nine inches of snow graced Monarch Pass(Chaffee County).",NA,CSV
201701,28,1400,201701,28,1500,112490,670672,ALASKA,2,2017,January,Avalanche,Z,125,WRN P.W. SND & KENAI MTNS,02125,AFC,28-JAN-17 14:00:00,AKST-9,28-JAN-17 15:00:00,0,0,1,0,0.00K,0.00K,Newspaper,NA,NA,NA,NA,NA,NA,NA,NA,NA,NA,NA,NA,NA,NA,NA,NA,NA,NA,NA,NA,NA,A series of heavy snowfalls in the Kenai Peninsula lead to heavily loaded slopes on top of a weak layer from earlier in the season.,"Two snowmachiners triggered an avalanche near Snug Harbor, Alaska.  One person escaped and was able to locate the other person, who was already deceased. This was reported in the Alaska Dispatch News.",CSV
201701,22,1028,201701,22,1556,113576,679861,ALASKA,2,2017,January,Avalanche,Z,185,EASTERN ALEUTIANS,02185,AFC,22-JAN-17 10:28:00,AKST-9,22-JAN-17 15:56:00,0,0,0,0,0.00K,0.00K,Law Enforcement,NA,NA,NA,NA,NA,NA,NA,NA,NA,NA,NA,NA,NA,NA,NA,NA,NA,NA,NA,NA,NA,"A 944 mb low moved through the Aleutians, bringing high winds and snow to many communities. This caused blizzard conditions for the Aleutians and the Pribilof Islands.","Police at Dutch Harbor had no reports of structural damage, however there were many vehicles stuck in the snow.  A travel advisory was issued to try to keep people off the roads.  Road crews worked late into Sunday night to clear the roads before the morning commute.  No Road impacts reported Monday.",CSV
201803,4,1700,201803,4,1800,122501,741598,NEVADA,32,2018,March,Avalanche,Z,34,RUBY MOUNTAINS/E HUMBOLDT RANGE,32034,LKN,04-MAR-18 17:00:00,PST-8,04-MAR-18 18:00:00,0,1,0,0,0.00K,0.00K,Newspaper,NA,NA,NA,NA,NA,NA,NA,NA,NA,NA,NA,NA,NA,NA,NA,NA,NA,NA,NA,NA,NA,"A major winter storm brought heavy snow and strong winds to portions of northern and central Nevada. Some of the heavier snowfall amounts included 10 to 20 inches in Spring Creek and Lamoille, 14-17 inches in Eureka, and 7 inches in Ely. In addition, high winds gusting to 65 mph with the storm caused some property damage.",Elko Daily Press reports a snowmobiler was injured by driving into an earlier avalanche in Lamoille Canyon Sunday evening. Heavy snow fell over the previous two days in the Ruby Mountains.,CSV
201802,20,1400,201802,20,1900,123716,742240,IDAHO,16,2018,February,Avalanche,Z,23,CARIBOU HIGHLANDS,16023,PIH,20-FEB-18 14:00:00,MST-7,20-FEB-18 19:00:00,0,0,1,0,0.00K,0.00K,Newspaper,NA,NA,NA,NA,NA,NA,NA,NA,NA,NA,NA,NA,NA,NA,NA,NA,NA,NA,NA,NA,NA,A snowmobiler was killed in an avalanche in the Sheep Falls area east of Palisades Rerervoir.,A snowmobiler was killed in an avalanche in the Sheep Falls area east of Palisades Rerervoir.,CSV
201802,5,0,201802,5,200,122364,732639,MONTANA,30,2018,February,Avalanche,Z,7,BUTTE / BLACKFOOT REGION,30007,MSO,05-FEB-18 00:00:00,MST-7,05-FEB-18 02:00:00,0,0,0,0,0.00K,0.00K,Department of Highways,NA,NA,NA,NA,NA,NA,NA,NA,NA,NA,NA,NA,NA,NA,NA,NA,NA,NA,NA,NA,NA,"Another push of arctic air came back over the Continental Divide the evening of the 4th, reaching Kalispell during the morning commute on the 5th. Winds were not as strong along U.S. Highway 2 as the previous day but were stronger in Kalispell.",A snow slide occurred across State Highway 1 at mile marker 27.5 near Georgetown Lake early on the morning of the 5th.  The northbound lane was impassable with up to 15 inches of snow on the southbound lane.,CSV
201801,21,1158,201801,21,1200,121636,727985,COLORADO,8,2018,January,Avalanche,Z,19,SOUTHWESTERN SAN JUAN MOUNTAINS,08019,GJT,21-JAN-18 11:58:00,MST-7,21-JAN-18 12:00:00,0,0,1,0,0.00K,0.00K,Department of Highways,NA,NA,NA,NA,NA,NA,NA,NA,NA,NA,NA,NA,NA,NA,NA,NA,NA,NA,NA,NA,NA,Heavy snow accumulations on a weak snowpack resulted in a fatal avalanche near Red Mountain Pass in the western San Juan Mountains.,A backcountry skier was killed in an avalanche he triggered within an area locally know as Sam's Trees in the Chattanooga area between Red Mountain Pass and the town of Silverton.  The avalanche location was close to Highway 550.,CSV
201801,20,1430,201801,20,1600,122983,737438,IDAHO,16,2018,January,Avalanche,Z,19,UPPER SNAKE HIGHLANDS,16019,PIH,20-JAN-18 14:30:00,MST-7,20-JAN-18 16:00:00,0,0,1,0,0.00K,0.00K,County Official,NA,NA,NA,NA,NA,NA,NA,NA,NA,NA,NA,NA,NA,NA,NA,NA,NA,NA,NA,NA,NA,A snowmobiler was killed by an avalanche near Island Park east of Reyes Peak just below the waterfall.,A snowmobiler was killed by an avalanche near Island Park east of Reyes Peak just below the waterfall.,CSV
201801,27,905,201801,27,906,123080,737985,CALIFORNIA,6,2018,January,Avalanche,Z,72,GREATER LAKE TAHOE AREA,06072,REV,27-JAN-18 09:05:00,PST-8,27-JAN-18 09:06:00,0,0,0,0,NA,NA,Park/Forest Service,NA,NA,NA,NA,NA,NA,NA,NA,NA,NA,NA,NA,NA,NA,NA,NA,NA,NA,NA,NA,NA,A weak shortwave passed over Northern California on the night of the 26th into the early morning hours of the 27th.,"A dry slab avalanche was triggered by a snowboarder on North Castle Peak near the Donner Summit Area at 0905PST 27 January. The crown height was 1 foot. The avalanche length and width were 150 feet and 60 feet, respectively. No injuries were reported.",CSV
201801,10,1400,201801,10,1600,122981,737434,IDAHO,16,2018,January,Avalanche,Z,19,UPPER SNAKE HIGHLANDS,16019,PIH,10-JAN-18 14:00:00,MST-7,10-JAN-18 16:00:00,0,0,1,0,0.00K,0.00K,County Official,NA,NA,NA,NA,NA,NA,NA,NA,NA,NA,NA,NA,NA,NA,NA,NA,NA,NA,NA,NA,NA,A snowmobiler died due to an avalanche on January 10th near Island Park.,A snowmobiler died due to an avalanche on January 10th near Island Park.,CSV
201803,22,1100,201803,22,1101,124821,748948,CALIFORNIA,6,2018,March,Avalanche,Z,73,MONO,06073,REV,22-MAR-18 11:00:00,PST-8,22-MAR-18 11:01:00,0,0,0,0,NA,NA,Public,NA,NA,NA,NA,NA,NA,NA,NA,NA,NA,NA,NA,NA,NA,NA,NA,NA,NA,NA,NA,NA,"The first part of this storm consisted of warm air advection precipitation that spread through the northern Sierra. Moist upslope flow brought precipitation into Mono County at the same time. The second part of this storm moved into the Sierra Nevada on the 21st and 22nd in the form of a fairly significant atmospheric river, tapping a deep plume of moisture moving in from the Eastern Pacific.",Avalanche occurred on McGee Mountain near mid-day. The slide traveled approximately 1700 feet through sagebrush and was 12-15 feet high in places. No people were reported trapped or injured.,CSV
201803,22,1202,201803,22,1203,124827,748950,NEVADA,32,2018,March,Avalanche,Z,2,GREATER LAKE TAHOE AREA,32002,REV,22-MAR-18 12:02:00,PST-8,22-MAR-18 12:03:00,0,0,0,0,NA,NA,Law Enforcement,NA,NA,NA,NA,NA,NA,NA,NA,NA,NA,NA,NA,NA,NA,NA,NA,NA,NA,NA,NA,NA,"The first part of this storm consisted of warm air advection precipitation that spread through the northern Sierra. The second part of this storm moved into the Sierra Nevada and western Nevada on the 21st and 22nd in the form of a fairly significant atmospheric river, tapping a deep plume of moisture moving in from the Eastern Pacific.",Nevada Department of Transportation closed Mount Rose Highway (SR-431) from Fairview to Sky Tavern due to heavy snow and an avalanche. The avalanche was searched and cleared by the Mount Rose Ski Patrol to ensure that no other vehicles were involved.,CSV
201802,17,1100,201802,17,1100,123364,739742,WYOMING,56,2018,February,Avalanche,Z,12,TETON & GROS VENTRE MOUNTAINS,56012,RIW,17-FEB-18 11:00:00,MST-7,17-FEB-18 11:00:00,0,0,1,0,0.00K,0.00K,Newspaper,NA,NA,NA,NA,NA,NA,NA,NA,NA,NA,NA,NA,NA,NA,NA,NA,NA,NA,NA,NA,NA,"A 30 year old Utah man was skiing at Rock Springs Canton, a back country ski area south of Jackson Hole Ski Resort. He was skiing in an area called Ralph's Slide when a triggered an avalanche. The man was partially buried and was pronounced dead at the scene from head trauma.",NA,CSV
201803,2,1340,201803,2,1341,124487,747137,CALIFORNIA,6,2018,March,Avalanche,Z,72,GREATER LAKE TAHOE AREA,06072,REV,02-MAR-18 13:40:00,PST-8,02-MAR-18 13:41:00,5,0,0,0,NA,NA,Broadcast Media,NA,NA,NA,NA,NA,NA,NA,NA,NA,NA,NA,NA,NA,NA,NA,NA,NA,NA,NA,NA,NA,"A strong upper level low over the northeast Pacific on February 28th moved southeast, reaching southern Oregon/northern California on the 1st of March. This system brought high winds and snowfall to the Sierra Nevada and western Nevada through the 3rd. Several school and business closures occurred due to the heavy snowfall.","An avalanche occurred at approximately 1340PST on 2 March at the base of the Olympic Lady chair lift at Squaw Valley Ski resort. The avalanche caught five people. One person sustained a serious lower body injury. A second guest had to be rescued, but was taken to the base of Squaw Valley and released. Three others left unharmed, according to KOLO8 News Reno.",CSV
201803,3,1015,201803,3,1016,124487,747157,CALIFORNIA,6,2018,March,Avalanche,Z,73,MONO,06073,REV,03-MAR-18 10:15:00,PST-8,03-MAR-18 10:16:00,6,0,0,0,NA,NA,Newspaper,NA,NA,NA,NA,NA,NA,NA,NA,NA,NA,NA,NA,NA,NA,NA,NA,NA,NA,NA,NA,NA,"A strong upper level low over the northeast Pacific on February 28th moved southeast, reaching southern Oregon/northern California on the 1st of March. This system brought high winds and snowfall to the Sierra Nevada and western Nevada through the 3rd. Several school and business closures occurred due to the heavy snowfall.","An avalanche at Mammoth Mountain occurred at approximately 1015PST on 3 March during a avalanche hazard mitigation search performed by the area ski patrol. The snow slid down down a steep run and funneled into a narrow chute named Upper Dry Creek before coming to a stop a the base of a chairlift. Six Mammoth Mountain employees at the lift were partially caught but freed themselves quickly, suffering only minor injuries. Source: Los Angeles Times.",CSV
201803,19,830,201803,20,1650,123725,742275,ALASKA,2,2018,March,Avalanche,Z,111,MATANUSKA VALLEY,02111,AFC,19-MAR-18 08:30:00,AKST-9,20-MAR-18 16:50:00,0,0,0,0,0.00K,0.00K,Unknown,NA,NA,NA,NA,NA,NA,NA,NA,NA,NA,NA,NA,NA,NA,NA,NA,NA,NA,NA,NA,NA,"High pressure moving in from the west and low pressure moving in from the east combined to tighten the gradient over the eastern Chugach mountains. A strong shortwave moving in from the north enhanced the winds through channeled terrain, taking them to warning level. This caused some wind damage at Tsaina Lodge.",Hatcher Pass Avalanche Center reported an avalanche in Hatcher Pass closed the road to the ski area at the top. 10 people were stranded at the ski area for 24 hours while DOT cleared the road. No one was injured.,CSV
201812,22,900,201812,22,1000,133395,798159,WYOMING,56,2018,December,Avalanche,Z,24,SALT RIVER & WYOMING RANGES,56024,RIW,22-DEC-18 09:00:00,MST-7,22-DEC-18 10:00:00,0,0,1,0,0.00K,0.00K,Park/Forest Service,NA,NA,NA,NA,NA,NA,NA,NA,NA,NA,NA,NA,NA,NA,NA,NA,NA,NA,NA,NA,NA,A 31 year old man riding in the Wyoming Range to the East of Alpine was riding a snowmobile in steep terrain when he triggered a 100 foot by 100 foot slab avalanche. The avalanche flipped his snowmobile and he was pinned under the snowmobile for an hour before being dug out. He was pronounced dead at the scene.,NA,CSV
201812,24,1200,201812,24,1600,133396,798165,WYOMING,56,2018,December,Avalanche,Z,12,TETON & GROS VENTRE MOUNTAINS,56012,RIW,24-DEC-18 12:00:00,MST-7,24-DEC-18 16:00:00,1,0,0,0,0.00K,0.00K,Park/Forest Service,NA,NA,NA,NA,NA,NA,NA,NA,NA,NA,NA,NA,NA,NA,NA,NA,NA,NA,NA,NA,NA,"A 31 year old man was back country skiing just south of the Jackson Hole Ski Resort, in an area called the Spacewalk Couloir. The man triggered an avalanche and he was tumbled the full length of the feature. The man was not buried but suffered leg and hip injuries. He was rescued and brought a hospital in Jackson.",NA,CSV
201812,27,935,201812,27,1315,132201,791007,CALIFORNIA,6,2018,December,Avalanche,Z,95,KERN CTY MTNS,06095,HNX,27-DEC-18 09:35:00,PST-8,27-DEC-18 13:15:00,0,0,0,0,0.00K,0.00K,AWOS,NA,NA,NA,NA,NA,NA,NA,NA,NA,NA,NA,NA,NA,NA,NA,NA,NA,NA,NA,NA,NA,"Areas of dense fog formed during the morning of December 27 as clear skies and light winds prevailed over the San Joaquin Valley. The fog resulted in some minor vehicle accidents in the Fresno area as the fog reduced visibility to a few hundred feet. However, the fog dissipated in the San Joaquin Valley by late morning as a cold front pushed southward through central California. Areas of dense fog persisted through the early afternoon along the valley facing slopes of the Tehachapi Mountains as a result of strong upslope flow that accompanied the front. The cold front also produced a period of gusty winds along the west side of the San Joaquin Valley as well as along and below the passes in Kern County where several stations measured gusts above 35 mph.",Visibility below a quarter mile was reported in Tehachapi.,CSV
201903,12,500,201903,12,530,133929,801609,COLORADO,8,2019,March,Avalanche,Z,18,NORTHWESTERN SAN JUAN MOUNTAINS,08018,GJT,12-MAR-19 05:00:00,MST-7,12-MAR-19 05:30:00,0,0,0,0,0.00K,0.00K,State Official,NA,NA,NA,NA,NA,NA,NA,NA,NA,NA,NA,NA,NA,NA,NA,NA,NA,NA,NA,NA,NA,"After additional heavy snow fell on an already unstable snowpack, a natural avalanche occurred southwest of Lake City and destroyed a home.","A natural avalanche released and hit a residence with 3 people inside along County Road 30, southwest of Lake City. The occupants were rescued and taken to a medical facility. The house was destroyed in the avalanche.",CSV
201904,9,1242,201904,9,1242,136226,817497,NEVADA,32,2019,April,Avalanche,Z,39,SOUTH-CENTRAL ELKO,32039,LKN,09-APR-19 12:42:00,PST-8,09-APR-19 12:42:00,0,0,0,0,0.00K,0.00K,Mesonet,NA,NA,NA,NA,NA,NA,NA,NA,NA,NA,NA,NA,NA,NA,NA,NA,NA,NA,NA,NA,NA,A storm system moving through Nevada brought downslope winds to eastern sections of the forecast area.,"Ruby Valley NDOT station, elevation 6214 feet.",CSV
201901,20,1200,201901,20,1700,134020,802240,IDAHO,16,2019,January,Avalanche,Z,73,SUN VALLEY REGION,16073,PIH,20-JAN-19 12:00:00,MST-7,20-JAN-19 17:00:00,0,0,0,0,0.00K,0.00K,Park/Forest Service,NA,NA,NA,NA,NA,NA,NA,NA,NA,NA,NA,NA,NA,NA,NA,NA,NA,NA,NA,NA,NA,"A skier and snowboarder were buried for 25 minutes on the 20th.  The two were carried 100 to 150 yards in an avalanche they triggered in the Warm Springs Creek drainage riding in the out-of-bounds area of Bald Mountain.  IT was 100 feet wide near 7,800 feet elevation and they were able to dig out and did not suffer serious injuries.","A skier and snowboarder were buried for 25 minutes on the 20th.  The two were carried 100 to 150 yards in an avalanche they triggered in the Warm Springs Creek drainage riding in the out-of-bounds area of Bald Mountain.  IT was 100 feet wide near 7,800 feet elevation and they were able to dig out and did not suffer serious injuries.",CSV
201902,7,1700,201902,8,1200,135122,809942,UTAH,49,2019,February,Avalanche,Z,518,SOUTHERN MOUNTAINS,49518,SLC,07-FEB-19 17:00:00,MST-7,08-FEB-19 12:00:00,0,0,0,0,0.00K,0.00K,Other Federal Agency,NA,NA,NA,NA,NA,NA,NA,NA,NA,NA,NA,NA,NA,NA,NA,NA,NA,NA,NA,NA,NA,"Three snowmobilers near Circleville Mountain triggered an avalanche, and one of them was killed in the accident.","Three snowmobilers near Circleville Mountain triggered an 800-foot-wide avalanche, and two snowmobilers were caught, while the third made it to the bottom unharmed. One snowmobiler caught in the avalanche was able to dig out, and another was fully buried under 1-2 feet of snow. A search and rescue team was dispatched late in the afternoon, but was unable to continue operations overnight.  The buried snowmobiler was found the following morning.",CSV
201902,9,1300,201902,9,1518,135123,809943,UTAH,49,2019,February,Avalanche,Z,1,CACHE VALLEY/UTAH,49001,SLC,09-FEB-19 13:00:00,MST-7,09-FEB-19 15:18:00,0,0,0,0,0.00K,0.00K,Other Federal Agency,NA,NA,NA,NA,NA,NA,NA,NA,NA,NA,NA,NA,NA,NA,NA,NA,NA,NA,NA,NA,NA,Three snowmobilers near Chalk Creek triggered an avalanche and one of them was killed in the accident.,"Three snowmobilers were riding near Chalk Creek when one of them triggered a 1000- foot-wide avalanche and was buried in the snow. The other two snowmobilers immediately began search and rescue operations and located the buried snowmobiler after approximately 30 minutes. The buried snowmobiler was dug out of the snow and was found breathless, CPR was initiated and life flight helicopters were dispatched to the scene and arrived within 40 minutes. The snowmobiler was taken to Evanston Hospital and pronounced dead due to traumatic injury.",CSV
201901,25,1700,201901,25,1900,134022,802250,IDAHO,16,2019,January,Avalanche,Z,64,BIG HOLE MOUNTAINS,16064,PIH,25-JAN-19 17:00:00,MST-7,25-JAN-19 19:00:00,0,0,1,0,0.00K,0.00K,Emergency Manager,NA,NA,NA,NA,NA,NA,NA,NA,NA,NA,NA,NA,NA,NA,NA,NA,NA,NA,NA,NA,NA,A snow mobiler died in an avalanche that occurred around 6 pm on the 25th near Palisades Lake in Bonneville County near the Wyoming border.  A 35 year old male died din the avalanche that occurred near Palisades Lake.,A snowmobiler died in an avalanche that occurred around 6 pm on the 25th near Palisades Lake in Bonneville County near the Wyoming border. A 35 year old male died din the avalanche that occurred near Palisades Lake.,CSV
201903,11,1420,201903,11,1420,135501,812807,WYOMING,56,2019,March,Avalanche,Z,22,CASPER MOUNTAIN,56022,RIW,11-MAR-19 14:20:00,MST-7,11-MAR-19 14:20:00,0,0,0,0,0.00K,0.00K,Newspaper,NA,NA,NA,NA,NA,NA,NA,NA,NA,NA,NA,NA,NA,NA,NA,NA,NA,NA,NA,NA,NA,A man and a 67 year old woman were clearing a large amount of snow off of the roof of a house on Casper Mountain. A large amount of snow fell of the roof and buried the woman under several feet of snow. It took around 30 minutes to rescue the woman. She received treatment at the scene and was then transported to Wyoming Medical Center where she died from her injuries.,NA,CSV
201903,4,1500,201903,4,1505,135500,812802,WYOMING,56,2019,March,Avalanche,Z,12,TETON & GROS VENTRE MOUNTAINS,56012,RIW,04-MAR-19 15:00:00,MST-7,04-MAR-19 15:05:00,0,0,0,0,0.00K,0.00K,Park/Forest Service,NA,NA,NA,NA,NA,NA,NA,NA,NA,NA,NA,NA,NA,NA,NA,NA,NA,NA,NA,NA,NA,A 27 year old Wisconsin man was riding a snowmobile in down a steep slope near Togwotee Pass when he triggered a large slab avalanche around 3 pm. The man was wearing an avalanche airbag but was buried by 2 to 4 feet of snow. Three of his companions dug him out of the snow but it was 5 minutes before they could start CPR. He was pronounced dead at the scene around 5 pm.,NA,CSV
201901,5,1200,201901,5,1600,132413,792214,COLORADO,8,2019,January,Avalanche,Z,18,NORTHWESTERN SAN JUAN MOUNTAINS,08018,GJT,05-JAN-19 12:00:00,MST-7,05-JAN-19 16:00:00,0,0,1,0,0.00K,0.00K,Law Enforcement,NA,NA,NA,NA,NA,NA,NA,NA,NA,NA,NA,NA,NA,NA,NA,NA,NA,NA,NA,NA,NA,"An unstable snow pack in the San Juan Mountains and a group of back country skiers triggered an avalanche in the Upper Senator Beck Basin, northwest of Red Mountain Pass in southwest Colorado.","A group of back country skiers participating in an avalanche safety course triggered an avalanche on the afternoon of January 5. All six members of the group were caught in the avalanche. The avalanche released a second avalanche sympathetically. The second avalanche ran over the debris pile of the first slide. One member of the group was buried in the debris of the two avalanches. The rest of the group located him and extricated him from under at least 8 feet of snow. They tried to revive him on site, but were unsuccessful. The rest of the group made their way to Highway 550 with the help of San Juan County Search and Rescue, Ouray Mountain Rescue, La Plata County Search and Rescue, Careflight, and the Colorado Avalanche Information Center.",CSV
201901,25,1630,201901,25,1645,132752,794267,UTAH,49,2019,January,Avalanche,Z,28,LA SAL & ABAJO MOUNTAINS,49028,GJT,25-JAN-19 16:30:00,MST-7,25-JAN-19 16:45:00,0,0,1,0,0.00K,0.00K,State Official,NA,NA,NA,NA,NA,NA,NA,NA,NA,NA,NA,NA,NA,NA,NA,NA,NA,NA,NA,NA,NA,A group of snowmobilers recreating in the Dark Canyon Basin in the La Sal Mountains triggered a massive avalanche.,"On the afternoon of January 25, a snowmobiler was buried in an avalanche in Dark Canyon, in the La Sal Mountains of southeastern Utah. His party attempted a rescue but they were unable to locate him and night was falling. Plans were made for search and rescue efforts to resume the following day. On Saturday, January 26, members from San Juan and Grand County Search and Rescues, Utah Department of Public Safety, and professional avalanche rescue dogs and handlers from Wasatch Backcountry Rescue, Alta, and Park City Ski areas conducted recovery efforts. The body was recovered late in the afternoon.",CSV
201901,21,1020,201901,21,1600,132753,794275,COLORADO,8,2019,January,Avalanche,Z,10,GORE AND ELK MOUNTAINS/CENTRAL MOUNTAIN VALLEYS,08010,GJT,21-JAN-19 10:20:00,MST-7,21-JAN-19 16:00:00,0,0,1,0,0.00K,0.00K,Law Enforcement,NA,NA,NA,NA,NA,NA,NA,NA,NA,NA,NA,NA,NA,NA,NA,NA,NA,NA,NA,NA,NA,"A group of back country skiers triggered an avalanche in the Express Creek drainage on Green Mountain near the town of Ashcroft, Colorado.","A group of back country skiers staying at the Markley Hut near the town of Ashcroft were involved in an avalanche on January 21. One was buried in the avalanche. The group located and extricated the skier from the snow and tried to revive him, but they were unsuccessful.||Initial reports describe an avalanche on a north-northeast facing slope at about 11,200 feet, breaking 2 feet deep, 500 feet wide, and running about 600 vertical feet.",CSV
201901,9,1500,201901,9,1500,134087,802751,WYOMING,56,2019,January,Avalanche,Z,12,TETON & GROS VENTRE MOUNTAINS,56012,RIW,09-JAN-19 15:00:00,MST-7,09-JAN-19 15:00:00,0,0,1,0,0.00K,0.00K,Newspaper,NA,NA,NA,NA,NA,NA,NA,NA,NA,NA,NA,NA,NA,NA,NA,NA,NA,NA,NA,NA,NA,A 29 year old Wisconsin man was snowmobiling on Mount Leady around 3 pm when he triggered a slab avalanche. The man was buried by the avalanche. He was dug out by his part but was unresponsive when dug out and was pronounced dead at the scene.,NA,CSV
201901,17,1130,201901,17,1130,132596,794220,NEW MEXICO,35,2019,January,Avalanche,Z,513,NORTHERN SANGRE DE CRISTO MOUNTAINS ABOVE 9500 FEET/RED RIVER,35513,ABQ,17-JAN-19 11:30:00,MST-7,17-JAN-19 11:30:00,0,0,2,0,0.00K,0.00K,Broadcast Media,NA,NA,NA,NA,NA,NA,NA,NA,NA,NA,NA,NA,NA,NA,NA,NA,NA,NA,NA,NA,NA,"An active weather pattern over the southern Rockies for the 2018-2019 winter season delivered the first substantial snowpack to the Sangre de Cristo Mountains in several years. At 11:30 a.m. on January 17, 2019, an inbound avalanche occurred on the K3 shoot off Kachina Peak at Taos Ski Valley, burying two male skiers. Rescue crews were able to get the two men out and began to administer CPR before they were transported down the mountain to the resort���s Mogul Medical Clinic. After an exhaustive search, Taos Ski Valley confirmed there weren���t any additional victims. One of the skiers died later that day at a hospital in Taos and the other died at the University of New Mexico Medical Center in Albuquerque several days later on January 21, 2019.","An avalanche at Taos Ski Valley at 11:30 am on January 17, 2019 took the lives of two skiers. 26-year old Matthew Zonghetti died at a hospital in Taos, NM later in the day on January 17, 2019 and 22-year old Corey Borg died at the UNM Medical Center in Albuquerque, NM on January 21, 2019.",CSV
201902,8,1300,201902,9,1300,133558,799033,WASHINGTON,53,2019,February,Avalanche,Z,507,EVERETT AND VICINITY,53507,SEW,08-FEB-19 13:00:00,PST-8,09-FEB-19 13:00:00,0,0,0,0,0.00K,0.00K,Mesonet,NA,NA,NA,NA,NA,NA,NA,NA,NA,NA,NA,NA,NA,NA,NA,NA,NA,NA,NA,NA,NA,Snow fell over all the Western Washington lowlands.  Many zones had heavy snow.,There were numerous reports of 4-7 inches.,CSV
201902,8,1300,201902,9,1300,133558,799036,WASHINGTON,53,2019,February,Avalanche,Z,559,BREMERTON AND VICINITY,53559,SEW,08-FEB-19 13:00:00,PST-8,09-FEB-19 13:00:00,0,0,0,0,0.00K,0.00K,Mesonet,NA,NA,NA,NA,NA,NA,NA,NA,NA,NA,NA,NA,NA,NA,NA,NA,NA,NA,NA,NA,NA,Snow fell over all the Western Washington lowlands.  Many zones had heavy snow.,There were numerous reports of 6-11 inches.,CSV
201902,8,1200,201902,9,1200,133558,799038,WASHINGTON,53,2019,February,Avalanche,Z,555,EAST PUGET SOUND LOWLANDS,53555,SEW,08-FEB-19 12:00:00,PST-8,09-FEB-19 12:00:00,0,0,0,0,0.00K,0.00K,Mesonet,NA,NA,NA,NA,NA,NA,NA,NA,NA,NA,NA,NA,NA,NA,NA,NA,NA,NA,NA,NA,NA,Snow fell over all the Western Washington lowlands.  Many zones had heavy snow.,There were numerous reports of 6-10 inches.,CSV
201903,3,1500,201903,3,1600,133915,801550,COLORADO,8,2019,March,Avalanche,Z,18,NORTHWESTERN SAN JUAN MOUNTAINS,08018,GJT,03-MAR-19 15:00:00,MST-7,03-MAR-19 16:00:00,0,0,1,0,0.00K,0.00K,State Official,NA,NA,NA,NA,NA,NA,NA,NA,NA,NA,NA,NA,NA,NA,NA,NA,NA,NA,NA,NA,NA,"A strong winter storm dumped 16 to 30 inches of new snow over the Southwest San Juan Mountains on top of an already unstable snowpack. A backcountry skier triggered an avalanche after diverting from the Matterhorn Nordic Trail north of Trout Lake, near Lizard Head Pass.","A backcountry skier was skiing up a mountain near the Matterhorn Nordic Trail system north of Trout Lake, near Lizard Head Pass, after a recent winter storm brought new snow in excess of 2 feet to the area. The new snow fell on top of an unstable snowpack from earlier winter storms. The avalanche was triggered by the skier going off course. It was a soft slab avalanche that broke around 300 feet wide and ran approximately 600 vertical feet. It released on a south-facing slope at around 11,250 feet. After the avalanche, the skier was buried approximately 3 feet deep and he did not survive.",CSV
201903,9,1700,201903,9,1730,133927,801603,COLORADO,8,2019,March,Avalanche,Z,12,WEST ELK AND SAWATCH MOUNTAINS,08012,GJT,09-MAR-19 17:00:00,MST-7,09-MAR-19 17:30:00,0,0,1,0,0.00K,0.00K,State Official,NA,NA,NA,NA,NA,NA,NA,NA,NA,NA,NA,NA,NA,NA,NA,NA,NA,NA,NA,NA,NA,"A strong winter storm dumped 8 to 16 inches of new snow with locally higher amounts exceeding 2 feet over the West Elk Mountains on top of an already unstable snowpack. As two people cleared snow from a low-angled roof south of Crested Butte, the snow avalanched. That same storm produced 8 to 13 inches of new snow across the Gore and Elk Mountains which resulted in a natural avalanche in Castle Creek Valley south of Aspen.","Two people were clearing snow from a low-angled roof south of Crested Butte when the snow avalanched. Both individuals were caught and buried for around 10 minutes until someone noticed the avalanche. After emergency services arrived, the first person was dug out and survived. The second person was buried more deeply and when they were located by probing, they were not breathing. The two individuals were buried for approximately 20 to 30 minutes.",CSV
201903,9,200,201903,9,500,133927,801836,COLORADO,8,2019,March,Avalanche,Z,10,GORE AND ELK MOUNTAINS/CENTRAL MOUNTAIN VALLEYS,08010,GJT,09-MAR-19 02:00:00,MST-7,09-MAR-19 05:00:00,0,0,0,0,0.00K,0.00K,Law Enforcement,NA,NA,NA,NA,NA,NA,NA,NA,NA,NA,NA,NA,NA,NA,NA,NA,NA,NA,NA,NA,NA,"A strong winter storm dumped 8 to 16 inches of new snow with locally higher amounts exceeding 2 feet over the West Elk Mountains on top of an already unstable snowpack. As two people cleared snow from a low-angled roof south of Crested Butte, the snow avalanched. That same storm produced 8 to 13 inches of new snow across the Gore and Elk Mountains which resulted in a natural avalanche in Castle Creek Valley south of Aspen.","A natural avalanche occurred in Castle Creek Valley in Pitkin County during the early morning hours on Saturday, March 9th. The avalanche was approximately 500 feet long and 12 feet deep and spilled across mile marker 4 along Castle Creek Road. One residence was damaged in the avalanche but the extent of the damage was unknown. Additionally, a power outage impacted at least 40 residences for at least a day after the avalanche occurred.",CSV
201903,13,1215,201903,13,1215,133985,802280,NEW MEXICO,35,2019,March,Avalanche,Z,513,NORTHERN SANGRE DE CRISTO MOUNTAINS ABOVE 9500 FEET/RED RIVER,35513,ABQ,13-MAR-19 12:15:00,MST-7,13-MAR-19 12:15:00,1,0,0,0,0.00K,0.00K,Newspaper,NA,NA,NA,NA,NA,NA,NA,NA,NA,NA,NA,NA,NA,NA,NA,NA,NA,NA,NA,NA,NA,"A record breaking late winter storm system moved through New Mexico on March 12-14, 2019. A deep tap of subtropical moisture surged north into the state ahead of this system on March 12th as a surface low deepened over northeastern New Mexico. Widespread showers and thunderstorms with locally heavy rainfall moved through the entire area on the 12th while heavy snow fell in the mountains above 9,000 feet. Abundant moisture and instability in place over eastern New Mexico led to the development of a large line of showers and thunderstorms with hail, damaging winds, and even a damaging EF-2 tornado in Chaves County. This was the first March tornado documented in Chaves County since 1959, and the earliest known EF-1 of stronger tornado in the state of New Mexico. Six people were injured and dozens of homes and structures were damaged or destroyed. A powerful Pacific cold front then blasted through the state on March 13th as bombogenesis took place along the Front Range of Rockies. Surface low pressure deepened over 24 millibars in 24 hours to record low values for a few sites within New Mexico and Kansas. The combination of a very intense surface pressure gradient and powerful jet stream winds aloft forced widespread strong to damaging winds across much of New Mexico. Peak wind gusts of 60 to 80 mph were common across eastern New Mexico, with sustained wind speeds between 40 and 60 mph for several hours. A large cargo train was blown off a bridge near Logan, completely destroying all 26 cars. Several high profile vehicles were also overturned on Interstate 25, Interstate 40, and U.S. Highway 285. Trees, power lines, and roofs were damaged in many other areas of the state. Snow continued to pile up in the higher terrain through the night of the 13th where storm total snowfall accumulations ranged from 20 to 40 inches.","An avalanche across from the Taos Ski Valley ski area briefly trapped a woman inside a home Wednesday afternoon, according to the ski resort���s vice president. Chris Stagg said an avalanche began on private property around 1:15 p.m. Wednesday. It crossed a few roads and trapped a woman inside her house. The woman was taken to Holy Cross Hospital in Taos and isn���t believed to have life-threatening injuries, Stagg said. He could not provide a name or age for the woman. Stagg said he suspects that people were snowboarding or skiing on the private land and possibly triggered the avalanche. Two residential roads are closed due to snow and the avalanche and the upper mountain lifts were closed Wednesday due to high winds, Stagg said. Information courtesy of the Albuquerque Journal.",CSV
201903,7,1600,201903,7,1600,133679,799967,COLORADO,8,2019,March,Avalanche,Z,34,S & SE GRAND / W CENTRAL & SW BOULDER / GILPIN / CLEAR CREEK / SUMMIT / N & W PARK COUNTIES ABOVE 9000 FEET,08034,BOU,07-MAR-19 16:00:00,MST-7,07-MAR-19 16:00:00,0,0,0,0,0.00K,0.00K,Broadcast Media,NA,NA,NA,NA,NA,NA,NA,NA,NA,NA,NA,NA,NA,NA,NA,NA,NA,NA,NA,NA,NA,"A prolonged period of heavy snowfall during the first week of March produced historic avalanche conditions across the northern and central mountains of Colorado.  Mountain highways including a large section of I-70 was closed on the 7th due to high to extreme avalanche danger.   The snow was heaviest during the overnight hours when a concentrated band of heavy snow remained stationary over a large stretch of the  Interstate 70 corridor, producing snowfall rates up to 2 inches per hour.  Storm totals included:  24 inches near Mount Zirkel; 17 inches near Loveland Pass; 15.5 inches near Berthoud Falls; 15 inches near Silverthorne; 14.5 inches near Climax; 13 inches near Cameron Pass, Glendevey, Longs Peak and Mount Audubon; 12 inches near Alma, Gould and Guanella Pass; 11 inches near Frisco; with 6 to 10 inches elsewhere.||An avalanche that ruptured a natural gas line behind the Conoco station at Copper Mountain; and several other avalanches led to the closure of I-70 in both directions between Copper Mountain and Vail.  The ruptured gas line created a power outage at the Eisenhower Tunnel.  Colorado Department of Transportation (CDOT) crews were escorting 100 vehicles through the tunnel when the outage occurred.  Interstate 70 between Silverthorne and Empire Junction was closed for about three hours in the area for avalanche mitigation.  Arapahoe Basin ski area did not open on the 7th because of high avalanche danger on nearby Loveland Pass.  The Colorado Avalanche Information Center deemed several of the backcountry zones EXTREME (5 of 5), including Vail and Summit County.  This was the first time this designation has been used since they converted to a ten-zone forecast format back in 2006. The warning comes after multiple avalanches over the previous weekend and an avalanche that has shut down Interstate 70 between Frisco and Vail early on the morning of the 7th.",An avalanche hit a portion of Interstate 70 and trapped several vehicles.  No injuries were reported.,CSV
201903,3,1600,201903,3,1600,133646,799735,COLORADO,8,2019,March,Avalanche,Z,34,S & SE GRAND / W CENTRAL & SW BOULDER / GILPIN / CLEAR CREEK / SUMMIT / N & W PARK COUNTIES ABOVE 9000 FEET,08034,BOU,03-MAR-19 16:00:00,MST-7,03-MAR-19 16:00:00,0,0,0,0,NA,0.00K,Broadcast Media,NA,NA,NA,NA,NA,NA,NA,NA,NA,NA,NA,NA,NA,NA,NA,NA,NA,NA,NA,NA,NA,"A strong westerly flow aloft ushered a prolonged period of heavy snow and strong winds into the north central mountains of Colorado.  The combination of snow and wind resulted in a high avalanche danger.  An avalanche occurred along Interstate 70 between Frisco and Copper Mountain late in the afternoon on the 3rd.  Several vehicles were trapped by the snow as it swept across the interstate.  Another avalanche occurred near the same area earlier in the day.  No injuries were reported and the vehicles were able to pull out of the snow field.  Large stretch of I-70 now closed through the mountains.  On the 5th, both directions of Interstate 70 between Herman Gulch and Silverthorne were closed for 9 hours for avalanche mitigation work.  One of the avalanches  brought down more snow than expected and covered the westbound lanes with 15 feet of snow and the eastbound lanes with 8 feet.   ||Storm totals for the 3-day event included:  35 inches at Mt Audubon; 32.5 near Mt Zirkel; 27.5 inches near Hoosier Pass, Longs Peak, Loveland Pass; 26 inches near Berthoud Falls, Climax, Glendevey and Silverthorne; 25.5 inches near Frisco; 22.5 inches near Guanella Pass; 20 inches near Cameron Pass; 19 inches at Brainard Lake; 16.5 inches near Ward; 15 inches near Alma, Eldora and Meeker Park.||In the Front Range Foothills, storm totals included:  17 inches near Estes Park; 11 inches near Georgetown and Nederland; 10 inches near Virginia Dale; 8.5 inches near Buckhorn Mountain and Glen Haven.  Along the I-25 corridor and adjacent plains, storm totals included:  8.5 inches near  Fort Collins;  8 inches near Elizabeth and Nunn;  7.5 inches near Loveland; 7 inches near Wellington; with 2 to 6 inches elsewhere.",An avalanche swept across I-70 and trapped  vehicles in several inches of snow.   No injuries or property damage was reported.,CSV
201903,27,1200,201903,27,1400,135865,815406,IDAHO,16,2019,March,Avalanche,Z,73,SUN VALLEY REGION,16073,PIH,27-MAR-19 12:00:00,MST-7,27-MAR-19 14:00:00,0,0,0,0,0.00K,0.00K,Newspaper,NA,NA,NA,NA,NA,NA,NA,NA,NA,NA,NA,NA,NA,NA,NA,NA,NA,NA,NA,NA,NA,An avalanche piled up to 3 feet on state Highway 75 and caused delays for over an hour.,An avalanche piled up to 3 feet on state Highway 75 and caused delays for over an hour.,CSV
201904,4,1145,201904,4,1445,136559,819399,WYOMING,56,2019,April,Avalanche,Z,12,TETON & GROS VENTRE MOUNTAINS,56012,RIW,04-APR-19 11:45:00,MST-7,04-APR-19 14:45:00,0,0,0,0,0.00K,0.00K,Department of Highways,NA,NA,NA,NA,NA,NA,NA,NA,NA,NA,NA,NA,NA,NA,NA,NA,NA,NA,NA,NA,NA,"An avalanche closed US 189 / 191 for around 3 hours on the afternoon of April 4th. At 1:00 pm, crews responded to an avalanche that reached the roadway. The crew also performed some avalanche mitigation work to increase safety. The roadway was then opened again at 3:45 pm.",NA,CSV
201905,21,1100,201905,22,1500,137059,822429,WYOMING,56,2019,May,Avalanche,Z,22,CASPER MOUNTAIN,56022,RIW,21-MAY-19 11:00:00,MST-7,22-MAY-19 15:00:00,0,0,0,0,0.00K,0.00K,SNOTEL,NA,NA,NA,NA,NA,NA,NA,NA,NA,NA,NA,NA,NA,NA,NA,NA,NA,NA,NA,NA,NA,"An abnormally cold low pressure system brought locally heavy snow to some of the mountains of central Wyoming. In the Bighorn Mountains, 20 inches of new snow fell at the Cloud Peak and Little Goose SNOTEL sites. At Casper Mountain, 16 inches of snow was reported.","At the Casper Mountain SNOTEL site, 16 inches of new snow was reported.",CSV
201902,13,1639,201902,14,700,134437,805538,MONTANA,30,2019,February,Avalanche,Z,4,LOWER CLARK FORK REGION,30004,MSO,13-FEB-19 16:39:00,MST-7,14-FEB-19 07:00:00,0,0,0,0,0.00K,0.00K,Department of Highways,NA,NA,NA,NA,NA,NA,NA,NA,NA,NA,NA,NA,NA,NA,NA,NA,NA,NA,NA,NA,NA,A plume of subtropical moisture overran an arctic air mass across northwest Montana leading to significant snowfall.,Heavy snowfall led to multiple avalanches on I-90 near Lookout Pass. Westbound lanes of I-90 were closed at St. Regis through the morning of the 14th as crews cleared several feet of snow off the roadway. A passenger vehicle was partially buried by the avalanche and the driver had to be rescued.,CSV
201902,19,1000,201902,19,1015,133425,798371,COLORADO,8,2019,February,Avalanche,Z,18,NORTHWESTERN SAN JUAN MOUNTAINS,08018,GJT,19-FEB-19 10:00:00,MST-7,19-FEB-19 10:15:00,0,0,1,0,0.00K,0.00K,State Official,NA,NA,NA,NA,NA,NA,NA,NA,NA,NA,NA,NA,NA,NA,NA,NA,NA,NA,NA,NA,NA,"A large avalanche released in the Temptation area in the Bear Creek drainage as a back country skier was skinning up the slopes. This avalanche occurred near the town of Telluride, Colorado.","A large avalanche released in the Temptation area in the Bear Creek drainage as a back country skier was skinning up the slopes. The skier was caught in the avalanche and buried under several feet of snow. The avalanche broke around 75 feet on an east-facing slope at an elevation of approximately 11,800 feet. It ran 2000 vertical feet to the valley floor. It deposited debris approximately 1000 feet long, 100 feet wide and 30 feet deep.",CSV
201902,16,830,201902,16,900,133423,798364,COLORADO,8,2019,February,Avalanche,Z,12,WEST ELK AND SAWATCH MOUNTAINS,08012,GJT,16-FEB-19 08:30:00,MST-7,16-FEB-19 09:00:00,0,0,2,0,0.00K,0.00K,State Official,NA,NA,NA,NA,NA,NA,NA,NA,NA,NA,NA,NA,NA,NA,NA,NA,NA,NA,NA,NA,NA,A strong winter storm dropped 1 to 2 feet of new snow across the Central Mountains in Western Colorado on top of an unstable early winter snow pack. Back country skiers triggered an avalanche as they were breaking trail along a steep slope in an area known as Death Pass near Crested Butte.,A pair of back country skiers were skinning up a steep mountain after a recent winter storm brought 1 to 2 feet of new snow to the area. The new snow fell on top of an unstable snow pack from earlier winter storms. The skiers were apparently together in the middle of the slope when the avalanche released. They were carried down an open 37 degree slope and were buried in approximately five feet of snow and debris.  Neither skier survived.,CSV
201903,23,1030,201903,23,1031,138215,831053,CALIFORNIA,6,2019,March,Avalanche,Z,73,MONO,06073,REV,23-MAR-19 10:30:00,PST-8,23-MAR-19 10:31:00,1,0,0,0,NA,NA,Park/Forest Service,NA,NA,NA,NA,NA,NA,NA,NA,NA,NA,NA,NA,NA,NA,NA,NA,NA,NA,NA,NA,NA,"A relatively quick moving area of low pressure impacted Central and Northern California the 22nd into the 23rd, which brought mountain snow and valley rain to the Sierra Nevada.","According to the Eastern Sierra Avalanche Center, a full course slab avalanche was accidentally triggered on a 40 degree slope by two snow travelers who were utilizing splitboards to travel in the Ripper Chute on the Dana Plateau at an elevation of 11600 feet MSL (above treeline on the northeast aspect of Mount Dana) at approximately 23 March 1030PST. One snow traveler was able to self-arrest, while the climber 10 feet below was swept the entire course of the couloir. The lower climber sustained minor injuries and was able to walk/glissade on a shovel out to the trailhead. Technical details of the avalanche were as follows. The weak layer was storm snow. The bed surface was old snow. The crown height of the avalanche was 2 feet. The avalanche average length and width were 1000 feet and 20 feet, respectively. The avalanche was estimated to be a D2 in destructive size (could bury, injure, or kill a person) and an R3 in relative size (medium, relative to the path). According to the report, there was precipitation in the form of snow with less than a 1 in per hour accumulation rate. Overcast skies, bad visibility, and blowing snow with strong southeast winds were also observed.",CSV
201902,6,600,201902,6,600,134867,809077,ARIZONA,4,2019,February,Avalanche,Z,15,WESTERN MOGOLLON RIM,04015,FGZ,06-FEB-19 06:00:00,MST-7,06-FEB-19 06:00:00,0,0,0,0,0.00K,0.00K,Public,NA,NA,NA,NA,NA,NA,NA,NA,NA,NA,NA,NA,NA,NA,NA,NA,NA,NA,NA,NA,NA,A strong cold front brought heavy snow to parts of northern Arizona above 6000 feet.,There was a naturally caused avalanche in Snowslide Canyon in the San Francisco Peaks (also called Kachina Peaks Wilderness Area--just north of Flagstaff) during the February 5-6 storm cycle. The time was estimated.,CSV
201910,27,1003,201910,27,1213,143073,858359,ARIZONA,4,2019,October,Avalanche,Z,12,LITTLE COLORADO RIVER VALLEY IN COCONINO COUNTY,04012,FGZ,27-OCT-19 10:03:00,MST-7,27-OCT-19 12:13:00,0,0,0,0,0.00K,0.00K,RAWS,NA,NA,NA,NA,NA,NA,NA,NA,NA,NA,NA,NA,NA,NA,NA,NA,NA,NA,NA,NA,NA,A cold front approaching northern Arizona brought strong winds to the area.,The ADOT wind sensor at Two Guns reported sustained winds above 40 MPH from 1003 AM to 1213 PM MST.  Wind gusts over 58 MPH were reported from 1053 AM to 1115 AM. The peak wind gust of 63 MPH was reported at 1113 AM MST.,CSV
201904,8,1340,201904,8,1800,136712,820159,IDAHO,16,2019,April,Avalanche,Z,73,SUN VALLEY REGION,16073,PIH,08-APR-19 13:40:00,MST-7,08-APR-19 18:00:00,0,0,0,0,200.00K,0.00K,Park/Forest Service,NA,NA,NA,NA,NA,NA,NA,NA,NA,NA,NA,NA,NA,NA,NA,NA,NA,NA,NA,NA,NA,"Multiple avalanches occurred near Ketchum on April 8th.   The first one was around 2:30 PM and severely damaged two homes believed to be unoccupied on Warm Springs Road west of Ketchum.   It was a large wet slab avalanche.   The total assessed value of the damaged homes was approximately $200,000.   A second avalanche in the same location occurred at around 6:45 PM but no houses, or vehicles were involved.","Multiple avalanches occurred near Ketchum on April 8th.   The first one was around 2:30 PM and severely damaged two homes believed to be unoccupied on Warm Springs Road west of Ketchum.   It was a large wet slab avalanche.   The total assessed value of the damaged homes was approximately $200,000.   A second avalanche in the same location occurred at around 6:45 PM but no houses, or vehicles were involved.",CSV
201910,28,0,201910,30,2359,143380,860213,WYOMING,56,2019,October,Avalanche,Z,20,NATRONA COUNTY LOWER ELEVATIONS,56020,RIW,28-OCT-19 00:00:00,MST-7,30-OCT-19 23:59:00,0,0,0,0,0.00K,0.00K,ASOS,NA,NA,NA,NA,NA,NA,NA,NA,NA,NA,NA,NA,NA,NA,NA,NA,NA,NA,NA,NA,NA,"An arctic front dropped southward across Wyoming and brought in an unusually cold air mass. The result was many records were broken. The locations that saw monthly record low temperatures broken included Casper, Riverton and Lander, Wyoming. The coldest temperatures occurred in the morning of October 30th. The most impressive was at Big Piney, Wyoming, where a combination of a clear sky, fresh snow cover and light winds resulted in a low of minus 26, which broke the record by 29 degrees. Note: All low temperatures in events occurred in the morning of October 30th.","Very cold temperatures occurred through much of Natrona County. Some of the coldest temperatures included minus 20 west of Alcova, Wyoming and minus 15 at Evansville, Wyoming. At the Casper, Wyoming airport, the low of minus 9 on the morning of October 30th was the coldest temperatures ever recorded at the Casper, Wyoming airport, breaking the old record of minus 3 set in 1971.",CSV
201910,28,0,201910,30,2359,143380,860219,WYOMING,56,2019,October,Avalanche,Z,30,EAST SWEETWATER COUNTY,56030,RIW,28-OCT-19 00:00:00,MST-7,30-OCT-19 23:59:00,0,0,0,0,0.00K,0.00K,ASOS,NA,NA,NA,NA,NA,NA,NA,NA,NA,NA,NA,NA,NA,NA,NA,NA,NA,NA,NA,NA,NA,"An arctic front dropped southward across Wyoming and brought in an unusually cold air mass. The result was many records were broken. The locations that saw monthly record low temperatures broken included Casper, Riverton and Lander, Wyoming. The coldest temperatures occurred in the morning of October 30th. The most impressive was at Big Piney, Wyoming, where a combination of a clear sky, fresh snow cover and light winds resulted in a low of minus 26, which broke the record by 29 degrees. Note: All low temperatures in events occurred in the morning of October 30th.","Extremely cold temperatures occurred in eastern Sweetwater County. At the Rock Springs, Wyoming Airport, the low temperatures of minus 9 on October 30th set the all time October record low. The old record was 3 degrees in 1991.",CSV
201904,1,1500,201904,1,1700,136895,821593,CALIFORNIA,6,2019,April,Avalanche,Z,69,WEST SLOPE NORTHERN SIERRA NEVADA,06069,STO,01-APR-19 15:00:00,PST-8,01-APR-19 17:00:00,0,0,0,0,0.00K,0.00K,Newspaper,NA,NA,NA,NA,NA,NA,NA,NA,NA,NA,NA,NA,NA,NA,NA,NA,NA,NA,NA,NA,NA,"Redeveloping thunderstorms brought road flooding and a minor debris flow from heavy rain, An avalanche closed Highway 50 at Echo Summit. Up to 3 inches of snow fell in the Sierra.","Caltrans reported the closure is between Echo Summit and Chiapa Road in nearby Meyers,  reopening at 5 p.m. PST.",CSV
201912,8,1315,201912,8,1315,144790,869527,COLORADO,8,2019,December,Avalanche,Z,33,S & E JACKSON / LARIMER / N & NE GRAND / NW BOULDER COUNTIES ABOVE 9000 FEET,08033,BOU,08-DEC-19 13:15:00,MST-7,08-DEC-19 13:15:00,0,0,1,0,0.00K,0.00K,State Official,NA,NA,NA,NA,NA,NA,NA,NA,NA,NA,NA,NA,NA,NA,NA,NA,NA,NA,NA,NA,NA,"A 29-year-old backcountry skier died after she was caught up in an avalanche near Cameron Pass.  The woman was with another skier on south Diamond Peak when the avalanche was triggered.  The skier triggered the avalanche approximately midway through her descent near the center of a steep wind-loaded gully. The avalanche started on a northeast-facing slope at around 11,200 feet. It broke above the skier and although she managed to stay on her skis, she was swept down the gully and buried on a flat bench in the runout zone.  The victim was not breathing after the avalanche.  She was declared deceased at the scene, and her body was recovered from the mountain-side.  The avalanche was described as 2 to 3 feet deep, very wide, and running close to 500 feet vertically, according to the Colorado Avalanche Information Center.  The south Diamond Peak incident marked the first avalanche death of the season in Colorado.",A backcountry skier died after she was caught up in an avalanche.,CSV
201911,30,200,201911,30,200,143135,860812,ARIZONA,4,2019,November,Avalanche,Z,15,WESTERN MOGOLLON RIM,04015,FGZ,30-NOV-19 02:00:00,MST-7,30-NOV-19 02:00:00,0,0,0,0,0.00K,0.00K,Public,NA,NA,NA,NA,NA,NA,NA,NA,NA,NA,NA,NA,NA,NA,NA,NA,NA,NA,NA,NA,NA,"A very large are of low pressure brought wind, rain, and snow to northern Arizona Thanksgiving day and Black Friday. Strong southerly winds brought very moist air over Arizona with rising snow levels. Heavy rain fell below around 7500 through much of Thanksgiving Day with lowing snow levels the night of November 29th into the 30th with the passage of a cold front. Snowfall was eventually reported at the bottom of The Grand Canyon. Significant snow was reported as well as increased flows in lower elevations creeks and rivers.","Avalanche debris were seen from two different natural avalanches at around 11,700 feet in the San Francisco Peaks in the Kachina Peaks Wilderness about 13 miles north of the Flagstaff Airport.  The sides were on the north-northeasterly aspects.",CSV
201902,15,1300,201902,15,1600,135171,810256,IDAHO,16,2019,February,Avalanche,Z,73,SUN VALLEY REGION,16073,PIH,15-FEB-19 13:00:00,MST-7,15-FEB-19 16:00:00,0,0,0,0,5.00K,0.00K,Broadcast Media,NA,NA,NA,NA,NA,NA,NA,NA,NA,NA,NA,NA,NA,NA,NA,NA,NA,NA,NA,NA,NA,An avalanche two miles north of Ketchum nearly buried a house.   It shattered all windows and made it inside the home.  No serious injuries occurred.,An avalanche two miles north of Ketchum nearly buried a house.   It shattered all windows and made it inside the home.  No serious injuries occurred.,CSV
201902,20,1500,201902,20,1800,135176,810284,IDAHO,16,2019,February,Avalanche,Z,72,SAWTOOTH-STANLEY BASIN,16072,PIH,20-FEB-19 15:00:00,MST-7,20-FEB-19 18:00:00,0,0,0,0,0.00K,0.00K,Department of Highways,NA,NA,NA,NA,NA,NA,NA,NA,NA,NA,NA,NA,NA,NA,NA,NA,NA,NA,NA,NA,NA,Highway 75 closed on the afternoon of the 20th due to an avalanche which closed the road from Galena Summit to Smiley Creek.,Highway 75 closed on the afternoon of the 20th due to an avalanche which closed the road from Galena Summit to Smiley Creek.,CSV
201902,20,1500,201902,20,1800,135176,810285,IDAHO,16,2019,February,Avalanche,Z,73,SUN VALLEY REGION,16073,PIH,20-FEB-19 15:00:00,MST-7,20-FEB-19 18:00:00,0,0,0,0,0.00K,0.00K,Department of Highways,NA,NA,NA,NA,NA,NA,NA,NA,NA,NA,NA,NA,NA,NA,NA,NA,NA,NA,NA,NA,NA,Highway 75 closed on the afternoon of the 20th due to an avalanche which closed the road from Galena Summit to Smiley Creek.,Highway 75 closed on the afternoon of the 20th due to an avalanche which closed the road from Galena Summit to Smiley Creek.,CSV
201901,18,2000,201901,18,2000,134214,803789,UTAH,49,2019,January,Avalanche,Z,10,WASATCH PLATEAU/BOOK CLIFFS,49010,SLC,18-JAN-19 20:00:00,MST-7,18-JAN-19 20:00:00,0,0,0,0,0.00K,0.00K,Other Federal Agency,NA,NA,NA,NA,NA,NA,NA,NA,NA,NA,NA,NA,NA,NA,NA,NA,NA,NA,NA,NA,NA,Two skiers near Electric Lake triggered an avalanche and one of them was killed in the accident.,"Two skiers were skiing near Electric Lake in the late afternoon of January 18. A 500 feet wide avalanche was triggered and one skier was caught. The second skier made it to the bottom of the slope and discovered the avalanche once at the bottom of the slope. The skier searched through the avalanche debris, but was unable to find the trapped skier. Emery and Sanpete County search and rescue crews discovered the trapped skier approximately 16 hours later under approximately 3 feet of snow.  The skier was pronounced dead at the scene.",CSV
201902,25,2230,201902,25,2300,135213,810645,IDAHO,16,2019,February,Avalanche,Z,73,SUN VALLEY REGION,16073,PIH,25-FEB-19 22:30:00,MST-7,25-FEB-19 23:00:00,0,0,0,0,0.00K,0.00K,Emergency Manager,NA,NA,NA,NA,NA,NA,NA,NA,NA,NA,NA,NA,NA,NA,NA,NA,NA,NA,NA,NA,NA,An extended atmospheric river event occurred for an entire week.   Extremely heavy snow fell in the mountains with amounts at SNOTEL sites reaching as high as 5 to 8 feet for the week.  Many roads closed through the mountains.   Schools closed and some sheet flooding began mainly in Bingham and Minidoka counties where temperatures warmed significantly.  Avalanches also occurred in the central mountains with the heavy snowfall accompanied with warmer temperatures.  The storm wrapped up a month of record snowfall in the Upper Snake Highlands where the Island Park COOP observer recorded over 100 inches for the month.,A residence between Ketchum and Hailey was hit by an avalanche at 1056 PM MST on the 25th.  The home sustained moderate damage and the debris temporarily halted the flow of the Big Wood River.,CSV
201902,26,1000,201902,26,1200,135213,810647,IDAHO,16,2019,February,Avalanche,Z,73,SUN VALLEY REGION,16073,PIH,26-FEB-19 10:00:00,MST-7,26-FEB-19 12:00:00,0,0,0,0,0.00K,0.00K,Department of Highways,NA,NA,NA,NA,NA,NA,NA,NA,NA,NA,NA,NA,NA,NA,NA,NA,NA,NA,NA,NA,NA,An extended atmospheric river event occurred for an entire week.   Extremely heavy snow fell in the mountains with amounts at SNOTEL sites reaching as high as 5 to 8 feet for the week.  Many roads closed through the mountains.   Schools closed and some sheet flooding began mainly in Bingham and Minidoka counties where temperatures warmed significantly.  Avalanches also occurred in the central mountains with the heavy snowfall accompanied with warmer temperatures.  The storm wrapped up a month of record snowfall in the Upper Snake Highlands where the Island Park COOP observer recorded over 100 inches for the month.,An avalanche south of Galena Summit closed Highway 75 from Galena Summit north through Stanley for several hours.,CSV
201912,15,1200,201912,15,1200,144765,869336,UTAH,49,2019,December,Avalanche,Z,8,WASATCH MOUNTAINS SOUTH OF I-80,49008,SLC,15-DEC-19 12:00:00,MST-7,15-DEC-19 12:00:00,0,0,1,0,0.00K,0.00K,Park/Forest Service,NA,NA,NA,NA,NA,NA,NA,NA,NA,NA,NA,NA,NA,NA,NA,NA,NA,NA,NA,NA,NA,"A snowboarder was caught, carried, and killed by an avalanche in Dutch Draw on the Park City Ridgeline.","A 45-year-old male snowboarder was caught, carried, and killed in an avalanche in Dutch Draw along the Park City Ridgeline. The avalanche ran about 460 vertical feet over a distance of 700 feet, and the snowboarder was carried about 400 vertical feet over a distance of 600 feet at speeds up to 45 mph. The snowboarder was buried up to 3 feet deep for an estimated 35 minutes.",CSV
202002,15,1445,202002,15,1500,145015,870789,COLORADO,8,2020,February,Avalanche,Z,13,FLATTOP MOUNTAINS,08013,GJT,15-FEB-20 14:45:00,MST-7,15-FEB-20 15:00:00,1,0,2,0,0.00K,0.00K,State Official,NA,NA,NA,NA,NA,NA,NA,NA,NA,NA,NA,NA,NA,NA,NA,NA,NA,NA,NA,NA,NA,"After a week of heavy, wind blown snow across the Central Colorado Rockies where up to four feet of snow had fallen, back country recreationists unintentionally triggered a hard slab avalanche while riding motorized snow-bikes.","A hard slab avalanche was unintentionally triggered by 3 motorized snow-bikers following a week of heavy, wind blown snow in the South Fork of Dickson Creek, east of Red and White Mountain. The avalanche was 3 to 4 feet in depth, 600 feet wide and debris ran for about 300 vertical feet. The avalanche was described a medium-sized and produced enough force to injure, bury, or kill a person. All 3 of the snow-bikers were trapped or partially buried. Only 1 survived.",CSV
202001,15,1340,202001,15,1500,145517,873776,IDAHO,16,2020,January,Avalanche,Z,73,SUN VALLEY REGION,16073,PIH,15-JAN-20 13:40:00,MST-7,15-JAN-20 15:00:00,0,0,1,0,0.00K,0.00K,Park/Forest Service,NA,NA,NA,NA,NA,NA,NA,NA,NA,NA,NA,NA,NA,NA,NA,NA,NA,NA,NA,NA,NA,"An avalanche in the Baker Creek area in Blaine County killed a 50 year old man of Jerome Idaho.   Two snowmobliers were caught in the avalanche at about 9,000 feet in elevation and only one survived.","An avalanche in the Baker Creek area in Blaine County killed a 50 year old man of Jerome Idaho.   Two snowmobliers were caught in the avalanche at about 9,000 feet in elevation and only one survived.",CSV
202001,18,1045,202001,18,1100,144320,866243,COLORADO,8,2020,January,Avalanche,Z,18,NORTHWESTERN SAN JUAN MOUNTAINS,08018,GJT,18-JAN-20 10:45:00,MST-7,18-JAN-20 11:00:00,0,0,1,0,0.00K,0.00K,State Official,NA,NA,NA,NA,NA,NA,NA,NA,NA,NA,NA,NA,NA,NA,NA,NA,NA,NA,NA,NA,NA,"An avalanche was triggered by falling ice that broke away from a large ice pillar. The snow and ice fell over a cliff, picking up more loose snow on the slope below.","A mix of broken ice and snow fell over a cliff and picked up additional loose snow before stopping in Red Mountain Creek. A photographer (participant in a guided back-country tour) was struck by the falling ice and snow and buried, resulting in a fatality.",CSV
202003,9,1800,202003,9,2100,145160,871648,ALASKA,2,2020,March,Avalanche,Z,111,MATANUSKA VALLEY,02111,AFC,09-MAR-20 18:00:00,AKST-9,09-MAR-20 21:00:00,0,0,1,0,0.00K,0.00K,Social Media,NA,NA,NA,NA,NA,NA,NA,NA,NA,NA,NA,NA,NA,NA,NA,NA,NA,NA,NA,NA,NA,"High pressure over the Interior brought a dome of cold air south of the Alaska Range, while a low pressure system in the northern Gulf brought several waves of moisture onshore. These two factors combined to deposit 14 inches of snow in Hatcher Pass. Although the snowfall was not unusual, it placed increased stress on a weak layer in the snow pack from earlier in the season, thus increasing the avalanche danger.","Hatcher Pass Avalanche Center reported an avalanche on Mile 16 of Palmer Fishhook Rd. A 17 year old snowboarder was rescued, but later perished at the hospital.",CSV
202003,15,1245,202003,15,1400,146668,881590,IDAHO,16,2020,March,Avalanche,Z,58,MARSH AND ARBON HIGHLANDS,16058,PIH,15-MAR-20 12:45:00,MST-7,15-MAR-20 14:00:00,0,0,1,0,0.00K,0.00K,Broadcast Media,NA,NA,NA,NA,NA,NA,NA,NA,NA,NA,NA,NA,NA,NA,NA,NA,NA,NA,NA,NA,NA,"A 300 yard avalanche which was 6 to 7 feet caused the death of a man at Pebble Creek Ski Resort on March 15th.   He was skiing at an out-of-bounds run near the north boundary of the ski area when he was trapped under snow without a beacon to aid ski patrol.   The avalanche was believed to be caused by heavy, wet snow at high elevations of the ski resort.","A 300 yard avalanche which was 6 to 7 feet caused the death of a man at Pebble Creek Ski Resort on March 15th.   He was skiing at an out-of-bounds run near the north boundary of the ski area when he was trapped under snow without a beacon to aid ski patrol.   The avalanche was believed to be caused by heavy, wet snow at high elevations of the ski resort.",CSV
202004,1,1300,202004,1,1700,147847,890139,IDAHO,16,2020,April,Avalanche,Z,64,BIG HOLE MOUNTAINS,16064,PIH,01-APR-20 13:00:00,MST-7,01-APR-20 17:00:00,0,0,1,0,0.00K,0.00K,Newspaper,NA,NA,NA,NA,NA,NA,NA,NA,NA,NA,NA,NA,NA,NA,NA,NA,NA,NA,NA,NA,NA,A 28 year old man was killed snowboarding in a back country avalanche near Taylor Mountain and Teton Pass during the afternoon of April 1st.   His rescue beacon was turned off.,A 28 year old man was killed snowboarding in a back country avalanche near Taylor Mountain and Teton Pass during the afternoon of April 1st.   His rescue beacon was turned off.,CSV
202004,3,1600,202004,3,1800,147848,890140,IDAHO,16,2020,April,Avalanche,Z,64,BIG HOLE MOUNTAINS,16064,PIH,03-APR-20 16:00:00,MST-7,03-APR-20 18:00:00,0,0,1,0,0.00K,0.00K,Fire Department/Rescue,NA,NA,NA,NA,NA,NA,NA,NA,NA,NA,NA,NA,NA,NA,NA,NA,NA,NA,NA,NA,NA,A 46 year old back country snowmobiler was killed in an avalanche during the afternoon of April 3rd.   It occurred in the Austin Canyon area north of Mount Baird and Palisades Reservoir.  The individual was wearing a rescue beacon but it was not activated.,A 46 year old back country snowmobiler was killed in an avalanche during the afternoon of April 3rd.   It occurred in the Austin Canyon area north of Mount Baird and Palisades Reservoir.  The individual was wearing a rescue beacon but it was not activated.,CSV
202004,28,1045,202004,28,1055,146611,881161,COLORADO,8,2020,April,Avalanche,Z,12,WEST ELK AND SAWATCH MOUNTAINS,08012,GJT,28-APR-20 10:45:00,MST-7,28-APR-20 10:55:00,0,0,1,0,0.00K,0.00K,State Official,NA,NA,NA,NA,NA,NA,NA,NA,NA,NA,NA,NA,NA,NA,NA,NA,NA,NA,NA,NA,NA,"A series of mid-April snowstorms dropped up to a foot of snow near Crested Butte, Colorado. From April 23 to 27, temperatures warmed above freezing during the day and dropped back below freezing at night with some melting of the snowpack. Weak layers underneath the new snowpack and the warmer temperatures resulted in unstable conditions. Backcountry skiers unintentionally triggered an avalanche along a 42�� north-northeast facing slope with scattered tree cover.","The avalanche began as a wet-loose avalanche triggered by a backcountry skier. The wet-loose avalanche was only a few inches deep, and spread to 150 feet wide at the widest point. The avalanche carried the skier downhill and over a cliff, triggering a second wet-loose avalanche that eventually pinned the skier against trees resulting in a fatality.",CSV
202001,23,1745,202001,23,1750,145058,871138,WASHINGTON,53,2020,January,Avalanche,Z,42,EAST SLOPES NORTHERN CASCADES,53042,OTX,23-JAN-20 17:45:00,PST-8,23-JAN-20 17:50:00,0,0,1,0,0.00K,0.00K,Law Enforcement,NA,NA,NA,NA,NA,NA,NA,NA,NA,NA,NA,NA,NA,NA,NA,NA,NA,NA,NA,NA,NA,"A series of storm systems, each following 12-24 hours in succession during the previous week lead to heavy snow loading on the roof of a forest service building near Blewett Pass in the East Slopes of the Cascades.  The most recent storms were relatively warm and came on the heels of heavy snowfall. This increased the potential for avalanches. On January 23rd, snow fell off the roof of the US Forest Service building and buried an employee. Emergency officials were unable to revive her.","On January 23rd, near Blewett Pass, snow slid off the roof of a US Forest Service building onto an employee, burying her. Emergency officials were unable to revive her. Five inches of snow fell in the area on January 23. At the time of the avalanche, an estimated 28 inches of snow depth was reported at Blewett Pass, and 34 inches at the nearby Grouse Camp SNOTEL.",CSV
202001,7,1130,202001,7,1140,145006,870754,IDAHO,16,2020,January,Avalanche,Z,4,CENTRAL PANHANDLE MOUNTAINS,16004,OTX,07-JAN-20 11:30:00,PST-8,07-JAN-20 11:40:00,2,0,3,0,0.00K,0.00K,Broadcast Media,NA,NA,NA,NA,NA,NA,NA,NA,NA,NA,NA,NA,NA,NA,NA,NA,NA,NA,NA,NA,NA,"On the morning of January 7th an avalanche occurred at the Silver Mountain Ski Resort near Kellogg, Idaho.  Three skiers died and two others were fully buried but were pulled alive from the snow. The avalanche occurred on a portion of the ski slope that was previously closed due to heavy snow loading on the slope. The resort reported 25 inches of snow fell over the mountain in the previous 48 hours.",Broadcast media reported an Avalanche at the Silver Mountain Ski Resort.,CSV
202001,1,1400,202001,1,1405,144435,866919,MONTANA,30,2020,January,Avalanche,Z,43,POTOMAC / SEELEY LAKE REGION,30043,MSO,01-JAN-20 14:00:00,MST-7,01-JAN-20 14:05:00,0,0,2,0,0.00K,0.00K,Park/Forest Service,NA,NA,NA,NA,NA,NA,NA,NA,NA,NA,NA,NA,NA,NA,NA,NA,NA,NA,NA,NA,NA,Heavy snow and wind loading on weak snow layers New Year's Eve day led to an unstable snowpack to begin the New Year.,"Three snowmobilers were involved in an avalanche approximately 1 mile northwest of Lake Dinah, or about 12 miles northwest of Seeley Lake. The riders were caught and carried a short distance; two were fully buried, and one extricated himself after being separated from his snowmobile. The dimensions of the avalanche were 560 feet long, 100 feet wide, and an average of 6 feet deep. The two riders who were fully buried could not be saved, thus two fatalities occurred as a result of the avalanche.",CSV
202001,18,1300,202001,18,1300,144768,869337,UTAH,49,2020,January,Avalanche,Z,7,WASATCH MOUNTAINS I-80 NORTH,49007,SLC,18-JAN-20 13:00:00,MST-7,18-JAN-20 13:00:00,0,0,1,0,0.00K,0.00K,Park/Forest Service,NA,NA,NA,NA,NA,NA,NA,NA,NA,NA,NA,NA,NA,NA,NA,NA,NA,NA,NA,NA,NA,"An 18-year-old male was caught, carried, and killed in an avalanche in Farmington Canyon.","An 18-year-old male was snowmobiling when he was caught, carried, and killed in an avalanche in Farmington Canyon. He was buried at a depth of 11 feet, which made rescue efforts difficult, and it took rescuers 50 minutes to reach his airway, and another 20 minutes to fully extricate him from the snow.",CSV
202004,15,1300,202004,15,1300,145946,877048,COLORADO,8,2020,April,Avalanche,Z,34,S & SE GRAND / W CENTRAL & SW BOULDER / GILPIN / CLEAR CREEK / SUMMIT / N & W PARK COUNTIES ABOVE 9000 FEET,08034,BOU,15-APR-20 13:00:00,MST-7,15-APR-20 13:00:00,0,0,1,0,0.00K,0.00K,State Official,NA,NA,NA,NA,NA,NA,NA,NA,NA,NA,NA,NA,NA,NA,NA,NA,NA,NA,NA,NA,NA,"A potent storm system dropped out of the northern Rockies and produced moderate to heavy snow over portions of the mountains, foothills and plains.  The heaviest snow fell in and near the foothills north of Interstate 70, and across the plains north of I-76.  One backcountry skier was killed by an avalanche near Red Peak, in the Gore Range west of Silverthorne.||In the mountains and foothills, storm totals included:  30 inches near Jamestown; 27 inches near Nederland; 22 inches near Allenspark; 21 inches near St Mary's Glacier; 18 inches in Estes Park, 16 inches near Crescent Village and Deer Ridge; 15.5 inches near Aspen Springs, 15 inches near Pinecliffe; 12 inches near Berthoud and Genesee; 11.5 inches, 9 miles west-southwest of Rustic, with 4 to 10 inches across the north central mountains and the remainder of the foothills.  ||Along the urban corridor and adjacent plains, the heaviest snowfall occurred across southeast Larimer, eastern Boulder, northeast Jefferson and central Weld Counties. Storm totals included:  16.9 inches in Boulder, which helped to establish a new seasonal snowfall record for the city;  14.5 inches in Niwot;  14 inches in Ft. Collins; 13.5 inches in Frederick; 13 inches in Broomfield, 12 inches in Lafayette and near Longmont; 10.5 inches in northwest Arvada, with 10 inches in Erie, Louisville, and Westminster.  ||Across the rest of the urban corridor and northeast plains, storm totals included:  8 inches in Iliff and near Windsor; 7.5 inches near Akron; 7 inches in Brighton; 6.5 inches in Edgewater and Northglenn; 5.5 inches in Greeley and 7 miles northwest of Purcell; with 2 to 5 inches elsewhere.","A group of three backcountry skiers were involved in an avalanche near Red Peak in the Gore Range, west of the town of Silverthorne. The group ascended to the east summit of Red Peak (point 12,885'). They began their descent of a couloir on the north side of point 12,885'. During the descent they triggered a small avalanche. The avalanche swept one of the riders through the couloir and to the valley below.",CSV
202002,6,1200,202002,6,2100,146131,878014,IDAHO,16,2020,February,Avalanche,Z,61,BEAR LAKE VALLEY,16061,PIH,06-FEB-20 12:00:00,MST-7,06-FEB-20 21:00:00,0,0,0,0,0.00K,0.00K,Department of Highways,NA,NA,NA,NA,NA,NA,NA,NA,NA,NA,NA,NA,NA,NA,NA,NA,NA,NA,NA,NA,NA,Another strong Pacific storm system brought hazardous travel weather to eastern Idaho in the first week of February. Heavy snow fell along with an extended period of freezing rain in the Lower Snake River Plain overnight on the 5th into the 6th. Several high elevation sites received over a foot of snow with some school closures on the 6th in the region.,An avalanche closed US Route 89 from Montepelier to Geneva on the afternoon of the 6th to remove snow.,CSV
202002,25,1730,202002,25,1900,145159,871644,ALASKA,2,2020,February,Avalanche,Z,185,EASTERN ALEUTIANS,02185,AFC,25-FEB-20 17:30:00,AKST-9,25-FEB-20 19:00:00,0,0,1,0,0.00K,0.00K,Newspaper,NA,NA,NA,NA,NA,NA,NA,NA,NA,NA,NA,NA,NA,NA,NA,NA,NA,NA,NA,NA,NA,Placeholder...needs editing before certification.,Anchorage Daily News reported the avalanche death of a snowmobiler on Unalaska Island. The avalanche was noticed around 5:30 p.m. and Search and Rescue was called since the victim was known to be in the area.,CSV
202002,10,1520,202002,10,1820,145014,871646,ALASKA,2,2020,February,Avalanche,Z,121,KENAI PENINSULA,02121,AFC,10-FEB-20 15:20:00,AKST-9,10-FEB-20 18:20:00,0,0,1,0,0.00K,0.00K,Newspaper,NA,NA,NA,NA,NA,NA,NA,NA,NA,NA,NA,NA,NA,NA,NA,NA,NA,NA,NA,NA,NA,"A chain of storms developed in the North Pacific and moved northward along the Alaska Peninsula. The successive storms brought cold air behind them, which caused high winds through the Aleutians, blizzards along the west coast, and wind and blizzards in Southcentral.","A snowmobiler was buried in an avalanche south of Cooper Landing, Alaska. Heavy snow and strong winds in the preceding days contributed to high avalanche danger.",CSV
202001,17,1100,202001,17,1100,147623,901386,CALIFORNIA,6,2020,January,Avalanche,Z,72,GREATER LAKE TAHOE AREA,06072,REV,17-JAN-20 11:00:00,PST-8,17-JAN-20 11:00:00,1,0,1,0,NA,NA,Public,NA,NA,NA,NA,NA,NA,NA,NA,NA,NA,NA,NA,NA,NA,NA,NA,NA,NA,NA,NA,NA,"A stronger storm system moved across the Sierra Nevada mainly on the 16th, with lighter snow showers and icy roads lingering into the morning of the 17th. This storm produced strong winds, but it also produced more significant precipitation that previous storms, mainly as snow.",A large avalanche occurred between the Scott Chute and the Promised Land at Alpine Meadows Resort. 2 individuals were involved with one fatal injury with the other skier having severe lower-body injuries. A strong winter storm had hit in the previous 12-24 hours with 25 inches at the summit and over 15 inches at the base. Weather was mostly cloudy with high clouds at the time of the avalanche and light winds.,CSV
202001,17,1100,202001,17,1100,147623,901387,CALIFORNIA,6,2020,January,Avalanche,Z,72,GREATER LAKE TAHOE AREA,06072,REV,17-JAN-20 11:00:00,PST-8,17-JAN-20 11:00:00,1,0,0,0,NA,NA,Park/Forest Service,NA,NA,NA,NA,NA,NA,NA,NA,NA,NA,NA,NA,NA,NA,NA,NA,NA,NA,NA,NA,NA,"A stronger storm system moved across the Sierra Nevada mainly on the 16th, with lighter snow showers and icy roads lingering into the morning of the 17th. This storm produced strong winds, but it also produced more significant precipitation that previous storms, mainly as snow.",The Sierra Avalanche Center reported a full burial slab avalanche along the north side of Independence Lake. One skier of three triggered the slab avalanche about 40 feet from the crown line. The crown size varied from 10 to 48 inches and went about 100 feet wide. The slide went from an elevation of about 8400 feet MSL down to 7400 feet MSL. The skier tried to ski out at a fast 45 degrees to the left but was immediately buried. This person was buried for a total of 45 minutes. The skier's only injuries were some bruising and a small cut. The two other skiers were left unscathed about 200 feet from the bottom edge of the avalanche.,CSV
202008,25,1736,202008,25,1814,152097,915934,WYOMING,56,2020,August,Avalanche,Z,15,WIND RIVER MOUNTAINS EAST,56015,RIW,25-AUG-20 17:36:00,MST-7,25-AUG-20 18:14:00,0,0,0,0,0.00K,0.00K,Mesonet,NA,NA,NA,NA,NA,NA,NA,NA,NA,NA,NA,NA,NA,NA,NA,NA,NA,NA,NA,NA,NA,"A combination of a shortwave moving across Montana, favorable jet dynamics and large dew point depressions brought some high based thunderstorms that brought strong wind gusts to portions of the area. Wind gusts of 61 mph were reported at the Jackson Hole Airport and the Sweetwater County Airport.",Thunderstorm winds gusted as high as 75 mph at Red Canyon.,CSV
202009,1,0,202009,30,2359,152819,920471,NEW MEXICO,35,2020,September,Avalanche,Z,411,SOUTHERN DONA ANA COUNTY/MESILLA VALLEY,35411,EPZ,01-SEP-20 00:00:00,MST-7,30-SEP-20 23:59:00,0,0,0,0,0.00K,0.00K,Drought Monitor,NA,NA,NA,NA,NA,NA,NA,NA,NA,NA,NA,NA,NA,NA,NA,NA,NA,NA,NA,NA,NA,Another very dry month with little in the way of monsoon moisture worsened drought conditions across southwest and south-central New Mexico. Some areas around the Gila region were placed into Exceptional(D4) drought conditions while most other areas were at least in Severe(D2) drought.,The month started with Severe(D2) drought over the west and spread to all areas but the northeast by the end of the month. The Cooperative Observer at New Mexico State University reported 0.43 inches of precipitation which was 0.90 inches below normal.,CSV
202012,19,1000,202012,19,1005,154650,931719,COLORADO,8,2020,December,Avalanche,Z,19,SOUTHWESTERN SAN JUAN MOUNTAINS,08019,GJT,19-DEC-20 10:00:00,MST-7,19-DEC-20 10:05:00,1,0,2,0,0.00K,0.00K,State Official,NA,NA,NA,NA,NA,NA,NA,NA,NA,NA,NA,NA,NA,NA,NA,NA,NA,NA,NA,NA,NA,"A series of early season winter storms was followed by a period of dry weather beginning on November 23. The dry pattern resulted in warm days, cold nights and light winds. The weather pattern changed on December 10 as a series of Pacific storms passed through the area. This brought new snowfall amounts from 15 to 20 inches across the area. A small group of backcountry skiers unintentionally triggered a soft slab avalanche. This would be the second fatal avalanche in two days in Western Colorado.","A soft slab avalanche was triggered on the north face of Battleship, southeast of Ophir, Colorado by a group of backcountry skiers after a week long period of light to moderate snowfall. The avalanche was small relative to the path and destructive enough to injure, bury or kill a person. The avalanche reached depths from 12 to 20 inches, was about 700 feet wide and ran 1600 vertical feet, from the alpine into a below treeline creek bed. The Colorado Avalanche Information Center has rated the avalanche danger as Considerable (Level 3) above treeline and Moderate (Level 2) below treeline. Three skiers were either caught or partially caught by the avalanche with only one survivor.",CSV
202012,18,1230,202012,18,1235,154649,931718,COLORADO,8,2020,December,Avalanche,Z,12,WEST ELK AND SAWATCH MOUNTAINS,08012,GJT,18-DEC-20 12:30:00,MST-7,18-DEC-20 12:35:00,0,0,0,0,0.00K,0.00K,State Official,NA,NA,NA,NA,NA,NA,NA,NA,NA,NA,NA,NA,NA,NA,NA,NA,NA,NA,NA,NA,NA,"A series of early season winter storms was followed by a period of dry weather beginning on November 23. The dry pattern resulted in warm days, cold nights and light winds. The weather pattern changed on December 10 as a series of Pacific storms passed through the area. This brought new snowfall amounts from 15 to 20 inches across the area. A small group of backcountry skiers unintentionally triggered a soft slab avalanche.","A soft slab avalanche was triggered near Ohio Pass by a group of backcountry skiers after a week long period of light to moderate snowfall. The avalanche was small relative to the path and destructive enough to injure, bury or kill a person. The avalanche reached depths from 3 to 7 feet, was 400 foot wide and the debris field rain for about 400 feet. The Colorado Avalanche Information Center has rated the avalanche danger as Considerable (Level 3) above treeline and Moderate (Level 2) below treeline. One skier was caught in the avalanche, buried and did not survive.",CSV
202012,26,1200,202012,26,1200,153883,926661,COLORADO,8,2020,December,Avalanche,Z,34,S & SE GRAND / W CENTRAL & SW BOULDER / GILPIN / CLEAR CREEK / SUMMIT / N & W PARK COUNTIES ABOVE 9000 FEET,08034,BOU,26-DEC-20 12:00:00,MST-7,26-DEC-20 12:00:00,0,0,1,0,0.00K,0.00K,State Official,NA,NA,NA,NA,NA,NA,NA,NA,NA,NA,NA,NA,NA,NA,NA,NA,NA,NA,NA,NA,NA,"A backcounty skier was caught buried and killed in an avalanche in the First Creek Drainage, of Berthoud Pass.  The avalanche occurred in an area locally known as Chimney Chute, which is a steep, narrow, north-facing below treeline chute. The victim was located by Grand County Search and Rescue team members with an avalanche probe.","A backcounty skier was caught buried and killed in an avalanche in the First Creek Drainage, of Berthoud Pass.",CSV
202012,28,1130,202012,28,1133,154641,931697,WYOMING,56,2020,December,Avalanche,Z,12,TETON & GROS VENTRE MOUNTAINS,56012,RIW,28-DEC-20 11:30:00,MST-7,28-DEC-20 11:33:00,0,0,0,0,0.00K,0.00K,Other Federal Agency,NA,NA,NA,NA,NA,NA,NA,NA,NA,NA,NA,NA,NA,NA,NA,NA,NA,NA,NA,NA,NA,A person riding a snowmobile triggered an avalanche. He went under the avalanche twice before being split out at the base of it. The rider reported no injuries.,NA,CSV
202012,25,530,202012,25,530,154739,933829,NEW YORK,36,2020,December,Avalanche,Z,63,WESTERN ULSTER,36063,ALY,25-DEC-20 05:30:00,EST-5,25-DEC-20 05:30:00,0,0,0,0,NA,NA,Newspaper,NA,NA,NA,NA,NA,NA,NA,NA,NA,NA,NA,NA,NA,NA,NA,NA,NA,NA,NA,NA,NA,"An area of low pressure tracking from the Great Lakes to Hudson Bay advected in an unseasonably warm air mass into the region from Thursday, December 24 to Friday, December 25, 2020. Rain gradually overspread the region from west to east during the day on December 24 with the steadiest, heaviest rainfall during the overnight hours and early morning hours of December 25. Rain showers continued through the day on December 25 and changed to snow showers during the evening and overnight hours of December 25-26 as colder air returned.||The region still dealt with nearly the entire snowpack from the blockbuster winter storm from December 16-17. While the snow compacted over time, very little water was lost from the snow. Observations concluded that between 1.50 to 3.00 inches of water was in the snowpack prior to this event and most if not all of this snow melted.||Rainfall totals across eastern New York were generally between 1 to 3 inches; however, the eastern Catskills received 4 to 6 inches of rain. These amounts do not include the additional 1.50 to 3.00 inches of water that melted from the snowpack. The combination of warm air, rainfall, and melting snowpack led to areal and river flooding across the region. There were numerous reports of roads being closed due to the flooding. Local emergency managers had to evacuate a few communities due to the rising waters. Some roads across Greene and Ulster counties were washed out and had to be rebuilt. Two area rivers reached or exceeded moderate flood stage, Esopus Creek and Schoharie Creek. The Esopus briefly reached major flood stage at Mount Tremper between 0345EST and 0435EST. The Schoharie reached moderate flood stage at Breakabeen and Burtonsville, and major flood stage at Prattsville (0338EST to 0742EST) and Gilboa Bridge (0450EST to 1034EST). The Schoharie County Department of Public Works and town highway departments identified $332,000 in damage, mostly to roads. Damage estimates were $30,000 in Conesville and $50,000 in Blenheim. A mass of supersaturated snow due to heavy rain slid down a slope at the Belleayre Ski Center and crashed into the lodge, breaking doors and windows and causing water damage inside.||In addition to the rainfall, gusty winds accompanied the event with wind gusts reaching 40 to 60 mph, especially across the mid-Hudson Valley and Taconics. A 68 mph wind gust was recorded at Bannerman Island. Scattered trees were downed as a result of the wind and softened soils due to the warm air and recent rainfall. ||Key Impacts: road closures, tree damage, damage to structures, evacuations.","A mass of supersaturated snow due to heavy rain slid down a slope at Belleayre Mountain Ski Center Christmas morning. The mass of snow, which also contained other debris, broke doors and windows and took out a wall. The snow melted inside the lodge, resulting in water damage. No one was in the lodge at the time. The damage resulted in the ski center being closed the following day.",CSV
202101,28,0,202101,28,100,157067,949399,CALIFORNIA,6,2021,January,Avalanche,Z,73,MONO,06073,REV,28-JAN-21 00:00:00,PST-8,28-JAN-21 01:00:00,1,0,0,0,250.00K,NA,Department of Highways,NA,NA,NA,NA,NA,NA,NA,NA,NA,NA,NA,NA,NA,NA,NA,NA,NA,NA,NA,NA,NA,"A very strong atmospheric river combined with a cold, dynamic area of low pressure produced significant snowfall across northeast California and the Sierra Nevada. Two to three-inch per hour snowfall rates were observed along with blizzard conditions which shut down US 395 from Mammoth to the Nevada State Line. Other road closures occurred across the Sierra Nevada during the event. Several schools and businesses closed across the region. Extreme avalanche danger also occurred in the Eastern Sierra. An avalanche occurred on US 395 within Walker Canyon, which pushed a Caltrans truck into the Walker River with injuries noted.","Multiple avalanches occurred in Walker Canyon with up to 15 feet of debris covering US 395. A snow plow was hit shortly after midnight the 28th and pushed into the Walker River. Fortunately, the driver was not killed but was hospitalized. Extreme avalanche danger was noted at the time from the Eastern Sierra Avalanche Center.",CSV
202104,4,1430,202104,4,1830,156052,941630,ALASKA,2,2021,April,Avalanche,Z,111,MATANUSKA VALLEY,02111,AFC,04-APR-21 14:30:00,AKST-9,04-APR-21 18:30:00,0,0,0,0,0.00K,0.00K,Park/Forest Service,NA,NA,NA,NA,NA,NA,NA,NA,NA,NA,NA,NA,NA,NA,NA,NA,NA,NA,NA,NA,NA,"A long fetch of moisture brought west-to-southwest flow aloft into Southwest and Southcentral Alaska April 2-4. Lower elevations of Southcentral were rain, but higher elevations received a large amount of heavy, wet snow.",Avalanche observer from the Hatcher Pass Avalanche Center reported 5 avalanches between these 2:30 PM and 6:30 PM. One of the avalanches was estimated to be a D3 to D3.5 sized avalanche and crossed both the upper and lower road to Hatcher Pass. A avalanche has not covered the lower road to Hatcher Pass since at least 1980. Road was closed at 21:30 the night before due to avalanche danger.,CSV
202102,20,1100,202102,20,1200,155535,938139,NEVADA,32,2021,February,Avalanche,Z,34,RUBY MOUNTAINS/E HUMBOLDT RANGE,32034,LKN,20-FEB-21 11:00:00,PST-8,20-FEB-21 12:00:00,1,0,1,0,NA,0.00K,Newspaper,NA,NA,NA,NA,NA,NA,NA,NA,NA,NA,NA,NA,NA,NA,NA,NA,NA,NA,NA,NA,NA,A shortwave moved through Friday evening and into Saturday producing windy conditions Saturday afternoon along with rain and snow showers.,Three snowmobilers were caught in an avalanche which occurred near the Castle Lake area of Lamoille Canyon. One snowmobiler perished while another sustained injuries during the avalanche.,CSV
202102,1,1400,202102,1,1430,154648,931716,NEW HAMPSHIRE,33,2021,February,Avalanche,Z,2,SOUTHERN COOS,33002,GYX,01-FEB-21 14:00:00,EST-5,01-FEB-21 14:30:00,0,0,1,0,0.00K,0.00K,Park/Forest Service,NA,NA,NA,NA,NA,NA,NA,NA,NA,NA,NA,NA,NA,NA,NA,NA,NA,NA,NA,NA,NA,"On Monday, 2/1/2021, the day that the subject went skiing, the level of avalanche danger for the area was rated as Low.  The skier triggered an unstable pocket of snow and was carried into a bowl-like depression in Ammonoosuc Ravine slide path, where the snow was stopped by an overhanging cliff that was angled upslope. The debris pile here was deep, but fairly narrow, fanning out from a 10��� strip to about 25��� wide by 40��� long.  The skier was skiing alone and was buried on Feb 1st, but not recovered until late on Feb 2nd under 4 meters of snow.","The Mount Washington Avalanche Center reported on February 3, a backcountry skier traveling alone was caught, buried and killed in an avalanche on Feb 1st. Search and Rescue teams recovered the body on the evening of Feb 2nd. The avalanche buried the skier more than 12 feet deep in a terrain trap.  The incident occurred in the White Mountain National Forest in Ammonoosuc Ravine slide path, north of Mount Monroe.  The skier was traveling alone and most likely triggered a pocket of unstable snow on a hard wind crust from the previous weak.  The avalanche danger was reported to be low that day.  The skier was carried down the ravine slide path were he was buried in a terrain trap.  A storm moved in on the night on Feb 1st and lasted through the 2nd.  A second slide most likely occurred in this storm cycle due to the strong east winds on Feb 2nd, which led to such a deep burial.  An avalanche watch was issued for the Presidential Mountains on Feb 2nd, but the storm wasn't a factor for the original slide and burial.",CSV
202102,11,1800,202102,12,1500,155755,940617,WYOMING,56,2021,February,Avalanche,Z,5,SOUTHWEST BIG HORN BASIN,56005,RIW,11-FEB-21 18:00:00,MST-7,12-FEB-21 15:00:00,0,0,0,0,0.00K,0.00K,AWOS,NA,NA,NA,NA,NA,NA,NA,NA,NA,NA,NA,NA,NA,NA,NA,NA,NA,NA,NA,NA,NA,"An arctic boundary slowly sagged southward across much of northern and central Wyoming and brought bitterly cold temperatures. Temperatures in northern Wyoming fell as low as minus 30. In addition, a couple of moisture laden troughs moved across the area and brought another round of heavy snow to western Wyoming. Some parts of Yellowstone Park had as much as 30 inches of snow. Other locations in Teton, Lincoln and Sublette County also received over a foot of new snow.","Very cold temperatures hit portions of Natrona County, Wyoming. The Hot Springs County Airport dropped to 21 below zero.",CSV
202102,6,1130,202102,6,1130,155851,940166,UTAH,49,2021,February,Avalanche,Z,8,WASATCH MOUNTAINS SOUTH OF I-80,49008,SLC,06-FEB-21 11:30:00,MST-7,06-FEB-21 11:30:00,1,0,4,0,0.00K,0.00K,Park/Forest Service,NA,NA,NA,NA,NA,NA,NA,NA,NA,NA,NA,NA,NA,NA,NA,NA,NA,NA,NA,NA,NA,"A backcountry avalanche at Wilson Glade in Millcreek Canyon, just outside of Salt Lake City, caught and fully buried six people, killing four within the group.","The Forest Service Utah Avalanche Center reported that two groups, totaling eight people, were backcountry skiing at Wilson Glade in Millcreek Canyon, when an avalanche was triggered. The avalanche caught and buried six of the people, leading to four fatalities, while two survived, one with injuries. The avalanche occurred in terrain that was rated for High avalanche danger that day. The weather the day of the avalanche was sunny and fair. However, two storm systems the week prior to the avalanche brought roughly 20 inches of snow and winds 15-30 mph, with gusts up to 45 mph.",CSV
202101,31,2100,202101,31,2100,155524,937996,UTAH,49,2021,January,Avalanche,Z,8,WASATCH MOUNTAINS SOUTH OF I-80,49008,SLC,31-JAN-21 21:00:00,MST-7,31-JAN-21 21:00:00,0,0,1,0,0.00K,0.00K,Park/Forest Service,NA,NA,NA,NA,NA,NA,NA,NA,NA,NA,NA,NA,NA,NA,NA,NA,NA,NA,NA,NA,NA,A 57-year-old male was killed in avalanche on Square Top Peak along the Park City ridgeline.,"A 57-year-old male was killed in an avalanche on Square Top Peak along the Park City ridgeline. In the two days leading up to the avalanche, there was a storm system that brought around 14 inches of new snow, with over an inch of snow water equivalent.",CSV
202101,8,1000,202101,8,1000,155523,937995,UTAH,49,2021,January,Avalanche,Z,8,WASATCH MOUNTAINS SOUTH OF I-80,49008,SLC,08-JAN-21 10:00:00,MST-7,08-JAN-21 10:00:00,0,0,1,0,0.00K,0.00K,Park/Forest Service,NA,NA,NA,NA,NA,NA,NA,NA,NA,NA,NA,NA,NA,NA,NA,NA,NA,NA,NA,NA,NA,A 31-year-old male snowboarder was killed in an avalanche in Dutch Draw.,"A 31-year-old male snowboarder was killed in an avalanche in Dutch Draw. Weather was generally fair the day of the avalanche, with light winds and temperatures in the mid 20s. However in the week leading up to the avalanche, there were two storms, one bringing 1-4 inches of snow, and the second bringing 8-10 inches of snow with strong winds.",CSV
202109,23,1159,202109,24,1113,165008,996402,ALASKA,2,2021,September,Avalanche,Z,101,ANCHORAGE MUNI TO BIRD CREEK,02101,AFC,23-SEP-21 11:59:00,AKST-9,24-SEP-21 11:13:00,0,0,0,0,NA,0.00K,NWS Employee,NA,NA,NA,NA,NA,NA,NA,NA,NA,NA,NA,NA,NA,NA,NA,NA,NA,NA,NA,NA,NA,"A low pressure system brought about 24 hours of heavy, wet snow to Anchorage and areas east towards Eagle River on September 23rd through 24th. Due to the moisture content of the snow and how heavy it was, several impacts were noted across the area as branches on foliated trees came down and took out power lines leading to power outages across east Anchorage; additionally, a combination of slush and snow covering the Glen Highway between Anchorage and Eagle River led to many cars running off into  ditches. A report of a parked car being damaged by a falling branch was noted.","A low pressure system brought about 24 hours of heavy, wet snow to Anchorage and areas east towards Eagle River on September 23rd through 24th. Due to the moisture content of the snow and how heavy it was, several impacts were noted across the area as branches on foliated trees came down and took out power lines leading to power outages across east Anchorage; additionally, a combination of slush and snow covering the Glen Highway between Anchorage and Eagle River led to many cars running off into  ditches. A report of a parked car being damaged by a falling branch was noted.",CSV
202103,22,1400,202103,22,1410,156097,941936,COLORADO,8,2021,March,Avalanche,Z,10,GORE AND ELK MOUNTAINS/CENTRAL MOUNTAIN VALLEYS,08010,GJT,22-MAR-21 14:00:00,MST-7,22-MAR-21 14:10:00,2,0,1,0,0.00K,0.00K,State Official,NA,NA,NA,NA,NA,NA,NA,NA,NA,NA,NA,NA,NA,NA,NA,NA,NA,NA,NA,NA,NA,"A period of dry weather followed a series of winter storms that brought heavy snow to the mountains of Central Colorado during February and early March. This dry period allow the snowpack to become thin and weak in areas. A pair of backcountry skiers accidentally triggered an avalanche near Lime Creek south of Edwards, CO.","A pair of backcountry skiers unintentionally triggered a soft slab avalanche near Lime Creek south of Edwards, Colorado. The avalanche ran about 1000 feet and was 3 feet deep and 25 feet wide. Both skiers were caught with one fatality. Please visit the Colorado Avalanche Information Center's website for additional information on this incident.",CSV
202101,28,1500,202101,30,500,155381,937231,IDAHO,16,2021,January,Avalanche,Z,73,SUN VALLEY REGION,16073,PIH,28-JAN-21 15:00:00,MST-7,30-JAN-21 05:00:00,0,0,0,0,NA,0.00K,Emergency Manager,NA,NA,NA,NA,NA,NA,NA,NA,NA,NA,NA,NA,NA,NA,NA,NA,NA,NA,NA,NA,NA,A very strong atmospheric river event brought very heavy snow to the southeast Idaho mountains and the Sun Valley region.   Amounts of over 2 feet of snow were very common in the drawn out event.  51 inches of snow fell at Bald Mountain at the Sun Valley ski resort and the resort shut down January 29th after several avalanches and the death of a skier.,Back country skiers triggered avalanches on the Warm Springs side of Bald Mountain.  Skiing operations were shut down on the afternoon of the 29th due to avalanche mitigation at Sun Valley ski resort.  Substantial debris from one of the avalanches caused debris on Warm Springs Road near Ketchum on the 29th.   The debris buried two vehicles.  Warm Springs Road was only open to residents.,CSV
202101,31,1425,202101,31,1430,155204,935884,WYOMING,56,2021,January,Avalanche,Z,12,TETON & GROS VENTRE MOUNTAINS,56012,RIW,31-JAN-21 14:25:00,MST-7,31-JAN-21 14:30:00,1,0,0,0,0.00K,0.00K,Newspaper,NA,NA,NA,NA,NA,NA,NA,NA,NA,NA,NA,NA,NA,NA,NA,NA,NA,NA,NA,NA,NA,"In southeastern Grand Teton National Park, four skiers were caught in an avalanche in the Olive Oil section of the park. One man was able to call 911. One man suffered a leg injury and was transported to a local hospital. The other three were able ski out with rescuers.",Please see narrative for description.,CSV
202102,1,1520,202102,1,1530,156095,941934,COLORADO,8,2021,February,Avalanche,Z,18,NORTHWESTERN SAN JUAN MOUNTAINS,08018,GJT,01-FEB-21 15:20:00,MST-7,01-FEB-21 15:30:00,4,0,3,0,0.00K,0.00K,State Official,NA,NA,NA,NA,NA,NA,NA,NA,NA,NA,NA,NA,NA,NA,NA,NA,NA,NA,NA,NA,NA,"A series of strong winter storms brought heavy snow to the mountains of southwest Colorado in late January 2021 with new snowfall amounts up to 35.5 inches reported. Strong winds associated with these storms resulted in heavy snow loading on windward slopes. On February 1st, a group of backcountry skiers accidentally triggered a large avalanche resulting in several fatalities.","A group of backcountry skiers triggered a large avalanche while on a multi-day trip in the mountains near The Nose, Middle Fork Mineral Creek southeast of Ophir. This was a soft slab avalanche that was 1000 feet wide and ran 1500 vertical feet. Four skiers were caught in the avalanche with 3 fatalities. Please visit the Colorado Avalanche Information Centers website for more details regarding this incident.",CSV
202102,4,1110,202102,4,1120,156096,941935,COLORADO,8,2021,February,Avalanche,Z,10,GORE AND ELK MOUNTAINS/CENTRAL MOUNTAIN VALLEYS,08010,GJT,04-FEB-21 11:10:00,MST-7,04-FEB-21 11:20:00,2,0,1,0,0.00K,0.00K,State Official,NA,NA,NA,NA,NA,NA,NA,NA,NA,NA,NA,NA,NA,NA,NA,NA,NA,NA,NA,NA,NA,"A series of strong winter storms brought heavy snowfall to the mountains of central Colorado during the last week of January and into early February. This resulted in a hazardous and unstable snowpack in the Colorado backcountry. A pair of skiers unintentionally triggered a soft slab avalanche near Marvin's West, East Vail backcountry southeast of Vail.","A pair of backcountry skiers triggered an avalanche near the top of a large open bowl locally known as Marvin's West or Big Marvin (southeast of Vail, CO). But skiers were caught in the avalanche with one unable to escape the path resulting in a fatality. Please visit the Colorado Avalanche Information Centers website for more details regarding this incident.",CSV
202102,18,1200,202102,18,1205,155930,940635,WYOMING,56,2021,February,Avalanche,Z,12,TETON & GROS VENTRE MOUNTAINS,56012,RIW,18-FEB-21 12:00:00,MST-7,18-FEB-21 12:05:00,0,0,1,0,0.00K,0.00K,Other Federal Agency,NA,NA,NA,NA,NA,NA,NA,NA,NA,NA,NA,NA,NA,NA,NA,NA,NA,NA,NA,NA,NA,A group of 6 snowboarders built a jump on a bank near Togwotee Pass. The first person to go off the jump triggered a slab avalanche that buried him 9 feet deep in the snow. The man was wearing a transceiver and was eventually excavated.  The man was given CPR but died at the scene.,Please see episode narrative for details.,CSV
202102,16,1500,202102,16,1500,155109,935201,COLORADO,8,2021,February,Avalanche,Z,33,S & E JACKSON / LARIMER / N & NE GRAND / NW BOULDER COUNTIES ABOVE 9000 FEET,08033,BOU,16-FEB-21 15:00:00,MST-7,16-FEB-21 15:00:00,0,0,1,0,0.00K,0.00K,State Official,NA,NA,NA,NA,NA,NA,NA,NA,NA,NA,NA,NA,NA,NA,NA,NA,NA,NA,NA,NA,NA,"Two snowmobilers were caught in an avalanche. One was killed, while the other was partially buried and able to extricate himself. The accident occurred near treeline on a northeast-facing slope at around 11,400 feet.  The avalanche was approximately three-quarters of a mile wide and ran about 400 vertical feet. The rider was swept downhill and buried under two feet of snow. Despite efforts from the group of riders and search and rescue, he was not located until the following morning.","A snowmobiler was killed by an avalanche on Ruby Mountain, southeast of Rand.",CSV
202102,14,1400,202102,14,1400,155111,935211,COLORADO,8,2021,February,Avalanche,Z,39,BOULDER & JEFFERSON COUNTIES BELOW 6000 FEET / W BROOMFIELD COUNTY,08039,BOU,14-FEB-21 14:00:00,MST-7,14-FEB-21 14:00:00,0,0,1,0,0.00K,0.00K,State Official,NA,NA,NA,NA,NA,NA,NA,NA,NA,NA,NA,NA,NA,NA,NA,NA,NA,NA,NA,NA,NA,"A backcountry snowboarder and a snowmobiler were killed by avalanches in separate incidents on Valentine's Day.  In the first incident occurred near Loveland Pass. |The avalanche ran on an east facing slope east of Mount Trelease at an elevation over 12,000 feet.  He was buried with his head under the snow on the downhill side of a few trees. The second incident occurred on the east face of 11,843-foot Mount Epworth, just west of the Continental Divide and Rollins Pass. The slide began above treeline. The snowmobiler got caught up in the slide and was buried underneath his sled on Pumphouse Lake.",A snowmobiler was killed by an avalanche near Rollins Pass.,CSV
202102,14,845,202102,14,845,155111,935213,COLORADO,8,2021,February,Avalanche,Z,34,S & SE GRAND / W CENTRAL & SW BOULDER / GILPIN / CLEAR CREEK / SUMMIT / N & W PARK COUNTIES ABOVE 9000 FEET,08034,BOU,14-FEB-21 08:45:00,MST-7,14-FEB-21 08:45:00,0,0,1,0,0.00K,0.00K,State Official,NA,NA,NA,NA,NA,NA,NA,NA,NA,NA,NA,NA,NA,NA,NA,NA,NA,NA,NA,NA,NA,"A backcountry snowboarder and a snowmobiler were killed by avalanches in separate incidents on Valentine's Day.  In the first incident occurred near Loveland Pass. |The avalanche ran on an east facing slope east of Mount Trelease at an elevation over 12,000 feet.  He was buried with his head under the snow on the downhill side of a few trees. The second incident occurred on the east face of 11,843-foot Mount Epworth, just west of the Continental Divide and Rollins Pass. The slide began above treeline. The snowmobiler got caught up in the slide and was buried underneath his sled on Pumphouse Lake.",A backcountry snowboarder was killed by an avalanche near Loveland Pass.,CSV
202102,22,1200,202102,22,1200,155931,940636,WYOMING,56,2021,February,Avalanche,Z,12,TETON & GROS VENTRE MOUNTAINS,56012,RIW,22-FEB-21 12:00:00,MST-7,22-FEB-21 12:00:00,0,0,1,0,0.00K,0.00K,Other Federal Agency,NA,NA,NA,NA,NA,NA,NA,NA,NA,NA,NA,NA,NA,NA,NA,NA,NA,NA,NA,NA,NA,"A 33 year old snowboarder was riding down steep terrain in the Tetons. He triggered an avalanche that carried the snowboarder over a 50 foot cliff into steep and rocky, terrain, He did not survive the fall.",Please see episode narrative for details.,CSV
202102,22,344,202102,22,344,155098,935414,MONTANA,30,2021,February,Avalanche,Z,14,SOUTHERN LEWIS AND CLARK,30014,TFX,22-FEB-21 03:44:00,MST-7,22-FEB-21 03:44:00,0,0,0,0,0.00K,0.00K,Mesonet,NA,NA,NA,NA,NA,NA,NA,NA,NA,NA,NA,NA,NA,NA,NA,NA,NA,NA,NA,NA,NA,"Winds began to increase over North-Central and Southwestern Montana early on Sunday February 21 as a strong upper level jet roared overhead. Winds were generally strongest and most persistent across the plains during the day on Sunday, thanks to a strong pressure gradient that developed along the Rocky Mountain Front. After seeing widespread wind gusts over 60 mph, with isolated gusts in excess of 80 mph, during the day on Sunday, winds would generally begin to decrease late Sunday and early Monday closer to the Rocky Mountain Front, though winds around the Lewistown and Fort Belknap areas peaked early Monday morning, when some wind damage occurred in these areas. Winds area-wide would be a bit lighter during the day on Monday, but a final push of higher winds occurred late Monday night as a cold front pushed through the area. ||In addition to causing some damage across the plains, the strong winds also combined with a fairly fresh snowpack, which resulted in areas of intense blowing snow, which caused blizzard conditions along the Rocky Mountain Front. Areas of blowing snow also occurred in the Lewistown area, which would result in the closure of highway 191 between Harlowton and Judith Gap, but not before numerous traffic incidents had occurred.",Goss mesonet reports wind gust of 63 MPH.,CSV
202102,20,1100,202102,20,1200,156497,945462,IDAHO,16,2021,February,Avalanche,Z,60,BEAR RIVER RANGE,16060,PIH,20-FEB-21 11:00:00,MST-7,20-FEB-21 12:00:00,0,0,0,1,0.00K,0.00K,Emergency Manager,NA,NA,NA,NA,NA,NA,NA,NA,NA,NA,NA,NA,NA,NA,NA,NA,NA,NA,NA,NA,NA,More snow and wind gusts closed many roads in the Upper Snake River Highlands again on the 19th and 20th of February.,A 48 year old male snow mobile operator was killed in an avalanche near Sherman Peak in between Grace and Montpelier after causing an avalanche.,CSV
202102,19,1400,202102,19,1500,156522,945463,IDAHO,16,2021,February,Avalanche,Z,73,SUN VALLEY REGION,16073,PIH,19-FEB-21 14:00:00,MST-7,19-FEB-21 15:00:00,0,0,0,1,0.00K,0.00K,Emergency Manager,NA,NA,NA,NA,NA,NA,NA,NA,NA,NA,NA,NA,NA,NA,NA,NA,NA,NA,NA,NA,NA,A snowmobiler triggered an avalanche 8 miles southwest of Galena Summit in the Sawtooth recreation area and was killed by the avalanche.   He was on a south facing slope  near 9 thousand feet in elevation and triggered a very large avalanche that was approximately 500 feet wide and ran over 1000 vertical feet.  He was caught and carried into trees near the bottom of the avalanche path.,A snowmobiler triggered an avalanche 8 miles southwest of Galena Summit in the Sawtooth recreation area and was killed by the avalanche.   He was on a south facing slope  near 9 thousand feet in elevation and triggered a very large avalanche that was approximately 500 feet wide and ran over 1000 vertical feet.  He was caught and carried into trees near the bottom of the avalanche path.,CSV
202102,13,2346,202102,13,2346,155062,935072,MONTANA,30,2021,February,Avalanche,Z,45,LIBERTY,30045,TFX,13-FEB-21 23:46:00,MST-7,13-FEB-21 23:46:00,0,0,0,0,0.00K,0.00K,Mesonet,NA,NA,NA,NA,NA,NA,NA,NA,NA,NA,NA,NA,NA,NA,NA,NA,NA,NA,NA,NA,NA,"Over the week-long period of February 8-15, an arctic air mass settled over North-Central Montana, bringing one of the longest stretches of subzero temperatures in recorded history to the area (8 days at Great Falls, tied for 4th longest stretch). While winds were generally on the light side, they combined with the bitterly cold temperatures, resulting in wind chills below -40��F at times. These wind chills prompted Wind Chill Advisories and Wind Chill Warnings across the entire Great Falls County Warning Area. The core of the cold arrived for Wednesday through Friday, with air temperatures dropping to -30 or colder in some areas.",Mesonet station ew9427 chester-5nw reports wind chill of -44.,CSV
202102,17,1330,202102,17,1334,155929,940634,WYOMING,56,2021,February,Avalanche,Z,24,SALT RIVER & WYOMING RANGES,56024,RIW,17-FEB-21 13:30:00,MST-7,17-FEB-21 13:34:00,0,0,1,0,0.00K,0.00K,Other Federal Agency,NA,NA,NA,NA,NA,NA,NA,NA,NA,NA,NA,NA,NA,NA,NA,NA,NA,NA,NA,NA,NA,A group of 9 snowmobilers were riding in the Squaw Creek Drainage and triggered a slab avalanche. One person was buried under 4 to 5 feet of avalanche debris with three others buried up to their necks. The man was excavated and given CPR but did not survive.,Please see narrative for details.,CSV
202102,3,1355,202102,3,1405,154735,932197,CALIFORNIA,6,2021,February,Avalanche,Z,80,WESTERN SISKIYOU COUNTY,06080,MFR,03-FEB-21 13:55:00,PST-8,03-FEB-21 14:05:00,0,0,1,0,0.00K,0.00K,Newspaper,NA,NA,NA,NA,NA,NA,NA,NA,NA,NA,NA,NA,NA,NA,NA,NA,NA,NA,NA,NA,NA,Two skiers skiing in the backcountry near Etna Summit in Siskiyou county were swept away by an avalanches at about 2 PM PST on 02/03/21.  One of the skiers was able to dig himself out.  He was able to dig the other skier out and tried life-saving efforts that ultimately failed.  He skied out until he got cell phone reception and CHP and the Siskiyou Sheriff's office responded to remove the body on the morning of 02/04/21.,Two skiers skiing in the backcountry near Etna Summit in Siskiyou county were swept away by an avalanches at about 2 PM PST on 02/03/21.  One of the skiers was able to dig himself out.  He was able to dig the other skier out and tried life-saving efforts that ultimately failed.  He skied out until he got cell phone reception and CHP and the Siskiyou Sheriff's office responded to remove the body on the morning of 02/04/21.,CSV
202112,17,1420,202112,17,1520,165387,999690,IDAHO,16,2021,December,Avalanche,Z,64,BIG HOLE MOUNTAINS,16064,PIH,17-DEC-21 14:20:00,MST-7,17-DEC-21 15:20:00,0,0,2,0,0.00K,0.00K,Newspaper,NA,NA,NA,NA,NA,NA,NA,NA,NA,NA,NA,NA,NA,NA,NA,NA,NA,NA,NA,NA,NA,An avalanche near Driggs and Relay Ridge killed two teenage boys at around 2:45 PM on December 17th.  It was in a backcountry area with one snow mobiler and one skier killed in the avalanche.,An avalanche near Driggs and Relay Ridge killed two teenage boys at around 2:45 PM on December 17th. It was in a backcountry area with one snow mobiler and one skier killed in the avalanche.,CSV
202109,10,1605,202109,10,1621,162527,981176,WYOMING,56,2021,September,Avalanche,Z,17,WIND RIVER BASIN,56017,RIW,10-SEP-21 16:05:00,MST-7,10-SEP-21 16:21:00,0,0,0,0,0.00K,0.00K,ASOS,NA,NA,NA,NA,NA,NA,NA,NA,NA,NA,NA,NA,NA,NA,NA,NA,NA,NA,NA,NA,NA,"An upper-level disturbance moved across Wyoming, leading to the development of showers and thunderstorms. Very dry conditions at the surface within a hot airmass generated large dewpoint depressions. As a result, dry microbursts and strong outflow wind occurred ahead of showers and thunderstorms, primarily across Fremont and Sweetwater counties. Winds gusted as high as 68 mph at Southwest Wyoming Regional Airport near Rock Springs and 60 to 65 mph in the vicinity of Lander and Riverton.",The Lander Airport recorded a maximum wind gust of 60 mph.,CSV
202110,11,800,202110,13,900,163544,987371,WYOMING,56,2021,October,Avalanche,Z,11,SOUTHEAST JOHNSON COUNTY,56011,RIW,11-OCT-21 08:00:00,MST-7,13-OCT-21 09:00:00,0,0,0,0,0.00K,0.00K,Trained Spotter,NA,NA,NA,NA,NA,NA,NA,NA,NA,NA,NA,NA,NA,NA,NA,NA,NA,NA,NA,NA,NA,"The first widespread winter storm of the season hit western and central Wyoming. The main effects from the storm were focused around central Wyoming. Areas favored by east to northeast flow received the most snow, especially in Johnson and Natrona counties. Areas near Buffalo received the most snow with up to 18 inches reported on the west side of town. In Natrona County, areas around Casper received anywhere from 10 to 18 inches, although amounts dropped substantially farther west. Amounts over 6 inches were also reported in Fremont and Hot Springs counties. In the higher elevations, the eastern slopes of the Bighorn Range had the most with up to 20 inches reported. The snow combined with a gusty wind to close many major roads for a time, including Interstate 25, US 20/26, and US 287.","Heavy snow fell over portions of southern Johnson County, with the maximum accumulation of 14 inches to the east of Kaycee. The heavy snow led to the closure of Interstate 25 for many hours.",CSV
202112,27,1200,202112,27,1200,164484,993144,MONTANA,30,2021,December,Avalanche,Z,67,ABSAROKA / BEARTOOTH MOUNTAINS,30067,BYZ,27-DEC-21 12:00:00,MST-7,27-DEC-21 12:00:00,0,2,0,1,0.00K,0.00K,Park/Forest Service,NA,NA,NA,NA,NA,NA,NA,NA,NA,NA,NA,NA,NA,NA,NA,NA,NA,NA,NA,NA,NA,"On December 27, two snowmobilers were caught and killed in an avalanche on Scotch Bonnet Mountain, north of Cooke City. A group of 8 snowmobilers from Minnesota were on their second day of riding when two of their machines got stuck on the southeast face of Scotch Bonnet Mountain. Two members of their group rode up to help them dig out and the avalanche was triggered soon after. The avalanche broke 4-5 feet deep, ran 300 feet wide, and 500 feet vertical and killed two riders, burying them under 4-5 feet of debris. Everyone had rescue equipment and they were recovered by their party. For a more detailed report, please see www.mtavalanche.com.",Please see episode narrative.,CSV
202112,15,900,202112,16,900,164220,992608,NEVADA,32,2021,December,Avalanche,Z,2,GREATER LAKE TAHOE AREA,32002,REV,15-DEC-21 09:00:00,PST-8,16-DEC-21 09:00:00,0,0,0,0,0.00K,0.00K,Trained Spotter,NA,NA,NA,NA,NA,NA,NA,NA,NA,NA,NA,NA,NA,NA,NA,NA,NA,NA,NA,NA,NA,Another winter storm enters the region with a second round of snow and strong winds across Sierra ridges. Travel and commute impacts related to not only heavy snow but also accompanying strong winds causing areas of blowing snow.,"Trained spotters and the public reported heavy snowfall amounts up 12 at Diamond Peak Ski Base, 14 at 1.0mi NNW of Incline Village, and 24 at the MT. Rose Ski Base.",CSV
202112,11,1000,202112,11,1100,165243,998613,WASHINGTON,53,2021,December,Avalanche,Z,569,CASCADES OF PIERCE AND LEWIS COUNTIES,53569,SEW,11-DEC-21 10:00:00,PST-8,11-DEC-21 11:00:00,0,0,1,0,NA,NA,Law Enforcement,NA,NA,NA,NA,NA,NA,NA,NA,NA,NA,NA,NA,NA,NA,NA,NA,NA,NA,NA,NA,NA,"A strong storm/frontal system moved across Western Washington Dec 10-11, bringing with it heavy mountain snow and high winds. In the wake of the frontal system, an upper level trough moved into the region, keeping for unstable and unsettled weather across the area through the 13th.","Shortly before 11AM PST on December 11, Pierce County Sheriff noted an avalanche fatality in the Silver Basin Backcountry Ski Area on Crystal Mountain in the Southern Cascades. A total of 6 skiers were caught in the avalanche, all carrying beacons, but one person was unable to survive. High Avalanche Danger was forecast by the Northwest Avalanche Center.",CSV
202112,24,130,202112,24,130,164420,992535,COLORADO,8,2021,December,Avalanche,Z,33,S & E JACKSON / LARIMER / N & NE GRAND / NW BOULDER COUNTIES ABOVE 9000 FEET,08033,BOU,24-DEC-21 01:30:00,MST-7,24-DEC-21 01:30:00,0,0,1,0,0.00K,0.00K,Park/Forest Service,NA,NA,NA,NA,NA,NA,NA,NA,NA,NA,NA,NA,NA,NA,NA,NA,NA,NA,NA,NA,NA,"A winter storm produced the first significant snowfall in the northern mountains of Colorado, just in time for Christmas.  Storm totals generally ranged from 1 to 2.5 feet.  The heaviest snowfall occurred in mountains north of the I-70 corridor.  Tragedy struck on Christmas Eve when a backcountry skier was buried in an avalanche near Cameron Pass.||Some of the more impressive 2-day storm totals from this event included:  29.9 inches near Mount Zirkel, 27.6 inches at Bear Lake and near Cameron Pass, 26.4 inches near Mt Audubon, 25.3 inches near Long's Peak, 24.2 inches near Trail Ridge, 24.1 inches near Gould, 21.8 inches near Arapahoe Peak and Spicer, 19.6 inches near Rabbit Ears Pass.","A backcountry skier was killed after being caught and fully buried in an avalanche.  The  avalanche occurred near Cameron Pass at 10,500 feet on the southeast portion of South Diamond Peak. The avalanche broke on a layer of snow 1 to 2 feet below the snow surface, and it was about 150 feet wide.",CSV
202211,29,346,202211,30,1919,179633,1093754,ALASKA,2,2022,November,Avalanche,Z,161,BRISTOL BAY,02161,AFC,29-NOV-22 03:46:00,AKST-9,30-NOV-22 19:19:00,0,0,0,0,0.00K,0.00K,AWOS,NA,NA,NA,NA,NA,NA,NA,NA,NA,NA,NA,NA,NA,NA,NA,NA,NA,NA,NA,NA,NA,"A low pressure system moving into Southwest Alaska from the Bering Sea, sending a layer of warm air aloft overtop sub-freezing surface temperatures. This resulted in a light mix of sleet, snow and freezing rain for a number of locations across the Kuskokwim Delta and Bristol Bay area.  Accumulating ice was minimal for this event.","Several AWOS sensors across Bristol Bay reported periods of light freezing rain near midday on November 30th, including Dillingham and King Salmon.",CSV
202202,28,200,202202,28,1200,166908,1009831,WASHINGTON,53,2022,February,Avalanche,Z,568,CASCADES OF SNOHOMISH AND KING COUNTIES,53568,SEW,28-FEB-22 02:00:00,PST-8,28-FEB-22 12:00:00,0,0,0,0,NA,NA,Social Media,NA,NA,NA,NA,NA,NA,NA,NA,NA,NA,NA,NA,NA,NA,NA,NA,NA,NA,NA,NA,NA,"An atmospheric river event brought heavy snow to the Cascades at the end of February, which resulted in the closure of the Passes in the Central Cascades as well as heightened avalanche danger.",A natural avalanche was reported at Snoqualmie Pass along I-90 near the summit. The Pass had already been closed due to dangerous avalanche conditions.,CSV
202201,7,1200,202201,8,1100,166115,1004330,MONTANA,30,2022,January,Avalanche,Z,4,LOWER CLARK FORK REGION,30004,MSO,07-JAN-22 12:00:00,MST-7,08-JAN-22 11:00:00,0,0,0,0,0.00K,0.00K,Department of Highways,NA,NA,NA,NA,NA,NA,NA,NA,NA,NA,NA,NA,NA,NA,NA,NA,NA,NA,NA,NA,NA,"An arctic intrusion coincided with a moist Pacific wave associated with an atmospheric river, and brought high impacts including heavy snow to both valleys and mountains, hazardous travel, avalanches, tree damage, road closures, power outages and icy roads from freezing rain.","Multiple avalanches occurred on Interstate 90 with full blockage of the driving lane on the westbound side from mile-markers 7.5 to 10, situated west of Saltese. Estimating from the MDT photo, the largest slide was 5 feet tall and between 100 to 300 feet wide. The westbound lanes were closed the following night due to further avalanche risk.",CSV
202201,7,1500,202201,7,1700,166115,1004341,MONTANA,30,2022,January,Avalanche,Z,43,POTOMAC / SEELEY LAKE REGION,30043,MSO,07-JAN-22 15:00:00,MST-7,07-JAN-22 17:00:00,0,0,0,0,0.00K,0.00K,Department of Highways,NA,NA,NA,NA,NA,NA,NA,NA,NA,NA,NA,NA,NA,NA,NA,NA,NA,NA,NA,NA,NA,"An arctic intrusion coincided with a moist Pacific wave associated with an atmospheric river, and brought high impacts including heavy snow to both valleys and mountains, hazardous travel, avalanches, tree damage, road closures, power outages and icy roads from freezing rain.",Highway 200 was blocked by an avalanche just east of Bonner at mile marker 3. The dimensions were approximately 100 feet wide by 5 feet high.,CSV
202201,16,700,202201,16,1100,164428,992669,CALIFORNIA,6,2022,January,Avalanche,Z,301,LOS BANOS-DOS PALOS,06301,HNX,16-JAN-22 07:00:00,PST-8,16-JAN-22 11:00:00,0,0,0,0,0.00K,0.00K,Law Enforcement,NA,NA,NA,NA,NA,NA,NA,NA,NA,NA,NA,NA,NA,NA,NA,NA,NA,NA,NA,NA,NA,"Despite the presence of a low pressure center being situated of the Southern California coast providing for some high clouds during much of the period, persistent dense fog impacted portions of the central San Joaquin Valley between Merced and Madera with the dense fog being more intermittent elsewhere in the San Joaquin Valley between the evening of January 14 and the morning of January 16. The fog finally dissipated by midday on January 16 as the offshore low provided for enough mixing to help dissipate  the fog.  The dense fog was at least partially responsible for a fatal accident involving three cars near Biola in Fresno County during the evening of January 14.",California Highway Patrol reported visibility below 1000 feet on SR 152 between Los Banos and the SR 59 exchange.,CSV
202202,25,1430,202202,25,1435,166596,1007736,COLORADO,8,2022,February,Avalanche,Z,12,WEST ELK AND SAWATCH MOUNTAINS,08012,GJT,25-FEB-22 14:30:00,MST-7,25-FEB-22 14:35:00,2,0,1,0,0.00K,0.00K,State Official,NA,NA,NA,NA,NA,NA,NA,NA,NA,NA,NA,NA,NA,NA,NA,NA,NA,NA,NA,NA,NA,"A series of winter storms brought heavy, wind swept snow, to the mountains of West-Central Colorado from mid to late February. This snow fell on an older layer of snow that was deposited in late December 2021, which had become more faceted and weak.","A group of backcountry snowshoers accidentally triggered an avalanche while hiking to a private backcountry home in the Yule Creek area of West-Central Colorado. Three of the hikers and two dogs were caught in the avalanche with one hiker and the two dogs buried. Two others were partially buried. Rescue efforts were unsuccessful with one hiker killed, along with the two dogs. The partially buried hikers survived with minor injuries.",CSV
202202,19,1200,202202,19,1200,165913,1003124,MONTANA,30,2022,February,Avalanche,Z,67,ABSAROKA / BEARTOOTH MOUNTAINS,30067,BYZ,19-FEB-22 12:00:00,MST-7,19-FEB-22 12:00:00,1,0,1,0,0.00K,0.00K,Park/Forest Service,NA,NA,NA,NA,NA,NA,NA,NA,NA,NA,NA,NA,NA,NA,NA,NA,NA,NA,NA,NA,NA,"On February 19, three snowmobilers and two snow bikers were in Sheep Creek on the south face of Miller Mountain north of Cooke City. The two snow bikers were high on the slope when one stopped on a small ridge while the other climbed higher and triggered a large avalanche. The avalanche carried him down through a gully and over a cliff where he was partially buried near the toe of the debris. His arm and airbag were visible and his head was 1 foot under the surface. Resuscitation efforts were unsuccessful. The avalanche was 800 feet wide, averaged 2 feet deep (estimated) and ran 1200 vertical feet. The avalanche likely broke on facets and depth hoar at the bottom of the snowpack in an area that was thinly covered and recently wind-loaded. The debris was up to 15 feet deep. For a full, detailed report, please see www.mtavalanche.com.",Please see Episode Narrative.,CSV
202202,21,900,202202,22,300,165502,1000206,UTAH,49,2022,February,Avalanche,Z,24,EASTERN UINTA BASIN,49024,GJT,21-FEB-22 09:00:00,MST-7,22-FEB-22 03:00:00,0,0,0,0,0.00K,0.00K,CoCoRaHS,NA,NA,NA,NA,NA,NA,NA,NA,NA,NA,NA,NA,NA,NA,NA,NA,NA,NA,NA,NA,NA,"A series of shortwave disturbances dropped into the Great Basin from the Pacific Northwest. This, paired with above normal precipitable water and jet support aloft, resulted in a prolonged period of moderate to heavy snow for Eastern Utah. Snow bands also resulted in locally higher amounts for some areas. While there was a brief break in activity for some areas between systems on the morning of the 22, some areas saw continuous snowfall through the three-day period. Wind gusts exceeded 30 mph in the valleys throughout the event.",Generally 2 to 6 inches of snow fell across the area.,CSV
202201,7,800,202201,7,1200,166117,1004370,IDAHO,16,2022,January,Avalanche,Z,6,SOUTHERN CLEARWATER MOUNTAINS,16006,MSO,07-JAN-22 08:00:00,PST-8,07-JAN-22 12:00:00,0,0,0,0,0.00K,0.00K,Department of Highways,NA,NA,NA,NA,NA,NA,NA,NA,NA,NA,NA,NA,NA,NA,NA,NA,NA,NA,NA,NA,NA,"An atmospheric river brought very heavy snow to north-central Idaho that triggered multiple impacts including treefall, avalanche, road closures, and hazardous travel.","A large avalanche, more than 10 feet deep and up to 40 feet wide was triggered by heavy snow near milepost 136 on US-12. This along with treefall caused the highway to be closed for 3 days. The last time an avalanche crossed US-12 was in 2008. The date and time of the avalanche is a coarse estimate.",CSV
202205,1,1300,202205,1,1320,168203,1018187,ARIZONA,4,2022,May,Avalanche,Z,39,BLACK MESA AREA,04039,FGZ,01-MAY-22 13:00:00,MST-7,01-MAY-22 13:20:00,0,0,0,0,0.00K,0.00K,ASOS,NA,NA,NA,NA,NA,NA,NA,NA,NA,NA,NA,NA,NA,NA,NA,NA,NA,NA,NA,NA,NA,A trough diving through the Great Basin and into Colorado brought very windy and dry conditions northern Arizona. The windiest areas were just north of the Mogollon Rim.,The Window Rock Airport reported a peak wind gust of 62 MPH at 109 PM MST.,CSV
202205,1,1145,202205,1,1215,168203,1018174,ARIZONA,4,2022,May,Avalanche,Z,12,LITTLE COLORADO RIVER VALLEY IN COCONINO COUNTY,04012,FGZ,01-MAY-22 11:45:00,MST-7,01-MAY-22 12:15:00,0,0,0,0,0.00K,0.00K,Mesonet,NA,NA,NA,NA,NA,NA,NA,NA,NA,NA,NA,NA,NA,NA,NA,NA,NA,NA,NA,NA,NA,A trough diving through the Great Basin and into Colorado brought very windy and dry conditions northern Arizona. The windiest areas were just north of the Mogollon Rim.,The wind sensor along Interstate 40 at Two Guns reported high wind gusts between 1145 AM and 1215 PM. The peak wind gust was 60 MPH at 1153 AM.,CSV
202203,17,1400,202203,17,1400,167685,1014868,WYOMING,56,2022,March,Avalanche,Z,12,TETON & GROS VENTRE MOUNTAINS,56012,RIW,17-MAR-22 14:00:00,MST-7,17-MAR-22 14:00:00,1,0,1,0,0.00K,0.00K,Other Federal Agency,NA,NA,NA,NA,NA,NA,NA,NA,NA,NA,NA,NA,NA,NA,NA,NA,NA,NA,NA,NA,NA,"A group of backcountry skiers triggered an avalanche in the Game Creek drainage on the west slope of the Teton Range. A man and a woman were caught in the avalanche and buried. The two were uncovered by their companions. The man was given CPR, but succumbed to his injuries. The woman was conscious and airlifted to a hospital.",Please see episode for a description.,CSV
202205,29,800,202205,29,800,168096,1017473,COLORADO,8,2022,May,Avalanche,Z,33,S & E JACKSON / LARIMER / N & NE GRAND / NW BOULDER COUNTIES ABOVE 9000 FEET,08033,BOU,29-MAY-22 08:00:00,MST-7,29-MAY-22 08:00:00,2,0,1,0,0.00K,0.00K,Broadcast Media,NA,NA,NA,NA,NA,NA,NA,NA,NA,NA,NA,NA,NA,NA,NA,NA,NA,NA,NA,NA,NA,"An rockfall and avalanche occurred near the Dreamweaver Couloir on Mt. Meeker. Three climbers were involved in the incident, a female and two males. One of the male climbers was killed and recovered later that day.  Due to the location and severity of injuries of the other male, Rocky Mountain National Park Search and Rescue requested assistance from a Colorado National Guard helicopter. The female suffered minor injuries.",Three climbers were caught in a rockslide and avalanche.,CSV
202204,28,900,202204,29,900,168948,1023930,MONTANA,30,2022,April,Avalanche,Z,52,JEFFERSON,30052,TFX,28-APR-22 09:00:00,MST-7,29-APR-22 09:00:00,0,0,0,0,0.00K,0.00K,Mesonet,NA,NA,NA,NA,NA,NA,NA,NA,NA,NA,NA,NA,NA,NA,NA,NA,NA,NA,NA,NA,NA,"A broad upper trough in place across the western CONUS gained a negative tilt as a shortwave traversed through it. A mid level low spread across the region bringing snow, but was an overall disappointment in terms of overall QPF/total snow.",Snotel Tizer Basin measured an estimated 9 inches of snow over 24 hours.,CSV
202203,17,1400,202203,17,1405,166597,1007737,COLORADO,8,2022,March,Avalanche,Z,19,SOUTHWESTERN SAN JUAN MOUNTAINS,08019,GJT,17-MAR-22 14:00:00,MST-7,17-MAR-22 14:05:00,0,0,1,0,0.00K,0.00K,State Official,NA,NA,NA,NA,NA,NA,NA,NA,NA,NA,NA,NA,NA,NA,NA,NA,NA,NA,NA,NA,NA,"Early winter storms dropped heavy snow over the San Juan Mountains in late December 2021 followed by over a month of dry weather into mid February 2022. By mid February, snowfall picked back up across the Colorado High Country with a series of winter storms passing through over the course of several weeks. The dry period in between weakened the snowpack, resulting in hazardous backcountry conditions into the month of March.","At around 2:00 PM on March 17, 2022, a solo backcountry snowboarder was caught, buried, and killed in an avalanche south of Trout Lake, about five miles southwest of the town of Ophir.",CSV
202203,19,1220,202203,19,1225,166601,1007746,COLORADO,8,2022,March,Avalanche,Z,4,ELKHEAD AND PARK MOUNTAINS,08004,GJT,19-MAR-22 12:20:00,MST-7,19-MAR-22 12:25:00,0,0,1,0,0.00K,0.00K,State Official,NA,NA,NA,NA,NA,NA,NA,NA,NA,NA,NA,NA,NA,NA,NA,NA,NA,NA,NA,NA,NA,"Winter storms dropped heavy snow over the mountains across Western Colorado in late December 2021 followed by over a month of dry weather into mid February 2022. By mid February, a series of new winter storms brought more heavy snow to the Colorado High Country. The dry period in between weakened the snowpack, resulting in hazardous backcountry conditions into the month of March.","On March 19, two backcountry skiers planned a trip to an area locally known as the Dome in the North Fork of Fish Creek. The area is approximately eight miles east of the town of Steamboat Springs.  While descending into a steeper, more open area, one of the skiers triggered an avalanche, was swept downhill and pinned against a tree.  The second skier witnessed the avalanche and attempted CPR for over one hour before First Responders arrived. All attempts to revive the victim failed.",CSV
202203,12,1200,202203,12,1200,166711,1008495,WYOMING,56,2022,March,Avalanche,Z,112,SIERRA MADRE RANGE,56112,CYS,12-MAR-22 12:00:00,MST-7,12-MAR-22 12:00:00,0,0,1,0,NA,NA,State Official,NA,NA,NA,NA,NA,NA,NA,NA,NA,NA,NA,NA,NA,NA,NA,NA,NA,NA,NA,NA,NA,Avalanche occurred in the Sierra Madres within the Encampment River Wilderness resulting in the death of a snowmobiler.,"Avalanche occurred in the Sierra Madres within the Encampment River Wilderness where a snowmobiler was caught, buried, and killed. The avalanche was triggered by the snowmobiler attempting to climb a steep slope within forested terrain in the vicinity of Green Mountain and the South Fork of Miner Creek.",CSV
202203,10,600,202203,11,500,165845,1002694,NEW MEXICO,35,2022,March,Avalanche,Z,213,NORTHERN SANGRE DE CRISTO MOUNTAINS,35213,ABQ,10-MAR-22 06:00:00,MST-7,11-MAR-22 05:00:00,0,0,0,0,0.00K,0.00K,Other Federal Agency,NA,NA,NA,NA,NA,NA,NA,NA,NA,NA,NA,NA,NA,NA,NA,NA,NA,NA,NA,NA,NA,"A winter storm system brought widespread snow to northern and central New Mexico on March 10-11, 2022. By early on March 10th, this storm strengthened over northern Arizona before tracking eastward across New Mexico on the 11th. Rain and snow showers first began across northwest and west central New Mexico early in the day on the 10th before becoming more widespread throughout that afternoon and into the 11th. Meanwhile, a strong backdoor cold front that moved through eastern New Mexico helped to enhance snowfall totals across the east slopes and adjacent highlands due to the much colder air and easterly upslope flow behind it. The highest snowfall totals were generally focused across northern New Mexico where the mountainous terrain received snow totals of 10 to 20 inches and the upper Rio Grande Valley and northeast highlands generally received around 6 inches. These heavier snow totals extended to also include the Sandia and Manzano Mountains as well as the west central plateau where near 6 inches of snow was also common. Lesser amounts were generally found elsewhere with 2 to 4 inches common across the eastern plains and the northwest highlands. This heavy snow did result in widespread travel impacts, especially across western and northern New Mexico. Interstate 40 near Gallup and U.S. Highway 64 from Taos to Eagle Nest were particularly impacted. Multiple vehicle accidents that involved semi trucks was reported along Interstate 40 near Thoreau. Impacts: heavy snow, avalanches, vehicle accidents, travel impacts.","The Taos Avalanche Center reported widespread avalanche activity in the backcountry across the northern Sangre de Cristo Mountains on March 10th. Weak layers deep down in the snowpack could not support the weight of the 10 to 20 inches of heavy snow that fell with this winter storm along with additional heavy snow that had fallen in the week prior. These avalanches that occurred were hundreds of feet wide and about 3 to 5 feet thick and ran well into the trees that were over 1,000 feet below. While nobody was hurt, there was one close call when a skier was pushed over in steep terrain and was buried in a tree well for several minutes. Fortunately, their friends were able to dig them out. An Avalanche Warning that was in effect for the area kept other traffic low in the backcountry during this storm. The only damages done were to trees.",CSV
202205,10,930,202205,17,1346,169294,1050870,ALASKA,2,2022,May,Avalanche,Z,101,ANCHORAGE MUNI TO BIRD CREEK,02101,AFC,10-MAY-22 09:30:00,AKST-9,17-MAY-22 13:46:00,0,0,0,0,NA,0.00K,County Official,NA,NA,NA,NA,NA,NA,NA,NA,NA,NA,NA,NA,NA,NA,NA,NA,NA,NA,NA,NA,NA,"Snowmelt flooding in the Copper River Basin, specifically along Moose Creek near the town of Glennallen, AK.","Snowmelt flooding in the Copper River Basin, specifically Moose Creek near the town of Glennallen, AK, off the upper Moose Creek drainage.  Flooding was reported at the Fire Station (2-4' of water), at the AT&T equipment building, the old DOT buildings, and the Library parking lot and the Legislative Information Office were sandbagged. Flood waters were also noted at the Bureau of Land Management parking areas and roadways, surrounding some of the cabins, and blocking the roads. Pictures and reports showed the river had high, swift, dangerous waters. The Gulkana River flooded as well. Newspaper article located here: https://www.countryjournal2020.com/2022/05/moose-creek-throws-tantrum-floods-lower.html.",CSV
202208,27,1600,202208,27,1620,173813,1054330,ARIZONA,4,2022,August,Avalanche,Z,533,CENTRAL LA PAZ,04533,PSR,27-AUG-22 16:00:00,MST-7,27-AUG-22 16:20:00,0,0,0,0,0.00K,0.00K,Trained Spotter,NA,NA,NA,NA,NA,NA,NA,NA,NA,NA,NA,NA,NA,NA,NA,NA,NA,NA,NA,NA,NA,"High pressure situated south of the International Border led to a westerly flow aloft, which caused dry air advection. However, there was still sufficient moisture (PWAT around 1.5 inches) and instability (MLCAPE 1000-2000 J/KG) as well as a subtle disturbance in the upper-levels to result in the development of strong thunderstorms across portions of south-central and southwest Arizona. Downdraft CAPE values were also in excess of 1500 J/KG, which led to favorable conditions for some of these thunderstorms to produce severe wind gusts.",Visibility of near zero reported for a couple of miles near the area of I-10 and Vicksburg Road. No accidents or injuries were reported.,CSV
202211,4,2200,202211,5,1500,175920,1068182,WASHINGTON,53,2022,November,Avalanche,Z,507,EVERETT AND VICINITY,53507,SEW,04-NOV-22 22:00:00,PST-8,05-NOV-22 15:00:00,0,1,0,0,0.00K,0.00K,Broadcast Media,NA,NA,NA,NA,NA,NA,NA,NA,NA,NA,NA,NA,NA,NA,NA,NA,NA,NA,NA,NA,NA,An atmospheric river pushed heavy rain and gusty winds throughout Western Washington causing numerous damage reports as wind advisories and high wind warnings were issued.,Woman critically injured after tree falls onto Marysville home during the windstorm in which we had a high wind warning issued in this area.,CSV
202212,31,0,202212,31,2359,175283,1062787,MONTANA,30,2022,December,Avalanche,Z,67,ABSAROKA / BEARTOOTH MOUNTAINS,30067,BYZ,31-DEC-22 00:00:00,MST-7,31-DEC-22 23:59:00,0,0,1,0,0.00K,0.00K,Park/Forest Service,NA,NA,NA,NA,NA,NA,NA,NA,NA,NA,NA,NA,NA,NA,NA,NA,NA,NA,NA,NA,NA,"On December 31, a snowmobiler was killed in a very large avalanche north of Cooke City, Montana. The avalanche occurred near Daisy Pass on Crown Butte on a southeast facing slope at 9,800'. Two brothers (age 17 and 21) from Washington were snowmobiling uphill on adjacent slopes. The older brother was climbing a steeper slope and triggered the avalanche 100-200' below the top. He was carried 600 vertical feet and buried 5 feet deep. The buried rider was wearing an airbag pack that was not deployed. Both riders had shovels and probes. They were not wearing avalanche beacons. A nearby group of riders rode up to the slide within minutes after it happened, saw a buried snowmobile and began to search for the rider. One rider from that group went into Cooke City to alert Search and Rescue. The buried rider was located with a probe line an hour after the avalanche happened. He was unable to be revived with CPR and AED at the site. The avalanche appeared to be 2-4' deep, 500' wide, 600' vertical, and broke on weak snow near the bottom of the snowpack. For more information, please see www.mtavalanche.com.",Please see Episode write-up.,CSV
202212,26,1200,202212,26,1200,175177,1061949,COLORADO,8,2022,December,Avalanche,Z,34,S & SE GRAND / W CENTRAL & SW BOULDER / GILPIN / CLEAR CREEK / SUMMIT / N & W PARK COUNTIES ABOVE 9000 FEET,08034,BOU,26-DEC-22 12:00:00,MST-7,26-DEC-22 12:00:00,0,0,1,0,0.00K,0.00K,State Official,NA,NA,NA,NA,NA,NA,NA,NA,NA,NA,NA,NA,NA,NA,NA,NA,NA,NA,NA,NA,NA,"An avalanche caught 4 backcountry skiers, two were buried, one was killed. A large avalanche near the summit of Berthoud Pass in an area locally known as Nitro Chute. Nitro Chute is an east-facing avalanche path around 11,500 feet. Two of the riders were able to stay on the surface; the other two riders were completely buried. The party was able to locate both buried riders using their avalanche transceivers. One of the riders was breathing when he was uncovered. The other was not. The party, along with a group of bystanders, performed CPR, but their efforts were unsuccessful. Deputies from the Grand County Sheriff's department, along with Grand County SAR, were able to recover the victim before sundown.",A large avalanche completely buried a backcountry skier near Berthoud Pass. He died at the scene of the incident.,CSV
202212,31,1300,202212,31,1300,175479,1064479,COLORADO,8,2022,December,Avalanche,Z,34,S & SE GRAND / W CENTRAL & SW BOULDER / GILPIN / CLEAR CREEK / SUMMIT / N & W PARK COUNTIES ABOVE 9000 FEET,08034,BOU,31-DEC-22 13:00:00,MST-7,31-DEC-22 13:00:00,0,0,1,0,NA,0.00K,State Official,NA,NA,NA,NA,NA,NA,NA,NA,NA,NA,NA,NA,NA,NA,NA,NA,NA,NA,NA,NA,NA,"A man died in an avalanche in a backcountry area called The Numbers, located outside the Breckenridge Ski Resort boundary on Peak 10.  A father and his adult son were caught in the avalanche.  The father was partially buried and the son fully buried.  The father was able to dig himself out and had to ski out of the area to get cell phone reception for a 911 call.  The son was found later in the afternoon.",A man died in an avalanche outside the Breckenridge Ski Resort boundary on Peak 10.,CSV
202202,6,1648,202202,6,1648,166894,1009762,MONTANA,30,2022,February,Avalanche,Z,55,GALLATIN,30055,TFX,06-FEB-22 16:48:00,MST-7,06-FEB-22 16:48:00,0,0,1,0,NA,0.00K,Park/Forest Service,NA,NA,NA,NA,NA,NA,NA,NA,NA,NA,NA,NA,NA,NA,NA,NA,NA,NA,NA,NA,NA,"On February 6 a group of 4 men from Iowa were riding in Lionhead. They had ridden in the area for the last 12-15 winters. They all had a beacon, shovel and probe, and 3 of the 4 had airbag packs, including the victim. They all had taken avalanche awareness classes multiple times and read the GNFAC avalanche forecast that morning. The site of the avalanche is locally referred to as ���Ski Hill���, a common slope for snowmobilers to ride ever since a large avalanche cleared trees from the bottom of the path in March 2012. The party knew this was avalanche terrain and had seen the slope slide before.|Bradie (30 years old), the victim, was an expert rider who spent 3 winters in the area. No one witnessed the avalanche, but his brother believes he was sidehilling across the slope, which he had done earlier. Two of the 4 were on top of the slope and out of view. His brother rode up the hill from the bottom of Denny Creek when he saw avalanche debris and Bradie���s flipped sled. Further upslope he spotted orange fabric from a deflated airbag against a tree. He made his way over on sled and foot. It is undetermined if Bradie deployed the airbag or if the zipper opened and spilled the fabric out of the pack. The bright color signaled his location. The brother estimates 10-15 minutes passed from when the avalanche was triggered to when he saw it. It took him another 5-10 minutes to reach and uncover his brother. Bradie had his back pressed against a tree, head helmeted and slightly uphill, but buried under a foot of debris. He was not breathing, although his brother heard a few gasps after digging him out.",Gallatin National Forest Avalanche Center reports a snowmobiler was caught in a natural avalanche near the Lionhead Recreation area. Individual was carried into trees by the avalanche.,CSV
202212,11,300,202212,12,1900,176470,1071498,IDAHO,16,2022,December,Avalanche,Z,73,SUN VALLEY REGION,16073,PIH,11-DEC-22 03:00:00,MST-7,12-DEC-22 19:00:00,0,0,0,0,0.00K,0.00K,Department of Highways,NA,NA,NA,NA,NA,NA,NA,NA,NA,NA,NA,NA,NA,NA,NA,NA,NA,NA,NA,NA,NA,Another storm system brought extremely heavy snow to the southeastern Idaho mountains and widespread snow across the entire region.,An avalanche brought debris across highway 75 and it was shut down going over Galena Summit on the 11th and 12th.  It was closed from 22 miles north of Ketchum to 24 miles sough of Stanley.,CSV
202207,18,1700,202207,18,1700,170362,1033806,MONTANA,30,2022,July,Avalanche,Z,53,BROADWATER,30053,TFX,18-JUL-22 17:00:00,MST-7,18-JUL-22 17:00:00,0,0,0,0,0.00K,0.00K,Mesonet,NA,NA,NA,NA,NA,NA,NA,NA,NA,NA,NA,NA,NA,NA,NA,NA,NA,NA,NA,NA,NA,"Deep southwesterly flow aloft developed in advance of a vigorous upper-level low leading to the development of storm activity, some severe, across much of the CWA, but particularly along the Hi-Line. Although some hail was produced, this was primarily a strong, gusty wind event.",Mesonet station GINM8 (Ginger) measured 60 mph wind gust.,CSV
202212,5,1600,202212,5,1600,176486,1073564,MONTANA,30,2022,December,Avalanche,Z,330,GALLATIN AND MADISON COUNTY MOUNTAINS AND CENTENNIAL MOUNTAINS,30330,TFX,05-DEC-22 16:00:00,MST-7,05-DEC-22 16:00:00,0,0,0,0,0.00K,0.00K,Park/Forest Service,NA,NA,NA,NA,NA,NA,NA,NA,NA,NA,NA,NA,NA,NA,NA,NA,NA,NA,NA,NA,NA,Conditions were favorable at times for avalanches to occur across the higher terrain of Southwest Montana. A couple of the more significant avalanches have been included in Storm Data.,Two skiers triggered and were caught in an avalanche near the Bridger Range. They were uninjured. No detailed information is available. Wind was blowing strong with gusts reaching 55 mph from the west at the ridgeline. Time of event is pure estimate.,CSV
202212,2,1000,202212,2,1000,176486,1071685,MONTANA,30,2022,December,Avalanche,Z,330,GALLATIN AND MADISON COUNTY MOUNTAINS AND CENTENNIAL MOUNTAINS,30330,TFX,02-DEC-22 10:00:00,MST-7,02-DEC-22 10:00:00,0,0,0,0,0.00K,0.00K,Park/Forest Service,NA,NA,NA,NA,NA,NA,NA,NA,NA,NA,NA,NA,NA,NA,NA,NA,NA,NA,NA,NA,NA,Conditions were favorable at times for avalanches to occur across the higher terrain of Southwest Montana. A couple of the more significant avalanches have been included in Storm Data.,"Two natural soft slab avalanches near Ernie Miller ridge. Avalanche warning in effect at the time. Observers noted many collapses and whumpfs in the snowpack. Looking toward Ernie Miller Ridge, observers noted an old crown in the main bowl just below the summit. It was on an ENE aspect, 200 or more feet wide and looked to be filled in with new snow but was still visible. Looking east from the top of the ridge, observers noted another crown on a west aspect that looked to be about 100 wide and deep.",CSV
202303,12,1100,202303,12,1200,179151,1090814,IDAHO,16,2023,March,Avalanche,Z,72,SAWTOOTH-STANLEY BASIN,16072,PIH,12-MAR-23 11:00:00,MST-7,12-MAR-23 12:00:00,0,0,1,0,0.00K,0.00K,Emergency Manager,NA,NA,NA,NA,NA,NA,NA,NA,NA,NA,NA,NA,NA,NA,NA,NA,NA,NA,NA,NA,NA,"At around 1230 PM MDT a 29 year old snowmobiler was killed when buried under 6 feet of snow due to an avalanche near Observation Peak in the Stanley Lake Creek drainage area.  The elevation was about 8,500 feet.","At around 1230 PM MDT a 29 year old snowmobiler was killed when buried under 6 feet of snow due to an avalanche near Observation Peak in the Stanley Lake Creek drainage area.  The elevation was about 8,500 feet.",CSV
202303,15,300,202303,15,1200,179178,1091078,IDAHO,16,2023,March,Avalanche,Z,63,CARIBOU RANGE,16063,PIH,15-MAR-23 03:00:00,MST-7,15-MAR-23 12:00:00,0,0,0,0,0.00K,0.00K,Emergency Manager,NA,NA,NA,NA,NA,NA,NA,NA,NA,NA,NA,NA,NA,NA,NA,NA,NA,NA,NA,NA,NA,"Another in a series of Pacific storms brought more heavy snow, high winds and avalanches resulting in some road closures across southeast Idaho.",An avalanche went across US Highway 26 just southeast of Palisades with 6 feet of snow across the road at 430 AM MDT then a resulting Rock slide occurred at 630 AM MDT with 4 feet of rock across the roadway.   The highway closed down then from Swan Valley to the Wyoming border.,CSV
202303,27,1200,202303,27,1700,179200,1091266,IDAHO,16,2023,March,Avalanche,Z,56,SOUTHERN HILLS-ALBION MOUNTAINS,16056,PIH,27-MAR-23 12:00:00,MST-7,27-MAR-23 17:00:00,0,0,0,0,0.00K,0.00K,Park/Forest Service,NA,NA,NA,NA,NA,NA,NA,NA,NA,NA,NA,NA,NA,NA,NA,NA,NA,NA,NA,NA,NA,"A continual influx of Pacific moisture and colder than normal temperatures brought rounds of very heavy snow, strong winds, avalanches, and road closures throughout southeast Idaho in an extended period.   Events were difficult to separate and treated as one continual event.",Three snowboarders and one skier were buried when they triggered an avalanche above the roadway in Howell Canyon.   Two were near the surface and were able to dig themselves out and then dig the other two out or the snow.   No injuries occurred.   the avalanche and mitigation closed Pomerelle ski resort on the 28th.,CSV
202302,21,1400,202302,21,1600,178142,1083697,IDAHO,16,2023,February,Avalanche,Z,61,BEAR LAKE VALLEY,16061,PIH,21-FEB-23 14:00:00,MST-7,21-FEB-23 16:00:00,0,0,0,0,0.00K,0.00K,Department of Highways,NA,NA,NA,NA,NA,NA,NA,NA,NA,NA,NA,NA,NA,NA,NA,NA,NA,NA,NA,NA,NA,"Another Pacific storm system brought another year of strong winds, heavy snow with road closures, hazardous travel and school closings.",An avalanche occurred at around 2:30 PM and closed a section of US Highway 89 between Montpelier and the Wyoming border on the 21st.   It completely covered a portion of the road and it was reopened by 3:30 PM.,CSV
202303,1,1,202303,1,930,179577,1093770,CALIFORNIA,6,2023,March,Avalanche,Z,72,GREATER LAKE TAHOE AREA,06072,REV,01-MAR-23 00:01:00,PST-8,01-MAR-23 09:30:00,0,0,0,0,0.00K,0.00K,Law Enforcement,NA,NA,NA,NA,NA,NA,NA,NA,NA,NA,NA,NA,NA,NA,NA,NA,NA,NA,NA,NA,NA,This is a wrap-up of a series of winter storms that brought periods of heavy snow and blizzard conditions to the Sierra that included attendant prolonged travel and commerce disruptions through mountain passes till March 1.,"Law enforcement reported an avalanche around 7 p.m. Tuesday evening (28Feb), an avalanche struck an occupied three-story apartment building in Olympic valley. Fortunately, all occupants were uninjured and able to evacuate the building with help from fire crews. The avalanche was approximately 200 yards wide and 25 feet deep, and engulfed the bottom 2 stories of the building.",CSV
202302,22,730,202302,22,745,176636,1073032,NEW MEXICO,35,2023,February,Avalanche,Z,213,NORTHERN SANGRE DE CRISTO MOUNTAINS,35213,ABQ,22-FEB-23 07:30:00,MST-7,22-FEB-23 07:45:00,0,0,0,0,2.00K,NA,Local Official,NA,NA,NA,NA,NA,NA,NA,NA,NA,NA,NA,NA,NA,NA,NA,NA,NA,NA,NA,NA,NA,"A strong portion of the jetstream associated with a deep upper level low brought damaging winds to portions of northern and central NM February 22, 2023. Peak gusts regularly topped 70 mph, with the Santa Fe Airport recording a peak gust of 85 mph. The Magdalena Observatory also measured a peak gust of 93 mph in the San Mateo Mountains of western Socorro County. There were numerous reports of down trees, mostly within the Rio Grande Valley stretching from near Socorro to the Albuquerque metro. The most extreme of these wind damage reports included down transmission or communication towers at the Sandia Crest. This storm system also brought winter storm conditions, mostly to western and northern NM. These include reports of heavy snow, road closures along Interstate 40, and an avalanche at the Taos Ski Valley.",Deputy County Manager Jason Silva relayed an avalanche report within the Taos Ski Valley on Upper Twining Road. The avalanche crossed Rubezahl Trail and Lake Fork River bringing a reported 10 to 12 feet of snow. Taos Ski Valley reported houses and people were safe.,CSV
202301,7,1400,202301,7,1400,175478,1064478,COLORADO,8,2023,January,Avalanche,Z,34,S & SE GRAND / W CENTRAL & SW BOULDER / GILPIN / CLEAR CREEK / SUMMIT / N & W PARK COUNTIES ABOVE 9000 FEET,08034,BOU,07-JAN-23 14:00:00,MST-7,07-JAN-23 14:00:00,0,0,2,0,NA,0.00K,Park/Forest Service,NA,NA,NA,NA,NA,NA,NA,NA,NA,NA,NA,NA,NA,NA,NA,NA,NA,NA,NA,NA,NA,"Two snowmobilers were caught, buried, and killed in a large avalanche on the east face of Mount Epworth near Corona Pass, about 6 miles east of Winter Park. Another group in the area was able to locate one of the riders with a transceiver. They performed CPR, but their efforts were unsuccessful. The second rider was not wearing an avalanche transceiver. Grand County Sheriff's Deputies and Grand County search and rescue were unable to locate the second rider before dark. They continued the search the following day and the second victim was recovered.","Two snowmobilers were caught, buried and killed by a large avalanche.",CSV
202301,9,1230,202301,9,1230,177396,1078851,NEVADA,32,2023,January,Avalanche,Z,19,SPRING MOUNTAINS,32019,VEF,09-JAN-23 12:30:00,PST-8,09-JAN-23 12:30:00,0,0,1,0,0.00K,0.00K,Broadcast Media,NA,NA,NA,NA,NA,NA,NA,NA,NA,NA,NA,NA,NA,NA,NA,NA,NA,NA,NA,NA,NA,"A hiker was killed in an avalanche at an elevation of approximately 11,000 feet in the Spring Mountains.","A group of hikers near 11,000 feet were hit by an avalanche, which killed one member of the group.",CSV
202301,10,1421,202301,10,1421,177400,1078882,CALIFORNIA,6,2023,January,Avalanche,Z,519,EASTERN SIERRA SLOPES OF INYO COUNTY,06519,VEF,10-JAN-23 14:21:00,PST-8,10-JAN-23 14:21:00,0,0,0,0,500.00K,0.00K,Law Enforcement,NA,NA,NA,NA,NA,NA,NA,NA,NA,NA,NA,NA,NA,NA,NA,NA,NA,NA,NA,NA,NA,"An atmospheric river impacted the Sierra, bringing heavy snow to areas above about 7000 feet and heavy rain at lower elevations.",An avalanche hit three homes in the Aspendell area. One home suffered major damage.,CSV
202302,27,930,202302,27,1000,177644,1080421,CALIFORNIA,6,2023,February,Avalanche,Z,56,RIVERSIDE COUNTY MOUNTAINS,06056,SGX,27-FEB-23 09:30:00,PST-8,27-FEB-23 10:00:00,0,0,0,0,0.00K,0.00K,County Official,NA,NA,NA,NA,NA,NA,NA,NA,NA,NA,NA,NA,NA,NA,NA,NA,NA,NA,NA,NA,NA,"After a powerful winter storm brought historic amounts of snow to the mountains in Southern California, an avalanche on the north-facing slopes of Mount San Jacinto in Riverside County was observed by nearby travelers. Three feet of snow had fallen at elevations near 8500 feet on the mountain.","An avalanche on Mount San Jacinto was captured in photos and video by nearby travelers, which were then shared by the Riverside County Mountain Rescue Organization. No other specific impacts are known at this time.",CSV
202302,25,900,202302,25,915,176888,1075012,COLORADO,8,2023,February,Avalanche,Z,19,SOUTHWESTERN SAN JUAN MOUNTAINS,08019,GJT,25-FEB-23 09:00:00,MST-7,25-FEB-23 09:15:00,2,0,2,0,0.00K,0.00K,State Official,NA,NA,NA,NA,NA,NA,NA,NA,NA,NA,NA,NA,NA,NA,NA,NA,NA,NA,NA,NA,NA,"A series of winter storms brought heavy, wind swept snow, to the mountains of southwest Colorado from mid to late February. This snow fell on an older layer of snow that was deposited in late January and early February, which had become more faceted and weak. As a result, an avalanche was triggered south of Vallecito Reservoir.","Two backcountry skiers unintentionally triggered an avalanche on a northwest-facing slope near Vallecito Reservoir. The avalanche was 12 to 30 inches deep and about 200 feet wide at the crown face. It ran about 300 vertical feet through a burn scar, stumps, small aspens, and thick willows. Both of the skiers were buried and did not survive. The time of the avalanche is unknown, but occurred sometime during the mid morning hours.",CSV
202302,19,1300,202302,19,1320,177664,1080534,WASHINGTON,53,2023,February,Avalanche,Z,48,WESTERN CHELAN COUNTY,53048,OTX,19-FEB-23 13:00:00,PST-8,19-FEB-23 13:20:00,1,0,3,0,0.00K,0.00K,Park/Forest Service,NA,NA,NA,NA,NA,NA,NA,NA,NA,NA,NA,NA,NA,NA,NA,NA,NA,NA,NA,NA,NA,An incoming system brought heavy mountain snow of at least 18 inches and strong winds of 60 plus MPH.,A group of 6 hikers caused a slab avalanche near Northeast Couloir route on Colchuck Peak. It resulted in 3 deaths and 1 injury.,CSV
202303,10,1000,202303,10,1100,178970,1089495,CALIFORNIA,6,2023,March,Avalanche,Z,519,EASTERN SIERRA SLOPES OF INYO COUNTY,06519,VEF,10-MAR-23 10:00:00,PST-8,10-MAR-23 11:00:00,0,0,0,0,0.00K,0.00K,Public,NA,NA,NA,NA,NA,NA,NA,NA,NA,NA,NA,NA,NA,NA,NA,NA,NA,NA,NA,NA,NA,Yet another atmospheric river brought heavy rain and snow to the Sierra Nevada and the Owens Valley on the 9th and 10th. Flooding persisted for several days after.,Several small avalanches occurred near Habegger Lane 2 miles E of Aspendell.,CSV
202303,15,935,202303,15,935,178975,1091416,CALIFORNIA,6,2023,March,Avalanche,Z,519,EASTERN SIERRA SLOPES OF INYO COUNTY,06519,VEF,15-MAR-23 09:35:00,PST-8,15-MAR-23 09:35:00,0,0,0,0,0.00K,0.00K,Law Enforcement,NA,NA,NA,NA,NA,NA,NA,NA,NA,NA,NA,NA,NA,NA,NA,NA,NA,NA,NA,NA,NA,"Another atmospheric river pounded California with heavy snow, flooding rains, and strong to severe thunderstorms.",An avalanche covered South Lake Road one mile NNE of the Bishop Pass trailhead.,CSV
202303,29,847,202303,29,847,178983,1089518,CALIFORNIA,6,2023,March,Avalanche,Z,519,EASTERN SIERRA SLOPES OF INYO COUNTY,06519,VEF,29-MAR-23 08:47:00,PST-8,29-MAR-23 08:47:00,0,0,0,0,0.00K,0.00K,Law Enforcement,NA,NA,NA,NA,NA,NA,NA,NA,NA,NA,NA,NA,NA,NA,NA,NA,NA,NA,NA,NA,NA,Cold low pressure digging south from the Gulf of Alaska brought heavy snow to the Sierra Nevada and isolated high winds to the Mojave Desert.,An avalanche covered South Lake Road.,CSV
202303,9,915,202303,10,915,177661,1099341,NEVADA,32,2023,March,Avalanche,Z,2,GREATER LAKE TAHOE AREA,32002,REV,09-MAR-23 09:15:00,PST-8,10-MAR-23 09:15:00,0,0,0,0,0.00K,0.00K,Public,NA,NA,NA,NA,NA,NA,NA,NA,NA,NA,NA,NA,NA,NA,NA,NA,NA,NA,NA,NA,NA,"Strong, even damaging west-southwest winds increased travel hazards especially to high profile trucks but also increased the danger for destructive avalanches across the region. Snow started at all elevations Thursday evening with snow levels rapidly rising Friday morning.  Heavy, wet snow (Sierra Nevada Cement) fell across higher elevation areas as snow levels rose to 7000 feet over the region.  Heavy rainfall increased the possibility of flooding for lower elevation creeks, streams, along with urban drainage issues due to snow berms. Significant rises on mainstem rivers were monitored for flooding. Deep, cold snowpack absorbed most liquid precipitation during this second AR supported storm system.","The public reported 1.0 mi NNW of Diamond Peak Ski Resort that NV-431, the main mountain highway between Reno and Lake Tahoe basin, had been buried by an avalanche. The roadway was covered by some 20 ft. of snow according to the report.",CSV
202303,10,900,202303,10,1100,179152,1090927,IDAHO,16,2023,March,Avalanche,Z,75,WOOD RIVER FOOTHILLS,16075,PIH,10-MAR-23 09:00:00,MST-7,10-MAR-23 11:00:00,0,0,0,0,NA,0.00K,911 Call Center,NA,NA,NA,NA,NA,NA,NA,NA,NA,NA,NA,NA,NA,NA,NA,NA,NA,NA,NA,NA,NA,"A strong late winter Pacific storm brought heavy snow, heavy rain and strong winds which closed roads across southeastern Idaho.  Reports of flooding and wind damage also occurred.",Avalanche struck 2 homes on War Eagle Dr near Della Vista Dr.  Two homes impacted one with minor damage and the other significant with snow breaking through windows and doors leaving piles of snow up to 3 feet deep.   Water backed up on War Eagle Dr to 1 foot after debris piles in Big Wood river were 15 to 30 feet deep.,CSV
202303,10,1224,202303,10,1400,179152,1090930,IDAHO,16,2023,March,Avalanche,Z,75,WOOD RIVER FOOTHILLS,16075,PIH,10-MAR-23 12:24:00,MST-7,10-MAR-23 14:00:00,0,0,0,0,0.00K,0.00K,Law Enforcement,NA,NA,NA,NA,NA,NA,NA,NA,NA,NA,NA,NA,NA,NA,NA,NA,NA,NA,NA,NA,NA,"A strong late winter Pacific storm brought heavy snow, heavy rain and strong winds which closed roads across southeastern Idaho.  Reports of flooding and wind damage also occurred.",Avalanche reported on Indian Creek Road near Sioux Dr.,CSV
202303,10,1145,202303,10,1226,179152,1090933,IDAHO,16,2023,March,Avalanche,Z,73,SUN VALLEY REGION,16073,PIH,10-MAR-23 11:45:00,MST-7,10-MAR-23 12:26:00,0,0,0,0,0.00K,0.00K,911 Call Center,NA,NA,NA,NA,NA,NA,NA,NA,NA,NA,NA,NA,NA,NA,NA,NA,NA,NA,NA,NA,NA,"A strong late winter Pacific storm brought heavy snow, heavy rain and strong winds which closed roads across southeastern Idaho.  Reports of flooding and wind damage also occurred.",Avalanche along Lake Creek Rd off of Idaho 75 north of Ketchum with people trapped in a vehicle.,CSV
202303,10,1630,202303,10,1800,179152,1090859,IDAHO,16,2023,March,Avalanche,Z,61,BEAR LAKE VALLEY,16061,PIH,10-MAR-23 16:30:00,MST-7,10-MAR-23 18:00:00,0,0,0,0,15.00K,0.00K,Public,NA,NA,NA,NA,NA,NA,NA,NA,NA,NA,NA,NA,NA,NA,NA,NA,NA,NA,NA,NA,NA,"A strong late winter Pacific storm brought heavy snow, heavy rain and strong winds which closed roads across southeastern Idaho.  Reports of flooding and wind damage also occurred.",One residence and shed heavily damaged by avalanche in Georgetown Canyon 3 miles northeast of Georgetown.,CSV
202303,11,900,202303,11,1000,179152,1090936,IDAHO,16,2023,March,Avalanche,Z,73,SUN VALLEY REGION,16073,PIH,11-MAR-23 09:00:00,MST-7,11-MAR-23 10:00:00,0,0,0,0,0.00K,0.00K,Law Enforcement,NA,NA,NA,NA,NA,NA,NA,NA,NA,NA,NA,NA,NA,NA,NA,NA,NA,NA,NA,NA,NA,"A strong late winter Pacific storm brought heavy snow, heavy rain and strong winds which closed roads across southeastern Idaho.  Reports of flooding and wind damage also occurred.",Avalanche near intersection of Whipsaw Ln and W Warm Springs Rd.,CSV
202303,10,1100,202303,10,1300,179152,1090928,IDAHO,16,2023,March,Avalanche,Z,75,WOOD RIVER FOOTHILLS,16075,PIH,10-MAR-23 11:00:00,MST-7,10-MAR-23 13:00:00,0,0,0,0,NA,0.00K,Park/Forest Service,NA,NA,NA,NA,NA,NA,NA,NA,NA,NA,NA,NA,NA,NA,NA,NA,NA,NA,NA,NA,NA,"A strong late winter Pacific storm brought heavy snow, heavy rain and strong winds which closed roads across southeastern Idaho.  Reports of flooding and wind damage also occurred.","Dozens of avalanches released in the vicinity of Lookout Mountain, many of them above Bayhorse Rd.  One outbuilding was struck and one play structure grazed.",CSV
202303,10,700,202303,10,900,179152,1090926,IDAHO,16,2023,March,Avalanche,Z,75,WOOD RIVER FOOTHILLS,16075,PIH,10-MAR-23 07:00:00,MST-7,10-MAR-23 09:00:00,0,0,0,0,0.00K,0.00K,Law Enforcement,NA,NA,NA,NA,NA,NA,NA,NA,NA,NA,NA,NA,NA,NA,NA,NA,NA,NA,NA,NA,NA,"A strong late winter Pacific storm brought heavy snow, heavy rain and strong winds which closed roads across southeastern Idaho.  Reports of flooding and wind damage also occurred.",Avalanche blocked Big Wood River near River Trail and Empty Saddle Trail.   2 homes hit and some flooding.,CSV
202303,10,1427,202303,10,1500,179152,1090935,IDAHO,16,2023,March,Avalanche,Z,73,SUN VALLEY REGION,16073,PIH,10-MAR-23 14:27:00,MST-7,10-MAR-23 15:00:00,0,0,0,0,0.00K,0.00K,Department of Highways,NA,NA,NA,NA,NA,NA,NA,NA,NA,NA,NA,NA,NA,NA,NA,NA,NA,NA,NA,NA,NA,"A strong late winter Pacific storm brought heavy snow, heavy rain and strong winds which closed roads across southeastern Idaho.  Reports of flooding and wind damage also occurred.",Idaho Highway 75 blocked by avalanche near Glaassford Dr.,CSV
202303,1,1000,202303,1,1700,179130,1090697,IDAHO,16,2023,March,Avalanche,Z,73,SUN VALLEY REGION,16073,PIH,01-MAR-23 10:00:00,MST-7,01-MAR-23 17:00:00,0,0,0,0,0.00K,0.00K,Department of Highways,NA,NA,NA,NA,NA,NA,NA,NA,NA,NA,NA,NA,NA,NA,NA,NA,NA,NA,NA,NA,NA,An avalanche occurred on the 1st at around 10 AM MST in Ketchum.   Warm Springs road was closed between Gates Road and Jane Lane by 11 AM.,An avalanche occurred on the 1st at around 10 AM MST in Ketchum.   Warm Springs road was closed between Gates Road and Jane Lane by 11 AM.,CSV
202303,10,700,202303,10,1000,179152,1090853,IDAHO,16,2023,March,Avalanche,Z,61,BEAR LAKE VALLEY,16061,PIH,10-MAR-23 07:00:00,MST-7,10-MAR-23 10:00:00,0,0,0,0,0.00K,0.00K,Law Enforcement,NA,NA,NA,NA,NA,NA,NA,NA,NA,NA,NA,NA,NA,NA,NA,NA,NA,NA,NA,NA,NA,"A strong late winter Pacific storm brought heavy snow, heavy rain and strong winds which closed roads across southeastern Idaho.  Reports of flooding and wind damage also occurred.",An avalanche 5 miles south of Dingle closed Merkley Lake Road.,CSV
202303,10,1158,202303,10,1300,179152,1090934,IDAHO,16,2023,March,Avalanche,Z,73,SUN VALLEY REGION,16073,PIH,10-MAR-23 11:58:00,MST-7,10-MAR-23 13:00:00,0,0,0,0,0.00K,0.00K,Law Enforcement,NA,NA,NA,NA,NA,NA,NA,NA,NA,NA,NA,NA,NA,NA,NA,NA,NA,NA,NA,NA,NA,"A strong late winter Pacific storm brought heavy snow, heavy rain and strong winds which closed roads across southeastern Idaho.  Reports of flooding and wind damage also occurred.",All lanes of Idaho 75 closed due to avalanche between Lake Creek Rd and Huelen Meadows.,CSV
202303,10,1115,202303,10,1200,179152,1090929,IDAHO,16,2023,March,Avalanche,Z,75,WOOD RIVER FOOTHILLS,16075,PIH,10-MAR-23 11:15:00,MST-7,10-MAR-23 12:00:00,0,0,0,0,0.00K,0.00K,Public,NA,NA,NA,NA,NA,NA,NA,NA,NA,NA,NA,NA,NA,NA,NA,NA,NA,NA,NA,NA,NA,"A strong late winter Pacific storm brought heavy snow, heavy rain and strong winds which closed roads across southeastern Idaho.  Reports of flooding and wind damage also occurred.",Warm Springs Road closed due to an avalanche.,CSV
202303,10,1342,202303,10,1500,179152,1090931,IDAHO,16,2023,March,Avalanche,Z,75,WOOD RIVER FOOTHILLS,16075,PIH,10-MAR-23 13:42:00,MST-7,10-MAR-23 15:00:00,0,0,0,0,0.00K,0.00K,Law Enforcement,NA,NA,NA,NA,NA,NA,NA,NA,NA,NA,NA,NA,NA,NA,NA,NA,NA,NA,NA,NA,NA,"A strong late winter Pacific storm brought heavy snow, heavy rain and strong winds which closed roads across southeastern Idaho.  Reports of flooding and wind damage also occurred.",Avalanche on Broadford Rd near Marina Dr just southwest of Friedman Memorial Airport.,CSV
202303,10,1137,202303,10,1215,179152,1090932,IDAHO,16,2023,March,Avalanche,Z,73,SUN VALLEY REGION,16073,PIH,10-MAR-23 11:37:00,MST-7,10-MAR-23 12:15:00,0,0,0,0,0.00K,0.00K,County Official,NA,NA,NA,NA,NA,NA,NA,NA,NA,NA,NA,NA,NA,NA,NA,NA,NA,NA,NA,NA,NA,"A strong late winter Pacific storm brought heavy snow, heavy rain and strong winds which closed roads across southeastern Idaho.  Reports of flooding and wind damage also occurred.","At least 8 avalanches reported on West Warm Springs Road blocking the road at multiple locations.   One near Sandy Ln closing it to all traffic at end of pavement, and stayed closed through the 12th.",CSV
202304,29,1300,202304,29,1300,178272,1084359,COLORADO,8,2023,April,Avalanche,Z,34,S & SE GRAND / W CENTRAL & SW BOULDER / GILPIN / CLEAR CREEK / SUMMIT / N & W PARK COUNTIES ABOVE 9000 FEET,08034,BOU,29-APR-23 13:00:00,MST-7,29-APR-23 13:00:00,0,0,1,0,0.00K,0.00K,Broadcast Media,NA,NA,NA,NA,NA,NA,NA,NA,NA,NA,NA,NA,NA,NA,NA,NA,NA,NA,NA,NA,NA,"A backcountry skier was caught in an avalanche on Bald Mountain, which is about seven miles from Breckenridge. The 31-yr old main was caught, buried and killed in a small, but long-running avalanche. He was found buried nearly 2 feet below the surface of the debris.",NA,CSV
202304,11,1320,202304,11,1700,178276,1084364,COLORADO,8,2023,April,Avalanche,Z,34,S & SE GRAND / W CENTRAL & SW BOULDER / GILPIN / CLEAR CREEK / SUMMIT / N & W PARK COUNTIES ABOVE 9000 FEET,08034,BOU,11-APR-23 13:20:00,MST-7,11-APR-23 17:00:00,0,0,0,0,NA,NA,Broadcast Media,NA,NA,NA,NA,NA,NA,NA,NA,NA,NA,NA,NA,NA,NA,NA,NA,NA,NA,NA,NA,NA,Berthoud Pass was closed for hours south of Winter Park due to a snow slide that was blocking the roadway.  U.S. 40 was closed between Henderson Mine Road and Robins Roost from about 1:20 p.m. until just after 5 p.m.,Berthoud Pass was closed for hours south of Winter Park due to a snow slide that was blocking the roadway.,CSV
202302,23,1215,202302,23,1220,178059,1083140,WYOMING,56,2023,February,Avalanche,Z,24,SALT RIVER & WYOMING RANGES,56024,RIW,23-FEB-23 12:15:00,MST-7,23-FEB-23 12:20:00,0,0,1,0,0.00K,0.00K,Park/Forest Service,NA,NA,NA,NA,NA,NA,NA,NA,NA,NA,NA,NA,NA,NA,NA,NA,NA,NA,NA,NA,NA,"A group of snowmobilers unintentionally triggered an avalanche in the Salt and Wyoming Range, about 15 miles south of Afton, above Poker Creek.","A 24 year old man on a snowmobile triggered an avalanche and was buried under 6 to 7 feet of snow. The riding party worked to dig him out, with the later assistance of Star Valley SAR, who arrived on scene shortly after a radio out for help. Sadly, the man did not survive the incident. More info can be found in the Bridger Teton Avalanche Center event summary, titled Poker Creek Avalanche Fatality; 2-23-2023.",CSV
202303,19,1300,202303,19,1315,177289,1077867,COLORADO,8,2023,March,Avalanche,Z,22,ANIMAS RIVER BASIN,08022,GJT,19-MAR-23 13:00:00,MST-7,19-MAR-23 13:15:00,2,0,1,0,0.00K,0.00K,State Official,NA,NA,NA,NA,NA,NA,NA,NA,NA,NA,NA,NA,NA,NA,NA,NA,NA,NA,NA,NA,NA,"Heavy snow from a series of moist, atmospheric river events from late February into mid-March 2023 resulted in an unstable snowpack across the Colorado Rockies.","Three backcountry skiers triggered and were buried or partially buried by a large avalanche in the Maroon Bowl outside of Aspen Highlands Ski Area on a steep northwest-facing slope. The avalanche occurred at an elevation of 11500 feet and ran for 2000 vertical feet. Two skiers were able to extricate themselves, but the third perished under the weight of the snow and debris.",CSV
202303,17,0,202303,17,0,177288,1077864,COLORADO,8,2023,March,Avalanche,Z,12,WEST ELK AND SAWATCH MOUNTAINS,08012,GJT,17-MAR-23 00:00:00,MST-7,17-MAR-23 00:00:00,1,0,1,0,0.00K,0.00K,State Official,NA,NA,NA,NA,NA,NA,NA,NA,NA,NA,NA,NA,NA,NA,NA,NA,NA,NA,NA,NA,NA,"A series of moist, atmospheric river events brough very heavy snow to much of the western U.S. including western Colorado.","An avalanche caught three backcountry recreationists (two skiers, one splitboarder) in the upper Rapid Creek, southwest of the town of Marble, Colorado. Two members of the group were caught up in the avalanche and one was completely buried in over 4 feet of snow and debris. One member was injured and the third was completely buried and perished before rescue groups were able to locate them.",CSV
202303,10,536,202303,10,536,179222,1091398,CALIFORNIA,6,2023,March,Avalanche,Z,108,SOUTHERN TRINITY,06108,EKA,10-MAR-23 05:36:00,PST-8,10-MAR-23 05:36:00,0,0,0,0,0.00K,0.00K,Department of Highways,NA,NA,NA,NA,NA,NA,NA,NA,NA,NA,NA,NA,NA,NA,NA,NA,NA,NA,NA,NA,NA,The result of days long precipitation and mass accumulation characterizes the following events as avalanches and flooding occur.,"An Avalanche occurred 2 miles W of Forest Glen causing a full closure of Hwy 36 |(40.38N, 123.36W).",CSV
202303,14,516,202303,14,516,179230,1091445,CALIFORNIA,6,2023,March,Avalanche,Z,102,DEL NORTE INTERIOR,06102,EKA,14-MAR-23 05:16:00,PST-8,14-MAR-23 05:16:00,0,0,0,0,0.00K,0.00K,Law Enforcement,NA,NA,NA,NA,NA,NA,NA,NA,NA,NA,NA,NA,NA,NA,NA,NA,NA,NA,NA,NA,NA,Flooding and debris flow as well as generally unsettled weather continues.,"An Avalanche is being reported 7 miles ENE of Gasquet, Rockslide is blocking hwy 199 at Patricks Creek road.",CSV
202303,1,500,202303,1,600,179157,1090833,CALIFORNIA,6,2023,March,Avalanche,Z,55,SAN BERNARDINO COUNTY MOUNTAINS,06055,SGX,01-MAR-23 05:00:00,PST-8,01-MAR-23 06:00:00,0,0,0,0,0.00K,0.00K,Broadcast Media,NA,NA,NA,NA,NA,NA,NA,NA,NA,NA,NA,NA,NA,NA,NA,NA,NA,NA,NA,NA,NA,"After over 100 inches of snow fell in this area, an avalanche occurred on Mount Baldy at approximately 5:30 AM PST. According to reports, about 15 feet of snow came down off the mountain and blocked portions of Mount Baldy Road.","An avalanche occurred on Mount Baldy at approximately 5:30 AM PST. According to reports from local media, about 15 feet of snow came down off the mountain and blocked portions of Mount Baldy Road as well as the ski resort's parking lot. This caused closures of not just the road, but also at Mount Baldy Ski Resort which trapped residents above the avalanche area.",CSV
202303,2,400,202303,2,800,177645,1091124,CALIFORNIA,6,2023,March,Avalanche,Z,55,SAN BERNARDINO COUNTY MOUNTAINS,06055,SGX,02-MAR-23 04:00:00,PST-8,02-MAR-23 08:00:00,0,0,0,0,20.00K,0.00K,Broadcast Media,NA,NA,NA,NA,NA,NA,NA,NA,NA,NA,NA,NA,NA,NA,NA,NA,NA,NA,NA,NA,NA,"After one powerful storm struck Southern California in late February, a second storm arrived at the end of February and into early March. This second storm produced several additional feet of snow as well as high winds in the mountains, where many communities were already struggling due to snow and wind impacts from the first storm. This led to many gas leaks from failing lines that started home fires, extended road closures, numerous power outages, many downed trees, about 250 rescues from mountains in the area, as well as at least one confirmed storm-related death, and an extensive recovery process that lasted well beyond the event. About 12 persons were reported dead, though the causes of the other 11 are uncertain at this time. A Presidential Major Disaster Declaration was approved following this event.",Mt Baldy ski resort was closed due to avalanche in Bowl Alley near the entrance to the ski area or the end of Mt Baldy road. The area received 110 inches of snow in the prior 7 days at 6500 feet and close to 150 inches at 8000 feet.,CSV
202303,16,1630,202303,16,1640,177524,1079654,COLORADO,8,2023,March,Avalanche,Z,19,SOUTHWESTERN SAN JUAN MOUNTAINS,08019,GJT,16-MAR-23 16:30:00,MST-7,16-MAR-23 16:40:00,3,0,1,0,0.00K,0.00K,State Official,NA,NA,NA,NA,NA,NA,NA,NA,NA,NA,NA,NA,NA,NA,NA,NA,NA,NA,NA,NA,NA,"A series of winter systems associated with an atmospheric river brought an abundance of heavy, wet snow to southwest Colorado. This, paired with periods of warmer temperatures in between the events, resulted in an unstable snowpack.","A father and two children were moving between a building and vehicle when they were caught in a roof avalanche. The force of the avalanche threw one child towards the building, where their airway was covered in debris but part of their head was visible (partially buried-critical). The other two were completely buried about 10 feet away, in close proximity to each other, and under two to three feet of avalanche debris. Bystanders and emergency services excavated the three. All three were taken to hospital care. One of the children later died from injuries sustained in the avalanche.",CSV
202301,28,1400,202301,28,1410,177121,1076412,UTAH,49,2023,January,Avalanche,Z,111,WASATCH MOUNTAINS SOUTH OF I-80,49111,SLC,28-JAN-23 14:00:00,MST-7,28-JAN-23 14:10:00,1,0,0,0,0.00K,0.00K,Park/Forest Service,NA,NA,NA,NA,NA,NA,NA,NA,NA,NA,NA,NA,NA,NA,NA,NA,NA,NA,NA,NA,NA,A skier unintentionally triggered an avalanche which resulted in a partial burial and leg injury.,"Two backcountry skiers were skiing in the Butler Fork area of Big Cottonwood Canyon during the day. The terrain is noted to be a northeast facing bowl, with slope angle of about 38 degrees, and elevation of around 9000 feet. A fracture in the snow occurred approximately 50 feet above them. While one skier was on the periphery of the ensuing slide, the other was caught in the middle, pushed into a stand of trees, and buried up to their chest. During this time, the skier suffered an apparent leg/hamstring injury. The injured skier was subsequently dug out by their partner. No exact time is given, so event time is estimated.",CSV
202306,14,1000,202306,14,1000,180555,1099784,CALIFORNIA,6,2023,June,Avalanche,Z,519,EASTERN SIERRA SLOPES OF INYO COUNTY,06519,VEF,14-JUN-23 10:00:00,PST-8,14-JUN-23 10:00:00,0,0,1,0,0.00K,0.00K,Local Official,NA,NA,NA,NA,NA,NA,NA,NA,NA,NA,NA,NA,NA,NA,NA,NA,NA,NA,NA,NA,NA,An avalanche in Inyo County killed one skier.,"Per the Eastern Sierra Avalanche Center, an avalanche on the north face of Mount Hurd approximately 1.5 miles south of South Lake killed one skier. The event time is an estimate.",CSV
202304,8,1357,202304,8,1357,177809,1081432,MONTANA,30,2023,April,Avalanche,Z,330,GALLATIN AND MADISON COUNTY MOUNTAINS AND CENTENNIAL MOUNTAINS,30330,TFX,08-APR-23 13:57:00,MST-7,08-APR-23 13:57:00,0,0,0,0,0.00K,0.00K,Law Enforcement,NA,NA,NA,NA,NA,NA,NA,NA,NA,NA,NA,NA,NA,NA,NA,NA,NA,NA,NA,NA,NA,An avalanche occurred near Quake Lake on US highway 287 near mile marker 5. The avalanche closed US 297 for a few hours.,"Madison county sheriffs office reports that there is an avalanche blocking the road near mm 5 us highway 287 s, near quake lake. road crews are on scene working to clear the area, highway was closed to thru traffic for about 3 hours.",CSV
202301,10,800,202301,10,815,177089,1076150,UTAH,49,2023,January,Avalanche,Z,111,WASATCH MOUNTAINS SOUTH OF I-80,49111,SLC,10-JAN-23 08:00:00,MST-7,10-JAN-23 08:15:00,0,1,0,0,3.50K,0.00K,Law Enforcement,NA,NA,NA,NA,NA,NA,NA,NA,NA,NA,NA,NA,NA,NA,NA,NA,NA,NA,NA,NA,NA,"A natural avalanche near Bridal Veil Falls in Provo Canyon resulted in road impacts, a brief damming of a nearby river, and one subsequent indirect injury.","A large naturally occurring avalanche took place in the morning hours near Bridal Veil Falls in Provo Canyon. Snow with the avalanche flow covered the entire base of the falls in Provo Canyon and deposited snow onto State Route 189. According to the Utah Highway Patrol, trees were included within the flow, resulting in blocking and damming of the Provo River for a period of time. Several hours after the avalanche, an employee with the water conservancy district was inspecting a flooded building, at which time a portion of the snow dam holding back the river current broke free. The employee was caught in the floodwater to an extent, managed to cling to a tree until water began to recede, and then was able to find safe ground on a cement stack in the middle of the river until rescue crews could get to him. The employee was taken to a nearby hospital to be treated for hypothermia. Per the Utah Avalanche Center, avalanche danger was rated in the high category along all slopes and elevations in the Provo area for the day.",CSV
202307,2,1000,202307,2,1000,180557,1099787,CALIFORNIA,6,2023,July,Avalanche,Z,519,EASTERN SIERRA SLOPES OF INYO COUNTY,06519,VEF,02-JUL-23 10:00:00,PST-8,02-JUL-23 10:00:00,2,0,1,0,0.00K,0.00K,Local Official,NA,NA,NA,NA,NA,NA,NA,NA,NA,NA,NA,NA,NA,NA,NA,NA,NA,NA,NA,NA,NA,An avalanche in the Sierra Nevada killed one hiker and injured two.,"Per the Eastern Sierra Avalanche Center, an avalanche above Red Lake on the northeast side of Split Mountain killed one hiker and injured two others.",CSV
202307,21,1100,202307,21,2300,183908,1125094,CALIFORNIA,6,2023,July,Avalanche,Z,17,SOUTHERN SACRAMENTO VALLEY,06017,STO,21-JUL-23 11:00:00,PST-8,21-JUL-23 23:00:00,0,0,0,0,0.00K,0.00K,ASOS,NA,NA,NA,NA,NA,NA,NA,NA,NA,NA,NA,NA,NA,NA,NA,NA,NA,NA,NA,NA,NA,Hot temperatures brought widespread Moderate HeatRisk and Areas of Major HeatRisk over a late July weekend. Sacramento set a new daily high of 108 degrees for July 21st. Redding Municipal Airport and Red Bluff Airport tied the previous record daily high of 112 degrees for July 21st. Redding then set a new daily record high temperature of 113 degrees on July 22nd.,Sacramento set a new daily high of 108 degrees for July 21st.,CSV
202311,25,0,202311,25,0,187230,1149090,COLORADO,8,2023,November,Avalanche,Z,12,WEST ELK AND SAWATCH MOUNTAINS,08012,GJT,25-NOV-23 00:00:00,MST-7,25-NOV-23 00:00:00,1,0,0,0,0.00K,0.00K,State Official,NA,NA,NA,NA,NA,NA,NA,NA,NA,NA,NA,NA,NA,NA,NA,NA,NA,NA,NA,NA,NA,A period of dry and clear weather followed by two snow storms in late November created a snowpack capable of causing Small to Large (up to D2 in size) avalanches across western Colorado. Avalanche Danger in the area at the time of the accident was rated Considerable (3/5) above treeline and Moderate (2/5) below treeline.,"An avalanche caught four backcountry recreationists, all skiers, in a north-facing bowl on Marble Peak, south of the town of Marble, an area known locally as The Fridge. All 4 were caught in the avalanche, 3 were partially buried while 1 was able to ski out. 1 member of the group was injured in the avalanche.",CSV
202303,9,1521,202303,9,1525,178716,1087897,UTAH,49,2023,March,Avalanche,Z,112,WESTERN UINTA MOUNTAINS,49112,SLC,09-MAR-23 15:21:00,MST-7,09-MAR-23 15:25:00,1,0,1,0,0.00K,0.00K,Park/Forest Service,NA,NA,NA,NA,NA,NA,NA,NA,NA,NA,NA,NA,NA,NA,NA,NA,NA,NA,NA,NA,NA,"Another in a series of winter storms impacted the region early to mid March, resulting in widespread snow accumulation primarily throughout Utah's high terrain. High winds were observed in many locations. An avalanche related fatality is also noted within the time period of this storm.","A group including two guides, eleven clients, and two snowcat operators were in the Western Uinta Mountains for backcountry skiing. For their final run, the group ascended to the top of a point in the Upper Weber Canyon approximately 10400 feet in elevation with a southeast aspect and slope angle of around 37 degrees. After one guide and two skiers descended, a third skier began descending and fell part way down. A fourth skier began their descent, with the avalanche subsequently releasing at approximately 3:21 pm. The avalanche caught the third and fourth skier, carrying them downhill and fully burying them. A guide called for medical and search and rescue aid, and began searching for the buried skiers. One skier was found buried around 5 feet deep, but was breathing and alert when uncovered. The skier was fully excavated and then transferred via air ambulance to a local hospital. Some time later, the transceiver signal for the second buried skier was located. The skier was found buried upside down around 6 feet deep, not breathing, and with no pulse. The skier was pronounced dead approximately 1 hour and 20 minutes after the avalanche.",CSV
202303,27,1630,202303,27,1715,178861,1088836,UTAH,49,2023,March,Avalanche,Z,101,GREAT SALT LAKE DESERT AND MOUNTAINS,49101,SLC,27-MAR-23 16:30:00,MST-7,27-MAR-23 17:15:00,0,0,1,0,0.00K,0.00K,Park/Forest Service,NA,NA,NA,NA,NA,NA,NA,NA,NA,NA,NA,NA,NA,NA,NA,NA,NA,NA,NA,NA,NA,"Another winter storm brought accumulating snow, primarily to northern Utah, though limited warning criteria amounts were reported. Additionally, a second avalanche fatality for the month is noted.","At some time between approximately 5:30 pm to 6:15 pm Monday 3/27, a large avalanche in the Pole Canyon area of the southern Oquirrh Mountains resulted in the full burial of a snowmobiler. A second snowmobiler who was not buried was able to call for emergency services, and search and rescue began soon thereafter for the buried snowmobiler. The buried snowmobiler was equipped with a beacon, and by 8:48 pm the body of the deceased 38-year-old man was recovered under approximately 13.2 feet of snow. The buried avalanche victim had deployed an avalanche airbag, but the airbag was deflated when the victim was found. This large avalanche was reported to have a fracture line 4250 feet wide, traveling a horizontal distance of 1.26 miles (2360 vertical feet downhill).",CSV
202303,28,1130,202303,28,1140,178875,1088876,UTAH,49,2023,March,Avalanche,Z,110,WASATCH MOUNTAINS I-80 NORTH,49110,SLC,28-MAR-23 11:30:00,MST-7,28-MAR-23 11:40:00,2,0,0,0,20.00K,0.00K,Fire Department/Rescue,NA,NA,NA,NA,NA,NA,NA,NA,NA,NA,NA,NA,NA,NA,NA,NA,NA,NA,NA,NA,NA,"An avalanche occurred near the Gold Ridge / Hardscrabble backcountry area of Morgan County, resulting in the burial of a snowcat and its occupants.","At around 11:30 am, a large avalanche occurred near the Gold Ridge / Hardscrabble backcountry area, approximately 7 miles ESE of Farmington. At the time of the avalanche, one snowcat carrying two occupants was caught in the slide and buried. A second snowcat and its five occupants were able to quickly uncover one of the buried snowcat occupants, who had sustained minor head injuries. This occupant was subsequently taken to an area hospital by ambulance. The second occupant was buried with their leg trapped beneath the snowcat, but was uncovered enough that they could breath. When rescue crews arrived, they were able to uncover the buried occupant, who was then transported by helicopter to a nearby hospital with a serious leg injury.",CSV
202312,7,1457,202312,8,100,186931,1147373,ALASKA,2,2023,December,Avalanche,Z,126,WESTERN PRINCE WILLIAM SOUND,02126,AFC,07-DEC-23 14:57:00,AKST-9,08-DEC-23 01:00:00,0,0,0,0,0.00K,0.00K,SNOTEL,NA,NA,NA,NA,NA,NA,NA,NA,NA,NA,NA,NA,NA,NA,NA,NA,NA,NA,NA,NA,NA,"A negatively-tilted trough lifted across Southcentral Alaska between December 7th and 8th. The accompanying front produced a band of moderate to heavy snow which pushed north up the Kenai Peninsula, reaching Anchorage on the evening of Dec 7. The front passed through Anchorage around midnight, leading to a sharp end in precipitation.  Several inches of snow fell across much of the rest of Southcentral Alaska with this frontal system as it moved past, ranging from mostly 6 to 13 inches for much of the Kenai Peninsula out to the Matanuska Valley, as well as the Prince William Sound area.||Meanwhile, the parent surface low of the front responsible for the snowfall event across Southcentral moved into the Kuskokwim Delta between December 7th and 8th, producing areas of snow, blowing snow and reduced visibility along the Kuskokwim Delta Coast.",The Grouse Creek Divide SNOTEL recorded an increase in snow depth of 10.7 inches between the afternoon of 12/7 and about 11 PM of the same evening.  Heavy snow and blowing snow was also recorded intermittently in Seward and Whittier during this timeframe.,CSV
202304,17,600,202304,17,600,179944,1096152,UTAH,49,2023,April,Avalanche,Z,111,WASATCH MOUNTAINS SOUTH OF I-80,49111,SLC,17-APR-23 06:00:00,MST-7,17-APR-23 06:00:00,0,0,0,1,0.00K,0.00K,Broadcast Media,NA,NA,NA,NA,NA,NA,NA,NA,NA,NA,NA,NA,NA,NA,NA,NA,NA,NA,NA,NA,NA,A person was killed clearing a roof of snow when an avalanche occurred.,The body of a 50-year-old Holladay man was found buried in the snow following a presumed roof avalanche in Brighton.,CSV
202304,10,900,202304,12,1200,179942,1096144,UTAH,49,2023,April,Avalanche,Z,111,WASATCH MOUNTAINS SOUTH OF I-80,49111,SLC,10-APR-23 09:00:00,MST-7,12-APR-23 12:00:00,0,0,0,0,100.00K,0.00K,Broadcast Media,NA,NA,NA,NA,NA,NA,NA,NA,NA,NA,NA,NA,NA,NA,NA,NA,NA,NA,NA,NA,NA,"Snowmelt brought enhanced flows, with avalanches, flooding and debris flows.","Continued warmth and snowmelt produced a number of large wet avalanches on state Route 210 (Little Cottonwood Canyon Road), including White Pine Chutes 1-4 which ran over the road prolonging closures.",CSV
202304,6,0,202304,11,0,179900,1095882,UTAH,49,2023,April,Avalanche,Z,111,WASATCH MOUNTAINS SOUTH OF I-80,49111,SLC,06-APR-23 00:00:00,MST-7,11-APR-23 00:00:00,0,0,0,0,50.00K,0.00K,Broadcast Media,NA,NA,NA,NA,NA,NA,NA,NA,NA,NA,NA,NA,NA,NA,NA,NA,NA,NA,NA,NA,NA,A warm stretch with record snowpack was associated with several avalanches and debris flows.,"Rapid warming produced a natural avalanche across the opened portion of State Route 210 (Little Cottonwood Canyon Road) on the 6th. The avalanche flowed into Snowbird, crossing the Chickadee trail and lift.||The town of Alta and Snowbird Village returned to interlodge until the 7th. State Route 210 was closed with limited openings for uphill during the morning and evening on the 8th and 9th due to concerns with midday warming and natural avalanche cycles.||State Route 190 (Big Cottonwood Canyon Road) was closed with limited openings  during the morning and from late afternoon through the evening from the 8th through the 10th due to concerns with midday warming and natural avalanche cycles.||A large wet avalanche ran across UT-210 at 1215 PM Monday 4/10 at White Pine Chutes, fully blocking the road.",CSV
202402,9,1200,202402,9,1200,187656,1168287,WYOMING,56,2024,February,Avalanche,Z,112,SIERRA MADRE RANGE,56112,CYS,09-FEB-24 12:00:00,MST-7,09-FEB-24 12:00:00,1,0,1,0,NA,0.00K,Law Enforcement,NA,NA,NA,NA,NA,NA,NA,NA,NA,NA,NA,NA,NA,NA,NA,NA,NA,NA,NA,NA,NA,Heavy snow reported across the Snowy and Sierra Madre Ranges 7 to 9 February 2024.,Two snowmobilers west of Battle Pass triggered and were caught in a 2-8 feet deep avalanche the day after heavy snow fell in the area. Strong winds around 50 mph were reported nearby. One fatality was reported.,CSV
202401,11,1400,202401,11,1415,188349,1159657,IDAHO,16,2024,January,Avalanche,Z,4,CENTRAL PANHANDLE MOUNTAINS,16004,OTX,11-JAN-24 14:00:00,PST-8,11-JAN-24 14:15:00,1,0,1,0,0.00K,0.00K,Law Enforcement,NA,NA,NA,NA,NA,NA,NA,NA,NA,NA,NA,NA,NA,NA,NA,NA,NA,NA,NA,NA,NA,A passing Arctic Front brought periods of heavy snow and low visibilities to the area to portions of the Eastern Washington.,"Avalanche near Stevens Peak stranded 3 people, injured one and killed one. The area had received 29.7 inches of snow since January 3.",CSV
202402,5,1340,202402,5,1340,189069,1162695,NEVADA,32,2024,February,Avalanche,Z,19,SPRING MOUNTAINS,32019,VEF,05-FEB-24 13:40:00,PST-8,05-FEB-24 13:40:00,1,0,0,0,50.00K,0.00K,County Official,NA,NA,NA,NA,NA,NA,NA,NA,NA,NA,NA,NA,NA,NA,NA,NA,NA,NA,NA,NA,NA,The remnants of an atmospheric river which hit California hard brought locally heavy rain and snow to southern Nevada.,"An avalanche occurred above the ski resort in Lee Canyon. One person suffered a broken arm, and power was knocked out to 462 customers.",CSV
202402,11,1200,202402,11,1200,189315,1164304,UTAH,49,2024,February,Avalanche,Z,111,WASATCH MOUNTAINS SOUTH OF I-80,49111,SLC,11-FEB-24 12:00:00,MST-7,11-FEB-24 12:00:00,1,0,0,0,0.00K,0.00K,Park/Forest Service,NA,NA,NA,NA,NA,NA,NA,NA,NA,NA,NA,NA,NA,NA,NA,NA,NA,NA,NA,NA,NA,"A skier was injured when he was caught in two successive avalanches. A group of skiers above him, witnessed the avalanches when triggered, and called for assistance.","Time is unknown. A group of three skiers noticed a solo skier was caught in an avalanche in Little Cottonwood Canyon, then carried 1,500 feet by a second avalanche. A member of the group skied down to the caught individual, and called for assistance, with the injured skier then being lifted from the scene.",CSV
202402,26,900,202402,26,900,189101,1164303,UTAH,49,2024,February,Avalanche,Z,111,WASATCH MOUNTAINS SOUTH OF I-80,49111,SLC,26-FEB-24 09:00:00,MST-7,26-FEB-24 09:00:00,1,0,0,0,0.00K,0.00K,Park/Forest Service,NA,NA,NA,NA,NA,NA,NA,NA,NA,NA,NA,NA,NA,NA,NA,NA,NA,NA,NA,NA,NA,"A winter storm brought strong winds, then mountain snow.","Time is unknown. Four skiers were caught in an avalanche near Big Cottonwood Canyon. One of the skiers had shoulder and upper leg pain and was not able to ski out. The other skiers called for help, and the injured skier was lifted out. The others skied out after medics recovered the injured skier.",CSV
202403,1,1455,202403,1,1505,190037,1169612,IDAHO,16,2024,March,Avalanche,Z,1,NORTHERN PANHANDLE,16001,OTX,01-MAR-24 14:55:00,PST-8,01-MAR-24 15:05:00,1,0,1,0,0.00K,0.00K,Emergency Manager,NA,NA,NA,NA,NA,NA,NA,NA,NA,NA,NA,NA,NA,NA,NA,NA,NA,NA,NA,NA,NA,"On Friday, March 9th, at approximately 3:00pm a snowmobiler unintentionally triggered a hard slab avalanche while riding up an open, east-facing, wind-loaded slope. The avalanche started at 6,700��� feet just below Gunsight Peak, in the headwaters of McCormick Creek.",Avalanche near Gunsight Peak resulted in 1 fatality.,CSV
202403,6,0,202403,6,2300,190088,1168904,COLORADO,8,2024,March,Avalanche,Z,12,WEST ELK AND SAWATCH MOUNTAINS,08012,GJT,06-MAR-24 00:00:00,MST-7,06-MAR-24 23:00:00,1,0,0,0,0.00K,0.00K,State Official,NA,NA,NA,NA,NA,NA,NA,NA,NA,NA,NA,NA,NA,NA,NA,NA,NA,NA,NA,NA,NA,"On a day with Considerable (3/5) avalanche danger, per the Colorado Avalanche Information Center, a group backcountry snowmobilers triggered an avalanche that seriously injured one of their party members.","Avalanche danger in the area rated Considerable (3/5) at all elevations on the day of the incident. A group of 6 backcountry snowmobilers unintentionally and remotely triggered an avalanche on the morning of the 6th at around 9:30 AM. The 2nd rider in the group was caught in the avalanche and buried. When the 2nd rider was extricated, he was unconscious and not breathing and CPR was performed. He did regain a pulse and began breathing on his own at the scene, but did not regain consciousness for several hours. He was snowmobiled out and eventually transferred to the hospital where he made full recovery.",CSV
202401,12,620,202401,13,1000,187451,1150839,UTAH,49,2024,January,Avalanche,Z,110,WASATCH MOUNTAINS I-80 NORTH,49110,SLC,12-JAN-24 06:20:00,MST-7,13-JAN-24 10:00:00,0,0,0,0,5.00K,0.00K,Department of Highways,NA,NA,NA,NA,NA,NA,NA,NA,NA,NA,NA,NA,NA,NA,NA,NA,NA,NA,NA,NA,NA,"A fairly long duration two part winter storm moved through Utah in mid January. This winter storm resulted in several days of fairly substantial mountain snow, with more modest accumulations noted in some of the lower elevation valleys. Mountain snow was more or less a continuous feature with minimal breaks between the two portions of the system, while most valley accumulations occurred during the colder second half of the system. This system also produced periods of strong sustained winds and gusts, and was responsible for triggering multiple avalanches throughout Utah's mountains.","At around 6:20 am MST, a natural avalanche occurred near the Dugway section of Logan Canyon. Per the Utah Avalanche Center report, this slab avalanche of wind-drifted snow started around 6000 feet on a west facing slope, had a vertical run of 150 feet, a width of 80 feet, and a depth of 2 feet. The avalanche hit a car on US-89 and pushed it against a guard rail, but no injuries were reported. This avalanche resulted in closure of US-89 in Logan Canyon between milepost 460 (near Logan) and milepost 490 (near Garden City/Bear Lake) for over 24 hours.",CSV
202401,12,1200,202401,12,1215,187451,1151623,UTAH,49,2024,January,Avalanche,Z,111,WASATCH MOUNTAINS SOUTH OF I-80,49111,SLC,12-JAN-24 12:00:00,MST-7,12-JAN-24 12:15:00,1,0,0,0,0.00K,0.00K,Park/Forest Service,NA,NA,NA,NA,NA,NA,NA,NA,NA,NA,NA,NA,NA,NA,NA,NA,NA,NA,NA,NA,NA,"A fairly long duration two part winter storm moved through Utah in mid January. This winter storm resulted in several days of fairly substantial mountain snow, with more modest accumulations noted in some of the lower elevation valleys. Mountain snow was more or less a continuous feature with minimal breaks between the two portions of the system, while most valley accumulations occurred during the colder second half of the system. This system also produced periods of strong sustained winds and gusts, and was responsible for triggering multiple avalanches throughout Utah's mountains.","A group of several skiers were backcountry skiing in the of Porter Fork area within Millcreek Canyon on Friday, January 12. The group completed multiple runs in the West Porter Fork portion, and on their third ascent, opted to exit Main Porter Fork from West Porter Fork. As they were exiting, an avalanche was triggered, and one of the skiers in the group was unable to get to a safe location before the slide caught and fully buried him. After several minutes of beacon searching, they were able to successfully locate and probe the buried skier approximately 4 feet deep. The group worked quickly to uncover the buried skier, and once uncovered, it was discovered the buried skier was unconscious and was breathing very shallowly. While calling emergency services and deliberating who should preform CPR on the injured skier, the skier gradually began to show improved breathing, and slowly regained consciousness. While further injuries were initially feared, after some time the skier was able to ski out of the area. The Utah Avalanche Center danger rating for the day was listed as High at elevations above 8000 feet, and Considerable at elevations below 8000 feet. Specific timing of the avalanche was not stated, thus event time is estimated.",CSV
202401,13,1200,202401,13,1215,187451,1151624,UTAH,49,2024,January,Avalanche,Z,111,WASATCH MOUNTAINS SOUTH OF I-80,49111,SLC,13-JAN-24 12:00:00,MST-7,13-JAN-24 12:15:00,1,0,0,0,0.00K,0.00K,Public,NA,NA,NA,NA,NA,NA,NA,NA,NA,NA,NA,NA,NA,NA,NA,NA,NA,NA,NA,NA,NA,"A fairly long duration two part winter storm moved through Utah in mid January. This winter storm resulted in several days of fairly substantial mountain snow, with more modest accumulations noted in some of the lower elevation valleys. Mountain snow was more or less a continuous feature with minimal breaks between the two portions of the system, while most valley accumulations occurred during the colder second half of the system. This system also produced periods of strong sustained winds and gusts, and was responsible for triggering multiple avalanches throughout Utah's mountains.","A group of snowmobilers (estimated at 5 total) were riding in American Fork Canyon Saturday January 13 at an elevation of approximately 10000 feet on a northeast aspect. An avalanche was unintentionally triggered, catching 3 of the members, resulting in partial burial of 2 members, and full burial of 1 member. Of the 2 partial burials, one member deployed an airbag and was able to dig themselves out. The other was buried with a hand sticking out, and was able to be immediately dug out by other group members (with no injuries reported). The group member who was fully buried was buried for around 5 minutes before the group could locate and uncover them. They were unconscious and reportedly turning blue, but regained consciousness thereafter with no further injury reported. An avalanche accident and rescue summary was  reported by a third party, and specific timing of the avalanche was not stated, thus the event time is estimated.",CSV
202401,12,1600,202401,12,1700,188745,1160852,IDAHO,16,2024,January,Avalanche,Z,64,BIG HOLE MOUNTAINS,16064,PIH,12-JAN-24 16:00:00,MST-7,12-JAN-24 17:00:00,0,1,0,0,0.00K,0.00K,Fire Department/Rescue,NA,NA,NA,NA,NA,NA,NA,NA,NA,NA,NA,NA,NA,NA,NA,NA,NA,NA,NA,NA,NA,"A strong cold front moved through Idaho with snow, strong winds which caused blizzards in several zones and extensive travel problems.  Many roads closed with wind gusts exceeding 50 mph in nearly all of southeast Idaho.","Teton County Idaho Search and Rescue reported a skier was badly injured in an avalanche that occurred between Idaho Highway 33 and Mount Oliver.  23 team members responded including three K9 teams.  Patient was found and transported via ambulance with significant upper extremity, facial injuries and head trauma.",CSV
202401,22,1300,202401,22,1400,187126,1148561,COLORADO,8,2024,January,Avalanche,Z,18,NORTHWESTERN SAN JUAN MOUNTAINS,08018,GJT,22-JAN-24 13:00:00,MST-7,22-JAN-24 14:00:00,0,0,1,0,0.00K,0.00K,State Official,NA,NA,NA,NA,NA,NA,NA,NA,NA,NA,NA,NA,NA,NA,NA,NA,NA,NA,NA,NA,NA,A series of Pacific storms in early to mid January brought heavy snow to the San Juan Mountains in Southwest Colorado resulting in a dangerously unstable snowpack.,"A backcountry skier, who was alone, triggered an avalanche in Waterfall Canyon, south of the town of Ophir. Avalanche danger was rated as moderate (2/5) to Considerable (3/5) on the day. The skier was caught, managed to self extricate, but succumbed to injury and exposure roughly 500-600 feet below the avalanche. The avalanche occurred on a northwest facing slope at an elevation of 10,500 feet.",CSV
202401,18,500,202401,18,2000,188775,1160995,IDAHO,16,2024,January,Avalanche,Z,73,SUN VALLEY REGION,16073,PIH,18-JAN-24 05:00:00,MST-7,18-JAN-24 20:00:00,0,0,0,0,0.00K,0.00K,Department of Highways,NA,NA,NA,NA,NA,NA,NA,NA,NA,NA,NA,NA,NA,NA,NA,NA,NA,NA,NA,NA,NA,Localized heavy snow fell and at least one avalanche occurred closing a road.,An avalanche spilled across State Highway 75 at Galena Summit forcing the road to be closed on the morning of the 18th through about 315 Pm MST.  It was closed from Ketchum to Stanley from milepost 145 to 165.  4 inches of snow had fallen in Ketchum.,CSV
202401,18,500,202401,18,1900,188775,1160996,IDAHO,16,2024,January,Avalanche,Z,72,SAWTOOTH-STANLEY BASIN,16072,PIH,18-JAN-24 05:00:00,MST-7,18-JAN-24 19:00:00,0,0,0,0,0.00K,0.00K,Department of Highways,NA,NA,NA,NA,NA,NA,NA,NA,NA,NA,NA,NA,NA,NA,NA,NA,NA,NA,NA,NA,NA,Localized heavy snow fell and at least one avalanche occurred closing a road.,An avalanche spilled across State Highway 75 at Galena Summit forcing the road to be closed on the morning of the 18th through about 315 PM MST.  It was closed from Ketchum to Stanley from milepost 145 to 165.  The Stanley COOP observer measured 6.4 inches of snowfall prior to the event.,CSV
202401,14,1130,202401,14,1145,188431,1158056,WYOMING,56,2024,January,Avalanche,Z,24,SALT RIVER & WYOMING RANGES,56024,RIW,14-JAN-24 11:30:00,MST-7,14-JAN-24 11:45:00,0,0,1,0,0.00K,0.00K,Park/Forest Service,NA,NA,NA,NA,NA,NA,NA,NA,NA,NA,NA,NA,NA,NA,NA,NA,NA,NA,NA,NA,NA,"On January 14, 2024, at approximately 11:30 AM MST, a skier unintentionally triggered an avalanche on a mid-elevation (8,500���), northwest-facing, sparsely treed slope above an indistinct gully on the Northwest Face of Little Poudre Mountain in Lincoln County Wyoming. The skier was killed in the avalanche. No other individuals were injured or killed.","From Bridger-Teton National Forecast Avalanche Forecast Staff: On January 14, 2024, at approximately 11:30 AM, a skier unintentionally triggered an avalanche on a mid-elevation (8,500���), northwest-facing, sparsely treed slope above an indistinct gully on the Northwest Face of Little Poudre Mountain. This large, soft slab avalanche filled a relatively narrow path. The weak snow layer formed during a prolonged dry period in December that was buried by approximately 30��� of snow falling during a series of storms that began on January 4th. The avalanche broke approximately 50��� wide and 1-3��� deep and entrained more snow along the flanks of a shallow gully. The avalanche fell approximately 600 vertical feet. The slide path is one of several sparsely wooded avalanche paths on the northwest face of Little Poudre Mountain that run the full 1,200��� length of the face. This avalanche was one of the dozens reported in the region during a particularly active avalanche cycle. The skier was killed in the avalanche. No other individuals were injured or killed. Please see avalanche.org for the full event report.",CSV
202402,23,0,202402,23,2359,189125,1163015,COLORADO,8,2024,February,Avalanche,Z,10,GORE AND ELK MOUNTAINS/CENTRAL MOUNTAIN VALLEYS,08010,GJT,23-FEB-24 00:00:00,MST-7,23-FEB-24 23:59:00,2,0,0,0,0.00K,0.00K,State Official,NA,NA,NA,NA,NA,NA,NA,NA,NA,NA,NA,NA,NA,NA,NA,NA,NA,NA,NA,NA,NA,"A series of weak shortwaves moved through in the days before this avalanche, depositing 4-8 inches of fresh snow.","Avalanche danger was rated as Moderate (2/5) on the day of the accident at the location. Accident involved a party of two backcountry skiers and a dog headed to an area known locally as Birthday Chute in the Pitkin Creek drainage, northeast of the town of Vail. They triggered the avalanche while climbing the slope, and were swept 2000 feet downhill. The first skier was partially buried but was able to self-extricate and suffered injury to their arm, the second skier was not buried but had injured both a leg and hand and was unable to move. The dog was partially buried but was freed by the first skier. The first skier was able to go for help, the second skier was airlifted to the hospital, and the dog was carried out by the rescue team.",CSV
202402,11,1300,202402,11,1315,187581,1151847,COLORADO,8,2024,February,Avalanche,Z,12,WEST ELK AND SAWATCH MOUNTAINS,08012,GJT,11-FEB-24 13:00:00,MST-7,11-FEB-24 13:15:00,0,0,1,0,0.00K,0.00K,State Official,NA,NA,NA,NA,NA,NA,NA,NA,NA,NA,NA,NA,NA,NA,NA,NA,NA,NA,NA,NA,NA,A strong Atmospheric River event brought a period of prolonged heavy snowfall to the mountains of Western Colorado.,"Avalanche danger on the day of the accident was rated at Moderate to Considerable. A group of backcountry skiers planned to ski a steep basin on the east end of Ohio Peak, known locally as The Playground. The group triggered several small avalanches remotely over the course of the day, before directly triggering several avalanches, one of which caught a party member and swept him downhill and buried him. This skier was found and extricated, but was severely injured and later died of these injuries.",CSV
202403,30,700,202403,30,1930,189367,1164629,WASHINGTON,53,2024,March,Avalanche,Z,211,SOUTH WASHINGTON CASCADES,53211,PQR,30-MAR-24 07:00:00,PST-8,30-MAR-24 19:30:00,0,0,1,0,0.00K,0.00K,Broadcast Media,NA,NA,NA,NA,NA,NA,NA,NA,NA,NA,NA,NA,NA,NA,NA,NA,NA,NA,NA,NA,NA,"A man was climbing a peak on Mount St Helens while snowboarding and, while standing near the top, reportedly triggered an avalanche on a cornice and fell to his death. Weather conditions were dry and sunny.","Time of incident unknown, but it was daylight when the incident occurred so used sunrise to sunset times.",CSV
202405,9,844,202405,9,849,189790,1166963,UTAH,49,2024,May,Avalanche,Z,111,WASATCH MOUNTAINS SOUTH OF I-80,49111,SLC,09-MAY-24 08:44:00,MST-7,09-MAY-24 08:49:00,1,0,2,0,0.00K,0.00K,Park/Forest Service,NA,NA,NA,NA,NA,NA,NA,NA,NA,NA,NA,NA,NA,NA,NA,NA,NA,NA,NA,NA,NA,"A cold season type of trough and associated surface features moved through Utah in early May. Ahead of the system, strong synoptic wind gusts occurred throughout portions of the state. While wind gusts decreased following a cold frontal passage, precipitation increased. Periods of post-frontal precipitation then continued in the unsettled northwesterly flow as the trough shifted through the region. Given anomalously cold air associated with the trough, some area mountains received Winter Storm levels of snow, and sub-warning snow amounts were even observed in some lower elevation valley locations. Following the systems departure, a fatal avalanche occurred involving multiple backcountry skiers.","A group of three backcountry skiers set out early in the morning to ski in the Big Willow Aprons area near Lone Peak. After skiing for several hours without issue, an unintentionally triggered soft slab avalanche occurred on the north aspect of the slope (approximately 40 degree angle) around 10,600 feet elevation. The avalanche was approximately 18 inches deep, 150 feet wide, and had a vertical run of 800 feet. All three skiers were caught by the avalanche. One skier was partially buried and was able to self-extricate. After self-extricating, the skier attempted to find the transceiver signal of the buried skiers. Approximately 13 minutes after the avalanche, the skier successfully probed one of the buried skiers and uncovered them, but they were ultimately unresponsive when rescue breaths were attempted. In the subsequent minutes, the second buried skier was probed and uncovered, but also found to be unresponsive to any resuscitation attempts. Around 1-1.5 hours after the avalanche, a helicopter ambulance was able to hoist the injured skier out, and this skier was subsequently taken to the hospital and released later in the day. Due to unfavorable weather, search and rescue recovered the deceased skiers bodies the following day.",CSV
202404,5,900,202404,5,2000,191334,1178106,UTAH,49,2024,April,Avalanche,Z,24,EASTERN UINTA BASIN,49024,GJT,05-APR-24 09:00:00,MST-7,05-APR-24 20:00:00,0,0,0,0,0.00K,0.00K,Mesonet,NA,NA,NA,NA,NA,NA,NA,NA,NA,NA,NA,NA,NA,NA,NA,NA,NA,NA,NA,NA,NA,"A deep trough of low pressure approached eastern Utah and western Colorado from the west, with a strong 140 knot jet aloft wrapping around the trough's base. This jet, combined with a very tight southwesterly pressure gradient aloft, brought very strong winds to the region ahead of an impressive cold front. Wind gusts ranged from 45 mph to 65 mph across valley locations, while mountain locations saw gusts up to 90 mph.","Wind gusts across the zone  ranged from 45 mph to 65 mph, with the peak gust of 66 mph occurring at the Vernal CWOP station in Vernal, UT. Three additional sites recorded gusts above 58 mph during this event. The KVEL ASOS, located at the Vernal Airport, recorded a peak gust of 51 mph.",CSV
202406,22,1500,202406,22,1900,192873,1190572,ALASKA,2,2024,June,Avalanche,Z,142,COPPER RIVER BASIN,02142,AFC,22-JUN-24 15:00:00,AKST-9,22-JUN-24 19:00:00,0,0,0,0,0.00K,0.00K,ASOS,NA,NA,NA,NA,NA,NA,NA,NA,NA,NA,NA,NA,NA,NA,NA,NA,NA,NA,NA,NA,NA,"An upper-level ridge extending up from the Eastern Bering Sea through Interior Alaska contributed to a period of warm and dry conditions for much of the state of Alaska during mid-June. A low in the southeastern Gulf of Alaska on helped to draw northerly winds, which combined with temperatures reaching into the low 80s to produce borderline Red Flag conditions in the Copper River Basin during the afternoon and evening hours of June 22.",Borderline Red Flag Warning criteria was met at the Gulkana ASOS from around 4 pm to 8 pm AKDT. Temperatues hovered near 75 degrees Fahrenheit with sustained northerly winds of 13 to 16 mph with a peak gust of 25 mph. Relative humidity ranged from 25% to 29% during this same time period.,CSV
202403,27,1400,202403,27,1405,189451,1165694,UTAH,49,2024,March,Avalanche,Z,111,WASATCH MOUNTAINS SOUTH OF I-80,49111,SLC,27-MAR-24 14:00:00,MST-7,27-MAR-24 14:05:00,1,0,0,0,0.00K,0.00K,Park/Forest Service,NA,NA,NA,NA,NA,NA,NA,NA,NA,NA,NA,NA,NA,NA,NA,NA,NA,NA,NA,NA,NA,"Another northern stream trough dug southward along the Pacific Coast before pivoting eastward into the Great Basin and Desert Southwest. Embedded energy in the preceding southwesterly flow and eventual frontal passage with the trough axis shifting eastward resulted in multiple rounds of precipitation, yielding accumulating mountain snow to close out the month of March. Additionally, an avalanche occurred and resulted in an injury.","Three skiers skiing on the east face of Mt. Raymond in Millcreek Canyon triggered an avalanche, with a width of approximately 200 feet, a depth of 2 feet, and a vertical run of approximately 800 feet. One of the skiers was caught in the slide and forced into trees at a high rate of speed, which resulted in the skier breaking an arm. The other skiers were able to sling the injured skiers arm, and the injured skier was then able to  ski out and seek treatment at a medical facility. No specific time was detailed in the avalanche report, so time of avalanche is approximated.",CSV
202408,1,0,202408,13,700,196317,1214974,VIRGINIA,51,2024,August,Avalanche,Z,35,AMHERST,51035,RNK,01-AUG-24 00:00:00,EST-5,13-AUG-24 07:00:00,0,0,0,0,0.00K,0.00K,Drought Monitor,NA,NA,NA,NA,NA,NA,NA,NA,NA,NA,NA,NA,NA,NA,NA,NA,NA,NA,NA,NA,NA,"The remnants of Hurricane Debby brought widespread rainfall to central Virginia on August 8th, with totals ranging from 2.5 to 4.5 inches, with locally higher amounts of up to six inches.  The rainfall resulted in widespread short-term improvements in soil moisture and streamflows, bringing most back to normal levels after being categorized as below normal to much below normal prior to the arrival of the storm. Improvements realized by the agricultural community were mixed, with some crops benefiting from the rainfall while others did not benefit as much given the rain fell later in the growing season.","The remnants of Hurricane Debby brought rainfall totals to Amherst County of 2 to locally 4 inches, in addition to the 1 to 2 inches that fell earlier in August prior to Debby's arrival. This rainfall resulted in significant short-term improvement to both soil moisture and streamflow levels, raising each from anywhere between the 10th-30th percentile before the storm to normal levels after the storm passed. As such, the southern quarter of Rockbridge County experienced an improvement in drought conditions from Severe Drought to Moderate Drought on August 6th, with the northern three quarters of the county improving to Moderate Drought on August 13th.  However, it was reported toward the end of August that many types of crops did not benefit from the moisture given the later time of the growing season that it arrived. Some farmers also reported additional losses to crops from the rainfall given that the increased moisture caused some crops to become infected with disease, and made it more difficult for heavy equipment to enter the fields given the soft soil conditions.",CSV
202412,28,2300,202412,29,300,198912,1229796,IDAHO,16,2024,December,Avalanche,Z,66,CENTENNIAL MOUNTAINS-ISLAND PARK,16066,PIH,28-DEC-24 23:00:00,MST-7,29-DEC-24 03:00:00,0,0,0,0,0.00K,0.00K,Park/Forest Service,NA,NA,NA,NA,NA,NA,NA,NA,NA,NA,NA,NA,NA,NA,NA,NA,NA,NA,NA,NA,NA,A long protracted Pacific flow brought heavy snow to southeast Idaho with travel impacts in between the Christmas and New Year's holidays.,The Gallatin National Forest Avalanche Center reported a report of 1 person partially buried in an avalanche in the Lionhead area near the Idaho/Montana border.,CSV
202412,28,1200,202412,28,1200,198109,1224975,UTAH,49,2024,December,Avalanche,Z,111,WASATCH MOUNTAINS SOUTH OF I-80,49111,SLC,28-DEC-24 12:00:00,MST-7,28-DEC-24 12:00:00,0,0,1,0,0.00K,0.00K,Broadcast Media,NA,NA,NA,NA,NA,NA,NA,NA,NA,NA,NA,NA,NA,NA,NA,NA,NA,NA,NA,NA,NA,Snowboarders died in avalanches in Millcreek Canyon and Big Cottonwood Canyon.,A man was snowboarding in the Porter Fork area of Millcreek Canyon when he was caught by an avalanche. He was dug from the snow several days later.,CSV
202412,31,1200,202412,31,1200,198109,1224980,UTAH,49,2024,December,Avalanche,Z,111,WASATCH MOUNTAINS SOUTH OF I-80,49111,SLC,31-DEC-24 12:00:00,MST-7,31-DEC-24 12:00:00,0,0,1,0,0.00K,0.00K,Broadcast Media,NA,NA,NA,NA,NA,NA,NA,NA,NA,NA,NA,NA,NA,NA,NA,NA,NA,NA,NA,NA,NA,Snowboarders died in avalanches in Millcreek Canyon and Big Cottonwood Canyon.,A snowboarder died in an avalanche in Silver Fork of Big Cottonwood Canyon.,CSV
202512,25,1500,202512,25,1500,208758,1300886,NEVADA,32,2025,December,Avalanche,Z,2,GREATER LAKE TAHOE AREA,32002,REV,25-DEC-25 15:00:00,PST-8,25-DEC-25 15:00:00,0,0,0,0,0.00K,0.00K,Broadcast Media,NA,NA,NA,NA,NA,NA,NA,NA,NA,NA,NA,NA,NA,NA,NA,NA,NA,NA,NA,NA,NA,"A multi-day storm brought 1.5-3 of rain across the main urban areas of far western NV, with 0.25-1 totals into other portions of northwest NV and east of the Reno-Carson City region to remaining areas west of US-95, with less than 0.25��� near and east of US-95 in west central NV. The highest totals were observed on Christmas Eve. Snowfall in the Sierra from this multi-day event was generally 3-6 feet in areas above 7000 feet, with 1-2 feet down to lake level in the Tahoe Basin. For western NV, snowfall was limited to 1��� or less below 5000 feet, with 1-5��� in foothill locations between 5000-6000 feet, and up to 9��� above 6000 feet near Virginia City.","An avalanche near Mt. Rose summit on Christmas Day buried a skier for over an hour before contacting authorities and SAR. Time of report is estimated per news story descriptions. The man trapped in the avalanche was found by the SAR team and was cold and tired, but uninjured and able to walk. The backcountry avalanche risk was high per the Sierra Avalanche Center and Warnings were in place.",CSV
202502,4,1000,202502,4,1300,200096,1239153,IDAHO,16,2025,February,Avalanche,Z,73,SUN VALLEY REGION,16073,PIH,04-FEB-25 10:00:00,MST-7,04-FEB-25 13:00:00,0,0,0,0,NA,0.00K,Newspaper,NA,NA,NA,NA,NA,NA,NA,NA,NA,NA,NA,NA,NA,NA,NA,NA,NA,NA,NA,NA,NA,"Heavy snow fell in the Sawtooth, Sun Valley and parts of Lincoln County.  It was a long lasting 3 to 4 day atmospheric river event with very warm temperatures and heavy snow limited to very specific areas.",A large avalanche near Board Ranch slammed into the back of a house near Penny Lake.   No injuries or significant damage reported.,CSV
202502,2,800,202502,2,1200,200096,1239143,IDAHO,16,2025,February,Avalanche,Z,73,SUN VALLEY REGION,16073,PIH,02-FEB-25 08:00:00,MST-7,02-FEB-25 12:00:00,0,0,0,0,0.00K,0.00K,Newspaper,NA,NA,NA,NA,NA,NA,NA,NA,NA,NA,NA,NA,NA,NA,NA,NA,NA,NA,NA,NA,NA,"Heavy snow fell in the Sawtooth, Sun Valley and parts of Lincoln County.  It was a long lasting 3 to 4 day atmospheric river event with very warm temperatures and heavy snow limited to very specific areas.",An avalanche blocked Warm Springs Road near Frenchman Bend.  Road was not reopened until February 6th.,CSV
202502,3,730,202502,3,1000,200096,1239149,IDAHO,16,2025,February,Avalanche,Z,75,WOOD RIVER FOOTHILLS,16075,PIH,03-FEB-25 07:30:00,MST-7,03-FEB-25 10:00:00,0,0,0,0,0.00K,0.00K,Newspaper,NA,NA,NA,NA,NA,NA,NA,NA,NA,NA,NA,NA,NA,NA,NA,NA,NA,NA,NA,NA,NA,"Heavy snow fell in the Sawtooth, Sun Valley and parts of Lincoln County.  It was a long lasting 3 to 4 day atmospheric river event with very warm temperatures and heavy snow limited to very specific areas.",A large avalanche ran down Della Mountain between 6 AM and 9 AM briefly blocking the Big Wood River.,CSV
202502,7,1000,202502,7,2100,200129,1268599,IDAHO,16,2025,February,Avalanche,Z,60,BEAR RIVER RANGE,16060,PIH,07-FEB-25 10:00:00,MST-7,07-FEB-25 21:00:00,0,0,0,0,0.00K,0.00K,Park/Forest Service,NA,NA,NA,NA,NA,NA,NA,NA,NA,NA,NA,NA,NA,NA,NA,NA,NA,NA,NA,NA,NA,A powerful winter storm brought a combination of heavy snow and very strong winds which caused road closures in eastern Idaho.,"Utah Avalanche Center reported an avalanche caught, carried and buried a snowmobile rider in the Franklin Basin Area.  It was estimated to be 3.5 feet deep and about 70 feet wide.  Victim found and rescued by companion rider.  The time of the avalanche was unknown.",CSV
202503,8,800,202503,8,2000,201079,1247932,COLORADO,8,2025,March,Avalanche,Z,12,WEST ELK AND SAWATCH MOUNTAINS,08012,GJT,08-MAR-25 08:00:00,MST-7,08-MAR-25 20:00:00,1,0,0,0,0.00K,0.00K,State Official,NA,NA,NA,NA,NA,NA,NA,NA,NA,NA,NA,NA,NA,NA,NA,NA,NA,NA,NA,NA,NA,"In the days prior to this avalanche, which caught and seriously injured a backcountry skier, a strong winter storm brought strong winds and fresh snow the terrain. This accident occurred in an area south of Marble, CO at an elevation of 10,400 feet. This puts it near to above treeline. On the day of the accident, the Colorado Avalanche Information Center (CAIC) rated the avalanche danger, both near and above treeline, as Considerable (3/5), with areas below treeline at Moderate (2/5). The highest avalanche danger was on north-facing slopes and at steep slope angles.","This injurious avalanche occurred south of the town of Marble, CO, off of a terrain feature know as Raspberry Ridge, in a run known locally as Money Shot. The Colorado Avalanche Information Center (CAIC) rated the avalanche danger in this area as Considerable (3/5) near and above treeline. CAIC's synopsis said dangerous avalanche conditions exist and indicated that slopes with a northerly component were the most dangerous, with the possibility of triggering a deadly avalanche on any of these slopes. Below treeline, the avalanche danger was listed as Moderate (2/5). The avalanche types of concern were Persistent Slab and Wind Slab. The accident slope on the 8th was steep, high elevation, and faced northeast, all factors that, per CAIC's forecast, made this a dangerous to deadly slope. In addition, this slope was known to be significantly more shallow than nearby slopes, and had a history of avalanching multiple times earlier in the 2024/2025 winter season. In fact, just the day before two backcountry tourers triggered two small avalanches. One of the March 7th avalanches caught one of the backcountry tourers, but they were uninjured. The other avalanche was triggered remotely and broke just below the March 8th accident site.||A full summary of this accident was unavailable. The synopsis given, via CAIC, indicates that a skier triggered and was subsequently caught, carried, and seriously injured by, an avalanche. The skier's partner assisted in digging the skier out of the snow and addressing the injuries as best as possible. The partner then dragged the skier down nearly 600 vertical feet to a trail intersection, where local search and rescue teams were waiting. The skier was then transported to Aspen Valley Hospital via helicopter.",CSV
202503,7,2100,202503,7,2105,199159,1231299,UTAH,49,2025,March,Avalanche,Z,112,WESTERN UINTA MOUNTAINS,49112,SLC,07-MAR-25 21:00:00,MST-7,07-MAR-25 21:05:00,0,0,1,0,0.00K,0.00K,Park/Forest Service,NA,NA,NA,NA,NA,NA,NA,NA,NA,NA,NA,NA,NA,NA,NA,NA,NA,NA,NA,NA,NA,"A shortwave trough moved into the region resulting in a winter storm, characterized by a more mild southwesterly flow period initially which later on transitioned to a colder northwesterly flow. This event brought substantial snow accumulations to Utah's mountains, with some lighter accumulations noted at many lower elevation spots. Additionally, an avalanche in the western Uinta mountains resulted in the fatality of a backcountry skier.","A report of a skier who failed to return home by 500 pm MST was received by Summit County Dispatch on the evening of the event 3/7. A search and rescue operation was started that evening, and crews found evidence of a recent slide, but due to reportedly extremely hazardous conditions the crews had to wait to until the following morning. Search and continue the search rescue crew ultimately found the body of a deceased 51 year old man at 1049 am MST, with a determination that he had been caught in the avalanche on a steep northeast aspect of Hoyt Peaks NE bowl. A forecaster with the Utah Avalanche Center stated that warm and strong spring sunshine may have been a contributing factor to reactivate multiple weak layers buried beneath the current snowpack. A nearby SNOTEL, Beaver Divide, recorded 1.1 inches of water from the start of the event through 500 pm MST 3/7, which at a reasonable 13 to 1 snow to liquid ratio would equate to 14.3 inches of snow. The closest SNOTEL, Redden Mine LWR, through the same time period recorded 2.5 inches of water, or at the same ratio approximately 32.5 inches of snow.",CSV
202503,18,1617,202503,18,1622,199703,1238246,UTAH,49,2025,March,Avalanche,Z,111,WASATCH MOUNTAINS SOUTH OF I-80,49111,SLC,18-MAR-25 16:17:00,MST-7,18-MAR-25 16:22:00,0,0,0,0,10.00K,0.00K,Law Enforcement,NA,NA,NA,NA,NA,NA,NA,NA,NA,NA,NA,NA,NA,NA,NA,NA,NA,NA,NA,NA,NA,"A progressive shortwave trough and a subsequent period of colder northwesterly flow brought accumulating snow and impacts to portions of Utah's mountains as well as in portions of the Salt Lake Valley. On the front side of this system, a period of strong winds were observed in several locations across western Utah, especially with and directly after frontal passage.","Law enforcement in addition to the Utah Avalanche Center reported a natural avalanche in Little Cottonwood Canyon between Snowbird and Alta, which resulted in the partial burial of 3 vehicles containing a total of 5 or 6 passengers. No injuries were reported, and the main canyon road was reopened at approximately 7:30 PM MST.",CSV
202502,21,1800,202502,21,2100,199950,1237680,MONTANA,30,2025,February,Avalanche,Z,7,BUTTE / BLACKFOOT REGION,30007,MSO,21-FEB-25 18:00:00,MST-7,21-FEB-25 21:00:00,0,0,0,0,0.00K,0.00K,Department of Highways,NA,NA,NA,NA,NA,NA,NA,NA,NA,NA,NA,NA,NA,NA,NA,NA,NA,NA,NA,NA,NA,An atmospheric river brought areas of rain and gusty winds. Sub-freezing temperatures resulted in icy road impacts. Avalanches were noted in a few areas.,"Snow slide blocked the right lane of Highway 1 in the Flint Creek Canyon, northwest of Georgetown Lake.",CSV
202502,24,900,202502,24,1200,199954,1237689,IDAHO,16,2025,February,Avalanche,Z,6,SOUTHERN CLEARWATER MOUNTAINS,16006,MSO,24-FEB-25 09:00:00,PST-8,24-FEB-25 12:00:00,0,0,0,0,0.00K,0.00K,Department of Highways,NA,NA,NA,NA,NA,NA,NA,NA,NA,NA,NA,NA,NA,NA,NA,NA,NA,NA,NA,NA,NA,An atmospheric river brought rain on top of deep snow cover resulting in an avalanche.,An avalanche blocked the eastbound lane of Highway 12 near Elk Summit Road and Powell Junction. The avalanche was estimated to be 8 feet tall and 30 feet long.,CSV
202501,24,1000,202501,24,1400,199864,1237095,ALASKA,2,2025,January,Avalanche,Z,809,CENTRAL BROOKS RANGE,02809,AFG,24-JAN-25 10:00:00,AKST-9,24-JAN-25 14:00:00,0,0,0,0,NA,0.00K,Department of Highways,NA,NA,NA,NA,NA,NA,NA,NA,NA,NA,NA,NA,NA,NA,NA,NA,NA,NA,NA,NA,NA,A series of three strong low pressure centers moved northward through the Bearing with the last one pushing a strong cold front into the interior. These storms resulted in heavy snowfall across western and northern Alaska with a mix of snow a freezing rain throughout the interior. Strong winds also occurred creating blizzard conditions across several communities over the course of five days.,Alaska DOT reported on the 511 site that numerous avalanches had occurred through Atigun pass resulting in closure of the Dalton Highway. During the time of the event the Chandalar Shelf mesonet site was reporting several hours of 30 to 40 mph wind gusts leading to extra snow loading in the area.,CSV
202501,24,1000,202501,24,1015,199864,1237039,ALASKA,2,2025,January,Avalanche,Z,847,NORTHERN DENALI BOROUGH,02847,AFG,24-JAN-25 10:00:00,AKST-9,24-JAN-25 10:15:00,0,0,0,0,NA,0.00K,Department of Highways,NA,NA,NA,NA,NA,NA,NA,NA,NA,NA,NA,NA,NA,NA,NA,NA,NA,NA,NA,NA,NA,A series of three strong low pressure centers moved northward through the Bearing with the last one pushing a strong cold front into the interior. These storms resulted in heavy snowfall across western and northern Alaska with a mix of snow a freezing rain throughout the interior. Strong winds also occurred creating blizzard conditions across several communities over the course of five days.,Alaska DOT reported on their 511 site that an Avalanche occurred at mile 219 of the Parks Highway and was blocking traffic in all directions. DOT estimated that at least 6 feet of snow was covering the highway as a result of the avalanche.,CSV
202501,3,1830,202501,3,2200,199344,1232709,IDAHO,16,2025,January,Avalanche,Z,73,SUN VALLEY REGION,16073,PIH,03-JAN-25 18:30:00,MST-7,03-JAN-25 22:00:00,0,0,0,0,0.00K,0.00K,Department of Highways,NA,NA,NA,NA,NA,NA,NA,NA,NA,NA,NA,NA,NA,NA,NA,NA,NA,NA,NA,NA,NA,Idaho Highway 75 closed near milepost 155 and Horse Creek Road.   Partial closure with road reduced to one lane.,Idaho Highway 75 closed near milepost 155 and Horse Creek Road.   Partial closure with highway reduced to one lane.,CSV
202501,4,1200,202501,4,1500,199348,1232717,IDAHO,16,2025,January,Avalanche,Z,73,SUN VALLEY REGION,16073,PIH,04-JAN-25 12:00:00,MST-7,04-JAN-25 15:00:00,0,1,0,0,0.00K,0.00K,Newspaper,NA,NA,NA,NA,NA,NA,NA,NA,NA,NA,NA,NA,NA,NA,NA,NA,NA,NA,NA,NA,NA,"Snowmobiler rescued near Smiley Creek when they triggered a 900 foot wide avalanche near 9,300 feet.  A rider was buried for 15 minutes but he was rescued by other snowmobilers and alert when evacuated to hospital for evaluation.","Snowmobiler rescued near Smiley Creek when they triggered a 900 foot wide avalanche near 9,300 feet.  A rider was buried for 15 minutes but he was rescued by other snowmobilers and alert when evacuated to hospital for evaluation.",CSV
202501,4,1100,202501,4,1105,198878,1229493,WYOMING,56,2025,January,Avalanche,Z,12,TETON & GROS VENTRE MOUNTAINS,56012,RIW,04-JAN-25 11:00:00,MST-7,04-JAN-25 11:05:00,1,0,1,0,0.00K,0.00K,Park/Forest Service,NA,NA,NA,NA,NA,NA,NA,NA,NA,NA,NA,NA,NA,NA,NA,NA,NA,NA,NA,NA,NA,"A group of four skiers unintentionally triggered an avalanche on a north-facing, sparsely treed slope above a steep-walled gully in the southern Absaroka Range, leading to one death and another person sustaining serious injury.","Summary from the USDA FS Bridger Teton Avalanche Center report titled Radio Tower Peak Avalanche Accident: On Saturday, January 4 2025, at approximately 11 am, a group of four skiers unintentionally triggered an avalanche on a north-facing, sparsely treed slope above a steep-walled gully approximately one mile from the parking pullout for Breccia Mountain. The avalanche was remotely triggered from below as the party attempted to cross a gully beneath a wind-loaded ridge. The triggered weak layer was formed during a cold, dry period early in the season. The weak layer was responsible for the region���s numerous human and snowmobile-triggered avalanches the week preceding this accident. This avalanche propagated 350��� uphill to a wind-loaded 38-40 degree slope, broken by cliff bands and across three distinct avalanche paths. The avalanche crown was 400��� across and ranged from one to four feet thick. The debris was a mixture of hard slab and softer surface snow, which slid 625 feet (400 vertical feet) into a terrain trap. The debris carried two members of the group, resulting in one serious injury and one fatality.",CSV
202501,7,1000,202501,7,2100,199403,1233071,COLORADO,8,2025,January,Avalanche,Z,18,NORTHWESTERN SAN JUAN MOUNTAINS,08018,GJT,07-JAN-25 10:00:00,MST-7,07-JAN-25 21:00:00,0,0,1,0,0.00K,0.00K,State Official,NA,NA,NA,NA,NA,NA,NA,NA,NA,NA,NA,NA,NA,NA,NA,NA,NA,NA,NA,NA,NA,"A dry and mild December led to the weakening of the snowpack started in November. On top of this now weak snowpack, in the early days of January, a fresh additional 24 inches of snow fell, weakening the snowpack further. This set the stage for potentially injurious or fatal avalanches in the area.","The Colorado Avalanche Information Center provided all the information regarding this fatal avalanche accident. The incident occurred in the Northwest San Juan Mountains, on the slopes of Red Mountain #3. The snowpack in this location was known to be weak, and the avalanche danger on the day of the accident was rated as Moderate, or 2/5 on a scale where 1 is the least danger and 5 is the most danger. The victim of the accident, referred to as Skier 1 from here on, was travelling alone although they had arranged a check in system with their spouse. After completing several clean runs, Skier 1 triggered an avalanche that caught and buried them under approximately 1 meter of snow, which prevented self-excavation under the circumstances. When Skier 1 became overdue for the scheduled check-in with their spouse, the spouse notified search and rescue teams, and went to search for their spouse on their own. The spouse found Skier 1 buried and, with the help of nearby backcountry skiers and Ouray Mountain Rescue Team, were able to remove Skier 1 from the avalanche debris. However, Skier 1 had been buried for 4 or more hours, and had unfortunately passed away.",CSV
202501,23,1300,202501,23,1305,198900,1229648,UTAH,49,2025,January,Avalanche,Z,111,WASATCH MOUNTAINS SOUTH OF I-80,49111,SLC,23-JAN-25 13:00:00,MST-7,23-JAN-25 13:05:00,1,0,0,0,0.00K,0.00K,Park/Forest Service,NA,NA,NA,NA,NA,NA,NA,NA,NA,NA,NA,NA,NA,NA,NA,NA,NA,NA,NA,NA,NA,"While several avalanches were noted throughout the month of January given the tenuous nature of the snowpack, one in the later portion of the month resulted in injury.","Sometime during the day, a party of backcountry skiers started a day in Big Cottonwood Canyon, eventually working their way up to the Park City ridgeline. The skiers then planned a descent into the Katie's area. One of the skiers started a descent, causing a hard slab to break approximately 30 ft above them on the second turn of their run. This avalanche caused the skier to be pulled into a chute in the woods, and carried the skier an estimated 500 ft. The skier was able to extract themselves from the snow, and while a life flight had been called, the skier reportedly only suffered minor injuries and significant bruising, and emergency services deemed to be not needed.",CSV
202502,3,1200,202502,3,1200,198287,1226112,UTAH,49,2025,February,Avalanche,Z,110,WASATCH MOUNTAINS I-80 NORTH,49110,SLC,03-FEB-25 12:00:00,MST-7,03-FEB-25 12:00:00,0,0,1,0,0.00K,0.00K,Broadcast Media,NA,NA,NA,NA,NA,NA,NA,NA,NA,NA,NA,NA,NA,NA,NA,NA,NA,NA,NA,NA,NA,The snowmobiler got caught in an avalanche in the Monte Cristo Snowmobile Area.,"A snowmobiler got caught in an avalanche in the Monte Cristo Snowmobile Area near the Rich and Cache county line. The victim's friend called for help, prompting a multi-agency search in which the victim was found deceased around 6:20 p.m. Monday, February 3. Deputies reported the snow was very deep where the avalanche occurred and it took 4 hours to locate the victim. Prior to this event, the northern Utah mountains received 1-2 feet of snow between Friday, January 31 and Sunday, February 2, followed by rising temperatures and strong winds.",CSV
202502,8,1245,202502,8,1245,198549,1227504,UTAH,49,2025,February,Avalanche,Z,111,WASATCH MOUNTAINS SOUTH OF I-80,49111,SLC,08-FEB-25 12:45:00,MST-7,08-FEB-25 12:45:00,1,0,1,0,0.00K,0.00K,Broadcast Media,NA,NA,NA,NA,NA,NA,NA,NA,NA,NA,NA,NA,NA,NA,NA,NA,NA,NA,NA,NA,NA,One skier was injured and another was killed by an avalanche in the Silver Fork area.,"A skier and a guide were caught in an avalanche in the East Bowl of upper Silver Fork. The skier triggered the avalanche above the guide who was skiing below. Both were carried by the avalanche. The skier was badly injured, with a broken leg, but survived. The guide had traumatic injuries and died.",CSV
202502,14,1915,202502,14,1915,198456,1228423,COLORADO,8,2025,February,Avalanche,Z,34,S & SE GRAND / W CENTRAL & SW BOULDER / GILPIN / CLEAR CREEK / SUMMIT / N & W PARK COUNTIES ABOVE 9000 FEET,08034,BOU,14-FEB-25 19:15:00,MST-7,14-FEB-25 19:15:00,0,0,0,0,NA,NA,Law Enforcement,NA,NA,NA,NA,NA,NA,NA,NA,NA,NA,NA,NA,NA,NA,NA,NA,NA,NA,NA,NA,NA,Snow moved into the mountains during the early morning hours of February 14th. Periods of snowfall continued through the 14th and then ended late on the 15th. The heaviest snowfall occurred over the Park and Gore ranges. An avalanche on Loveland Pass swept a truck off the road and down the slope. No injuries were reported from the avalanche. This led to a long closure of Loveland Pass.,"At approximately 7:15PM a natural avalanche released in an avalanche path known as Seven Sister 6, and swept a pickup truck off the road. One person was in the vehicle at the time. They were not seriously injured.",CSV
202502,22,1645,202502,22,1646,198761,1228812,COLORADO,8,2025,February,Avalanche,Z,34,S & SE GRAND / W CENTRAL & SW BOULDER / GILPIN / CLEAR CREEK / SUMMIT / N & W PARK COUNTIES ABOVE 9000 FEET,08034,BOU,22-FEB-25 16:45:00,MST-7,22-FEB-25 16:46:00,0,0,1,0,NA,NA,Broadcast Media,NA,NA,NA,NA,NA,NA,NA,NA,NA,NA,NA,NA,NA,NA,NA,NA,NA,NA,NA,NA,NA,"A backcountry skier is dead after being buried in an avalanche on Berthoud Pass Saturday, according to the Colorado Avalanche Information Center. The skier-triggered avalanche happened on Mines Peak east of the pass, in a rocky part of the mountain face known as The Fingers, around 4:45 p.m. Earlier in the day, a group of people were riding snowmobiles on Gravel Mountain near Grand Lake when they triggered an avalanche. No one was seriously hurt in this earlier slide.","A backcountry skier is dead after being buried in an avalanche on Berthoud Pass Saturday, according to the Colorado Avalanche Information Center. The skier-triggered avalanche happened on Mines Peak east of the pass, in a rocky part of the mountain face known as The Fingers, around 4:45 p.m.",CSV
202502,22,1428,202502,22,1429,198761,1228813,COLORADO,8,2025,February,Avalanche,Z,33,S & E JACKSON / LARIMER / N & NE GRAND / NW BOULDER COUNTIES ABOVE 9000 FEET,08033,BOU,22-FEB-25 14:28:00,MST-7,22-FEB-25 14:29:00,0,0,0,0,0.00K,0.00K,Broadcast Media,NA,NA,NA,NA,NA,NA,NA,NA,NA,NA,NA,NA,NA,NA,NA,NA,NA,NA,NA,NA,NA,"A backcountry skier is dead after being buried in an avalanche on Berthoud Pass Saturday, according to the Colorado Avalanche Information Center. The skier-triggered avalanche happened on Mines Peak east of the pass, in a rocky part of the mountain face known as The Fingers, around 4:45 p.m. Earlier in the day, a group of people were riding snowmobiles on Gravel Mountain near Grand Lake when they triggered an avalanche. No one was seriously hurt in this earlier slide.",A group of people were riding snowmobiles on Gravel Mountain near Grand Lake when they triggered an avalanche. No one was seriously hurt in this earlier slide.,CSV
202502,20,1300,202502,20,1600,200128,1239173,COLORADO,8,2025,February,Avalanche,Z,19,SOUTHWESTERN SAN JUAN MOUNTAINS,08019,GJT,20-FEB-25 13:00:00,MST-7,20-FEB-25 16:00:00,0,0,1,0,0.00K,0.00K,State Official,NA,NA,NA,NA,NA,NA,NA,NA,NA,NA,NA,NA,NA,NA,NA,NA,NA,NA,NA,NA,NA,"After a prolonged winter storm from February 14th to the 19th dumped 3-4 feet of snow on the San Juan Mountains, the snow pack in the region was somewhat unstable. The Colorado Avalanche Information Center rated the avalanche danger on February 20th in the area east of Ophir, CO as Moderate or 2/5, and listed the probability of avalanches as possible, with a size of D2, or Small to Large. On this date, in an area known locally as The Nose, two backcountry tourers triggered an avalanche rated as D2.5, big enough to bury, injure, or kill a person,  that caught both and buried and killed one.","The Colorado Avalanche Information Center (CAIC) rated the avalanche danger at this location on the day of the incident as Moderate (2/5), with persistent slab avalanches being the main concern. The likelihood of an avalanche was rated as Possible and the expected size was Small to Large (up to D2), large enough to injure, bury, or kill. The period from late November to early February was generally dry, leading to a weak,  low cohesion snowpack onto which 3-4 feet of fresh snow fell from February 14th to the 19th. The incident party was made up of 2 experienced backcountry tourers. Rider 2 was very familiar with the terrain in the area, while this was Skier 1's first time in this area. They had toured together multiple times in other locations prior to this trip. Both read the avalanche forecast on the morning of the incident, and had made a plan to ski lower angle terrain to start, to test the snowpack for any signs of instability. Both had transceivers and carried avalanche probes and shovels. The incident party made for the steeper terrain of a feature known as The Nose in the afternoon. Skier 1 started his descent and within 5-10 second triggered an avalanche that caught him, but he was able to escape the avalanche 150-200 vertical feet below his starting point. Once out of the avalanche he looked and called for Rider 2 and received no response. Skier 1 began a transceiver search and, after about an hour of searching the widely spread out avalanche debris, finally located Rider 2, buried under about 6 feet of snow. An additional pair of rescuers had noticed the fresh avalanche and arrived in the area, searching on their own before finding Skier 1 and helping dig out Rider 2. When found, Rider 2 was not breathing and had no pulse. Rider 2 was finally fully excavated about 90 minutes after the avalanche, and while Silverton Medical Rescue arrived and provided care, even airlifting them to the hospital in Silverton, Rider 2 was pronounced dead.",CSV
202502,25,1000,202502,25,1500,200131,1239214,COLORADO,8,2025,February,Avalanche,Z,18,NORTHWESTERN SAN JUAN MOUNTAINS,08018,GJT,25-FEB-25 10:00:00,MST-7,25-FEB-25 15:00:00,1,0,0,0,0.00K,0.00K,State Official,NA,NA,NA,NA,NA,NA,NA,NA,NA,NA,NA,NA,NA,NA,NA,NA,NA,NA,NA,NA,NA,"After a prolonged winter storm from February 14th to the 19th dumped 3-4 feet of snow on the San Juan Mountains, the snow pack in the region was somewhat unstable. The Colorado Avalanche Information Center rated the avalanche danger on February 25th in the area of Ophir, CO as Moderate or 2/5, and listed the probability of avalanches as possible, with a size of D3, or Large to Very Large. On this date, in an area known locally as Mine Dump, a backcountry tourer triggered an avalanche rated as D1.5, big enough to injure but not necessarily to kill. This skier was caught and carried into a tree, which did cause injuries and required the aid of San Miguel County Search and rescue for excavation and evacuation.","The Colorado Avalanche Information Center rated the avalanche danger at this location on the day of the incident as Moderate (2/5), with persistent slab avalanches being the main concern. The likelihood of an avalanche was rated as Possible and the expected size was Large to Very Large (up to D3), large enough to not only bury, injure, or kill a person but also to bury cars, destroy a house, or break trees. The period from late November through early February had been generally dry, punctuated by strong but brief winter storms. In the week prior to this event, a major winter storm had brough a fresh 3-4 feet of snow to the area, along with light accumulations on subsequent days. This led to a weak, unstable snowpack that had already resulted in two fatal avalanche accidents in the days prior. On the day of the accident, two backcountry skiers had opted to ski an area know locally as Mine Dump, a steep, north-facing slope west of the town of Ophir, CO. Skier 1 triggered an avalanche in the upper snowpack that then stepped down to deep weak layers twice before reaching the ground. This avalanche caught skier one and carried him into a tree, injuring him. Skier 2, who was not caught, alerted a friend via radio, and the friend alerted San Miguel County Search and Rescue. San Miguel County Search and Rescue freed Skier 1 and evacuated him to a waiting ambulance, which later transferred him to a helicopter to airlift him to hospital.",CSV
202502,16,409,202502,16,1200,200102,1239018,VIRGINIA,51,2025,February,Avalanche,Z,12,WYTHE,51012,RNK,16-FEB-25 04:09:00,EST-5,16-FEB-25 12:00:00,0,0,0,0,3.50K,0.00K,911 Call Center,NA,NA,NA,NA,NA,NA,NA,NA,NA,NA,NA,NA,NA,NA,NA,NA,NA,NA,NA,NA,NA,"A strong pressure gradient in the wake of a cold front caused very strong, gusty winds throughout Southwest Virginia, with winds exceeding 60 MPH at times. The extent of damage was exacerbated by a strong freezing rain event in the previous couple days, both softening soil and weakening tree branches.",Seven trees were blown down by non-thunderstorm winds around Wythe County.,CSV
202502,28,1120,202502,28,1125,201317,1250001,WASHINGTON,53,2025,February,Avalanche,Z,49,WESTERN OKANOGAN COUNTY,53049,OTX,28-FEB-25 11:20:00,PST-8,28-FEB-25 11:25:00,0,0,1,0,9.00K,0.00K,Park/Forest Service,NA,NA,NA,NA,NA,NA,NA,NA,NA,NA,NA,NA,NA,NA,NA,NA,NA,NA,NA,NA,NA,Snowmobilers caused avalanche resulting in one fatality. It occurred at Brown Bear Mine near Harts Pass. It started at around 6600 feet and traveled to 6240 feet. The area was under moderate avalanche outlook at the time.,Northwest Avalanche Center reported a fatal backcountry avalanche 2 miles south of Harts Pass at Brown Bear Mine. Three snowmobiles triggered the avalanche. It resulted in 1 fatality and 1 injury.,CSV
202504,19,900,202504,19,2000,202245,1257251,COLORADO,8,2025,April,Avalanche,Z,12,WEST ELK AND SAWATCH MOUNTAINS,08012,GJT,19-APR-25 09:00:00,MST-7,19-APR-25 20:00:00,1,0,0,0,0.00K,0.00K,State Official,NA,NA,NA,NA,NA,NA,NA,NA,NA,NA,NA,NA,NA,NA,NA,NA,NA,NA,NA,NA,NA,"In the days prior to this avalanche incident, the area in question had received a few inches of fresh snowfall from a spring storm. Additionally, some heightened winds had led to the development of what is know as wind slabs at the higher elevations in this range. While avalanche danger wasn't rated excessively high (at a 2 out of 5, with 5 being the maximum), there was still enough of a threat that any one avalanche could injure or kill a backcountry recreator.","Per the CAIC forecast for the day of the incident, the overall avalanche threat in the area of the incident was rated as Moderate (2/5), with Low (1/5) being the lowest threat and Extreme (5/5) being the highest. The breakdown at different elevation bands gave Moderate (2/5) threats Near and Above treeline, while areas below treeline were rated as Low (1/5). The main avalanche type of concern was Wind Slab, with west through north through to east facing slopes the areas of concern. Likelihood was rated as Possible (2/5), with Unlikely (1/5) the lowest likelihood and Certain (5/5) the highest. The expected size was rated as Small to Large, meaning avalanches could range from mostly harmless outside of unfavorable terrain to large enough to bury, injure, or kill someone. The Avalanche Forecast Discussion for this area highlighted the fact that the avalanche problem was isolated, but reactive when found. You won't find many dangerous wind-loaded slopes, but when you do, there is a good chance you will trigger an avalanche. As for the actual incident avalanche, little data is available from the summary. The incident occurred on an east-facing slope at treeline, where the avalanche threat was rated as Moderate (2/5). Two backcountry skiers were in the area, and had already noticed some sloughing in the snowpack but as it was very unconsolidated and light, had decided to continue to ski. At the top of their second lap down, the slough had consolidated and was moving much faster, catching both skiers on their way down. Skier 1, who wrote the report, was able to escape, but Skier 2 lost a ski in the avalanche was carried all the way down, and ultimately was injured. No information was given as to the severity of the injury. The avalanche was rated as D1.5, or the higher end of a Small avalanche, and was small relative to its path.",CSV
202504,1,0,202504,2,1700,201244,1249248,MONTANA,30,2025,April,Avalanche,Z,68,CRAZY MOUNTAINS,30068,BYZ,01-APR-25 00:00:00,MST-7,02-APR-25 17:00:00,0,0,0,0,0.00K,0.00K,SNOTEL,NA,NA,NA,NA,NA,NA,NA,NA,NA,NA,NA,NA,NA,NA,NA,NA,NA,NA,NA,NA,NA,"A wet weather system brought ample precipitation to south-central Montana, occurring as snow in the mountains.",Had 12-18 inches at SF Shields.,CSV
202512,22,300,202512,22,1700,209574,1309525,WYOMING,56,2025,December,Avalanche,Z,12,TETON & GROS VENTRE MOUNTAINS,56012,RIW,22-DEC-25 03:00:00,MST-7,22-DEC-25 17:00:00,0,0,0,0,0.00K,0.00K,Department of Highways,NA,NA,NA,NA,NA,NA,NA,NA,NA,NA,NA,NA,NA,NA,NA,NA,NA,NA,NA,NA,NA,Heavy mountain snow and strong winds in the latter half of December led to multiple avalanches of note in western Wyoming.,WYDOT scheduled an avalanche control mission in the early hours of Dec 22 in response to recent weather activity on Wyoming State Highway 22 Teton Pass. Crews remotely detonated avalanche infrastructure in the area known as Glory Bowl and brought down the largest controlled avalanche seen by crews in recent years. A snow slide over 30 feet high and 250 feet wide buried both lanes of travel at milepost 10 on the closed road. Clean up operations lasted about 14 hours and the road was reopened just after 5 PM on Dec 22.,CSV
202512,20,1415,202512,20,1415,209574,1306378,WYOMING,56,2025,December,Avalanche,Z,12,TETON & GROS VENTRE MOUNTAINS,56012,RIW,20-DEC-25 14:15:00,MST-7,20-DEC-25 14:15:00,0,0,1,0,0.00K,0.00K,Other Federal Agency,NA,NA,NA,NA,NA,NA,NA,NA,NA,NA,NA,NA,NA,NA,NA,NA,NA,NA,NA,NA,NA,Heavy mountain snow and strong winds in the latter half of December led to multiple avalanches of note in western Wyoming.,"Excerpt from the Bridger-Teton Avalanche Center Accident Report: On Saturday, December 20, 2025 at approximately 2 PM, one skier in a party of two unintentionally triggered an avalanche on a north-facing, steep, rocky, and sparsely treed chute known as The Claw approximately two miles south of the main parking lot at Teton Pass. The slope failed above the skier. The debris ran 1,000 feet (600��� vertical fall) to the base of the avalanche path, carrying and critically burying the first skier among trees. The|skier was taken to the local hospital and later flown to a larger regional medical center where he died six days later of multi-systems trauma sustained in the avalanche.",CSV
202510,24,430,202510,24,830,208399,1298360,COLORADO,8,2025,October,Avalanche,Z,2,CENTRAL YAMPA RIVER BASIN,08002,GJT,24-OCT-25 04:30:00,MST-7,24-OCT-25 08:30:00,0,0,0,0,0.00K,0.00K,ASOS,NA,NA,NA,NA,NA,NA,NA,NA,NA,NA,NA,NA,NA,NA,NA,NA,NA,NA,NA,NA,NA,"A shortwave trough brought widespread precipitation to western Colorado on the 23rd, leaving behind pools of rich moisture across lower valleys. Subsidence overnight behind the trough cleared skies and cooled overnight lows. Widespread fog was able to develop across many locations across the region as a result.","Widespread fog developed over the Yampa River Basin during the morning of October 6. The KEEO ASOS at the Meeker Coulter Field Airport reported a brief period of patchy dense fog reducing visibility to 1/4 mile before midnight. In the hours around sunrise, fog redeveloped and became more widespread. During this second stint, dense fog reduced visibility to less than 1/4 mile several times. No reports of injuries, damages, or fatalities were received.",CSV
202512,19,700,202512,20,100,208976,1301651,WYOMING,56,2025,December,Avalanche,Z,21,UINTA,56021,SLC,19-DEC-25 07:00:00,MST-7,20-DEC-25 01:00:00,0,0,0,0,0.00K,0.00K,Mesonet,NA,NA,NA,NA,NA,NA,NA,NA,NA,NA,NA,NA,NA,NA,NA,NA,NA,NA,NA,NA,NA,Peak winds were near 80 mph.,"A wind gust of 87 mph was recorded at N7shz Medicine Butt Mountain. Other wind gusts include 77 mph at the Evanston-Uinta County Airport, 67 mph at Evanston North, 65 mph at I80/US189 - First Divide, 63 mph at I80 - French, and 61 mph at Fort Bridger WY.",CSV
202512,26,1530,202512,26,1530,208757,1300575,CALIFORNIA,6,2025,December,Avalanche,Z,73,MONO,06073,REV,26-DEC-25 15:30:00,PST-8,26-DEC-25 15:30:00,0,0,1,0,0.00K,0.00K,Broadcast Media,NA,NA,NA,NA,NA,NA,NA,NA,NA,NA,NA,NA,NA,NA,NA,NA,NA,NA,NA,NA,NA,"Liquid totals reached 3-6 across the Eastern Sierra, Tahoe Basin , and Northeast California from the series of storms. Snowfall in the Sierra from this multi-day event was generally 3-6 feet in areas above 7000 feet, with 1-2 feet down to lake level in the Tahoe Basin and along US-395 above 6000 feet in Mono County. Northeast CA received between 1-6��� of snowfall, with 8-18��� west of US-395 near and above 5000 feet in Lassen and Plumas counties.","Two ski patrollers working avalanche mitigation on Lincoln Mountain at the Mammoth Mountain ski resort were injured and transported to hospitals due to an avalanche. One of the ski patrollers died on Sunday Dec. 28 after being seriously injured in the avalanche from Friday Dec. 26.||A second avalanche occurred in the county on 12/27, reported around 1130 am, above Latopie Lake, 3 S of Sonora Pass. This was triggered by a snow-mobile with two people caught in the large avalanche, one was buried and injured, the other walked away. He was rescued by the Mono Co SAR team, which is how we received the report.",CSV
202511,18,2300,202511,19,1000,209062,1302153,WASHINGTON,53,2025,November,Avalanche,Z,24,EASTERN COLUMBIA RIVER GORGE,53024,PDT,18-NOV-25 23:00:00,PST-8,19-NOV-25 10:00:00,0,0,0,0,0.00K,0.00K,ASOS,NA,NA,NA,NA,NA,NA,NA,NA,NA,NA,NA,NA,NA,NA,NA,NA,NA,NA,NA,NA,NA,Clearing skies and high pressure overhead allowed for radiative cooling processes to take over and cool the eastern Columbia River Gorge to below freezing across much of the zone.,Various mesonet and Oregon Department of Transportation stations as well as the ASOS at the Dalles Municipal Airport reported sub-freezing temperatures for several hours between 2am and 8am.,CSV
202601,5,1420,202601,5,1420,209826,1308567,CALIFORNIA,6,2026,January,Avalanche,Z,72,GREATER LAKE TAHOE AREA,06072,REV,05-JAN-26 14:20:00,PST-8,05-JAN-26 14:20:00,0,0,1,0,0.00K,0.00K,Fire Department/Rescue,NA,NA,NA,NA,NA,NA,NA,NA,NA,NA,NA,NA,NA,NA,NA,NA,NA,NA,NA,NA,NA,"A strong winter storm impacted the region from the 3rd to the 5th of January. This produced between 1 to 2 feet of snow in the Tahoe Basin with 2 to 4 feet for the higher elevations. This system also produced winds upwards of 90 mph on the ridges, with gusts commonly upwards of 55 mph elsewhere.",A group of snowmobilers triggered an avalanche near Johnson Peak and Castle Peak north of Truckee. One snowmobiler was fully buried and killed.,CSV
202601,9,1500,202601,9,1600,210560,1314555,WASHINGTON,53,2026,January,Avalanche,Z,522,UPPER SLOPES OF THE EST WASHINGTON CASCADE CREST,53522,PDT,09-JAN-26 15:00:00,PST-8,09-JAN-26 16:00:00,1,0,2,0,0.00K,0.00K,Park/Forest Service,NA,NA,NA,NA,NA,NA,NA,NA,NA,NA,NA,NA,NA,NA,NA,NA,NA,NA,NA,NA,NA,A human triggered avalanche occurred on December 9th in the area of Long Pass in Kittitas county. The avalanche was preceded by a multi day heavy snow event that saw 1 to 2 feet of snow fall in the region.,"The Northwest Avalanche Center reported an avalanche occurred in Longs Pass when 4 backcountry skiers attempted to descend a south facing slope. Two of four skiers passed away from either injuries sustained from the avalanche or from being buried by avalanche debris. In their report, the Avalanche center suggested that the avalanche failed on a melt-freeze crust from a rain even that occurred earlier in the month.",CSV
202601,9,1000,202601,9,1500,210148,1310610,COLORADO,8,2026,January,Avalanche,Z,10,GORE AND ELK MOUNTAINS/CENTRAL MOUNTAIN VALLEYS,08010,GJT,09-JAN-26 10:00:00,MST-7,09-JAN-26 15:00:00,1,0,0,0,0.00K,0.00K,State Official,NA,NA,NA,NA,NA,NA,NA,NA,NA,NA,NA,NA,NA,NA,NA,NA,NA,NA,NA,NA,NA,"The winter of 2025-2026 has see precious little in the amount of snow accumulating in the mountains. When a decent storm does develop, bringing fresh snow to the higher elevations, back country skiers flock to the terrain. However, with the infrequency of accumulating snow this winter, the snowpack is overall unstable, and liable to avalanche when this new fresh snow loads on top of the older, unstable layers. At that point, all it takes is a person in the wrong place at the wrong time.","To summarize the write up provided by the Colorado Avalanche Information Center (CAIC) regarding this incident: The area of the incident is known locally as King Arthur's/Timber Falls (39.628, -106.308). 1 backcountry tourer caught and partially buried, injured. Skier triggered avalanched rated as R2 and D2, meaning it was small relative to it's path but was large enough to catch, injure or kill a person. Avalanche was below treelline and on an east facing slope. CAIC had rated the avalanche danger in that area on that day a 2/5 or moderate, mainly at or above treeline, with danger ranged 1/5 or low below treeline. North through east facing slopes rated most dangerous. 2 skiers triggered the avalanche, with only one being caught and pinned against a tree, suffering cuts and abrasions. With assistance from the other skier, who was able to avoid the avalanche, the trapped skier was freed and both were able to leave the site of the avalanche.",CSV
202603,7,1000,202603,7,1400,211600,1322091,COLORADO,8,2026,March,Avalanche,Z,10,GORE AND ELK MOUNTAINS/CENTRAL MOUNTAIN VALLEYS,08010,GJT,07-MAR-26 10:00:00,MST-7,07-MAR-26 14:00:00,0,0,1,0,0.00K,0.00K,State Official,NA,NA,NA,NA,NA,NA,NA,NA,NA,NA,NA,NA,NA,NA,NA,NA,NA,NA,NA,NA,NA,"The historically poor snowpack across Colorado through the 2025-2026 Winter season allowed for a shallow, weak snowpack to develop in the accident location. Recent fresh snowfalls in the weeks prior to the event allowed for a layer of soft, fresh snow to develop atop a stronger layer of storm snow, which was itself on top of the weakened initial snowpack. Strong winds in the days leading up to the fatal avalanche also provided wind-loading issues, continuing to weaken the overall snowpack conditions. Avalanche conditions in the Vail Pass area, where the fatal avalanche occurred, were rated at Considerable (3/5) at and above treeline, and at Moderate (2/5) below treeline.","All information paraphrased from the Colorado Avalanche Information Center report on the incidence. The fatal avalanche was triggered by a solo backcountry skier in an area known locally as Boss Basin, in the area of Vail Pass, CO. Boss Basin is comprised of a series of northeast-facing slopes that are low-angled at the top, descending into steeper slopes below, ending at a flat bench. Conditions in the Vail Pass area on the accident day were rated by the Colorado Avalanche Information Center at Moderate (3/5) near and above treeline, with a Considerable (2/5) rating below treeline. The main concern was listed as Persistent Slab Avalanches, favoring slopes northwest through north to northeast facing at all elevation bands. The likelihood was listed as Likely, and size expected listed as Large to Very Large (up to D3), meaning these avalanches would be capable of burying, injuring, or killing a person as well as potential bury cars and break trees.  The avalanche forecast also included wording stating that humans could easily trigger avalanches where [they] find more than about 10 inches of snow, that avalanches that break on buried weak layers would be difficult to survive, and that remote triggering of avalanches would be possible. The backcountry skier that triggered the fatal avalanche, referred from here on as Skier 1, started the day at approximately 7AM local time in the Vail Pass Winter Recreation Area. Skier 1 used a snowmobile to access various terrain through the morning before heading toward Boss Basin around 1:15 PM local time, parking his snowmobile at the top of a nearby ridge. Skier 1 successfully made one descent and climbed back up the slope for a second. On the second descent, Skier 1 triggered the avalanche and was caught and buried near the toe of the avalanche with only the tip of one ski visible. As Skier 1 was alone, no rescue action was taken until family members noticed they were overdue at approximately 11:30 PM local time that evening. Members of Summit County Rescue Group searched through the night, finding the accident location by 6:00 AM local time the next morning. Two rescuers and a search dog were at the avalanche location by 8:00 AM, and the dog quickly alerted on an area of interest. In this location, the rescuers located Skier 1, now deceased, with their head buried approximately 1 foot below the snow surface. Skier 1 was dug out and eventually removed from the location by helicopter.",CSV
202603,13,1515,202603,13,1630,212214,1328466,IDAHO,16,2026,March,Avalanche,Z,4,CENTRAL PANHANDLE MOUNTAINS,16004,OTX,13-MAR-26 15:15:00,PST-8,13-MAR-26 16:30:00,0,0,0,0,0.00K,0.00K,Broadcast Media,NA,NA,NA,NA,NA,NA,NA,NA,NA,NA,NA,NA,NA,NA,NA,NA,NA,NA,NA,NA,NA,"A strong upper level jet was positioned over the Pacific Northwest from March 8 through 13. As it mixed down to the lower levels, it brought periods of high winds sustained in the 30 to 40 mph range and gusts up to 70 mph for portions of the region. It was followed by a cold front that brought snow amounts ranging from 2 to 9 inches.",Media reported an avalanche at Silver Mountain Ski resort on the Moonshine run. Two people were briefly trapped but were rescued with no injuries.,CSV
202602,16,1000,202602,18,300,211418,1320716,CALIFORNIA,6,2026,February,Avalanche,Z,519,EASTERN SIERRA SLOPES OF INYO COUNTY,06519,VEF,16-FEB-26 10:00:00,PST-8,18-FEB-26 03:00:00,0,0,0,0,0.00K,0.00K,Trained Spotter,NA,NA,NA,NA,NA,NA,NA,NA,NA,NA,NA,NA,NA,NA,NA,NA,NA,NA,NA,NA,NA,A strong winter low pressure system brought heavy snow to the high terrain in Inyo County and high winds to areas of San Bernardino County.,A trained spotter in Aspendell at 8500 feet reported 58 inches of storm total snow.,CSV
202602,21,1200,202602,21,1700,210664,1315393,COLORADO,8,2026,February,Avalanche,Z,18,NORTHWESTERN SAN JUAN MOUNTAINS,08018,GJT,21-FEB-26 12:00:00,MST-7,21-FEB-26 17:00:00,1,0,0,0,0.00K,0.00K,State Official,NA,NA,NA,NA,NA,NA,NA,NA,NA,NA,NA,NA,NA,NA,NA,NA,NA,NA,NA,NA,NA,"A solid mid-month snow storm brought a few feet of fresh snow to the Colorado Divide mountains. This fresh snow fell atop a shallow layer of faceted, old, and unstable snow, creating an overall unstable snowpack. However, as this winter has been very snow poor, the fresh snow enticed a number of backcountry tourers, despite dangerous avalanche conditions as analyzed by the Colorado Avalanche Information Center. As a result, two avalanches resulted in injuries to two different backcountry tourers.","On the accident day, the avalanche danger in the area was rated 3/5 - Considerable at all levels, below, near, and above treeline. Avalanche danger was rated on all aspects, with large to very large avalanches likely west through north to east aspects, and small avalanches possible on southwest through southeast aspects. Avalanche discussion indicated that recent avalanches in the area had been large enough to bury, injure, or kill a person, and could be triggered remotely, from a distance or below, and could travel long distances. The accident group consisted of three backcountry tourers, 1 split board rider and 2 skiers, and the intention was to ski a southwest slope from a sub-peak south of Bonita Peak into Minnehaha Basin (37.893, -107.625). Before ascending toward their destination, they stomped on several areas of drifted snow with no reaction. South slopes noted to have shallow snowpack. Rider 1 descended first and made two ski cuts with no reactivity, then started down the slope. A number of turns into Rider 1's descent the avalanche broke and the Rider was caught, tumbling end over end down the rocky path. Rider 1 came to a stop in a standing position at the bottom of the path, buried from the waist down. A second avalanche, triggered by Skier 1 in the hangfire, struck Rider 1 and pushed them further downhill, leaving them in a seated position. Skier 1, who triggered this avalanche, was also caught and carried, bouncing over rocks and left with their legs buried and an injured arm. Rider 1 was able to self-extricate and moved to Skier 1 to extricate them. Skier 2 chose to descend the way they had ascended, and all met and returned to the trailhead. The larger of the two avalanches was rated R2/D2, meaning it was small relative to its path but was large enough to catch, bury, injure, or kill a person. The smaller avalanche was rated R1/D1, meaning it was very small relative to its path and was small enough to be mostly harmless.",CSV
202602,22,1200,202602,22,1700,210664,1315394,COLORADO,8,2026,February,Avalanche,Z,4,ELKHEAD AND PARK MOUNTAINS,08004,GJT,22-FEB-26 12:00:00,MST-7,22-FEB-26 17:00:00,1,0,0,0,0.00K,0.00K,State Official,NA,NA,NA,NA,NA,NA,NA,NA,NA,NA,NA,NA,NA,NA,NA,NA,NA,NA,NA,NA,NA,"A solid mid-month snow storm brought a few feet of fresh snow to the Colorado Divide mountains. This fresh snow fell atop a shallow layer of faceted, old, and unstable snow, creating an overall unstable snowpack. However, as this winter has been very snow poor, the fresh snow enticed a number of backcountry tourers, despite dangerous avalanche conditions as analyzed by the Colorado Avalanche Information Center. As a result, two avalanches resulted in injuries to two different backcountry tourers.","On the accident day, the avalanche danger in the area in question was rated 3/5 - Considerable for areas near and above treeline. Below treeline, avlanche danger was rated 2/5 or moderate. A Special Avalache Advisory was in effect due to recent snow and strong winds forming thick, cohesive slabs over an unusually weak and shallow snowpack. Slopes with wind drifted snow were indicated as most dangerous, with deep (2-3 feet) buried weak layers giving little warning before breaking into an avlanche. Avalanches of small to large size were likely at all levels on aspects northwest through north to east, and likely near or above treeline on aspects south through southeast. The accident group consisted of 4 skiers, who had spent most of the day successfully skiing east facing slopes. For the last run of the day, the group chose a northeast-facing slope south of the Hahns Peak Lake Dam (40.830, -106.986). Skier 1 did ski cuts that were unreactive, and successfully skied the skier's left side of the slope. Skier 2 began their run and after two turns the avalanche broke. Skier two was knocked off their feet and caught, eventually tumbling before being slammed against a tree. They were headfirst on their back, with snow up to their chin, but were able to clear their mouth and wave for help. One of the remaining members of the group were able to extricate Skier 2 and help them down, under their own power but with assistance. Unknown extent of injuries. Avalanche had a 2 foot fracture line, was 30 feet wide and ran 100 feet. Avalanche occurred below treeline on a northeast-facing slope, and was rated R2/D2, meaning it was small relative to its path but large enough to catch, carry, bury, injure, or kill a person.",CSV
202602,18,1600,202602,18,1605,209532,1306275,UTAH,49,2026,February,Avalanche,Z,111,WASATCH MOUNTAINS SOUTH OF I-80,49111,SLC,18-FEB-26 16:00:00,MST-7,18-FEB-26 16:05:00,1,0,1,0,0.00K,0.00K,County Official,NA,NA,NA,NA,NA,NA,NA,NA,NA,NA,NA,NA,NA,NA,NA,NA,NA,NA,NA,NA,NA,"A strong and moist trough pushed inland during the middle portion of February, leading to several days of impactful weather. Strong southwesterly flow on the leading edge of the trough resulted in many instances of strong winds and gusts, and moisture was sufficient to begin producing mountain snow more or less throughout the state. The deep nature of the trough then contained sufficient cold air to drop snow levels following a cold frontal passage, bringing snow to many valley floors, areas of scattered snow squalls, and a period of intense snowfall rates to some of the northern mountains. The snowfall resulted in numerous vehicle accidents, road and canyon closures, and avalanches (of which a fatality was reported).","In the late afternoon hours a man and his juvenile son were riding snowmobiles in the Snake Creek/Ant Knolls area of the Wasatch Mountains roughly between Alta and Midway. The father reportedly became stuck at the bottom of a steep bowl like slope around 4:00 PM, with the son also becoming stuck upon attempting to help. An avalanche released from higher up on the slope, narrowly avoiding the son, but catching and carrying the father and his snowmobile roughly 300 feet down the hill, burying him near a tree under around two feet of snow. The son called 911 and began searching for his father, but by the time he was able to partially unbury his father, the father had passed.",CSV
202602,19,1215,202602,19,1220,209532,1306253,UTAH,49,2026,February,Avalanche,Z,111,WASATCH MOUNTAINS SOUTH OF I-80,49111,SLC,19-FEB-26 12:15:00,MST-7,19-FEB-26 12:20:00,1,0,1,0,0.00K,0.00K,Fire Department/Rescue,NA,NA,NA,NA,NA,NA,NA,NA,NA,NA,NA,NA,NA,NA,NA,NA,NA,NA,NA,NA,NA,"A strong and moist trough pushed inland during the middle portion of February, leading to several days of impactful weather. Strong southwesterly flow on the leading edge of the trough resulted in many instances of strong winds and gusts, and moisture was sufficient to begin producing mountain snow more or less throughout the state. The deep nature of the trough then contained sufficient cold air to drop snow levels following a cold frontal passage, bringing snow to many valley floors, areas of scattered snow squalls, and a period of intense snowfall rates to some of the northern mountains. The snowfall resulted in numerous vehicle accidents, road and canyon closures, and avalanches (of which a fatality was reported).","Just following noon two children and their father entered a backcountry area by leaving the Brighton Ski area boundary west of the Crest lift. One of the children, an 11 year old female ahead of her other family members, traversed into the backcountry along an apron above Rock Garden towards the Mary Main bowl at which time bystanders on the ridge reported that an avalanche released above her. She was reported to have been caught and carried over 200 feet, becoming buried just downhill of a tree. Bystanders quickly called Brighton Ski Patrol and 911. The family did not have avalanche rescue equipment, and attempted to use phone location to narrow the burial location. With the aid of a ski dog, Brighton Ski Patrol located the girl roughly 17 minutes after initial burial. Rescuers performed CPR, but poor weather conditions prevented helicopter transport from landing. She was transported by ambulance for emergency care, but succumbed to her injuries.",CSV
202602,15,2200,202602,18,700,210010,1316161,CALIFORNIA,6,2026,February,Avalanche,Z,72,GREATER LAKE TAHOE AREA,06072,REV,15-FEB-26 22:00:00,PST-8,18-FEB-26 07:00:00,0,0,9,0,0.00K,0.00K,Law Enforcement,NA,NA,NA,NA,NA,NA,NA,NA,NA,NA,NA,NA,NA,NA,NA,NA,NA,NA,NA,NA,NA,"The first in a series of strong winter storms impacted the eastern Sierra and northeast CA from the 16th to 17th. In this two day period, upwards of 2 to 4 feet of snow fell, and was accompanied by winds upwards of 80-100 mph. Donner Pass, along with other mountain passes, was closed for over a day. Tragically, a large avalanche buried a group of backcountry hikers on Castle Peak during the late morning of the 17th, resulting in 9 fatalities, which set a new California record for the most fatalities from a single avalanche in that state.","Nevada Co Sheriff responded to a report of avalanche just north of Frog Lake near Castle Peak during the afternoon on the 17th. The avalanche caught a buried 15 backcountry skiers, resulting in 9 fatalities.",CSV
202602,22,1400,202602,22,1500,211447,1320942,IDAHO,16,2026,February,Avalanche,Z,66,CENTENNIAL MOUNTAINS-ISLAND PARK,16066,PIH,22-FEB-26 14:00:00,MST-7,22-FEB-26 15:00:00,0,0,0,1,0.00K,0.00K,Newspaper,NA,NA,NA,NA,NA,NA,NA,NA,NA,NA,NA,NA,NA,NA,NA,NA,NA,NA,NA,NA,NA,An avalanche occurred at around 2 pm on February 22nd in Carrot Canyon in the Centennial Mountains.   Four snowmobilers were buried with 3 escaping but one fatality did occur.,An avalanche occurred at around 2 pm on February 22nd in Carrot Canyon in the Centennial Mountains.   Four snowmobilers were buried with 3 escaping but one fatality did occur.,CSV
202602,22,1530,202602,22,1545,209599,1306850,UTAH,49,2026,February,Avalanche,Z,111,WASATCH MOUNTAINS SOUTH OF I-80,49111,SLC,22-FEB-26 15:30:00,MST-7,22-FEB-26 15:45:00,1,0,1,0,0.00K,0.00K,Fire Department/Rescue,NA,NA,NA,NA,NA,NA,NA,NA,NA,NA,NA,NA,NA,NA,NA,NA,NA,NA,NA,NA,NA,"Following a strong mid-month winter storm which produced substantial mountain snow accumulations, many avalanches were reported across Utah's mountains due to snowpack conditions.","A group of seven snowbikers met in Big Cottonwood Canyon and the Guardsmans Pass trailhead with the intention to ride in the area during the afternoon. Most of the group had extensive backcountry, including formal avalanche training, and members of the group were equipped with transceiver (though no transceiver check was performed), probe, shovel, and avalanche airbag. While they were aware of the conditions, including considerable avalanche danger rating (per Utah Avalanche Center), they set out planning to stick to low-angle slopes in Caribou Basin which they knew well. While riding, they observed numerous avalanches, and noted the loose underlying snow characteristics when getting one member unstuck from deep snow. After taking a break, the group decided to do one more session around the basin before returning to the trailhead. The group set out and subsequently regrouped, but noticed one member was missing. They backtracked and found a spot where a fresh avalanche had overrun an area which they had ridden. The members called 911 and began a transceiver search, but could not find a signal given the large debris pile. Eventually after several minutes, one member spotted the missing member's snowbike. The group began spot probing, but were unsuccessful. Wasatch Search and Rescue and AirMed responded to the site, but due to conditions getting dark and the likelihood further avalanche mitigation would be required for rescuer safety, rescue efforts were halted for the night. Multiple agencies resumed rescue efforts, and avalanche mitigation was performed. In time an avalanche dog located the missing member, and the victim was found deceased beneath roughly 2 feet of snow. The victim was wearing an avalanche transceiver, but it was not turned on. Additionally, the avalanche airbag the victim had been wearing had not been deployed.",CSV
202602,21,1015,202602,21,1020,209599,1310038,UTAH,49,2026,February,Avalanche,Z,111,WASATCH MOUNTAINS SOUTH OF I-80,49111,SLC,21-FEB-26 10:15:00,MST-7,21-FEB-26 10:20:00,2,0,1,0,0.00K,0.00K,Fire Department/Rescue,NA,NA,NA,NA,NA,NA,NA,NA,NA,NA,NA,NA,NA,NA,NA,NA,NA,NA,NA,NA,NA,"Following a strong mid-month winter storm which produced substantial mountain snow accumulations, many avalanches were reported across Utah's mountains due to snowpack conditions.","Two skiers left the Butler Fork trailhead in Big Cottonwood Canyon Saturday morning 2/21 with the plan to do a run known as The Triangle. This is in Butler Basin, a Big Cottonwood Canyon drainage east of Gobblers Knob. The skiers ascended a steep north-facing slope next to the desired run, when near the top an avalanche broke. Both skiers were caught and carried around 100 feet down the slope, becoming fully buried at the bottom. Other groups of skiers in the basin witnessed the avalanche occur, and notified 911, Alta Central, and began rescue efforts. Around 10 minutes after the avalanche, one of the bystanders made their way to the debris, conducted a beacon search, and eventually found a splitboard binding still attached. Additional bystanders arrived and helped uncover the first victim, cleared their airway, allowing them to breathe and gain consciousness. The victim had suffered a leg injury, but was moved to a safer location. Around this time others began transceiver searching for the other victim, eventually exposing the boot. The skier was buried around 150 cm and face down. The second victim was unburied and CPR efforts were initiated. An EMT was longlined to assist the first victim who had regained consciousness, and the second victim was airlifted from the scene but later succumbed to their injuries.",CSV
