BEGIN_YEARMONTH,BEGIN_DAY,BEGIN_TIME,END_YEARMONTH,END_DAY,END_TIME,EPISODE_ID,EVENT_ID,STATE,STATE_FIPS,YEAR,MONTH_NAME,EVENT_TYPE,CZ_TYPE,CZ_FIPS,CZ_NAME,cty_fips,WFO,BEGIN_DATE_TIME,CZ_TIMEZONE,END_DATE_TIME,INJURIES_DIRECT,INJURIES_INDIRECT,DEATHS_DIRECT,DEATHS_INDIRECT,DAMAGE_PROPERTY,DAMAGE_CROPS,SOURCE,MAGNITUDE,MAGNITUDE_TYPE,FLOOD_CAUSE,CATEGORY,TOR_F_SCALE,TOR_LENGTH,TOR_WIDTH,TOR_OTHER_WFO,TOR_OTHER_CZ_STATE,TOR_OTHER_CZ_FIPS,TOR_OTHER_CZ_NAME,BEGIN_RANGE,BEGIN_AZIMUTH,BEGIN_LOCATION,END_RANGE,END_AZIMUTH,END_LOCATION,BEGIN_LAT,BEGIN_LON,END_LAT,END_LON,EPISODE_NARRATIVE,EVENT_NARRATIVE,DATA_SOURCE
199703,6,1000,199703,7,1400,2062483,5599807,NEW JERSEY,34,1997,March,Astronomical Low Tide,Z,24,EASTERN CAPE MAY,34024,PHI,06-MAR-97 10:00:00,EST,07-MAR-97 14:00:00,0,0,0,0,NA,0,NA,NA,NA,NA,NA,NA,NA,NA,NA,NA,NA,NA,NA,NA,NA,NA,NA,NA,NA,NA,NA,NA,"A rapidly intensifying low pressure system and the pressure difference between it and a high pressure system over the Upper Plains caused strong to locally damaging winds in New Jersey.  The surface low pressure system went from a pressure of 1012 millibars in Western Kentucky the morning of the 5th to a pressure of 986 millibars just east of Boston the morning of the 6th.  The drop of 26 millibars or .78 inches of mercury within a 24 hour period constitutes what's called a meteorological bomb.  The rapid intensification of this storm helped cause the very strong winds.    The strongest wind gusts for most places coincided with this low pressure system's cold frontal passage during the early morning of the 6th.  But winds remained very strong until the sun set that afternoon.  The strong northwest winds also produced a relatively rare blow-out conditions during times of low tide from around noon on the 6th to around noon on the 7th. The strong winds pulled down numerous tree limbs and consequently wires throughout the state.  Public Service Electric and Gas, Atlantic Electric and GPU reported about 44,000 homes and businesses lost power throughout the state.  In the Public Service Electric and Gas service area, Mercer and Burlington Counties had the most outages.  The hardest hit communities included Burlington, Hopewell, Lawrence, Princeton, West Windsor and Willingboro. In Mercer County, a driver and passenger narrowly escaped injuries in Lawrence Township when a tree fell on their vehicle.  Whole trees were blown down in Trenton and Princeton.  Roofs were blown off a house in Trenton and a warehouse in Hamilton.  Siding was also ripped from a house in Hamilton.  In Ocean County, several buildings were damaged in Seaside Heights.  Several trees were uprooted along the Garden State Parkway.  A tree fell on a house in Brick Township and shingles were blown off a building in Lakehurst.  In Middlesex County, whole trees were uprooted in South River and Carteret.  Fences were blown down in Carteret.  Siding was blown off a building in Woodbridge.  Downed poles closed a road off of U.S. Route 1 in Edison.  In Monmouth County, 17 residents of the Seabreeze Hotel in Keansburg were relocated after the wind destroyed the hotel's chimney.  Numerous pine trees were uprooted in Manalapan and a tree damaged a roof in Fair Haven.  In Warren County, in Mansfield Township an uprooted tree damaged a house's roof and a van in its driveway. Numerous lines and transformers were reported down in Blairstown and Lopatcong Townships.The strong northwest winds caused blow-out tides along the New Jersey shore on both the 6th and 7th.  The low tide in Atlantic City was 2.6 feet below mean low water at 1146 p.m. EST on the 6th and 2.2 feet below mean low water at 1152 a.m. EST on the 7th.  A dredger was pushed onto the south shore of Brigantine Island and became stuck.The highest wind gusts recorded including 73 mph in Seaside Park (Ocean County), 71 mph in Harvey Cedars (Ocean County),  63 mph in New Brunswick (Middlesex County),  61 mph in Deptford (Gloucester County),  60 mph in Upper Freehold Township (Monmouth County),  56 mph in Hancocks Bridge (Salem County),  55 mph in Chatham (Morris County),  52 mph at the Cape May and Mercer County Airports and 51 mph at the Atlantic City International Airport in Pomona and McGuire AFB.",NA,PDC
199703,6,1000,199703,7,1400,2062483,5599808,NEW JERSEY,34,1997,March,Astronomical Low Tide,Z,14,EASTERN MONMOUTH,34014,PHI,06-MAR-97 10:00:00,EST,07-MAR-97 14:00:00,0,0,0,0,NA,0,NA,NA,NA,NA,NA,NA,NA,NA,NA,NA,NA,NA,NA,NA,NA,NA,NA,NA,NA,NA,NA,NA,"A rapidly intensifying low pressure system and the pressure difference between it and a high pressure system over the Upper Plains caused strong to locally damaging winds in New Jersey.  The surface low pressure system went from a pressure of 1012 millibars in Western Kentucky the morning of the 5th to a pressure of 986 millibars just east of Boston the morning of the 6th.  The drop of 26 millibars or .78 inches of mercury within a 24 hour period constitutes what's called a meteorological bomb.  The rapid intensification of this storm helped cause the very strong winds.    The strongest wind gusts for most places coincided with this low pressure system's cold frontal passage during the early morning of the 6th.  But winds remained very strong until the sun set that afternoon.  The strong northwest winds also produced a relatively rare blow-out conditions during times of low tide from around noon on the 6th to around noon on the 7th. The strong winds pulled down numerous tree limbs and consequently wires throughout the state.  Public Service Electric and Gas, Atlantic Electric and GPU reported about 44,000 homes and businesses lost power throughout the state.  In the Public Service Electric and Gas service area, Mercer and Burlington Counties had the most outages.  The hardest hit communities included Burlington, Hopewell, Lawrence, Princeton, West Windsor and Willingboro. In Mercer County, a driver and passenger narrowly escaped injuries in Lawrence Township when a tree fell on their vehicle.  Whole trees were blown down in Trenton and Princeton.  Roofs were blown off a house in Trenton and a warehouse in Hamilton.  Siding was also ripped from a house in Hamilton.  In Ocean County, several buildings were damaged in Seaside Heights.  Several trees were uprooted along the Garden State Parkway.  A tree fell on a house in Brick Township and shingles were blown off a building in Lakehurst.  In Middlesex County, whole trees were uprooted in South River and Carteret.  Fences were blown down in Carteret.  Siding was blown off a building in Woodbridge.  Downed poles closed a road off of U.S. Route 1 in Edison.  In Monmouth County, 17 residents of the Seabreeze Hotel in Keansburg were relocated after the wind destroyed the hotel's chimney.  Numerous pine trees were uprooted in Manalapan and a tree damaged a roof in Fair Haven.  In Warren County, in Mansfield Township an uprooted tree damaged a house's roof and a van in its driveway. Numerous lines and transformers were reported down in Blairstown and Lopatcong Townships.The strong northwest winds caused blow-out tides along the New Jersey shore on both the 6th and 7th.  The low tide in Atlantic City was 2.6 feet below mean low water at 1146 p.m. EST on the 6th and 2.2 feet below mean low water at 1152 a.m. EST on the 7th.  A dredger was pushed onto the south shore of Brigantine Island and became stuck.The highest wind gusts recorded including 73 mph in Seaside Park (Ocean County), 71 mph in Harvey Cedars (Ocean County),  63 mph in New Brunswick (Middlesex County),  61 mph in Deptford (Gloucester County),  60 mph in Upper Freehold Township (Monmouth County),  56 mph in Hancocks Bridge (Salem County),  55 mph in Chatham (Morris County),  52 mph at the Cape May and Mercer County Airports and 51 mph at the Atlantic City International Airport in Pomona and McGuire AFB.",NA,PDC
199703,6,1000,199703,7,1400,2062483,5599809,NEW JERSEY,34,1997,March,Astronomical Low Tide,Z,26,EASTERN OCEAN,34026,PHI,06-MAR-97 10:00:00,EST,07-MAR-97 14:00:00,0,0,0,0,NA,0,NA,NA,NA,NA,NA,NA,NA,NA,NA,NA,NA,NA,NA,NA,NA,NA,NA,NA,NA,NA,NA,NA,"A rapidly intensifying low pressure system and the pressure difference between it and a high pressure system over the Upper Plains caused strong to locally damaging winds in New Jersey.  The surface low pressure system went from a pressure of 1012 millibars in Western Kentucky the morning of the 5th to a pressure of 986 millibars just east of Boston the morning of the 6th.  The drop of 26 millibars or .78 inches of mercury within a 24 hour period constitutes what's called a meteorological bomb.  The rapid intensification of this storm helped cause the very strong winds.    The strongest wind gusts for most places coincided with this low pressure system's cold frontal passage during the early morning of the 6th.  But winds remained very strong until the sun set that afternoon.  The strong northwest winds also produced a relatively rare blow-out conditions during times of low tide from around noon on the 6th to around noon on the 7th. The strong winds pulled down numerous tree limbs and consequently wires throughout the state.  Public Service Electric and Gas, Atlantic Electric and GPU reported about 44,000 homes and businesses lost power throughout the state.  In the Public Service Electric and Gas service area, Mercer and Burlington Counties had the most outages.  The hardest hit communities included Burlington, Hopewell, Lawrence, Princeton, West Windsor and Willingboro. In Mercer County, a driver and passenger narrowly escaped injuries in Lawrence Township when a tree fell on their vehicle.  Whole trees were blown down in Trenton and Princeton.  Roofs were blown off a house in Trenton and a warehouse in Hamilton.  Siding was also ripped from a house in Hamilton.  In Ocean County, several buildings were damaged in Seaside Heights.  Several trees were uprooted along the Garden State Parkway.  A tree fell on a house in Brick Township and shingles were blown off a building in Lakehurst.  In Middlesex County, whole trees were uprooted in South River and Carteret.  Fences were blown down in Carteret.  Siding was blown off a building in Woodbridge.  Downed poles closed a road off of U.S. Route 1 in Edison.  In Monmouth County, 17 residents of the Seabreeze Hotel in Keansburg were relocated after the wind destroyed the hotel's chimney.  Numerous pine trees were uprooted in Manalapan and a tree damaged a roof in Fair Haven.  In Warren County, in Mansfield Township an uprooted tree damaged a house's roof and a van in its driveway. Numerous lines and transformers were reported down in Blairstown and Lopatcong Townships.The strong northwest winds caused blow-out tides along the New Jersey shore on both the 6th and 7th.  The low tide in Atlantic City was 2.6 feet below mean low water at 1146 p.m. EST on the 6th and 2.2 feet below mean low water at 1152 a.m. EST on the 7th.  A dredger was pushed onto the south shore of Brigantine Island and became stuck.The highest wind gusts recorded including 73 mph in Seaside Park (Ocean County), 71 mph in Harvey Cedars (Ocean County),  63 mph in New Brunswick (Middlesex County),  61 mph in Deptford (Gloucester County),  60 mph in Upper Freehold Township (Monmouth County),  56 mph in Hancocks Bridge (Salem County),  55 mph in Chatham (Morris County),  52 mph at the Cape May and Mercer County Airports and 51 mph at the Atlantic City International Airport in Pomona and McGuire AFB.",NA,PDC
199703,6,1000,199703,7,1400,2062481,5599775,DELAWARE,10,1997,March,Astronomical Low Tide,Z,4,DELAWARE BEACHES / X E SUSSEX,10004,PHI,06-MAR-97 10:00:00,EST,07-MAR-97 14:00:00,0,0,0,0,NA,0,NA,NA,NA,NA,NA,NA,NA,NA,NA,NA,NA,NA,NA,NA,NA,NA,NA,NA,NA,NA,NA,NA,"A rapidly intensifying low pressure system and the pressure difference between it and a high pressure system over the Upper Plains caused damaging winds in the northern half of the state and very strong winds in the southern half of the state.  The surface low pressure system went from a pressure of 1012 millibars in Western Kentucky the morning of the 5th to a pressure of 986 millibars just east of Boston the morning of the 6th.  The drop of 26 millibars or .78 inches of mercury within a 24 hour period constitutes what's called a meteorological bomb.  The rapid intensification of this storm helped cause the very strong winds.   The strong offshore winds also helped produce the relatively rare blow-out tide conditions at times of low tides from around noon on the 6th through around noon on the 7th.   The strongest wind gusts for most places coincided with this low pressure system's cold frontal passage during the early morning of the 6th.  But winds remained very strong until the sun set that afternoon.  Delmarva Power and Light reported about 3,000 customers lost power across the peninsula with the most reports in Delaware in New Castle County.  The strongest wind gust at Dover AFB was 55 mph.  In Dover, a fallen tree crushed a vehicle.  In Townsend, a concrete pole was knocked down.  Numerous other tree limbs and consequently wires were pulled down, especially in the northern half of the state.",NA,PDC
199703,6,1000,199703,7,1400,2062483,5599795,NEW JERSEY,34,1997,March,Astronomical Low Tide,Z,25,EASTERN ATLANTIC,34025,PHI,06-MAR-97 10:00:00,EST,07-MAR-97 14:00:00,0,0,0,0,NA,0,NA,NA,NA,NA,NA,NA,NA,NA,NA,NA,NA,NA,NA,NA,NA,NA,NA,NA,NA,NA,NA,NA,"A rapidly intensifying low pressure system and the pressure difference between it and a high pressure system over the Upper Plains caused strong to locally damaging winds in New Jersey.  The surface low pressure system went from a pressure of 1012 millibars in Western Kentucky the morning of the 5th to a pressure of 986 millibars just east of Boston the morning of the 6th.  The drop of 26 millibars or .78 inches of mercury within a 24 hour period constitutes what's called a meteorological bomb.  The rapid intensification of this storm helped cause the very strong winds.    The strongest wind gusts for most places coincided with this low pressure system's cold frontal passage during the early morning of the 6th.  But winds remained very strong until the sun set that afternoon.  The strong northwest winds also produced a relatively rare blow-out conditions during times of low tide from around noon on the 6th to around noon on the 7th. The strong winds pulled down numerous tree limbs and consequently wires throughout the state.  Public Service Electric and Gas, Atlantic Electric and GPU reported about 44,000 homes and businesses lost power throughout the state.  In the Public Service Electric and Gas service area, Mercer and Burlington Counties had the most outages.  The hardest hit communities included Burlington, Hopewell, Lawrence, Princeton, West Windsor and Willingboro. In Mercer County, a driver and passenger narrowly escaped injuries in Lawrence Township when a tree fell on their vehicle.  Whole trees were blown down in Trenton and Princeton.  Roofs were blown off a house in Trenton and a warehouse in Hamilton.  Siding was also ripped from a house in Hamilton.  In Ocean County, several buildings were damaged in Seaside Heights.  Several trees were uprooted along the Garden State Parkway.  A tree fell on a house in Brick Township and shingles were blown off a building in Lakehurst.  In Middlesex County, whole trees were uprooted in South River and Carteret.  Fences were blown down in Carteret.  Siding was blown off a building in Woodbridge.  Downed poles closed a road off of U.S. Route 1 in Edison.  In Monmouth County, 17 residents of the Seabreeze Hotel in Keansburg were relocated after the wind destroyed the hotel's chimney.  Numerous pine trees were uprooted in Manalapan and a tree damaged a roof in Fair Haven.  In Warren County, in Mansfield Township an uprooted tree damaged a house's roof and a van in its driveway. Numerous lines and transformers were reported down in Blairstown and Lopatcong Townships.The strong northwest winds caused blow-out tides along the New Jersey shore on both the 6th and 7th.  The low tide in Atlantic City was 2.6 feet below mean low water at 1146 p.m. EST on the 6th and 2.2 feet below mean low water at 1152 a.m. EST on the 7th.  A dredger was pushed onto the south shore of Brigantine Island and became stuck.The highest wind gusts recorded including 73 mph in Seaside Park (Ocean County), 71 mph in Harvey Cedars (Ocean County),  63 mph in New Brunswick (Middlesex County),  61 mph in Deptford (Gloucester County),  60 mph in Upper Freehold Township (Monmouth County),  56 mph in Hancocks Bridge (Salem County),  55 mph in Chatham (Morris County),  52 mph at the Cape May and Mercer County Airports and 51 mph at the Atlantic City International Airport in Pomona and McGuire AFB.",NA,PDC
200702,24,600,200702,26,1700,3330,18303,OREGON,41,2007,February,Astronomical Low Tide,Z,3,COAST RANGE OF NW OREGON,41003,PQR,24-FEB-07 06:00:00,PST-8,26-FEB-07 17:00:00,0,0,0,0,0.00K,0.00K,Department of Highways,NA,NA,NA,NA,NA,NA,NA,NA,NA,NA,NA,NA,NA,NA,NA,NA,NA,NA,NA,NA,NA,A very strong and wet Pacific storm dumped heavy snow on the Oregon Coast Range and Cascades.,Heavy snow during a prolonged winter storm resulted in 8 inches of new snow on Highway 26 at Sunset Summit and 10 inches at the high point of Highway 6 along the Wilson River.,CSV
200702,4,1800,200702,5,0,1523,7215,ALASKA,2,2007,February,Astronomical Low Tide,Z,181,ALASKA PENINSULA,02181,AFC,04-FEB-07 18:00:00,AKST-9,05-FEB-07 00:00:00,0,0,0,0,0.00K,0.00K,Official NWS Observations,NA,NA,NA,NA,NA,NA,NA,NA,NA,NA,NA,NA,NA,NA,NA,NA,NA,NA,NA,NA,NA,A strong low moved west to just south of central Aleutians. A strong  pressure gradient over Unalaska Island and the eastern Aleutians developed producing high wind over the region.,NA,CSV
200702,16,1300,200702,17,600,3099,16738,NEW JERSEY,34,2007,February,Astronomical Low Tide,Z,21,CUMBERLAND,34021,PHI,16-FEB-07 13:00:00,EST-5,17-FEB-07 06:00:00,0,0,0,0,0.00K,0.00K,C-MAN Station,NA,NA,NA,NA,NA,NA,NA,NA,NA,NA,NA,NA,NA,NA,NA,NA,NA,NA,NA,NA,NA,"A persistent northwest to west flow following the winter storm on February 13th and 14th culminated in blow-out tides around the times of low tide from the late morning of the 16th into the early morning of the 17th. The lowest tides in northern New Jersey occurred around Noon EST on the 16th, and in southern New Jersey and in Delaware Bay early on the 17th. The new moon assisted, because spring tides cause the biggest differences in water levels between high and low tides. The low tide at Sandy Hook (Monmouth County) reached 2.67 feet below mean lower low water; at Atlantic City (Atlantic County) reached 2.58 feet below mean lower low water and in Cape May (Cape May County) reached 2.37 feet below mean lower low water. Blowout tides start at 1.8 feet below mean lower low water. The west flow subsided late in the day on the 17th and on the 18th.",NA,CSV
200702,19,1200,200702,19,1700,3100,16740,NEW JERSEY,34,2007,February,Astronomical Low Tide,Z,26,EASTERN OCEAN,34026,PHI,19-FEB-07 12:00:00,EST-5,19-FEB-07 17:00:00,0,0,0,0,0.00K,0.00K,C-MAN Station,NA,NA,NA,NA,NA,NA,NA,NA,NA,NA,NA,NA,NA,NA,NA,NA,NA,NA,NA,NA,NA,"A renewed northwest flow coupled with the astronomical spring (low) tides around the new moon caused blow-out tides around the times of the afternoon low tide on the 19th. The low tide at both Sandy Hook (Monmouth County) and Atlantic City (Atlantic County) reached 2.19 feet below mean lower low water. Blowout tides start at 1.8 feet below mean lower low water. Unlike previous blow-out tides this month, the northwest flow diminished quickly and was only a one low tide cycle event.",NA,CSV
200702,19,1200,200702,19,1700,3100,16741,NEW JERSEY,34,2007,February,Astronomical Low Tide,Z,25,EASTERN ATLANTIC,34025,PHI,19-FEB-07 12:00:00,EST-5,19-FEB-07 17:00:00,0,0,0,0,0.00K,0.00K,C-MAN Station,NA,NA,NA,NA,NA,NA,NA,NA,NA,NA,NA,NA,NA,NA,NA,NA,NA,NA,NA,NA,NA,"A renewed northwest flow coupled with the astronomical spring (low) tides around the new moon caused blow-out tides around the times of the afternoon low tide on the 19th. The low tide at both Sandy Hook (Monmouth County) and Atlantic City (Atlantic County) reached 2.19 feet below mean lower low water. Blowout tides start at 1.8 feet below mean lower low water. Unlike previous blow-out tides this month, the northwest flow diminished quickly and was only a one low tide cycle event.",NA,CSV
200702,19,1200,200702,19,1700,3100,16742,NEW JERSEY,34,2007,February,Astronomical Low Tide,Z,24,EASTERN CAPE MAY,34024,PHI,19-FEB-07 12:00:00,EST-5,19-FEB-07 17:00:00,0,0,0,0,0.00K,0.00K,C-MAN Station,NA,NA,NA,NA,NA,NA,NA,NA,NA,NA,NA,NA,NA,NA,NA,NA,NA,NA,NA,NA,NA,"A renewed northwest flow coupled with the astronomical spring (low) tides around the new moon caused blow-out tides around the times of the afternoon low tide on the 19th. The low tide at both Sandy Hook (Monmouth County) and Atlantic City (Atlantic County) reached 2.19 feet below mean lower low water. Blowout tides start at 1.8 feet below mean lower low water. Unlike previous blow-out tides this month, the northwest flow diminished quickly and was only a one low tide cycle event.",NA,CSV
200702,19,700,200702,19,1000,3102,16752,PENNSYLVANIA,42,2007,February,Astronomical Low Tide,Z,70,DELAWARE,42070,PHI,19-FEB-07 07:00:00,EST-5,19-FEB-07 10:00:00,0,0,0,0,0.00K,0.00K,C-MAN Station,NA,NA,NA,NA,NA,NA,NA,NA,NA,NA,NA,NA,NA,NA,NA,NA,NA,NA,NA,NA,NA,"A renewed strong northwest flow coupled with the astronomical spring (low) tides around the new moon caused blow-out tides around the times of the morning low tide on the 19th. The low tide In Philadelphia reached 2.53 feet below mean lower low water. Blowout tides start at 1.8 feet below mean lower low water. Unlike previous blow-out tides this month, the northwest flow diminished quickly and was only a one low tide cycle event.",NA,CSV
200702,16,1100,200702,17,400,3099,16733,NEW JERSEY,34,2007,February,Astronomical Low Tide,Z,14,EASTERN MONMOUTH,34014,PHI,16-FEB-07 11:00:00,EST-5,17-FEB-07 04:00:00,0,0,0,0,0.00K,0.00K,C-MAN Station,NA,NA,NA,NA,NA,NA,NA,NA,NA,NA,NA,NA,NA,NA,NA,NA,NA,NA,NA,NA,NA,"A persistent northwest to west flow following the winter storm on February 13th and 14th culminated in blow-out tides around the times of low tide from the late morning of the 16th into the early morning of the 17th. The lowest tides in northern New Jersey occurred around Noon EST on the 16th, and in southern New Jersey and in Delaware Bay early on the 17th. The new moon assisted, because spring tides cause the biggest differences in water levels between high and low tides. The low tide at Sandy Hook (Monmouth County) reached 2.67 feet below mean lower low water; at Atlantic City (Atlantic County) reached 2.58 feet below mean lower low water and in Cape May (Cape May County) reached 2.37 feet below mean lower low water. Blowout tides start at 1.8 feet below mean lower low water. The west flow subsided late in the day on the 17th and on the 18th.",NA,CSV
200702,16,1100,200702,17,400,3099,16734,NEW JERSEY,34,2007,February,Astronomical Low Tide,Z,26,EASTERN OCEAN,34026,PHI,16-FEB-07 11:00:00,EST-5,17-FEB-07 04:00:00,0,0,0,0,0.00K,0.00K,C-MAN Station,NA,NA,NA,NA,NA,NA,NA,NA,NA,NA,NA,NA,NA,NA,NA,NA,NA,NA,NA,NA,NA,"A persistent northwest to west flow following the winter storm on February 13th and 14th culminated in blow-out tides around the times of low tide from the late morning of the 16th into the early morning of the 17th. The lowest tides in northern New Jersey occurred around Noon EST on the 16th, and in southern New Jersey and in Delaware Bay early on the 17th. The new moon assisted, because spring tides cause the biggest differences in water levels between high and low tides. The low tide at Sandy Hook (Monmouth County) reached 2.67 feet below mean lower low water; at Atlantic City (Atlantic County) reached 2.58 feet below mean lower low water and in Cape May (Cape May County) reached 2.37 feet below mean lower low water. Blowout tides start at 1.8 feet below mean lower low water. The west flow subsided late in the day on the 17th and on the 18th.",NA,CSV
200702,16,1100,200702,17,400,3099,16736,NEW JERSEY,34,2007,February,Astronomical Low Tide,Z,24,EASTERN CAPE MAY,34024,PHI,16-FEB-07 11:00:00,EST-5,17-FEB-07 04:00:00,0,0,0,0,0.00K,0.00K,C-MAN Station,NA,NA,NA,NA,NA,NA,NA,NA,NA,NA,NA,NA,NA,NA,NA,NA,NA,NA,NA,NA,NA,"A persistent northwest to west flow following the winter storm on February 13th and 14th culminated in blow-out tides around the times of low tide from the late morning of the 16th into the early morning of the 17th. The lowest tides in northern New Jersey occurred around Noon EST on the 16th, and in southern New Jersey and in Delaware Bay early on the 17th. The new moon assisted, because spring tides cause the biggest differences in water levels between high and low tides. The low tide at Sandy Hook (Monmouth County) reached 2.67 feet below mean lower low water; at Atlantic City (Atlantic County) reached 2.58 feet below mean lower low water and in Cape May (Cape May County) reached 2.37 feet below mean lower low water. Blowout tides start at 1.8 feet below mean lower low water. The west flow subsided late in the day on the 17th and on the 18th.",NA,CSV
200702,16,1100,200702,17,400,3099,16735,NEW JERSEY,34,2007,February,Astronomical Low Tide,Z,25,EASTERN ATLANTIC,34025,PHI,16-FEB-07 11:00:00,EST-5,17-FEB-07 04:00:00,0,0,0,0,0.00K,0.00K,C-MAN Station,NA,NA,NA,NA,NA,NA,NA,NA,NA,NA,NA,NA,NA,NA,NA,NA,NA,NA,NA,NA,NA,"A persistent northwest to west flow following the winter storm on February 13th and 14th culminated in blow-out tides around the times of low tide from the late morning of the 16th into the early morning of the 17th. The lowest tides in northern New Jersey occurred around Noon EST on the 16th, and in southern New Jersey and in Delaware Bay early on the 17th. The new moon assisted, because spring tides cause the biggest differences in water levels between high and low tides. The low tide at Sandy Hook (Monmouth County) reached 2.67 feet below mean lower low water; at Atlantic City (Atlantic County) reached 2.58 feet below mean lower low water and in Cape May (Cape May County) reached 2.37 feet below mean lower low water. Blowout tides start at 1.8 feet below mean lower low water. The west flow subsided late in the day on the 17th and on the 18th.",NA,CSV
200702,16,1200,200702,17,500,3099,16737,NEW JERSEY,34,2007,February,Astronomical Low Tide,Z,23,WESTERN CAPE MAY,34023,PHI,16-FEB-07 12:00:00,EST-5,17-FEB-07 05:00:00,0,0,0,0,0.00K,0.00K,C-MAN Station,NA,NA,NA,NA,NA,NA,NA,NA,NA,NA,NA,NA,NA,NA,NA,NA,NA,NA,NA,NA,NA,"A persistent northwest to west flow following the winter storm on February 13th and 14th culminated in blow-out tides around the times of low tide from the late morning of the 16th into the early morning of the 17th. The lowest tides in northern New Jersey occurred around Noon EST on the 16th, and in southern New Jersey and in Delaware Bay early on the 17th. The new moon assisted, because spring tides cause the biggest differences in water levels between high and low tides. The low tide at Sandy Hook (Monmouth County) reached 2.67 feet below mean lower low water; at Atlantic City (Atlantic County) reached 2.58 feet below mean lower low water and in Cape May (Cape May County) reached 2.37 feet below mean lower low water. Blowout tides start at 1.8 feet below mean lower low water. The west flow subsided late in the day on the 17th and on the 18th.",NA,CSV
200702,19,1200,200702,19,1700,3100,16739,NEW JERSEY,34,2007,February,Astronomical Low Tide,Z,14,EASTERN MONMOUTH,34014,PHI,19-FEB-07 12:00:00,EST-5,19-FEB-07 17:00:00,0,0,0,0,0.00K,0.00K,C-MAN Station,NA,NA,NA,NA,NA,NA,NA,NA,NA,NA,NA,NA,NA,NA,NA,NA,NA,NA,NA,NA,NA,"A renewed northwest flow coupled with the astronomical spring (low) tides around the new moon caused blow-out tides around the times of the afternoon low tide on the 19th. The low tide at both Sandy Hook (Monmouth County) and Atlantic City (Atlantic County) reached 2.19 feet below mean lower low water. Blowout tides start at 1.8 feet below mean lower low water. Unlike previous blow-out tides this month, the northwest flow diminished quickly and was only a one low tide cycle event.",NA,CSV
200704,18,1800,200704,18,2200,5228,30714,DELAWARE,10,2007,April,Astronomical Low Tide,Z,4,DELAWARE BEACHES,10004,PHI,18-APR-07 18:00:00,EST-5,18-APR-07 22:00:00,0,0,0,0,0.00K,0.00K,C-MAN Station,NA,NA,NA,NA,NA,NA,NA,NA,NA,NA,NA,NA,NA,NA,NA,NA,NA,NA,NA,NA,NA,The combination of the leftover onshore flow from the departing nor'easter and the astronomical spring tides caused by the new moon caused minor tidal flooding at the time of high tide on the evening of the 18th along the lower Delaware Bay and coastal sections of Sussex County. The high tide at Breakwater Harbor (Sussex County) was 6.83 feet above mean lower low water. Minor tidal flooding begins at 6.7 feet above mean lower low water.,NA,CSV
200704,18,1800,200704,18,2200,5228,30715,DELAWARE,10,2007,April,Astronomical Low Tide,Z,3,INLAND SUSSEX,10003,PHI,18-APR-07 18:00:00,EST-5,18-APR-07 22:00:00,0,0,0,0,0.00K,0.00K,C-MAN Station,NA,NA,NA,NA,NA,NA,NA,NA,NA,NA,NA,NA,NA,NA,NA,NA,NA,NA,NA,NA,NA,The combination of the leftover onshore flow from the departing nor'easter and the astronomical spring tides caused by the new moon caused minor tidal flooding at the time of high tide on the evening of the 18th along the lower Delaware Bay and coastal sections of Sussex County. The high tide at Breakwater Harbor (Sussex County) was 6.83 feet above mean lower low water. Minor tidal flooding begins at 6.7 feet above mean lower low water.,NA,CSV
200702,16,1800,200702,17,1500,1807,16715,PENNSYLVANIA,42,2007,February,Astronomical Low Tide,Z,70,DELAWARE,42070,PHI,16-FEB-07 18:00:00,EST-5,17-FEB-07 15:00:00,0,0,0,0,0.00K,0.00K,C-MAN Station,NA,NA,NA,NA,NA,NA,NA,NA,NA,NA,NA,NA,NA,NA,NA,NA,NA,NA,NA,NA,NA,"A persistent northwest to west flow following the winter storm on February 13th and 14th culminated in blow-out tides around the times of low tide during the evening of the 16th and the morning of the 17th. The lowest tides occurred on the morning of the 17th. The new moon assisted, because spring tides cause the biggest differences in water levels between high and low tides. Low tide in Philadelphia reached 2.3 feet below mean lower low water. Blowout tides start at 1.8 feet below mean lower low water. The west flow subsided later in the day on the 17th.",NA,CSV
200702,16,1700,200702,18,500,1809,16726,DELAWARE,10,2007,February,Astronomical Low Tide,Z,4,DELAWARE BEACHES,10004,PHI,16-FEB-07 17:00:00,EST-5,18-FEB-07 05:00:00,0,0,0,0,0.00K,0.00K,C-MAN Station,NA,NA,NA,NA,NA,NA,NA,NA,NA,NA,NA,NA,NA,NA,NA,NA,NA,NA,NA,NA,NA,"A persistent northwest to west flow following the winter storm on February 13th and 14th culminated in blow-out tides around the times of low tide from the late afternoon of the 16th into the early morning of the 18th. The lowest tides occurred during the late afternoon and early evening of the 16th. The new moon assisted, because spring tides cause the biggest differences in water levels between high and low tides. The low tide at the Breakwater Harbor reached 1.9 feet below mean lower low water. Blowout tides start at 1.8 feet below mean lower low water. The west flow subsided late in the day on the 17th and on the 18th.",NA,CSV
200702,16,1700,200702,18,500,1809,16727,DELAWARE,10,2007,February,Astronomical Low Tide,Z,3,INLAND SUSSEX,10003,PHI,16-FEB-07 17:00:00,EST-5,18-FEB-07 05:00:00,0,0,0,0,0.00K,0.00K,C-MAN Station,NA,NA,NA,NA,NA,NA,NA,NA,NA,NA,NA,NA,NA,NA,NA,NA,NA,NA,NA,NA,NA,"A persistent northwest to west flow following the winter storm on February 13th and 14th culminated in blow-out tides around the times of low tide from the late afternoon of the 16th into the early morning of the 18th. The lowest tides occurred during the late afternoon and early evening of the 16th. The new moon assisted, because spring tides cause the biggest differences in water levels between high and low tides. The low tide at the Breakwater Harbor reached 1.9 feet below mean lower low water. Blowout tides start at 1.8 feet below mean lower low water. The west flow subsided late in the day on the 17th and on the 18th.",NA,CSV
200702,16,1700,200702,18,500,1809,16728,DELAWARE,10,2007,February,Astronomical Low Tide,Z,2,KENT,10002,PHI,16-FEB-07 17:00:00,EST-5,18-FEB-07 05:00:00,0,0,0,0,0.00K,0.00K,C-MAN Station,NA,NA,NA,NA,NA,NA,NA,NA,NA,NA,NA,NA,NA,NA,NA,NA,NA,NA,NA,NA,NA,"A persistent northwest to west flow following the winter storm on February 13th and 14th culminated in blow-out tides around the times of low tide from the late afternoon of the 16th into the early morning of the 18th. The lowest tides occurred during the late afternoon and early evening of the 16th. The new moon assisted, because spring tides cause the biggest differences in water levels between high and low tides. The low tide at the Breakwater Harbor reached 1.9 feet below mean lower low water. Blowout tides start at 1.8 feet below mean lower low water. The west flow subsided late in the day on the 17th and on the 18th.",NA,CSV
200702,19,600,200702,19,900,3101,16745,NEW JERSEY,34,2007,February,Astronomical Low Tide,Z,19,NORTHWESTERN BURLINGTON,34019,PHI,19-FEB-07 06:00:00,EST-5,19-FEB-07 09:00:00,0,0,0,0,0.00K,0.00K,C-MAN Station,NA,NA,NA,NA,NA,NA,NA,NA,NA,NA,NA,NA,NA,NA,NA,NA,NA,NA,NA,NA,NA,"A renewed strong northwest flow coupled with the astronomical spring (low) tides around the new moon caused blow-out tides around the times of the morning low tide on the 19th. The low tide In Philadelphia reached 2.53 feet below mean lower low water. Blowout tides start at 1.8 feet below mean lower low water. Unlike previous blow-out tides this month, the northwest flow diminished quickly and was only a one low tide cycle event.",NA,CSV
200702,19,630,200702,19,930,3101,16746,NEW JERSEY,34,2007,February,Astronomical Low Tide,Z,18,CAMDEN,34018,PHI,19-FEB-07 06:30:00,EST-5,19-FEB-07 09:30:00,0,0,0,0,0.00K,0.00K,C-MAN Station,NA,NA,NA,NA,NA,NA,NA,NA,NA,NA,NA,NA,NA,NA,NA,NA,NA,NA,NA,NA,NA,"A renewed strong northwest flow coupled with the astronomical spring (low) tides around the new moon caused blow-out tides around the times of the morning low tide on the 19th. The low tide In Philadelphia reached 2.53 feet below mean lower low water. Blowout tides start at 1.8 feet below mean lower low water. Unlike previous blow-out tides this month, the northwest flow diminished quickly and was only a one low tide cycle event.",NA,CSV
200702,16,1800,200702,17,1500,1807,16716,PENNSYLVANIA,42,2007,February,Astronomical Low Tide,Z,71,PHILADELPHIA,42071,PHI,16-FEB-07 18:00:00,EST-5,17-FEB-07 15:00:00,0,0,0,0,0.00K,0.00K,C-MAN Station,NA,NA,NA,NA,NA,NA,NA,NA,NA,NA,NA,NA,NA,NA,NA,NA,NA,NA,NA,NA,NA,"A persistent northwest to west flow following the winter storm on February 13th and 14th culminated in blow-out tides around the times of low tide during the evening of the 16th and the morning of the 17th. The lowest tides occurred on the morning of the 17th. The new moon assisted, because spring tides cause the biggest differences in water levels between high and low tides. Low tide in Philadelphia reached 2.3 feet below mean lower low water. Blowout tides start at 1.8 feet below mean lower low water. The west flow subsided later in the day on the 17th.",NA,CSV
200702,16,1800,200702,17,1600,1808,16718,NEW JERSEY,34,2007,February,Astronomical Low Tide,Z,18,CAMDEN,34018,PHI,16-FEB-07 18:00:00,EST-5,17-FEB-07 16:00:00,0,0,0,0,0.00K,0.00K,C-MAN Station,NA,NA,NA,NA,NA,NA,NA,NA,NA,NA,NA,NA,NA,NA,NA,NA,NA,NA,NA,NA,NA,"A persistent northwest to west flow following the winter storm on February 13th and 14th culminated in blow-out tides around the times of low tide during the late afternoon and early evening of the 16th and the morning of the 17th. The lowest tides occurred on the morning of the 17th. The new moon assisted, because spring tides cause the biggest differences in water levels between high and low tides. Low tide in Philadelphia (Pennsylvania) reached 2.3 feet below mean lower low water. Blowout tides start at 1.8 feet below mean lower low water. The west flow subsided later in the day on the 17th.",NA,CSV
200702,16,1900,200702,17,1700,1808,16719,NEW JERSEY,34,2007,February,Astronomical Low Tide,Z,19,NORTHWESTERN BURLINGTON,34019,PHI,16-FEB-07 19:00:00,EST-5,17-FEB-07 17:00:00,0,0,0,0,0.00K,0.00K,C-MAN Station,NA,NA,NA,NA,NA,NA,NA,NA,NA,NA,NA,NA,NA,NA,NA,NA,NA,NA,NA,NA,NA,"A persistent northwest to west flow following the winter storm on February 13th and 14th culminated in blow-out tides around the times of low tide during the late afternoon and early evening of the 16th and the morning of the 17th. The lowest tides occurred on the morning of the 17th. The new moon assisted, because spring tides cause the biggest differences in water levels between high and low tides. Low tide in Philadelphia (Pennsylvania) reached 2.3 feet below mean lower low water. Blowout tides start at 1.8 feet below mean lower low water. The west flow subsided later in the day on the 17th.",NA,CSV
200702,16,1700,200702,17,1500,1808,16720,NEW JERSEY,34,2007,February,Astronomical Low Tide,Z,17,GLOUCESTER,34017,PHI,16-FEB-07 17:00:00,EST-5,17-FEB-07 15:00:00,0,0,0,0,0.00K,0.00K,C-MAN Station,NA,NA,NA,NA,NA,NA,NA,NA,NA,NA,NA,NA,NA,NA,NA,NA,NA,NA,NA,NA,NA,"A persistent northwest to west flow following the winter storm on February 13th and 14th culminated in blow-out tides around the times of low tide during the late afternoon and early evening of the 16th and the morning of the 17th. The lowest tides occurred on the morning of the 17th. The new moon assisted, because spring tides cause the biggest differences in water levels between high and low tides. Low tide in Philadelphia (Pennsylvania) reached 2.3 feet below mean lower low water. Blowout tides start at 1.8 feet below mean lower low water. The west flow subsided later in the day on the 17th.",NA,CSV
200702,16,1600,200702,17,1400,1808,16722,NEW JERSEY,34,2007,February,Astronomical Low Tide,Z,16,SALEM,34016,PHI,16-FEB-07 16:00:00,EST-5,17-FEB-07 14:00:00,0,0,0,0,0.00K,0.00K,C-MAN Station,NA,NA,NA,NA,NA,NA,NA,NA,NA,NA,NA,NA,NA,NA,NA,NA,NA,NA,NA,NA,NA,"A persistent northwest to west flow following the winter storm on February 13th and 14th culminated in blow-out tides around the times of low tide during the late afternoon and early evening of the 16th and the morning of the 17th. The lowest tides occurred on the morning of the 17th. The new moon assisted, because spring tides cause the biggest differences in water levels between high and low tides. Low tide in Philadelphia (Pennsylvania) reached 2.3 feet below mean lower low water. Blowout tides start at 1.8 feet below mean lower low water. The west flow subsided later in the day on the 17th.",NA,CSV
200702,19,700,200702,19,1000,3101,16747,NEW JERSEY,34,2007,February,Astronomical Low Tide,Z,17,GLOUCESTER,34017,PHI,19-FEB-07 07:00:00,EST-5,19-FEB-07 10:00:00,0,0,0,0,0.00K,0.00K,C-MAN Station,NA,NA,NA,NA,NA,NA,NA,NA,NA,NA,NA,NA,NA,NA,NA,NA,NA,NA,NA,NA,NA,"A renewed strong northwest flow coupled with the astronomical spring (low) tides around the new moon caused blow-out tides around the times of the morning low tide on the 19th. The low tide In Philadelphia reached 2.53 feet below mean lower low water. Blowout tides start at 1.8 feet below mean lower low water. Unlike previous blow-out tides this month, the northwest flow diminished quickly and was only a one low tide cycle event.",NA,CSV
200702,19,800,200702,19,1100,3101,16748,NEW JERSEY,34,2007,February,Astronomical Low Tide,Z,16,SALEM,34016,PHI,19-FEB-07 08:00:00,EST-5,19-FEB-07 11:00:00,0,0,0,0,0.00K,0.00K,C-MAN Station,NA,NA,NA,NA,NA,NA,NA,NA,NA,NA,NA,NA,NA,NA,NA,NA,NA,NA,NA,NA,NA,"A renewed strong northwest flow coupled with the astronomical spring (low) tides around the new moon caused blow-out tides around the times of the morning low tide on the 19th. The low tide In Philadelphia reached 2.53 feet below mean lower low water. Blowout tides start at 1.8 feet below mean lower low water. Unlike previous blow-out tides this month, the northwest flow diminished quickly and was only a one low tide cycle event.",NA,CSV
200702,19,600,200702,19,900,3102,16750,PENNSYLVANIA,42,2007,February,Astronomical Low Tide,Z,71,PHILADELPHIA,42071,PHI,19-FEB-07 06:00:00,EST-5,19-FEB-07 09:00:00,0,0,0,0,0.00K,0.00K,C-MAN Station,NA,NA,NA,NA,NA,NA,NA,NA,NA,NA,NA,NA,NA,NA,NA,NA,NA,NA,NA,NA,NA,"A renewed strong northwest flow coupled with the astronomical spring (low) tides around the new moon caused blow-out tides around the times of the morning low tide on the 19th. The low tide In Philadelphia reached 2.53 feet below mean lower low water. Blowout tides start at 1.8 feet below mean lower low water. Unlike previous blow-out tides this month, the northwest flow diminished quickly and was only a one low tide cycle event.",NA,CSV
200702,4,400,200702,5,1800,2859,14729,NEW JERSEY,34,2007,February,Astronomical Low Tide,Z,25,EASTERN ATLANTIC,34025,PHI,04-FEB-07 04:00:00,EST-5,05-FEB-07 18:00:00,0,0,0,0,0.00K,0.00K,C-MAN Station,NA,NA,NA,NA,NA,NA,NA,NA,NA,NA,NA,NA,NA,NA,NA,NA,NA,NA,NA,NA,NA,"A persistent northwest flow started on February 4th and continued into February 6th. This caused blowout tides in Delaware Bay and along the Ocean on the 4th and 5th during the times of low tides. The lowest tides occurred with the early morning low tide on the 5th. Coming off of the full moon assisted, because spring tides cause the biggest differences in water levels between high and low tides. Low tides reached 2.4 feet below mean lower low water in Atlantic City (Atlantic County), 2.3 feet below mean lower low water at the Cape May Ferry Terminal (Cape May County) and 1.9 feet below mean lower low water at Cape May Harbor (Cape May County). Blowout tides start at 1.8 feet below mean lower low water. The northwest flow subsided on February 6th and the tide cycle was also further removed from spring tides.",NA,CSV
200702,4,400,200702,5,600,2859,14726,NEW JERSEY,34,2007,February,Astronomical Low Tide,Z,21,CUMBERLAND,34021,PHI,04-FEB-07 04:00:00,EST-5,05-FEB-07 06:00:00,0,0,0,0,0.00K,0.00K,C-MAN Station,NA,NA,NA,NA,NA,NA,NA,NA,NA,NA,NA,NA,NA,NA,NA,NA,NA,NA,NA,NA,NA,"A persistent northwest flow started on February 4th and continued into February 6th. This caused blowout tides in Delaware Bay and along the Ocean on the 4th and 5th during the times of low tides. The lowest tides occurred with the early morning low tide on the 5th. Coming off of the full moon assisted, because spring tides cause the biggest differences in water levels between high and low tides. Low tides reached 2.4 feet below mean lower low water in Atlantic City (Atlantic County), 2.3 feet below mean lower low water at the Cape May Ferry Terminal (Cape May County) and 1.9 feet below mean lower low water at Cape May Harbor (Cape May County). Blowout tides start at 1.8 feet below mean lower low water. The northwest flow subsided on February 6th and the tide cycle was also further removed from spring tides.",NA,CSV
200702,4,400,200702,5,1800,2859,14731,NEW JERSEY,34,2007,February,Astronomical Low Tide,Z,14,EASTERN MONMOUTH,34014,PHI,04-FEB-07 04:00:00,EST-5,05-FEB-07 18:00:00,0,0,0,0,0.00K,0.00K,C-MAN Station,NA,NA,NA,NA,NA,NA,NA,NA,NA,NA,NA,NA,NA,NA,NA,NA,NA,NA,NA,NA,NA,"A persistent northwest flow started on February 4th and continued into February 6th. This caused blowout tides in Delaware Bay and along the Ocean on the 4th and 5th during the times of low tides. The lowest tides occurred with the early morning low tide on the 5th. Coming off of the full moon assisted, because spring tides cause the biggest differences in water levels between high and low tides. Low tides reached 2.4 feet below mean lower low water in Atlantic City (Atlantic County), 2.3 feet below mean lower low water at the Cape May Ferry Terminal (Cape May County) and 1.9 feet below mean lower low water at Cape May Harbor (Cape May County). Blowout tides start at 1.8 feet below mean lower low water. The northwest flow subsided on February 6th and the tide cycle was also further removed from spring tides.",NA,CSV
200702,4,400,200702,5,1800,2859,14728,NEW JERSEY,34,2007,February,Astronomical Low Tide,Z,24,EASTERN CAPE MAY,34024,PHI,04-FEB-07 04:00:00,EST-5,05-FEB-07 18:00:00,0,0,0,0,0.00K,0.00K,C-MAN Station,NA,NA,NA,NA,NA,NA,NA,NA,NA,NA,NA,NA,NA,NA,NA,NA,NA,NA,NA,NA,NA,"A persistent northwest flow started on February 4th and continued into February 6th. This caused blowout tides in Delaware Bay and along the Ocean on the 4th and 5th during the times of low tides. The lowest tides occurred with the early morning low tide on the 5th. Coming off of the full moon assisted, because spring tides cause the biggest differences in water levels between high and low tides. Low tides reached 2.4 feet below mean lower low water in Atlantic City (Atlantic County), 2.3 feet below mean lower low water at the Cape May Ferry Terminal (Cape May County) and 1.9 feet below mean lower low water at Cape May Harbor (Cape May County). Blowout tides start at 1.8 feet below mean lower low water. The northwest flow subsided on February 6th and the tide cycle was also further removed from spring tides.",NA,CSV
200702,4,400,200702,5,600,2859,14727,NEW JERSEY,34,2007,February,Astronomical Low Tide,Z,23,WESTERN CAPE MAY,34023,PHI,04-FEB-07 04:00:00,EST-5,05-FEB-07 06:00:00,0,0,0,0,0.00K,0.00K,C-MAN Station,NA,NA,NA,NA,NA,NA,NA,NA,NA,NA,NA,NA,NA,NA,NA,NA,NA,NA,NA,NA,NA,"A persistent northwest flow started on February 4th and continued into February 6th. This caused blowout tides in Delaware Bay and along the Ocean on the 4th and 5th during the times of low tides. The lowest tides occurred with the early morning low tide on the 5th. Coming off of the full moon assisted, because spring tides cause the biggest differences in water levels between high and low tides. Low tides reached 2.4 feet below mean lower low water in Atlantic City (Atlantic County), 2.3 feet below mean lower low water at the Cape May Ferry Terminal (Cape May County) and 1.9 feet below mean lower low water at Cape May Harbor (Cape May County). Blowout tides start at 1.8 feet below mean lower low water. The northwest flow subsided on February 6th and the tide cycle was also further removed from spring tides.",NA,CSV
200702,4,400,200702,5,1800,2859,14730,NEW JERSEY,34,2007,February,Astronomical Low Tide,Z,26,EASTERN OCEAN,34026,PHI,04-FEB-07 04:00:00,EST-5,05-FEB-07 18:00:00,0,0,0,0,0.00K,0.00K,C-MAN Station,NA,NA,NA,NA,NA,NA,NA,NA,NA,NA,NA,NA,NA,NA,NA,NA,NA,NA,NA,NA,NA,"A persistent northwest flow started on February 4th and continued into February 6th. This caused blowout tides in Delaware Bay and along the Ocean on the 4th and 5th during the times of low tides. The lowest tides occurred with the early morning low tide on the 5th. Coming off of the full moon assisted, because spring tides cause the biggest differences in water levels between high and low tides. Low tides reached 2.4 feet below mean lower low water in Atlantic City (Atlantic County), 2.3 feet below mean lower low water at the Cape May Ferry Terminal (Cape May County) and 1.9 feet below mean lower low water at Cape May Harbor (Cape May County). Blowout tides start at 1.8 feet below mean lower low water. The northwest flow subsided on February 6th and the tide cycle was also further removed from spring tides.",NA,CSV
200702,5,1000,200702,6,1300,1513,14722,NEW JERSEY,34,2007,February,Astronomical Low Tide,Z,19,NORTHWESTERN BURLINGTON,34019,PHI,05-FEB-07 10:00:00,EST-5,06-FEB-07 13:00:00,0,0,0,0,0.00K,0.00K,C-MAN Station,NA,NA,NA,NA,NA,NA,NA,NA,NA,NA,NA,NA,NA,NA,NA,NA,NA,NA,NA,NA,NA,"A persistent northwest flow started on February 4th and continued through February 6th. This caused blowout tides along the Delaware River and its tributaries starting with the day time low tide on February 5th and persisted through the morning low tide on February 6th. Coming off of the full moon assisted, because spring tides cause the biggest differences in water levels between high and low tides. The lowest tides occurred with the day time low tide on February 5th. Low tides reached 2.5 feet below mean lower low water at Reedy Island (New Castle County, Delaware) and 2.8 feet below mean lower low water in Philadelphia, Pennsylvania. Blowout tides start at 1.8 feet below mean lower low water. The northwest flow subsided later in the day on February 6th and the tide cycle was also further removed from spring tides.",NA,CSV
200702,5,1000,200702,6,1300,1513,14723,NEW JERSEY,34,2007,February,Astronomical Low Tide,Z,18,CAMDEN,34018,PHI,05-FEB-07 10:00:00,EST-5,06-FEB-07 13:00:00,0,0,0,0,0.00K,0.00K,C-MAN Station,NA,NA,NA,NA,NA,NA,NA,NA,NA,NA,NA,NA,NA,NA,NA,NA,NA,NA,NA,NA,NA,"A persistent northwest flow started on February 4th and continued through February 6th. This caused blowout tides along the Delaware River and its tributaries starting with the day time low tide on February 5th and persisted through the morning low tide on February 6th. Coming off of the full moon assisted, because spring tides cause the biggest differences in water levels between high and low tides. The lowest tides occurred with the day time low tide on February 5th. Low tides reached 2.5 feet below mean lower low water at Reedy Island (New Castle County, Delaware) and 2.8 feet below mean lower low water in Philadelphia, Pennsylvania. Blowout tides start at 1.8 feet below mean lower low water. The northwest flow subsided later in the day on February 6th and the tide cycle was also further removed from spring tides.",NA,CSV
200702,5,900,200702,6,1200,1513,14724,NEW JERSEY,34,2007,February,Astronomical Low Tide,Z,17,GLOUCESTER,34017,PHI,05-FEB-07 09:00:00,EST-5,06-FEB-07 12:00:00,0,0,0,0,0.00K,0.00K,C-MAN Station,NA,NA,NA,NA,NA,NA,NA,NA,NA,NA,NA,NA,NA,NA,NA,NA,NA,NA,NA,NA,NA,"A persistent northwest flow started on February 4th and continued through February 6th. This caused blowout tides along the Delaware River and its tributaries starting with the day time low tide on February 5th and persisted through the morning low tide on February 6th. Coming off of the full moon assisted, because spring tides cause the biggest differences in water levels between high and low tides. The lowest tides occurred with the day time low tide on February 5th. Low tides reached 2.5 feet below mean lower low water at Reedy Island (New Castle County, Delaware) and 2.8 feet below mean lower low water in Philadelphia, Pennsylvania. Blowout tides start at 1.8 feet below mean lower low water. The northwest flow subsided later in the day on February 6th and the tide cycle was also further removed from spring tides.",NA,CSV
200702,4,400,200702,6,800,1512,14717,DELAWARE,10,2007,February,Astronomical Low Tide,Z,2,KENT,10002,PHI,04-FEB-07 04:00:00,EST-5,06-FEB-07 08:00:00,0,0,0,0,0.00K,0.00K,C-MAN Station,NA,NA,NA,NA,NA,NA,NA,NA,NA,NA,NA,NA,NA,NA,NA,NA,NA,NA,NA,NA,NA,"A persistent northwest flow started on February 4th and continued through February 6th. This caused blowout tides starting with the morning low tide on February 4th in Sussex and Kent Counties. Farther north in Delaware Bay and into the Delaware River and its tidal tributaries this also caused blowout tides around the times of low tide starting with the morning low tide on February 5th. In all areas this persisted through the morning low tide on February 6th. Coming off of the full moon assisted, because spring tides cause the biggest differences in water levels between high and low tides. Low tide on Reedy Island (New Castle County) reached 2.5 feet below mean lower low water and at Breakwater Harbor (Sussex County) reached 1.8 feet below mean lower low water. Blowout tides start at 1.8 feet below mean lower low water. The northwest flow subsided later in the day on February 6th and the tide cycle was also further removed from spring tides.",NA,CSV
200702,5,700,200702,6,1100,1512,14718,DELAWARE,10,2007,February,Astronomical Low Tide,Z,1,NEW CASTLE,10001,PHI,05-FEB-07 07:00:00,EST-5,06-FEB-07 11:00:00,0,0,0,0,0.00K,0.00K,C-MAN Station,NA,NA,NA,NA,NA,NA,NA,NA,NA,NA,NA,NA,NA,NA,NA,NA,NA,NA,NA,NA,NA,"A persistent northwest flow started on February 4th and continued through February 6th. This caused blowout tides starting with the morning low tide on February 4th in Sussex and Kent Counties. Farther north in Delaware Bay and into the Delaware River and its tidal tributaries this also caused blowout tides around the times of low tide starting with the morning low tide on February 5th. In all areas this persisted through the morning low tide on February 6th. Coming off of the full moon assisted, because spring tides cause the biggest differences in water levels between high and low tides. Low tide on Reedy Island (New Castle County) reached 2.5 feet below mean lower low water and at Breakwater Harbor (Sussex County) reached 1.8 feet below mean lower low water. Blowout tides start at 1.8 feet below mean lower low water. The northwest flow subsided later in the day on February 6th and the tide cycle was also further removed from spring tides.",NA,CSV
200702,5,900,200702,6,1200,1511,14713,PENNSYLVANIA,42,2007,February,Astronomical Low Tide,Z,70,DELAWARE,42070,PHI,05-FEB-07 09:00:00,EST-5,06-FEB-07 12:00:00,0,0,0,0,0.00K,0.00K,C-MAN Station,NA,NA,NA,NA,NA,NA,NA,NA,NA,NA,NA,NA,NA,NA,NA,NA,NA,NA,NA,NA,NA,"A persistent northwest flow started on February 4th and continued through February 6th. This caused blowout tides around the times of low tide from the mid day low tide on February 5th through the two subsequent low tides on February 6th along the Delaware River and tidal sections of its tributaries. The lowest tides occurred on February 5th. Coming off of the full moon assisted, because spring tides cause the biggest differences in water levels between high and low tides. Low tide in Philadelphia reached 2.8 feet below mean lower low water. Blowout tides start at 1.8 feet below mean lower low water. The northwest flow subsided later in the day on February 6th and the tide cycle was also further removed from spring tides.",NA,CSV
200702,5,1000,200702,6,1300,1511,14714,PENNSYLVANIA,42,2007,February,Astronomical Low Tide,Z,71,PHILADELPHIA,42071,PHI,05-FEB-07 10:00:00,EST-5,06-FEB-07 13:00:00,0,0,0,0,0.00K,0.00K,C-MAN Station,NA,NA,NA,NA,NA,NA,NA,NA,NA,NA,NA,NA,NA,NA,NA,NA,NA,NA,NA,NA,NA,"A persistent northwest flow started on February 4th and continued through February 6th. This caused blowout tides around the times of low tide from the mid day low tide on February 5th through the two subsequent low tides on February 6th along the Delaware River and tidal sections of its tributaries. The lowest tides occurred on February 5th. Coming off of the full moon assisted, because spring tides cause the biggest differences in water levels between high and low tides. Low tide in Philadelphia reached 2.8 feet below mean lower low water. Blowout tides start at 1.8 feet below mean lower low water. The northwest flow subsided later in the day on February 6th and the tide cycle was also further removed from spring tides.",NA,CSV
200702,5,1100,200702,6,1400,1511,14715,PENNSYLVANIA,42,2007,February,Astronomical Low Tide,Z,69,BUCKS,42069,PHI,05-FEB-07 11:00:00,EST-5,06-FEB-07 14:00:00,0,0,0,0,0.00K,0.00K,C-MAN Station,NA,NA,NA,NA,NA,NA,NA,NA,NA,NA,NA,NA,NA,NA,NA,NA,NA,NA,NA,NA,NA,"A persistent northwest flow started on February 4th and continued through February 6th. This caused blowout tides around the times of low tide from the mid day low tide on February 5th through the two subsequent low tides on February 6th along the Delaware River and tidal sections of its tributaries. The lowest tides occurred on February 5th. Coming off of the full moon assisted, because spring tides cause the biggest differences in water levels between high and low tides. Low tide in Philadelphia reached 2.8 feet below mean lower low water. Blowout tides start at 1.8 feet below mean lower low water. The northwest flow subsided later in the day on February 6th and the tide cycle was also further removed from spring tides.",NA,CSV
200702,5,700,200702,6,1100,1513,14725,NEW JERSEY,34,2007,February,Astronomical Low Tide,Z,16,SALEM,34016,PHI,05-FEB-07 07:00:00,EST-5,06-FEB-07 11:00:00,0,0,0,0,0.00K,0.00K,C-MAN Station,NA,NA,NA,NA,NA,NA,NA,NA,NA,NA,NA,NA,NA,NA,NA,NA,NA,NA,NA,NA,NA,"A persistent northwest flow started on February 4th and continued through February 6th. This caused blowout tides along the Delaware River and its tributaries starting with the day time low tide on February 5th and persisted through the morning low tide on February 6th. Coming off of the full moon assisted, because spring tides cause the biggest differences in water levels between high and low tides. The lowest tides occurred with the day time low tide on February 5th. Low tides reached 2.5 feet below mean lower low water at Reedy Island (New Castle County, Delaware) and 2.8 feet below mean lower low water in Philadelphia, Pennsylvania. Blowout tides start at 1.8 feet below mean lower low water. The northwest flow subsided later in the day on February 6th and the tide cycle was also further removed from spring tides.",NA,CSV
200702,4,200,200702,4,400,1512,14716,DELAWARE,10,2007,February,Astronomical Low Tide,Z,3,INLAND SUSSEX,10003,PHI,04-FEB-07 02:00:00,EST-5,04-FEB-07 04:00:00,0,0,0,0,0.00K,0.00K,C-MAN Station,NA,NA,NA,NA,NA,NA,NA,NA,NA,NA,NA,NA,NA,NA,NA,NA,NA,NA,NA,NA,NA,"A persistent northwest flow started on February 4th and continued through February 6th. This caused blowout tides starting with the morning low tide on February 4th in Sussex and Kent Counties. Farther north in Delaware Bay and into the Delaware River and its tidal tributaries this also caused blowout tides around the times of low tide starting with the morning low tide on February 5th. In all areas this persisted through the morning low tide on February 6th. Coming off of the full moon assisted, because spring tides cause the biggest differences in water levels between high and low tides. Low tide on Reedy Island (New Castle County) reached 2.5 feet below mean lower low water and at Breakwater Harbor (Sussex County) reached 1.8 feet below mean lower low water. Blowout tides start at 1.8 feet below mean lower low water. The northwest flow subsided later in the day on February 6th and the tide cycle was also further removed from spring tides.",NA,CSV
200703,6,800,200703,7,2300,3816,21209,NEW JERSEY,34,2007,March,Astronomical Low Tide,Z,18,CAMDEN,34018,PHI,06-MAR-07 08:00:00,EST-5,07-MAR-07 23:00:00,0,0,0,0,0.00K,0.00K,C-MAN Station,NA,NA,NA,NA,NA,NA,NA,NA,NA,NA,NA,NA,NA,NA,NA,NA,NA,NA,NA,NA,NA,"The continued strong west to northwest winds from the 5th into the 6th produced blow out tides during the morning and evening low tides on the 6th along the Delaware River. The lowest tides occurred during the morning low tide. The morning low tide reached 3.35 feet below mean lower low water in Philadelphia (Pennsylvania) and 3.30 feet below mean lower low water at Reedy Island (New Castle County, Delaware). Blowout tides start at 1.8 feet below mean lower low water. The winds subsided the evening of the 6th and there were no further blow out tides the next day.",NA,CSV
200703,6,730,200703,7,2230,3816,21210,NEW JERSEY,34,2007,March,Astronomical Low Tide,Z,17,GLOUCESTER,34017,PHI,06-MAR-07 07:30:00,EST-5,07-MAR-07 22:30:00,0,0,0,0,0.00K,0.00K,C-MAN Station,NA,NA,NA,NA,NA,NA,NA,NA,NA,NA,NA,NA,NA,NA,NA,NA,NA,NA,NA,NA,NA,"The continued strong west to northwest winds from the 5th into the 6th produced blow out tides during the morning and evening low tides on the 6th along the Delaware River. The lowest tides occurred during the morning low tide. The morning low tide reached 3.35 feet below mean lower low water in Philadelphia (Pennsylvania) and 3.30 feet below mean lower low water at Reedy Island (New Castle County, Delaware). Blowout tides start at 1.8 feet below mean lower low water. The winds subsided the evening of the 6th and there were no further blow out tides the next day.",NA,CSV
200703,6,600,200703,7,2100,3816,21212,NEW JERSEY,34,2007,March,Astronomical Low Tide,Z,16,SALEM,34016,PHI,06-MAR-07 06:00:00,EST-5,07-MAR-07 21:00:00,0,0,0,0,0.00K,0.00K,C-MAN Station,NA,NA,NA,NA,NA,NA,NA,NA,NA,NA,NA,NA,NA,NA,NA,NA,NA,NA,NA,NA,NA,"The continued strong west to northwest winds from the 5th into the 6th produced blow out tides during the morning and evening low tides on the 6th along the Delaware River. The lowest tides occurred during the morning low tide. The morning low tide reached 3.35 feet below mean lower low water in Philadelphia (Pennsylvania) and 3.30 feet below mean lower low water at Reedy Island (New Castle County, Delaware). Blowout tides start at 1.8 feet below mean lower low water. The winds subsided the evening of the 6th and there were no further blow out tides the next day.",NA,CSV
200703,6,800,200703,6,2300,2155,21213,PENNSYLVANIA,42,2007,March,Astronomical Low Tide,Z,71,PHILADELPHIA,42071,PHI,06-MAR-07 08:00:00,EST-5,06-MAR-07 23:00:00,0,0,0,0,0.00K,0.00K,C-MAN Station,NA,NA,NA,NA,NA,NA,NA,NA,NA,NA,NA,NA,NA,NA,NA,NA,NA,NA,NA,NA,NA,The continued strong west to northwest winds from the 5th into the 6th produced blow out tides during the morning and evening low tides on the 6th along the Delaware River. The lowest tides occurred during the morning low tide. The morning low tide reached 3.35 feet below mean lower low water in Philadelphia. Blowout tides start at 1.8 feet below mean lower low water. The winds subsided the evening of the 6th and there were no further blow out tides the next day.,NA,CSV
200703,6,1300,200703,6,1700,2154,21163,NEW JERSEY,34,2007,March,Astronomical Low Tide,Z,14,EASTERN MONMOUTH,34014,PHI,06-MAR-07 13:00:00,EST-5,06-MAR-07 17:00:00,0,0,0,0,0.00K,0.00K,C-MAN Station,NA,NA,NA,NA,NA,NA,NA,NA,NA,NA,NA,NA,NA,NA,NA,NA,NA,NA,NA,NA,NA,The continued strong west to northwest winds from the 5th into the 6th produced blow out tides on the 6th during the afternoon and early evening low tide along the ocean and Delaware Bay. The greatest reported blow out tides occurred at Sandy Hook (Monmouth County) where tides reached 2.13 feet below mean lower low water. Blowout tides start at 1.8 feet below mean lower low water. The winds subsided the evening of the 6th and there were no further blow out tides overnight.,NA,CSV
200703,6,1300,200703,6,1700,2154,21164,NEW JERSEY,34,2007,March,Astronomical Low Tide,Z,26,EASTERN OCEAN,34026,PHI,06-MAR-07 13:00:00,EST-5,06-MAR-07 17:00:00,0,0,0,0,0.00K,0.00K,C-MAN Station,NA,NA,NA,NA,NA,NA,NA,NA,NA,NA,NA,NA,NA,NA,NA,NA,NA,NA,NA,NA,NA,The continued strong west to northwest winds from the 5th into the 6th produced blow out tides on the 6th during the afternoon and early evening low tide along the ocean and Delaware Bay. The greatest reported blow out tides occurred at Sandy Hook (Monmouth County) where tides reached 2.13 feet below mean lower low water. Blowout tides start at 1.8 feet below mean lower low water. The winds subsided the evening of the 6th and there were no further blow out tides overnight.,NA,CSV
200703,6,1400,200703,6,1800,2154,21173,NEW JERSEY,34,2007,March,Astronomical Low Tide,Z,21,CUMBERLAND,34021,PHI,06-MAR-07 14:00:00,EST-5,06-MAR-07 18:00:00,0,0,0,0,0.00K,0.00K,C-MAN Station,NA,NA,NA,NA,NA,NA,NA,NA,NA,NA,NA,NA,NA,NA,NA,NA,NA,NA,NA,NA,NA,The continued strong west to northwest winds from the 5th into the 6th produced blow out tides on the 6th during the afternoon and early evening low tide along the ocean and Delaware Bay. The greatest reported blow out tides occurred at Sandy Hook (Monmouth County) where tides reached 2.13 feet below mean lower low water. Blowout tides start at 1.8 feet below mean lower low water. The winds subsided the evening of the 6th and there were no further blow out tides overnight.,NA,CSV
200703,6,1330,200703,6,1730,2154,21174,NEW JERSEY,34,2007,March,Astronomical Low Tide,Z,23,WESTERN CAPE MAY,34023,PHI,06-MAR-07 13:30:00,EST-5,06-MAR-07 17:30:00,0,0,0,0,0.00K,0.00K,C-MAN Station,NA,NA,NA,NA,NA,NA,NA,NA,NA,NA,NA,NA,NA,NA,NA,NA,NA,NA,NA,NA,NA,The continued strong west to northwest winds from the 5th into the 6th produced blow out tides on the 6th during the afternoon and early evening low tide along the ocean and Delaware Bay. The greatest reported blow out tides occurred at Sandy Hook (Monmouth County) where tides reached 2.13 feet below mean lower low water. Blowout tides start at 1.8 feet below mean lower low water. The winds subsided the evening of the 6th and there were no further blow out tides overnight.,NA,CSV
200703,6,600,200703,6,2100,2153,21206,DELAWARE,10,2007,March,Astronomical Low Tide,Z,1,NEW CASTLE,10001,PHI,06-MAR-07 06:00:00,EST-5,06-MAR-07 21:00:00,0,0,0,0,0.00K,0.00K,C-MAN Station,NA,NA,NA,NA,NA,NA,NA,NA,NA,NA,NA,NA,NA,NA,NA,NA,NA,NA,NA,NA,NA,The continued strong west to northwest winds from the 5th into the 6th produced blow out tides during the morning and evening low tides on the 6th along the Delaware River and in Delaware Bay along Kent County. The lowest tides occurred during the morning low tide. The morning low tide reached 3.30 feet below mean lower low water at Reedy Island (New Castle County) and 2.58 feet below mean lower low water at Bowers Beach (Kent County). Blowout tides start at 1.8 feet below mean lower low water. The winds subsided the evening of the 6th and there were no further blow out tides the next day.,NA,CSV
200703,6,400,200703,6,1900,2153,21207,DELAWARE,10,2007,March,Astronomical Low Tide,Z,2,KENT,10002,PHI,06-MAR-07 04:00:00,EST-5,06-MAR-07 19:00:00,0,0,0,0,0.00K,0.00K,C-MAN Station,NA,NA,NA,NA,NA,NA,NA,NA,NA,NA,NA,NA,NA,NA,NA,NA,NA,NA,NA,NA,NA,The continued strong west to northwest winds from the 5th into the 6th produced blow out tides during the morning and evening low tides on the 6th along the Delaware River and in Delaware Bay along Kent County. The lowest tides occurred during the morning low tide. The morning low tide reached 3.30 feet below mean lower low water at Reedy Island (New Castle County) and 2.58 feet below mean lower low water at Bowers Beach (Kent County). Blowout tides start at 1.8 feet below mean lower low water. The winds subsided the evening of the 6th and there were no further blow out tides the next day.,NA,CSV
200703,6,1300,200703,6,1700,2154,21161,NEW JERSEY,34,2007,March,Astronomical Low Tide,Z,25,EASTERN ATLANTIC,34025,PHI,06-MAR-07 13:00:00,EST-5,06-MAR-07 17:00:00,0,0,0,0,0.00K,0.00K,C-MAN Station,NA,NA,NA,NA,NA,NA,NA,NA,NA,NA,NA,NA,NA,NA,NA,NA,NA,NA,NA,NA,NA,The continued strong west to northwest winds from the 5th into the 6th produced blow out tides on the 6th during the afternoon and early evening low tide along the ocean and Delaware Bay. The greatest reported blow out tides occurred at Sandy Hook (Monmouth County) where tides reached 2.13 feet below mean lower low water. Blowout tides start at 1.8 feet below mean lower low water. The winds subsided the evening of the 6th and there were no further blow out tides overnight.,NA,CSV
200703,6,1300,200703,6,1700,2154,21162,NEW JERSEY,34,2007,March,Astronomical Low Tide,Z,24,EASTERN CAPE MAY,34024,PHI,06-MAR-07 13:00:00,EST-5,06-MAR-07 17:00:00,0,0,0,0,0.00K,0.00K,C-MAN Station,NA,NA,NA,NA,NA,NA,NA,NA,NA,NA,NA,NA,NA,NA,NA,NA,NA,NA,NA,NA,NA,The continued strong west to northwest winds from the 5th into the 6th produced blow out tides on the 6th during the afternoon and early evening low tide along the ocean and Delaware Bay. The greatest reported blow out tides occurred at Sandy Hook (Monmouth County) where tides reached 2.13 feet below mean lower low water. Blowout tides start at 1.8 feet below mean lower low water. The winds subsided the evening of the 6th and there were no further blow out tides overnight.,NA,CSV
200703,6,700,200703,6,2200,2155,21214,PENNSYLVANIA,42,2007,March,Astronomical Low Tide,Z,70,DELAWARE,42070,PHI,06-MAR-07 07:00:00,EST-5,06-MAR-07 22:00:00,0,0,0,0,0.00K,0.00K,C-MAN Station,NA,NA,NA,NA,NA,NA,NA,NA,NA,NA,NA,NA,NA,NA,NA,NA,NA,NA,NA,NA,NA,The continued strong west to northwest winds from the 5th into the 6th produced blow out tides during the morning and evening low tides on the 6th along the Delaware River. The lowest tides occurred during the morning low tide. The morning low tide reached 3.35 feet below mean lower low water in Philadelphia. Blowout tides start at 1.8 feet below mean lower low water. The winds subsided the evening of the 6th and there were no further blow out tides the next day.,NA,CSV
200703,6,900,200703,7,0,3816,21208,NEW JERSEY,34,2007,March,Astronomical Low Tide,Z,19,NORTHWESTERN BURLINGTON,34019,PHI,06-MAR-07 09:00:00,EST-5,07-MAR-07 00:00:00,0,0,0,0,0.00K,0.00K,C-MAN Station,NA,NA,NA,NA,NA,NA,NA,NA,NA,NA,NA,NA,NA,NA,NA,NA,NA,NA,NA,NA,NA,"The continued strong west to northwest winds from the 5th into the 6th produced blow out tides during the morning and evening low tides on the 6th along the Delaware River. The lowest tides occurred during the morning low tide. The morning low tide reached 3.35 feet below mean lower low water in Philadelphia (Pennsylvania) and 3.30 feet below mean lower low water at Reedy Island (New Castle County, Delaware). Blowout tides start at 1.8 feet below mean lower low water. The winds subsided the evening of the 6th and there were no further blow out tides the next day.",NA,CSV
200704,18,2200,200704,20,200,5227,30712,DELAWARE,10,2007,April,Astronomical Low Tide,Z,1,NEW CASTLE,10001,PHI,18-APR-07 22:00:00,EST-5,20-APR-07 02:00:00,0,0,0,0,0.00K,0.00K,C-MAN Station,NA,NA,NA,NA,NA,NA,NA,NA,NA,NA,NA,NA,NA,NA,NA,NA,NA,NA,NA,NA,NA,The combination of the leftover onshore flow from the departing nor'easter and the astronomical spring tides caused by the new moon caused minor tidal flooding along the upper Delaware Bay and the Delaware River and tidal sections of its tributaries for three successive high tides from around Midnight EDT on the 19th to around Midnight EDT on the 20th. The highest tide at Reedy Island (New Castle County) was 7.89 feet above mean lower low water at 1254 a.m. EDT on the 19th. Minor tidal flooding begins at 7.2 feet above mean lower low water.,NA,CSV
200704,18,2000,200704,20,0,5227,30713,DELAWARE,10,2007,April,Astronomical Low Tide,Z,2,KENT,10002,PHI,18-APR-07 20:00:00,EST-5,20-APR-07 00:00:00,0,0,0,0,0.00K,0.00K,C-MAN Station,NA,NA,NA,NA,NA,NA,NA,NA,NA,NA,NA,NA,NA,NA,NA,NA,NA,NA,NA,NA,NA,The combination of the leftover onshore flow from the departing nor'easter and the astronomical spring tides caused by the new moon caused minor tidal flooding along the upper Delaware Bay and the Delaware River and tidal sections of its tributaries for three successive high tides from around Midnight EDT on the 19th to around Midnight EDT on the 20th. The highest tide at Reedy Island (New Castle County) was 7.89 feet above mean lower low water at 1254 a.m. EDT on the 19th. Minor tidal flooding begins at 7.2 feet above mean lower low water.,NA,CSV
200801,3,100,200801,3,300,11764,64683,PENNSYLVANIA,42,2008,January,Astronomical Low Tide,Z,70,DELAWARE,42070,PHI,03-JAN-08 01:00:00,EST-5,03-JAN-08 03:00:00,0,0,0,0,0.00K,0.00K,C-MAN Station,NA,NA,NA,NA,NA,NA,NA,NA,NA,NA,NA,NA,NA,NA,NA,NA,NA,NA,NA,NA,NA,"On January 3rd, a persistent gale force northwest flow down Delaware Bay caused blow-out tides to occur during the early morning low tide along the Delaware River and tidal sections of its tributaries in Delaware and Philadelphia Counties. Low tide at Marcus Hook (Delaware County) reached -2.20 feet below mean lower low water, in Philadelphia at Pier 11 -1.97 feet below mean lower low water and at the Tacony-Palmyra Bridge (Philadelphia County) -1.96 feet below mean lower low water. Blowout tides at all places start at -1.80 feet below mean lower low water.",NA,CSV
200801,3,300,200801,3,500,11764,64684,PENNSYLVANIA,42,2008,January,Astronomical Low Tide,Z,71,PHILADELPHIA,42071,PHI,03-JAN-08 03:00:00,EST-5,03-JAN-08 05:00:00,0,0,0,0,0.00K,0.00K,C-MAN Station,NA,NA,NA,NA,NA,NA,NA,NA,NA,NA,NA,NA,NA,NA,NA,NA,NA,NA,NA,NA,NA,"On January 3rd, a persistent gale force northwest flow down Delaware Bay caused blow-out tides to occur during the early morning low tide along the Delaware River and tidal sections of its tributaries in Delaware and Philadelphia Counties. Low tide at Marcus Hook (Delaware County) reached -2.20 feet below mean lower low water, in Philadelphia at Pier 11 -1.97 feet below mean lower low water and at the Tacony-Palmyra Bridge (Philadelphia County) -1.96 feet below mean lower low water. Blowout tides at all places start at -1.80 feet below mean lower low water.",NA,CSV
200802,26,1230,200802,26,2200,13095,72478,ALASKA,2,2008,February,Astronomical Low Tide,Z,181,ALASKA PENINSULA,02181,AFC,26-FEB-08 12:30:00,AKST-9,26-FEB-08 22:00:00,0,0,0,0,0.00K,0.00K,Official NWS Observations,NA,NA,NA,NA,NA,NA,NA,NA,NA,NA,NA,NA,NA,NA,NA,NA,NA,NA,NA,NA,NA,Strong east to northeast wind combined with snow resulted in a Blizzard in the Pribilof Islands.,NA,CSV
200801,3,0,200801,3,200,11762,64678,NEW JERSEY,34,2008,January,Astronomical Low Tide,Z,21,CUMBERLAND,34021,PHI,03-JAN-08 00:00:00,EST-5,03-JAN-08 02:00:00,0,0,0,0,0.00K,0.00K,C-MAN Station,NA,NA,NA,NA,NA,NA,NA,NA,NA,NA,NA,NA,NA,NA,NA,NA,NA,NA,NA,NA,NA,A persistent gale force northwest flow down Delaware Bay caused blow-out tides to occur during the early morning low tide along upper parts of Delaware Bay on January 3rd. Low tide at Reedy Island (New Castle County) reached -1.88 feet below mean lower low water. Blowout tides start at -1.80 feet below mean lower low water.,NA,CSV
200801,3,0,200801,3,230,11761,64676,DELAWARE,10,2008,January,Astronomical Low Tide,Z,2,KENT,10002,PHI,03-JAN-08 00:00:00,EST-5,03-JAN-08 02:30:00,0,0,0,0,0.00K,0.00K,C-MAN Station,NA,NA,NA,NA,NA,NA,NA,NA,NA,NA,NA,NA,NA,NA,NA,NA,NA,NA,NA,NA,NA,"A persistent gale force northwest flow down Delaware Bay caused blow-out tides to occur during the early morning low tide along the Delaware River, tidal sections of its tributaries and upper parts of Delaware Bay on January 3rd. Low tide at Reedy Island (New Castle County) reached -1.88 feet below mean lower low water and at Delaware City (New Castle County) -2.01 feet below mean lower low water. Blowout tides start at -1.80 feet below mean lower low water.",NA,CSV
200801,3,30,200801,3,300,11761,64677,DELAWARE,10,2008,January,Astronomical Low Tide,Z,1,NEW CASTLE,10001,PHI,03-JAN-08 00:30:00,EST-5,03-JAN-08 03:00:00,0,0,0,0,0.00K,0.00K,C-MAN Station,NA,NA,NA,NA,NA,NA,NA,NA,NA,NA,NA,NA,NA,NA,NA,NA,NA,NA,NA,NA,NA,"A persistent gale force northwest flow down Delaware Bay caused blow-out tides to occur during the early morning low tide along the Delaware River, tidal sections of its tributaries and upper parts of Delaware Bay on January 3rd. Low tide at Reedy Island (New Castle County) reached -1.88 feet below mean lower low water and at Delaware City (New Castle County) -2.01 feet below mean lower low water. Blowout tides start at -1.80 feet below mean lower low water.",NA,CSV
200801,3,0,200801,3,700,11767,64697,MARYLAND,24,2008,January,Astronomical Low Tide,Z,15,QUEEN ANNES,24015,PHI,03-JAN-08 00:00:00,EST-5,03-JAN-08 07:00:00,0,0,0,0,0.00K,0.00K,C-MAN Station,NA,NA,NA,NA,NA,NA,NA,NA,NA,NA,NA,NA,NA,NA,NA,NA,NA,NA,NA,NA,NA,A persistent gale force northnorthwest flow down Chesapeake Bay caused blow-out tides to occur from the late evening of the 2nd into the morning of the 3rd along the Eastern Shore. Many sailboats and some deep-draft powerboats were agrounded in the harbors. They listed heavily and caused minor damage to the vessels themselves and the docks. Other vessels were left partially suspended above the water's surface by dock lines that were too short to accommodate the receding water levels. ||Low tide at Tolchester Beach reached -2.72 feet below mean lower low water. Blowout tides start at -1.80 feet below mean lower low water.,NA,CSV
200801,2,2200,200801,3,600,11767,64695,MARYLAND,24,2008,January,Astronomical Low Tide,Z,12,KENT,24012,PHI,02-JAN-08 22:00:00,EST-5,03-JAN-08 06:00:00,0,0,0,0,0.00K,0.00K,C-MAN Station,NA,NA,NA,NA,NA,NA,NA,NA,NA,NA,NA,NA,NA,NA,NA,NA,NA,NA,NA,NA,NA,A persistent gale force northnorthwest flow down Chesapeake Bay caused blow-out tides to occur from the late evening of the 2nd into the morning of the 3rd along the Eastern Shore. Many sailboats and some deep-draft powerboats were agrounded in the harbors. They listed heavily and caused minor damage to the vessels themselves and the docks. Other vessels were left partially suspended above the water's surface by dock lines that were too short to accommodate the receding water levels. ||Low tide at Tolchester Beach reached -2.72 feet below mean lower low water. Blowout tides start at -1.80 feet below mean lower low water.,NA,CSV
200801,3,300,200801,3,900,11767,64698,MARYLAND,24,2008,January,Astronomical Low Tide,Z,19,TALBOT,24019,PHI,03-JAN-08 03:00:00,EST-5,03-JAN-08 09:00:00,0,0,0,0,0.00K,0.00K,C-MAN Station,NA,NA,NA,NA,NA,NA,NA,NA,NA,NA,NA,NA,NA,NA,NA,NA,NA,NA,NA,NA,NA,A persistent gale force northnorthwest flow down Chesapeake Bay caused blow-out tides to occur from the late evening of the 2nd into the morning of the 3rd along the Eastern Shore. Many sailboats and some deep-draft powerboats were agrounded in the harbors. They listed heavily and caused minor damage to the vessels themselves and the docks. Other vessels were left partially suspended above the water's surface by dock lines that were too short to accommodate the receding water levels. ||Low tide at Tolchester Beach reached -2.72 feet below mean lower low water. Blowout tides start at -1.80 feet below mean lower low water.,NA,CSV
200801,3,300,200801,3,900,11767,64699,MARYLAND,24,2008,January,Astronomical Low Tide,Z,20,CAROLINE,24020,PHI,03-JAN-08 03:00:00,EST-5,03-JAN-08 09:00:00,0,0,0,0,0.00K,0.00K,C-MAN Station,NA,NA,NA,NA,NA,NA,NA,NA,NA,NA,NA,NA,NA,NA,NA,NA,NA,NA,NA,NA,NA,A persistent gale force northnorthwest flow down Chesapeake Bay caused blow-out tides to occur from the late evening of the 2nd into the morning of the 3rd along the Eastern Shore. Many sailboats and some deep-draft powerboats were agrounded in the harbors. They listed heavily and caused minor damage to the vessels themselves and the docks. Other vessels were left partially suspended above the water's surface by dock lines that were too short to accommodate the receding water levels. ||Low tide at Tolchester Beach reached -2.72 feet below mean lower low water. Blowout tides start at -1.80 feet below mean lower low water.,NA,CSV
200801,2,2300,200801,3,600,11767,64694,MARYLAND,24,2008,January,Astronomical Low Tide,Z,8,CECIL,24008,PHI,02-JAN-08 23:00:00,EST-5,03-JAN-08 06:00:00,0,0,0,0,0.00K,0.00K,C-MAN Station,NA,NA,NA,NA,NA,NA,NA,NA,NA,NA,NA,NA,NA,NA,NA,NA,NA,NA,NA,NA,NA,A persistent gale force northnorthwest flow down Chesapeake Bay caused blow-out tides to occur from the late evening of the 2nd into the morning of the 3rd along the Eastern Shore. Many sailboats and some deep-draft powerboats were agrounded in the harbors. They listed heavily and caused minor damage to the vessels themselves and the docks. Other vessels were left partially suspended above the water's surface by dock lines that were too short to accommodate the receding water levels. ||Low tide at Tolchester Beach reached -2.72 feet below mean lower low water. Blowout tides start at -1.80 feet below mean lower low water.,NA,CSV
200812,31,1800,200812,31,2300,23993,144287,NEW JERSEY,34,2008,December,Astronomical Low Tide,Z,16,SALEM,34016,PHI,31-DEC-08 18:00:00,EST-5,31-DEC-08 23:00:00,0,0,0,0,0.00K,0.00K,C-MAN Station,NA,NA,NA,NA,NA,NA,NA,NA,NA,NA,NA,NA,NA,NA,NA,NA,NA,NA,NA,NA,NA,The persistent and strong west to northwest offshore flow caused blowout tides to occur in upper Delaware Bay as well as along tidal sections of the Delaware River during the evening low tide on the 31st. The low tide in Philadelphia (Pennsylvania) reached 2.0 feet below mean lower low water. The low tide at Reedy Point (Delaware) was 2.4 feet below mean lower low water. Blowout tides start at 1.8 feet below mean lower low water.,NA,CSV
200812,31,1800,200812,31,2200,23993,144288,NEW JERSEY,34,2008,December,Astronomical Low Tide,Z,21,CUMBERLAND,34021,PHI,31-DEC-08 18:00:00,EST-5,31-DEC-08 22:00:00,0,0,0,0,0.00K,0.00K,C-MAN Station,NA,NA,NA,NA,NA,NA,NA,NA,NA,NA,NA,NA,NA,NA,NA,NA,NA,NA,NA,NA,NA,The persistent and strong west to northwest offshore flow caused blowout tides to occur in upper Delaware Bay as well as along tidal sections of the Delaware River during the evening low tide on the 31st. The low tide in Philadelphia (Pennsylvania) reached 2.0 feet below mean lower low water. The low tide at Reedy Point (Delaware) was 2.4 feet below mean lower low water. Blowout tides start at 1.8 feet below mean lower low water.,NA,CSV
200812,31,1800,200812,31,2200,23992,144289,DELAWARE,10,2008,December,Astronomical Low Tide,Z,2,KENT,10002,PHI,31-DEC-08 18:00:00,EST-5,31-DEC-08 22:00:00,0,0,0,0,0.00K,0.00K,C-MAN Station,NA,NA,NA,NA,NA,NA,NA,NA,NA,NA,NA,NA,NA,NA,NA,NA,NA,NA,NA,NA,NA,The persistent and strong west to northwest offshore flow caused blowout tides to occur in upper Delaware Bay as well as along tidal sections of the Delaware River during the evening low tide on the 31st. The low tide at Reedy Point (New Castle County) was 2.4 feet below mean lower low water. Blowout tides start at 1.8 feet below mean lower low water.,NA,CSV
200812,31,1800,200812,31,2200,23992,144290,DELAWARE,10,2008,December,Astronomical Low Tide,Z,1,NEW CASTLE,10001,PHI,31-DEC-08 18:00:00,EST-5,31-DEC-08 22:00:00,0,0,0,0,0.00K,0.00K,C-MAN Station,NA,NA,NA,NA,NA,NA,NA,NA,NA,NA,NA,NA,NA,NA,NA,NA,NA,NA,NA,NA,NA,The persistent and strong west to northwest offshore flow caused blowout tides to occur in upper Delaware Bay as well as along tidal sections of the Delaware River during the evening low tide on the 31st. The low tide at Reedy Point (New Castle County) was 2.4 feet below mean lower low water. Blowout tides start at 1.8 feet below mean lower low water.,NA,CSV
200802,11,0,200802,11,1800,12597,80109,NEW JERSEY,34,2008,February,Astronomical Low Tide,Z,25,EASTERN ATLANTIC,34025,PHI,11-FEB-08 00:00:00,EST-5,11-FEB-08 18:00:00,0,0,0,0,0.00K,0.00K,C-MAN Station,NA,NA,NA,NA,NA,NA,NA,NA,NA,NA,NA,NA,NA,NA,NA,NA,NA,NA,NA,NA,NA,"Persistent and strong west to northwest winds caused blowout tide conditions to occur at times of low tide in Delaware Bay and along the ocean during both low tides on the 11th. The lowest tides occurred with the late afternoon and early evening low tide on the 11th. Lowest tides included -2.28 feet below mean lower low water at Sandy Hook (Monmouth County), -2.27 feet below mean lower low water at Barnegat Light (Ocean County), -2.18 feet below mean lower low water at Atlantic City (Atlantic County), -2.29 feet below mean lower low water in Absecon (Atlantic County) and -1.80 feet below mean lower low water at the Cape May Ferry Terminal (Cape May County). Blowout tides begin at -1.80 feet below mean lower low water. The persistent west to northwest winds were caused by the pressure gradient (difference) between a high pressure system that was moving east from the Northern Plains and Great Lakes and an intense low pressure system over the Canadian Maritimes.",NA,CSV
200802,11,230,200802,11,1900,12594,80094,DELAWARE,10,2008,February,Astronomical Low Tide,Z,4,DELAWARE BEACHES,10004,PHI,11-FEB-08 02:30:00,EST-5,11-FEB-08 19:00:00,0,0,0,0,0.00K,0.00K,C-MAN Station,NA,NA,NA,NA,NA,NA,NA,NA,NA,NA,NA,NA,NA,NA,NA,NA,NA,NA,NA,NA,NA,"Persistent and strong west to northwest winds caused blowout tide conditions to occur at times of low tide in Delaware Bay and along the ocean during both low tides on the 11th. The lowest tides occurred with the late afternoon and early evening low tide on the 11th. The lowest tide at Reedy Island (New Castle County) was -2.06 feet below mean lower low water. In Sussex County, the lowest tide at Breakwater Harbor was -1.96 feet below mean lower low water and the lowest tide at the Indian River Inlet was -2.42 feet below mean lower low water. Blowout tides begin at -1.80 feet below mean lower low water. The persistent west to northwest winds were caused by the pressure gradient (difference) between a high pressure system that was moving east from the Northern Plains and Great Lakes and an intense low pressure system over the Canadian Maritimes.",NA,CSV
200802,11,400,200802,11,2200,12594,80096,DELAWARE,10,2008,February,Astronomical Low Tide,Z,2,KENT,10002,PHI,11-FEB-08 04:00:00,EST-5,11-FEB-08 22:00:00,0,0,0,0,0.00K,0.00K,C-MAN Station,NA,NA,NA,NA,NA,NA,NA,NA,NA,NA,NA,NA,NA,NA,NA,NA,NA,NA,NA,NA,NA,"Persistent and strong west to northwest winds caused blowout tide conditions to occur at times of low tide in Delaware Bay and along the ocean during both low tides on the 11th. The lowest tides occurred with the late afternoon and early evening low tide on the 11th. The lowest tide at Reedy Island (New Castle County) was -2.06 feet below mean lower low water. In Sussex County, the lowest tide at Breakwater Harbor was -1.96 feet below mean lower low water and the lowest tide at the Indian River Inlet was -2.42 feet below mean lower low water. Blowout tides begin at -1.80 feet below mean lower low water. The persistent west to northwest winds were caused by the pressure gradient (difference) between a high pressure system that was moving east from the Northern Plains and Great Lakes and an intense low pressure system over the Canadian Maritimes.",NA,CSV
200802,11,300,200802,11,2000,12594,80095,DELAWARE,10,2008,February,Astronomical Low Tide,Z,3,INLAND SUSSEX,10003,PHI,11-FEB-08 03:00:00,EST-5,11-FEB-08 20:00:00,0,0,0,0,0.00K,0.00K,C-MAN Station,NA,NA,NA,NA,NA,NA,NA,NA,NA,NA,NA,NA,NA,NA,NA,NA,NA,NA,NA,NA,NA,"Persistent and strong west to northwest winds caused blowout tide conditions to occur at times of low tide in Delaware Bay and along the ocean during both low tides on the 11th. The lowest tides occurred with the late afternoon and early evening low tide on the 11th. The lowest tide at Reedy Island (New Castle County) was -2.06 feet below mean lower low water. In Sussex County, the lowest tide at Breakwater Harbor was -1.96 feet below mean lower low water and the lowest tide at the Indian River Inlet was -2.42 feet below mean lower low water. Blowout tides begin at -1.80 feet below mean lower low water. The persistent west to northwest winds were caused by the pressure gradient (difference) between a high pressure system that was moving east from the Northern Plains and Great Lakes and an intense low pressure system over the Canadian Maritimes.",NA,CSV
200802,10,2000,200802,12,100,12598,80101,NEW JERSEY,34,2008,February,Astronomical Low Tide,Z,17,GLOUCESTER,34017,PHI,10-FEB-08 20:00:00,EST-5,12-FEB-08 01:00:00,0,0,0,0,0.00K,0.00K,C-MAN Station,NA,NA,NA,NA,NA,NA,NA,NA,NA,NA,NA,NA,NA,NA,NA,NA,NA,NA,NA,NA,NA,Persistent and strong west to northwest winds caused blowout tide conditions to occur at times of low tide along the Delaware River and tidal sections of its tributaries from the evening low tide on the 10th through the overnight low tide on the 11th. The lowest tide at Reedy Island (New Castle County) was -2.06 feet below mean lower low water. The lowest tide at Phialdelphia Pier 12 (Philadelphia County) was -1.98 feet below mean lower low water. Blowout tides begin at -1.80 feet below mean lower low water. The persistent west to northwest winds were caused by the pressure gradient (difference) between a high pressure system that was moving east from the Northern Plains and Great Lakes and an intense low pressure system over the Canadian Maritimes.,NA,CSV
200802,10,1800,200802,12,0,12598,80102,NEW JERSEY,34,2008,February,Astronomical Low Tide,Z,16,SALEM,34016,PHI,10-FEB-08 18:00:00,EST-5,12-FEB-08 00:00:00,0,0,0,0,0.00K,0.00K,C-MAN Station,NA,NA,NA,NA,NA,NA,NA,NA,NA,NA,NA,NA,NA,NA,NA,NA,NA,NA,NA,NA,NA,Persistent and strong west to northwest winds caused blowout tide conditions to occur at times of low tide along the Delaware River and tidal sections of its tributaries from the evening low tide on the 10th through the overnight low tide on the 11th. The lowest tide at Reedy Island (New Castle County) was -2.06 feet below mean lower low water. The lowest tide at Phialdelphia Pier 12 (Philadelphia County) was -1.98 feet below mean lower low water. Blowout tides begin at -1.80 feet below mean lower low water. The persistent west to northwest winds were caused by the pressure gradient (difference) between a high pressure system that was moving east from the Northern Plains and Great Lakes and an intense low pressure system over the Canadian Maritimes.,NA,CSV
200802,10,1800,200802,11,2300,12593,80093,DELAWARE,10,2008,February,Astronomical Low Tide,Z,1,NEW CASTLE,10001,PHI,10-FEB-08 18:00:00,EST-5,11-FEB-08 23:00:00,0,0,0,0,0.00K,0.00K,C-MAN Station,NA,NA,NA,NA,NA,NA,NA,NA,NA,NA,NA,NA,NA,NA,NA,NA,NA,NA,NA,NA,NA,Persistent and strong west to northwest winds caused blowout tide conditions to occur at times of low tide along the Delaware River and tidal sections of its tributaries from the evening low tide on the 10th through the evening low tide on the 11th. The lowest tide at Reedy Island was -2.06 feet below mean lower low water. Blowout tides begin at -1.80 feet below mean lower low water. The persistent west to northwest winds were caused by the pressure gradient (difference) between a high pressure system that was moving east from the Northern Plains and Great Lakes and an intense low pressure system over the Canadian Maritimes.,NA,CSV
200802,11,200,200802,11,1900,12597,80103,NEW JERSEY,34,2008,February,Astronomical Low Tide,Z,13,WESTERN MONMOUTH,34013,PHI,11-FEB-08 02:00:00,EST-5,11-FEB-08 19:00:00,0,0,0,0,0.00K,0.00K,C-MAN Station,NA,NA,NA,NA,NA,NA,NA,NA,NA,NA,NA,NA,NA,NA,NA,NA,NA,NA,NA,NA,NA,"Persistent and strong west to northwest winds caused blowout tide conditions to occur at times of low tide in Delaware Bay and along the ocean during both low tides on the 11th. The lowest tides occurred with the late afternoon and early evening low tide on the 11th. Lowest tides included -2.28 feet below mean lower low water at Sandy Hook (Monmouth County), -2.27 feet below mean lower low water at Barnegat Light (Ocean County), -2.18 feet below mean lower low water at Atlantic City (Atlantic County), -2.29 feet below mean lower low water in Absecon (Atlantic County) and -1.80 feet below mean lower low water at the Cape May Ferry Terminal (Cape May County). Blowout tides begin at -1.80 feet below mean lower low water. The persistent west to northwest winds were caused by the pressure gradient (difference) between a high pressure system that was moving east from the Northern Plains and Great Lakes and an intense low pressure system over the Canadian Maritimes.",NA,CSV
200802,11,0,200802,11,1800,12597,80110,NEW JERSEY,34,2008,February,Astronomical Low Tide,Z,24,EASTERN CAPE MAY,34024,PHI,11-FEB-08 00:00:00,EST-5,11-FEB-08 18:00:00,0,0,0,0,0.00K,0.00K,C-MAN Station,NA,NA,NA,NA,NA,NA,NA,NA,NA,NA,NA,NA,NA,NA,NA,NA,NA,NA,NA,NA,NA,"Persistent and strong west to northwest winds caused blowout tide conditions to occur at times of low tide in Delaware Bay and along the ocean during both low tides on the 11th. The lowest tides occurred with the late afternoon and early evening low tide on the 11th. Lowest tides included -2.28 feet below mean lower low water at Sandy Hook (Monmouth County), -2.27 feet below mean lower low water at Barnegat Light (Ocean County), -2.18 feet below mean lower low water at Atlantic City (Atlantic County), -2.29 feet below mean lower low water in Absecon (Atlantic County) and -1.80 feet below mean lower low water at the Cape May Ferry Terminal (Cape May County). Blowout tides begin at -1.80 feet below mean lower low water. The persistent west to northwest winds were caused by the pressure gradient (difference) between a high pressure system that was moving east from the Northern Plains and Great Lakes and an intense low pressure system over the Canadian Maritimes.",NA,CSV
200802,11,200,200802,11,2000,12597,80111,NEW JERSEY,34,2008,February,Astronomical Low Tide,Z,23,WESTERN CAPE MAY,34023,PHI,11-FEB-08 02:00:00,EST-5,11-FEB-08 20:00:00,0,0,0,0,0.00K,0.00K,C-MAN Station,NA,NA,NA,NA,NA,NA,NA,NA,NA,NA,NA,NA,NA,NA,NA,NA,NA,NA,NA,NA,NA,"Persistent and strong west to northwest winds caused blowout tide conditions to occur at times of low tide in Delaware Bay and along the ocean during both low tides on the 11th. The lowest tides occurred with the late afternoon and early evening low tide on the 11th. Lowest tides included -2.28 feet below mean lower low water at Sandy Hook (Monmouth County), -2.27 feet below mean lower low water at Barnegat Light (Ocean County), -2.18 feet below mean lower low water at Atlantic City (Atlantic County), -2.29 feet below mean lower low water in Absecon (Atlantic County) and -1.80 feet below mean lower low water at the Cape May Ferry Terminal (Cape May County). Blowout tides begin at -1.80 feet below mean lower low water. The persistent west to northwest winds were caused by the pressure gradient (difference) between a high pressure system that was moving east from the Northern Plains and Great Lakes and an intense low pressure system over the Canadian Maritimes.",NA,CSV
200802,11,300,200802,11,2200,12597,80112,NEW JERSEY,34,2008,February,Astronomical Low Tide,Z,21,CUMBERLAND,34021,PHI,11-FEB-08 03:00:00,EST-5,11-FEB-08 22:00:00,0,0,0,0,0.00K,0.00K,C-MAN Station,NA,NA,NA,NA,NA,NA,NA,NA,NA,NA,NA,NA,NA,NA,NA,NA,NA,NA,NA,NA,NA,"Persistent and strong west to northwest winds caused blowout tide conditions to occur at times of low tide in Delaware Bay and along the ocean during both low tides on the 11th. The lowest tides occurred with the late afternoon and early evening low tide on the 11th. Lowest tides included -2.28 feet below mean lower low water at Sandy Hook (Monmouth County), -2.27 feet below mean lower low water at Barnegat Light (Ocean County), -2.18 feet below mean lower low water at Atlantic City (Atlantic County), -2.29 feet below mean lower low water in Absecon (Atlantic County) and -1.80 feet below mean lower low water at the Cape May Ferry Terminal (Cape May County). Blowout tides begin at -1.80 feet below mean lower low water. The persistent west to northwest winds were caused by the pressure gradient (difference) between a high pressure system that was moving east from the Northern Plains and Great Lakes and an intense low pressure system over the Canadian Maritimes.",NA,CSV
200802,10,2100,200802,12,200,12596,80097,PENNSYLVANIA,42,2008,February,Astronomical Low Tide,Z,71,PHILADELPHIA,42071,PHI,10-FEB-08 21:00:00,EST-5,12-FEB-08 02:00:00,0,0,0,0,0.00K,0.00K,C-MAN Station,NA,NA,NA,NA,NA,NA,NA,NA,NA,NA,NA,NA,NA,NA,NA,NA,NA,NA,NA,NA,NA,Persistent and strong west to northwest winds caused blowout tide conditions to occur at times of low tide along the Delaware River and tidal sections of its tributaries from the overnight low tide on the 10th through the overnight low tide on the 11th. The lowest tide at Philadelphia Pier 12 was -1.98 feet below mean lower low water. Blowout tides begin at -1.80 feet below mean lower low water. The persistent west to northwest winds were caused by the pressure gradient (difference) between a high pressure system that was moving east from the Northern Plains and Great Lakes and an intense low pressure system over the Canadian Maritimes.,NA,CSV
200802,10,1900,200802,12,100,12596,80098,PENNSYLVANIA,42,2008,February,Astronomical Low Tide,Z,70,DELAWARE,42070,PHI,10-FEB-08 19:00:00,EST-5,12-FEB-08 01:00:00,0,0,0,0,0.00K,0.00K,C-MAN Station,NA,NA,NA,NA,NA,NA,NA,NA,NA,NA,NA,NA,NA,NA,NA,NA,NA,NA,NA,NA,NA,Persistent and strong west to northwest winds caused blowout tide conditions to occur at times of low tide along the Delaware River and tidal sections of its tributaries from the overnight low tide on the 10th through the overnight low tide on the 11th. The lowest tide at Philadelphia Pier 12 was -1.98 feet below mean lower low water. Blowout tides begin at -1.80 feet below mean lower low water. The persistent west to northwest winds were caused by the pressure gradient (difference) between a high pressure system that was moving east from the Northern Plains and Great Lakes and an intense low pressure system over the Canadian Maritimes.,NA,CSV
200802,10,2200,200802,12,300,12598,80099,NEW JERSEY,34,2008,February,Astronomical Low Tide,Z,19,NORTHWESTERN BURLINGTON,34019,PHI,10-FEB-08 22:00:00,EST-5,12-FEB-08 03:00:00,0,0,0,0,0.00K,0.00K,C-MAN Station,NA,NA,NA,NA,NA,NA,NA,NA,NA,NA,NA,NA,NA,NA,NA,NA,NA,NA,NA,NA,NA,Persistent and strong west to northwest winds caused blowout tide conditions to occur at times of low tide along the Delaware River and tidal sections of its tributaries from the evening low tide on the 10th through the overnight low tide on the 11th. The lowest tide at Reedy Island (New Castle County) was -2.06 feet below mean lower low water. The lowest tide at Phialdelphia Pier 12 (Philadelphia County) was -1.98 feet below mean lower low water. Blowout tides begin at -1.80 feet below mean lower low water. The persistent west to northwest winds were caused by the pressure gradient (difference) between a high pressure system that was moving east from the Northern Plains and Great Lakes and an intense low pressure system over the Canadian Maritimes.,NA,CSV
200802,10,2100,200802,12,200,12598,80100,NEW JERSEY,34,2008,February,Astronomical Low Tide,Z,18,CAMDEN,34018,PHI,10-FEB-08 21:00:00,EST-5,12-FEB-08 02:00:00,0,0,0,0,0.00K,0.00K,C-MAN Station,NA,NA,NA,NA,NA,NA,NA,NA,NA,NA,NA,NA,NA,NA,NA,NA,NA,NA,NA,NA,NA,Persistent and strong west to northwest winds caused blowout tide conditions to occur at times of low tide along the Delaware River and tidal sections of its tributaries from the evening low tide on the 10th through the overnight low tide on the 11th. The lowest tide at Reedy Island (New Castle County) was -2.06 feet below mean lower low water. The lowest tide at Phialdelphia Pier 12 (Philadelphia County) was -1.98 feet below mean lower low water. Blowout tides begin at -1.80 feet below mean lower low water. The persistent west to northwest winds were caused by the pressure gradient (difference) between a high pressure system that was moving east from the Northern Plains and Great Lakes and an intense low pressure system over the Canadian Maritimes.,NA,CSV
200802,11,100,200802,11,1800,12597,80105,NEW JERSEY,34,2008,February,Astronomical Low Tide,Z,14,EASTERN MONMOUTH,34014,PHI,11-FEB-08 01:00:00,EST-5,11-FEB-08 18:00:00,0,0,0,0,0.00K,0.00K,C-MAN Station,NA,NA,NA,NA,NA,NA,NA,NA,NA,NA,NA,NA,NA,NA,NA,NA,NA,NA,NA,NA,NA,"Persistent and strong west to northwest winds caused blowout tide conditions to occur at times of low tide in Delaware Bay and along the ocean during both low tides on the 11th. The lowest tides occurred with the late afternoon and early evening low tide on the 11th. Lowest tides included -2.28 feet below mean lower low water at Sandy Hook (Monmouth County), -2.27 feet below mean lower low water at Barnegat Light (Ocean County), -2.18 feet below mean lower low water at Atlantic City (Atlantic County), -2.29 feet below mean lower low water in Absecon (Atlantic County) and -1.80 feet below mean lower low water at the Cape May Ferry Terminal (Cape May County). Blowout tides begin at -1.80 feet below mean lower low water. The persistent west to northwest winds were caused by the pressure gradient (difference) between a high pressure system that was moving east from the Northern Plains and Great Lakes and an intense low pressure system over the Canadian Maritimes.",NA,CSV
200802,11,100,200802,11,1800,12597,80106,NEW JERSEY,34,2008,February,Astronomical Low Tide,Z,26,EASTERN OCEAN,34026,PHI,11-FEB-08 01:00:00,EST-5,11-FEB-08 18:00:00,0,0,0,0,0.00K,0.00K,C-MAN Station,NA,NA,NA,NA,NA,NA,NA,NA,NA,NA,NA,NA,NA,NA,NA,NA,NA,NA,NA,NA,NA,"Persistent and strong west to northwest winds caused blowout tide conditions to occur at times of low tide in Delaware Bay and along the ocean during both low tides on the 11th. The lowest tides occurred with the late afternoon and early evening low tide on the 11th. Lowest tides included -2.28 feet below mean lower low water at Sandy Hook (Monmouth County), -2.27 feet below mean lower low water at Barnegat Light (Ocean County), -2.18 feet below mean lower low water at Atlantic City (Atlantic County), -2.29 feet below mean lower low water in Absecon (Atlantic County) and -1.80 feet below mean lower low water at the Cape May Ferry Terminal (Cape May County). Blowout tides begin at -1.80 feet below mean lower low water. The persistent west to northwest winds were caused by the pressure gradient (difference) between a high pressure system that was moving east from the Northern Plains and Great Lakes and an intense low pressure system over the Canadian Maritimes.",NA,CSV
200812,31,2000,200812,31,2359,23991,144277,PENNSYLVANIA,42,2008,December,Astronomical Low Tide,Z,71,PHILADELPHIA,42071,PHI,31-DEC-08 20:00:00,EST-5,31-DEC-08 23:59:00,0,0,0,0,0.00K,0.00K,C-MAN Station,NA,NA,NA,NA,NA,NA,NA,NA,NA,NA,NA,NA,NA,NA,NA,NA,NA,NA,NA,NA,NA,The persistent and strong west to northwest offshore flow caused blowout tides to occur along the Delaware River with the evening low tide on the 31st. The low tide in Philadelphia reached 2.0 feet below mean lower low water. Blowout tides start at 1.8 feet below mean lower low water.,NA,CSV
200812,31,1900,200812,31,2300,23991,144278,PENNSYLVANIA,42,2008,December,Astronomical Low Tide,Z,70,DELAWARE,42070,PHI,31-DEC-08 19:00:00,EST-5,31-DEC-08 23:00:00,0,0,0,0,0.00K,0.00K,C-MAN Station,NA,NA,NA,NA,NA,NA,NA,NA,NA,NA,NA,NA,NA,NA,NA,NA,NA,NA,NA,NA,NA,The persistent and strong west to northwest offshore flow caused blowout tides to occur along the Delaware River with the evening low tide on the 31st. The low tide in Philadelphia reached 2.0 feet below mean lower low water. Blowout tides start at 1.8 feet below mean lower low water.,NA,CSV
200812,31,2000,200812,31,2359,23993,144283,NEW JERSEY,34,2008,December,Astronomical Low Tide,Z,19,NORTHWESTERN BURLINGTON,34019,PHI,31-DEC-08 20:00:00,EST-5,31-DEC-08 23:59:00,0,0,0,0,0.00K,0.00K,C-MAN Station,NA,NA,NA,NA,NA,NA,NA,NA,NA,NA,NA,NA,NA,NA,NA,NA,NA,NA,NA,NA,NA,The persistent and strong west to northwest offshore flow caused blowout tides to occur in upper Delaware Bay as well as along tidal sections of the Delaware River during the evening low tide on the 31st. The low tide in Philadelphia (Pennsylvania) reached 2.0 feet below mean lower low water. The low tide at Reedy Point (Delaware) was 2.4 feet below mean lower low water. Blowout tides start at 1.8 feet below mean lower low water.,NA,CSV
200812,31,1930,200812,31,2330,23993,144285,NEW JERSEY,34,2008,December,Astronomical Low Tide,Z,18,CAMDEN,34018,PHI,31-DEC-08 19:30:00,EST-5,31-DEC-08 23:30:00,0,0,0,0,0.00K,0.00K,C-MAN Station,NA,NA,NA,NA,NA,NA,NA,NA,NA,NA,NA,NA,NA,NA,NA,NA,NA,NA,NA,NA,NA,The persistent and strong west to northwest offshore flow caused blowout tides to occur in upper Delaware Bay as well as along tidal sections of the Delaware River during the evening low tide on the 31st. The low tide in Philadelphia (Pennsylvania) reached 2.0 feet below mean lower low water. The low tide at Reedy Point (Delaware) was 2.4 feet below mean lower low water. Blowout tides start at 1.8 feet below mean lower low water.,NA,CSV
200812,31,1900,200812,31,2300,23993,144286,NEW JERSEY,34,2008,December,Astronomical Low Tide,Z,17,GLOUCESTER,34017,PHI,31-DEC-08 19:00:00,EST-5,31-DEC-08 23:00:00,0,0,0,0,0.00K,0.00K,C-MAN Station,NA,NA,NA,NA,NA,NA,NA,NA,NA,NA,NA,NA,NA,NA,NA,NA,NA,NA,NA,NA,NA,The persistent and strong west to northwest offshore flow caused blowout tides to occur in upper Delaware Bay as well as along tidal sections of the Delaware River during the evening low tide on the 31st. The low tide in Philadelphia (Pennsylvania) reached 2.0 feet below mean lower low water. The low tide at Reedy Point (Delaware) was 2.4 feet below mean lower low water. Blowout tides start at 1.8 feet below mean lower low water.,NA,CSV
200803,8,1400,200803,8,1600,13443,74933,FLORIDA,12,2008,March,Astronomical Low Tide,Z,24,NASSAU,12024,JAX,08-MAR-08 14:00:00,EST-5,08-MAR-08 16:00:00,0,0,0,0,0.00K,0.00K,Other Federal Agency,NA,NA,NA,NA,NA,NA,NA,NA,NA,NA,NA,NA,NA,NA,NA,NA,NA,NA,NA,NA,NA,"Very low astronomical tides were observed on Saturday, March 8, 2008 due to a combination of strong offshore winds and the new moon phase. At least 2 National Ocean Service tide stations had record low tide measurements.","Fernandina Beach, Florida tide gauge measured -3.12 feet Mean Lower Low Water which was about 2.45 feet below predicted tide of -0.70 feet around 1942Z. Although not a record, this was roughly a foot from the record of -4.1 feet Mean Lower Low Water in 1940.",CSV
200803,8,1400,200803,8,1600,13443,74932,FLORIDA,12,2008,March,Astronomical Low Tide,Z,25,DUVAL,12025,JAX,08-MAR-08 14:00:00,EST-5,08-MAR-08 16:00:00,0,0,0,0,0.00K,0.00K,Other Federal Agency,NA,NA,NA,NA,NA,NA,NA,NA,NA,NA,NA,NA,NA,NA,NA,NA,NA,NA,NA,NA,NA,"Very low astronomical tides were observed on Saturday, March 8, 2008 due to a combination of strong offshore winds and the new moon phase. At least 2 National Ocean Service tide stations had record low tide measurements.","The Mayport, Florida tide gauge had measured low tide of -2.57 feet Mean Lower Low Water which was about 1.67 feet below predicted tide of -0.90 feet around 1930Z. Previous record was -2.28 feet Mean Lower Low Water on 2/18/1996.",CSV
200803,8,1400,200803,8,1600,13444,74935,GEORGIA,13,2008,March,Astronomical Low Tide,Z,154,COASTAL GLYNN,13154,JAX,08-MAR-08 14:00:00,EST-5,08-MAR-08 16:00:00,0,0,0,0,0.00K,0.00K,Other Federal Agency,NA,NA,NA,NA,NA,NA,NA,NA,NA,NA,NA,NA,NA,NA,NA,NA,NA,NA,NA,NA,NA,"Very low astronomical tides were observed on Saturday, March 8, 2008 due to a combination of strong offshore winds and the new moon phase.","The St Simons Island, Georgia tide gauge measured a low tide of -3.31 feet Mean Lower Low Water which was about 2.36 feet below predicted tide of -0.95 feet around 2000Z. This appear to break the previous record of -2.39 feet Mean Lower Low Water in January 2001.",CSV
200801,3,230,200801,3,400,11763,64680,NEW JERSEY,34,2008,January,Astronomical Low Tide,Z,17,GLOUCESTER,34017,PHI,03-JAN-08 02:30:00,EST-5,03-JAN-08 04:00:00,0,0,0,0,0.00K,0.00K,C-MAN Station,NA,NA,NA,NA,NA,NA,NA,NA,NA,NA,NA,NA,NA,NA,NA,NA,NA,NA,NA,NA,NA,"On January 3rd, a persistent gale force northwest flow down Delaware Bay caused blow-out tides to occur during the early morning low tide along the Delaware River and tidal sections of its tributaries from upper Delaware Bay north through Burlington County. Low tide at Reedy Island (New Castle County) reached -1.88 feet below mean lower low water and at Delaware City (New Castle County) -2.01 feet below mean lower low water. Low tide at the Tacony-Palmyra Bridge (Burlington County) reached -1.96 feet below mean lower low water and in Burlington City (Burlington County) -1.78 feet below mean lower low water. Blowout tides at all of the above locations start at -1.80 feet below mean lower low water.",NA,CSV
200801,3,30,200801,3,300,11763,64679,NEW JERSEY,34,2008,January,Astronomical Low Tide,Z,16,SALEM,34016,PHI,03-JAN-08 00:30:00,EST-5,03-JAN-08 03:00:00,0,0,0,0,0.00K,0.00K,C-MAN Station,NA,NA,NA,NA,NA,NA,NA,NA,NA,NA,NA,NA,NA,NA,NA,NA,NA,NA,NA,NA,NA,"On January 3rd, a persistent gale force northwest flow down Delaware Bay caused blow-out tides to occur during the early morning low tide along the Delaware River and tidal sections of its tributaries from upper Delaware Bay north through Burlington County. Low tide at Reedy Island (New Castle County) reached -1.88 feet below mean lower low water and at Delaware City (New Castle County) -2.01 feet below mean lower low water. Low tide at the Tacony-Palmyra Bridge (Burlington County) reached -1.96 feet below mean lower low water and in Burlington City (Burlington County) -1.78 feet below mean lower low water. Blowout tides at all of the above locations start at -1.80 feet below mean lower low water.",NA,CSV
200801,3,300,200801,3,430,11763,64681,NEW JERSEY,34,2008,January,Astronomical Low Tide,Z,18,CAMDEN,34018,PHI,03-JAN-08 03:00:00,EST-5,03-JAN-08 04:30:00,0,0,0,0,0.00K,0.00K,C-MAN Station,NA,NA,NA,NA,NA,NA,NA,NA,NA,NA,NA,NA,NA,NA,NA,NA,NA,NA,NA,NA,NA,"On January 3rd, a persistent gale force northwest flow down Delaware Bay caused blow-out tides to occur during the early morning low tide along the Delaware River and tidal sections of its tributaries from upper Delaware Bay north through Burlington County. Low tide at Reedy Island (New Castle County) reached -1.88 feet below mean lower low water and at Delaware City (New Castle County) -2.01 feet below mean lower low water. Low tide at the Tacony-Palmyra Bridge (Burlington County) reached -1.96 feet below mean lower low water and in Burlington City (Burlington County) -1.78 feet below mean lower low water. Blowout tides at all of the above locations start at -1.80 feet below mean lower low water.",NA,CSV
200801,3,330,200801,3,500,11763,64682,NEW JERSEY,34,2008,January,Astronomical Low Tide,Z,19,NORTHWESTERN BURLINGTON,34019,PHI,03-JAN-08 03:30:00,EST-5,03-JAN-08 05:00:00,0,0,0,0,0.00K,0.00K,C-MAN Station,NA,NA,NA,NA,NA,NA,NA,NA,NA,NA,NA,NA,NA,NA,NA,NA,NA,NA,NA,NA,NA,"On January 3rd, a persistent gale force northwest flow down Delaware Bay caused blow-out tides to occur during the early morning low tide along the Delaware River and tidal sections of its tributaries from upper Delaware Bay north through Burlington County. Low tide at Reedy Island (New Castle County) reached -1.88 feet below mean lower low water and at Delaware City (New Castle County) -2.01 feet below mean lower low water. Low tide at the Tacony-Palmyra Bridge (Burlington County) reached -1.96 feet below mean lower low water and in Burlington City (Burlington County) -1.78 feet below mean lower low water. Blowout tides at all of the above locations start at -1.80 feet below mean lower low water.",NA,CSV
200912,11,2100,200912,11,2300,34488,202922,NEW JERSEY,34,2009,December,Astronomical Low Tide,Z,13,WESTERN MONMOUTH,34013,PHI,11-DEC-09 21:00:00,EST-5,11-DEC-09 23:00:00,0,0,0,0,0.00K,0.00K,C-MAN Station,NA,NA,NA,NA,NA,NA,NA,NA,NA,NA,NA,NA,NA,NA,NA,NA,NA,NA,NA,NA,NA,"Two days of persistent strong westerly offshore flow resulted in blow out tides during the evening low tide on the 11th along the Atlantic Coast and the overnight low tide in Delaware Bay and the lower Delaware River. The low tide reached 2.11 feet below mean lower low water in Sandy Hook (Monmouth County), 2.53 feet feet below mean lower low water at Barnegat Light (Ocean County), 2.19 feet feet below mean lower low water in Avalon (Cape May County), 1.84 feet feet below mean lower low water in Stone Harbor (Cape May County), 2.26 feet below mean lower low water in Cape May (Cape May County) and 1.86 feet below mean lower low water at Reedy Island (New Castle County, Delaware). Low water problems with blowout tides start at 1.8 feet below mean lower low water.||The blow out tides were caused by the persistent westerly wind flow between a low pressure system over eastern Canada and a high pressure system over the southern United States. As the high pressure system neared the region on the 12th, winds diminished and tides returned to closer to normal levels.",NA,CSV
200912,11,2100,200912,11,2300,34488,202923,NEW JERSEY,34,2009,December,Astronomical Low Tide,Z,14,EASTERN MONMOUTH,34014,PHI,11-DEC-09 21:00:00,EST-5,11-DEC-09 23:00:00,0,0,0,0,0.00K,0.00K,C-MAN Station,NA,NA,NA,NA,NA,NA,NA,NA,NA,NA,NA,NA,NA,NA,NA,NA,NA,NA,NA,NA,NA,"Two days of persistent strong westerly offshore flow resulted in blow out tides during the evening low tide on the 11th along the Atlantic Coast and the overnight low tide in Delaware Bay and the lower Delaware River. The low tide reached 2.11 feet below mean lower low water in Sandy Hook (Monmouth County), 2.53 feet feet below mean lower low water at Barnegat Light (Ocean County), 2.19 feet feet below mean lower low water in Avalon (Cape May County), 1.84 feet feet below mean lower low water in Stone Harbor (Cape May County), 2.26 feet below mean lower low water in Cape May (Cape May County) and 1.86 feet below mean lower low water at Reedy Island (New Castle County, Delaware). Low water problems with blowout tides start at 1.8 feet below mean lower low water.||The blow out tides were caused by the persistent westerly wind flow between a low pressure system over eastern Canada and a high pressure system over the southern United States. As the high pressure system neared the region on the 12th, winds diminished and tides returned to closer to normal levels.",NA,CSV
200912,11,2000,200912,11,2200,34488,202924,NEW JERSEY,34,2009,December,Astronomical Low Tide,Z,26,EASTERN OCEAN,34026,PHI,11-DEC-09 20:00:00,EST-5,11-DEC-09 22:00:00,0,0,0,0,0.00K,0.00K,C-MAN Station,NA,NA,NA,NA,NA,NA,NA,NA,NA,NA,NA,NA,NA,NA,NA,NA,NA,NA,NA,NA,NA,"Two days of persistent strong westerly offshore flow resulted in blow out tides during the evening low tide on the 11th along the Atlantic Coast and the overnight low tide in Delaware Bay and the lower Delaware River. The low tide reached 2.11 feet below mean lower low water in Sandy Hook (Monmouth County), 2.53 feet feet below mean lower low water at Barnegat Light (Ocean County), 2.19 feet feet below mean lower low water in Avalon (Cape May County), 1.84 feet feet below mean lower low water in Stone Harbor (Cape May County), 2.26 feet below mean lower low water in Cape May (Cape May County) and 1.86 feet below mean lower low water at Reedy Island (New Castle County, Delaware). Low water problems with blowout tides start at 1.8 feet below mean lower low water.||The blow out tides were caused by the persistent westerly wind flow between a low pressure system over eastern Canada and a high pressure system over the southern United States. As the high pressure system neared the region on the 12th, winds diminished and tides returned to closer to normal levels.",NA,CSV
200912,11,2200,200912,12,0,34488,202928,NEW JERSEY,34,2009,December,Astronomical Low Tide,Z,21,CUMBERLAND,34021,PHI,11-DEC-09 22:00:00,EST-5,12-DEC-09 00:00:00,0,0,0,0,0.00K,0.00K,C-MAN Station,NA,NA,NA,NA,NA,NA,NA,NA,NA,NA,NA,NA,NA,NA,NA,NA,NA,NA,NA,NA,NA,"Two days of persistent strong westerly offshore flow resulted in blow out tides during the evening low tide on the 11th along the Atlantic Coast and the overnight low tide in Delaware Bay and the lower Delaware River. The low tide reached 2.11 feet below mean lower low water in Sandy Hook (Monmouth County), 2.53 feet feet below mean lower low water at Barnegat Light (Ocean County), 2.19 feet feet below mean lower low water in Avalon (Cape May County), 1.84 feet feet below mean lower low water in Stone Harbor (Cape May County), 2.26 feet below mean lower low water in Cape May (Cape May County) and 1.86 feet below mean lower low water at Reedy Island (New Castle County, Delaware). Low water problems with blowout tides start at 1.8 feet below mean lower low water.||The blow out tides were caused by the persistent westerly wind flow between a low pressure system over eastern Canada and a high pressure system over the southern United States. As the high pressure system neared the region on the 12th, winds diminished and tides returned to closer to normal levels.",NA,CSV
200912,11,2300,200912,12,100,34488,202929,NEW JERSEY,34,2009,December,Astronomical Low Tide,Z,16,SALEM,34016,PHI,11-DEC-09 23:00:00,EST-5,12-DEC-09 01:00:00,0,0,0,0,0.00K,0.00K,C-MAN Station,NA,NA,NA,NA,NA,NA,NA,NA,NA,NA,NA,NA,NA,NA,NA,NA,NA,NA,NA,NA,NA,"Two days of persistent strong westerly offshore flow resulted in blow out tides during the evening low tide on the 11th along the Atlantic Coast and the overnight low tide in Delaware Bay and the lower Delaware River. The low tide reached 2.11 feet below mean lower low water in Sandy Hook (Monmouth County), 2.53 feet feet below mean lower low water at Barnegat Light (Ocean County), 2.19 feet feet below mean lower low water in Avalon (Cape May County), 1.84 feet feet below mean lower low water in Stone Harbor (Cape May County), 2.26 feet below mean lower low water in Cape May (Cape May County) and 1.86 feet below mean lower low water at Reedy Island (New Castle County, Delaware). Low water problems with blowout tides start at 1.8 feet below mean lower low water.||The blow out tides were caused by the persistent westerly wind flow between a low pressure system over eastern Canada and a high pressure system over the southern United States. As the high pressure system neared the region on the 12th, winds diminished and tides returned to closer to normal levels.",NA,CSV
200912,11,2000,200912,11,2200,34488,202925,NEW JERSEY,34,2009,December,Astronomical Low Tide,Z,25,EASTERN ATLANTIC,34025,PHI,11-DEC-09 20:00:00,EST-5,11-DEC-09 22:00:00,0,0,0,0,0.00K,0.00K,C-MAN Station,NA,NA,NA,NA,NA,NA,NA,NA,NA,NA,NA,NA,NA,NA,NA,NA,NA,NA,NA,NA,NA,"Two days of persistent strong westerly offshore flow resulted in blow out tides during the evening low tide on the 11th along the Atlantic Coast and the overnight low tide in Delaware Bay and the lower Delaware River. The low tide reached 2.11 feet below mean lower low water in Sandy Hook (Monmouth County), 2.53 feet feet below mean lower low water at Barnegat Light (Ocean County), 2.19 feet feet below mean lower low water in Avalon (Cape May County), 1.84 feet feet below mean lower low water in Stone Harbor (Cape May County), 2.26 feet below mean lower low water in Cape May (Cape May County) and 1.86 feet below mean lower low water at Reedy Island (New Castle County, Delaware). Low water problems with blowout tides start at 1.8 feet below mean lower low water.||The blow out tides were caused by the persistent westerly wind flow between a low pressure system over eastern Canada and a high pressure system over the southern United States. As the high pressure system neared the region on the 12th, winds diminished and tides returned to closer to normal levels.",NA,CSV
200912,11,2000,200912,11,2200,34488,202926,NEW JERSEY,34,2009,December,Astronomical Low Tide,Z,24,EASTERN CAPE MAY,34024,PHI,11-DEC-09 20:00:00,EST-5,11-DEC-09 22:00:00,0,0,0,0,0.00K,0.00K,C-MAN Station,NA,NA,NA,NA,NA,NA,NA,NA,NA,NA,NA,NA,NA,NA,NA,NA,NA,NA,NA,NA,NA,"Two days of persistent strong westerly offshore flow resulted in blow out tides during the evening low tide on the 11th along the Atlantic Coast and the overnight low tide in Delaware Bay and the lower Delaware River. The low tide reached 2.11 feet below mean lower low water in Sandy Hook (Monmouth County), 2.53 feet feet below mean lower low water at Barnegat Light (Ocean County), 2.19 feet feet below mean lower low water in Avalon (Cape May County), 1.84 feet feet below mean lower low water in Stone Harbor (Cape May County), 2.26 feet below mean lower low water in Cape May (Cape May County) and 1.86 feet below mean lower low water at Reedy Island (New Castle County, Delaware). Low water problems with blowout tides start at 1.8 feet below mean lower low water.||The blow out tides were caused by the persistent westerly wind flow between a low pressure system over eastern Canada and a high pressure system over the southern United States. As the high pressure system neared the region on the 12th, winds diminished and tides returned to closer to normal levels.",NA,CSV
200912,11,2100,200912,11,2300,34488,202927,NEW JERSEY,34,2009,December,Astronomical Low Tide,Z,23,WESTERN CAPE MAY,34023,PHI,11-DEC-09 21:00:00,EST-5,11-DEC-09 23:00:00,0,0,0,0,0.00K,0.00K,C-MAN Station,NA,NA,NA,NA,NA,NA,NA,NA,NA,NA,NA,NA,NA,NA,NA,NA,NA,NA,NA,NA,NA,"Two days of persistent strong westerly offshore flow resulted in blow out tides during the evening low tide on the 11th along the Atlantic Coast and the overnight low tide in Delaware Bay and the lower Delaware River. The low tide reached 2.11 feet below mean lower low water in Sandy Hook (Monmouth County), 2.53 feet feet below mean lower low water at Barnegat Light (Ocean County), 2.19 feet feet below mean lower low water in Avalon (Cape May County), 1.84 feet feet below mean lower low water in Stone Harbor (Cape May County), 2.26 feet below mean lower low water in Cape May (Cape May County) and 1.86 feet below mean lower low water at Reedy Island (New Castle County, Delaware). Low water problems with blowout tides start at 1.8 feet below mean lower low water.||The blow out tides were caused by the persistent westerly wind flow between a low pressure system over eastern Canada and a high pressure system over the southern United States. As the high pressure system neared the region on the 12th, winds diminished and tides returned to closer to normal levels.",NA,CSV
200912,29,1800,200912,29,2000,35653,206368,NEW JERSEY,34,2009,December,Astronomical Low Tide,Z,18,CAMDEN,34018,PHI,29-DEC-09 18:00:00,EST-5,29-DEC-09 20:00:00,0,0,0,0,0.00K,0.00K,C-MAN Station,NA,NA,NA,NA,NA,NA,NA,NA,NA,NA,NA,NA,NA,NA,NA,NA,NA,NA,NA,NA,NA,"The combination of the strong northwest winds during the day on the 29th and the larger tide ranges associated with the approaching full moon spring tides produced blowout tides during the late morning into evening low tide on the 29th along tidal sections of the Delaware River as well as in Raritan and Upper Delaware Bays. Low tides reached 1.89 feet below mean lower low water at Sandy Hook (Monmouth County), 2.65 feet below mean lower low water at Reedy Island, Delaware, 2.54 feet below mean lower low water in Philadelphia, and 2.25 feet below mean lower low water in Burlington (Burlington County). At all locations, low water problems start at 1.80 feet below mean lower low water.",NA,CSV
200912,29,1700,200912,29,1900,35653,206369,NEW JERSEY,34,2009,December,Astronomical Low Tide,Z,17,GLOUCESTER,34017,PHI,29-DEC-09 17:00:00,EST-5,29-DEC-09 19:00:00,0,0,0,0,0.00K,0.00K,C-MAN Station,NA,NA,NA,NA,NA,NA,NA,NA,NA,NA,NA,NA,NA,NA,NA,NA,NA,NA,NA,NA,NA,"The combination of the strong northwest winds during the day on the 29th and the larger tide ranges associated with the approaching full moon spring tides produced blowout tides during the late morning into evening low tide on the 29th along tidal sections of the Delaware River as well as in Raritan and Upper Delaware Bays. Low tides reached 1.89 feet below mean lower low water at Sandy Hook (Monmouth County), 2.65 feet below mean lower low water at Reedy Island, Delaware, 2.54 feet below mean lower low water in Philadelphia, and 2.25 feet below mean lower low water in Burlington (Burlington County). At all locations, low water problems start at 1.80 feet below mean lower low water.",NA,CSV
200912,29,1500,200912,29,1800,35653,206370,NEW JERSEY,34,2009,December,Astronomical Low Tide,Z,16,SALEM,34016,PHI,29-DEC-09 15:00:00,EST-5,29-DEC-09 18:00:00,0,0,0,0,0.00K,0.00K,C-MAN Station,NA,NA,NA,NA,NA,NA,NA,NA,NA,NA,NA,NA,NA,NA,NA,NA,NA,NA,NA,NA,NA,"The combination of the strong northwest winds during the day on the 29th and the larger tide ranges associated with the approaching full moon spring tides produced blowout tides during the late morning into evening low tide on the 29th along tidal sections of the Delaware River as well as in Raritan and Upper Delaware Bays. Low tides reached 1.89 feet below mean lower low water at Sandy Hook (Monmouth County), 2.65 feet below mean lower low water at Reedy Island, Delaware, 2.54 feet below mean lower low water in Philadelphia, and 2.25 feet below mean lower low water in Burlington (Burlington County). At all locations, low water problems start at 1.80 feet below mean lower low water.",NA,CSV
200912,29,1400,200912,29,1700,35653,206371,NEW JERSEY,34,2009,December,Astronomical Low Tide,Z,21,CUMBERLAND,34021,PHI,29-DEC-09 14:00:00,EST-5,29-DEC-09 17:00:00,0,0,0,0,0.00K,0.00K,C-MAN Station,NA,NA,NA,NA,NA,NA,NA,NA,NA,NA,NA,NA,NA,NA,NA,NA,NA,NA,NA,NA,NA,"The combination of the strong northwest winds during the day on the 29th and the larger tide ranges associated with the approaching full moon spring tides produced blowout tides during the late morning into evening low tide on the 29th along tidal sections of the Delaware River as well as in Raritan and Upper Delaware Bays. Low tides reached 1.89 feet below mean lower low water at Sandy Hook (Monmouth County), 2.65 feet below mean lower low water at Reedy Island, Delaware, 2.54 feet below mean lower low water in Philadelphia, and 2.25 feet below mean lower low water in Burlington (Burlington County). At all locations, low water problems start at 1.80 feet below mean lower low water.",NA,CSV
200912,29,1000,200912,29,1200,35653,206373,NEW JERSEY,34,2009,December,Astronomical Low Tide,Z,12,MIDDLESEX,34012,PHI,29-DEC-09 10:00:00,EST-5,29-DEC-09 12:00:00,0,0,0,0,0.00K,0.00K,C-MAN Station,NA,NA,NA,NA,NA,NA,NA,NA,NA,NA,NA,NA,NA,NA,NA,NA,NA,NA,NA,NA,NA,"The combination of the strong northwest winds during the day on the 29th and the larger tide ranges associated with the approaching full moon spring tides produced blowout tides during the late morning into evening low tide on the 29th along tidal sections of the Delaware River as well as in Raritan and Upper Delaware Bays. Low tides reached 1.89 feet below mean lower low water at Sandy Hook (Monmouth County), 2.65 feet below mean lower low water at Reedy Island, Delaware, 2.54 feet below mean lower low water in Philadelphia, and 2.25 feet below mean lower low water in Burlington (Burlington County). At all locations, low water problems start at 1.80 feet below mean lower low water.",NA,CSV
200912,29,1000,200912,29,1200,35653,206374,NEW JERSEY,34,2009,December,Astronomical Low Tide,Z,13,WESTERN MONMOUTH,34013,PHI,29-DEC-09 10:00:00,EST-5,29-DEC-09 12:00:00,0,0,0,0,0.00K,0.00K,C-MAN Station,NA,NA,NA,NA,NA,NA,NA,NA,NA,NA,NA,NA,NA,NA,NA,NA,NA,NA,NA,NA,NA,"The combination of the strong northwest winds during the day on the 29th and the larger tide ranges associated with the approaching full moon spring tides produced blowout tides during the late morning into evening low tide on the 29th along tidal sections of the Delaware River as well as in Raritan and Upper Delaware Bays. Low tides reached 1.89 feet below mean lower low water at Sandy Hook (Monmouth County), 2.65 feet below mean lower low water at Reedy Island, Delaware, 2.54 feet below mean lower low water in Philadelphia, and 2.25 feet below mean lower low water in Burlington (Burlington County). At all locations, low water problems start at 1.80 feet below mean lower low water.",NA,CSV
200912,29,1800,200912,29,2000,35654,206365,PENNSYLVANIA,42,2009,December,Astronomical Low Tide,Z,71,PHILADELPHIA,42071,PHI,29-DEC-09 18:00:00,EST-5,29-DEC-09 20:00:00,0,0,0,0,0.00K,0.00K,C-MAN Station,NA,NA,NA,NA,NA,NA,NA,NA,NA,NA,NA,NA,NA,NA,NA,NA,NA,NA,NA,NA,NA,"The combination of the strong northwest winds during the day on the 29th and the larger tide ranges associated with the approaching full moon spring tides produced blowout tides during the early evening low tide on the 29th. In Philadelphia, the low tide reached 2.54 feet below mean lower low water. Low water problems start at 1.80 feet below mean lower low water.",NA,CSV
200912,29,1700,200912,29,1900,35654,206366,PENNSYLVANIA,42,2009,December,Astronomical Low Tide,Z,70,DELAWARE,42070,PHI,29-DEC-09 17:00:00,EST-5,29-DEC-09 19:00:00,0,0,0,0,0.00K,0.00K,C-MAN Station,NA,NA,NA,NA,NA,NA,NA,NA,NA,NA,NA,NA,NA,NA,NA,NA,NA,NA,NA,NA,NA,"The combination of the strong northwest winds during the day on the 29th and the larger tide ranges associated with the approaching full moon spring tides produced blowout tides during the early evening low tide on the 29th. In Philadelphia, the low tide reached 2.54 feet below mean lower low water. Low water problems start at 1.80 feet below mean lower low water.",NA,CSV
200912,29,1300,200912,29,1600,35652,206377,DELAWARE,10,2009,December,Astronomical Low Tide,Z,2,KENT,10002,PHI,29-DEC-09 13:00:00,EST-5,29-DEC-09 16:00:00,0,0,0,0,0.00K,0.00K,C-MAN Station,NA,NA,NA,NA,NA,NA,NA,NA,NA,NA,NA,NA,NA,NA,NA,NA,NA,NA,NA,NA,NA,"The combination of the strong northwest winds during the day on the 29th and the larger tide ranges associated with the approaching full moon spring tides produced blowout tides during the afternoon low tide on the 29th along tidal sections of the Delaware River and Upper Delaware Bay. Low tides reached 2.83 feet below mean lower low water at Delaware City (New Castle County) and 2.65 feet below mean lower low water at Reedy Island (New Castle County). At both locations, low water problems start at 1.80 feet below mean lower low water.",NA,CSV
200912,29,1600,200912,29,1800,35652,206378,DELAWARE,10,2009,December,Astronomical Low Tide,Z,1,NEW CASTLE,10001,PHI,29-DEC-09 16:00:00,EST-5,29-DEC-09 18:00:00,0,0,0,0,0.00K,0.00K,C-MAN Station,NA,NA,NA,NA,NA,NA,NA,NA,NA,NA,NA,NA,NA,NA,NA,NA,NA,NA,NA,NA,NA,"The combination of the strong northwest winds during the day on the 29th and the larger tide ranges associated with the approaching full moon spring tides produced blowout tides during the afternoon low tide on the 29th along tidal sections of the Delaware River and Upper Delaware Bay. Low tides reached 2.83 feet below mean lower low water at Delaware City (New Castle County) and 2.65 feet below mean lower low water at Reedy Island (New Castle County). At both locations, low water problems start at 1.80 feet below mean lower low water.",NA,CSV
200912,29,1900,200912,29,2100,35653,206367,NEW JERSEY,34,2009,December,Astronomical Low Tide,Z,19,NORTHWESTERN BURLINGTON,34019,PHI,29-DEC-09 19:00:00,EST-5,29-DEC-09 21:00:00,0,0,0,0,0.00K,0.00K,C-MAN Station,NA,NA,NA,NA,NA,NA,NA,NA,NA,NA,NA,NA,NA,NA,NA,NA,NA,NA,NA,NA,NA,"The combination of the strong northwest winds during the day on the 29th and the larger tide ranges associated with the approaching full moon spring tides produced blowout tides during the late morning into evening low tide on the 29th along tidal sections of the Delaware River as well as in Raritan and Upper Delaware Bays. Low tides reached 1.89 feet below mean lower low water at Sandy Hook (Monmouth County), 2.65 feet below mean lower low water at Reedy Island, Delaware, 2.54 feet below mean lower low water in Philadelphia, and 2.25 feet below mean lower low water in Burlington (Burlington County). At all locations, low water problems start at 1.80 feet below mean lower low water.",NA,CSV
200912,11,2100,200912,11,2300,34489,202930,DELAWARE,10,2009,December,Astronomical Low Tide,Z,4,DELAWARE BEACHES,10004,PHI,11-DEC-09 21:00:00,EST-5,11-DEC-09 23:00:00,0,0,0,0,0.00K,0.00K,C-MAN Station,NA,NA,NA,NA,NA,NA,NA,NA,NA,NA,NA,NA,NA,NA,NA,NA,NA,NA,NA,NA,NA,"Two days of persistent strong westerly offshore flow resulted in blow out tides during the evening low tide on the 11th along the Atlantic Coast and the overnight low tide in Delaware Bay and the lower Delaware River. The low tide reached 2.02 feet below mean lower low water in Lewes (Sussex County), 2.36 feet feet below mean lower low water at Bowers Beach (Kent County) and 1.86 feet below mean lower low water at Reedy Island (New Castle County). Low water problems with blowout tides start at 1.8 feet below mean lower low water.||The blow out tides were caused by the persistent westerly wind flow between a low pressure system over eastern Canada and a high pressure system over the southern United States. As the high pressure system neared the region on the 12th, winds diminished and tides returned to closer to normal levels.",NA,CSV
200912,11,2100,200912,12,0,34489,202931,DELAWARE,10,2009,December,Astronomical Low Tide,Z,3,INLAND SUSSEX,10003,PHI,11-DEC-09 21:00:00,EST-5,12-DEC-09 00:00:00,0,0,0,0,0.00K,0.00K,C-MAN Station,NA,NA,NA,NA,NA,NA,NA,NA,NA,NA,NA,NA,NA,NA,NA,NA,NA,NA,NA,NA,NA,"Two days of persistent strong westerly offshore flow resulted in blow out tides during the evening low tide on the 11th along the Atlantic Coast and the overnight low tide in Delaware Bay and the lower Delaware River. The low tide reached 2.02 feet below mean lower low water in Lewes (Sussex County), 2.36 feet feet below mean lower low water at Bowers Beach (Kent County) and 1.86 feet below mean lower low water at Reedy Island (New Castle County). Low water problems with blowout tides start at 1.8 feet below mean lower low water.||The blow out tides were caused by the persistent westerly wind flow between a low pressure system over eastern Canada and a high pressure system over the southern United States. As the high pressure system neared the region on the 12th, winds diminished and tides returned to closer to normal levels.",NA,CSV
200912,11,2200,200912,12,200,34489,202932,DELAWARE,10,2009,December,Astronomical Low Tide,Z,2,KENT,10002,PHI,11-DEC-09 22:00:00,EST-5,12-DEC-09 02:00:00,0,0,0,0,0.00K,0.00K,C-MAN Station,NA,NA,NA,NA,NA,NA,NA,NA,NA,NA,NA,NA,NA,NA,NA,NA,NA,NA,NA,NA,NA,"Two days of persistent strong westerly offshore flow resulted in blow out tides during the evening low tide on the 11th along the Atlantic Coast and the overnight low tide in Delaware Bay and the lower Delaware River. The low tide reached 2.02 feet below mean lower low water in Lewes (Sussex County), 2.36 feet feet below mean lower low water at Bowers Beach (Kent County) and 1.86 feet below mean lower low water at Reedy Island (New Castle County). Low water problems with blowout tides start at 1.8 feet below mean lower low water.||The blow out tides were caused by the persistent westerly wind flow between a low pressure system over eastern Canada and a high pressure system over the southern United States. As the high pressure system neared the region on the 12th, winds diminished and tides returned to closer to normal levels.",NA,CSV
200912,12,0,200912,12,200,34489,202933,DELAWARE,10,2009,December,Astronomical Low Tide,Z,1,NEW CASTLE,10001,PHI,12-DEC-09 00:00:00,EST-5,12-DEC-09 02:00:00,0,0,0,0,0.00K,0.00K,C-MAN Station,NA,NA,NA,NA,NA,NA,NA,NA,NA,NA,NA,NA,NA,NA,NA,NA,NA,NA,NA,NA,NA,"Two days of persistent strong westerly offshore flow resulted in blow out tides during the evening low tide on the 11th along the Atlantic Coast and the overnight low tide in Delaware Bay and the lower Delaware River. The low tide reached 2.02 feet below mean lower low water in Lewes (Sussex County), 2.36 feet feet below mean lower low water at Bowers Beach (Kent County) and 1.86 feet below mean lower low water at Reedy Island (New Castle County). Low water problems with blowout tides start at 1.8 feet below mean lower low water.||The blow out tides were caused by the persistent westerly wind flow between a low pressure system over eastern Canada and a high pressure system over the southern United States. As the high pressure system neared the region on the 12th, winds diminished and tides returned to closer to normal levels.",NA,CSV
200901,8,2230,200901,9,100,24058,143131,DELAWARE,10,2009,January,Astronomical Low Tide,Z,3,INLAND SUSSEX,10003,PHI,08-JAN-09 22:30:00,EST-5,09-JAN-09 01:00:00,0,0,0,0,0.00K,0.00K,C-MAN Station,NA,NA,NA,NA,NA,NA,NA,NA,NA,NA,NA,NA,NA,NA,NA,NA,NA,NA,NA,NA,NA,"A potent pair of storms moved through the Mid Atlantic and Northeast during the 7th and into the 8th. One potent storm moved across the eastern Great Lakes region during the evening of the 7th, while a secondary potent storm developed along a front off the New Jersey coast. Both of these storms combined into one large and intense storm early on the 8th across the Canadian Maritimes. Behind these storms, much colder air flowed across the region, and this combined with a tightened pressure gradient, which produced strong offshore winds. This caused blow-out tides to occur during the late evening hours of the 8th and the early morning hours of the 9th.||The water level at the Reedy Point tidal gage dropped to 1.82 feet below mean lower low water at 2:42 AM EST on the 9th then bottomed out at 2.39 feet below mean lower low water at 4:00 AM EST on the 9th. The water level at the Delaware City tidal gage dropped to 1.84 feet below mean lower low water at 2:48 AM EST on the 9th then bottomed out at 2.50 feet below mean lower low water at 4:12 AM EST on the 9th. Meanwhile, further southeast, the water level at the Lewes tidal gage dropped to 1.88 feet below mean lower low water at 10:48 PM EST on the 8th and bottomed out at 2.31 feet below mean lower low water between 11:36 PM EST and 11:42 PM EST on the 8th. Blow-out tides begin at 1.80 feet below mean lower low water.",NA,CSV
200901,9,500,200901,9,630,24059,143142,NEW JERSEY,34,2009,January,Astronomical Low Tide,Z,16,SALEM,34016,PHI,09-JAN-09 05:00:00,EST-5,09-JAN-09 06:30:00,0,0,0,0,0.00K,0.00K,C-MAN Station,NA,NA,NA,NA,NA,NA,NA,NA,NA,NA,NA,NA,NA,NA,NA,NA,NA,NA,NA,NA,NA,"A potent pair of storms moved through the Mid Atlantic and Northeast during the 7th and into the 8th. One potent storm moved across the eastern Great Lakes region during the evening of the 7th, while a secondary potent storm developed along a front off the New Jersey coast. Both of these storms combined into one large and intense storm early on the 8th across the Canadian Maritimes. Behind these storms, much colder air flowed across the region, and this combined with a tightened pressure gradient, which produced strong offshore winds. This caused blow-out tides to occur during the late evening hours of the 8th.||The water level at the Sandy Hook tidal gage dropped to 1.81 feet below mean lower low water at 10:48 PM EST on the 8th then bottomed out at 1.88 feet below mean lower low water at 11:18 PM EST on the 8th. The water level at the Barnegat Light tidal gage dropped to 1.80 feet below mean lower low water at 10:54 PM EST on the 8th then bottomed out at 1.86 feet below mean lower low water at 11:18 PM EST on the 8th. The water level at the Atlantic City tidal gage dropped to 1.81 feet below mean lower low water at 9:36 PM EST on the 8th and bottomed out at 2.17 feet below mean lower low water between 10:12 PM EST on the 8th. Farther to the south, the water level at the Cape May tidal gage dropped to 1.86 feet below lower low water at 11:06 PM EST on the 8th then bottomed out at 2.13 feet below lower low water between 11:48 PM EST and 11:54 PM EST on the 8th. Blow-out tides begin at 1.80 feet below mean lower low water.",NA,CSV
200901,9,500,200901,9,630,24059,143143,NEW JERSEY,34,2009,January,Astronomical Low Tide,Z,17,GLOUCESTER,34017,PHI,09-JAN-09 05:00:00,EST-5,09-JAN-09 06:30:00,0,0,0,0,0.00K,0.00K,C-MAN Station,NA,NA,NA,NA,NA,NA,NA,NA,NA,NA,NA,NA,NA,NA,NA,NA,NA,NA,NA,NA,NA,"A potent pair of storms moved through the Mid Atlantic and Northeast during the 7th and into the 8th. One potent storm moved across the eastern Great Lakes region during the evening of the 7th, while a secondary potent storm developed along a front off the New Jersey coast. Both of these storms combined into one large and intense storm early on the 8th across the Canadian Maritimes. Behind these storms, much colder air flowed across the region, and this combined with a tightened pressure gradient, which produced strong offshore winds. This caused blow-out tides to occur during the late evening hours of the 8th.||The water level at the Sandy Hook tidal gage dropped to 1.81 feet below mean lower low water at 10:48 PM EST on the 8th then bottomed out at 1.88 feet below mean lower low water at 11:18 PM EST on the 8th. The water level at the Barnegat Light tidal gage dropped to 1.80 feet below mean lower low water at 10:54 PM EST on the 8th then bottomed out at 1.86 feet below mean lower low water at 11:18 PM EST on the 8th. The water level at the Atlantic City tidal gage dropped to 1.81 feet below mean lower low water at 9:36 PM EST on the 8th and bottomed out at 2.17 feet below mean lower low water between 10:12 PM EST on the 8th. Farther to the south, the water level at the Cape May tidal gage dropped to 1.86 feet below lower low water at 11:06 PM EST on the 8th then bottomed out at 2.13 feet below lower low water between 11:48 PM EST and 11:54 PM EST on the 8th. Blow-out tides begin at 1.80 feet below mean lower low water.",NA,CSV
200901,8,2230,200901,9,0,24059,143134,NEW JERSEY,34,2009,January,Astronomical Low Tide,Z,26,EASTERN OCEAN,34026,PHI,08-JAN-09 22:30:00,EST-5,09-JAN-09 00:00:00,0,0,0,0,0.00K,0.00K,C-MAN Station,NA,NA,NA,NA,NA,NA,NA,NA,NA,NA,NA,NA,NA,NA,NA,NA,NA,NA,NA,NA,NA,"A potent pair of storms moved through the Mid Atlantic and Northeast during the 7th and into the 8th. One potent storm moved across the eastern Great Lakes region during the evening of the 7th, while a secondary potent storm developed along a front off the New Jersey coast. Both of these storms combined into one large and intense storm early on the 8th across the Canadian Maritimes. Behind these storms, much colder air flowed across the region, and this combined with a tightened pressure gradient, which produced strong offshore winds. This caused blow-out tides to occur during the late evening hours of the 8th.||The water level at the Sandy Hook tidal gage dropped to 1.81 feet below mean lower low water at 10:48 PM EST on the 8th then bottomed out at 1.88 feet below mean lower low water at 11:18 PM EST on the 8th. The water level at the Barnegat Light tidal gage dropped to 1.80 feet below mean lower low water at 10:54 PM EST on the 8th then bottomed out at 1.86 feet below mean lower low water at 11:18 PM EST on the 8th. The water level at the Atlantic City tidal gage dropped to 1.81 feet below mean lower low water at 9:36 PM EST on the 8th and bottomed out at 2.17 feet below mean lower low water between 10:12 PM EST on the 8th. Farther to the south, the water level at the Cape May tidal gage dropped to 1.86 feet below lower low water at 11:06 PM EST on the 8th then bottomed out at 2.13 feet below lower low water between 11:48 PM EST and 11:54 PM EST on the 8th. Blow-out tides begin at 1.80 feet below mean lower low water.",NA,CSV
200901,8,2230,200901,9,0,24059,143135,NEW JERSEY,34,2009,January,Astronomical Low Tide,Z,27,SOUTHEASTERN BURLINGTON,34027,PHI,08-JAN-09 22:30:00,EST-5,09-JAN-09 00:00:00,0,0,0,0,0.00K,0.00K,C-MAN Station,NA,NA,NA,NA,NA,NA,NA,NA,NA,NA,NA,NA,NA,NA,NA,NA,NA,NA,NA,NA,NA,"A potent pair of storms moved through the Mid Atlantic and Northeast during the 7th and into the 8th. One potent storm moved across the eastern Great Lakes region during the evening of the 7th, while a secondary potent storm developed along a front off the New Jersey coast. Both of these storms combined into one large and intense storm early on the 8th across the Canadian Maritimes. Behind these storms, much colder air flowed across the region, and this combined with a tightened pressure gradient, which produced strong offshore winds. This caused blow-out tides to occur during the late evening hours of the 8th.||The water level at the Sandy Hook tidal gage dropped to 1.81 feet below mean lower low water at 10:48 PM EST on the 8th then bottomed out at 1.88 feet below mean lower low water at 11:18 PM EST on the 8th. The water level at the Barnegat Light tidal gage dropped to 1.80 feet below mean lower low water at 10:54 PM EST on the 8th then bottomed out at 1.86 feet below mean lower low water at 11:18 PM EST on the 8th. The water level at the Atlantic City tidal gage dropped to 1.81 feet below mean lower low water at 9:36 PM EST on the 8th and bottomed out at 2.17 feet below mean lower low water between 10:12 PM EST on the 8th. Farther to the south, the water level at the Cape May tidal gage dropped to 1.86 feet below lower low water at 11:06 PM EST on the 8th then bottomed out at 2.13 feet below lower low water between 11:48 PM EST and 11:54 PM EST on the 8th. Blow-out tides begin at 1.80 feet below mean lower low water.",NA,CSV
200901,9,330,200901,9,630,24061,143140,PENNSYLVANIA,42,2009,January,Astronomical Low Tide,Z,70,DELAWARE,42070,PHI,09-JAN-09 03:30:00,EST-5,09-JAN-09 06:30:00,0,0,0,0,0.00K,0.00K,C-MAN Station,NA,NA,NA,NA,NA,NA,NA,NA,NA,NA,NA,NA,NA,NA,NA,NA,NA,NA,NA,NA,NA,"A potent pair of storms moved through the Mid Atlantic and Northeast during the 7th and into the 8th. One potent storm moved across the eastern Great Lakes region during the evening of the 7th, while a secondary potent storm developed along a front off the New Jersey coast. Both of these storms combined into one large and intense storm early on the 8th across the Canadian Maritimes. Behind these storms, much colder air flowed across the region, and this combined with a tightened pressure gradient, which produced strong offshore winds. This caused blow-out tides to occur during the early morning hours of the 9th.||The water level at the Philadelphia tidal gage dropped to 1.84 feet below mean lower low water at 6:00 AM EST on the 9th then bottomed out at 2.08 feet below mean lower low water at 6:30 AM EST on the 9th. Blow-out tides begin at 1.80 feet below mean lower low water.",NA,CSV
200901,9,530,200901,9,730,24061,143141,PENNSYLVANIA,42,2009,January,Astronomical Low Tide,Z,71,PHILADELPHIA,42071,PHI,09-JAN-09 05:30:00,EST-5,09-JAN-09 07:30:00,0,0,0,0,0.00K,0.00K,C-MAN Station,NA,NA,NA,NA,NA,NA,NA,NA,NA,NA,NA,NA,NA,NA,NA,NA,NA,NA,NA,NA,NA,"A potent pair of storms moved through the Mid Atlantic and Northeast during the 7th and into the 8th. One potent storm moved across the eastern Great Lakes region during the evening of the 7th, while a secondary potent storm developed along a front off the New Jersey coast. Both of these storms combined into one large and intense storm early on the 8th across the Canadian Maritimes. Behind these storms, much colder air flowed across the region, and this combined with a tightened pressure gradient, which produced strong offshore winds. This caused blow-out tides to occur during the early morning hours of the 9th.||The water level at the Philadelphia tidal gage dropped to 1.84 feet below mean lower low water at 6:00 AM EST on the 9th then bottomed out at 2.08 feet below mean lower low water at 6:30 AM EST on the 9th. Blow-out tides begin at 1.80 feet below mean lower low water.",NA,CSV
200901,9,530,200901,9,730,24059,143144,NEW JERSEY,34,2009,January,Astronomical Low Tide,Z,18,CAMDEN,34018,PHI,09-JAN-09 05:30:00,EST-5,09-JAN-09 07:30:00,0,0,0,0,0.00K,0.00K,C-MAN Station,NA,NA,NA,NA,NA,NA,NA,NA,NA,NA,NA,NA,NA,NA,NA,NA,NA,NA,NA,NA,NA,"A potent pair of storms moved through the Mid Atlantic and Northeast during the 7th and into the 8th. One potent storm moved across the eastern Great Lakes region during the evening of the 7th, while a secondary potent storm developed along a front off the New Jersey coast. Both of these storms combined into one large and intense storm early on the 8th across the Canadian Maritimes. Behind these storms, much colder air flowed across the region, and this combined with a tightened pressure gradient, which produced strong offshore winds. This caused blow-out tides to occur during the late evening hours of the 8th.||The water level at the Sandy Hook tidal gage dropped to 1.81 feet below mean lower low water at 10:48 PM EST on the 8th then bottomed out at 1.88 feet below mean lower low water at 11:18 PM EST on the 8th. The water level at the Barnegat Light tidal gage dropped to 1.80 feet below mean lower low water at 10:54 PM EST on the 8th then bottomed out at 1.86 feet below mean lower low water at 11:18 PM EST on the 8th. The water level at the Atlantic City tidal gage dropped to 1.81 feet below mean lower low water at 9:36 PM EST on the 8th and bottomed out at 2.17 feet below mean lower low water between 10:12 PM EST on the 8th. Farther to the south, the water level at the Cape May tidal gage dropped to 1.86 feet below lower low water at 11:06 PM EST on the 8th then bottomed out at 2.13 feet below lower low water between 11:48 PM EST and 11:54 PM EST on the 8th. Blow-out tides begin at 1.80 feet below mean lower low water.",NA,CSV
200901,8,2100,200901,9,0,24059,143136,NEW JERSEY,34,2009,January,Astronomical Low Tide,Z,25,EASTERN ATLANTIC,34025,PHI,08-JAN-09 21:00:00,EST-5,09-JAN-09 00:00:00,0,0,0,0,0.00K,0.00K,C-MAN Station,NA,NA,NA,NA,NA,NA,NA,NA,NA,NA,NA,NA,NA,NA,NA,NA,NA,NA,NA,NA,NA,"A potent pair of storms moved through the Mid Atlantic and Northeast during the 7th and into the 8th. One potent storm moved across the eastern Great Lakes region during the evening of the 7th, while a secondary potent storm developed along a front off the New Jersey coast. Both of these storms combined into one large and intense storm early on the 8th across the Canadian Maritimes. Behind these storms, much colder air flowed across the region, and this combined with a tightened pressure gradient, which produced strong offshore winds. This caused blow-out tides to occur during the late evening hours of the 8th.||The water level at the Sandy Hook tidal gage dropped to 1.81 feet below mean lower low water at 10:48 PM EST on the 8th then bottomed out at 1.88 feet below mean lower low water at 11:18 PM EST on the 8th. The water level at the Barnegat Light tidal gage dropped to 1.80 feet below mean lower low water at 10:54 PM EST on the 8th then bottomed out at 1.86 feet below mean lower low water at 11:18 PM EST on the 8th. The water level at the Atlantic City tidal gage dropped to 1.81 feet below mean lower low water at 9:36 PM EST on the 8th and bottomed out at 2.17 feet below mean lower low water between 10:12 PM EST on the 8th. Farther to the south, the water level at the Cape May tidal gage dropped to 1.86 feet below lower low water at 11:06 PM EST on the 8th then bottomed out at 2.13 feet below lower low water between 11:48 PM EST and 11:54 PM EST on the 8th. Blow-out tides begin at 1.80 feet below mean lower low water.",NA,CSV
200901,8,2330,200901,9,100,24059,143137,NEW JERSEY,34,2009,January,Astronomical Low Tide,Z,24,EASTERN CAPE MAY,34024,PHI,08-JAN-09 23:30:00,EST-5,09-JAN-09 01:00:00,0,0,0,0,0.00K,0.00K,C-MAN Station,NA,NA,NA,NA,NA,NA,NA,NA,NA,NA,NA,NA,NA,NA,NA,NA,NA,NA,NA,NA,NA,"A potent pair of storms moved through the Mid Atlantic and Northeast during the 7th and into the 8th. One potent storm moved across the eastern Great Lakes region during the evening of the 7th, while a secondary potent storm developed along a front off the New Jersey coast. Both of these storms combined into one large and intense storm early on the 8th across the Canadian Maritimes. Behind these storms, much colder air flowed across the region, and this combined with a tightened pressure gradient, which produced strong offshore winds. This caused blow-out tides to occur during the late evening hours of the 8th.||The water level at the Sandy Hook tidal gage dropped to 1.81 feet below mean lower low water at 10:48 PM EST on the 8th then bottomed out at 1.88 feet below mean lower low water at 11:18 PM EST on the 8th. The water level at the Barnegat Light tidal gage dropped to 1.80 feet below mean lower low water at 10:54 PM EST on the 8th then bottomed out at 1.86 feet below mean lower low water at 11:18 PM EST on the 8th. The water level at the Atlantic City tidal gage dropped to 1.81 feet below mean lower low water at 9:36 PM EST on the 8th and bottomed out at 2.17 feet below mean lower low water between 10:12 PM EST on the 8th. Farther to the south, the water level at the Cape May tidal gage dropped to 1.86 feet below lower low water at 11:06 PM EST on the 8th then bottomed out at 2.13 feet below lower low water between 11:48 PM EST and 11:54 PM EST on the 8th. Blow-out tides begin at 1.80 feet below mean lower low water.",NA,CSV
200901,9,630,200901,9,800,24059,143145,NEW JERSEY,34,2009,January,Astronomical Low Tide,Z,19,NORTHWESTERN BURLINGTON,34019,PHI,09-JAN-09 06:30:00,EST-5,09-JAN-09 08:00:00,0,0,0,0,0.00K,0.00K,C-MAN Station,NA,NA,NA,NA,NA,NA,NA,NA,NA,NA,NA,NA,NA,NA,NA,NA,NA,NA,NA,NA,NA,"A potent pair of storms moved through the Mid Atlantic and Northeast during the 7th and into the 8th. One potent storm moved across the eastern Great Lakes region during the evening of the 7th, while a secondary potent storm developed along a front off the New Jersey coast. Both of these storms combined into one large and intense storm early on the 8th across the Canadian Maritimes. Behind these storms, much colder air flowed across the region, and this combined with a tightened pressure gradient, which produced strong offshore winds. This caused blow-out tides to occur during the late evening hours of the 8th.||The water level at the Sandy Hook tidal gage dropped to 1.81 feet below mean lower low water at 10:48 PM EST on the 8th then bottomed out at 1.88 feet below mean lower low water at 11:18 PM EST on the 8th. The water level at the Barnegat Light tidal gage dropped to 1.80 feet below mean lower low water at 10:54 PM EST on the 8th then bottomed out at 1.86 feet below mean lower low water at 11:18 PM EST on the 8th. The water level at the Atlantic City tidal gage dropped to 1.81 feet below mean lower low water at 9:36 PM EST on the 8th and bottomed out at 2.17 feet below mean lower low water between 10:12 PM EST on the 8th. Farther to the south, the water level at the Cape May tidal gage dropped to 1.86 feet below lower low water at 11:06 PM EST on the 8th then bottomed out at 2.13 feet below lower low water between 11:48 PM EST and 11:54 PM EST on the 8th. Blow-out tides begin at 1.80 feet below mean lower low water.",NA,CSV
200901,9,230,200901,9,500,24058,143128,DELAWARE,10,2009,January,Astronomical Low Tide,Z,1,NEW CASTLE,10001,PHI,09-JAN-09 02:30:00,EST-5,09-JAN-09 05:00:00,0,0,0,0,0.00K,0.00K,C-MAN Station,NA,NA,NA,NA,NA,NA,NA,NA,NA,NA,NA,NA,NA,NA,NA,NA,NA,NA,NA,NA,NA,"A potent pair of storms moved through the Mid Atlantic and Northeast during the 7th and into the 8th. One potent storm moved across the eastern Great Lakes region during the evening of the 7th, while a secondary potent storm developed along a front off the New Jersey coast. Both of these storms combined into one large and intense storm early on the 8th across the Canadian Maritimes. Behind these storms, much colder air flowed across the region, and this combined with a tightened pressure gradient, which produced strong offshore winds. This caused blow-out tides to occur during the late evening hours of the 8th and the early morning hours of the 9th.||The water level at the Reedy Point tidal gage dropped to 1.82 feet below mean lower low water at 2:42 AM EST on the 9th then bottomed out at 2.39 feet below mean lower low water at 4:00 AM EST on the 9th. The water level at the Delaware City tidal gage dropped to 1.84 feet below mean lower low water at 2:48 AM EST on the 9th then bottomed out at 2.50 feet below mean lower low water at 4:12 AM EST on the 9th. Meanwhile, further southeast, the water level at the Lewes tidal gage dropped to 1.88 feet below mean lower low water at 10:48 PM EST on the 8th and bottomed out at 2.31 feet below mean lower low water between 11:36 PM EST and 11:42 PM EST on the 8th. Blow-out tides begin at 1.80 feet below mean lower low water.",NA,CSV
200901,9,215,200901,9,445,24058,143129,DELAWARE,10,2009,January,Astronomical Low Tide,Z,2,KENT,10002,PHI,09-JAN-09 02:15:00,EST-5,09-JAN-09 04:45:00,0,0,0,0,0.00K,0.00K,C-MAN Station,NA,NA,NA,NA,NA,NA,NA,NA,NA,NA,NA,NA,NA,NA,NA,NA,NA,NA,NA,NA,NA,"A potent pair of storms moved through the Mid Atlantic and Northeast during the 7th and into the 8th. One potent storm moved across the eastern Great Lakes region during the evening of the 7th, while a secondary potent storm developed along a front off the New Jersey coast. Both of these storms combined into one large and intense storm early on the 8th across the Canadian Maritimes. Behind these storms, much colder air flowed across the region, and this combined with a tightened pressure gradient, which produced strong offshore winds. This caused blow-out tides to occur during the late evening hours of the 8th and the early morning hours of the 9th.||The water level at the Reedy Point tidal gage dropped to 1.82 feet below mean lower low water at 2:42 AM EST on the 9th then bottomed out at 2.39 feet below mean lower low water at 4:00 AM EST on the 9th. The water level at the Delaware City tidal gage dropped to 1.84 feet below mean lower low water at 2:48 AM EST on the 9th then bottomed out at 2.50 feet below mean lower low water at 4:12 AM EST on the 9th. Meanwhile, further southeast, the water level at the Lewes tidal gage dropped to 1.88 feet below mean lower low water at 10:48 PM EST on the 8th and bottomed out at 2.31 feet below mean lower low water between 11:36 PM EST and 11:42 PM EST on the 8th. Blow-out tides begin at 1.80 feet below mean lower low water.",NA,CSV
200901,8,30,200901,9,200,24059,143138,NEW JERSEY,34,2009,January,Astronomical Low Tide,Z,23,WESTERN CAPE MAY,34023,PHI,08-JAN-09 00:30:00,EST-5,09-JAN-09 02:00:00,0,0,0,0,0.00K,0.00K,C-MAN Station,NA,NA,NA,NA,NA,NA,NA,NA,NA,NA,NA,NA,NA,NA,NA,NA,NA,NA,NA,NA,NA,"A potent pair of storms moved through the Mid Atlantic and Northeast during the 7th and into the 8th. One potent storm moved across the eastern Great Lakes region during the evening of the 7th, while a secondary potent storm developed along a front off the New Jersey coast. Both of these storms combined into one large and intense storm early on the 8th across the Canadian Maritimes. Behind these storms, much colder air flowed across the region, and this combined with a tightened pressure gradient, which produced strong offshore winds. This caused blow-out tides to occur during the late evening hours of the 8th.||The water level at the Sandy Hook tidal gage dropped to 1.81 feet below mean lower low water at 10:48 PM EST on the 8th then bottomed out at 1.88 feet below mean lower low water at 11:18 PM EST on the 8th. The water level at the Barnegat Light tidal gage dropped to 1.80 feet below mean lower low water at 10:54 PM EST on the 8th then bottomed out at 1.86 feet below mean lower low water at 11:18 PM EST on the 8th. The water level at the Atlantic City tidal gage dropped to 1.81 feet below mean lower low water at 9:36 PM EST on the 8th and bottomed out at 2.17 feet below mean lower low water between 10:12 PM EST on the 8th. Farther to the south, the water level at the Cape May tidal gage dropped to 1.86 feet below lower low water at 11:06 PM EST on the 8th then bottomed out at 2.13 feet below lower low water between 11:48 PM EST and 11:54 PM EST on the 8th. Blow-out tides begin at 1.80 feet below mean lower low water.",NA,CSV
200901,8,100,200901,9,230,24059,143139,NEW JERSEY,34,2009,January,Astronomical Low Tide,Z,21,CUMBERLAND,34021,PHI,08-JAN-09 01:00:00,EST-5,09-JAN-09 02:30:00,0,0,0,0,0.00K,0.00K,C-MAN Station,NA,NA,NA,NA,NA,NA,NA,NA,NA,NA,NA,NA,NA,NA,NA,NA,NA,NA,NA,NA,NA,"A potent pair of storms moved through the Mid Atlantic and Northeast during the 7th and into the 8th. One potent storm moved across the eastern Great Lakes region during the evening of the 7th, while a secondary potent storm developed along a front off the New Jersey coast. Both of these storms combined into one large and intense storm early on the 8th across the Canadian Maritimes. Behind these storms, much colder air flowed across the region, and this combined with a tightened pressure gradient, which produced strong offshore winds. This caused blow-out tides to occur during the late evening hours of the 8th.||The water level at the Sandy Hook tidal gage dropped to 1.81 feet below mean lower low water at 10:48 PM EST on the 8th then bottomed out at 1.88 feet below mean lower low water at 11:18 PM EST on the 8th. The water level at the Barnegat Light tidal gage dropped to 1.80 feet below mean lower low water at 10:54 PM EST on the 8th then bottomed out at 1.86 feet below mean lower low water at 11:18 PM EST on the 8th. The water level at the Atlantic City tidal gage dropped to 1.81 feet below mean lower low water at 9:36 PM EST on the 8th and bottomed out at 2.17 feet below mean lower low water between 10:12 PM EST on the 8th. Farther to the south, the water level at the Cape May tidal gage dropped to 1.86 feet below lower low water at 11:06 PM EST on the 8th then bottomed out at 2.13 feet below lower low water between 11:48 PM EST and 11:54 PM EST on the 8th. Blow-out tides begin at 1.80 feet below mean lower low water.",NA,CSV
200901,8,2230,200901,9,0,24059,143132,NEW JERSEY,34,2009,January,Astronomical Low Tide,Z,14,EASTERN MONMOUTH,34014,PHI,08-JAN-09 22:30:00,EST-5,09-JAN-09 00:00:00,0,0,0,0,0.00K,0.00K,C-MAN Station,NA,NA,NA,NA,NA,NA,NA,NA,NA,NA,NA,NA,NA,NA,NA,NA,NA,NA,NA,NA,NA,"A potent pair of storms moved through the Mid Atlantic and Northeast during the 7th and into the 8th. One potent storm moved across the eastern Great Lakes region during the evening of the 7th, while a secondary potent storm developed along a front off the New Jersey coast. Both of these storms combined into one large and intense storm early on the 8th across the Canadian Maritimes. Behind these storms, much colder air flowed across the region, and this combined with a tightened pressure gradient, which produced strong offshore winds. This caused blow-out tides to occur during the late evening hours of the 8th.||The water level at the Sandy Hook tidal gage dropped to 1.81 feet below mean lower low water at 10:48 PM EST on the 8th then bottomed out at 1.88 feet below mean lower low water at 11:18 PM EST on the 8th. The water level at the Barnegat Light tidal gage dropped to 1.80 feet below mean lower low water at 10:54 PM EST on the 8th then bottomed out at 1.86 feet below mean lower low water at 11:18 PM EST on the 8th. The water level at the Atlantic City tidal gage dropped to 1.81 feet below mean lower low water at 9:36 PM EST on the 8th and bottomed out at 2.17 feet below mean lower low water between 10:12 PM EST on the 8th. Farther to the south, the water level at the Cape May tidal gage dropped to 1.86 feet below lower low water at 11:06 PM EST on the 8th then bottomed out at 2.13 feet below lower low water between 11:48 PM EST and 11:54 PM EST on the 8th. Blow-out tides begin at 1.80 feet below mean lower low water.",NA,CSV
200901,8,2300,200901,9,30,24059,143133,NEW JERSEY,34,2009,January,Astronomical Low Tide,Z,13,WESTERN MONMOUTH,34013,PHI,08-JAN-09 23:00:00,EST-5,09-JAN-09 00:30:00,0,0,0,0,0.00K,0.00K,C-MAN Station,NA,NA,NA,NA,NA,NA,NA,NA,NA,NA,NA,NA,NA,NA,NA,NA,NA,NA,NA,NA,NA,"A potent pair of storms moved through the Mid Atlantic and Northeast during the 7th and into the 8th. One potent storm moved across the eastern Great Lakes region during the evening of the 7th, while a secondary potent storm developed along a front off the New Jersey coast. Both of these storms combined into one large and intense storm early on the 8th across the Canadian Maritimes. Behind these storms, much colder air flowed across the region, and this combined with a tightened pressure gradient, which produced strong offshore winds. This caused blow-out tides to occur during the late evening hours of the 8th.||The water level at the Sandy Hook tidal gage dropped to 1.81 feet below mean lower low water at 10:48 PM EST on the 8th then bottomed out at 1.88 feet below mean lower low water at 11:18 PM EST on the 8th. The water level at the Barnegat Light tidal gage dropped to 1.80 feet below mean lower low water at 10:54 PM EST on the 8th then bottomed out at 1.86 feet below mean lower low water at 11:18 PM EST on the 8th. The water level at the Atlantic City tidal gage dropped to 1.81 feet below mean lower low water at 9:36 PM EST on the 8th and bottomed out at 2.17 feet below mean lower low water between 10:12 PM EST on the 8th. Farther to the south, the water level at the Cape May tidal gage dropped to 1.86 feet below lower low water at 11:06 PM EST on the 8th then bottomed out at 2.13 feet below lower low water between 11:48 PM EST and 11:54 PM EST on the 8th. Blow-out tides begin at 1.80 feet below mean lower low water.",NA,CSV
200901,8,2230,200901,9,100,24058,143130,DELAWARE,10,2009,January,Astronomical Low Tide,Z,4,DELAWARE BEACHES,10004,PHI,08-JAN-09 22:30:00,EST-5,09-JAN-09 01:00:00,0,0,0,0,0.00K,0.00K,C-MAN Station,NA,NA,NA,NA,NA,NA,NA,NA,NA,NA,NA,NA,NA,NA,NA,NA,NA,NA,NA,NA,NA,"A potent pair of storms moved through the Mid Atlantic and Northeast during the 7th and into the 8th. One potent storm moved across the eastern Great Lakes region during the evening of the 7th, while a secondary potent storm developed along a front off the New Jersey coast. Both of these storms combined into one large and intense storm early on the 8th across the Canadian Maritimes. Behind these storms, much colder air flowed across the region, and this combined with a tightened pressure gradient, which produced strong offshore winds. This caused blow-out tides to occur during the late evening hours of the 8th and the early morning hours of the 9th.||The water level at the Reedy Point tidal gage dropped to 1.82 feet below mean lower low water at 2:42 AM EST on the 9th then bottomed out at 2.39 feet below mean lower low water at 4:00 AM EST on the 9th. The water level at the Delaware City tidal gage dropped to 1.84 feet below mean lower low water at 2:48 AM EST on the 9th then bottomed out at 2.50 feet below mean lower low water at 4:12 AM EST on the 9th. Meanwhile, further southeast, the water level at the Lewes tidal gage dropped to 1.88 feet below mean lower low water at 10:48 PM EST on the 8th and bottomed out at 2.31 feet below mean lower low water between 11:36 PM EST and 11:42 PM EST on the 8th. Blow-out tides begin at 1.80 feet below mean lower low water.",NA,CSV
201001,30,955,201001,30,955,36022,208546,GEORGIA,13,2010,January,Astronomical Low Tide,Z,154,COASTAL GLYNN,13154,JAX,30-JAN-10 09:55:00,EST-5,30-JAN-10 09:55:00,0,0,0,0,0.00K,0.00K,Emergency Manager,NA,NA,NA,NA,NA,NA,NA,NA,NA,NA,NA,NA,NA,NA,NA,NA,NA,NA,NA,NA,NA,The combination of high astronomical tides and higher than normal river levels along the Altamaha River basin created flooding conditions around the time of high tide.,Water was reported in the parking lot and up to car bumpers near Two Way Fish Camp along the Altamaha River around the time of high tide.,CSV
201012,28,130,201012,28,300,46819,272165,PENNSYLVANIA,42,2010,December,Astronomical Low Tide,Z,71,PHILADELPHIA,42071,PHI,28-DEC-10 01:30:00,EST-5,28-DEC-10 03:00:00,0,0,0,0,0.00K,0.00K,River/Stream Gage,NA,NA,NA,NA,NA,NA,NA,NA,NA,NA,NA,NA,NA,NA,NA,NA,NA,NA,NA,NA,NA,The persistent offshore flow caused by the departed winter storm and an approaching high pressure system caused blow out tides to occur at the time of low tide on the Delaware River and tidal sections of its tributaries overnight on the 27th into the early morning on the 28th. The low tide in Philadelphia reached 1.96 feet below mean lower low water. Blowout tides start at levels lower 1.80 feet below mean lower low water.,NA,CSV
201012,27,2330,201012,28,30,46815,272154,DELAWARE,10,2010,December,Astronomical Low Tide,Z,1,NEW CASTLE,10001,PHI,27-DEC-10 23:30:00,EST-5,28-DEC-10 00:30:00,0,0,0,0,0.00K,0.00K,River/Stream Gage,NA,NA,NA,NA,NA,NA,NA,NA,NA,NA,NA,NA,NA,NA,NA,NA,NA,NA,NA,NA,NA,The persistent offshore flow caused by the departed winter storm and an approaching high pressure system caused blow out tides to occur at the time of low tide on the Delaware River and tidal sections of its tributaries around Midnight EST on the 28th. The low tide at Reedy Point reached 1.90 feet below mean lower low water. Blowout tides start at levels lower than 1.80 feet below mean lower low water.,NA,CSV
201012,27,2330,201012,28,130,46816,272158,NEW JERSEY,34,2010,December,Astronomical Low Tide,Z,16,SALEM,34016,PHI,27-DEC-10 23:30:00,EST-5,28-DEC-10 01:30:00,0,0,0,0,0.00K,0.00K,River/Stream Gage,NA,NA,NA,NA,NA,NA,NA,NA,NA,NA,NA,NA,NA,NA,NA,NA,NA,NA,NA,NA,NA,"The persistent offshore flow caused by the departed winter storm and an approaching high pressure system caused blow out tides to occur at the time of low tide on the Delaware River and tidal sections of its tributaries overnight on the 27th into the early morning on the 28th. The low tide at Reedy Point, Delaware reached minus 1.90 feet below mean lower low water. The low tide in Philadelphia, Pennsylvania reached 1.96 feet below mean lower low water. Blowout tides at both stations start at levels lower than 1.80 feet below mean lower low water.",NA,CSV
201012,28,100,201012,28,200,46816,272159,NEW JERSEY,34,2010,December,Astronomical Low Tide,Z,17,GLOUCESTER,34017,PHI,28-DEC-10 01:00:00,EST-5,28-DEC-10 02:00:00,0,0,0,0,0.00K,0.00K,River/Stream Gage,NA,NA,NA,NA,NA,NA,NA,NA,NA,NA,NA,NA,NA,NA,NA,NA,NA,NA,NA,NA,NA,"The persistent offshore flow caused by the departed winter storm and an approaching high pressure system caused blow out tides to occur at the time of low tide on the Delaware River and tidal sections of its tributaries overnight on the 27th into the early morning on the 28th. The low tide at Reedy Point, Delaware reached minus 1.90 feet below mean lower low water. The low tide in Philadelphia, Pennsylvania reached 1.96 feet below mean lower low water. Blowout tides at both stations start at levels lower than 1.80 feet below mean lower low water.",NA,CSV
201012,28,0,201012,28,200,46819,272163,PENNSYLVANIA,42,2010,December,Astronomical Low Tide,Z,70,DELAWARE,42070,PHI,28-DEC-10 00:00:00,EST-5,28-DEC-10 02:00:00,0,0,0,0,0.00K,0.00K,River/Stream Gage,NA,NA,NA,NA,NA,NA,NA,NA,NA,NA,NA,NA,NA,NA,NA,NA,NA,NA,NA,NA,NA,The persistent offshore flow caused by the departed winter storm and an approaching high pressure system caused blow out tides to occur at the time of low tide on the Delaware River and tidal sections of its tributaries overnight on the 27th into the early morning on the 28th. The low tide in Philadelphia reached 1.96 feet below mean lower low water. Blowout tides start at levels lower 1.80 feet below mean lower low water.,NA,CSV
201012,28,130,201012,28,245,46816,272160,NEW JERSEY,34,2010,December,Astronomical Low Tide,Z,18,CAMDEN,34018,PHI,28-DEC-10 01:30:00,EST-5,28-DEC-10 02:45:00,0,0,0,0,0.00K,0.00K,River/Stream Gage,NA,NA,NA,NA,NA,NA,NA,NA,NA,NA,NA,NA,NA,NA,NA,NA,NA,NA,NA,NA,NA,"The persistent offshore flow caused by the departed winter storm and an approaching high pressure system caused blow out tides to occur at the time of low tide on the Delaware River and tidal sections of its tributaries overnight on the 27th into the early morning on the 28th. The low tide at Reedy Point, Delaware reached minus 1.90 feet below mean lower low water. The low tide in Philadelphia, Pennsylvania reached 1.96 feet below mean lower low water. Blowout tides at both stations start at levels lower than 1.80 feet below mean lower low water.",NA,CSV
201012,28,130,201012,28,300,46816,272162,NEW JERSEY,34,2010,December,Astronomical Low Tide,Z,19,NORTHWESTERN BURLINGTON,34019,PHI,28-DEC-10 01:30:00,EST-5,28-DEC-10 03:00:00,0,0,0,0,0.00K,0.00K,River/Stream Gage,NA,NA,NA,NA,NA,NA,NA,NA,NA,NA,NA,NA,NA,NA,NA,NA,NA,NA,NA,NA,NA,"The persistent offshore flow caused by the departed winter storm and an approaching high pressure system caused blow out tides to occur at the time of low tide on the Delaware River and tidal sections of its tributaries overnight on the 27th into the early morning on the 28th. The low tide at Reedy Point, Delaware reached minus 1.90 feet below mean lower low water. The low tide in Philadelphia, Pennsylvania reached 1.96 feet below mean lower low water. Blowout tides at both stations start at levels lower than 1.80 feet below mean lower low water.",NA,CSV
201001,3,200,201001,3,1800,36141,209619,NEW JERSEY,34,2010,January,Astronomical Low Tide,Z,14,EASTERN MONMOUTH,34014,PHI,03-JAN-10 02:00:00,EST-5,03-JAN-10 18:00:00,0,0,0,0,0.00K,0.00K,C-MAN Station,NA,NA,NA,NA,NA,NA,NA,NA,NA,NA,NA,NA,NA,NA,NA,NA,NA,NA,NA,NA,NA,"The strong and persistent offshore flow coupled with the recent full moon caused blow out tides at the times of low tide along coastal areas of Middlesex and Monmouth Counties with both low tides on the 3rd and along coastal areas of Ocean, Atlantic and Cape May Counties with the late afternoon low tide on the 3rd.  ||The lowest low tides occurred with the late afternoon low tide on the 3rd. That low tide at Sandy Hook (Monmouth County) was 1.78 feet below mean lower low water, at Atlantic City (Atlantic County) was 2.19 feet below mean lower low water, at Cape May Harbor (Cape May County) was 2.72 feet below mean lower low water and at the Cape May Ferry Terminal (Cape May County) was 1.93 feet below mean lower low water. Low water problems start at 1.80 feet below mean lower low water.||The blowout tides were caused by an intense low pressure system that retrograded from the Nova Scotia coastal waters on the afternoon of the 2nd, across Nova Scotia on the evening of the 2nd, into the Gulf of Maine on the morning and afternoon of the 3rd before it started moving east again that evening.",NA,CSV
201001,3,200,201001,3,1800,36141,209621,NEW JERSEY,34,2010,January,Astronomical Low Tide,Z,12,MIDDLESEX,34012,PHI,03-JAN-10 02:00:00,EST-5,03-JAN-10 18:00:00,0,0,0,0,0.00K,0.00K,C-MAN Station,NA,NA,NA,NA,NA,NA,NA,NA,NA,NA,NA,NA,NA,NA,NA,NA,NA,NA,NA,NA,NA,"The strong and persistent offshore flow coupled with the recent full moon caused blow out tides at the times of low tide along coastal areas of Middlesex and Monmouth Counties with both low tides on the 3rd and along coastal areas of Ocean, Atlantic and Cape May Counties with the late afternoon low tide on the 3rd.  ||The lowest low tides occurred with the late afternoon low tide on the 3rd. That low tide at Sandy Hook (Monmouth County) was 1.78 feet below mean lower low water, at Atlantic City (Atlantic County) was 2.19 feet below mean lower low water, at Cape May Harbor (Cape May County) was 2.72 feet below mean lower low water and at the Cape May Ferry Terminal (Cape May County) was 1.93 feet below mean lower low water. Low water problems start at 1.80 feet below mean lower low water.||The blowout tides were caused by an intense low pressure system that retrograded from the Nova Scotia coastal waters on the afternoon of the 2nd, across Nova Scotia on the evening of the 2nd, into the Gulf of Maine on the morning and afternoon of the 3rd before it started moving east again that evening.",NA,CSV
201001,3,1400,201001,3,1800,34791,209602,DELAWARE,10,2010,January,Astronomical Low Tide,Z,3,INLAND SUSSEX,10003,PHI,03-JAN-10 14:00:00,EST-5,03-JAN-10 18:00:00,0,0,0,0,0.00K,0.00K,C-MAN Station,NA,NA,NA,NA,NA,NA,NA,NA,NA,NA,NA,NA,NA,NA,NA,NA,NA,NA,NA,NA,NA,"The strong and persistent offshore flow coupled with the recent full moon caused blow out tides at the times of low tide in Sussex County during the late afternoon of the 3rd and along tidal sections of the Delaware River and its tributaries as well as upper Delaware Bay from the evening of the 2nd into the evening of the 3rd. ||The lowest low tides occurred with the afternoon and evening low tide on the 3rd. That low tide in Lewes (Sussex County) was 2.37 feet below mean lower low water, at Reedy Island (New Castle County) was 3.05 feet below mean lower low water and at Delaware City (New Castle County) was 3.22 feet below mean lower low water. Low water problems start at 1.80 feet below mean lower low water.||The blowout tides were caused by an intense low pressure system that retrograded from the Nova Scotia coastal waters on the afternoon of the 2nd, across Nova Scotia on the evening of the 2nd, into the Gulf of Maine on the morning and afternoon of the 3rd before it started moving east again that evening.",NA,CSV
201001,2,1600,201001,3,2200,34791,209601,DELAWARE,10,2010,January,Astronomical Low Tide,Z,2,KENT,10002,PHI,02-JAN-10 16:00:00,EST-5,03-JAN-10 22:00:00,0,0,0,0,0.00K,0.00K,C-MAN Station,NA,NA,NA,NA,NA,NA,NA,NA,NA,NA,NA,NA,NA,NA,NA,NA,NA,NA,NA,NA,NA,"The strong and persistent offshore flow coupled with the recent full moon caused blow out tides at the times of low tide in Sussex County during the late afternoon of the 3rd and along tidal sections of the Delaware River and its tributaries as well as upper Delaware Bay from the evening of the 2nd into the evening of the 3rd. ||The lowest low tides occurred with the afternoon and evening low tide on the 3rd. That low tide in Lewes (Sussex County) was 2.37 feet below mean lower low water, at Reedy Island (New Castle County) was 3.05 feet below mean lower low water and at Delaware City (New Castle County) was 3.22 feet below mean lower low water. Low water problems start at 1.80 feet below mean lower low water.||The blowout tides were caused by an intense low pressure system that retrograded from the Nova Scotia coastal waters on the afternoon of the 2nd, across Nova Scotia on the evening of the 2nd, into the Gulf of Maine on the morning and afternoon of the 3rd before it started moving east again that evening.",NA,CSV
201001,3,200,201001,3,1800,36141,209620,NEW JERSEY,34,2010,January,Astronomical Low Tide,Z,13,WESTERN MONMOUTH,34013,PHI,03-JAN-10 02:00:00,EST-5,03-JAN-10 18:00:00,0,0,0,0,0.00K,0.00K,C-MAN Station,NA,NA,NA,NA,NA,NA,NA,NA,NA,NA,NA,NA,NA,NA,NA,NA,NA,NA,NA,NA,NA,"The strong and persistent offshore flow coupled with the recent full moon caused blow out tides at the times of low tide along coastal areas of Middlesex and Monmouth Counties with both low tides on the 3rd and along coastal areas of Ocean, Atlantic and Cape May Counties with the late afternoon low tide on the 3rd.  ||The lowest low tides occurred with the late afternoon low tide on the 3rd. That low tide at Sandy Hook (Monmouth County) was 1.78 feet below mean lower low water, at Atlantic City (Atlantic County) was 2.19 feet below mean lower low water, at Cape May Harbor (Cape May County) was 2.72 feet below mean lower low water and at the Cape May Ferry Terminal (Cape May County) was 1.93 feet below mean lower low water. Low water problems start at 1.80 feet below mean lower low water.||The blowout tides were caused by an intense low pressure system that retrograded from the Nova Scotia coastal waters on the afternoon of the 2nd, across Nova Scotia on the evening of the 2nd, into the Gulf of Maine on the morning and afternoon of the 3rd before it started moving east again that evening.",NA,CSV
201001,3,1400,201001,3,1800,34791,209603,DELAWARE,10,2010,January,Astronomical Low Tide,Z,4,DELAWARE BEACHES,10004,PHI,03-JAN-10 14:00:00,EST-5,03-JAN-10 18:00:00,0,0,0,0,0.00K,0.00K,C-MAN Station,NA,NA,NA,NA,NA,NA,NA,NA,NA,NA,NA,NA,NA,NA,NA,NA,NA,NA,NA,NA,NA,"The strong and persistent offshore flow coupled with the recent full moon caused blow out tides at the times of low tide in Sussex County during the late afternoon of the 3rd and along tidal sections of the Delaware River and its tributaries as well as upper Delaware Bay from the evening of the 2nd into the evening of the 3rd. ||The lowest low tides occurred with the afternoon and evening low tide on the 3rd. That low tide in Lewes (Sussex County) was 2.37 feet below mean lower low water, at Reedy Island (New Castle County) was 3.05 feet below mean lower low water and at Delaware City (New Castle County) was 3.22 feet below mean lower low water. Low water problems start at 1.80 feet below mean lower low water.||The blowout tides were caused by an intense low pressure system that retrograded from the Nova Scotia coastal waters on the afternoon of the 2nd, across Nova Scotia on the evening of the 2nd, into the Gulf of Maine on the morning and afternoon of the 3rd before it started moving east again that evening.",NA,CSV
201001,8,300,201001,8,300,36240,210124,LOUISIANA,22,2010,January,Astronomical Low Tide,Z,41,CALCASIEU,22041,LCH,08-JAN-10 03:00:00,CST-6,08-JAN-10 03:00:00,0,0,0,0,0.00K,0.00K,Official NWS Observations,NA,NA,NA,NA,NA,NA,NA,NA,NA,NA,NA,NA,NA,NA,NA,NA,NA,NA,NA,NA,NA,Strong northerly winds associated with an arctic cold front caused unusually low tides along the southern Louisiana coast.  Tide levels of -2 to -3 feet MLLW were recorded.,Calcasieu Pass NOS Tide Gauge measured a low tide level of -2.02 feet MLLW.,CSV
201001,8,824,201001,8,824,36240,210125,LOUISIANA,22,2010,January,Astronomical Low Tide,Z,54,ST. MARY,22054,LCH,08-JAN-10 08:24:00,CST-6,08-JAN-10 08:24:00,0,0,0,0,0.00K,0.00K,Official NWS Observations,NA,NA,NA,NA,NA,NA,NA,NA,NA,NA,NA,NA,NA,NA,NA,NA,NA,NA,NA,NA,NA,Strong northerly winds associated with an arctic cold front caused unusually low tides along the southern Louisiana coast.  Tide levels of -2 to -3 feet MLLW were recorded.,Cypremort Point NOS Tide Gauge measured a low tide level of -2.35 feet MLLW.,CSV
201001,2,1800,201001,3,2300,34792,209608,NEW JERSEY,34,2010,January,Astronomical Low Tide,Z,16,SALEM,34016,PHI,02-JAN-10 18:00:00,EST-5,03-JAN-10 23:00:00,0,0,0,0,0.00K,0.00K,C-MAN Station,NA,NA,NA,NA,NA,NA,NA,NA,NA,NA,NA,NA,NA,NA,NA,NA,NA,NA,NA,NA,NA,"The strong and persistent offshore flow coupled with the recent full moon caused blow out tides at the times of low tide along tidal sections of the Delaware River and its tributaries as well as upper Delaware Bay from the evening of the 2nd into the overnight of the 3rd.||The lowest low tides occurred with the evening low tide on the 3rd. That low tide at Reedy Island (New Castle County, Delaware) was 3.05 feet below mean lower low water, at Delaware City (New Castle County, Delaware) was 3.22 feet below mean lower low water, in Philadelphia was 3.06 feet below mean lower low water and in Burlington (Burlington County) was 3.00 feet below mean lower low water. Low water problems start at 1.80 feet below mean lower low water.||The blowout tides were caused by an intense low pressure system that retrograded from the Nova Scotia coastal waters on the afternoon of the 2nd, across Nova Scotia on the evening of the 2nd, into the Gulf of Maine on the morning and afternoon of the 3rd before it started moving east again that evening.",NA,CSV
201001,2,1830,201001,3,2330,34792,209610,NEW JERSEY,34,2010,January,Astronomical Low Tide,Z,17,GLOUCESTER,34017,PHI,02-JAN-10 18:30:00,EST-5,03-JAN-10 23:30:00,0,0,0,0,0.00K,0.00K,C-MAN Station,NA,NA,NA,NA,NA,NA,NA,NA,NA,NA,NA,NA,NA,NA,NA,NA,NA,NA,NA,NA,NA,"The strong and persistent offshore flow coupled with the recent full moon caused blow out tides at the times of low tide along tidal sections of the Delaware River and its tributaries as well as upper Delaware Bay from the evening of the 2nd into the overnight of the 3rd.||The lowest low tides occurred with the evening low tide on the 3rd. That low tide at Reedy Island (New Castle County, Delaware) was 3.05 feet below mean lower low water, at Delaware City (New Castle County, Delaware) was 3.22 feet below mean lower low water, in Philadelphia was 3.06 feet below mean lower low water and in Burlington (Burlington County) was 3.00 feet below mean lower low water. Low water problems start at 1.80 feet below mean lower low water.||The blowout tides were caused by an intense low pressure system that retrograded from the Nova Scotia coastal waters on the afternoon of the 2nd, across Nova Scotia on the evening of the 2nd, into the Gulf of Maine on the morning and afternoon of the 3rd before it started moving east again that evening.",NA,CSV
201001,8,212,201001,8,212,36240,210123,LOUISIANA,22,2010,January,Astronomical Low Tide,Z,52,VERMILION,22052,LCH,08-JAN-10 02:12:00,CST-6,08-JAN-10 02:12:00,0,0,0,0,0.00K,0.00K,Official NWS Observations,NA,NA,NA,NA,NA,NA,NA,NA,NA,NA,NA,NA,NA,NA,NA,NA,NA,NA,NA,NA,NA,Strong northerly winds associated with an arctic cold front caused unusually low tides along the southern Louisiana coast.  Tide levels of -2 to -3 feet MLLW were recorded.,Freshwater Canal Locks NOS Tide Gauge measured a low tide level of -2.96 feet MLLW.,CSV
201001,2,1800,201001,3,2300,34791,209600,DELAWARE,10,2010,January,Astronomical Low Tide,Z,1,NEW CASTLE,10001,PHI,02-JAN-10 18:00:00,EST-5,03-JAN-10 23:00:00,0,0,0,0,0.00K,0.00K,C-MAN Station,NA,NA,NA,NA,NA,NA,NA,NA,NA,NA,NA,NA,NA,NA,NA,NA,NA,NA,NA,NA,NA,"The strong and persistent offshore flow coupled with the recent full moon caused blow out tides at the times of low tide in Sussex County during the late afternoon of the 3rd and along tidal sections of the Delaware River and its tributaries as well as upper Delaware Bay from the evening of the 2nd into the evening of the 3rd. ||The lowest low tides occurred with the afternoon and evening low tide on the 3rd. That low tide in Lewes (Sussex County) was 2.37 feet below mean lower low water, at Reedy Island (New Castle County) was 3.05 feet below mean lower low water and at Delaware City (New Castle County) was 3.22 feet below mean lower low water. Low water problems start at 1.80 feet below mean lower low water.||The blowout tides were caused by an intense low pressure system that retrograded from the Nova Scotia coastal waters on the afternoon of the 2nd, across Nova Scotia on the evening of the 2nd, into the Gulf of Maine on the morning and afternoon of the 3rd before it started moving east again that evening.",NA,CSV
201001,2,1900,201001,4,0,34794,209613,PENNSYLVANIA,42,2010,January,Astronomical Low Tide,Z,70,DELAWARE,42070,PHI,02-JAN-10 19:00:00,EST-5,04-JAN-10 00:00:00,0,0,0,0,0.00K,0.00K,C-MAN Station,NA,NA,NA,NA,NA,NA,NA,NA,NA,NA,NA,NA,NA,NA,NA,NA,NA,NA,NA,NA,NA,"The strong and persistent offshore flow coupled with the recent full moon caused blow out tides at the times of low tide along tidal sections of the Delaware River and its tributaries from the evening of the 2nd into the overnight of the 3rd. The lowest low tides occurred with the evening low tide on the 3rd. That low tide in Philadelphia was 3.06 feet below mean lower low water. Low water problems start at 1.80 feet below mean lower low water.||The blowout tides were caused by an intense low pressure system that retrograded from the Nova Scotia coastal waters on the afternoon of the 2nd, across Nova Scotia on the evening of the 2nd, into the Gulf of Maine on the morning and afternoon of the 3rd before it started moving east again that evening.",NA,CSV
201001,2,2000,201001,4,100,34794,209614,PENNSYLVANIA,42,2010,January,Astronomical Low Tide,Z,71,PHILADELPHIA,42071,PHI,02-JAN-10 20:00:00,EST-5,04-JAN-10 01:00:00,0,0,0,0,0.00K,0.00K,C-MAN Station,NA,NA,NA,NA,NA,NA,NA,NA,NA,NA,NA,NA,NA,NA,NA,NA,NA,NA,NA,NA,NA,"The strong and persistent offshore flow coupled with the recent full moon caused blow out tides at the times of low tide along tidal sections of the Delaware River and its tributaries from the evening of the 2nd into the overnight of the 3rd. The lowest low tides occurred with the evening low tide on the 3rd. That low tide in Philadelphia was 3.06 feet below mean lower low water. Low water problems start at 1.80 feet below mean lower low water.||The blowout tides were caused by an intense low pressure system that retrograded from the Nova Scotia coastal waters on the afternoon of the 2nd, across Nova Scotia on the evening of the 2nd, into the Gulf of Maine on the morning and afternoon of the 3rd before it started moving east again that evening.",NA,CSV
201001,2,1700,201001,3,2200,34792,209607,NEW JERSEY,34,2010,January,Astronomical Low Tide,Z,21,CUMBERLAND,34021,PHI,02-JAN-10 17:00:00,EST-5,03-JAN-10 22:00:00,0,0,0,0,0.00K,0.00K,C-MAN Station,NA,NA,NA,NA,NA,NA,NA,NA,NA,NA,NA,NA,NA,NA,NA,NA,NA,NA,NA,NA,NA,"The strong and persistent offshore flow coupled with the recent full moon caused blow out tides at the times of low tide along tidal sections of the Delaware River and its tributaries as well as upper Delaware Bay from the evening of the 2nd into the overnight of the 3rd.||The lowest low tides occurred with the evening low tide on the 3rd. That low tide at Reedy Island (New Castle County, Delaware) was 3.05 feet below mean lower low water, at Delaware City (New Castle County, Delaware) was 3.22 feet below mean lower low water, in Philadelphia was 3.06 feet below mean lower low water and in Burlington (Burlington County) was 3.00 feet below mean lower low water. Low water problems start at 1.80 feet below mean lower low water.||The blowout tides were caused by an intense low pressure system that retrograded from the Nova Scotia coastal waters on the afternoon of the 2nd, across Nova Scotia on the evening of the 2nd, into the Gulf of Maine on the morning and afternoon of the 3rd before it started moving east again that evening.",NA,CSV
201001,2,2000,201001,4,100,34792,209611,NEW JERSEY,34,2010,January,Astronomical Low Tide,Z,18,CAMDEN,34018,PHI,02-JAN-10 20:00:00,EST-5,04-JAN-10 01:00:00,0,0,0,0,0.00K,0.00K,C-MAN Station,NA,NA,NA,NA,NA,NA,NA,NA,NA,NA,NA,NA,NA,NA,NA,NA,NA,NA,NA,NA,NA,"The strong and persistent offshore flow coupled with the recent full moon caused blow out tides at the times of low tide along tidal sections of the Delaware River and its tributaries as well as upper Delaware Bay from the evening of the 2nd into the overnight of the 3rd.||The lowest low tides occurred with the evening low tide on the 3rd. That low tide at Reedy Island (New Castle County, Delaware) was 3.05 feet below mean lower low water, at Delaware City (New Castle County, Delaware) was 3.22 feet below mean lower low water, in Philadelphia was 3.06 feet below mean lower low water and in Burlington (Burlington County) was 3.00 feet below mean lower low water. Low water problems start at 1.80 feet below mean lower low water.||The blowout tides were caused by an intense low pressure system that retrograded from the Nova Scotia coastal waters on the afternoon of the 2nd, across Nova Scotia on the evening of the 2nd, into the Gulf of Maine on the morning and afternoon of the 3rd before it started moving east again that evening.",NA,CSV
201001,2,2100,201001,4,200,34792,209612,NEW JERSEY,34,2010,January,Astronomical Low Tide,Z,19,NORTHWESTERN BURLINGTON,34019,PHI,02-JAN-10 21:00:00,EST-5,04-JAN-10 02:00:00,0,0,0,0,0.00K,0.00K,C-MAN Station,NA,NA,NA,NA,NA,NA,NA,NA,NA,NA,NA,NA,NA,NA,NA,NA,NA,NA,NA,NA,NA,"The strong and persistent offshore flow coupled with the recent full moon caused blow out tides at the times of low tide along tidal sections of the Delaware River and its tributaries as well as upper Delaware Bay from the evening of the 2nd into the overnight of the 3rd.||The lowest low tides occurred with the evening low tide on the 3rd. That low tide at Reedy Island (New Castle County, Delaware) was 3.05 feet below mean lower low water, at Delaware City (New Castle County, Delaware) was 3.22 feet below mean lower low water, in Philadelphia was 3.06 feet below mean lower low water and in Burlington (Burlington County) was 3.00 feet below mean lower low water. Low water problems start at 1.80 feet below mean lower low water.||The blowout tides were caused by an intense low pressure system that retrograded from the Nova Scotia coastal waters on the afternoon of the 2nd, across Nova Scotia on the evening of the 2nd, into the Gulf of Maine on the morning and afternoon of the 3rd before it started moving east again that evening.",NA,CSV
201001,8,400,201001,8,400,36242,210127,TEXAS,48,2010,January,Astronomical Low Tide,Z,215,JEFFERSON,48215,LCH,08-JAN-10 04:00:00,CST-6,08-JAN-10 04:00:00,0,0,0,0,0.00K,0.00K,Official NWS Observations,NA,NA,NA,NA,NA,NA,NA,NA,NA,NA,NA,NA,NA,NA,NA,NA,NA,NA,NA,NA,NA,Strong northerly winds associated with an arctic cold front caused unusually low tides along the southeast Texas coast.  Tide levels of -2 to -3 feet MLLW were recorded.,Sabine Pass NOS Tide Gauge measured a low tide level of -2.71 feet MLLW.,CSV
201001,3,1300,201001,3,1700,36141,209615,NEW JERSEY,34,2010,January,Astronomical Low Tide,Z,25,EASTERN ATLANTIC,34025,PHI,03-JAN-10 13:00:00,EST-5,03-JAN-10 17:00:00,0,0,0,0,0.00K,0.00K,C-MAN Station,NA,NA,NA,NA,NA,NA,NA,NA,NA,NA,NA,NA,NA,NA,NA,NA,NA,NA,NA,NA,NA,"The strong and persistent offshore flow coupled with the recent full moon caused blow out tides at the times of low tide along coastal areas of Middlesex and Monmouth Counties with both low tides on the 3rd and along coastal areas of Ocean, Atlantic and Cape May Counties with the late afternoon low tide on the 3rd.  ||The lowest low tides occurred with the late afternoon low tide on the 3rd. That low tide at Sandy Hook (Monmouth County) was 1.78 feet below mean lower low water, at Atlantic City (Atlantic County) was 2.19 feet below mean lower low water, at Cape May Harbor (Cape May County) was 2.72 feet below mean lower low water and at the Cape May Ferry Terminal (Cape May County) was 1.93 feet below mean lower low water. Low water problems start at 1.80 feet below mean lower low water.||The blowout tides were caused by an intense low pressure system that retrograded from the Nova Scotia coastal waters on the afternoon of the 2nd, across Nova Scotia on the evening of the 2nd, into the Gulf of Maine on the morning and afternoon of the 3rd before it started moving east again that evening.",NA,CSV
201001,3,1400,201001,3,1800,36141,209616,NEW JERSEY,34,2010,January,Astronomical Low Tide,Z,24,EASTERN CAPE MAY,34024,PHI,03-JAN-10 14:00:00,EST-5,03-JAN-10 18:00:00,0,0,0,0,0.00K,0.00K,C-MAN Station,NA,NA,NA,NA,NA,NA,NA,NA,NA,NA,NA,NA,NA,NA,NA,NA,NA,NA,NA,NA,NA,"The strong and persistent offshore flow coupled with the recent full moon caused blow out tides at the times of low tide along coastal areas of Middlesex and Monmouth Counties with both low tides on the 3rd and along coastal areas of Ocean, Atlantic and Cape May Counties with the late afternoon low tide on the 3rd.  ||The lowest low tides occurred with the late afternoon low tide on the 3rd. That low tide at Sandy Hook (Monmouth County) was 1.78 feet below mean lower low water, at Atlantic City (Atlantic County) was 2.19 feet below mean lower low water, at Cape May Harbor (Cape May County) was 2.72 feet below mean lower low water and at the Cape May Ferry Terminal (Cape May County) was 1.93 feet below mean lower low water. Low water problems start at 1.80 feet below mean lower low water.||The blowout tides were caused by an intense low pressure system that retrograded from the Nova Scotia coastal waters on the afternoon of the 2nd, across Nova Scotia on the evening of the 2nd, into the Gulf of Maine on the morning and afternoon of the 3rd before it started moving east again that evening.",NA,CSV
201001,15,1354,201001,15,1518,36244,210139,LOUISIANA,22,2010,January,Astronomical Low Tide,Z,41,CALCASIEU,22041,LCH,15-JAN-10 13:54:00,CST-6,15-JAN-10 15:18:00,0,0,0,0,0.00K,0.00K,Official NWS Observations,NA,NA,NA,NA,NA,NA,NA,NA,NA,NA,NA,NA,NA,NA,NA,NA,NA,NA,NA,NA,NA,A strong mesolow developed within a coastal trough along the Texas coast during the morning hours and then moved northeastward across the northwestern Gulf of Mexico into southern Louisiana during the afternoon. Strong winds up to 51 mph and rapid changes in tides were reported along the southern Louisiana coast.,"At 224 PM CST, the Calcasieu Pass NOS Tide Gauge measured maximum sustained winds of 39 mph with a peak wind gust of 48 mph. Around the same time, the Calcasieu Pass NOS Tide Gauge fell from 2.1 feet MLLW at 154 PM CST to -0.15 feet MLLW at 236 PM CST, then rose to 3.06 feet MLLW at 318 PM CST. Total time span of the tidal event was 84 minutes.",CSV
201001,15,1624,201001,15,1700,36244,210140,LOUISIANA,22,2010,January,Astronomical Low Tide,Z,52,VERMILION,22052,LCH,15-JAN-10 16:24:00,CST-6,15-JAN-10 17:00:00,0,0,0,0,0.00K,0.00K,Official NWS Observations,NA,NA,NA,NA,NA,NA,NA,NA,NA,NA,NA,NA,NA,NA,NA,NA,NA,NA,NA,NA,NA,A strong mesolow developed within a coastal trough along the Texas coast during the morning hours and then moved northeastward across the northwestern Gulf of Mexico into southern Louisiana during the afternoon. Strong winds up to 51 mph and rapid changes in tides were reported along the southern Louisiana coast.,"Freshwater Canal Locks NOS Tide Gauge fell from 2.56 feet MLLW at 424 PM CST to -1.55 feet MLLW at 448 PM CST, then rose to 3.66 feet MLLW at 500 PM CST. Total time span of the tidal event was 36 minutes.",CSV
201001,3,1400,201001,3,1800,36141,209617,NEW JERSEY,34,2010,January,Astronomical Low Tide,Z,23,WESTERN CAPE MAY,34023,PHI,03-JAN-10 14:00:00,EST-5,03-JAN-10 18:00:00,0,0,0,0,0.00K,0.00K,C-MAN Station,NA,NA,NA,NA,NA,NA,NA,NA,NA,NA,NA,NA,NA,NA,NA,NA,NA,NA,NA,NA,NA,"The strong and persistent offshore flow coupled with the recent full moon caused blow out tides at the times of low tide along coastal areas of Middlesex and Monmouth Counties with both low tides on the 3rd and along coastal areas of Ocean, Atlantic and Cape May Counties with the late afternoon low tide on the 3rd.  ||The lowest low tides occurred with the late afternoon low tide on the 3rd. That low tide at Sandy Hook (Monmouth County) was 1.78 feet below mean lower low water, at Atlantic City (Atlantic County) was 2.19 feet below mean lower low water, at Cape May Harbor (Cape May County) was 2.72 feet below mean lower low water and at the Cape May Ferry Terminal (Cape May County) was 1.93 feet below mean lower low water. Low water problems start at 1.80 feet below mean lower low water.||The blowout tides were caused by an intense low pressure system that retrograded from the Nova Scotia coastal waters on the afternoon of the 2nd, across Nova Scotia on the evening of the 2nd, into the Gulf of Maine on the morning and afternoon of the 3rd before it started moving east again that evening.",NA,CSV
201001,3,1300,201001,3,1700,36141,209618,NEW JERSEY,34,2010,January,Astronomical Low Tide,Z,26,EASTERN OCEAN,34026,PHI,03-JAN-10 13:00:00,EST-5,03-JAN-10 17:00:00,0,0,0,0,0.00K,0.00K,C-MAN Station,NA,NA,NA,NA,NA,NA,NA,NA,NA,NA,NA,NA,NA,NA,NA,NA,NA,NA,NA,NA,NA,"The strong and persistent offshore flow coupled with the recent full moon caused blow out tides at the times of low tide along coastal areas of Middlesex and Monmouth Counties with both low tides on the 3rd and along coastal areas of Ocean, Atlantic and Cape May Counties with the late afternoon low tide on the 3rd.  ||The lowest low tides occurred with the late afternoon low tide on the 3rd. That low tide at Sandy Hook (Monmouth County) was 1.78 feet below mean lower low water, at Atlantic City (Atlantic County) was 2.19 feet below mean lower low water, at Cape May Harbor (Cape May County) was 2.72 feet below mean lower low water and at the Cape May Ferry Terminal (Cape May County) was 1.93 feet below mean lower low water. Low water problems start at 1.80 feet below mean lower low water.||The blowout tides were caused by an intense low pressure system that retrograded from the Nova Scotia coastal waters on the afternoon of the 2nd, across Nova Scotia on the evening of the 2nd, into the Gulf of Maine on the morning and afternoon of the 3rd before it started moving east again that evening.",NA,CSV
201003,21,1230,201003,21,1230,37878,220401,LOUISIANA,22,2010,March,Astronomical Low Tide,Z,52,VERMILION,22052,LCH,21-MAR-10 12:30:00,CST-6,21-MAR-10 12:30:00,0,0,0,0,0.00K,0.00K,Official NWS Observations,NA,NA,NA,NA,NA,NA,NA,NA,NA,NA,NA,NA,NA,NA,NA,NA,NA,NA,NA,NA,NA,"A strong cold front moved southward across southwest Louisiana on March 20, bringing scattered sleet and snow flurries to portions of central Louisiana from late on March 20 into much of the day on March 21. No accumulation was seen as temperatures remained well above freezing. Strong northerly winds behind the cold front brought unusually low tides to the southwest Louisiana coast for several days, with tides as much as 2 to 3 feet below normal.",Freshwater Canal Locks NOS Tide Gauge measured a low tide level of -2.97 feet MLLW.,CSV
201003,21,2200,201003,21,2200,37878,220402,LOUISIANA,22,2010,March,Astronomical Low Tide,Z,52,VERMILION,22052,LCH,21-MAR-10 22:00:00,CST-6,21-MAR-10 22:00:00,0,0,0,0,0.00K,0.00K,Official NWS Observations,NA,NA,NA,NA,NA,NA,NA,NA,NA,NA,NA,NA,NA,NA,NA,NA,NA,NA,NA,NA,NA,"A strong cold front moved southward across southwest Louisiana on March 20, bringing scattered sleet and snow flurries to portions of central Louisiana from late on March 20 into much of the day on March 21. No accumulation was seen as temperatures remained well above freezing. Strong northerly winds behind the cold front brought unusually low tides to the southwest Louisiana coast for several days, with tides as much as 2 to 3 feet below normal.",Freshwater Canal Locks NOS Tide Gauge measured a low tide level of -2.50 feet MLLW.,CSV
201003,22,106,201003,22,106,37878,220403,LOUISIANA,22,2010,March,Astronomical Low Tide,Z,51,CAMERON,22051,LCH,22-MAR-10 01:06:00,CST-6,22-MAR-10 01:06:00,0,0,0,0,0.00K,0.00K,Official NWS Observations,NA,NA,NA,NA,NA,NA,NA,NA,NA,NA,NA,NA,NA,NA,NA,NA,NA,NA,NA,NA,NA,"A strong cold front moved southward across southwest Louisiana on March 20, bringing scattered sleet and snow flurries to portions of central Louisiana from late on March 20 into much of the day on March 21. No accumulation was seen as temperatures remained well above freezing. Strong northerly winds behind the cold front brought unusually low tides to the southwest Louisiana coast for several days, with tides as much as 2 to 3 feet below normal.",Calcasieu Pass NOS Tide Gauge measured a low tide level of -2.32 feet MLLW.,CSV
201003,22,454,201003,22,454,37878,220404,LOUISIANA,22,2010,March,Astronomical Low Tide,Z,41,CALCASIEU,22041,LCH,22-MAR-10 04:54:00,CST-6,22-MAR-10 04:54:00,0,0,0,0,0.00K,0.00K,Official NWS Observations,NA,NA,NA,NA,NA,NA,NA,NA,NA,NA,NA,NA,NA,NA,NA,NA,NA,NA,NA,NA,NA,"A strong cold front moved southward across southwest Louisiana on March 20, bringing scattered sleet and snow flurries to portions of central Louisiana from late on March 20 into much of the day on March 21. No accumulation was seen as temperatures remained well above freezing. Strong northerly winds behind the cold front brought unusually low tides to the southwest Louisiana coast for several days, with tides as much as 2 to 3 feet below normal.","Lake Charles NOS Tide Gauge measured a low tide level of -2.61 feet MLLW, which is the lowest possible reading of this particular gauge.",CSV
201003,22,548,201003,22,548,37878,220405,LOUISIANA,22,2010,March,Astronomical Low Tide,Z,54,ST. MARY,22054,LCH,22-MAR-10 05:48:00,CST-6,22-MAR-10 05:48:00,0,0,0,0,0.00K,0.00K,Official NWS Observations,NA,NA,NA,NA,NA,NA,NA,NA,NA,NA,NA,NA,NA,NA,NA,NA,NA,NA,NA,NA,NA,"A strong cold front moved southward across southwest Louisiana on March 20, bringing scattered sleet and snow flurries to portions of central Louisiana from late on March 20 into much of the day on March 21. No accumulation was seen as temperatures remained well above freezing. Strong northerly winds behind the cold front brought unusually low tides to the southwest Louisiana coast for several days, with tides as much as 2 to 3 feet below normal.",Cypremort Point NOS Tide Gauge measured a low tide level of -2.29 feet MLLW.,CSV
201003,21,130,201003,21,130,37877,220398,TEXAS,48,2010,March,Astronomical Low Tide,Z,215,JEFFERSON,48215,LCH,21-MAR-10 01:30:00,CST-6,21-MAR-10 01:30:00,0,0,0,0,0.00K,0.00K,Official NWS Observations,NA,NA,NA,NA,NA,NA,NA,NA,NA,NA,NA,NA,NA,NA,NA,NA,NA,NA,NA,NA,NA,"A strong cold front moved southward across southeast Texas on March 20th, bringing scattered sleet and snow flurries to portions of the Lakes region. No accumulation was reported as temperatures remained well above freezing. Strong northerly winds behind the cold front brought unusually low tides to the southeast Texas coast for several days, with tides as much as 3 to 4 feet below normal.",Sabine Pass NOS Tide Gauge measured a low tide level of -3.01 feet MLLW.,CSV
201003,21,154,201003,21,154,37877,220399,TEXAS,48,2010,March,Astronomical Low Tide,Z,215,JEFFERSON,48215,LCH,21-MAR-10 01:54:00,CST-6,21-MAR-10 01:54:00,0,0,0,0,0.00K,0.00K,Official NWS Observations,NA,NA,NA,NA,NA,NA,NA,NA,NA,NA,NA,NA,NA,NA,NA,NA,NA,NA,NA,NA,NA,"A strong cold front moved southward across southeast Texas on March 20th, bringing scattered sleet and snow flurries to portions of the Lakes region. No accumulation was reported as temperatures remained well above freezing. Strong northerly winds behind the cold front brought unusually low tides to the southeast Texas coast for several days, with tides as much as 3 to 4 feet below normal.",Sabine Pass NOS Tide Gauge measured a low tide level of -3.31 feet MLLW.,CSV
201003,21,1212,201003,21,1212,37878,220400,LOUISIANA,22,2010,March,Astronomical Low Tide,Z,51,CAMERON,22051,LCH,21-MAR-10 12:12:00,CST-6,21-MAR-10 12:12:00,0,0,0,0,0.00K,0.00K,Official NWS Observations,NA,NA,NA,NA,NA,NA,NA,NA,NA,NA,NA,NA,NA,NA,NA,NA,NA,NA,NA,NA,NA,"A strong cold front moved southward across southwest Louisiana on March 20, bringing scattered sleet and snow flurries to portions of central Louisiana from late on March 20 into much of the day on March 21. No accumulation was seen as temperatures remained well above freezing. Strong northerly winds behind the cold front brought unusually low tides to the southwest Louisiana coast for several days, with tides as much as 2 to 3 feet below normal.",Calcasieu Pass NOS Tide Gauge measured a low tide level of -2.64 feet MLLW.,CSV
201102,15,200,201102,15,500,46993,273511,PENNSYLVANIA,42,2011,February,Astronomical Low Tide,Z,70,DELAWARE,42070,PHI,15-FEB-11 02:00:00,EST-5,15-FEB-11 05:00:00,0,0,0,0,0.00K,0.00K,River/Stream Gage,NA,NA,NA,NA,NA,NA,NA,NA,NA,NA,NA,NA,NA,NA,NA,NA,NA,NA,NA,NA,NA,The strong west to northwest winds that persisted overnight on the 14th caused blowout tides and low water problems around the times of low tide early Friday morning on the 15th along the Delaware River and tidal sections of its tributaries. The low tide in Philadelphia reached 2.07 feet below mean lower low water. Blowout tides start at 1.80 feet below mean lower low water.,NA,CSV
201102,15,100,201102,15,400,46994,273506,NEW JERSEY,34,2011,February,Astronomical Low Tide,Z,16,SALEM,34016,PHI,15-FEB-11 01:00:00,EST-5,15-FEB-11 04:00:00,0,0,0,0,0.00K,0.00K,River/Stream Gage,NA,NA,NA,NA,NA,NA,NA,NA,NA,NA,NA,NA,NA,NA,NA,NA,NA,NA,NA,NA,NA,"The strong west to northwest winds that persisted overnight on the 14th caused blowout tides and low water problems around the times of low tide early Friday morning on the 15th along the Delaware River and tidal sections of its tributaries. The low tide in Philadelphia, Pennsylvania reached 2.07 feet below mean lower low water and at Reedy Point, Delaware 1.88 feet below mean lower low water. Blowout tides at both places start at levels lower than 1.80 feet below mean lower low water.",NA,CSV
201102,15,300,201102,15,700,46993,273510,PENNSYLVANIA,42,2011,February,Astronomical Low Tide,Z,71,PHILADELPHIA,42071,PHI,15-FEB-11 03:00:00,EST-5,15-FEB-11 07:00:00,0,0,0,0,0.00K,0.00K,River/Stream Gage,NA,NA,NA,NA,NA,NA,NA,NA,NA,NA,NA,NA,NA,NA,NA,NA,NA,NA,NA,NA,NA,The strong west to northwest winds that persisted overnight on the 14th caused blowout tides and low water problems around the times of low tide early Friday morning on the 15th along the Delaware River and tidal sections of its tributaries. The low tide in Philadelphia reached 2.07 feet below mean lower low water. Blowout tides start at 1.80 feet below mean lower low water.,NA,CSV
201102,15,200,201102,15,500,46994,273507,NEW JERSEY,34,2011,February,Astronomical Low Tide,Z,17,GLOUCESTER,34017,PHI,15-FEB-11 02:00:00,EST-5,15-FEB-11 05:00:00,0,0,0,0,0.00K,0.00K,River/Stream Gage,NA,NA,NA,NA,NA,NA,NA,NA,NA,NA,NA,NA,NA,NA,NA,NA,NA,NA,NA,NA,NA,"The strong west to northwest winds that persisted overnight on the 14th caused blowout tides and low water problems around the times of low tide early Friday morning on the 15th along the Delaware River and tidal sections of its tributaries. The low tide in Philadelphia, Pennsylvania reached 2.07 feet below mean lower low water and at Reedy Point, Delaware 1.88 feet below mean lower low water. Blowout tides at both places start at levels lower than 1.80 feet below mean lower low water.",NA,CSV
201102,15,300,201102,15,600,46994,273508,NEW JERSEY,34,2011,February,Astronomical Low Tide,Z,18,CAMDEN,34018,PHI,15-FEB-11 03:00:00,EST-5,15-FEB-11 06:00:00,0,0,0,0,0.00K,0.00K,River/Stream Gage,NA,NA,NA,NA,NA,NA,NA,NA,NA,NA,NA,NA,NA,NA,NA,NA,NA,NA,NA,NA,NA,"The strong west to northwest winds that persisted overnight on the 14th caused blowout tides and low water problems around the times of low tide early Friday morning on the 15th along the Delaware River and tidal sections of its tributaries. The low tide in Philadelphia, Pennsylvania reached 2.07 feet below mean lower low water and at Reedy Point, Delaware 1.88 feet below mean lower low water. Blowout tides at both places start at levels lower than 1.80 feet below mean lower low water.",NA,CSV
201102,15,400,201102,15,700,46994,273509,NEW JERSEY,34,2011,February,Astronomical Low Tide,Z,19,NORTHWESTERN BURLINGTON,34019,PHI,15-FEB-11 04:00:00,EST-5,15-FEB-11 07:00:00,0,0,0,0,0.00K,0.00K,River/Stream Gage,NA,NA,NA,NA,NA,NA,NA,NA,NA,NA,NA,NA,NA,NA,NA,NA,NA,NA,NA,NA,NA,"The strong west to northwest winds that persisted overnight on the 14th caused blowout tides and low water problems around the times of low tide early Friday morning on the 15th along the Delaware River and tidal sections of its tributaries. The low tide in Philadelphia, Pennsylvania reached 2.07 feet below mean lower low water and at Reedy Point, Delaware 1.88 feet below mean lower low water. Blowout tides at both places start at levels lower than 1.80 feet below mean lower low water.",NA,CSV
201102,15,100,201102,15,400,46995,273505,DELAWARE,10,2011,February,Astronomical Low Tide,Z,1,NEW CASTLE,10001,PHI,15-FEB-11 01:00:00,EST-5,15-FEB-11 04:00:00,0,0,0,0,0.00K,0.00K,River/Stream Gage,NA,NA,NA,NA,NA,NA,NA,NA,NA,NA,NA,NA,NA,NA,NA,NA,NA,NA,NA,NA,NA,The strong west to northwest winds that persisted overnight on the 14th caused blowout tides and low water problems around the times of low tide early Friday morning on the 15th along the Delaware River and tidal sections of its tributaries. The low tide at Reedy Point reached 1.88 feet below mean lower low water. Blowout tides start at levels lower than 1.80 feet below mean lower low water.,NA,CSV
201102,19,2230,201102,20,0,47063,284163,NEW JERSEY,34,2011,February,Astronomical Low Tide,Z,19,NORTHWESTERN BURLINGTON,34019,PHI,19-FEB-11 22:30:00,EST-5,20-FEB-11 00:00:00,0,0,0,0,0.00K,0.00K,C-MAN Station,NA,NA,NA,NA,NA,NA,NA,NA,NA,NA,NA,NA,NA,NA,NA,NA,NA,NA,NA,NA,NA,"The strong to high northwest winds that occurred throughout the day caused blowout tides to occur along the New Jersey coast as well as in Delaware Bay and tidal sections of the Delaware River and its tributaries during the late afternoon and evening low tide cycle on the 19th. New Jersey State Police had to borrow a hovercraft to rescue six people from a pontoon boat that became stuck on a mudflat in Risley Channel in Egg Harbor Township (Atlantic County). The low tide reached 1.84 feet below mean lower low water at Sandy Hook (Monmouth County), 1.90 feet below mean lower low water at Avalon (Cape May County), 1.80 feet below mean lower low water at Cape May (Cape May County), 2.10 feet below mean lower low water at Reedy Island Delaware, 1.91 feet below mean lower low water in Philadelphia, 1.89 feet below mean lower low water in Talcony (Burlington County) and 1.85 feet below mean lower low water in Burlington  (Burlington County). Blowout tides start at levels less than 1.80 feet below mean lower low water.",NA,CSV
201102,19,1430,201102,19,1530,47063,284147,NEW JERSEY,34,2011,February,Astronomical Low Tide,Z,14,EASTERN MONMOUTH,34014,PHI,19-FEB-11 14:30:00,EST-5,19-FEB-11 15:30:00,0,0,0,0,0.00K,0.00K,C-MAN Station,NA,NA,NA,NA,NA,NA,NA,NA,NA,NA,NA,NA,NA,NA,NA,NA,NA,NA,NA,NA,NA,"The strong to high northwest winds that occurred throughout the day caused blowout tides to occur along the New Jersey coast as well as in Delaware Bay and tidal sections of the Delaware River and its tributaries during the late afternoon and evening low tide cycle on the 19th. New Jersey State Police had to borrow a hovercraft to rescue six people from a pontoon boat that became stuck on a mudflat in Risley Channel in Egg Harbor Township (Atlantic County). The low tide reached 1.84 feet below mean lower low water at Sandy Hook (Monmouth County), 1.90 feet below mean lower low water at Avalon (Cape May County), 1.80 feet below mean lower low water at Cape May (Cape May County), 2.10 feet below mean lower low water at Reedy Island Delaware, 1.91 feet below mean lower low water in Philadelphia, 1.89 feet below mean lower low water in Talcony (Burlington County) and 1.85 feet below mean lower low water in Burlington  (Burlington County). Blowout tides start at levels less than 1.80 feet below mean lower low water.",NA,CSV
201102,19,2130,201102,19,2300,47064,284141,PENNSYLVANIA,42,2011,February,Astronomical Low Tide,Z,71,PHILADELPHIA,42071,PHI,19-FEB-11 21:30:00,EST-5,19-FEB-11 23:00:00,0,0,0,0,0.00K,0.00K,C-MAN Station,NA,NA,NA,NA,NA,NA,NA,NA,NA,NA,NA,NA,NA,NA,NA,NA,NA,NA,NA,NA,NA,The strong to high northwest winds that occurred throughout the day caused blowout tides to occur along  tidal sections of the Delaware River and its tributaries during the evening low tide cycle on the 19th. The low tide reached 2.00 feet below mean lower low water in Marcus Hook and 1.91 feet below mean lower low water at Philadelphia Pier 12. Blowout tides start at levels less than 1.80 feet below mean lower low water.,NA,CSV
201102,19,1430,201102,19,1730,47063,284151,NEW JERSEY,34,2011,February,Astronomical Low Tide,Z,22,WESTERN ATLANTIC,34022,PHI,19-FEB-11 14:30:00,EST-5,19-FEB-11 17:30:00,0,0,0,0,0.00K,0.00K,C-MAN Station,NA,NA,NA,NA,NA,NA,NA,NA,NA,NA,NA,NA,NA,NA,NA,NA,NA,NA,NA,NA,NA,"The strong to high northwest winds that occurred throughout the day caused blowout tides to occur along the New Jersey coast as well as in Delaware Bay and tidal sections of the Delaware River and its tributaries during the late afternoon and evening low tide cycle on the 19th. New Jersey State Police had to borrow a hovercraft to rescue six people from a pontoon boat that became stuck on a mudflat in Risley Channel in Egg Harbor Township (Atlantic County). The low tide reached 1.84 feet below mean lower low water at Sandy Hook (Monmouth County), 1.90 feet below mean lower low water at Avalon (Cape May County), 1.80 feet below mean lower low water at Cape May (Cape May County), 2.10 feet below mean lower low water at Reedy Island Delaware, 1.91 feet below mean lower low water in Philadelphia, 1.89 feet below mean lower low water in Talcony (Burlington County) and 1.85 feet below mean lower low water in Burlington  (Burlington County). Blowout tides start at levels less than 1.80 feet below mean lower low water.",NA,CSV
201102,19,1400,201102,19,1500,47063,284154,NEW JERSEY,34,2011,February,Astronomical Low Tide,Z,24,EASTERN CAPE MAY,34024,PHI,19-FEB-11 14:00:00,EST-5,19-FEB-11 15:00:00,0,0,0,0,0.00K,0.00K,C-MAN Station,NA,NA,NA,NA,NA,NA,NA,NA,NA,NA,NA,NA,NA,NA,NA,NA,NA,NA,NA,NA,NA,"The strong to high northwest winds that occurred throughout the day caused blowout tides to occur along the New Jersey coast as well as in Delaware Bay and tidal sections of the Delaware River and its tributaries during the late afternoon and evening low tide cycle on the 19th. New Jersey State Police had to borrow a hovercraft to rescue six people from a pontoon boat that became stuck on a mudflat in Risley Channel in Egg Harbor Township (Atlantic County). The low tide reached 1.84 feet below mean lower low water at Sandy Hook (Monmouth County), 1.90 feet below mean lower low water at Avalon (Cape May County), 1.80 feet below mean lower low water at Cape May (Cape May County), 2.10 feet below mean lower low water at Reedy Island Delaware, 1.91 feet below mean lower low water in Philadelphia, 1.89 feet below mean lower low water in Talcony (Burlington County) and 1.85 feet below mean lower low water in Burlington  (Burlington County). Blowout tides start at levels less than 1.80 feet below mean lower low water.",NA,CSV
201102,19,1530,201102,19,1800,47063,284156,NEW JERSEY,34,2011,February,Astronomical Low Tide,Z,21,CUMBERLAND,34021,PHI,19-FEB-11 15:30:00,EST-5,19-FEB-11 18:00:00,0,0,0,0,0.00K,0.00K,C-MAN Station,NA,NA,NA,NA,NA,NA,NA,NA,NA,NA,NA,NA,NA,NA,NA,NA,NA,NA,NA,NA,NA,"The strong to high northwest winds that occurred throughout the day caused blowout tides to occur along the New Jersey coast as well as in Delaware Bay and tidal sections of the Delaware River and its tributaries during the late afternoon and evening low tide cycle on the 19th. New Jersey State Police had to borrow a hovercraft to rescue six people from a pontoon boat that became stuck on a mudflat in Risley Channel in Egg Harbor Township (Atlantic County). The low tide reached 1.84 feet below mean lower low water at Sandy Hook (Monmouth County), 1.90 feet below mean lower low water at Avalon (Cape May County), 1.80 feet below mean lower low water at Cape May (Cape May County), 2.10 feet below mean lower low water at Reedy Island Delaware, 1.91 feet below mean lower low water in Philadelphia, 1.89 feet below mean lower low water in Talcony (Burlington County) and 1.85 feet below mean lower low water in Burlington  (Burlington County). Blowout tides start at levels less than 1.80 feet below mean lower low water.",NA,CSV
201102,19,1800,201102,19,2030,47063,284159,NEW JERSEY,34,2011,February,Astronomical Low Tide,Z,16,SALEM,34016,PHI,19-FEB-11 18:00:00,EST-5,19-FEB-11 20:30:00,0,0,0,0,0.00K,0.00K,C-MAN Station,NA,NA,NA,NA,NA,NA,NA,NA,NA,NA,NA,NA,NA,NA,NA,NA,NA,NA,NA,NA,NA,"The strong to high northwest winds that occurred throughout the day caused blowout tides to occur along the New Jersey coast as well as in Delaware Bay and tidal sections of the Delaware River and its tributaries during the late afternoon and evening low tide cycle on the 19th. New Jersey State Police had to borrow a hovercraft to rescue six people from a pontoon boat that became stuck on a mudflat in Risley Channel in Egg Harbor Township (Atlantic County). The low tide reached 1.84 feet below mean lower low water at Sandy Hook (Monmouth County), 1.90 feet below mean lower low water at Avalon (Cape May County), 1.80 feet below mean lower low water at Cape May (Cape May County), 2.10 feet below mean lower low water at Reedy Island Delaware, 1.91 feet below mean lower low water in Philadelphia, 1.89 feet below mean lower low water in Talcony (Burlington County) and 1.85 feet below mean lower low water in Burlington  (Burlington County). Blowout tides start at levels less than 1.80 feet below mean lower low water.",NA,CSV
201102,19,2000,201102,19,2130,47064,284142,PENNSYLVANIA,42,2011,February,Astronomical Low Tide,Z,70,DELAWARE,42070,PHI,19-FEB-11 20:00:00,EST-5,19-FEB-11 21:30:00,0,0,0,0,0.00K,0.00K,C-MAN Station,NA,NA,NA,NA,NA,NA,NA,NA,NA,NA,NA,NA,NA,NA,NA,NA,NA,NA,NA,NA,NA,The strong to high northwest winds that occurred throughout the day caused blowout tides to occur along  tidal sections of the Delaware River and its tributaries during the evening low tide cycle on the 19th. The low tide reached 2.00 feet below mean lower low water in Marcus Hook and 1.91 feet below mean lower low water at Philadelphia Pier 12. Blowout tides start at levels less than 1.80 feet below mean lower low water.,NA,CSV
201102,19,1800,201102,19,2100,47061,284138,DELAWARE,10,2011,February,Astronomical Low Tide,Z,1,NEW CASTLE,10001,PHI,19-FEB-11 18:00:00,EST-5,19-FEB-11 21:00:00,0,0,0,0,0.00K,0.00K,C-MAN Station,NA,NA,NA,NA,NA,NA,NA,NA,NA,NA,NA,NA,NA,NA,NA,NA,NA,NA,NA,NA,NA,The strong to high northwest winds that occurred throughout the day caused blowout tides to occur in the Upper Delaware Bay and tidal sections of the Delaware River and its tributaries during the late afternoon and early evening low tide cycle on the 19th. The low tide reached 2.08 feet below mean lower low water at Ship John Shoal Light and 2.10 feet below mean lower low water at Reedy Island. Blowout tides start at levels less than 1.80 feet below mean lower low water.,NA,CSV
201102,19,1630,201102,19,1900,47061,284137,DELAWARE,10,2011,February,Astronomical Low Tide,Z,2,KENT,10002,PHI,19-FEB-11 16:30:00,EST-5,19-FEB-11 19:00:00,0,0,0,0,0.00K,0.00K,C-MAN Station,NA,NA,NA,NA,NA,NA,NA,NA,NA,NA,NA,NA,NA,NA,NA,NA,NA,NA,NA,NA,NA,The strong to high northwest winds that occurred throughout the day caused blowout tides to occur in the Upper Delaware Bay and tidal sections of the Delaware River and its tributaries during the late afternoon and early evening low tide cycle on the 19th. The low tide reached 2.08 feet below mean lower low water at Ship John Shoal Light and 2.10 feet below mean lower low water at Reedy Island. Blowout tides start at levels less than 1.80 feet below mean lower low water.,NA,CSV
201102,19,1430,201102,19,1530,47063,284148,NEW JERSEY,34,2011,February,Astronomical Low Tide,Z,26,EASTERN OCEAN,34026,PHI,19-FEB-11 14:30:00,EST-5,19-FEB-11 15:30:00,0,0,0,0,0.00K,0.00K,C-MAN Station,NA,NA,NA,NA,NA,NA,NA,NA,NA,NA,NA,NA,NA,NA,NA,NA,NA,NA,NA,NA,NA,"The strong to high northwest winds that occurred throughout the day caused blowout tides to occur along the New Jersey coast as well as in Delaware Bay and tidal sections of the Delaware River and its tributaries during the late afternoon and evening low tide cycle on the 19th. New Jersey State Police had to borrow a hovercraft to rescue six people from a pontoon boat that became stuck on a mudflat in Risley Channel in Egg Harbor Township (Atlantic County). The low tide reached 1.84 feet below mean lower low water at Sandy Hook (Monmouth County), 1.90 feet below mean lower low water at Avalon (Cape May County), 1.80 feet below mean lower low water at Cape May (Cape May County), 2.10 feet below mean lower low water at Reedy Island Delaware, 1.91 feet below mean lower low water in Philadelphia, 1.89 feet below mean lower low water in Talcony (Burlington County) and 1.85 feet below mean lower low water in Burlington  (Burlington County). Blowout tides start at levels less than 1.80 feet below mean lower low water.",NA,CSV
201102,19,1430,201102,19,1530,47063,284149,NEW JERSEY,34,2011,February,Astronomical Low Tide,Z,25,EASTERN ATLANTIC,34025,PHI,19-FEB-11 14:30:00,EST-5,19-FEB-11 15:30:00,0,0,0,0,0.00K,0.00K,C-MAN Station,NA,NA,NA,NA,NA,NA,NA,NA,NA,NA,NA,NA,NA,NA,NA,NA,NA,NA,NA,NA,NA,"The strong to high northwest winds that occurred throughout the day caused blowout tides to occur along the New Jersey coast as well as in Delaware Bay and tidal sections of the Delaware River and its tributaries during the late afternoon and evening low tide cycle on the 19th. New Jersey State Police had to borrow a hovercraft to rescue six people from a pontoon boat that became stuck on a mudflat in Risley Channel in Egg Harbor Township (Atlantic County). The low tide reached 1.84 feet below mean lower low water at Sandy Hook (Monmouth County), 1.90 feet below mean lower low water at Avalon (Cape May County), 1.80 feet below mean lower low water at Cape May (Cape May County), 2.10 feet below mean lower low water at Reedy Island Delaware, 1.91 feet below mean lower low water in Philadelphia, 1.89 feet below mean lower low water in Talcony (Burlington County) and 1.85 feet below mean lower low water in Burlington  (Burlington County). Blowout tides start at levels less than 1.80 feet below mean lower low water.",NA,CSV
201102,25,2330,201102,26,130,47265,275896,DELAWARE,10,2011,February,Astronomical Low Tide,Z,1,NEW CASTLE,10001,PHI,25-FEB-11 23:30:00,EST-5,26-FEB-11 01:30:00,0,0,0,0,0.00K,0.00K,C-MAN Station,NA,NA,NA,NA,NA,NA,NA,NA,NA,NA,NA,NA,NA,NA,NA,NA,NA,NA,NA,NA,NA,"The storm force northwest wind gusts that occurred during the late afternoon helped cause blow out tides during the evening and early overnight low tide cycle in Delaware Bay, the lower Delaware River and as well as tidal sections of its tributaries on the 25th. The low tide reached 2.16 feet below mean lower low water at Ship John Shoal Light in Upper Delaware Bay, 1.97 feet below mean lower low water at Reedy Island and 1.86 feet below mean lower low water at Delaware City. Blowout tides start at levels less than 1.80 feet below mean lower low water.",NA,CSV
201102,25,2000,201102,25,2200,47264,275892,NEW JERSEY,34,2011,February,Astronomical Low Tide,Z,23,WESTERN CAPE MAY,34023,PHI,25-FEB-11 20:00:00,EST-5,25-FEB-11 22:00:00,0,0,0,0,0.00K,0.00K,C-MAN Station,NA,NA,NA,NA,NA,NA,NA,NA,NA,NA,NA,NA,NA,NA,NA,NA,NA,NA,NA,NA,NA,"The storm force northwest wind gusts that occurred during the late afternoon helped cause blow out tides during the evening  and early overnight low tide cycle in Delaware Bay, the lower Delaware River and as well as tidal sections of its tributaries on the 25th. The low tide at the Cape May Ferry Terminal (Cape May County) reached 1.8 feet below mean lower low water. Low tides reached 2.16 feet below mean lower low water at Ship John Shoal Light in Upper Delaware Bay, 1.97 feet below mean lower low water at Reedy Island (New Castle County Delaware) and 1.86 feet below mean lower low water at Delaware City (New Castle County Delaware). Blowout tides start at levels less than 1.80 feet below mean lower low water.",NA,CSV
201102,25,2130,201102,25,2330,47264,275893,NEW JERSEY,34,2011,February,Astronomical Low Tide,Z,21,CUMBERLAND,34021,PHI,25-FEB-11 21:30:00,EST-5,25-FEB-11 23:30:00,0,0,0,0,0.00K,0.00K,C-MAN Station,NA,NA,NA,NA,NA,NA,NA,NA,NA,NA,NA,NA,NA,NA,NA,NA,NA,NA,NA,NA,NA,"The storm force northwest wind gusts that occurred during the late afternoon helped cause blow out tides during the evening  and early overnight low tide cycle in Delaware Bay, the lower Delaware River and as well as tidal sections of its tributaries on the 25th. The low tide at the Cape May Ferry Terminal (Cape May County) reached 1.8 feet below mean lower low water. Low tides reached 2.16 feet below mean lower low water at Ship John Shoal Light in Upper Delaware Bay, 1.97 feet below mean lower low water at Reedy Island (New Castle County Delaware) and 1.86 feet below mean lower low water at Delaware City (New Castle County Delaware). Blowout tides start at levels less than 1.80 feet below mean lower low water.",NA,CSV
201102,25,2330,201102,26,130,47264,275894,NEW JERSEY,34,2011,February,Astronomical Low Tide,Z,16,SALEM,34016,PHI,25-FEB-11 23:30:00,EST-5,26-FEB-11 01:30:00,0,0,0,0,0.00K,0.00K,C-MAN Station,NA,NA,NA,NA,NA,NA,NA,NA,NA,NA,NA,NA,NA,NA,NA,NA,NA,NA,NA,NA,NA,"The storm force northwest wind gusts that occurred during the late afternoon helped cause blow out tides during the evening  and early overnight low tide cycle in Delaware Bay, the lower Delaware River and as well as tidal sections of its tributaries on the 25th. The low tide at the Cape May Ferry Terminal (Cape May County) reached 1.8 feet below mean lower low water. Low tides reached 2.16 feet below mean lower low water at Ship John Shoal Light in Upper Delaware Bay, 1.97 feet below mean lower low water at Reedy Island (New Castle County Delaware) and 1.86 feet below mean lower low water at Delaware City (New Castle County Delaware). Blowout tides start at levels less than 1.80 feet below mean lower low water.",NA,CSV
201102,25,2130,201102,25,2330,47265,275895,DELAWARE,10,2011,February,Astronomical Low Tide,Z,2,KENT,10002,PHI,25-FEB-11 21:30:00,EST-5,25-FEB-11 23:30:00,0,0,0,0,0.00K,0.00K,C-MAN Station,NA,NA,NA,NA,NA,NA,NA,NA,NA,NA,NA,NA,NA,NA,NA,NA,NA,NA,NA,NA,NA,"The storm force northwest wind gusts that occurred during the late afternoon helped cause blow out tides during the evening and early overnight low tide cycle in Delaware Bay, the lower Delaware River and as well as tidal sections of its tributaries on the 25th. The low tide reached 2.16 feet below mean lower low water at Ship John Shoal Light in Upper Delaware Bay, 1.97 feet below mean lower low water at Reedy Island and 1.86 feet below mean lower low water at Delaware City. Blowout tides start at levels less than 1.80 feet below mean lower low water.",NA,CSV
201102,19,1430,201102,19,1530,47063,284155,NEW JERSEY,34,2011,February,Astronomical Low Tide,Z,23,WESTERN CAPE MAY,34023,PHI,19-FEB-11 14:30:00,EST-5,19-FEB-11 15:30:00,0,0,0,0,0.00K,0.00K,C-MAN Station,NA,NA,NA,NA,NA,NA,NA,NA,NA,NA,NA,NA,NA,NA,NA,NA,NA,NA,NA,NA,NA,"The strong to high northwest winds that occurred throughout the day caused blowout tides to occur along the New Jersey coast as well as in Delaware Bay and tidal sections of the Delaware River and its tributaries during the late afternoon and evening low tide cycle on the 19th. New Jersey State Police had to borrow a hovercraft to rescue six people from a pontoon boat that became stuck on a mudflat in Risley Channel in Egg Harbor Township (Atlantic County). The low tide reached 1.84 feet below mean lower low water at Sandy Hook (Monmouth County), 1.90 feet below mean lower low water at Avalon (Cape May County), 1.80 feet below mean lower low water at Cape May (Cape May County), 2.10 feet below mean lower low water at Reedy Island Delaware, 1.91 feet below mean lower low water in Philadelphia, 1.89 feet below mean lower low water in Talcony (Burlington County) and 1.85 feet below mean lower low water in Burlington  (Burlington County). Blowout tides start at levels less than 1.80 feet below mean lower low water.",NA,CSV
201102,19,2130,201102,19,2230,47063,284162,NEW JERSEY,34,2011,February,Astronomical Low Tide,Z,18,CAMDEN,34018,PHI,19-FEB-11 21:30:00,EST-5,19-FEB-11 22:30:00,0,0,0,0,0.00K,0.00K,C-MAN Station,NA,NA,NA,NA,NA,NA,NA,NA,NA,NA,NA,NA,NA,NA,NA,NA,NA,NA,NA,NA,NA,"The strong to high northwest winds that occurred throughout the day caused blowout tides to occur along the New Jersey coast as well as in Delaware Bay and tidal sections of the Delaware River and its tributaries during the late afternoon and evening low tide cycle on the 19th. New Jersey State Police had to borrow a hovercraft to rescue six people from a pontoon boat that became stuck on a mudflat in Risley Channel in Egg Harbor Township (Atlantic County). The low tide reached 1.84 feet below mean lower low water at Sandy Hook (Monmouth County), 1.90 feet below mean lower low water at Avalon (Cape May County), 1.80 feet below mean lower low water at Cape May (Cape May County), 2.10 feet below mean lower low water at Reedy Island Delaware, 1.91 feet below mean lower low water in Philadelphia, 1.89 feet below mean lower low water in Talcony (Burlington County) and 1.85 feet below mean lower low water in Burlington  (Burlington County). Blowout tides start at levels less than 1.80 feet below mean lower low water.",NA,CSV
201102,19,2030,201102,19,2130,47063,284160,NEW JERSEY,34,2011,February,Astronomical Low Tide,Z,17,GLOUCESTER,34017,PHI,19-FEB-11 20:30:00,EST-5,19-FEB-11 21:30:00,0,0,0,0,0.00K,0.00K,C-MAN Station,NA,NA,NA,NA,NA,NA,NA,NA,NA,NA,NA,NA,NA,NA,NA,NA,NA,NA,NA,NA,NA,"The strong to high northwest winds that occurred throughout the day caused blowout tides to occur along the New Jersey coast as well as in Delaware Bay and tidal sections of the Delaware River and its tributaries during the late afternoon and evening low tide cycle on the 19th. New Jersey State Police had to borrow a hovercraft to rescue six people from a pontoon boat that became stuck on a mudflat in Risley Channel in Egg Harbor Township (Atlantic County). The low tide reached 1.84 feet below mean lower low water at Sandy Hook (Monmouth County), 1.90 feet below mean lower low water at Avalon (Cape May County), 1.80 feet below mean lower low water at Cape May (Cape May County), 2.10 feet below mean lower low water at Reedy Island Delaware, 1.91 feet below mean lower low water in Philadelphia, 1.89 feet below mean lower low water in Talcony (Burlington County) and 1.85 feet below mean lower low water in Burlington  (Burlington County). Blowout tides start at levels less than 1.80 feet below mean lower low water.",NA,CSV
201107,21,1800,201107,24,2200,55379,332362,SOUTH CAROLINA,45,2011,July,Astronomical Low Tide,Z,24,DILLON,45024,ILM,21-JUL-11 18:00:00,EST-5,24-JUL-11 22:00:00,0,0,0,0,NA,NA,Official NWS Observations,NA,NA,NA,NA,NA,NA,NA,NA,NA,NA,NA,NA,NA,NA,NA,NA,NA,NA,NA,NA,NA,Excessive heat and humidity drove heat indexes near and above 110 degrees for several days each afternoon.,Excessive heat advisories and warnings were issued for the region for several days toward the end of July.  The heat and humidity combined to push heat indicies near 110 degrees at times during the afternoon.,CSV
201201,11,1645,201201,11,1700,60149,359039,FLORIDA,12,2012,January,Astronomical Low Tide,Z,76,MONROE/UPPER KEYS,12076,KEY,11-JAN-12 16:45:00,EST-5,11-JAN-12 17:00:00,0,0,0,0,0.00K,0.00K,Trained Spotter,NA,NA,NA,NA,NA,NA,NA,NA,NA,NA,NA,NA,NA,NA,NA,NA,NA,NA,NA,NA,NA,"A strong wake low developed north and west of a vigorous squall line moving east through the Florida Straits.  High south and southwest winds developed across the Upper Florida Keys, producing isolated wind damage.","Two trained spotters in Tavernier reported that strong south winds blew water completely out of canals on the Florida Bay side, causing numerous moored vessels to rest on the bay bottom.",CSV
201212,29,1000,201212,29,1100,70125,421139,TEXAS,48,2012,December,Astronomical Low Tide,Z,215,JEFFERSON,48215,LCH,29-DEC-12 10:00:00,CST-6,29-DEC-12 11:00:00,0,0,0,0,0.00K,0.00K,Other Federal Agency,NA,NA,NA,NA,NA,NA,NA,NA,NA,NA,NA,NA,NA,NA,NA,NA,NA,NA,NA,NA,NA,"A strong cold front moved through Southeast Texas during Christmas Day with strong winds and small hail in storms along the boundary, strong gradient winds behind the boundary, and low tides caused by persistent strong north winds behind the front. A reinforcing front moved through a couple of days later creating another low tide event along the coast.",Strong north winds behind a secondary cold front pushed the tide level down along the coast of Jefferson County. The tide level fell to 1.96 feet below the mean lower low water at 1639Z and this was 1.3 feet below the predicted level at low tide.,CSV
201212,26,545,201212,26,745,70266,424522,LOUISIANA,22,2012,December,Astronomical Low Tide,Z,73,WEST CAMERON,22073,LCH,26-DEC-12 05:45:00,CST-6,26-DEC-12 07:45:00,0,0,0,0,0.00K,0.00K,Other Federal Agency,NA,NA,NA,NA,NA,NA,NA,NA,NA,NA,NA,NA,NA,NA,NA,NA,NA,NA,NA,NA,NA,"A warm front lifted out of the Gulf of Mexico early Christmas morning with mostly small hail in storms along the boundary, however one storm did become severe. A strong cold front pushed out of Texas and across Louisiana during late Christmas morning into the afternoon with Severe Thunderstorms and Tornadoes. Strong northwest winds behind the boundary created low tides along the coast.",A strong cold front pushed through Louisiana during the 25th with strong north to northwest winds pushing tides out along the coast during the 26th. Winds relaxed the next couple of days; however a reinforcing front pushed through on the 28th with another round of low tides occurring on the 29th. The tide at Cameron fell 2.75 feet below the predicted low tide and near 2.5 feet below mllw at 6:45 AM.,CSV
201212,26,545,201212,26,745,70266,424523,LOUISIANA,22,2012,December,Astronomical Low Tide,Z,74,EAST CAMERON,22074,LCH,26-DEC-12 05:45:00,CST-6,26-DEC-12 07:45:00,0,0,0,0,0.00K,0.00K,Other Federal Agency,NA,NA,NA,NA,NA,NA,NA,NA,NA,NA,NA,NA,NA,NA,NA,NA,NA,NA,NA,NA,NA,"A warm front lifted out of the Gulf of Mexico early Christmas morning with mostly small hail in storms along the boundary, however one storm did become severe. A strong cold front pushed out of Texas and across Louisiana during late Christmas morning into the afternoon with Severe Thunderstorms and Tornadoes. Strong northwest winds behind the boundary created low tides along the coast.",A strong cold front pushed through Louisiana during the 25th with strong north to northwest winds pushing tides out along the coast during the 26th. Winds relaxed the next couple of days; however a reinforcing front pushed through on the 28th with another round of low tides occurring on the 29th. The tide at Cameron fell 2.75 feet below the predicted low tide and near 2.5 feet below mllw at 6:45 AM.,CSV
201212,29,822,201212,29,1022,70266,424524,LOUISIANA,22,2012,December,Astronomical Low Tide,Z,74,EAST CAMERON,22074,LCH,29-DEC-12 08:22:00,CST-6,29-DEC-12 10:22:00,0,0,0,0,0.00K,0.00K,Other Federal Agency,NA,NA,NA,NA,NA,NA,NA,NA,NA,NA,NA,NA,NA,NA,NA,NA,NA,NA,NA,NA,NA,"A warm front lifted out of the Gulf of Mexico early Christmas morning with mostly small hail in storms along the boundary, however one storm did become severe. A strong cold front pushed out of Texas and across Louisiana during late Christmas morning into the afternoon with Severe Thunderstorms and Tornadoes. Strong northwest winds behind the boundary created low tides along the coast.",A strong cold front pushed through Louisiana during the 25th with strong north to northwest winds pushing tides out along the coast during the 26th. Winds relaxed the next couple of days; however a reinforcing front pushed through on the 28th with another round of low tides occurring on the 29th. The tide at Cameron fell 2 feet below the predicted low tide and near 1.75 feet below mllw at 9:22 AM.,CSV
201212,26,700,201212,26,900,70266,424526,LOUISIANA,22,2012,December,Astronomical Low Tide,Z,52,VERMILION,22052,LCH,26-DEC-12 07:00:00,CST-6,26-DEC-12 09:00:00,0,0,0,0,0.00K,0.00K,Other Federal Agency,NA,NA,NA,NA,NA,NA,NA,NA,NA,NA,NA,NA,NA,NA,NA,NA,NA,NA,NA,NA,NA,"A warm front lifted out of the Gulf of Mexico early Christmas morning with mostly small hail in storms along the boundary, however one storm did become severe. A strong cold front pushed out of Texas and across Louisiana during late Christmas morning into the afternoon with Severe Thunderstorms and Tornadoes. Strong northwest winds behind the boundary created low tides along the coast.",A strong cold front pushed through Louisiana during the 25th with strong north to northwest winds pushing tides out along the coast during the 26th. Winds relaxed the next couple of days; however a reinforcing front pushed through on the 28th with another round of low tides occurring on the 29th. The tide at Freshwater City fell 2.96 feet below the predicted low tide and 2.95 feet below mllw at 8 AM.,CSV
201212,29,822,201212,29,1022,70266,424525,LOUISIANA,22,2012,December,Astronomical Low Tide,Z,73,WEST CAMERON,22073,LCH,29-DEC-12 08:22:00,CST-6,29-DEC-12 10:22:00,0,0,0,0,0.00K,0.00K,Other Federal Agency,NA,NA,NA,NA,NA,NA,NA,NA,NA,NA,NA,NA,NA,NA,NA,NA,NA,NA,NA,NA,NA,"A warm front lifted out of the Gulf of Mexico early Christmas morning with mostly small hail in storms along the boundary, however one storm did become severe. A strong cold front pushed out of Texas and across Louisiana during late Christmas morning into the afternoon with Severe Thunderstorms and Tornadoes. Strong northwest winds behind the boundary created low tides along the coast.",A strong cold front pushed through Louisiana during the 25th with strong north to northwest winds pushing tides out along the coast during the 26th. Winds relaxed the next couple of days; however a reinforcing front pushed through on the 28th with another round of low tides occurring on the 29th. The tide at Cameron fell 2 feet below the predicted low tide and near 1.75 feet below mllw at 9:22 AM.,CSV
201212,26,700,201212,26,1000,70266,424530,LOUISIANA,22,2012,December,Astronomical Low Tide,Z,53,IBERIA,22053,LCH,26-DEC-12 07:00:00,CST-6,26-DEC-12 10:00:00,0,0,0,0,0.00K,0.00K,Other Federal Agency,NA,NA,NA,NA,NA,NA,NA,NA,NA,NA,NA,NA,NA,NA,NA,NA,NA,NA,NA,NA,NA,"A warm front lifted out of the Gulf of Mexico early Christmas morning with mostly small hail in storms along the boundary, however one storm did become severe. A strong cold front pushed out of Texas and across Louisiana during late Christmas morning into the afternoon with Severe Thunderstorms and Tornadoes. Strong northwest winds behind the boundary created low tides along the coast.",A strong cold front pushed through Louisiana during the 25th with strong north to northwest winds pushing tides out along the coast during the 26th. Winds relaxed the next couple of days; however a reinforcing front pushed through on the 28th with another round of low tides occurring on the 29th. The tide along the coast of Iberia Parish fell to 1.5 to 3 below mllw during the morning of the 26th as noted by tide gauges along the coasts of Vermilion an Saint Mary Parishes.,CSV
201212,29,700,201212,29,900,70266,424527,LOUISIANA,22,2012,December,Astronomical Low Tide,Z,52,VERMILION,22052,LCH,29-DEC-12 07:00:00,CST-6,29-DEC-12 09:00:00,0,0,0,0,0.00K,0.00K,Other Federal Agency,NA,NA,NA,NA,NA,NA,NA,NA,NA,NA,NA,NA,NA,NA,NA,NA,NA,NA,NA,NA,NA,"A warm front lifted out of the Gulf of Mexico early Christmas morning with mostly small hail in storms along the boundary, however one storm did become severe. A strong cold front pushed out of Texas and across Louisiana during late Christmas morning into the afternoon with Severe Thunderstorms and Tornadoes. Strong northwest winds behind the boundary created low tides along the coast.",A strong cold front pushed through Louisiana during the 25th with strong north to northwest winds pushing tides out along the coast during the 26th. Winds relaxed the next couple of days; however a reinforcing front pushed through on the 28th with another round of low tides occurring on the 29th. The tide at Freshwater City fell 2.59 feet below the predicted low tide and 2.54 feet below mllw at 8 AM.,CSV
201212,26,800,201212,27,1400,70266,424528,LOUISIANA,22,2012,December,Astronomical Low Tide,Z,54,ST. MARY,22054,LCH,26-DEC-12 08:00:00,CST-6,27-DEC-12 14:00:00,0,0,0,0,0.00K,0.00K,Other Federal Agency,NA,NA,NA,NA,NA,NA,NA,NA,NA,NA,NA,NA,NA,NA,NA,NA,NA,NA,NA,NA,NA,"A warm front lifted out of the Gulf of Mexico early Christmas morning with mostly small hail in storms along the boundary, however one storm did become severe. A strong cold front pushed out of Texas and across Louisiana during late Christmas morning into the afternoon with Severe Thunderstorms and Tornadoes. Strong northwest winds behind the boundary created low tides along the coast.","A strong cold front pushed through Louisiana during the 25th with strong north to northwest winds pushing tides out along the coast during the 26th. Winds relaxed the next couple of days; however a reinforcing front pushed through on the 28th with another round of low tides occurring on the 29th. The tide at Luke���s Landing near Burns Point fell 1.6 feet below mllw at 9 AM, and A low tide 1.6 feet below mllw occurred at Morgan City at noon on the 26th. The low tide at Morgan City lingered into the next day where the tide fell to 1.8 feet below mllw at 1PM on the 27th.",CSV
201212,29,1345,201212,29,1545,70266,424529,LOUISIANA,22,2012,December,Astronomical Low Tide,Z,54,ST. MARY,22054,LCH,29-DEC-12 13:45:00,CST-6,29-DEC-12 15:45:00,0,0,0,0,0.00K,0.00K,Other Federal Agency,NA,NA,NA,NA,NA,NA,NA,NA,NA,NA,NA,NA,NA,NA,NA,NA,NA,NA,NA,NA,NA,"A warm front lifted out of the Gulf of Mexico early Christmas morning with mostly small hail in storms along the boundary, however one storm did become severe. A strong cold front pushed out of Texas and across Louisiana during late Christmas morning into the afternoon with Severe Thunderstorms and Tornadoes. Strong northwest winds behind the boundary created low tides along the coast.",A strong cold front pushed through Louisiana during the 25th with strong north to northwest winds pushing tides out along the coast during the 26th. Winds relaxed the next couple of days; however a reinforcing front pushed through on the 28th with another round of low tides occurring on the 29th. The tide at Luke���s Landing near Burns Point fell 1.6 feet below mllw at 2:45 PM on the 29th. The fairly short duration of the strong north winds kept the tide level from falling more than one foot below the mllw at Morgan City.,CSV
201212,29,700,201212,29,1500,70266,424532,LOUISIANA,22,2012,December,Astronomical Low Tide,Z,53,IBERIA,22053,LCH,29-DEC-12 07:00:00,CST-6,29-DEC-12 15:00:00,0,0,0,0,0.00K,0.00K,Other Federal Agency,NA,NA,NA,NA,NA,NA,NA,NA,NA,NA,NA,NA,NA,NA,NA,NA,NA,NA,NA,NA,NA,"A warm front lifted out of the Gulf of Mexico early Christmas morning with mostly small hail in storms along the boundary, however one storm did become severe. A strong cold front pushed out of Texas and across Louisiana during late Christmas morning into the afternoon with Severe Thunderstorms and Tornadoes. Strong northwest winds behind the boundary created low tides along the coast.",A strong cold front pushed through Louisiana during the 25th with strong north to northwest winds pushing tides out along the coast during the 26th. Winds relaxed the next couple of days; however a reinforcing front pushed through on the 28th with another round of low tides occurring on the 29th. The tide along the coast of Iberia Parish fell to 1.5 to 2.6 below mllw during the late morning to early afternoon of the 29th as noted by tide gauges along the coasts of Vermilion an Saint Mary Parishes.,CSV
201212,20,1100,201212,21,630,69514,420978,LOUISIANA,22,2012,December,Astronomical Low Tide,Z,73,WEST CAMERON,22073,LCH,20-DEC-12 11:00:00,CST-6,21-DEC-12 06:30:00,0,0,0,0,0.00K,0.00K,Official NWS Observations,NA,NA,NA,NA,NA,NA,NA,NA,NA,NA,NA,NA,NA,NA,NA,NA,NA,NA,NA,NA,NA,A strong cold front pushed through South Louisiana with strong showers and storms along the boundary. Wind gusts in these storms were commonly in the 45 to 55 MPH range as they moved from northwest to southeast. Damage was reported in South Central Louisiana as isolated wind gusts of 55 to 60 MPH occurred. The strong persistent north winds behind the front also caused low tides along the coast.,"A strong cold front moved across the coastal zones during the 20th with strong north winds remaining over the area for more than a day. These winds produced lower than normal tides all along the coast. The NOS tide gauge at Cameron recorded 3 separate times where the tide level fell more than one foot below mean lower low water. The times at the lowest tide levels were 17Z on the 20th, and at 220Z and 1230Z on the 21st. The lowest tide level recorded was 1.7 feet below mean lower low water at both 17Z and 220Z with the biggest difference occurring at 220Z with the water level 3.2 feet below the predicted level.",CSV
201212,20,1100,201212,21,630,69514,420980,LOUISIANA,22,2012,December,Astronomical Low Tide,Z,74,EAST CAMERON,22074,LCH,20-DEC-12 11:00:00,CST-6,21-DEC-12 06:30:00,0,0,0,0,0.00K,0.00K,Other Federal Agency,NA,NA,NA,NA,NA,NA,NA,NA,NA,NA,NA,NA,NA,NA,NA,NA,NA,NA,NA,NA,NA,A strong cold front pushed through South Louisiana with strong showers and storms along the boundary. Wind gusts in these storms were commonly in the 45 to 55 MPH range as they moved from northwest to southeast. Damage was reported in South Central Louisiana as isolated wind gusts of 55 to 60 MPH occurred. The strong persistent north winds behind the front also caused low tides along the coast.,"A strong cold front moved across the coastal zones during the 20th with strong north winds remaining over the area for more than a day. These winds produced lower than normal tides all along the coast. The NOS tide gauge at Cameron recorded 3 separate times where the tide level fell more than one foot below mean lower low water. The times at the lowest tide levels were 17Z on the 20th, and at 220Z and 1230Z on the 21st. The lowest tide level recorded was 1.7 feet below mean lower low water at both 17Z and 220Z with the biggest difference occurring at 220Z with the water level 3.2 feet below the predicted level.",CSV
201212,20,1010,201212,21,530,69514,420987,LOUISIANA,22,2012,December,Astronomical Low Tide,Z,52,VERMILION,22052,LCH,20-DEC-12 10:10:00,CST-6,21-DEC-12 05:30:00,0,0,0,0,0.00K,0.00K,Other Federal Agency,NA,NA,NA,NA,NA,NA,NA,NA,NA,NA,NA,NA,NA,NA,NA,NA,NA,NA,NA,NA,NA,A strong cold front pushed through South Louisiana with strong showers and storms along the boundary. Wind gusts in these storms were commonly in the 45 to 55 MPH range as they moved from northwest to southeast. Damage was reported in South Central Louisiana as isolated wind gusts of 55 to 60 MPH occurred. The strong persistent north winds behind the front also caused low tides along the coast.,"A strong cold front moved across the coastal zones during the 20th with strong north winds remaining over the area for more than a day. These winds produced lower than normal tides all along the coast. The NOS tide gauge at Freshwater City lock recorded 3 separate times where the tide level fell more than one foot below mean lower low water. The times at the lowest tide levels were 1620Z on the 20th, and at 120Z and 1130Z on the 21st. The lowest tide level recorded was 3 feet below mean lower low water at both 1620Z with a difference of 4.46 feet from the predicted level.",CSV
201212,20,1000,201212,21,600,69514,420988,LOUISIANA,22,2012,December,Astronomical Low Tide,Z,53,IBERIA,22053,LCH,20-DEC-12 10:00:00,CST-6,21-DEC-12 06:00:00,0,0,0,0,0.00K,0.00K,Other Federal Agency,NA,NA,NA,NA,NA,NA,NA,NA,NA,NA,NA,NA,NA,NA,NA,NA,NA,NA,NA,NA,NA,A strong cold front pushed through South Louisiana with strong showers and storms along the boundary. Wind gusts in these storms were commonly in the 45 to 55 MPH range as they moved from northwest to southeast. Damage was reported in South Central Louisiana as isolated wind gusts of 55 to 60 MPH occurred. The strong persistent north winds behind the front also caused low tides along the coast.,A strong cold front moved across the coastal zones during the 20th with strong north winds remaining over the area for more than a day. These winds produced lower than normal tides all along the coast. The NOS tide gauges east and west of the Iberia Parish coast recorded multiple times where the tide fell more than one foot below mean lower low water. The lowest tide levels were around 2 to 3 feet below mllw with a difference of 3 to 4 feet below predicted values.,CSV
201212,20,1000,201212,21,1200,69514,420989,LOUISIANA,22,2012,December,Astronomical Low Tide,Z,54,ST. MARY,22054,LCH,20-DEC-12 10:00:00,CST-6,21-DEC-12 12:00:00,0,0,0,0,0.00K,0.00K,Other Federal Agency,NA,NA,NA,NA,NA,NA,NA,NA,NA,NA,NA,NA,NA,NA,NA,NA,NA,NA,NA,NA,NA,A strong cold front pushed through South Louisiana with strong showers and storms along the boundary. Wind gusts in these storms were commonly in the 45 to 55 MPH range as they moved from northwest to southeast. Damage was reported in South Central Louisiana as isolated wind gusts of 55 to 60 MPH occurred. The strong persistent north winds behind the front also caused low tides along the coast.,A strong cold front moved across the coastal zones during the 20th with strong north winds remaining over the area for more than a day. These winds produced lower than normal tides all along the coast. The NOS tide gauges at Luke���s Landing recorded a water level of 2.3 feet below mean lower low water. Water slowly drained from the area canals and the low tide eventually moved up to the Tesoro Marine Terminal where a tide of 2.5 feet below mean lower low water was recorded with a difference of 2.7 below the predicted level at 1637Z on the 21st.,CSV
201212,20,1500,201212,21,720,70106,420990,TEXAS,48,2012,December,Astronomical Low Tide,Z,215,JEFFERSON,48215,LCH,20-DEC-12 15:00:00,CST-6,21-DEC-12 07:20:00,0,0,0,0,0.00K,0.00K,Other Federal Agency,NA,NA,NA,NA,NA,NA,NA,NA,NA,NA,NA,NA,NA,NA,NA,NA,NA,NA,NA,NA,NA,Strong north winds with a long duration behind a cold front pushed the tide levels well below the mean lower low water level for multiple times.,A strong cold front moved across the coastal zones during the 20th with strong north winds remaining over the area for more than a day. These winds produced lower than normal tides all along the coast. The NOS tide gauges at Sabine Pass recorded a water level of around 1.4 feet below mean lower low water on two occasions. The lowest tide level during the afternoon of the 20th caused tide levels of 2.7 feet below predicted levels.,CSV
201212,26,830,201212,26,900,70125,421138,TEXAS,48,2012,December,Astronomical Low Tide,Z,215,JEFFERSON,48215,LCH,26-DEC-12 08:30:00,CST-6,26-DEC-12 09:00:00,0,0,0,0,0.00K,0.00K,Other Federal Agency,NA,NA,NA,NA,NA,NA,NA,NA,NA,NA,NA,NA,NA,NA,NA,NA,NA,NA,NA,NA,NA,"A strong cold front moved through Southeast Texas during Christmas Day with strong winds and small hail in storms along the boundary, strong gradient winds behind the boundary, and low tides caused by persistent strong north winds behind the front. A reinforcing front moved through a couple of days later creating another low tide event along the coast.",Strong north winds behind a cold front pushed the tide level down along the coast of Jefferson County. The tide level at the Sabine Pass NOS tide gauge fell to 2.39 feet below the mean lower low water at 1446Z and this 1.8 feet below the predicted level at low tide.,CSV
201202,25,2300,201202,26,1400,60050,367403,NEW JERSEY,34,2012,February,Astronomical Low Tide,Z,19,NORTHWESTERN BURLINGTON,34019,PHI,25-FEB-12 23:00:00,EST-5,26-FEB-12 14:00:00,0,0,0,0,0.00K,0.00K,Mesonet,NA,NA,NA,NA,NA,NA,NA,NA,NA,NA,NA,NA,NA,NA,NA,NA,NA,NA,NA,NA,NA,"Strong west winds circulating around an intense low pressure system moving through the Canadian Maritimes (it bottomed at 963 millibars at 1 p.m. EST on the 25th in the Gulf of Saint Lawrence) caused blowout tides from the oceanfront along the New Jersey shore, into Delaware and Raritan Bays and along tidal sections of the Delaware River and its tributaries during the low tide cycles that began during the late afternoon on the 25th and the early morning on the 26th. It takes approximately eight hours for the low tide cycle to reach Burlington County, New Jersey. Tidal departures averaged two feet below normal on the oceanfront and reached three feet below normal on the Delaware River.  Except for Burlington, Atlantic City and Cape May (which occurred on the 26th), the lowest tides occurred during the low tide cycle that started on the 25th. Lowest tides included 2.03 feet below mean lower low water in Sandy Hook (Monmouth County), 2.15 feet below mean lower low water in Atlantic City (Atlantic County), 1.80 feet below mean lower low water in Cape May (Cape May County),  2.39 feet below mean lower low water on Reedy Island (New Castle County Delaware), 2.31 feet below mean lower low water in Philadelphia and 2.57 feet below mean lower low water in Burlington City (Burlington County).  Low water problems or blowout conditions start at 1.8 feet below mean lower low water.",NA,CSV
201202,25,2030,201202,26,1130,60050,367401,NEW JERSEY,34,2012,February,Astronomical Low Tide,Z,17,GLOUCESTER,34017,PHI,25-FEB-12 20:30:00,EST-5,26-FEB-12 11:30:00,0,0,0,0,0.00K,0.00K,Mesonet,NA,NA,NA,NA,NA,NA,NA,NA,NA,NA,NA,NA,NA,NA,NA,NA,NA,NA,NA,NA,NA,"Strong west winds circulating around an intense low pressure system moving through the Canadian Maritimes (it bottomed at 963 millibars at 1 p.m. EST on the 25th in the Gulf of Saint Lawrence) caused blowout tides from the oceanfront along the New Jersey shore, into Delaware and Raritan Bays and along tidal sections of the Delaware River and its tributaries during the low tide cycles that began during the late afternoon on the 25th and the early morning on the 26th. It takes approximately eight hours for the low tide cycle to reach Burlington County, New Jersey. Tidal departures averaged two feet below normal on the oceanfront and reached three feet below normal on the Delaware River.  Except for Burlington, Atlantic City and Cape May (which occurred on the 26th), the lowest tides occurred during the low tide cycle that started on the 25th. Lowest tides included 2.03 feet below mean lower low water in Sandy Hook (Monmouth County), 2.15 feet below mean lower low water in Atlantic City (Atlantic County), 1.80 feet below mean lower low water in Cape May (Cape May County),  2.39 feet below mean lower low water on Reedy Island (New Castle County Delaware), 2.31 feet below mean lower low water in Philadelphia and 2.57 feet below mean lower low water in Burlington City (Burlington County).  Low water problems or blowout conditions start at 1.8 feet below mean lower low water.",NA,CSV
201202,25,2130,201202,26,1200,60050,367402,NEW JERSEY,34,2012,February,Astronomical Low Tide,Z,18,CAMDEN,34018,PHI,25-FEB-12 21:30:00,EST-5,26-FEB-12 12:00:00,0,0,0,0,0.00K,0.00K,Mesonet,NA,NA,NA,NA,NA,NA,NA,NA,NA,NA,NA,NA,NA,NA,NA,NA,NA,NA,NA,NA,NA,"Strong west winds circulating around an intense low pressure system moving through the Canadian Maritimes (it bottomed at 963 millibars at 1 p.m. EST on the 25th in the Gulf of Saint Lawrence) caused blowout tides from the oceanfront along the New Jersey shore, into Delaware and Raritan Bays and along tidal sections of the Delaware River and its tributaries during the low tide cycles that began during the late afternoon on the 25th and the early morning on the 26th. It takes approximately eight hours for the low tide cycle to reach Burlington County, New Jersey. Tidal departures averaged two feet below normal on the oceanfront and reached three feet below normal on the Delaware River.  Except for Burlington, Atlantic City and Cape May (which occurred on the 26th), the lowest tides occurred during the low tide cycle that started on the 25th. Lowest tides included 2.03 feet below mean lower low water in Sandy Hook (Monmouth County), 2.15 feet below mean lower low water in Atlantic City (Atlantic County), 1.80 feet below mean lower low water in Cape May (Cape May County),  2.39 feet below mean lower low water on Reedy Island (New Castle County Delaware), 2.31 feet below mean lower low water in Philadelphia and 2.57 feet below mean lower low water in Burlington City (Burlington County).  Low water problems or blowout conditions start at 1.8 feet below mean lower low water.",NA,CSV
201202,25,1500,201202,26,600,60048,367379,DELAWARE,10,2012,February,Astronomical Low Tide,Z,4,DELAWARE BEACHES,10004,PHI,25-FEB-12 15:00:00,EST-5,26-FEB-12 06:00:00,0,0,0,0,0.00K,0.00K,Mesonet,NA,NA,NA,NA,NA,NA,NA,NA,NA,NA,NA,NA,NA,NA,NA,NA,NA,NA,NA,NA,NA,Strong west winds circulating around an intense low pressure system moving through the Canadian Maritimes (it bottomed at 963 millibars at 1 p.m. EST on the 25th in the Gulf of Saint Lawrence) caused blowout tides in Delaware during the afternoon and evening low tide cycle on the 25th and the morning low tide cycle on the 26th. Tidal departures were two feet below normal on the ocean side and reached three feet below normal on tidal sections of the Delaware River. The lowest tides occurred during the low tide cycle on the 25th and included 1.95 feet below mean lower low water in Lewes (Sussex County) and 2.39 feet below mean lower low water on Reedy Island (New Castle County).  Low water problems or blowout conditions start at 1.8 feet below mean lower low water.,NA,CSV
201202,25,1530,201202,26,700,60048,367380,DELAWARE,10,2012,February,Astronomical Low Tide,Z,3,INLAND SUSSEX,10003,PHI,25-FEB-12 15:30:00,EST-5,26-FEB-12 07:00:00,0,0,0,0,0.00K,0.00K,Mesonet,NA,NA,NA,NA,NA,NA,NA,NA,NA,NA,NA,NA,NA,NA,NA,NA,NA,NA,NA,NA,NA,Strong west winds circulating around an intense low pressure system moving through the Canadian Maritimes (it bottomed at 963 millibars at 1 p.m. EST on the 25th in the Gulf of Saint Lawrence) caused blowout tides in Delaware during the afternoon and evening low tide cycle on the 25th and the morning low tide cycle on the 26th. Tidal departures were two feet below normal on the ocean side and reached three feet below normal on tidal sections of the Delaware River. The lowest tides occurred during the low tide cycle on the 25th and included 1.95 feet below mean lower low water in Lewes (Sussex County) and 2.39 feet below mean lower low water on Reedy Island (New Castle County).  Low water problems or blowout conditions start at 1.8 feet below mean lower low water.,NA,CSV
201202,25,2000,201202,26,1100,60048,367382,DELAWARE,10,2012,February,Astronomical Low Tide,Z,1,NEW CASTLE,10001,PHI,25-FEB-12 20:00:00,EST-5,26-FEB-12 11:00:00,0,0,0,0,0.00K,0.00K,Mesonet,NA,NA,NA,NA,NA,NA,NA,NA,NA,NA,NA,NA,NA,NA,NA,NA,NA,NA,NA,NA,NA,Strong west winds circulating around an intense low pressure system moving through the Canadian Maritimes (it bottomed at 963 millibars at 1 p.m. EST on the 25th in the Gulf of Saint Lawrence) caused blowout tides in Delaware during the afternoon and evening low tide cycle on the 25th and the morning low tide cycle on the 26th. Tidal departures were two feet below normal on the ocean side and reached three feet below normal on tidal sections of the Delaware River. The lowest tides occurred during the low tide cycle on the 25th and included 1.95 feet below mean lower low water in Lewes (Sussex County) and 2.39 feet below mean lower low water on Reedy Island (New Castle County).  Low water problems or blowout conditions start at 1.8 feet below mean lower low water.,NA,CSV
201202,26,1200,201202,26,1400,60049,367383,MARYLAND,24,2012,February,Astronomical Low Tide,Z,20,CAROLINE,24020,PHI,26-FEB-12 12:00:00,EST-5,26-FEB-12 14:00:00,0,0,0,0,0.00K,0.00K,Mesonet,NA,NA,NA,NA,NA,NA,NA,NA,NA,NA,NA,NA,NA,NA,NA,NA,NA,NA,NA,NA,NA,The residual effect from the strong west winds circulating around an intense low pressure system moving through the Canadian Maritimes (it bottomed at 963 millibars at 1 p.m. EST on the 25th in the Gulf of Saint Lawrence) on the 25th caused blowout tides along the Maryland Eastern Shore during the afternoon high tide cycle on the 26th. The lowest tides included 1.87 feet below mean lower low water in Cambridge (Dorchester County) and 1.80 feet below mean lower low water in Tolchester Beach (Kent County).  Low water problems or blowout conditions start at 1.8 feet below mean lower low water.,NA,CSV
201202,26,1200,201202,26,1400,60049,367384,MARYLAND,24,2012,February,Astronomical Low Tide,Z,19,TALBOT,24019,PHI,26-FEB-12 12:00:00,EST-5,26-FEB-12 14:00:00,0,0,0,0,0.00K,0.00K,Mesonet,NA,NA,NA,NA,NA,NA,NA,NA,NA,NA,NA,NA,NA,NA,NA,NA,NA,NA,NA,NA,NA,The residual effect from the strong west winds circulating around an intense low pressure system moving through the Canadian Maritimes (it bottomed at 963 millibars at 1 p.m. EST on the 25th in the Gulf of Saint Lawrence) on the 25th caused blowout tides along the Maryland Eastern Shore during the afternoon high tide cycle on the 26th. The lowest tides included 1.87 feet below mean lower low water in Cambridge (Dorchester County) and 1.80 feet below mean lower low water in Tolchester Beach (Kent County).  Low water problems or blowout conditions start at 1.8 feet below mean lower low water.,NA,CSV
201202,26,1300,201202,26,1500,60049,367385,MARYLAND,24,2012,February,Astronomical Low Tide,Z,15,QUEEN ANNES,24015,PHI,26-FEB-12 13:00:00,EST-5,26-FEB-12 15:00:00,0,0,0,0,0.00K,0.00K,Mesonet,NA,NA,NA,NA,NA,NA,NA,NA,NA,NA,NA,NA,NA,NA,NA,NA,NA,NA,NA,NA,NA,The residual effect from the strong west winds circulating around an intense low pressure system moving through the Canadian Maritimes (it bottomed at 963 millibars at 1 p.m. EST on the 25th in the Gulf of Saint Lawrence) on the 25th caused blowout tides along the Maryland Eastern Shore during the afternoon high tide cycle on the 26th. The lowest tides included 1.87 feet below mean lower low water in Cambridge (Dorchester County) and 1.80 feet below mean lower low water in Tolchester Beach (Kent County).  Low water problems or blowout conditions start at 1.8 feet below mean lower low water.,NA,CSV
201202,25,1700,201202,26,1000,60048,367381,DELAWARE,10,2012,February,Astronomical Low Tide,Z,2,KENT,10002,PHI,25-FEB-12 17:00:00,EST-5,26-FEB-12 10:00:00,0,0,0,0,0.00K,0.00K,Mesonet,NA,NA,NA,NA,NA,NA,NA,NA,NA,NA,NA,NA,NA,NA,NA,NA,NA,NA,NA,NA,NA,Strong west winds circulating around an intense low pressure system moving through the Canadian Maritimes (it bottomed at 963 millibars at 1 p.m. EST on the 25th in the Gulf of Saint Lawrence) caused blowout tides in Delaware during the afternoon and evening low tide cycle on the 25th and the morning low tide cycle on the 26th. Tidal departures were two feet below normal on the ocean side and reached three feet below normal on tidal sections of the Delaware River. The lowest tides occurred during the low tide cycle on the 25th and included 1.95 feet below mean lower low water in Lewes (Sussex County) and 2.39 feet below mean lower low water on Reedy Island (New Castle County).  Low water problems or blowout conditions start at 1.8 feet below mean lower low water.,NA,CSV
201202,25,2300,201202,26,1400,60051,367387,PENNSYLVANIA,42,2012,February,Astronomical Low Tide,Z,71,PHILADELPHIA,42071,PHI,25-FEB-12 23:00:00,EST-5,26-FEB-12 14:00:00,0,0,0,0,0.00K,0.00K,Mesonet,NA,NA,NA,NA,NA,NA,NA,NA,NA,NA,NA,NA,NA,NA,NA,NA,NA,NA,NA,NA,NA,Strong west winds circulating around an intense low pressure system moving through the Canadian Maritimes (it bottomed at 963 millibars at 1 p.m. EST on the 25th in the Gulf of Saint Lawrence) caused blowout tides along tidal sections of the Delaware River and its tributaries during evening and overnight low tide cycle on the 25th and the late morning and early afternoon low tide cycle on the 26th. Tidal departures averaged three feet below normal. The lowest tides occurred during the low tide cycle that started on the 25th and included 2.31 feet below mean lower low water in Philadelphia .  Low water problems or blowout conditions start at 1.8 feet below mean lower low water.,NA,CSV
201202,25,2100,201202,26,1300,60051,367388,PENNSYLVANIA,42,2012,February,Astronomical Low Tide,Z,70,DELAWARE,42070,PHI,25-FEB-12 21:00:00,EST-5,26-FEB-12 13:00:00,0,0,0,0,0.00K,0.00K,Mesonet,NA,NA,NA,NA,NA,NA,NA,NA,NA,NA,NA,NA,NA,NA,NA,NA,NA,NA,NA,NA,NA,Strong west winds circulating around an intense low pressure system moving through the Canadian Maritimes (it bottomed at 963 millibars at 1 p.m. EST on the 25th in the Gulf of Saint Lawrence) caused blowout tides along tidal sections of the Delaware River and its tributaries during evening and overnight low tide cycle on the 25th and the late morning and early afternoon low tide cycle on the 26th. Tidal departures averaged three feet below normal. The lowest tides occurred during the low tide cycle that started on the 25th and included 2.31 feet below mean lower low water in Philadelphia .  Low water problems or blowout conditions start at 1.8 feet below mean lower low water.,NA,CSV
201202,26,1400,201202,26,1600,60049,367386,MARYLAND,24,2012,February,Astronomical Low Tide,Z,12,KENT,24012,PHI,26-FEB-12 14:00:00,EST-5,26-FEB-12 16:00:00,0,0,0,0,0.00K,0.00K,Mesonet,NA,NA,NA,NA,NA,NA,NA,NA,NA,NA,NA,NA,NA,NA,NA,NA,NA,NA,NA,NA,NA,The residual effect from the strong west winds circulating around an intense low pressure system moving through the Canadian Maritimes (it bottomed at 963 millibars at 1 p.m. EST on the 25th in the Gulf of Saint Lawrence) on the 25th caused blowout tides along the Maryland Eastern Shore during the afternoon high tide cycle on the 26th. The lowest tides included 1.87 feet below mean lower low water in Cambridge (Dorchester County) and 1.80 feet below mean lower low water in Tolchester Beach (Kent County).  Low water problems or blowout conditions start at 1.8 feet below mean lower low water.,NA,CSV
201202,25,1700,201202,26,1000,60050,367399,NEW JERSEY,34,2012,February,Astronomical Low Tide,Z,21,CUMBERLAND,34021,PHI,25-FEB-12 17:00:00,EST-5,26-FEB-12 10:00:00,0,0,0,0,0.00K,0.00K,Mesonet,NA,NA,NA,NA,NA,NA,NA,NA,NA,NA,NA,NA,NA,NA,NA,NA,NA,NA,NA,NA,NA,"Strong west winds circulating around an intense low pressure system moving through the Canadian Maritimes (it bottomed at 963 millibars at 1 p.m. EST on the 25th in the Gulf of Saint Lawrence) caused blowout tides from the oceanfront along the New Jersey shore, into Delaware and Raritan Bays and along tidal sections of the Delaware River and its tributaries during the low tide cycles that began during the late afternoon on the 25th and the early morning on the 26th. It takes approximately eight hours for the low tide cycle to reach Burlington County, New Jersey. Tidal departures averaged two feet below normal on the oceanfront and reached three feet below normal on the Delaware River.  Except for Burlington, Atlantic City and Cape May (which occurred on the 26th), the lowest tides occurred during the low tide cycle that started on the 25th. Lowest tides included 2.03 feet below mean lower low water in Sandy Hook (Monmouth County), 2.15 feet below mean lower low water in Atlantic City (Atlantic County), 1.80 feet below mean lower low water in Cape May (Cape May County),  2.39 feet below mean lower low water on Reedy Island (New Castle County Delaware), 2.31 feet below mean lower low water in Philadelphia and 2.57 feet below mean lower low water in Burlington City (Burlington County).  Low water problems or blowout conditions start at 1.8 feet below mean lower low water.",NA,CSV
201202,25,2000,201202,26,1100,60050,367400,NEW JERSEY,34,2012,February,Astronomical Low Tide,Z,16,SALEM,34016,PHI,25-FEB-12 20:00:00,EST-5,26-FEB-12 11:00:00,0,0,0,0,0.00K,0.00K,Mesonet,NA,NA,NA,NA,NA,NA,NA,NA,NA,NA,NA,NA,NA,NA,NA,NA,NA,NA,NA,NA,NA,"Strong west winds circulating around an intense low pressure system moving through the Canadian Maritimes (it bottomed at 963 millibars at 1 p.m. EST on the 25th in the Gulf of Saint Lawrence) caused blowout tides from the oceanfront along the New Jersey shore, into Delaware and Raritan Bays and along tidal sections of the Delaware River and its tributaries during the low tide cycles that began during the late afternoon on the 25th and the early morning on the 26th. It takes approximately eight hours for the low tide cycle to reach Burlington County, New Jersey. Tidal departures averaged two feet below normal on the oceanfront and reached three feet below normal on the Delaware River.  Except for Burlington, Atlantic City and Cape May (which occurred on the 26th), the lowest tides occurred during the low tide cycle that started on the 25th. Lowest tides included 2.03 feet below mean lower low water in Sandy Hook (Monmouth County), 2.15 feet below mean lower low water in Atlantic City (Atlantic County), 1.80 feet below mean lower low water in Cape May (Cape May County),  2.39 feet below mean lower low water on Reedy Island (New Castle County Delaware), 2.31 feet below mean lower low water in Philadelphia and 2.57 feet below mean lower low water in Burlington City (Burlington County).  Low water problems or blowout conditions start at 1.8 feet below mean lower low water.",NA,CSV
201203,9,100,201203,9,300,60301,369933,DELAWARE,10,2012,March,Astronomical Low Tide,Z,4,DELAWARE BEACHES,10004,PHI,09-MAR-12 01:00:00,EST-5,09-MAR-12 03:00:00,0,0,0,0,0.00K,0.00K,WLON,NA,NA,NA,NA,NA,NA,NA,NA,NA,NA,NA,NA,NA,NA,NA,NA,NA,NA,NA,NA,NA,Strong northwest winds which coincided with the astronomical low tide during the early morning on March 9th caused blowout tide conditions during the low tide cycle in the lower Delaware Bay and Delaware's Atlantic coast. The low tide reached 2.14 feet below mean lower low water in Lewes (Sussex County).  Low water problems begin at 1.8 feet below mean lower low water.,NA,CSV
201203,9,200,201203,9,400,60301,369934,DELAWARE,10,2012,March,Astronomical Low Tide,Z,3,INLAND SUSSEX,10003,PHI,09-MAR-12 02:00:00,EST-5,09-MAR-12 04:00:00,0,0,0,0,0.00K,0.00K,WLON,NA,NA,NA,NA,NA,NA,NA,NA,NA,NA,NA,NA,NA,NA,NA,NA,NA,NA,NA,NA,NA,Strong northwest winds which coincided with the astronomical low tide during the early morning on March 9th caused blowout tide conditions during the low tide cycle in the lower Delaware Bay and Delaware's Atlantic coast. The low tide reached 2.14 feet below mean lower low water in Lewes (Sussex County).  Low water problems begin at 1.8 feet below mean lower low water.,NA,CSV
201202,25,1530,201202,26,600,60050,367389,NEW JERSEY,34,2012,February,Astronomical Low Tide,Z,12,MIDDLESEX,34012,PHI,25-FEB-12 15:30:00,EST-5,26-FEB-12 06:00:00,0,0,0,0,0.00K,0.00K,Mesonet,NA,NA,NA,NA,NA,NA,NA,NA,NA,NA,NA,NA,NA,NA,NA,NA,NA,NA,NA,NA,NA,"Strong west winds circulating around an intense low pressure system moving through the Canadian Maritimes (it bottomed at 963 millibars at 1 p.m. EST on the 25th in the Gulf of Saint Lawrence) caused blowout tides from the oceanfront along the New Jersey shore, into Delaware and Raritan Bays and along tidal sections of the Delaware River and its tributaries during the low tide cycles that began during the late afternoon on the 25th and the early morning on the 26th. It takes approximately eight hours for the low tide cycle to reach Burlington County, New Jersey. Tidal departures averaged two feet below normal on the oceanfront and reached three feet below normal on the Delaware River.  Except for Burlington, Atlantic City and Cape May (which occurred on the 26th), the lowest tides occurred during the low tide cycle that started on the 25th. Lowest tides included 2.03 feet below mean lower low water in Sandy Hook (Monmouth County), 2.15 feet below mean lower low water in Atlantic City (Atlantic County), 1.80 feet below mean lower low water in Cape May (Cape May County),  2.39 feet below mean lower low water on Reedy Island (New Castle County Delaware), 2.31 feet below mean lower low water in Philadelphia and 2.57 feet below mean lower low water in Burlington City (Burlington County).  Low water problems or blowout conditions start at 1.8 feet below mean lower low water.",NA,CSV
201202,25,1530,201202,26,600,60050,367390,NEW JERSEY,34,2012,February,Astronomical Low Tide,Z,13,WESTERN MONMOUTH,34013,PHI,25-FEB-12 15:30:00,EST-5,26-FEB-12 06:00:00,0,0,0,0,0.00K,0.00K,Mesonet,NA,NA,NA,NA,NA,NA,NA,NA,NA,NA,NA,NA,NA,NA,NA,NA,NA,NA,NA,NA,NA,"Strong west winds circulating around an intense low pressure system moving through the Canadian Maritimes (it bottomed at 963 millibars at 1 p.m. EST on the 25th in the Gulf of Saint Lawrence) caused blowout tides from the oceanfront along the New Jersey shore, into Delaware and Raritan Bays and along tidal sections of the Delaware River and its tributaries during the low tide cycles that began during the late afternoon on the 25th and the early morning on the 26th. It takes approximately eight hours for the low tide cycle to reach Burlington County, New Jersey. Tidal departures averaged two feet below normal on the oceanfront and reached three feet below normal on the Delaware River.  Except for Burlington, Atlantic City and Cape May (which occurred on the 26th), the lowest tides occurred during the low tide cycle that started on the 25th. Lowest tides included 2.03 feet below mean lower low water in Sandy Hook (Monmouth County), 2.15 feet below mean lower low water in Atlantic City (Atlantic County), 1.80 feet below mean lower low water in Cape May (Cape May County),  2.39 feet below mean lower low water on Reedy Island (New Castle County Delaware), 2.31 feet below mean lower low water in Philadelphia and 2.57 feet below mean lower low water in Burlington City (Burlington County).  Low water problems or blowout conditions start at 1.8 feet below mean lower low water.",NA,CSV
201202,25,1530,201202,26,600,60050,367391,NEW JERSEY,34,2012,February,Astronomical Low Tide,Z,14,EASTERN MONMOUTH,34014,PHI,25-FEB-12 15:30:00,EST-5,26-FEB-12 06:00:00,0,0,0,0,0.00K,0.00K,Mesonet,NA,NA,NA,NA,NA,NA,NA,NA,NA,NA,NA,NA,NA,NA,NA,NA,NA,NA,NA,NA,NA,"Strong west winds circulating around an intense low pressure system moving through the Canadian Maritimes (it bottomed at 963 millibars at 1 p.m. EST on the 25th in the Gulf of Saint Lawrence) caused blowout tides from the oceanfront along the New Jersey shore, into Delaware and Raritan Bays and along tidal sections of the Delaware River and its tributaries during the low tide cycles that began during the late afternoon on the 25th and the early morning on the 26th. It takes approximately eight hours for the low tide cycle to reach Burlington County, New Jersey. Tidal departures averaged two feet below normal on the oceanfront and reached three feet below normal on the Delaware River.  Except for Burlington, Atlantic City and Cape May (which occurred on the 26th), the lowest tides occurred during the low tide cycle that started on the 25th. Lowest tides included 2.03 feet below mean lower low water in Sandy Hook (Monmouth County), 2.15 feet below mean lower low water in Atlantic City (Atlantic County), 1.80 feet below mean lower low water in Cape May (Cape May County),  2.39 feet below mean lower low water on Reedy Island (New Castle County Delaware), 2.31 feet below mean lower low water in Philadelphia and 2.57 feet below mean lower low water in Burlington City (Burlington County).  Low water problems or blowout conditions start at 1.8 feet below mean lower low water.",NA,CSV
201202,25,1500,201202,26,530,60050,367392,NEW JERSEY,34,2012,February,Astronomical Low Tide,Z,26,EASTERN OCEAN,34026,PHI,25-FEB-12 15:00:00,EST-5,26-FEB-12 05:30:00,0,0,0,0,0.00K,0.00K,Mesonet,NA,NA,NA,NA,NA,NA,NA,NA,NA,NA,NA,NA,NA,NA,NA,NA,NA,NA,NA,NA,NA,"Strong west winds circulating around an intense low pressure system moving through the Canadian Maritimes (it bottomed at 963 millibars at 1 p.m. EST on the 25th in the Gulf of Saint Lawrence) caused blowout tides from the oceanfront along the New Jersey shore, into Delaware and Raritan Bays and along tidal sections of the Delaware River and its tributaries during the low tide cycles that began during the late afternoon on the 25th and the early morning on the 26th. It takes approximately eight hours for the low tide cycle to reach Burlington County, New Jersey. Tidal departures averaged two feet below normal on the oceanfront and reached three feet below normal on the Delaware River.  Except for Burlington, Atlantic City and Cape May (which occurred on the 26th), the lowest tides occurred during the low tide cycle that started on the 25th. Lowest tides included 2.03 feet below mean lower low water in Sandy Hook (Monmouth County), 2.15 feet below mean lower low water in Atlantic City (Atlantic County), 1.80 feet below mean lower low water in Cape May (Cape May County),  2.39 feet below mean lower low water on Reedy Island (New Castle County Delaware), 2.31 feet below mean lower low water in Philadelphia and 2.57 feet below mean lower low water in Burlington City (Burlington County).  Low water problems or blowout conditions start at 1.8 feet below mean lower low water.",NA,CSV
201202,25,1500,201202,26,630,60050,367393,NEW JERSEY,34,2012,February,Astronomical Low Tide,Z,20,WESTERN OCEAN,34020,PHI,25-FEB-12 15:00:00,EST-5,26-FEB-12 06:30:00,0,0,0,0,0.00K,0.00K,Mesonet,NA,NA,NA,NA,NA,NA,NA,NA,NA,NA,NA,NA,NA,NA,NA,NA,NA,NA,NA,NA,NA,"Strong west winds circulating around an intense low pressure system moving through the Canadian Maritimes (it bottomed at 963 millibars at 1 p.m. EST on the 25th in the Gulf of Saint Lawrence) caused blowout tides from the oceanfront along the New Jersey shore, into Delaware and Raritan Bays and along tidal sections of the Delaware River and its tributaries during the low tide cycles that began during the late afternoon on the 25th and the early morning on the 26th. It takes approximately eight hours for the low tide cycle to reach Burlington County, New Jersey. Tidal departures averaged two feet below normal on the oceanfront and reached three feet below normal on the Delaware River.  Except for Burlington, Atlantic City and Cape May (which occurred on the 26th), the lowest tides occurred during the low tide cycle that started on the 25th. Lowest tides included 2.03 feet below mean lower low water in Sandy Hook (Monmouth County), 2.15 feet below mean lower low water in Atlantic City (Atlantic County), 1.80 feet below mean lower low water in Cape May (Cape May County),  2.39 feet below mean lower low water on Reedy Island (New Castle County Delaware), 2.31 feet below mean lower low water in Philadelphia and 2.57 feet below mean lower low water in Burlington City (Burlington County).  Low water problems or blowout conditions start at 1.8 feet below mean lower low water.",NA,CSV
201202,25,1500,201202,26,630,60050,367394,NEW JERSEY,34,2012,February,Astronomical Low Tide,Z,27,SOUTHEASTERN BURLINGTON,34027,PHI,25-FEB-12 15:00:00,EST-5,26-FEB-12 06:30:00,0,0,0,0,0.00K,0.00K,Mesonet,NA,NA,NA,NA,NA,NA,NA,NA,NA,NA,NA,NA,NA,NA,NA,NA,NA,NA,NA,NA,NA,"Strong west winds circulating around an intense low pressure system moving through the Canadian Maritimes (it bottomed at 963 millibars at 1 p.m. EST on the 25th in the Gulf of Saint Lawrence) caused blowout tides from the oceanfront along the New Jersey shore, into Delaware and Raritan Bays and along tidal sections of the Delaware River and its tributaries during the low tide cycles that began during the late afternoon on the 25th and the early morning on the 26th. It takes approximately eight hours for the low tide cycle to reach Burlington County, New Jersey. Tidal departures averaged two feet below normal on the oceanfront and reached three feet below normal on the Delaware River.  Except for Burlington, Atlantic City and Cape May (which occurred on the 26th), the lowest tides occurred during the low tide cycle that started on the 25th. Lowest tides included 2.03 feet below mean lower low water in Sandy Hook (Monmouth County), 2.15 feet below mean lower low water in Atlantic City (Atlantic County), 1.80 feet below mean lower low water in Cape May (Cape May County),  2.39 feet below mean lower low water on Reedy Island (New Castle County Delaware), 2.31 feet below mean lower low water in Philadelphia and 2.57 feet below mean lower low water in Burlington City (Burlington County).  Low water problems or blowout conditions start at 1.8 feet below mean lower low water.",NA,CSV
201202,25,1500,201202,26,630,60050,367395,NEW JERSEY,34,2012,February,Astronomical Low Tide,Z,22,WESTERN ATLANTIC,34022,PHI,25-FEB-12 15:00:00,EST-5,26-FEB-12 06:30:00,0,0,0,0,0.00K,0.00K,Mesonet,NA,NA,NA,NA,NA,NA,NA,NA,NA,NA,NA,NA,NA,NA,NA,NA,NA,NA,NA,NA,NA,"Strong west winds circulating around an intense low pressure system moving through the Canadian Maritimes (it bottomed at 963 millibars at 1 p.m. EST on the 25th in the Gulf of Saint Lawrence) caused blowout tides from the oceanfront along the New Jersey shore, into Delaware and Raritan Bays and along tidal sections of the Delaware River and its tributaries during the low tide cycles that began during the late afternoon on the 25th and the early morning on the 26th. It takes approximately eight hours for the low tide cycle to reach Burlington County, New Jersey. Tidal departures averaged two feet below normal on the oceanfront and reached three feet below normal on the Delaware River.  Except for Burlington, Atlantic City and Cape May (which occurred on the 26th), the lowest tides occurred during the low tide cycle that started on the 25th. Lowest tides included 2.03 feet below mean lower low water in Sandy Hook (Monmouth County), 2.15 feet below mean lower low water in Atlantic City (Atlantic County), 1.80 feet below mean lower low water in Cape May (Cape May County),  2.39 feet below mean lower low water on Reedy Island (New Castle County Delaware), 2.31 feet below mean lower low water in Philadelphia and 2.57 feet below mean lower low water in Burlington City (Burlington County).  Low water problems or blowout conditions start at 1.8 feet below mean lower low water.",NA,CSV
201202,25,1500,201202,26,530,60050,367396,NEW JERSEY,34,2012,February,Astronomical Low Tide,Z,25,EASTERN ATLANTIC,34025,PHI,25-FEB-12 15:00:00,EST-5,26-FEB-12 05:30:00,0,0,0,0,0.00K,0.00K,Mesonet,NA,NA,NA,NA,NA,NA,NA,NA,NA,NA,NA,NA,NA,NA,NA,NA,NA,NA,NA,NA,NA,"Strong west winds circulating around an intense low pressure system moving through the Canadian Maritimes (it bottomed at 963 millibars at 1 p.m. EST on the 25th in the Gulf of Saint Lawrence) caused blowout tides from the oceanfront along the New Jersey shore, into Delaware and Raritan Bays and along tidal sections of the Delaware River and its tributaries during the low tide cycles that began during the late afternoon on the 25th and the early morning on the 26th. It takes approximately eight hours for the low tide cycle to reach Burlington County, New Jersey. Tidal departures averaged two feet below normal on the oceanfront and reached three feet below normal on the Delaware River.  Except for Burlington, Atlantic City and Cape May (which occurred on the 26th), the lowest tides occurred during the low tide cycle that started on the 25th. Lowest tides included 2.03 feet below mean lower low water in Sandy Hook (Monmouth County), 2.15 feet below mean lower low water in Atlantic City (Atlantic County), 1.80 feet below mean lower low water in Cape May (Cape May County),  2.39 feet below mean lower low water on Reedy Island (New Castle County Delaware), 2.31 feet below mean lower low water in Philadelphia and 2.57 feet below mean lower low water in Burlington City (Burlington County).  Low water problems or blowout conditions start at 1.8 feet below mean lower low water.",NA,CSV
201202,26,400,201202,26,600,60050,367397,NEW JERSEY,34,2012,February,Astronomical Low Tide,Z,24,EASTERN CAPE MAY,34024,PHI,26-FEB-12 04:00:00,EST-5,26-FEB-12 06:00:00,0,0,0,0,0.00K,0.00K,Mesonet,NA,NA,NA,NA,NA,NA,NA,NA,NA,NA,NA,NA,NA,NA,NA,NA,NA,NA,NA,NA,NA,"Strong west winds circulating around an intense low pressure system moving through the Canadian Maritimes (it bottomed at 963 millibars at 1 p.m. EST on the 25th in the Gulf of Saint Lawrence) caused blowout tides from the oceanfront along the New Jersey shore, into Delaware and Raritan Bays and along tidal sections of the Delaware River and its tributaries during the low tide cycles that began during the late afternoon on the 25th and the early morning on the 26th. It takes approximately eight hours for the low tide cycle to reach Burlington County, New Jersey. Tidal departures averaged two feet below normal on the oceanfront and reached three feet below normal on the Delaware River.  Except for Burlington, Atlantic City and Cape May (which occurred on the 26th), the lowest tides occurred during the low tide cycle that started on the 25th. Lowest tides included 2.03 feet below mean lower low water in Sandy Hook (Monmouth County), 2.15 feet below mean lower low water in Atlantic City (Atlantic County), 1.80 feet below mean lower low water in Cape May (Cape May County),  2.39 feet below mean lower low water on Reedy Island (New Castle County Delaware), 2.31 feet below mean lower low water in Philadelphia and 2.57 feet below mean lower low water in Burlington City (Burlington County).  Low water problems or blowout conditions start at 1.8 feet below mean lower low water.",NA,CSV
201202,26,400,201202,26,600,60050,367398,NEW JERSEY,34,2012,February,Astronomical Low Tide,Z,23,WESTERN CAPE MAY,34023,PHI,26-FEB-12 04:00:00,EST-5,26-FEB-12 06:00:00,0,0,0,0,0.00K,0.00K,Mesonet,NA,NA,NA,NA,NA,NA,NA,NA,NA,NA,NA,NA,NA,NA,NA,NA,NA,NA,NA,NA,NA,"Strong west winds circulating around an intense low pressure system moving through the Canadian Maritimes (it bottomed at 963 millibars at 1 p.m. EST on the 25th in the Gulf of Saint Lawrence) caused blowout tides from the oceanfront along the New Jersey shore, into Delaware and Raritan Bays and along tidal sections of the Delaware River and its tributaries during the low tide cycles that began during the late afternoon on the 25th and the early morning on the 26th. It takes approximately eight hours for the low tide cycle to reach Burlington County, New Jersey. Tidal departures averaged two feet below normal on the oceanfront and reached three feet below normal on the Delaware River.  Except for Burlington, Atlantic City and Cape May (which occurred on the 26th), the lowest tides occurred during the low tide cycle that started on the 25th. Lowest tides included 2.03 feet below mean lower low water in Sandy Hook (Monmouth County), 2.15 feet below mean lower low water in Atlantic City (Atlantic County), 1.80 feet below mean lower low water in Cape May (Cape May County),  2.39 feet below mean lower low water on Reedy Island (New Castle County Delaware), 2.31 feet below mean lower low water in Philadelphia and 2.57 feet below mean lower low water in Burlington City (Burlington County).  Low water problems or blowout conditions start at 1.8 feet below mean lower low water.",NA,CSV
201203,9,100,201203,9,300,60300,369929,NEW JERSEY,34,2012,March,Astronomical Low Tide,Z,25,EASTERN ATLANTIC,34025,PHI,09-MAR-12 01:00:00,EST-5,09-MAR-12 03:00:00,0,0,0,0,0.00K,0.00K,WLON,NA,NA,NA,NA,NA,NA,NA,NA,NA,NA,NA,NA,NA,NA,NA,NA,NA,NA,NA,NA,NA,"Strong northwest winds which coincided with the astronomical low tide during the early morning on March 9th caused blowout tide conditions during the low tide cycle in the lower Delaware Bay and the southern New Jersey Atlantic coastal waters. Low tides reached 2.05 feet below mean lower low water in Atlantic City (Atlantic County), 1.85 feet below mean lower low water in Avalon (Cape May County), 2.21 feet below mean lower low water at Cape May Harbor (Cape May County) and 1.89 feet below mean lower low water at the Cape May Ferry Terminal (Cape May County). Low water problems begin at 1.8 feet below mean lower low water.",NA,CSV
201203,9,100,201203,9,300,60300,369930,NEW JERSEY,34,2012,March,Astronomical Low Tide,Z,22,WESTERN ATLANTIC,34022,PHI,09-MAR-12 01:00:00,EST-5,09-MAR-12 03:00:00,0,0,0,0,0.00K,0.00K,WLON,NA,NA,NA,NA,NA,NA,NA,NA,NA,NA,NA,NA,NA,NA,NA,NA,NA,NA,NA,NA,NA,"Strong northwest winds which coincided with the astronomical low tide during the early morning on March 9th caused blowout tide conditions during the low tide cycle in the lower Delaware Bay and the southern New Jersey Atlantic coastal waters. Low tides reached 2.05 feet below mean lower low water in Atlantic City (Atlantic County), 1.85 feet below mean lower low water in Avalon (Cape May County), 2.21 feet below mean lower low water at Cape May Harbor (Cape May County) and 1.89 feet below mean lower low water at the Cape May Ferry Terminal (Cape May County). Low water problems begin at 1.8 feet below mean lower low water.",NA,CSV
201203,9,100,201203,9,400,60300,369931,NEW JERSEY,34,2012,March,Astronomical Low Tide,Z,24,EASTERN CAPE MAY,34024,PHI,09-MAR-12 01:00:00,EST-5,09-MAR-12 04:00:00,0,0,0,0,0.00K,0.00K,WLON,NA,NA,NA,NA,NA,NA,NA,NA,NA,NA,NA,NA,NA,NA,NA,NA,NA,NA,NA,NA,NA,"Strong northwest winds which coincided with the astronomical low tide during the early morning on March 9th caused blowout tide conditions during the low tide cycle in the lower Delaware Bay and the southern New Jersey Atlantic coastal waters. Low tides reached 2.05 feet below mean lower low water in Atlantic City (Atlantic County), 1.85 feet below mean lower low water in Avalon (Cape May County), 2.21 feet below mean lower low water at Cape May Harbor (Cape May County) and 1.89 feet below mean lower low water at the Cape May Ferry Terminal (Cape May County). Low water problems begin at 1.8 feet below mean lower low water.",NA,CSV
201203,9,200,201203,9,400,60300,369932,NEW JERSEY,34,2012,March,Astronomical Low Tide,Z,23,WESTERN CAPE MAY,34023,PHI,09-MAR-12 02:00:00,EST-5,09-MAR-12 04:00:00,0,0,0,0,0.00K,0.00K,WLON,NA,NA,NA,NA,NA,NA,NA,NA,NA,NA,NA,NA,NA,NA,NA,NA,NA,NA,NA,NA,NA,"Strong northwest winds which coincided with the astronomical low tide during the early morning on March 9th caused blowout tide conditions during the low tide cycle in the lower Delaware Bay and the southern New Jersey Atlantic coastal waters. Low tides reached 2.05 feet below mean lower low water in Atlantic City (Atlantic County), 1.85 feet below mean lower low water in Avalon (Cape May County), 2.21 feet below mean lower low water at Cape May Harbor (Cape May County) and 1.89 feet below mean lower low water at the Cape May Ferry Terminal (Cape May County). Low water problems begin at 1.8 feet below mean lower low water.",NA,CSV
201209,15,1400,201209,15,1400,67643,405730,FLORIDA,12,2012,September,Astronomical Low Tide,Z,38,FLAGLER,12038,JAX,15-SEP-12 14:00:00,EST-5,15-SEP-12 14:00:00,22,0,0,0,0.00K,0.00K,Broadcast Media,NA,NA,NA,NA,NA,NA,NA,NA,NA,NA,NA,NA,NA,NA,NA,NA,NA,NA,NA,NA,NA,"A coastal trough broke down along the NE Florida coast and moved inland as the east coast sea breeze moved inland during the mid afternoon. Convergence along this hybrid boundary created surface vorticity with was stretched vertically by developing thunderstorm updrafts just east of the Jacksonville Airport, which created 2 observed funnel clouds over northern Duval County. The airmass was very unstable in the low levels below 650 mb with weak shear and steep low level lapse rates.",The Orlando New 13 station reported 22 rip current rescues along the Flagler County Atlantic coast. There was a moderate rip current risk in effect.,CSV
201303,2,2000,201303,3,600,72219,435570,TEXAS,48,2013,March,Astronomical Low Tide,Z,215,JEFFERSON,48215,LCH,02-MAR-13 20:00:00,CST-6,03-MAR-13 06:00:00,0,0,0,0,0.00K,0.00K,Other Federal Agency,NA,NA,NA,NA,NA,NA,NA,NA,NA,NA,NA,NA,NA,NA,NA,NA,NA,NA,NA,NA,NA,A strong north wind behind a cold front pushed the tides to less than one foot below mllw.,A strong cold front moved through early in the month of March with north winds driving the tide levels below normal. The tide gage at Port Arthur reported water levels falling below one foot below mllw during the evening of the 2nd for a several hours. The tide fell to -1.7 feet at 1:05 AM.,CSV
201303,1,2000,201303,2,300,72220,435947,LOUISIANA,22,2013,March,Astronomical Low Tide,Z,74,EAST CAMERON,22074,LCH,01-MAR-13 20:00:00,CST-6,02-MAR-13 03:00:00,0,0,0,0,0.00K,0.00K,Other Federal Agency,NA,NA,NA,NA,NA,NA,NA,NA,NA,NA,NA,NA,NA,NA,NA,NA,NA,NA,NA,NA,NA,Strong north winds along the louisiana coast behind a cold front caused a pair of low tides more than one foot below mllw.,A strong cold front moved through early in the month of March with north winds driving the tide levels below normal. The tide gage at Cameron reported water levels falling below one foot below mllw during the evening of the 2nd for a several hours. The tide fell to -1.4 feet at 11:16 AM.,CSV
201303,2,2000,201303,3,200,72220,435949,LOUISIANA,22,2013,March,Astronomical Low Tide,Z,74,EAST CAMERON,22074,LCH,02-MAR-13 20:00:00,CST-6,03-MAR-13 02:00:00,0,0,0,0,0.00K,0.00K,Other Federal Agency,NA,NA,NA,NA,NA,NA,NA,NA,NA,NA,NA,NA,NA,NA,NA,NA,NA,NA,NA,NA,NA,Strong north winds along the louisiana coast behind a cold front caused a pair of low tides more than one foot below mllw.,A strong cold front moved through early in the month of March with north winds driving the tide levels below normal. The tide gage at Cameron reported water levels falling below one foot below mllw during the evening of the 2nd for a several hours into the 3rd. The tide fell to -1.5 feet at 10:50 AM.,CSV
201303,1,2200,201303,2,0,72220,435970,LOUISIANA,22,2013,March,Astronomical Low Tide,Z,52,VERMILION,22052,LCH,01-MAR-13 22:00:00,CST-6,02-MAR-13 00:00:00,0,0,0,0,0.00K,0.00K,Other Federal Agency,NA,NA,NA,NA,NA,NA,NA,NA,NA,NA,NA,NA,NA,NA,NA,NA,NA,NA,NA,NA,NA,Strong north winds along the louisiana coast behind a cold front caused a pair of low tides more than one foot below mllw.,A strong cold front moved through early in the month of March with north winds driving the tide levels below normal. The tide gage at Fresh Water Lock reported water levels falling below one foot below mllw during the evening of the 1st for a couple of hours.,CSV
201303,6,930,201303,6,930,72741,438862,FLORIDA,12,2013,March,Astronomical Low Tide,Z,25,DUVAL,12025,JAX,06-MAR-13 09:30:00,EST-5,06-MAR-13 09:30:00,0,0,0,0,NA,NA,C-MAN Station,NA,NA,NA,NA,NA,NA,NA,NA,NA,NA,NA,NA,NA,NA,NA,NA,NA,NA,NA,NA,NA,Strong offshore flow in the wake of a cold front combined created low astronomical tides.,The tide gauge at Mayport reported a minimum tide level of 0.04 feet above mean lower low water. This was 0.91 ft below predicted tide levels.,CSV
201303,6,936,201303,6,936,72741,438863,FLORIDA,12,2013,March,Astronomical Low Tide,Z,24,NASSAU,12024,JAX,06-MAR-13 09:36:00,EST-5,06-MAR-13 09:36:00,0,0,0,0,NA,NA,C-MAN Station,NA,NA,NA,NA,NA,NA,NA,NA,NA,NA,NA,NA,NA,NA,NA,NA,NA,NA,NA,NA,NA,Strong offshore flow in the wake of a cold front combined created low astronomical tides.,The tide gauge at Fernandina Beach reported a minimum tide level of 0.11 ft above mean lower low water. This was 1.42 ft below predicted tide levels.,CSV
201301,17,1800,201301,17,2300,71621,431008,ALASKA,2,2013,January,Astronomical Low Tide,Z,203,CENTRAL BEAUFORT SEA COAST,02203,AFG,17-JAN-13 18:00:00,AKST-9,17-JAN-13 23:00:00,0,0,0,0,0.00K,0.00K,ASOS,NA,NA,NA,NA,NA,NA,NA,NA,NA,NA,NA,NA,NA,NA,NA,NA,NA,NA,NA,NA,NA,A strong 1050 mb high over the arctic ocean produced strong winds along the North Slope. Temperatures of 20 to 30 below zero combined with a northeast wind of around 15 mph to produce wind chills as low as 61 below at the Deadhorse ASOS.,Minus 61 degrees Fahrenheit recorded at the Deadhorse ASOS in the evening of the 17th.,CSV
201303,1,2000,201303,2,600,72220,435940,LOUISIANA,22,2013,March,Astronomical Low Tide,Z,73,WEST CAMERON,22073,LCH,01-MAR-13 20:00:00,CST-6,02-MAR-13 06:00:00,0,0,0,0,0.00K,0.00K,Other Federal Agency,NA,NA,NA,NA,NA,NA,NA,NA,NA,NA,NA,NA,NA,NA,NA,NA,NA,NA,NA,NA,NA,Strong north winds along the louisiana coast behind a cold front caused a pair of low tides more than one foot below mllw.,A strong cold front moved through early in the month of March with north winds driving the tide levels below normal. The tide gage at Sabine Lake near Port Arthur reported water levels falling below one foot below mllw during the evening of the 1st for a several hours into the 2nd. The tide fell to -1.7 feet at 1:05 AM.,CSV
201303,2,2000,201303,3,600,72220,435941,LOUISIANA,22,2013,March,Astronomical Low Tide,Z,73,WEST CAMERON,22073,LCH,02-MAR-13 20:00:00,CST-6,03-MAR-13 06:00:00,0,0,0,0,0.00K,0.00K,Other Federal Agency,NA,NA,NA,NA,NA,NA,NA,NA,NA,NA,NA,NA,NA,NA,NA,NA,NA,NA,NA,NA,NA,Strong north winds along the louisiana coast behind a cold front caused a pair of low tides more than one foot below mllw.,A strong cold front moved through early in the month of March with north winds driving the tide levels below normal. The tide gage at Sabine Lake near Port Arthur reported water levels falling below one foot below mllw during the evening of the 2nd for a several hours into the 3rd. The tide fell to -1.7 feet at 1:05 AM.,CSV
201303,2,2000,201303,3,200,72220,435969,LOUISIANA,22,2013,March,Astronomical Low Tide,Z,52,VERMILION,22052,LCH,02-MAR-13 20:00:00,CST-6,03-MAR-13 02:00:00,0,0,0,0,0.00K,0.00K,Other Federal Agency,NA,NA,NA,NA,NA,NA,NA,NA,NA,NA,NA,NA,NA,NA,NA,NA,NA,NA,NA,NA,NA,Strong north winds along the louisiana coast behind a cold front caused a pair of low tides more than one foot below mllw.,A strong cold front moved through early in the month of March with north winds driving the tide levels below normal. The tide gage at Fresh Water Lock reported water levels falling below one foot below mllw during the evening of the 2nd for a several hours into the 3rd. The tide fell to -1.4 feet at 10:57 AM.,CSV
201302,19,400,201302,19,800,72131,435551,LOUISIANA,22,2013,February,Astronomical Low Tide,Z,73,WEST CAMERON,22073,LCH,19-FEB-13 04:00:00,CST-6,19-FEB-13 08:00:00,0,0,0,0,0.00K,0.00K,Other Federal Agency,NA,NA,NA,NA,NA,NA,NA,NA,NA,NA,NA,NA,NA,NA,NA,NA,NA,NA,NA,NA,NA,An isolated strong storm passed through western Louisiana ahead of a cold front. The strong north winds behind the cold front caused abnormally low tides along the coast.,The tide gage at Cameron reported water levels falling below one foot below mllw during the morning of the 19th for a few hours. The tide fell to -1.6 feet at 6:53 AM.,CSV
201302,19,400,201302,19,800,72131,435552,LOUISIANA,22,2013,February,Astronomical Low Tide,Z,74,EAST CAMERON,22074,LCH,19-FEB-13 04:00:00,CST-6,19-FEB-13 08:00:00,0,0,0,0,0.00K,0.00K,Other Federal Agency,NA,NA,NA,NA,NA,NA,NA,NA,NA,NA,NA,NA,NA,NA,NA,NA,NA,NA,NA,NA,NA,An isolated strong storm passed through western Louisiana ahead of a cold front. The strong north winds behind the cold front caused abnormally low tides along the coast.,The tide gage at Cameron reported water levels falling below one foot below mllw during the morning of the 19th for a few hours. The tide fell to -1.6 feet at 6:53 AM.,CSV
201302,19,500,201302,19,800,72131,435553,LOUISIANA,22,2013,February,Astronomical Low Tide,Z,52,VERMILION,22052,LCH,19-FEB-13 05:00:00,CST-6,19-FEB-13 08:00:00,0,0,0,0,0.00K,0.00K,Official NWS Observations,NA,NA,NA,NA,NA,NA,NA,NA,NA,NA,NA,NA,NA,NA,NA,NA,NA,NA,NA,NA,NA,An isolated strong storm passed through western Louisiana ahead of a cold front. The strong north winds behind the cold front caused abnormally low tides along the coast.,The tide gage at Fresh Water Lock reported water levels falling below one foot below mllw during the morning of the 19th for a few hours. The tide fell to -2.2 feet at 5:44 AM.,CSV
201303,1,2000,201303,2,600,72219,435569,TEXAS,48,2013,March,Astronomical Low Tide,Z,215,JEFFERSON,48215,LCH,01-MAR-13 20:00:00,CST-6,02-MAR-13 06:00:00,0,0,0,0,0.00K,0.00K,Other Federal Agency,NA,NA,NA,NA,NA,NA,NA,NA,NA,NA,NA,NA,NA,NA,NA,NA,NA,NA,NA,NA,NA,A strong north wind behind a cold front pushed the tides to less than one foot below mllw.,A strong cold front moved through early in the month of March with north winds driving the tide levels below normal. The tide gage at Port Arthur reported water levels falling below one foot below mllw during the evening of the 1st for several hours. The tide fell to -1.4 feet at 1:40 AM.,CSV
201305,25,500,201305,25,2000,74579,450919,DELAWARE,10,2013,May,Astronomical Low Tide,Z,1,NEW CASTLE,10001,PHI,25-MAY-13 05:00:00,EST-5,25-MAY-13 20:00:00,0,0,0,0,0.00K,0.00K,WLON,NA,NA,NA,NA,NA,NA,NA,NA,NA,NA,NA,NA,NA,NA,NA,NA,NA,NA,NA,NA,NA,The combination of a strong northwest flow around an anomalously strong (for late May) low pressure system slowly moving through the New England coastal waters and larger tidal spreads associated with the full moon caused pockets of blowout tides to occur during both low tide cycles on the 25th along tidal sections of the Delaware River and its tributaries. The lowest tide at Reedy Island reached 1.69 feet  below mean lower low water.  The lowest tide at Delaware City reached 1.70 feet below mean lower low water. Blowout tides start at 1.80 feet below mean lower low water.,NA,CSV
201305,25,600,201305,25,2100,73290,451376,NEW JERSEY,34,2013,May,Astronomical Low Tide,Z,17,GLOUCESTER,34017,PHI,25-MAY-13 06:00:00,EST-5,25-MAY-13 21:00:00,0,0,0,0,0.00K,0.00K,WLON,NA,NA,NA,NA,NA,NA,NA,NA,NA,NA,NA,NA,NA,NA,NA,NA,NA,NA,NA,NA,NA,The combination of a strong northwest flow around an anomalously strong (for late May) low pressure system slowly moving through the New England coastal waters and larger tidal spreads associated with the full moon caused pockets of blowout tides to occur during both low tide cycles on the 25th along tidal sections of the Delaware River and its tributaries. The lowest tide at Reedy Island in New Castle County Delaware reached 1.69 feet below mean lower low water.  The lowest tide that day in Philadelphia also reached 1.69 feet below mean lower low water. Blowout tides start at 1.80 feet below mean lower low water.,NA,CSV
201305,25,500,201305,25,2000,73290,450921,NEW JERSEY,34,2013,May,Astronomical Low Tide,Z,16,SALEM,34016,PHI,25-MAY-13 05:00:00,EST-5,25-MAY-13 20:00:00,0,0,0,0,0.00K,0.00K,WLON,NA,NA,NA,NA,NA,NA,NA,NA,NA,NA,NA,NA,NA,NA,NA,NA,NA,NA,NA,NA,NA,The combination of a strong northwest flow around an anomalously strong (for late May) low pressure system slowly moving through the New England coastal waters and larger tidal spreads associated with the full moon caused pockets of blowout tides to occur during both low tide cycles on the 25th along tidal sections of the Delaware River and its tributaries. The lowest tide at Reedy Island in New Castle County Delaware reached 1.69 feet below mean lower low water.  The lowest tide that day in Philadelphia also reached 1.69 feet below mean lower low water. Blowout tides start at 1.80 feet below mean lower low water.,NA,CSV
201305,25,630,201305,25,2130,73290,451377,NEW JERSEY,34,2013,May,Astronomical Low Tide,Z,18,CAMDEN,34018,PHI,25-MAY-13 06:30:00,EST-5,25-MAY-13 21:30:00,0,0,0,0,0.00K,0.00K,WLON,NA,NA,NA,NA,NA,NA,NA,NA,NA,NA,NA,NA,NA,NA,NA,NA,NA,NA,NA,NA,NA,The combination of a strong northwest flow around an anomalously strong (for late May) low pressure system slowly moving through the New England coastal waters and larger tidal spreads associated with the full moon caused pockets of blowout tides to occur during both low tide cycles on the 25th along tidal sections of the Delaware River and its tributaries. The lowest tide at Reedy Island in New Castle County Delaware reached 1.69 feet below mean lower low water.  The lowest tide that day in Philadelphia also reached 1.69 feet below mean lower low water. Blowout tides start at 1.80 feet below mean lower low water.,NA,CSV
201305,25,630,201305,25,2130,73290,451378,NEW JERSEY,34,2013,May,Astronomical Low Tide,Z,19,NORTHWESTERN BURLINGTON,34019,PHI,25-MAY-13 06:30:00,EST-5,25-MAY-13 21:30:00,0,0,0,0,0.00K,0.00K,WLON,NA,NA,NA,NA,NA,NA,NA,NA,NA,NA,NA,NA,NA,NA,NA,NA,NA,NA,NA,NA,NA,The combination of a strong northwest flow around an anomalously strong (for late May) low pressure system slowly moving through the New England coastal waters and larger tidal spreads associated with the full moon caused pockets of blowout tides to occur during both low tide cycles on the 25th along tidal sections of the Delaware River and its tributaries. The lowest tide at Reedy Island in New Castle County Delaware reached 1.69 feet below mean lower low water.  The lowest tide that day in Philadelphia also reached 1.69 feet below mean lower low water. Blowout tides start at 1.80 feet below mean lower low water.,NA,CSV
201305,25,630,201305,25,2130,73291,450926,PENNSYLVANIA,42,2013,May,Astronomical Low Tide,Z,71,PHILADELPHIA,42071,PHI,25-MAY-13 06:30:00,EST-5,25-MAY-13 21:30:00,0,0,0,0,0.00K,0.00K,WLON,NA,NA,NA,NA,NA,NA,NA,NA,NA,NA,NA,NA,NA,NA,NA,NA,NA,NA,NA,NA,NA,The combination of a strong northwest flow around an anomalously strong (for late May) low pressure system slowly moving through the New England coastal waters and larger tidal spreads associated with the full moon caused pockets of blowout tides to occur during both low tide cycles on the 25th along tidal sections of the Delaware River and its tributaries. The lowest tide in Philadelphia reached 1.69 feet below mean lower low water. Blowout tides start at 1.80 feet below mean lower low water.,NA,CSV
201305,25,600,201305,25,2100,73291,450927,PENNSYLVANIA,42,2013,May,Astronomical Low Tide,Z,70,DELAWARE,42070,PHI,25-MAY-13 06:00:00,EST-5,25-MAY-13 21:00:00,0,0,0,0,0.00K,0.00K,WLON,NA,NA,NA,NA,NA,NA,NA,NA,NA,NA,NA,NA,NA,NA,NA,NA,NA,NA,NA,NA,NA,The combination of a strong northwest flow around an anomalously strong (for late May) low pressure system slowly moving through the New England coastal waters and larger tidal spreads associated with the full moon caused pockets of blowout tides to occur during both low tide cycles on the 25th along tidal sections of the Delaware River and its tributaries. The lowest tide in Philadelphia reached 1.69 feet below mean lower low water. Blowout tides start at 1.80 feet below mean lower low water.,NA,CSV
201311,24,900,201311,24,1100,81046,485557,DELAWARE,10,2013,November,Astronomical Low Tide,Z,1,NEW CASTLE,10001,PHI,24-NOV-13 09:00:00,EST-5,24-NOV-13 11:00:00,0,0,0,0,0.00K,0.00K,WLON,NA,NA,NA,NA,NA,NA,NA,NA,NA,NA,NA,NA,NA,NA,NA,NA,NA,NA,NA,NA,NA,"The very persistent and strong northwest flow that started during the evening of the 23rd caused blowout tide conditions during the morning low tide cycle on the 24th along tidal sections of the Delaware River. At Reedy Island, the low tide reached 1.90 feet below mean lower low water.  Blowout tides start at 1.80 feet below mean lower low water.",NA,CSV
201311,24,900,201311,24,1200,81047,485558,NEW JERSEY,34,2013,November,Astronomical Low Tide,Z,16,SALEM,34016,PHI,24-NOV-13 09:00:00,EST-5,24-NOV-13 12:00:00,0,0,0,0,0.00K,0.00K,WLON,NA,NA,NA,NA,NA,NA,NA,NA,NA,NA,NA,NA,NA,NA,NA,NA,NA,NA,NA,NA,NA,"The very persistent and strong northwest flow that started during the evening of the 23rd caused blowout tide conditions during the daytime low tide cycle on the 24th along tidal sections of the Delaware River in New Jersey. At Reedy Island (Delaware), the low tide reached 1.90 feet below mean lower low water.  In Philadelphia, the low tide reached 2.34 feet below mean lower low water. Blowout tides start at both locations at 1.80 feet below mean lower low water.",NA,CSV
201311,24,1100,201311,24,1300,81047,485560,NEW JERSEY,34,2013,November,Astronomical Low Tide,Z,18,CAMDEN,34018,PHI,24-NOV-13 11:00:00,EST-5,24-NOV-13 13:00:00,0,0,0,0,0.00K,0.00K,WLON,NA,NA,NA,NA,NA,NA,NA,NA,NA,NA,NA,NA,NA,NA,NA,NA,NA,NA,NA,NA,NA,"The very persistent and strong northwest flow that started during the evening of the 23rd caused blowout tide conditions during the daytime low tide cycle on the 24th along tidal sections of the Delaware River in New Jersey. At Reedy Island (Delaware), the low tide reached 1.90 feet below mean lower low water.  In Philadelphia, the low tide reached 2.34 feet below mean lower low water. Blowout tides start at both locations at 1.80 feet below mean lower low water.",NA,CSV
201311,24,1000,201311,24,1200,81047,485559,NEW JERSEY,34,2013,November,Astronomical Low Tide,Z,17,GLOUCESTER,34017,PHI,24-NOV-13 10:00:00,EST-5,24-NOV-13 12:00:00,0,0,0,0,0.00K,0.00K,WLON,NA,NA,NA,NA,NA,NA,NA,NA,NA,NA,NA,NA,NA,NA,NA,NA,NA,NA,NA,NA,NA,"The very persistent and strong northwest flow that started during the evening of the 23rd caused blowout tide conditions during the daytime low tide cycle on the 24th along tidal sections of the Delaware River in New Jersey. At Reedy Island (Delaware), the low tide reached 1.90 feet below mean lower low water.  In Philadelphia, the low tide reached 2.34 feet below mean lower low water. Blowout tides start at both locations at 1.80 feet below mean lower low water.",NA,CSV
201311,24,1100,201311,24,1400,81047,485561,NEW JERSEY,34,2013,November,Astronomical Low Tide,Z,19,NORTHWESTERN BURLINGTON,34019,PHI,24-NOV-13 11:00:00,EST-5,24-NOV-13 14:00:00,0,0,0,0,0.00K,0.00K,WLON,NA,NA,NA,NA,NA,NA,NA,NA,NA,NA,NA,NA,NA,NA,NA,NA,NA,NA,NA,NA,NA,"The very persistent and strong northwest flow that started during the evening of the 23rd caused blowout tide conditions during the daytime low tide cycle on the 24th along tidal sections of the Delaware River in New Jersey. At Reedy Island (Delaware), the low tide reached 1.90 feet below mean lower low water.  In Philadelphia, the low tide reached 2.34 feet below mean lower low water. Blowout tides start at both locations at 1.80 feet below mean lower low water.",NA,CSV
201311,24,1000,201311,24,1200,81048,485562,PENNSYLVANIA,42,2013,November,Astronomical Low Tide,Z,70,DELAWARE,42070,PHI,24-NOV-13 10:00:00,EST-5,24-NOV-13 12:00:00,0,0,0,0,0.00K,0.00K,WLON,NA,NA,NA,NA,NA,NA,NA,NA,NA,NA,NA,NA,NA,NA,NA,NA,NA,NA,NA,NA,NA,"The very persistent and strong northwest flow that started during the evening of the 23rd caused blowout tide conditions during the daytime low tide cycle on the 24th along tidal sections of the Delaware River in Pennsylvania. In Philadelphia, the low tide reached 2.34 feet below mean lower low water. Blowout tides start at 1.80 feet below mean lower low water.",NA,CSV
201311,24,1100,201311,24,1300,81048,485563,PENNSYLVANIA,42,2013,November,Astronomical Low Tide,Z,71,PHILADELPHIA,42071,PHI,24-NOV-13 11:00:00,EST-5,24-NOV-13 13:00:00,0,0,0,0,0.00K,0.00K,WLON,NA,NA,NA,NA,NA,NA,NA,NA,NA,NA,NA,NA,NA,NA,NA,NA,NA,NA,NA,NA,NA,"The very persistent and strong northwest flow that started during the evening of the 23rd caused blowout tide conditions during the daytime low tide cycle on the 24th along tidal sections of the Delaware River in Pennsylvania. In Philadelphia, the low tide reached 2.34 feet below mean lower low water. Blowout tides start at 1.80 feet below mean lower low water.",NA,CSV
201401,7,1800,201401,7,2000,81577,492910,NEW JERSEY,34,2014,January,Astronomical Low Tide,Z,12,MIDDLESEX,34012,PHI,07-JAN-14 18:00:00,EST-5,07-JAN-14 20:00:00,0,0,0,0,0.00K,0.00K,WLON,NA,NA,NA,NA,NA,NA,NA,NA,NA,NA,NA,NA,NA,NA,NA,NA,NA,NA,NA,NA,NA,"The very persistent and strong west winds that started during the day on the 6th caused blowout tide conditions during the early evening low tide cycle on the 7th along Raritan Bay and the ocean front in New Jersey. Tidal departures in Delaware Bay barely avoided blowout conditions. At Sandy Hook (Monmouth County), the low tide reached 1.95 feet below mean lower low water, in Atlantic City (Atlantic County) 2.08 feet below mean lower low water, Stone Harbor (Cape May County), 1.86 feet below mean lower low water and Cape May Harbor (Cape May County), 1.88 feet below mean lower low water.  Blowout tide conditions start at 1.80 feet below mean lower low water. The west winds decreased overnight and while tides were below astronomical levels, additional blowout conditions did not occur.",NA,CSV
201401,7,1230,201401,7,1500,81997,492925,NEW JERSEY,34,2014,January,Astronomical Low Tide,Z,19,NORTHWESTERN BURLINGTON,34019,PHI,07-JAN-14 12:30:00,EST-5,07-JAN-14 15:00:00,0,0,0,0,0.00K,0.00K,River/Stream Gage,NA,NA,NA,NA,NA,NA,NA,NA,NA,NA,NA,NA,NA,NA,NA,NA,NA,NA,NA,NA,NA,"The very persistent and strong west winds that started during the day on the 6th caused blowout tide conditions during the daytime low tide cycle on the 7th along tidal sections of the Delaware River and its tributaries in New Jersey. At Reedy Island (Delaware), the low tide reached 2.18 feet below mean lower low water. In Philadelphia, the low tide reached 2.03 feet below mean lower low water. Blowout tide conditions start at both locations at 1.80 feet below mean lower low water. The west wind decreased overnight and the subsequent low tide cycle fell just short of reaching blowout tide conditions again in Philadelphia.",NA,CSV
201401,7,1000,201401,7,1300,81576,492927,DELAWARE,10,2014,January,Astronomical Low Tide,Z,1,NEW CASTLE,10001,PHI,07-JAN-14 10:00:00,EST-5,07-JAN-14 13:00:00,0,0,0,0,0.00K,0.00K,WLON,NA,NA,NA,NA,NA,NA,NA,NA,NA,NA,NA,NA,NA,NA,NA,NA,NA,NA,NA,NA,NA,"The very persistent and strong west winds that started during the day on the 6th caused blowout tide conditions during the daytime low tide cycle on the 7th along tidal sections of the Delaware River and its tributaries in New Castle County. Blowout tide conditions were just missed farther south in Delaware Bay on the 7th.  At Reedy Island, the low tide reached 2.18 feet below mean lower low water.  Blowout tide conditions start at 1.80 feet below mean lower low water.",NA,CSV
201401,7,1800,201401,7,2000,81577,492911,NEW JERSEY,34,2014,January,Astronomical Low Tide,Z,13,WESTERN MONMOUTH,34013,PHI,07-JAN-14 18:00:00,EST-5,07-JAN-14 20:00:00,0,0,0,0,0.00K,0.00K,WLON,NA,NA,NA,NA,NA,NA,NA,NA,NA,NA,NA,NA,NA,NA,NA,NA,NA,NA,NA,NA,NA,"The very persistent and strong west winds that started during the day on the 6th caused blowout tide conditions during the early evening low tide cycle on the 7th along Raritan Bay and the ocean front in New Jersey. Tidal departures in Delaware Bay barely avoided blowout conditions. At Sandy Hook (Monmouth County), the low tide reached 1.95 feet below mean lower low water, in Atlantic City (Atlantic County) 2.08 feet below mean lower low water, Stone Harbor (Cape May County), 1.86 feet below mean lower low water and Cape May Harbor (Cape May County), 1.88 feet below mean lower low water.  Blowout tide conditions start at 1.80 feet below mean lower low water. The west winds decreased overnight and while tides were below astronomical levels, additional blowout conditions did not occur.",NA,CSV
201401,2,630,201401,2,1300,82323,495386,LOUISIANA,22,2014,January,Astronomical Low Tide,Z,74,EAST CAMERON,22074,LCH,02-JAN-14 06:30:00,CST-6,02-JAN-14 13:00:00,0,0,0,0,0.00K,0.00K,River/Stream Gage,NA,NA,NA,NA,NA,NA,NA,NA,NA,NA,NA,NA,NA,NA,NA,NA,NA,NA,NA,NA,NA,A strong cold front passed through the region during the 2nd with strong north winds behind the boundary. These strong winds pushed tides below normal.,A strong cold front moved through during the 2nd with north winds driving the tide levels below normal. The tide gage at Cameron reported water levels falling below one foot below mllw during the morning and into the afternoon. The tide fell to -2.39 feet at 9:56 AM CST.,CSV
201401,7,1130,201401,7,1330,81578,492933,PENNSYLVANIA,42,2014,January,Astronomical Low Tide,Z,70,DELAWARE,42070,PHI,07-JAN-14 11:30:00,EST-5,07-JAN-14 13:30:00,0,0,0,0,0.00K,0.00K,River/Stream Gage,NA,NA,NA,NA,NA,NA,NA,NA,NA,NA,NA,NA,NA,NA,NA,NA,NA,NA,NA,NA,NA,"The very persistent and strong west winds that started during the day on the 6th caused blowout tide conditions during the daytime low tide cycle on the 7th along tidal sections of the Delaware River and its tributaries in Pennsylvania. In Philadelphia, the low tide reached 2.03 feet below mean lower low water. Blowout tide conditions start at 1.80 feet below mean lower low water. The west wind decreased overnight and the subsequent low tide cycle fell just short of reaching blowout tide conditions again.",NA,CSV
201401,7,1800,201401,7,2000,81577,492912,NEW JERSEY,34,2014,January,Astronomical Low Tide,Z,14,EASTERN MONMOUTH,34014,PHI,07-JAN-14 18:00:00,EST-5,07-JAN-14 20:00:00,0,0,0,0,0.00K,0.00K,WLON,NA,NA,NA,NA,NA,NA,NA,NA,NA,NA,NA,NA,NA,NA,NA,NA,NA,NA,NA,NA,NA,"The very persistent and strong west winds that started during the day on the 6th caused blowout tide conditions during the early evening low tide cycle on the 7th along Raritan Bay and the ocean front in New Jersey. Tidal departures in Delaware Bay barely avoided blowout conditions. At Sandy Hook (Monmouth County), the low tide reached 1.95 feet below mean lower low water, in Atlantic City (Atlantic County) 2.08 feet below mean lower low water, Stone Harbor (Cape May County), 1.86 feet below mean lower low water and Cape May Harbor (Cape May County), 1.88 feet below mean lower low water.  Blowout tide conditions start at 1.80 feet below mean lower low water. The west winds decreased overnight and while tides were below astronomical levels, additional blowout conditions did not occur.",NA,CSV
201401,6,30,201401,6,1500,81115,495363,LOUISIANA,22,2014,January,Astronomical Low Tide,Z,52,VERMILION,22052,LCH,06-JAN-14 00:30:00,CST-6,06-JAN-14 15:00:00,0,0,0,0,0.00K,0.00K,River/Stream Gage,NA,NA,NA,NA,NA,NA,NA,NA,NA,NA,NA,NA,NA,NA,NA,NA,NA,NA,NA,NA,NA,A strong cold front swept through during the 5th with strong north winds behind the boundary pushing tides below normal and hindering ship traffic. Very cold temperatures also swept into South Louisiana behind the boundary. Two people were reported dead from exposure.,A strong cold front moved through during the 5th with north winds driving the tide levels below normal. The tide gage at Freshwater canal and locks reported water levels falling below one foot below mllw during the early morning and into the afternoon during the 6th. The tide fell to -1.68 feet at 2:45 AM CST.,CSV
201401,7,1200,201401,7,1400,81578,492931,PENNSYLVANIA,42,2014,January,Astronomical Low Tide,Z,71,PHILADELPHIA,42071,PHI,07-JAN-14 12:00:00,EST-5,07-JAN-14 14:00:00,0,0,0,0,0.00K,0.00K,River/Stream Gage,NA,NA,NA,NA,NA,NA,NA,NA,NA,NA,NA,NA,NA,NA,NA,NA,NA,NA,NA,NA,NA,"The very persistent and strong west winds that started during the day on the 6th caused blowout tide conditions during the daytime low tide cycle on the 7th along tidal sections of the Delaware River and its tributaries in Pennsylvania. In Philadelphia, the low tide reached 2.03 feet below mean lower low water. Blowout tide conditions start at 1.80 feet below mean lower low water. The west wind decreased overnight and the subsequent low tide cycle fell just short of reaching blowout tide conditions again.",NA,CSV
201401,5,2230,201401,6,1500,81115,495327,LOUISIANA,22,2014,January,Astronomical Low Tide,Z,73,WEST CAMERON,22073,LCH,05-JAN-14 22:30:00,CST-6,06-JAN-14 15:00:00,0,0,0,0,0.00K,0.00K,River/Stream Gage,NA,NA,NA,NA,NA,NA,NA,NA,NA,NA,NA,NA,NA,NA,NA,NA,NA,NA,NA,NA,NA,A strong cold front swept through during the 5th with strong north winds behind the boundary pushing tides below normal and hindering ship traffic. Very cold temperatures also swept into South Louisiana behind the boundary. Two people were reported dead from exposure.,A strong cold front moved through during the 5th with north winds driving the tide levels below normal. The tide gage at Cameron reported water levels falling below one foot below mllw during the late evening of the 5th and into the following afternoon during the 6th. The tide fell to -1.9 feet at 1:50 AM CST.,CSV
201401,5,2230,201401,6,1500,81115,495328,LOUISIANA,22,2014,January,Astronomical Low Tide,Z,74,EAST CAMERON,22074,LCH,05-JAN-14 22:30:00,CST-6,06-JAN-14 15:00:00,0,0,0,0,0.00K,0.00K,River/Stream Gage,NA,NA,NA,NA,NA,NA,NA,NA,NA,NA,NA,NA,NA,NA,NA,NA,NA,NA,NA,NA,NA,A strong cold front swept through during the 5th with strong north winds behind the boundary pushing tides below normal and hindering ship traffic. Very cold temperatures also swept into South Louisiana behind the boundary. Two people were reported dead from exposure.,A strong cold front moved through during the 5th with north winds driving the tide levels below normal. The tide gage at Cameron reported water levels falling below one foot below mllw during the late evening of the 5th and into the following afternoon during the 6th. The tide fell to -1.9 feet at 1:50 AM CST.,CSV
201401,5,2330,201401,6,1430,82321,495367,TEXAS,48,2014,January,Astronomical Low Tide,Z,215,JEFFERSON,48215,LCH,05-JAN-14 23:30:00,CST-6,06-JAN-14 14:30:00,0,0,0,0,0.00K,0.00K,River/Stream Gage,NA,NA,NA,NA,NA,NA,NA,NA,NA,NA,NA,NA,NA,NA,NA,NA,NA,NA,NA,NA,NA,A strong cold front with blustery north winds passed through the region during the 5th pushing tides below normal.,A strong cold front moved through during the 5th with north winds driving the tide levels below normal. The tide gage at Sabine Pass reported water levels falling below one foot below mllw during the late evening and into the following afternoon during the 6th. The tide fell to -1.46 feet at 2:17 AM CST.,CSV
201401,7,1800,201401,7,2000,81577,492913,NEW JERSEY,34,2014,January,Astronomical Low Tide,Z,26,EASTERN OCEAN,34026,PHI,07-JAN-14 18:00:00,EST-5,07-JAN-14 20:00:00,0,0,0,0,0.00K,0.00K,WLON,NA,NA,NA,NA,NA,NA,NA,NA,NA,NA,NA,NA,NA,NA,NA,NA,NA,NA,NA,NA,NA,"The very persistent and strong west winds that started during the day on the 6th caused blowout tide conditions during the early evening low tide cycle on the 7th along Raritan Bay and the ocean front in New Jersey. Tidal departures in Delaware Bay barely avoided blowout conditions. At Sandy Hook (Monmouth County), the low tide reached 1.95 feet below mean lower low water, in Atlantic City (Atlantic County) 2.08 feet below mean lower low water, Stone Harbor (Cape May County), 1.86 feet below mean lower low water and Cape May Harbor (Cape May County), 1.88 feet below mean lower low water.  Blowout tide conditions start at 1.80 feet below mean lower low water. The west winds decreased overnight and while tides were below astronomical levels, additional blowout conditions did not occur.",NA,CSV
201401,3,700,201401,3,1130,82323,495837,LOUISIANA,22,2014,January,Astronomical Low Tide,Z,73,WEST CAMERON,22073,LCH,03-JAN-14 07:00:00,CST-6,03-JAN-14 11:30:00,0,0,0,0,0.00K,0.00K,River/Stream Gage,NA,NA,NA,NA,NA,NA,NA,NA,NA,NA,NA,NA,NA,NA,NA,NA,NA,NA,NA,NA,NA,A strong cold front passed through the region during the 2nd with strong north winds behind the boundary. These strong winds pushed tides below normal.,A strong cold front moved through during the 2nd with north winds driving the tide levels below normal. The tide gage at Cameron reported water levels falling below one foot below mllw during the morning of the 3rd. The tide fell to -1.4 feet at 8:58 AM CST at Cameron and -1.23 at Sabine Pass at 9:26 AM CST.,CSV
201401,7,1800,201401,7,2000,81577,492914,NEW JERSEY,34,2014,January,Astronomical Low Tide,Z,25,EASTERN ATLANTIC,34025,PHI,07-JAN-14 18:00:00,EST-5,07-JAN-14 20:00:00,0,0,0,0,0.00K,0.00K,WLON,NA,NA,NA,NA,NA,NA,NA,NA,NA,NA,NA,NA,NA,NA,NA,NA,NA,NA,NA,NA,NA,"The very persistent and strong west winds that started during the day on the 6th caused blowout tide conditions during the early evening low tide cycle on the 7th along Raritan Bay and the ocean front in New Jersey. Tidal departures in Delaware Bay barely avoided blowout conditions. At Sandy Hook (Monmouth County), the low tide reached 1.95 feet below mean lower low water, in Atlantic City (Atlantic County) 2.08 feet below mean lower low water, Stone Harbor (Cape May County), 1.86 feet below mean lower low water and Cape May Harbor (Cape May County), 1.88 feet below mean lower low water.  Blowout tide conditions start at 1.80 feet below mean lower low water. The west winds decreased overnight and while tides were below astronomical levels, additional blowout conditions did not occur.",NA,CSV
201401,2,630,201401,2,1300,82323,495383,LOUISIANA,22,2014,January,Astronomical Low Tide,Z,73,WEST CAMERON,22073,LCH,02-JAN-14 06:30:00,CST-6,02-JAN-14 13:00:00,0,0,0,0,0.00K,0.00K,River/Stream Gage,NA,NA,NA,NA,NA,NA,NA,NA,NA,NA,NA,NA,NA,NA,NA,NA,NA,NA,NA,NA,NA,A strong cold front passed through the region during the 2nd with strong north winds behind the boundary. These strong winds pushed tides below normal.,A strong cold front moved through during the 2nd with north winds driving the tide levels below normal. The tide gage at Cameron reported water levels falling below one foot below mllw during the morning and into the afternoon. The tide fell to -2.39 feet at 9:56 AM CST.,CSV
201401,28,300,201401,28,500,81010,496851,NEW JERSEY,34,2014,January,Astronomical Low Tide,Z,17,GLOUCESTER,34017,PHI,28-JAN-14 03:00:00,EST-5,28-JAN-14 05:00:00,0,0,0,0,0.00K,0.00K,River/Stream Gage,NA,NA,NA,NA,NA,NA,NA,NA,NA,NA,NA,NA,NA,NA,NA,NA,NA,NA,NA,NA,NA,"The very persistent and strong northwest flow that started during the afternoon of the 27th caused blowout tide conditions during the morning low tide cycle on the 28th along tidal sections of the Delaware River in New Jersey. In Philadelphia, the low tide reached 1.87 feet below mean lower low water; in Burlington (Burlington County), 1.90 feet below mean lower low water and on Newbold Island (Bucks County) 1.84 feet below mean lower low water. Blowout tides start at all locations at 1.80 feet below mean lower low water.",NA,CSV
201401,28,400,201401,28,600,81010,496852,NEW JERSEY,34,2014,January,Astronomical Low Tide,Z,18,CAMDEN,34018,PHI,28-JAN-14 04:00:00,EST-5,28-JAN-14 06:00:00,0,0,0,0,0.00K,0.00K,River/Stream Gage,NA,NA,NA,NA,NA,NA,NA,NA,NA,NA,NA,NA,NA,NA,NA,NA,NA,NA,NA,NA,NA,"The very persistent and strong northwest flow that started during the afternoon of the 27th caused blowout tide conditions during the morning low tide cycle on the 28th along tidal sections of the Delaware River in New Jersey. In Philadelphia, the low tide reached 1.87 feet below mean lower low water; in Burlington (Burlington County), 1.90 feet below mean lower low water and on Newbold Island (Bucks County) 1.84 feet below mean lower low water. Blowout tides start at all locations at 1.80 feet below mean lower low water.",NA,CSV
201401,28,500,201401,28,700,81011,496845,PENNSYLVANIA,42,2014,January,Astronomical Low Tide,Z,106,LOWER BUCKS,42106,PHI,28-JAN-14 05:00:00,EST-5,28-JAN-14 07:00:00,0,0,0,0,0.00K,0.00K,River/Stream Gage,NA,NA,NA,NA,NA,NA,NA,NA,NA,NA,NA,NA,NA,NA,NA,NA,NA,NA,NA,NA,NA,"The very persistent and strong northwest flow that started during the afternoon of the 27th caused blowout tide conditions during the morning low tide cycle on the 28th along tidal sections of the Delaware River in Pennsylvania. In Philadelphia, the low tide reached 1.87 feet below mean lower low water and on Newbold Island (Bucks County) the low tide reached 1.84 feet below mean lower low water. Blowout tides start at both locations at 1.80 feet below mean lower low water.",NA,CSV
201401,7,1800,201401,7,2000,81577,492915,NEW JERSEY,34,2014,January,Astronomical Low Tide,Z,24,EASTERN CAPE MAY,34024,PHI,07-JAN-14 18:00:00,EST-5,07-JAN-14 20:00:00,0,0,0,0,0.00K,0.00K,WLON,NA,NA,NA,NA,NA,NA,NA,NA,NA,NA,NA,NA,NA,NA,NA,NA,NA,NA,NA,NA,NA,"The very persistent and strong west winds that started during the day on the 6th caused blowout tide conditions during the early evening low tide cycle on the 7th along Raritan Bay and the ocean front in New Jersey. Tidal departures in Delaware Bay barely avoided blowout conditions. At Sandy Hook (Monmouth County), the low tide reached 1.95 feet below mean lower low water, in Atlantic City (Atlantic County) 2.08 feet below mean lower low water, Stone Harbor (Cape May County), 1.86 feet below mean lower low water and Cape May Harbor (Cape May County), 1.88 feet below mean lower low water.  Blowout tide conditions start at 1.80 feet below mean lower low water. The west winds decreased overnight and while tides were below astronomical levels, additional blowout conditions did not occur.",NA,CSV
201401,28,500,201401,28,700,81010,496853,NEW JERSEY,34,2014,January,Astronomical Low Tide,Z,19,NORTHWESTERN BURLINGTON,34019,PHI,28-JAN-14 05:00:00,EST-5,28-JAN-14 07:00:00,0,0,0,0,0.00K,0.00K,River/Stream Gage,NA,NA,NA,NA,NA,NA,NA,NA,NA,NA,NA,NA,NA,NA,NA,NA,NA,NA,NA,NA,NA,"The very persistent and strong northwest flow that started during the afternoon of the 27th caused blowout tide conditions during the morning low tide cycle on the 28th along tidal sections of the Delaware River in New Jersey. In Philadelphia, the low tide reached 1.87 feet below mean lower low water; in Burlington (Burlington County), 1.90 feet below mean lower low water and on Newbold Island (Bucks County) 1.84 feet below mean lower low water. Blowout tides start at all locations at 1.80 feet below mean lower low water.",NA,CSV
201401,28,400,201401,28,600,81011,496846,PENNSYLVANIA,42,2014,January,Astronomical Low Tide,Z,71,PHILADELPHIA,42071,PHI,28-JAN-14 04:00:00,EST-5,28-JAN-14 06:00:00,0,0,0,0,0.00K,0.00K,River/Stream Gage,NA,NA,NA,NA,NA,NA,NA,NA,NA,NA,NA,NA,NA,NA,NA,NA,NA,NA,NA,NA,NA,"The very persistent and strong northwest flow that started during the afternoon of the 27th caused blowout tide conditions during the morning low tide cycle on the 28th along tidal sections of the Delaware River in Pennsylvania. In Philadelphia, the low tide reached 1.87 feet below mean lower low water and on Newbold Island (Bucks County) the low tide reached 1.84 feet below mean lower low water. Blowout tides start at both locations at 1.80 feet below mean lower low water.",NA,CSV
201401,28,300,201401,28,500,81011,496850,PENNSYLVANIA,42,2014,January,Astronomical Low Tide,Z,70,DELAWARE,42070,PHI,28-JAN-14 03:00:00,EST-5,28-JAN-14 05:00:00,0,0,0,0,0.00K,0.00K,River/Stream Gage,NA,NA,NA,NA,NA,NA,NA,NA,NA,NA,NA,NA,NA,NA,NA,NA,NA,NA,NA,NA,NA,"The very persistent and strong northwest flow that started during the afternoon of the 27th caused blowout tide conditions during the morning low tide cycle on the 28th along tidal sections of the Delaware River in Pennsylvania. In Philadelphia, the low tide reached 1.87 feet below mean lower low water and on Newbold Island (Bucks County) the low tide reached 1.84 feet below mean lower low water. Blowout tides start at both locations at 1.80 feet below mean lower low water.",NA,CSV
201401,7,1130,201401,7,1330,81997,492923,NEW JERSEY,34,2014,January,Astronomical Low Tide,Z,17,GLOUCESTER,34017,PHI,07-JAN-14 11:30:00,EST-5,07-JAN-14 13:30:00,0,0,0,0,0.00K,0.00K,River/Stream Gage,NA,NA,NA,NA,NA,NA,NA,NA,NA,NA,NA,NA,NA,NA,NA,NA,NA,NA,NA,NA,NA,"The very persistent and strong west winds that started during the day on the 6th caused blowout tide conditions during the daytime low tide cycle on the 7th along tidal sections of the Delaware River and its tributaries in New Jersey. At Reedy Island (Delaware), the low tide reached 2.18 feet below mean lower low water. In Philadelphia, the low tide reached 2.03 feet below mean lower low water. Blowout tide conditions start at both locations at 1.80 feet below mean lower low water. The west wind decreased overnight and the subsequent low tide cycle fell just short of reaching blowout tide conditions again in Philadelphia.",NA,CSV
201401,7,1000,201401,7,1300,81997,492921,NEW JERSEY,34,2014,January,Astronomical Low Tide,Z,16,SALEM,34016,PHI,07-JAN-14 10:00:00,EST-5,07-JAN-14 13:00:00,0,0,0,0,0.00K,0.00K,WLON,NA,NA,NA,NA,NA,NA,NA,NA,NA,NA,NA,NA,NA,NA,NA,NA,NA,NA,NA,NA,NA,"The very persistent and strong west winds that started during the day on the 6th caused blowout tide conditions during the daytime low tide cycle on the 7th along tidal sections of the Delaware River and its tributaries in New Jersey. At Reedy Island (Delaware), the low tide reached 2.18 feet below mean lower low water. In Philadelphia, the low tide reached 2.03 feet below mean lower low water. Blowout tide conditions start at both locations at 1.80 feet below mean lower low water. The west wind decreased overnight and the subsequent low tide cycle fell just short of reaching blowout tide conditions again in Philadelphia.",NA,CSV
201401,7,1200,201401,7,1400,81997,492924,NEW JERSEY,34,2014,January,Astronomical Low Tide,Z,18,CAMDEN,34018,PHI,07-JAN-14 12:00:00,EST-5,07-JAN-14 14:00:00,0,0,0,0,0.00K,0.00K,River/Stream Gage,NA,NA,NA,NA,NA,NA,NA,NA,NA,NA,NA,NA,NA,NA,NA,NA,NA,NA,NA,NA,NA,"The very persistent and strong west winds that started during the day on the 6th caused blowout tide conditions during the daytime low tide cycle on the 7th along tidal sections of the Delaware River and its tributaries in New Jersey. At Reedy Island (Delaware), the low tide reached 2.18 feet below mean lower low water. In Philadelphia, the low tide reached 2.03 feet below mean lower low water. Blowout tide conditions start at both locations at 1.80 feet below mean lower low water. The west wind decreased overnight and the subsequent low tide cycle fell just short of reaching blowout tide conditions again in Philadelphia.",NA,CSV
201401,3,318,201401,3,318,81131,486232,FLORIDA,12,2014,January,Astronomical Low Tide,Z,25,DUVAL,12025,JAX,03-JAN-14 03:18:00,EST-5,03-JAN-14 03:18:00,0,0,0,0,NA,NA,Other Federal Agency,NA,NA,NA,NA,NA,NA,NA,NA,NA,NA,NA,NA,NA,NA,NA,NA,NA,NA,NA,NA,NA,Strong NW flow trailing a cold front combined with low astronomical tides created Blow-Out tides along and offshore of the SE Ga and NE Fl coastline.,Blow-out tide levels reached -5.16 ft below NAVD88 on the St. Johns River tidal gauge at Mayport. This was 0.85 ft below the predicted low tide level.,CSV
201401,3,342,201401,3,342,81131,486233,FLORIDA,12,2014,January,Astronomical Low Tide,Z,24,NASSAU,12024,JAX,03-JAN-14 03:42:00,EST-5,03-JAN-14 03:42:00,0,0,0,0,NA,NA,Other Federal Agency,NA,NA,NA,NA,NA,NA,NA,NA,NA,NA,NA,NA,NA,NA,NA,NA,NA,NA,NA,NA,NA,Strong NW flow trailing a cold front combined with low astronomical tides created Blow-Out tides along and offshore of the SE Ga and NE Fl coastline.,Blow-out tide levels reached -6.45 ft below NAVD88 at the Fernandina Beach tide gage. This was 1.21 ft below the predicted low tide level.,CSV
201401,3,330,201401,3,330,81133,486234,GEORGIA,13,2014,January,Astronomical Low Tide,Z,166,COASTAL CAMDEN,13166,JAX,03-JAN-14 03:30:00,EST-5,03-JAN-14 03:30:00,0,0,0,0,NA,NA,Other Federal Agency,NA,NA,NA,NA,NA,NA,NA,NA,NA,NA,NA,NA,NA,NA,NA,NA,NA,NA,NA,NA,NA,Strong NW flow trailing a cold front combined with low astronomical tides created Blow-Out tides along and offshore of the SE Ga and NE Fl coastline.,Blow-out tide levels reached -6.70 feet below NAVD88 at the Sea Camp Dock tidal gage on Cumberland Island. this was about 1.50 ft below predicted low tide levels.,CSV
201401,3,330,201401,3,330,81133,486235,GEORGIA,13,2014,January,Astronomical Low Tide,Z,154,COASTAL GLYNN,13154,JAX,03-JAN-14 03:30:00,EST-5,03-JAN-14 03:30:00,0,0,0,0,NA,NA,Other Federal Agency,NA,NA,NA,NA,NA,NA,NA,NA,NA,NA,NA,NA,NA,NA,NA,NA,NA,NA,NA,NA,NA,Strong NW flow trailing a cold front combined with low astronomical tides created Blow-Out tides along and offshore of the SE Ga and NE Fl coastline.,Blow-out tide levels reached -7.20 ft below NAVD88 at the St. Simons Island tidal gage. The was about 1.50 to 2.00 ft below the predicted low tide level.,CSV
201401,3,415,201401,3,415,81133,486236,GEORGIA,13,2014,January,Astronomical Low Tide,Z,154,COASTAL GLYNN,13154,JAX,03-JAN-14 04:15:00,EST-5,03-JAN-14 04:15:00,0,0,0,0,0.00K,0.00K,Other Federal Agency,NA,NA,NA,NA,NA,NA,NA,NA,NA,NA,NA,NA,NA,NA,NA,NA,NA,NA,NA,NA,NA,Strong NW flow trailing a cold front combined with low astronomical tides created Blow-Out tides along and offshore of the SE Ga and NE Fl coastline.,Blow-out tide levels reached -7.48 ft below NAVD88 at the Brunswick River Tidal Gage in Brunswick. This was about 1.5-2.00 ft below predicted low tide.,CSV
201401,2,730,201401,2,1415,82323,495388,LOUISIANA,22,2014,January,Astronomical Low Tide,Z,52,VERMILION,22052,LCH,02-JAN-14 07:30:00,CST-6,02-JAN-14 14:15:00,0,0,0,0,0.00K,0.00K,River/Stream Gage,NA,NA,NA,NA,NA,NA,NA,NA,NA,NA,NA,NA,NA,NA,NA,NA,NA,NA,NA,NA,NA,A strong cold front passed through the region during the 2nd with strong north winds behind the boundary. These strong winds pushed tides below normal.,A strong cold front moved through during the 2nd with north winds driving the tide levels below normal. The tide gage at freshwater canal and locks reported water levels falling below one foot below mllw during the morning and into the afternoon. The tide fell to -1.84 feet at 10:26 AM CST.,CSV
201401,3,830,201401,3,1130,82323,495838,LOUISIANA,22,2014,January,Astronomical Low Tide,Z,74,EAST CAMERON,22074,LCH,03-JAN-14 08:30:00,CST-6,03-JAN-14 11:30:00,0,0,0,0,0.00K,0.00K,River/Stream Gage,NA,NA,NA,NA,NA,NA,NA,NA,NA,NA,NA,NA,NA,NA,NA,NA,NA,NA,NA,NA,NA,A strong cold front passed through the region during the 2nd with strong north winds behind the boundary. These strong winds pushed tides below normal.,A strong cold front moved through during the 2nd with north winds driving the tide levels below normal. The tide gage at Cameron reported water levels falling below one foot below mllw during the morning of the 3rd. The tide fell to -1.23 feet at 9:26 AM CST.,CSV
201401,3,610,201401,3,954,82323,495839,LOUISIANA,22,2014,January,Astronomical Low Tide,Z,52,VERMILION,22052,LCH,03-JAN-14 06:10:00,CST-6,03-JAN-14 09:54:00,0,0,0,0,0.00K,0.00K,River/Stream Gage,NA,NA,NA,NA,NA,NA,NA,NA,NA,NA,NA,NA,NA,NA,NA,NA,NA,NA,NA,NA,NA,A strong cold front passed through the region during the 2nd with strong north winds behind the boundary. These strong winds pushed tides below normal.,A strong cold front moved through during the 2nd with north winds driving the tide levels below normal. The tide gage at Freshwater Canal and Lock reported water levels falling below one foot below mllw during the morning of the 3rd. The tide fell to -1.32 feet at 9:01 AM CST.,CSV
201401,2,700,201401,2,1230,82411,495840,TEXAS,48,2014,January,Astronomical Low Tide,Z,215,JEFFERSON,48215,LCH,02-JAN-14 07:00:00,CST-6,02-JAN-14 12:30:00,0,0,0,0,0.00K,0.00K,River/Stream Gage,NA,NA,NA,NA,NA,NA,NA,NA,NA,NA,NA,NA,NA,NA,NA,NA,NA,NA,NA,NA,NA,Strong north winds behind a cold front caused the tide level at Sabine Pass to fall below one foot below mllw during two tide cycles.,A strong cold front moved through during the 2nd with north winds driving the tide levels below normal. The tide gage at Sabine Pass reported water levels falling below one foot below mllw during the morning and into the afternoon of the 2nd. The tide fell to -1.84 feet at 9:28 AM CST.,CSV
201401,3,830,201401,3,1130,82411,495841,TEXAS,48,2014,January,Astronomical Low Tide,Z,215,JEFFERSON,48215,LCH,03-JAN-14 08:30:00,CST-6,03-JAN-14 11:30:00,0,0,0,0,0.00K,0.00K,River/Stream Gage,NA,NA,NA,NA,NA,NA,NA,NA,NA,NA,NA,NA,NA,NA,NA,NA,NA,NA,NA,NA,NA,Strong north winds behind a cold front caused the tide level at Sabine Pass to fall below one foot below mllw during two tide cycles.,A strong cold front moved through during the 2nd with north winds driving the tide levels below normal. The tide gage at Sabine Pass reported water levels falling below one foot below mllw during the morning of the 3rd. The tide fell to -1.23 feet at 9:26 AM CST.,CSV
201401,15,500,201401,15,1130,82412,495842,LOUISIANA,22,2014,January,Astronomical Low Tide,Z,73,WEST CAMERON,22073,LCH,15-JAN-14 05:00:00,CST-6,15-JAN-14 11:30:00,0,0,0,0,0.00K,0.00K,River/Stream Gage,NA,NA,NA,NA,NA,NA,NA,NA,NA,NA,NA,NA,NA,NA,NA,NA,NA,NA,NA,NA,NA,Another strong cold front passed through the region during the 14th with tides being driven down during the 15th. Tides fell below one foot below mllw during the early morning of the 15th.,A strong cold front moved through during the 14th with north winds driving the tide levels below normal. The tide gage at Cameron reported water levels falling below one foot below mllw during the morning of the 15th. The tide fell to -2.38 feet at 7:35 AM CST.,CSV
201401,15,500,201401,15,1100,82412,495843,LOUISIANA,22,2014,January,Astronomical Low Tide,Z,74,EAST CAMERON,22074,LCH,15-JAN-14 05:00:00,CST-6,15-JAN-14 11:00:00,0,0,0,0,0.00K,0.00K,River/Stream Gage,NA,NA,NA,NA,NA,NA,NA,NA,NA,NA,NA,NA,NA,NA,NA,NA,NA,NA,NA,NA,NA,Another strong cold front passed through the region during the 14th with tides being driven down during the 15th. Tides fell below one foot below mllw during the early morning of the 15th.,A strong cold front moved through during the 14th with north winds driving the tide levels below normal. The tide gage at Cameron reported water levels falling below one foot below mllw during the morning of the 15th. The tide fell to -2.38 feet at 7:35 AM CST.,CSV
201401,15,530,201401,15,1100,82412,495844,LOUISIANA,22,2014,January,Astronomical Low Tide,Z,52,VERMILION,22052,LCH,15-JAN-14 05:30:00,CST-6,15-JAN-14 11:00:00,0,0,0,0,0.00K,0.00K,River/Stream Gage,NA,NA,NA,NA,NA,NA,NA,NA,NA,NA,NA,NA,NA,NA,NA,NA,NA,NA,NA,NA,NA,Another strong cold front passed through the region during the 14th with tides being driven down during the 15th. Tides fell below one foot below mllw during the early morning of the 15th.,A strong cold front moved through during the 14th with north winds driving the tide levels below normal. The tide gage at Freshwater Canal and Lock reported water levels falling below one foot below mllw during the morning of the 15th. The tide fell to -2.22 feet at 7:54 AM CST.,CSV
201401,15,500,201401,15,1130,82413,495845,TEXAS,48,2014,January,Astronomical Low Tide,Z,215,JEFFERSON,48215,LCH,15-JAN-14 05:00:00,CST-6,15-JAN-14 11:30:00,0,0,0,0,0.00K,0.00K,River/Stream Gage,NA,NA,NA,NA,NA,NA,NA,NA,NA,NA,NA,NA,NA,NA,NA,NA,NA,NA,NA,NA,NA,Another strong cold front passed through the region during the 14th with tides being driven down during the 15th. Tides fell below one foot below mllw during the early morning of the 15th.,A strong cold front moved through during the 14th with north winds driving the tide levels below normal. The tide gage at Sabine Pass reported water levels falling below one foot below mllw during the morning of the 15th. The tide fell to -1.75 feet at 7:54 AM CST.,CSV
201412,20,1900,201412,21,400,92452,553954,GUAM,98,2014,December,Astronomical Low Tide,Z,6,GUAM,98006,GUM,20-DEC-14 19:00:00,GST10,21-DEC-14 04:00:00,0,0,1,0,0.00K,0.00K,Newspaper,NA,NA,NA,NA,NA,NA,NA,NA,NA,NA,NA,NA,NA,NA,NA,NA,NA,NA,NA,NA,NA,Strong winds behind a cold front near Japan produced swell that moved across the Marianas. This swell produced large waves on north and east facing reefs.,"A 24 year old man, Kevin Tuttle, was swept into the ocean while hiking on a trail near Marbo Cave in Mangilao.||While visiting Guam, the father and the son went hiking together. After a trek to Marbo Cave, the son sat on a nearby cliff to view the ocean.|While he was enjoying the view, a wave larger than the others hit the area. The size of the wave was such that it swept the man off the cliff and into the ocean.|After the man had been swept off the cliff, the father ran to a nearby group of people for help. Three near-by hikers, two men and a boy, had witnessed the incident. |When the members of the group looked down, they spotted the man in the rough waters. He was trying to swim toward the rocks, but the waves kept crashing over him and he was eventually sucked out to sea. There was no cell phone service in the area. As the son begged the father not to leave him alone, he gave the three hikers his cell phone. He asked them to run up to the road to call for help. The call was received at by the 911 dispatcher at 1:38 p.m.. ||Personnel from the Navy, Coast Guard, Guam Fire and Rescue and Guam Police conducted a search. On the afternoon of the 23rd the body of the man was found about 2.7 miles south of the location where he was swept into the ocean.",CSV
201402,27,2330,201402,28,130,82932,499984,NEW JERSEY,34,2014,February,Astronomical Low Tide,Z,13,WESTERN MONMOUTH,34013,PHI,27-FEB-14 23:30:00,EST-5,28-FEB-14 01:30:00,0,0,0,0,0.00K,0.00K,WLON,NA,NA,NA,NA,NA,NA,NA,NA,NA,NA,NA,NA,NA,NA,NA,NA,NA,NA,NA,NA,NA,"The very persistent and strong west to northwest winds that started during the afternoon of the 27th coupled with the greater spring tides cycles associated with the approaching new moon caused blowout tides during the overnight low tide cycle on the 27th along north coastal New Jersey. At Sandy Hook (Monmouth County), the low tide reached 1.97 feet below mean lower low water. Blowout tide conditions start at 1.80 feet below mean lower low water. The winds decreased on the 28th and while tides were below astronomical levels, additional blowout conditions did not occur.",NA,CSV
201404,14,2030,201404,15,0,84779,512009,TEXAS,48,2014,April,Astronomical Low Tide,Z,215,JEFFERSON,48215,LCH,14-APR-14 20:30:00,CST-6,15-APR-14 00:00:00,0,0,0,0,0.00K,0.00K,C-MAN Station,NA,NA,NA,NA,NA,NA,NA,NA,NA,NA,NA,NA,NA,NA,NA,NA,NA,NA,NA,NA,NA,Strong north winds behind a cold front pushed tides below one foot below mean lower low water at Sabine Pass.,Strong north winds along the coast of Southeast Texas pushed the tide below one foot below mean lower low water early in the evening through midnight during the 14th. The tide reached -1.32 around 11 PM local time.,CSV
201404,15,2030,201404,15,2310,84779,512010,TEXAS,48,2014,April,Astronomical Low Tide,Z,215,JEFFERSON,48215,LCH,15-APR-14 20:30:00,CST-6,15-APR-14 23:10:00,0,0,0,0,0.00K,0.00K,C-MAN Station,NA,NA,NA,NA,NA,NA,NA,NA,NA,NA,NA,NA,NA,NA,NA,NA,NA,NA,NA,NA,NA,Strong north winds behind a cold front pushed tides below one foot below mean lower low water at Sabine Pass.,Strong north winds along the coast of Southeast Texas pushed the tide below one foot below mean lower low water during the evening of the 15th. The tide reached -1.06 around 10:17 PM local time.,CSV
201404,14,1830,201404,14,2300,84791,512048,LOUISIANA,22,2014,April,Astronomical Low Tide,Z,74,EAST CAMERON,22074,LCH,14-APR-14 18:30:00,CST-6,14-APR-14 23:00:00,0,0,0,0,0.00K,0.00K,C-MAN Station,NA,NA,NA,NA,NA,NA,NA,NA,NA,NA,NA,NA,NA,NA,NA,NA,NA,NA,NA,NA,NA,Strong northwest winds behind a cold front pushed tides well below mean lower low water levels from Sabine Pass to Vermilion Bay during the 15th and the 16th.,Strong northwest winds pushed tides below 1 foot below the mean lower low water level at Calcasieu Pass during the evening of the 14th. The tide fell to -1.49 feet at 19:09 local standard time.,CSV
201404,15,1900,201404,15,2210,84791,512049,LOUISIANA,22,2014,April,Astronomical Low Tide,Z,73,WEST CAMERON,22073,LCH,15-APR-14 19:00:00,CST-6,15-APR-14 22:10:00,0,0,0,0,0.00K,0.00K,C-MAN Station,NA,NA,NA,NA,NA,NA,NA,NA,NA,NA,NA,NA,NA,NA,NA,NA,NA,NA,NA,NA,NA,Strong northwest winds behind a cold front pushed tides well below mean lower low water levels from Sabine Pass to Vermilion Bay during the 15th and the 16th.,Strong northwest winds pushed tides below 1 foot below the mean lower low water level from Sabine Pass to Calcasieu Pass during the evening of the 15th. The tide fell to -1.34 feet at 20:23 local standard time.,CSV
201404,15,1900,201404,15,2120,84791,512050,LOUISIANA,22,2014,April,Astronomical Low Tide,Z,74,EAST CAMERON,22074,LCH,15-APR-14 19:00:00,CST-6,15-APR-14 21:20:00,0,0,0,0,0.00K,0.00K,C-MAN Station,NA,NA,NA,NA,NA,NA,NA,NA,NA,NA,NA,NA,NA,NA,NA,NA,NA,NA,NA,NA,NA,Strong northwest winds behind a cold front pushed tides well below mean lower low water levels from Sabine Pass to Vermilion Bay during the 15th and the 16th.,Strong northwest winds pushed tides below 1 foot below the mean lower low water level at Calcasieu Pass during the evening of the 15th. The tide fell to -1.34 feet at 20:23 local standard time.,CSV
201404,15,1930,201404,15,2130,84791,512052,LOUISIANA,22,2014,April,Astronomical Low Tide,Z,52,VERMILION,22052,LCH,15-APR-14 19:30:00,CST-6,15-APR-14 21:30:00,0,0,0,0,0.00K,0.00K,River/Stream Gage,NA,NA,NA,NA,NA,NA,NA,NA,NA,NA,NA,NA,NA,NA,NA,NA,NA,NA,NA,NA,NA,Strong northwest winds behind a cold front pushed tides well below mean lower low water levels from Sabine Pass to Vermilion Bay during the 15th and the 16th.,Strong northwest winds pushed tides below 1 foot below the mean lower low water level at Freshwater Lock during the evening of the 15th. The tide fell to -1.48 feet at 20:08 local standard time.,CSV
201404,15,530,201404,15,1430,84791,512053,LOUISIANA,22,2014,April,Astronomical Low Tide,Z,53,IBERIA,22053,LCH,15-APR-14 05:30:00,CST-6,15-APR-14 14:30:00,0,0,0,0,0.00K,0.00K,Other Federal Agency,NA,NA,NA,NA,NA,NA,NA,NA,NA,NA,NA,NA,NA,NA,NA,NA,NA,NA,NA,NA,NA,Strong northwest winds behind a cold front pushed tides well below mean lower low water levels from Sabine Pass to Vermilion Bay during the 15th and the 16th.,Strong northwest winds pushed tides below 1 foot below the mean lower low water level in Vermilion Bay during the 15th. The tide fell to -1.57 feet at 10:34 local standard time.,CSV
201404,14,1830,201404,14,2300,84791,512047,LOUISIANA,22,2014,April,Astronomical Low Tide,Z,73,WEST CAMERON,22073,LCH,14-APR-14 18:30:00,CST-6,14-APR-14 23:00:00,0,0,0,0,0.00K,0.00K,C-MAN Station,NA,NA,NA,NA,NA,NA,NA,NA,NA,NA,NA,NA,NA,NA,NA,NA,NA,NA,NA,NA,NA,Strong northwest winds behind a cold front pushed tides well below mean lower low water levels from Sabine Pass to Vermilion Bay during the 15th and the 16th.,Strong northwest winds pushed tides below 1 foot below the mean lower low water level from Sabine Pass to Calcasieu Pass during the evening of the 14th. The tide fell to -1.49 feet at 19:09 local standard time at Cameron.,CSV
201404,14,1900,201404,15,835,84791,512051,LOUISIANA,22,2014,April,Astronomical Low Tide,Z,52,VERMILION,22052,LCH,14-APR-14 19:00:00,CST-6,15-APR-14 08:35:00,0,0,0,0,0.00K,0.00K,River/Stream Gage,NA,NA,NA,NA,NA,NA,NA,NA,NA,NA,NA,NA,NA,NA,NA,NA,NA,NA,NA,NA,NA,Strong northwest winds behind a cold front pushed tides well below mean lower low water levels from Sabine Pass to Vermilion Bay during the 15th and the 16th.,"Strong northwest winds pushed tides below 1 foot below the mean lower low water level at Freshwater Lock during the evening of the 14th. The tide fell to -2.22 feet at 20:00 local standard time. The tide briefly rose back to around 0 at high tide, however with the continuing northwest winds the tide level fell back below 1 foot below mllw in the early morning hours of the 15th.",CSV
201402,28,430,201402,28,630,81858,499988,DELAWARE,10,2014,February,Astronomical Low Tide,Z,1,NEW CASTLE,10001,PHI,28-FEB-14 04:30:00,EST-5,28-FEB-14 06:30:00,0,0,0,0,0.00K,0.00K,WLON,NA,NA,NA,NA,NA,NA,NA,NA,NA,NA,NA,NA,NA,NA,NA,NA,NA,NA,NA,NA,NA,"The very persistent and strong west to northwest winds that started during the afternoon of the 27th coupled with the greater tidal fluctuations associated with the spring tides with the approaching new moon caused blowout tides during the morning low tide cycle on the 28th along tidal sections of the Delaware River in Delaware. At Reedy Point, the low tide reached 1.88 feet below mean lower low water. At Delaware City, the low tide reached 1.93 feet below mean lower low water. Blowout tides start at 1.80 feet below mean lower low water. The northwest winds decreased during the day on the 28th and while tidal levels were below normal astronomical levels, no further blowout conditions occurred.",NA,CSV
201402,28,530,201402,28,730,81857,499989,PENNSYLVANIA,42,2014,February,Astronomical Low Tide,Z,70,DELAWARE,42070,PHI,28-FEB-14 05:30:00,EST-5,28-FEB-14 07:30:00,0,0,0,0,0.00K,0.00K,River/Stream Gage,NA,NA,NA,NA,NA,NA,NA,NA,NA,NA,NA,NA,NA,NA,NA,NA,NA,NA,NA,NA,NA,"The very persistent and strong west to northwest winds that started during the afternoon of the 27th coupled with the greater tidal fluctuations associated with the spring tides with the approaching new moon caused blowout tides during the morning low tide cycle on the 28th along tidal sections of the Delaware River in Pennsylvania. In Marcus Hook (Delaware County), the low tide reached 2.05 feet below mean lower low water. In Philadelphia, the low tide reached 2.13 feet below mean lower low water and on Newbold Island (Bucks County) the low tide reached 2.24 feet below mean lower low water. Blowout tides start at 1.80 feet below mean lower low water. The northwest winds decreased during the day on the 28th and while tidal levels were below normal astronomical levels, no further blowout conditions occurred.",NA,CSV
201402,28,630,201402,28,830,81857,499990,PENNSYLVANIA,42,2014,February,Astronomical Low Tide,Z,71,PHILADELPHIA,42071,PHI,28-FEB-14 06:30:00,EST-5,28-FEB-14 08:30:00,0,0,0,0,0.00K,0.00K,River/Stream Gage,NA,NA,NA,NA,NA,NA,NA,NA,NA,NA,NA,NA,NA,NA,NA,NA,NA,NA,NA,NA,NA,"The very persistent and strong west to northwest winds that started during the afternoon of the 27th coupled with the greater tidal fluctuations associated with the spring tides with the approaching new moon caused blowout tides during the morning low tide cycle on the 28th along tidal sections of the Delaware River in Pennsylvania. In Marcus Hook (Delaware County), the low tide reached 2.05 feet below mean lower low water. In Philadelphia, the low tide reached 2.13 feet below mean lower low water and on Newbold Island (Bucks County) the low tide reached 2.24 feet below mean lower low water. Blowout tides start at 1.80 feet below mean lower low water. The northwest winds decreased during the day on the 28th and while tidal levels were below normal astronomical levels, no further blowout conditions occurred.",NA,CSV
201402,28,800,201402,28,930,81857,499991,PENNSYLVANIA,42,2014,February,Astronomical Low Tide,Z,106,LOWER BUCKS,42106,PHI,28-FEB-14 08:00:00,EST-5,28-FEB-14 09:30:00,0,0,0,0,0.00K,0.00K,River/Stream Gage,NA,NA,NA,NA,NA,NA,NA,NA,NA,NA,NA,NA,NA,NA,NA,NA,NA,NA,NA,NA,NA,"The very persistent and strong west to northwest winds that started during the afternoon of the 27th coupled with the greater tidal fluctuations associated with the spring tides with the approaching new moon caused blowout tides during the morning low tide cycle on the 28th along tidal sections of the Delaware River in Pennsylvania. In Marcus Hook (Delaware County), the low tide reached 2.05 feet below mean lower low water. In Philadelphia, the low tide reached 2.13 feet below mean lower low water and on Newbold Island (Bucks County) the low tide reached 2.24 feet below mean lower low water. Blowout tides start at 1.80 feet below mean lower low water. The northwest winds decreased during the day on the 28th and while tidal levels were below normal astronomical levels, no further blowout conditions occurred.",NA,CSV
201402,28,430,201402,28,700,81866,499992,NEW JERSEY,34,2014,February,Astronomical Low Tide,Z,16,SALEM,34016,PHI,28-FEB-14 04:30:00,EST-5,28-FEB-14 07:00:00,0,0,0,0,0.00K,0.00K,WLON,NA,NA,NA,NA,NA,NA,NA,NA,NA,NA,NA,NA,NA,NA,NA,NA,NA,NA,NA,NA,NA,"The very persistent and strong west to northwest winds that started during the afternoon of the 27th coupled with the greater tidal fluctuations associated with the spring tides with the approaching new moon caused blowout tides during the morning low tide cycle on the 28th along tidal sections of the Delaware River in New Jersey. At Reedy Point (New Castle County Delaware), the low tide reached 1.88 feet below mean lower low water. In Marcus Hook (Delaware County), the low tide reached 2.05 feet below mean lower low water. In Philadelphia, the low tide reached 2.13 feet below mean lower low water. In Burlington (Burlington County), the low tide reached 2.23 feet below mean lower low water and on Newbold Island (Bucks County) the low tide reached 2.24 feet below mean lower low water. Blowout tides start at 1.80 feet below mean lower low water. The northwest winds decreased during the day on the 28th and while tidal levels were below normal astronomical levels, no further blowout conditions occurred.",NA,CSV
201402,28,630,201402,28,800,81866,499993,NEW JERSEY,34,2014,February,Astronomical Low Tide,Z,17,GLOUCESTER,34017,PHI,28-FEB-14 06:30:00,EST-5,28-FEB-14 08:00:00,0,0,0,0,0.00K,0.00K,River/Stream Gage,NA,NA,NA,NA,NA,NA,NA,NA,NA,NA,NA,NA,NA,NA,NA,NA,NA,NA,NA,NA,NA,"The very persistent and strong west to northwest winds that started during the afternoon of the 27th coupled with the greater tidal fluctuations associated with the spring tides with the approaching new moon caused blowout tides during the morning low tide cycle on the 28th along tidal sections of the Delaware River in New Jersey. At Reedy Point (New Castle County Delaware), the low tide reached 1.88 feet below mean lower low water. In Marcus Hook (Delaware County), the low tide reached 2.05 feet below mean lower low water. In Philadelphia, the low tide reached 2.13 feet below mean lower low water. In Burlington (Burlington County), the low tide reached 2.23 feet below mean lower low water and on Newbold Island (Bucks County) the low tide reached 2.24 feet below mean lower low water. Blowout tides start at 1.80 feet below mean lower low water. The northwest winds decreased during the day on the 28th and while tidal levels were below normal astronomical levels, no further blowout conditions occurred.",NA,CSV
201402,28,700,201402,28,830,81866,499994,NEW JERSEY,34,2014,February,Astronomical Low Tide,Z,18,CAMDEN,34018,PHI,28-FEB-14 07:00:00,EST-5,28-FEB-14 08:30:00,0,0,0,0,0.00K,0.00K,River/Stream Gage,NA,NA,NA,NA,NA,NA,NA,NA,NA,NA,NA,NA,NA,NA,NA,NA,NA,NA,NA,NA,NA,"The very persistent and strong west to northwest winds that started during the afternoon of the 27th coupled with the greater tidal fluctuations associated with the spring tides with the approaching new moon caused blowout tides during the morning low tide cycle on the 28th along tidal sections of the Delaware River in New Jersey. At Reedy Point (New Castle County Delaware), the low tide reached 1.88 feet below mean lower low water. In Marcus Hook (Delaware County), the low tide reached 2.05 feet below mean lower low water. In Philadelphia, the low tide reached 2.13 feet below mean lower low water. In Burlington (Burlington County), the low tide reached 2.23 feet below mean lower low water and on Newbold Island (Bucks County) the low tide reached 2.24 feet below mean lower low water. Blowout tides start at 1.80 feet below mean lower low water. The northwest winds decreased during the day on the 28th and while tidal levels were below normal astronomical levels, no further blowout conditions occurred.",NA,CSV
201402,28,730,201402,28,930,81866,499995,NEW JERSEY,34,2014,February,Astronomical Low Tide,Z,19,NORTHWESTERN BURLINGTON,34019,PHI,28-FEB-14 07:30:00,EST-5,28-FEB-14 09:30:00,0,0,0,0,0.00K,0.00K,River/Stream Gage,NA,NA,NA,NA,NA,NA,NA,NA,NA,NA,NA,NA,NA,NA,NA,NA,NA,NA,NA,NA,NA,"The very persistent and strong west to northwest winds that started during the afternoon of the 27th coupled with the greater tidal fluctuations associated with the spring tides with the approaching new moon caused blowout tides during the morning low tide cycle on the 28th along tidal sections of the Delaware River in New Jersey. At Reedy Point (New Castle County Delaware), the low tide reached 1.88 feet below mean lower low water. In Marcus Hook (Delaware County), the low tide reached 2.05 feet below mean lower low water. In Philadelphia, the low tide reached 2.13 feet below mean lower low water. In Burlington (Burlington County), the low tide reached 2.23 feet below mean lower low water and on Newbold Island (Bucks County) the low tide reached 2.24 feet below mean lower low water. Blowout tides start at 1.80 feet below mean lower low water. The northwest winds decreased during the day on the 28th and while tidal levels were below normal astronomical levels, no further blowout conditions occurred.",NA,CSV
201402,27,2330,201402,28,130,82932,499985,NEW JERSEY,34,2014,February,Astronomical Low Tide,Z,14,EASTERN MONMOUTH,34014,PHI,27-FEB-14 23:30:00,EST-5,28-FEB-14 01:30:00,0,0,0,0,0.00K,0.00K,WLON,NA,NA,NA,NA,NA,NA,NA,NA,NA,NA,NA,NA,NA,NA,NA,NA,NA,NA,NA,NA,NA,"The very persistent and strong west to northwest winds that started during the afternoon of the 27th coupled with the greater spring tides cycles associated with the approaching new moon caused blowout tides during the overnight low tide cycle on the 27th along north coastal New Jersey. At Sandy Hook (Monmouth County), the low tide reached 1.97 feet below mean lower low water. Blowout tide conditions start at 1.80 feet below mean lower low water. The winds decreased on the 28th and while tides were below astronomical levels, additional blowout conditions did not occur.",NA,CSV
201402,27,2330,201402,28,130,82932,499987,NEW JERSEY,34,2014,February,Astronomical Low Tide,Z,26,EASTERN OCEAN,34026,PHI,27-FEB-14 23:30:00,EST-5,28-FEB-14 01:30:00,0,0,0,0,0.00K,0.00K,WLON,NA,NA,NA,NA,NA,NA,NA,NA,NA,NA,NA,NA,NA,NA,NA,NA,NA,NA,NA,NA,NA,"The very persistent and strong west to northwest winds that started during the afternoon of the 27th coupled with the greater spring tides cycles associated with the approaching new moon caused blowout tides during the overnight low tide cycle on the 27th along north coastal New Jersey. At Sandy Hook (Monmouth County), the low tide reached 1.97 feet below mean lower low water. Blowout tide conditions start at 1.80 feet below mean lower low water. The winds decreased on the 28th and while tides were below astronomical levels, additional blowout conditions did not occur.",NA,CSV
201402,27,2330,201402,28,130,82932,499986,NEW JERSEY,34,2014,February,Astronomical Low Tide,Z,12,MIDDLESEX,34012,PHI,27-FEB-14 23:30:00,EST-5,28-FEB-14 01:30:00,0,0,0,0,0.00K,0.00K,WLON,NA,NA,NA,NA,NA,NA,NA,NA,NA,NA,NA,NA,NA,NA,NA,NA,NA,NA,NA,NA,NA,"The very persistent and strong west to northwest winds that started during the afternoon of the 27th coupled with the greater spring tides cycles associated with the approaching new moon caused blowout tides during the overnight low tide cycle on the 27th along north coastal New Jersey. At Sandy Hook (Monmouth County), the low tide reached 1.97 feet below mean lower low water. Blowout tide conditions start at 1.80 feet below mean lower low water. The winds decreased on the 28th and while tides were below astronomical levels, additional blowout conditions did not occur.",NA,CSV
201502,18,715,201502,18,915,92785,556154,LOUISIANA,22,2015,February,Astronomical Low Tide,Z,73,WEST CAMERON,22073,LCH,18-FEB-15 07:15:00,CST-6,18-FEB-15 09:15:00,0,0,0,0,0.00K,0.00K,C-MAN Station,NA,NA,NA,NA,NA,NA,NA,NA,NA,NA,NA,NA,NA,NA,NA,NA,NA,NA,NA,NA,NA,A cold front pushed across the coast during the 16th with strong north winds driving tide levels below normal at the coast.,The water level at Cameron fell below -1 below lower low water for two hours reaching -1.17 during the event.,CSV
201502,2,400,201502,2,1000,92782,556145,LOUISIANA,22,2015,February,Astronomical Low Tide,Z,73,WEST CAMERON,22073,LCH,02-FEB-15 04:00:00,CST-6,02-FEB-15 10:00:00,0,0,0,0,0.00K,0.00K,C-MAN Station,NA,NA,NA,NA,NA,NA,NA,NA,NA,NA,NA,NA,NA,NA,NA,NA,NA,NA,NA,NA,NA,A cold front moved through the region during the first with an isolated severe thunderstorm during the first. Low tides resulted from the strong north winds along the coast.,The tide at Calcasieu Pass fell to -1.52 below mean lower low water while stiff north winds occurred behind a cold front.,CSV
201502,2,400,201502,2,1000,92782,556146,LOUISIANA,22,2015,February,Astronomical Low Tide,Z,74,EAST CAMERON,22074,LCH,02-FEB-15 04:00:00,CST-6,02-FEB-15 10:00:00,0,0,0,0,0.00K,0.00K,C-MAN Station,NA,NA,NA,NA,NA,NA,NA,NA,NA,NA,NA,NA,NA,NA,NA,NA,NA,NA,NA,NA,NA,A cold front moved through the region during the first with an isolated severe thunderstorm during the first. Low tides resulted from the strong north winds along the coast.,The tide at Calcasieu Pass fell to -1.52 below mean lower low water while stiff north winds occurred behind a cold front.,CSV
201502,2,300,201502,2,900,92782,556147,LOUISIANA,22,2015,February,Astronomical Low Tide,Z,52,VERMILION,22052,LCH,02-FEB-15 03:00:00,CST-6,02-FEB-15 09:00:00,0,0,0,0,0.00K,0.00K,Other Federal Agency,NA,NA,NA,NA,NA,NA,NA,NA,NA,NA,NA,NA,NA,NA,NA,NA,NA,NA,NA,NA,NA,A cold front moved through the region during the first with an isolated severe thunderstorm during the first. Low tides resulted from the strong north winds along the coast.,The tide at Freshwater Lock fell to -1.59 below mean lower low water while stiff north winds occurred behind a cold front.,CSV
201502,2,630,201502,2,930,92784,556148,TEXAS,48,2015,February,Astronomical Low Tide,Z,215,JEFFERSON,48215,LCH,02-FEB-15 06:30:00,CST-6,02-FEB-15 09:30:00,0,0,0,0,0.00K,0.00K,C-MAN Station,NA,NA,NA,NA,NA,NA,NA,NA,NA,NA,NA,NA,NA,NA,NA,NA,NA,NA,NA,NA,NA,A strong cold front pushed through the area during the 1st with strong north winds persisting into the 2nd. At the time of low tide during the morning of the 2nd tide levels fell much below normal.,Due to strong north winds at the coast the tide fell below -1 below mean lower low water for 3 hours reaching -1.21 during the event at Sabine Pass.,CSV
201502,17,500,201502,17,845,92785,556151,LOUISIANA,22,2015,February,Astronomical Low Tide,Z,52,VERMILION,22052,LCH,17-FEB-15 05:00:00,CST-6,17-FEB-15 08:45:00,0,0,0,0,0.00K,0.00K,Other Federal Agency,NA,NA,NA,NA,NA,NA,NA,NA,NA,NA,NA,NA,NA,NA,NA,NA,NA,NA,NA,NA,NA,A cold front pushed across the coast during the 16th with strong north winds driving tide levels below normal at the coast.,The water level at Freshwater Lock fell below -1 below lower low water for three hours and 45 minutes hours reaching -1.55 during the event.,CSV
201502,18,715,201502,18,915,92785,556153,LOUISIANA,22,2015,February,Astronomical Low Tide,Z,74,EAST CAMERON,22074,LCH,18-FEB-15 07:15:00,CST-6,18-FEB-15 09:15:00,0,0,0,0,0.00K,0.00K,C-MAN Station,NA,NA,NA,NA,NA,NA,NA,NA,NA,NA,NA,NA,NA,NA,NA,NA,NA,NA,NA,NA,NA,A cold front pushed across the coast during the 16th with strong north winds driving tide levels below normal at the coast.,The water level at Cameron fell below -1 below lower low water for two hours reaching -1.17 during the event.,CSV
201502,19,215,201502,19,215,93094,558372,GEORGIA,13,2015,February,Astronomical Low Tide,Z,154,COASTAL GLYNN,13154,JAX,19-FEB-15 02:15:00,EST-5,19-FEB-15 02:15:00,0,0,0,0,NA,NA,Other Federal Agency,NA,NA,NA,NA,NA,NA,NA,NA,NA,NA,NA,NA,NA,NA,NA,NA,NA,NA,NA,NA,NA,Low blow-out tides occurred during the early morning hours under strong offshore flow and along with low astronomical tide.,The St. Simons Island tide gauge at Village Pier reported a blow-out low tide of -6.57 ft datum level NAVD88.,CSV
201502,19,218,201502,19,218,93095,558373,FLORIDA,12,2015,February,Astronomical Low Tide,Z,124,COASTAL NASSAU,12124,JAX,19-FEB-15 02:18:00,EST-5,19-FEB-15 02:18:00,0,0,0,0,NA,NA,Other Federal Agency,NA,NA,NA,NA,NA,NA,NA,NA,NA,NA,NA,NA,NA,NA,NA,NA,NA,NA,NA,NA,NA,Low blow-out tides occurred during the early morning hours under strong offshore flow and along with low astronomical tide.,The Fernandina NOS tide gauge reported a blow-out astronomical low tide of -6.13 ft NAVD88 datum level.,CSV
201502,19,236,201502,19,236,93095,558374,FLORIDA,12,2015,February,Astronomical Low Tide,Z,125,COASTAL DUVAL,12125,JAX,19-FEB-15 02:36:00,EST-5,19-FEB-15 02:36:00,0,0,0,0,NA,NA,Other Federal Agency,NA,NA,NA,NA,NA,NA,NA,NA,NA,NA,NA,NA,NA,NA,NA,NA,NA,NA,NA,NA,NA,Low blow-out tides occurred during the early morning hours under strong offshore flow and along with low astronomical tide.,Blow-out astronomical tide was reported at the Mayport tide gauge of -4.92 ft datum level NAVD88.,CSV
201501,4,600,201501,4,1430,91440,547962,LOUISIANA,22,2015,January,Astronomical Low Tide,Z,74,EAST CAMERON,22074,LCH,04-JAN-15 06:00:00,CST-6,04-JAN-15 14:30:00,0,0,0,0,0.00K,0.00K,C-MAN Station,NA,NA,NA,NA,NA,NA,NA,NA,NA,NA,NA,NA,NA,NA,NA,NA,NA,NA,NA,NA,NA,Strong north winds behind a cold front that passed during the 3rd pushed the tide along the coast to less than 1 foot below MLLW during the 4th and 5th.,Strong north winds along the coast pushed the tide at Calcasieu Pass below 1 foot below MLLW during two consecutive low tides. The first low tide fell to -1.25 MLLW and the second fell to -1.1 below MLLW. The tide also fell across Calcasieu Lake with the Lake Charles Bulk Terminal briefly touching -1 foot below MLLW.,CSV
201501,4,600,201501,4,1000,91440,547963,LOUISIANA,22,2015,January,Astronomical Low Tide,Z,52,VERMILION,22052,LCH,04-JAN-15 06:00:00,CST-6,04-JAN-15 10:00:00,0,0,0,0,0.00K,0.00K,Other Federal Agency,NA,NA,NA,NA,NA,NA,NA,NA,NA,NA,NA,NA,NA,NA,NA,NA,NA,NA,NA,NA,NA,Strong north winds behind a cold front that passed during the 3rd pushed the tide along the coast to less than 1 foot below MLLW during the 4th and 5th.,Strong north winds behind a cold front pushed the tide to less than 1 foot below MLLW. The tide gauge at Fresh Water Lock recorded a tide of -1.27 below MLLW at low tide.,CSV
201501,4,600,201501,5,1430,91440,547961,LOUISIANA,22,2015,January,Astronomical Low Tide,Z,73,WEST CAMERON,22073,LCH,04-JAN-15 06:00:00,CST-6,05-JAN-15 14:30:00,0,0,0,0,0.00K,0.00K,C-MAN Station,NA,NA,NA,NA,NA,NA,NA,NA,NA,NA,NA,NA,NA,NA,NA,NA,NA,NA,NA,NA,NA,Strong north winds behind a cold front that passed during the 3rd pushed the tide along the coast to less than 1 foot below MLLW during the 4th and 5th.,Strong north winds along the coast pushed the tide at Calcasieu Pass below 1 foot below MLLW during two consecutive low tides. The first low tide fell to -1.25 MLLW and the second fell to -1.1 below MLLW. The tide also fell across Calcasieu Lake with the Lake Charles Bulk Terminal briefly touching -1 foot below MLLW.,CSV
201501,5,930,201501,5,1330,91424,547960,TEXAS,48,2015,January,Astronomical Low Tide,Z,215,JEFFERSON,48215,LCH,05-JAN-15 09:30:00,CST-6,05-JAN-15 13:30:00,0,0,0,0,0.00K,0.00K,C-MAN Station,NA,NA,NA,NA,NA,NA,NA,NA,NA,NA,NA,NA,NA,NA,NA,NA,NA,NA,NA,NA,NA,A cold front moved through the region during the early morning hours of the 3rd with showers and a few thunderstorms along the boundary. Thunderstorms were more numerous to the north where better instability was located. One Thunderstorm moving across far north Jasper County became severe. Behind the boundary strong north winds pushed the water levels at the coast well below normal.,Strong north winds at the coast pushed the tide to 1.1 foot below mllw at Sabine Pass and at the Rainbow Bridge at the north end of Sabine Lake.,CSV
201501,7,1930,201501,8,900,92085,552498,DELAWARE,10,2015,January,Astronomical Low Tide,Z,1,NEW CASTLE,10001,PHI,07-JAN-15 19:30:00,EST-5,08-JAN-15 09:00:00,0,0,0,0,0.00K,0.00K,WLON,NA,NA,NA,NA,NA,NA,NA,NA,NA,NA,NA,NA,NA,NA,NA,NA,NA,NA,NA,NA,NA,"The very persistent and strong northwest winds that started during the day on the 7th caused blowout tide conditions during the two subsequent low tide cycles during the night of the 7th and morning of the 8th along the tidal Delaware River and its tributaries in New Castle County. The lowest tides occurred during the night of the 7th. At Reedy Island, the lowest tide reached 2.17 feet below mean lower low water. At Delaware City, the lowest tide reached 2.21 feet below mean lower low water.  Blowout tide conditions start at 1.80 feet below mean lower low water. On the 8th, the northwest winds started to decrease and backed more toward the west. Subsequent low tide cycles did not reach blowout tide conditions.",NA,CSV
201501,7,1930,201501,8,930,92086,552500,NEW JERSEY,34,2015,January,Astronomical Low Tide,Z,16,SALEM,34016,PHI,07-JAN-15 19:30:00,EST-5,08-JAN-15 09:30:00,0,0,0,0,0.00K,0.00K,WLON,NA,NA,NA,NA,NA,NA,NA,NA,NA,NA,NA,NA,NA,NA,NA,NA,NA,NA,NA,NA,NA,"The very persistent and strong northwest winds that started during the day on the 7th caused blowout tide conditions during the two subsequent low tide cycles during the night of the 7th and morning of the 8th along the tidal Delaware River and its tributaries. The lowest tides occurred during the night of the 7th.  At Reedy Island (Delaware), the lowest tide reached 2.17 feet below mean lower low water.  In Philadelphia, the lowest tide reached 2.23 feet below mean lower low water. In Burlington City (Burlington County), the lowest tide reached 2.39 feet below mean lower low water. Blowout tide conditions start at 1.80 feet below mean lower low water. On the 8th, the northwest winds started to decrease and backed more toward the west. Subsequent low tide cycles did not reach blowout tide conditions.",NA,CSV
201501,10,800,201501,10,1100,91400,553356,NEW JERSEY,34,2015,January,Astronomical Low Tide,Z,16,SALEM,34016,PHI,10-JAN-15 08:00:00,EST-5,10-JAN-15 11:00:00,0,0,0,0,0.00K,0.00K,WLON,NA,NA,NA,NA,NA,NA,NA,NA,NA,NA,NA,NA,NA,NA,NA,NA,NA,NA,NA,NA,NA,"A persistent and strong northwest flow that started following a secondary cold frontal passage during the late afternoon on the 9th caused blowout tide conditions during the daytime low tide cycle on the 10th along the tidal Delaware River and its tributaries.  At Reedy Island (Delaware), the lowest tide reached 1.98 feet below mean lower low water. In Philadelphia, the lowest tide reached 2.29 feet below mean lower low water. In Burlington City (Burlington County), the lowest tide reached 2.42 feet below mean lower low water. Blowout tide conditions start at 1.80 feet below mean lower low water. As the day progressed on the 10th, the northwest winds started to decrease and backed more toward the west. Subsequent low tide cycles did not reach blowout tide conditions.",NA,CSV
201501,10,1000,201501,10,1200,91400,553357,NEW JERSEY,34,2015,January,Astronomical Low Tide,Z,17,GLOUCESTER,34017,PHI,10-JAN-15 10:00:00,EST-5,10-JAN-15 12:00:00,0,0,0,0,0.00K,0.00K,WLON,NA,NA,NA,NA,NA,NA,NA,NA,NA,NA,NA,NA,NA,NA,NA,NA,NA,NA,NA,NA,NA,"A persistent and strong northwest flow that started following a secondary cold frontal passage during the late afternoon on the 9th caused blowout tide conditions during the daytime low tide cycle on the 10th along the tidal Delaware River and its tributaries.  At Reedy Island (Delaware), the lowest tide reached 1.98 feet below mean lower low water. In Philadelphia, the lowest tide reached 2.29 feet below mean lower low water. In Burlington City (Burlington County), the lowest tide reached 2.42 feet below mean lower low water. Blowout tide conditions start at 1.80 feet below mean lower low water. As the day progressed on the 10th, the northwest winds started to decrease and backed more toward the west. Subsequent low tide cycles did not reach blowout tide conditions.",NA,CSV
201501,10,1030,201501,10,1230,91400,553358,NEW JERSEY,34,2015,January,Astronomical Low Tide,Z,18,CAMDEN,34018,PHI,10-JAN-15 10:30:00,EST-5,10-JAN-15 12:30:00,0,0,0,0,0.00K,0.00K,WLON,NA,NA,NA,NA,NA,NA,NA,NA,NA,NA,NA,NA,NA,NA,NA,NA,NA,NA,NA,NA,NA,"A persistent and strong northwest flow that started following a secondary cold frontal passage during the late afternoon on the 9th caused blowout tide conditions during the daytime low tide cycle on the 10th along the tidal Delaware River and its tributaries.  At Reedy Island (Delaware), the lowest tide reached 1.98 feet below mean lower low water. In Philadelphia, the lowest tide reached 2.29 feet below mean lower low water. In Burlington City (Burlington County), the lowest tide reached 2.42 feet below mean lower low water. Blowout tide conditions start at 1.80 feet below mean lower low water. As the day progressed on the 10th, the northwest winds started to decrease and backed more toward the west. Subsequent low tide cycles did not reach blowout tide conditions.",NA,CSV
201501,10,1130,201501,10,1430,91400,553359,NEW JERSEY,34,2015,January,Astronomical Low Tide,Z,19,NORTHWESTERN BURLINGTON,34019,PHI,10-JAN-15 11:30:00,EST-5,10-JAN-15 14:30:00,0,0,0,0,0.00K,0.00K,WLON,NA,NA,NA,NA,NA,NA,NA,NA,NA,NA,NA,NA,NA,NA,NA,NA,NA,NA,NA,NA,NA,"A persistent and strong northwest flow that started following a secondary cold frontal passage during the late afternoon on the 9th caused blowout tide conditions during the daytime low tide cycle on the 10th along the tidal Delaware River and its tributaries.  At Reedy Island (Delaware), the lowest tide reached 1.98 feet below mean lower low water. In Philadelphia, the lowest tide reached 2.29 feet below mean lower low water. In Burlington City (Burlington County), the lowest tide reached 2.42 feet below mean lower low water. Blowout tide conditions start at 1.80 feet below mean lower low water. As the day progressed on the 10th, the northwest winds started to decrease and backed more toward the west. Subsequent low tide cycles did not reach blowout tide conditions.",NA,CSV
201501,7,2030,201501,8,1000,92086,552501,NEW JERSEY,34,2015,January,Astronomical Low Tide,Z,17,GLOUCESTER,34017,PHI,07-JAN-15 20:30:00,EST-5,08-JAN-15 10:00:00,0,0,0,0,0.00K,0.00K,WLON,NA,NA,NA,NA,NA,NA,NA,NA,NA,NA,NA,NA,NA,NA,NA,NA,NA,NA,NA,NA,NA,"The very persistent and strong northwest winds that started during the day on the 7th caused blowout tide conditions during the two subsequent low tide cycles during the night of the 7th and morning of the 8th along the tidal Delaware River and its tributaries. The lowest tides occurred during the night of the 7th.  At Reedy Island (Delaware), the lowest tide reached 2.17 feet below mean lower low water.  In Philadelphia, the lowest tide reached 2.23 feet below mean lower low water. In Burlington City (Burlington County), the lowest tide reached 2.39 feet below mean lower low water. Blowout tide conditions start at 1.80 feet below mean lower low water. On the 8th, the northwest winds started to decrease and backed more toward the west. Subsequent low tide cycles did not reach blowout tide conditions.",NA,CSV
201501,7,2130,201501,8,1130,92086,552503,NEW JERSEY,34,2015,January,Astronomical Low Tide,Z,19,NORTHWESTERN BURLINGTON,34019,PHI,07-JAN-15 21:30:00,EST-5,08-JAN-15 11:30:00,0,0,0,0,0.00K,0.00K,WLON,NA,NA,NA,NA,NA,NA,NA,NA,NA,NA,NA,NA,NA,NA,NA,NA,NA,NA,NA,NA,NA,"The very persistent and strong northwest winds that started during the day on the 7th caused blowout tide conditions during the two subsequent low tide cycles during the night of the 7th and morning of the 8th along the tidal Delaware River and its tributaries. The lowest tides occurred during the night of the 7th.  At Reedy Island (Delaware), the lowest tide reached 2.17 feet below mean lower low water.  In Philadelphia, the lowest tide reached 2.23 feet below mean lower low water. In Burlington City (Burlington County), the lowest tide reached 2.39 feet below mean lower low water. Blowout tide conditions start at 1.80 feet below mean lower low water. On the 8th, the northwest winds started to decrease and backed more toward the west. Subsequent low tide cycles did not reach blowout tide conditions.",NA,CSV
201501,7,2130,201501,8,1030,92086,552502,NEW JERSEY,34,2015,January,Astronomical Low Tide,Z,18,CAMDEN,34018,PHI,07-JAN-15 21:30:00,EST-5,08-JAN-15 10:30:00,0,0,0,0,0.00K,0.00K,WLON,NA,NA,NA,NA,NA,NA,NA,NA,NA,NA,NA,NA,NA,NA,NA,NA,NA,NA,NA,NA,NA,"The very persistent and strong northwest winds that started during the day on the 7th caused blowout tide conditions during the two subsequent low tide cycles during the night of the 7th and morning of the 8th along the tidal Delaware River and its tributaries. The lowest tides occurred during the night of the 7th.  At Reedy Island (Delaware), the lowest tide reached 2.17 feet below mean lower low water.  In Philadelphia, the lowest tide reached 2.23 feet below mean lower low water. In Burlington City (Burlington County), the lowest tide reached 2.39 feet below mean lower low water. Blowout tide conditions start at 1.80 feet below mean lower low water. On the 8th, the northwest winds started to decrease and backed more toward the west. Subsequent low tide cycles did not reach blowout tide conditions.",NA,CSV
201501,7,2130,201501,8,1030,92087,552496,PENNSYLVANIA,42,2015,January,Astronomical Low Tide,Z,71,PHILADELPHIA,42071,PHI,07-JAN-15 21:30:00,EST-5,08-JAN-15 10:30:00,0,0,0,0,0.00K,0.00K,WLON,NA,NA,NA,NA,NA,NA,NA,NA,NA,NA,NA,NA,NA,NA,NA,NA,NA,NA,NA,NA,NA,"The very persistent and strong northwest winds that started during the day on the 7th caused blowout tide conditions along the tidal Delaware River and its tributaries during the two subsequent low tide cycles during the night of the 7th and morning of the 8th. The lowest tides occurred during the night of the 7th. In Philadelphia, the lowest tide reached 2.23 feet below mean lower low water. In Marcus Hook (Delaware County), the lowest tide was 2.18 feet below mean lower low water.  Blowout tide conditions start at 1.80 feet below mean lower low water. On the 8th, the northwest winds started to decrease and backed more toward the west. Subsequent low tide cycles did not reach blowout tide conditions.",NA,CSV
201501,10,800,201501,10,1100,91398,553353,DELAWARE,10,2015,January,Astronomical Low Tide,Z,1,NEW CASTLE,10001,PHI,10-JAN-15 08:00:00,EST-5,10-JAN-15 11:00:00,0,0,0,0,0.00K,0.00K,WLON,NA,NA,NA,NA,NA,NA,NA,NA,NA,NA,NA,NA,NA,NA,NA,NA,NA,NA,NA,NA,NA,"A persistent and strong northwest flow that started following a secondary cold frontal passage during the late afternoon on the 9th caused blowout tide conditions during the morning low tide cycle on the 10th along the tidal Delaware River and its tributaries.  At Reedy Island, the lowest tide reached 1.98 feet below mean lower low water. In Delaware City, the lowest tide reached 2.10 feet below mean lower low water. Blowout tide conditions start at 1.80 feet below mean lower low water. As the day progressed on the 10th, the northwest winds started to decrease and backed more toward the west. Subsequent low tide cycles did not reach blowout tide conditions.",NA,CSV
201501,10,1000,201501,10,1200,91399,553354,PENNSYLVANIA,42,2015,January,Astronomical Low Tide,Z,70,DELAWARE,42070,PHI,10-JAN-15 10:00:00,EST-5,10-JAN-15 12:00:00,0,0,0,0,0.00K,0.00K,WLON,NA,NA,NA,NA,NA,NA,NA,NA,NA,NA,NA,NA,NA,NA,NA,NA,NA,NA,NA,NA,NA,"A persistent and strong northwest flow that started following a secondary cold frontal passage during the late afternoon on the 9th caused blowout tide conditions during the daytime low tide cycle on the 10th along the tidal Delaware River and its tributaries.  At Marcus Hook (Delaware County), the lowest tide reached 2.15 feet below mean lower low water. In Philadelphia, the lowest tide reached 2.29 feet below mean lower low water. Blowout tide conditions start at 1.80 feet below mean lower low water. As the day progressed on the 10th, the northwest winds started to decrease and backed more toward the west. Subsequent low tide cycles did not reach blowout tide conditions.",NA,CSV
201501,10,1100,201501,10,1300,91399,553355,PENNSYLVANIA,42,2015,January,Astronomical Low Tide,Z,71,PHILADELPHIA,42071,PHI,10-JAN-15 11:00:00,EST-5,10-JAN-15 13:00:00,0,0,0,0,0.00K,0.00K,WLON,NA,NA,NA,NA,NA,NA,NA,NA,NA,NA,NA,NA,NA,NA,NA,NA,NA,NA,NA,NA,NA,"A persistent and strong northwest flow that started following a secondary cold frontal passage during the late afternoon on the 9th caused blowout tide conditions during the daytime low tide cycle on the 10th along the tidal Delaware River and its tributaries.  At Marcus Hook (Delaware County), the lowest tide reached 2.15 feet below mean lower low water. In Philadelphia, the lowest tide reached 2.29 feet below mean lower low water. Blowout tide conditions start at 1.80 feet below mean lower low water. As the day progressed on the 10th, the northwest winds started to decrease and backed more toward the west. Subsequent low tide cycles did not reach blowout tide conditions.",NA,CSV
201501,7,2100,201501,8,900,92087,552495,PENNSYLVANIA,42,2015,January,Astronomical Low Tide,Z,70,DELAWARE,42070,PHI,07-JAN-15 21:00:00,EST-5,08-JAN-15 09:00:00,0,0,0,0,0.00K,0.00K,WLON,NA,NA,NA,NA,NA,NA,NA,NA,NA,NA,NA,NA,NA,NA,NA,NA,NA,NA,NA,NA,NA,"The very persistent and strong northwest winds that started during the day on the 7th caused blowout tide conditions along the tidal Delaware River and its tributaries during the two subsequent low tide cycles during the night of the 7th and morning of the 8th. The lowest tides occurred during the night of the 7th. In Philadelphia, the lowest tide reached 2.23 feet below mean lower low water. In Marcus Hook (Delaware County), the lowest tide was 2.18 feet below mean lower low water.  Blowout tide conditions start at 1.80 feet below mean lower low water. On the 8th, the northwest winds started to decrease and backed more toward the west. Subsequent low tide cycles did not reach blowout tide conditions.",NA,CSV
201501,17,1100,201501,18,400,91597,549900,WASHINGTON,53,2015,January,Astronomical Low Tide,Z,42,EAST SLOPES NORTHERN CASCADES,53042,OTX,17-JAN-15 11:00:00,PST-8,18-JAN-15 04:00:00,0,0,0,0,0.00K,0.00K,Trained Spotter,NA,NA,NA,NA,NA,NA,NA,NA,NA,NA,NA,NA,NA,NA,NA,NA,NA,NA,NA,NA,NA,A warm front passed through Northeast in the afternoon and overnight bringing moderate to heavy snow. The snow level rose during the episode which changed the snow to rain for most valley and lowland locations.,"A spotter reported 7.3 inches of snow 2 miles east northeast of Leavenworth, WA.",CSV
201502,17,530,201502,17,1000,92785,556150,LOUISIANA,22,2015,February,Astronomical Low Tide,Z,74,EAST CAMERON,22074,LCH,17-FEB-15 05:30:00,CST-6,17-FEB-15 10:00:00,0,0,0,0,0.00K,0.00K,C-MAN Station,NA,NA,NA,NA,NA,NA,NA,NA,NA,NA,NA,NA,NA,NA,NA,NA,NA,NA,NA,NA,NA,A cold front pushed across the coast during the 16th with strong north winds driving tide levels below normal at the coast.,The water level at Cameron fell below -1 below lower low water for three and a half hours reaching -1.36 during the event.,CSV
201502,17,730,201502,17,1000,92786,556152,TEXAS,48,2015,February,Astronomical Low Tide,Z,215,JEFFERSON,48215,LCH,17-FEB-15 07:30:00,CST-6,17-FEB-15 10:00:00,0,0,0,0,0.00K,0.00K,C-MAN Station,NA,NA,NA,NA,NA,NA,NA,NA,NA,NA,NA,NA,NA,NA,NA,NA,NA,NA,NA,NA,NA,Strong north winds at the coast behind a cold front that passed during the afternoon of the 16th pushed the tide levels below normal.,The water level at Sabine Pass fell below -1 below lower low water for two and a half hours reaching -1.12 during the event.,CSV
201502,17,530,201502,17,1000,92785,556149,LOUISIANA,22,2015,February,Astronomical Low Tide,Z,73,WEST CAMERON,22073,LCH,17-FEB-15 05:30:00,CST-6,17-FEB-15 10:00:00,0,0,0,0,0.00K,0.00K,C-MAN Station,NA,NA,NA,NA,NA,NA,NA,NA,NA,NA,NA,NA,NA,NA,NA,NA,NA,NA,NA,NA,NA,A cold front pushed across the coast during the 16th with strong north winds driving tide levels below normal at the coast.,The water level at Cameron fell below -1 below lower low water for three and a half hours reaching -1.36 during the event.,CSV
201501,17,1400,201501,17,2300,91597,548907,WASHINGTON,53,2015,January,Astronomical Low Tide,Z,36,SPOKANE AREA,53036,OTX,17-JAN-15 14:00:00,PST-8,17-JAN-15 23:00:00,0,0,0,0,0.00K,0.00K,Trained Spotter,NA,NA,NA,NA,NA,NA,NA,NA,NA,NA,NA,NA,NA,NA,NA,NA,NA,NA,NA,NA,NA,A warm front passed through Northeast in the afternoon and overnight bringing moderate to heavy snow. The snow level rose during the episode which changed the snow to rain for most valley and lowland locations.,"A spotter reported 3.5 inches of snow 3 miles southwest of Miles, WA.",CSV
201502,15,100,201502,15,1500,92180,560154,NEW JERSEY,34,2015,February,Astronomical Low Tide,Z,21,CUMBERLAND,34021,PHI,15-FEB-15 01:00:00,EST-5,15-FEB-15 15:00:00,0,0,0,0,0.00K,0.00K,WLON,NA,NA,NA,NA,NA,NA,NA,NA,NA,NA,NA,NA,NA,NA,NA,NA,NA,NA,NA,NA,NA,"The very persistent and strong to damaging northwest winds that started overnight on the 14th caused blowout tide conditions during the three subsequent low tide cycles from the early morning of the 15th through the morning of the 16th on the tidal Delaware River and tidal sections of its tributaries. Blowout tides also occurred on the Upper Delaware Bay during the early morning and afternoon low tide cycles on the 15th. The lowest tides occurred during the low tide cycle during the afternoon and early evening on the 15th. At Ship John Shoal Light in upper Delaware Bay, the lowest tide was 2.21 feet below mean lower low water.  At Reedy Point (New Castle County), the lowest tide was 2.89 feet below mean lower low water.  At Delaware City (New Castle County), the lowest tide reached 3.10 feet below mean lower low water.  In Marcus Hook (Delaware County), the lowest tide was 3.30 feet below mean lower low water. In Philadelphia, the lowest tide reached 3.42 feet below mean lower low water.  In Burlington City (Burlington County), the lowest tide reached 3.50 feet below mean lower low water. On Newbold Island (Bucks County), the lowest tide reached 3.44 feet below mean lower low water.  The early evening low tide on the 15th in Philadelphia was the lowest since March of 1993. Blowout tide conditions start at 1.80 feet below mean lower low water. Blowout tide conditions were not observed in lower Delaware Bay, Raritan Bay or on the ocean front. As the arctic high pressure system arrived over the region during the afternoon of the 16th, the strong northwest flow ceased and subsequent low tide cycles were closer to normal and remained above blowout tide conditions.",NA,CSV
201502,15,200,201502,16,500,92179,560143,DELAWARE,10,2015,February,Astronomical Low Tide,Z,1,NEW CASTLE,10001,PHI,15-FEB-15 02:00:00,EST-5,16-FEB-15 05:00:00,0,0,0,0,0.00K,0.00K,WLON,NA,NA,NA,NA,NA,NA,NA,NA,NA,NA,NA,NA,NA,NA,NA,NA,NA,NA,NA,NA,NA,"The very persistent and strong to damaging northwest winds that started overnight on the 14th caused blowout tide conditions during the three subsequent low tide cycles from the early morning of the 15th through the early morning of the 16th on the Delaware River and its tidal tributaries in New Castle County and during the early morning and afternoon low tide cycles in northern Kent County. The lowest tides occurred during the low tide cycle during the afternoon and early evening on the 15th. At Delaware City (New Castle County), the lowest tide reached 3.10 feet below mean lower low water.  At Reedy Point (New Castle County), the lowest tide was 2.89 feet below mean lower low water.  At Ship John Shoal Light in upper Delaware Bay, the lowest tide was 2.21 feet below mean lower low water.  Blowout tide conditions start at 1.80 feet below mean lower low water. Blowout tide conditions were not observed in lower Delaware Bay or on the ocean front. As the arctic high pressure system arrived over the region during the afternoon of the 16th, the strong northwest flow ceased and subsequent low tide cycles were closer to normal and remained above blowout tide conditions in all areas.",NA,CSV
201502,15,200,201502,16,500,92180,560155,NEW JERSEY,34,2015,February,Astronomical Low Tide,Z,16,SALEM,34016,PHI,15-FEB-15 02:00:00,EST-5,16-FEB-15 05:00:00,0,0,0,0,0.00K,0.00K,WLON,NA,NA,NA,NA,NA,NA,NA,NA,NA,NA,NA,NA,NA,NA,NA,NA,NA,NA,NA,NA,NA,"The very persistent and strong to damaging northwest winds that started overnight on the 14th caused blowout tide conditions during the three subsequent low tide cycles from the early morning of the 15th through the morning of the 16th on the tidal Delaware River and tidal sections of its tributaries. Blowout tides also occurred on the Upper Delaware Bay during the early morning and afternoon low tide cycles on the 15th. The lowest tides occurred during the low tide cycle during the afternoon and early evening on the 15th. At Ship John Shoal Light in upper Delaware Bay, the lowest tide was 2.21 feet below mean lower low water.  At Reedy Point (New Castle County), the lowest tide was 2.89 feet below mean lower low water.  At Delaware City (New Castle County), the lowest tide reached 3.10 feet below mean lower low water.  In Marcus Hook (Delaware County), the lowest tide was 3.30 feet below mean lower low water. In Philadelphia, the lowest tide reached 3.42 feet below mean lower low water.  In Burlington City (Burlington County), the lowest tide reached 3.50 feet below mean lower low water. On Newbold Island (Bucks County), the lowest tide reached 3.44 feet below mean lower low water.  The early evening low tide on the 15th in Philadelphia was the lowest since March of 1993. Blowout tide conditions start at 1.80 feet below mean lower low water. Blowout tide conditions were not observed in lower Delaware Bay, Raritan Bay or on the ocean front. As the arctic high pressure system arrived over the region during the afternoon of the 16th, the strong northwest flow ceased and subsequent low tide cycles were closer to normal and remained above blowout tide conditions.",NA,CSV
201502,15,400,201502,16,600,92180,560157,NEW JERSEY,34,2015,February,Astronomical Low Tide,Z,17,GLOUCESTER,34017,PHI,15-FEB-15 04:00:00,EST-5,16-FEB-15 06:00:00,0,0,0,0,0.00K,0.00K,WLON,NA,NA,NA,NA,NA,NA,NA,NA,NA,NA,NA,NA,NA,NA,NA,NA,NA,NA,NA,NA,NA,"The very persistent and strong to damaging northwest winds that started overnight on the 14th caused blowout tide conditions during the three subsequent low tide cycles from the early morning of the 15th through the morning of the 16th on the tidal Delaware River and tidal sections of its tributaries. Blowout tides also occurred on the Upper Delaware Bay during the early morning and afternoon low tide cycles on the 15th. The lowest tides occurred during the low tide cycle during the afternoon and early evening on the 15th. At Ship John Shoal Light in upper Delaware Bay, the lowest tide was 2.21 feet below mean lower low water.  At Reedy Point (New Castle County), the lowest tide was 2.89 feet below mean lower low water.  At Delaware City (New Castle County), the lowest tide reached 3.10 feet below mean lower low water.  In Marcus Hook (Delaware County), the lowest tide was 3.30 feet below mean lower low water. In Philadelphia, the lowest tide reached 3.42 feet below mean lower low water.  In Burlington City (Burlington County), the lowest tide reached 3.50 feet below mean lower low water. On Newbold Island (Bucks County), the lowest tide reached 3.44 feet below mean lower low water.  The early evening low tide on the 15th in Philadelphia was the lowest since March of 1993. Blowout tide conditions start at 1.80 feet below mean lower low water. Blowout tide conditions were not observed in lower Delaware Bay, Raritan Bay or on the ocean front. As the arctic high pressure system arrived over the region during the afternoon of the 16th, the strong northwest flow ceased and subsequent low tide cycles were closer to normal and remained above blowout tide conditions.",NA,CSV
201501,15,1600,201501,16,400,91553,548570,WASHINGTON,53,2015,January,Astronomical Low Tide,Z,42,EAST SLOPES NORTHERN CASCADES,53042,OTX,15-JAN-15 16:00:00,PST-8,16-JAN-15 04:00:00,0,0,0,0,0.00K,0.00K,CoCoRaHS,NA,NA,NA,NA,NA,NA,NA,NA,NA,NA,NA,NA,NA,NA,NA,NA,NA,NA,NA,NA,NA,An occluded front passage brought moderate to heavy snow for much of the northern half of Eastern Washington Thursday night into Friday morning of January 15th and 16th.,"A CoCoRaHs reported 3 inches of snow 7 miles north northwest of Winthrop, WA.",CSV
201502,15,430,201502,16,630,92180,560159,NEW JERSEY,34,2015,February,Astronomical Low Tide,Z,18,CAMDEN,34018,PHI,15-FEB-15 04:30:00,EST-5,16-FEB-15 06:30:00,0,0,0,0,0.00K,0.00K,WLON,NA,NA,NA,NA,NA,NA,NA,NA,NA,NA,NA,NA,NA,NA,NA,NA,NA,NA,NA,NA,NA,"The very persistent and strong to damaging northwest winds that started overnight on the 14th caused blowout tide conditions during the three subsequent low tide cycles from the early morning of the 15th through the morning of the 16th on the tidal Delaware River and tidal sections of its tributaries. Blowout tides also occurred on the Upper Delaware Bay during the early morning and afternoon low tide cycles on the 15th. The lowest tides occurred during the low tide cycle during the afternoon and early evening on the 15th. At Ship John Shoal Light in upper Delaware Bay, the lowest tide was 2.21 feet below mean lower low water.  At Reedy Point (New Castle County), the lowest tide was 2.89 feet below mean lower low water.  At Delaware City (New Castle County), the lowest tide reached 3.10 feet below mean lower low water.  In Marcus Hook (Delaware County), the lowest tide was 3.30 feet below mean lower low water. In Philadelphia, the lowest tide reached 3.42 feet below mean lower low water.  In Burlington City (Burlington County), the lowest tide reached 3.50 feet below mean lower low water. On Newbold Island (Bucks County), the lowest tide reached 3.44 feet below mean lower low water.  The early evening low tide on the 15th in Philadelphia was the lowest since March of 1993. Blowout tide conditions start at 1.80 feet below mean lower low water. Blowout tide conditions were not observed in lower Delaware Bay, Raritan Bay or on the ocean front. As the arctic high pressure system arrived over the region during the afternoon of the 16th, the strong northwest flow ceased and subsequent low tide cycles were closer to normal and remained above blowout tide conditions.",NA,CSV
201503,5,628,201503,6,547,93991,565443,LOUISIANA,22,2015,March,Astronomical Low Tide,Z,73,WEST CAMERON,22073,LCH,05-MAR-15 06:28:00,CST-6,06-MAR-15 05:47:00,0,0,0,0,0.00K,0.00K,C-MAN Station,NA,NA,NA,NA,NA,NA,NA,NA,NA,NA,NA,NA,NA,NA,NA,NA,NA,NA,NA,NA,NA,"A cold air mass moved into Louisiana during the first week of March behind an arctic cold front. During the morning of the 5th an upper level disturbance moved across the region producing a light dusting of snow and sleet across sections of Central Louisiana. Sleet fell all the way south to the Interstate 10 corridor, however no accumulation was noted across South Louisiana. Along the coast, strong north winds drove out the tides for around a full day.",Tide stations and river gauges from Cameron and the Calcasieu River show tide levels fell below 1 foot below MLLW during the morning of the 5th and did not rise above -1  until the morning of the 6th in Calcasieu Lake. The tide at the coast did rise above -1 during high tide. The water level fell to -2.16.,CSV
201503,5,628,201503,6,547,93991,565444,LOUISIANA,22,2015,March,Astronomical Low Tide,Z,74,EAST CAMERON,22074,LCH,05-MAR-15 06:28:00,CST-6,06-MAR-15 05:47:00,0,0,0,0,0.00K,0.00K,C-MAN Station,NA,NA,NA,NA,NA,NA,NA,NA,NA,NA,NA,NA,NA,NA,NA,NA,NA,NA,NA,NA,NA,"A cold air mass moved into Louisiana during the first week of March behind an arctic cold front. During the morning of the 5th an upper level disturbance moved across the region producing a light dusting of snow and sleet across sections of Central Louisiana. Sleet fell all the way south to the Interstate 10 corridor, however no accumulation was noted across South Louisiana. Along the coast, strong north winds drove out the tides for around a full day.",Tide stations and river gauges from Cameron and the Calcasieu River show tide levels fell below 1 foot below MLLW during the morning of the 5th and did not rise above -1  until the morning of the 6th in Calcasieu Lake. The tide at the coast did rise above -1 during high tide. The water level fell to -2.16.,CSV
201502,15,500,201502,16,830,92180,560161,NEW JERSEY,34,2015,February,Astronomical Low Tide,Z,19,NORTHWESTERN BURLINGTON,34019,PHI,15-FEB-15 05:00:00,EST-5,16-FEB-15 08:30:00,0,0,0,0,0.00K,0.00K,WLON,NA,NA,NA,NA,NA,NA,NA,NA,NA,NA,NA,NA,NA,NA,NA,NA,NA,NA,NA,NA,NA,"The very persistent and strong to damaging northwest winds that started overnight on the 14th caused blowout tide conditions during the three subsequent low tide cycles from the early morning of the 15th through the morning of the 16th on the tidal Delaware River and tidal sections of its tributaries. Blowout tides also occurred on the Upper Delaware Bay during the early morning and afternoon low tide cycles on the 15th. The lowest tides occurred during the low tide cycle during the afternoon and early evening on the 15th. At Ship John Shoal Light in upper Delaware Bay, the lowest tide was 2.21 feet below mean lower low water.  At Reedy Point (New Castle County), the lowest tide was 2.89 feet below mean lower low water.  At Delaware City (New Castle County), the lowest tide reached 3.10 feet below mean lower low water.  In Marcus Hook (Delaware County), the lowest tide was 3.30 feet below mean lower low water. In Philadelphia, the lowest tide reached 3.42 feet below mean lower low water.  In Burlington City (Burlington County), the lowest tide reached 3.50 feet below mean lower low water. On Newbold Island (Bucks County), the lowest tide reached 3.44 feet below mean lower low water.  The early evening low tide on the 15th in Philadelphia was the lowest since March of 1993. Blowout tide conditions start at 1.80 feet below mean lower low water. Blowout tide conditions were not observed in lower Delaware Bay, Raritan Bay or on the ocean front. As the arctic high pressure system arrived over the region during the afternoon of the 16th, the strong northwest flow ceased and subsequent low tide cycles were closer to normal and remained above blowout tide conditions.",NA,CSV
201502,15,600,201502,16,900,92178,560130,PENNSYLVANIA,42,2015,February,Astronomical Low Tide,Z,106,LOWER BUCKS,42106,PHI,15-FEB-15 06:00:00,EST-5,16-FEB-15 09:00:00,0,0,0,0,0.00K,0.00K,WLON,NA,NA,NA,NA,NA,NA,NA,NA,NA,NA,NA,NA,NA,NA,NA,NA,NA,NA,NA,NA,NA,"The very persistent and strong to damaging northwest winds that started overnight on the 14th caused blowout tide conditions on the Delaware River and tidal sections of its tributaries during the three subsequent low tide cycles from the early morning of the 15th through the morning of the 16th. The lowest tides occurred during the low tide cycle during the late afternoon and early evening on the 15th. In Philadelphia, this was the lowest tide to occur since the days following the storm of the century in March of 1993. In Marcus Hook (Delaware County), the lowest tide was 3.30 feet below mean lower low water. In Philadelphia, the lowest tide reached 3.42 feet below mean lower low water.  On Newbold Island (Bucks County), the lowest tide reached 3.44 feet below mean lower low water.  Blowout tide conditions start at 1.80 feet below mean lower low water. As the arctic high pressure system arrived over the region during the afternoon of the 16th, the strong northwest flow ceased and subsequent low tide cycles were closer to normal and remained above blowout tide conditions.",NA,CSV
201502,15,500,201502,16,700,92178,560131,PENNSYLVANIA,42,2015,February,Astronomical Low Tide,Z,71,PHILADELPHIA,42071,PHI,15-FEB-15 05:00:00,EST-5,16-FEB-15 07:00:00,0,0,0,0,0.00K,0.00K,WLON,NA,NA,NA,NA,NA,NA,NA,NA,NA,NA,NA,NA,NA,NA,NA,NA,NA,NA,NA,NA,NA,"The very persistent and strong to damaging northwest winds that started overnight on the 14th caused blowout tide conditions on the Delaware River and tidal sections of its tributaries during the three subsequent low tide cycles from the early morning of the 15th through the morning of the 16th. The lowest tides occurred during the low tide cycle during the late afternoon and early evening on the 15th. In Philadelphia, this was the lowest tide to occur since the days following the storm of the century in March of 1993. In Marcus Hook (Delaware County), the lowest tide was 3.30 feet below mean lower low water. In Philadelphia, the lowest tide reached 3.42 feet below mean lower low water.  On Newbold Island (Bucks County), the lowest tide reached 3.44 feet below mean lower low water.  Blowout tide conditions start at 1.80 feet below mean lower low water. As the arctic high pressure system arrived over the region during the afternoon of the 16th, the strong northwest flow ceased and subsequent low tide cycles were closer to normal and remained above blowout tide conditions.",NA,CSV
201501,15,1600,201501,16,400,91553,548581,WASHINGTON,53,2015,January,Astronomical Low Tide,Z,41,WENATCHEE AREA,53041,OTX,15-JAN-15 16:00:00,PST-8,16-JAN-15 04:00:00,0,0,0,0,0.00K,0.00K,Social Media,NA,NA,NA,NA,NA,NA,NA,NA,NA,NA,NA,NA,NA,NA,NA,NA,NA,NA,NA,NA,NA,An occluded front passage brought moderate to heavy snow for much of the northern half of Eastern Washington Thursday night into Friday morning of January 15th and 16th.,"A Facebook post noted 2 inches of snow in Wenatchee, WA.",CSV
201502,15,100,201502,15,1500,92179,560141,DELAWARE,10,2015,February,Astronomical Low Tide,Z,2,KENT,10002,PHI,15-FEB-15 01:00:00,EST-5,15-FEB-15 15:00:00,0,0,0,0,0.00K,0.00K,WLON,NA,NA,NA,NA,NA,NA,NA,NA,NA,NA,NA,NA,NA,NA,NA,NA,NA,NA,NA,NA,NA,"The very persistent and strong to damaging northwest winds that started overnight on the 14th caused blowout tide conditions during the three subsequent low tide cycles from the early morning of the 15th through the early morning of the 16th on the Delaware River and its tidal tributaries in New Castle County and during the early morning and afternoon low tide cycles in northern Kent County. The lowest tides occurred during the low tide cycle during the afternoon and early evening on the 15th. At Delaware City (New Castle County), the lowest tide reached 3.10 feet below mean lower low water.  At Reedy Point (New Castle County), the lowest tide was 2.89 feet below mean lower low water.  At Ship John Shoal Light in upper Delaware Bay, the lowest tide was 2.21 feet below mean lower low water.  Blowout tide conditions start at 1.80 feet below mean lower low water. Blowout tide conditions were not observed in lower Delaware Bay or on the ocean front. As the arctic high pressure system arrived over the region during the afternoon of the 16th, the strong northwest flow ceased and subsequent low tide cycles were closer to normal and remained above blowout tide conditions in all areas.",NA,CSV
201502,15,400,201502,16,600,92178,560132,PENNSYLVANIA,42,2015,February,Astronomical Low Tide,Z,70,DELAWARE,42070,PHI,15-FEB-15 04:00:00,EST-5,16-FEB-15 06:00:00,0,0,0,0,0.00K,0.00K,WLON,NA,NA,NA,NA,NA,NA,NA,NA,NA,NA,NA,NA,NA,NA,NA,NA,NA,NA,NA,NA,NA,"The very persistent and strong to damaging northwest winds that started overnight on the 14th caused blowout tide conditions on the Delaware River and tidal sections of its tributaries during the three subsequent low tide cycles from the early morning of the 15th through the morning of the 16th. The lowest tides occurred during the low tide cycle during the late afternoon and early evening on the 15th. In Philadelphia, this was the lowest tide to occur since the days following the storm of the century in March of 1993. In Marcus Hook (Delaware County), the lowest tide was 3.30 feet below mean lower low water. In Philadelphia, the lowest tide reached 3.42 feet below mean lower low water.  On Newbold Island (Bucks County), the lowest tide reached 3.44 feet below mean lower low water.  Blowout tide conditions start at 1.80 feet below mean lower low water. As the arctic high pressure system arrived over the region during the afternoon of the 16th, the strong northwest flow ceased and subsequent low tide cycles were closer to normal and remained above blowout tide conditions.",NA,CSV
201502,20,800,201502,20,2300,92228,560194,PENNSYLVANIA,42,2015,February,Astronomical Low Tide,Z,71,PHILADELPHIA,42071,PHI,20-FEB-15 08:00:00,EST-5,20-FEB-15 23:00:00,0,0,0,0,0.00K,0.00K,WLON,NA,NA,NA,NA,NA,NA,NA,NA,NA,NA,NA,NA,NA,NA,NA,NA,NA,NA,NA,NA,NA,"The combination of persistent northwest winds and spring tides following the new moon caused blowout tides on the tidal Delaware River and its tidal tributaries with both low tide cycles on the 20th. While low tides reached blowout levels, they were not as low as the 15th of the month. The lowest tide in Philadelphia and Delaware Counties occurred during the morning low tide cycle, while the lowest tide in Bucks County occurred during the evening low tide cycle.  At Marcus Hook (Delaware County), the lowest tide was 2.69 feet below mean lower low water. In Philadelphia, the lowest tide was 2.31 feet below mean lower low water and on Newbold Island (Bucks County) the lowest tide was 2.28 feet below mean lower low water.",NA,CSV
201502,20,200,201502,21,1700,92226,560189,DELAWARE,10,2015,February,Astronomical Low Tide,Z,4,DELAWARE BEACHES,10004,PHI,20-FEB-15 02:00:00,EST-5,21-FEB-15 17:00:00,0,0,0,0,0.00K,0.00K,WLON,NA,NA,NA,NA,NA,NA,NA,NA,NA,NA,NA,NA,NA,NA,NA,NA,NA,NA,NA,NA,NA,"The combination of persistent northwest winds and spring tides following the new moon caused blowout tides   on the tidal Delaware River and its tributaries and upper Delaware Bay with both low tide cycles on the 20th and in lower Delaware Bay and along the Atlantic coast with all four low tide cycles on the 20th and 21st.  The lowest tide on the Delaware River and the upper Delaware Bay occurred during the morning low tide cycle on the 20th, while the lowest tide on lower Delaware Bay and along the ocean occurred during the late afternoon low tide cycle on the 20th.  At Delaware City (New Castle County), the lowest tide was 2.58 feet below mean lower low water. At Reedy Point (New Castle County), the lowest tide was 2.43 feet below mean lower low water. At Ship John Shoal Light in upper Delaware Bay, the lowest tide was 2.32 feet below mean lower low water. At Brandywine Shoal Light in lower Delaware Bay, the lowest tide was 2.48 feet below mean lower low water and at Lewes (Sussex County), the lowest tide was 2.64 feet below mean lower low water. Blowout tide conditions start at 1.80 feet below mean lower low water. As the latest arctic high pressure system reached the coastal waters on the 21st, the offshore push of water ended and tides returned closer to the normal on the tidal Delaware River and upper Delaware Bay on the 21st and the lower Delaware Bay and the ocean side on the 22nd.",NA,CSV
201502,20,200,201502,21,1800,92226,560190,DELAWARE,10,2015,February,Astronomical Low Tide,Z,3,INLAND SUSSEX,10003,PHI,20-FEB-15 02:00:00,EST-5,21-FEB-15 18:00:00,0,0,0,0,0.00K,0.00K,WLON,NA,NA,NA,NA,NA,NA,NA,NA,NA,NA,NA,NA,NA,NA,NA,NA,NA,NA,NA,NA,NA,"The combination of persistent northwest winds and spring tides following the new moon caused blowout tides   on the tidal Delaware River and its tributaries and upper Delaware Bay with both low tide cycles on the 20th and in lower Delaware Bay and along the Atlantic coast with all four low tide cycles on the 20th and 21st.  The lowest tide on the Delaware River and the upper Delaware Bay occurred during the morning low tide cycle on the 20th, while the lowest tide on lower Delaware Bay and along the ocean occurred during the late afternoon low tide cycle on the 20th.  At Delaware City (New Castle County), the lowest tide was 2.58 feet below mean lower low water. At Reedy Point (New Castle County), the lowest tide was 2.43 feet below mean lower low water. At Ship John Shoal Light in upper Delaware Bay, the lowest tide was 2.32 feet below mean lower low water. At Brandywine Shoal Light in lower Delaware Bay, the lowest tide was 2.48 feet below mean lower low water and at Lewes (Sussex County), the lowest tide was 2.64 feet below mean lower low water. Blowout tide conditions start at 1.80 feet below mean lower low water. As the latest arctic high pressure system reached the coastal waters on the 21st, the offshore push of water ended and tides returned closer to the normal on the tidal Delaware River and upper Delaware Bay on the 21st and the lower Delaware Bay and the ocean side on the 22nd.",NA,CSV
201502,20,500,201502,21,2100,92226,560191,DELAWARE,10,2015,February,Astronomical Low Tide,Z,1,NEW CASTLE,10001,PHI,20-FEB-15 05:00:00,EST-5,21-FEB-15 21:00:00,0,0,0,0,0.00K,0.00K,WLON,NA,NA,NA,NA,NA,NA,NA,NA,NA,NA,NA,NA,NA,NA,NA,NA,NA,NA,NA,NA,NA,"The combination of persistent northwest winds and spring tides following the new moon caused blowout tides   on the tidal Delaware River and its tributaries and upper Delaware Bay with both low tide cycles on the 20th and in lower Delaware Bay and along the Atlantic coast with all four low tide cycles on the 20th and 21st.  The lowest tide on the Delaware River and the upper Delaware Bay occurred during the morning low tide cycle on the 20th, while the lowest tide on lower Delaware Bay and along the ocean occurred during the late afternoon low tide cycle on the 20th.  At Delaware City (New Castle County), the lowest tide was 2.58 feet below mean lower low water. At Reedy Point (New Castle County), the lowest tide was 2.43 feet below mean lower low water. At Ship John Shoal Light in upper Delaware Bay, the lowest tide was 2.32 feet below mean lower low water. At Brandywine Shoal Light in lower Delaware Bay, the lowest tide was 2.48 feet below mean lower low water and at Lewes (Sussex County), the lowest tide was 2.64 feet below mean lower low water. Blowout tide conditions start at 1.80 feet below mean lower low water. As the latest arctic high pressure system reached the coastal waters on the 21st, the offshore push of water ended and tides returned closer to the normal on the tidal Delaware River and upper Delaware Bay on the 21st and the lower Delaware Bay and the ocean side on the 22nd.",NA,CSV
201502,20,300,201502,21,1900,92226,560192,DELAWARE,10,2015,February,Astronomical Low Tide,Z,2,KENT,10002,PHI,20-FEB-15 03:00:00,EST-5,21-FEB-15 19:00:00,0,0,0,0,0.00K,0.00K,WLON,NA,NA,NA,NA,NA,NA,NA,NA,NA,NA,NA,NA,NA,NA,NA,NA,NA,NA,NA,NA,NA,"The combination of persistent northwest winds and spring tides following the new moon caused blowout tides   on the tidal Delaware River and its tributaries and upper Delaware Bay with both low tide cycles on the 20th and in lower Delaware Bay and along the Atlantic coast with all four low tide cycles on the 20th and 21st.  The lowest tide on the Delaware River and the upper Delaware Bay occurred during the morning low tide cycle on the 20th, while the lowest tide on lower Delaware Bay and along the ocean occurred during the late afternoon low tide cycle on the 20th.  At Delaware City (New Castle County), the lowest tide was 2.58 feet below mean lower low water. At Reedy Point (New Castle County), the lowest tide was 2.43 feet below mean lower low water. At Ship John Shoal Light in upper Delaware Bay, the lowest tide was 2.32 feet below mean lower low water. At Brandywine Shoal Light in lower Delaware Bay, the lowest tide was 2.48 feet below mean lower low water and at Lewes (Sussex County), the lowest tide was 2.64 feet below mean lower low water. Blowout tide conditions start at 1.80 feet below mean lower low water. As the latest arctic high pressure system reached the coastal waters on the 21st, the offshore push of water ended and tides returned closer to the normal on the tidal Delaware River and upper Delaware Bay on the 21st and the lower Delaware Bay and the ocean side on the 22nd.",NA,CSV
201502,15,600,201502,16,100,93299,560182,MARYLAND,24,2015,February,Astronomical Low Tide,Z,15,QUEEN ANNES,24015,PHI,15-FEB-15 06:00:00,EST-5,16-FEB-15 01:00:00,0,0,0,0,0.00K,0.00K,WLON,NA,NA,NA,NA,NA,NA,NA,NA,NA,NA,NA,NA,NA,NA,NA,NA,NA,NA,NA,NA,NA,"The very persistent and strong to damaging northwest winds that started overnight on the 14th caused blowout tide conditions during both low tide cycles on the Upper Chesapeake Bay and the evening low tide cycle on central Chesapeake Bay on the 15th. The departures from normal became progressively less farther south on Chesapesake Bay. At Tolchester Beach (Kent County), the blowout tide was so strong that blowout conditions persisted through the daytime high tide cycle on the 15th. At Tolchester Beach (Kent County), the lowest tide was 2.52 feet below mean lower low water. At Annapolis (Anne Arundel County), the lowest tide was 2.61 feet below mean lower low water. In Cambridge (Dorchester County), the lowest tide was 1.71 feet below mean lower low water.  Blowout tide conditions start at 1.80 feet below mean lower low water.  As the arctic high pressure system neared and arrived over the region during the afternoon of the 16th, the strong northwest flow ceased. Subsequent low tide cycles were closer to normal and remained above blowout tide conditions.",NA,CSV
201502,20,500,201502,20,2100,92227,560208,NEW JERSEY,34,2015,February,Astronomical Low Tide,Z,16,SALEM,34016,PHI,20-FEB-15 05:00:00,EST-5,20-FEB-15 21:00:00,0,0,0,0,0.00K,0.00K,WLON,NA,NA,NA,NA,NA,NA,NA,NA,NA,NA,NA,NA,NA,NA,NA,NA,NA,NA,NA,NA,NA,"The combination of persistent northwest winds and spring tides following the new moon caused blowout tides on the tidal Delaware River and its tidal tributaries as well as upper Delaware Bay with both low tide cycles on the 20th. While low tides reached blowout levels, they were not as low as they were on the 15th of the month. Around Raritan Bay and Monmouth County, blowout tides also occurred with both low tide cycles on the 20th, and also the early morning low tide cycle on the 21st.  Across the rest of the coastal Atlantic New Jersey and lower Delaware Bay, blowout tides occurred with all four low tide cycles on the 20th and 21st. The lowest tides during this event occurred with the low tide cycle that started on the ocean front during the afternoon of the 20th and worked its way into Delaware Bay and the tidal Delaware River during the afternoon and evening of the 20th.||The lowest tide at Sandy Hook (Monmouth County) was 2.79 feet below mean lower low water. This was the lowest tide since March of 2008. The lowest tide in Atlantic City (Atlantic County) was 2.82 feet below mean lower low water. This was the lowest tide since March 2005. The lowest tide in Cape May (Cape May County) was 2.90 feet below mean lower low water. At Brandywine Shoal Light in lower Delaware Bay, the lowest tide was 2.48 feet below mean lower low water.  At Ship John Shoal Light in upper Delaware Bay, the lowest tide was 2.32 feet below mean lower low water.  At Reedy Point (New Castle County), the lowest tide was 2.43 feet below mean lower low water. At Delaware City (New Castle County), the lowest tide was 2.58 feet below mean lower low water. At Marcus Hook (Delaware County), the lowest tide was 2.69 feet below mean lower low water. In Philadelphia, the lowest tide was 2.31 feet below mean lower low water. In Burlington (Burlington County), the lowest tide was 2.04 feet below mean lower low water and on Newbold Island (Bucks County) the lowest tide was 2.28 feet below mean lower low water.  As the latest arctic high pressure system reached the coastal waters on the 21st, the offshore push of water ended and tides returned closer to the normal on the tidal Delaware River, Raritan Bay, coastal Monmouth County and upper Delaware Bay on the 21st and the lower Delaware Bay and on the ocean side on the 22nd.",NA,CSV
201502,20,700,201502,20,2200,92227,560209,NEW JERSEY,34,2015,February,Astronomical Low Tide,Z,17,GLOUCESTER,34017,PHI,20-FEB-15 07:00:00,EST-5,20-FEB-15 22:00:00,0,0,0,0,0.00K,0.00K,WLON,NA,NA,NA,NA,NA,NA,NA,NA,NA,NA,NA,NA,NA,NA,NA,NA,NA,NA,NA,NA,NA,"The combination of persistent northwest winds and spring tides following the new moon caused blowout tides on the tidal Delaware River and its tidal tributaries as well as upper Delaware Bay with both low tide cycles on the 20th. While low tides reached blowout levels, they were not as low as they were on the 15th of the month. Around Raritan Bay and Monmouth County, blowout tides also occurred with both low tide cycles on the 20th, and also the early morning low tide cycle on the 21st.  Across the rest of the coastal Atlantic New Jersey and lower Delaware Bay, blowout tides occurred with all four low tide cycles on the 20th and 21st. The lowest tides during this event occurred with the low tide cycle that started on the ocean front during the afternoon of the 20th and worked its way into Delaware Bay and the tidal Delaware River during the afternoon and evening of the 20th.||The lowest tide at Sandy Hook (Monmouth County) was 2.79 feet below mean lower low water. This was the lowest tide since March of 2008. The lowest tide in Atlantic City (Atlantic County) was 2.82 feet below mean lower low water. This was the lowest tide since March 2005. The lowest tide in Cape May (Cape May County) was 2.90 feet below mean lower low water. At Brandywine Shoal Light in lower Delaware Bay, the lowest tide was 2.48 feet below mean lower low water.  At Ship John Shoal Light in upper Delaware Bay, the lowest tide was 2.32 feet below mean lower low water.  At Reedy Point (New Castle County), the lowest tide was 2.43 feet below mean lower low water. At Delaware City (New Castle County), the lowest tide was 2.58 feet below mean lower low water. At Marcus Hook (Delaware County), the lowest tide was 2.69 feet below mean lower low water. In Philadelphia, the lowest tide was 2.31 feet below mean lower low water. In Burlington (Burlington County), the lowest tide was 2.04 feet below mean lower low water and on Newbold Island (Bucks County) the lowest tide was 2.28 feet below mean lower low water.  As the latest arctic high pressure system reached the coastal waters on the 21st, the offshore push of water ended and tides returned closer to the normal on the tidal Delaware River, Raritan Bay, coastal Monmouth County and upper Delaware Bay on the 21st and the lower Delaware Bay and on the ocean side on the 22nd.",NA,CSV
201502,20,800,201502,20,2230,92227,560210,NEW JERSEY,34,2015,February,Astronomical Low Tide,Z,18,CAMDEN,34018,PHI,20-FEB-15 08:00:00,EST-5,20-FEB-15 22:30:00,0,0,0,0,0.00K,0.00K,WLON,NA,NA,NA,NA,NA,NA,NA,NA,NA,NA,NA,NA,NA,NA,NA,NA,NA,NA,NA,NA,NA,"The combination of persistent northwest winds and spring tides following the new moon caused blowout tides on the tidal Delaware River and its tidal tributaries as well as upper Delaware Bay with both low tide cycles on the 20th. While low tides reached blowout levels, they were not as low as they were on the 15th of the month. Around Raritan Bay and Monmouth County, blowout tides also occurred with both low tide cycles on the 20th, and also the early morning low tide cycle on the 21st.  Across the rest of the coastal Atlantic New Jersey and lower Delaware Bay, blowout tides occurred with all four low tide cycles on the 20th and 21st. The lowest tides during this event occurred with the low tide cycle that started on the ocean front during the afternoon of the 20th and worked its way into Delaware Bay and the tidal Delaware River during the afternoon and evening of the 20th.||The lowest tide at Sandy Hook (Monmouth County) was 2.79 feet below mean lower low water. This was the lowest tide since March of 2008. The lowest tide in Atlantic City (Atlantic County) was 2.82 feet below mean lower low water. This was the lowest tide since March 2005. The lowest tide in Cape May (Cape May County) was 2.90 feet below mean lower low water. At Brandywine Shoal Light in lower Delaware Bay, the lowest tide was 2.48 feet below mean lower low water.  At Ship John Shoal Light in upper Delaware Bay, the lowest tide was 2.32 feet below mean lower low water.  At Reedy Point (New Castle County), the lowest tide was 2.43 feet below mean lower low water. At Delaware City (New Castle County), the lowest tide was 2.58 feet below mean lower low water. At Marcus Hook (Delaware County), the lowest tide was 2.69 feet below mean lower low water. In Philadelphia, the lowest tide was 2.31 feet below mean lower low water. In Burlington (Burlington County), the lowest tide was 2.04 feet below mean lower low water and on Newbold Island (Bucks County) the lowest tide was 2.28 feet below mean lower low water.  As the latest arctic high pressure system reached the coastal waters on the 21st, the offshore push of water ended and tides returned closer to the normal on the tidal Delaware River, Raritan Bay, coastal Monmouth County and upper Delaware Bay on the 21st and the lower Delaware Bay and on the ocean side on the 22nd.",NA,CSV
201502,20,930,201502,21,100,92227,560211,NEW JERSEY,34,2015,February,Astronomical Low Tide,Z,19,NORTHWESTERN BURLINGTON,34019,PHI,20-FEB-15 09:30:00,EST-5,21-FEB-15 01:00:00,0,0,0,0,0.00K,0.00K,WLON,NA,NA,NA,NA,NA,NA,NA,NA,NA,NA,NA,NA,NA,NA,NA,NA,NA,NA,NA,NA,NA,"The combination of persistent northwest winds and spring tides following the new moon caused blowout tides on the tidal Delaware River and its tidal tributaries as well as upper Delaware Bay with both low tide cycles on the 20th. While low tides reached blowout levels, they were not as low as they were on the 15th of the month. Around Raritan Bay and Monmouth County, blowout tides also occurred with both low tide cycles on the 20th, and also the early morning low tide cycle on the 21st.  Across the rest of the coastal Atlantic New Jersey and lower Delaware Bay, blowout tides occurred with all four low tide cycles on the 20th and 21st. The lowest tides during this event occurred with the low tide cycle that started on the ocean front during the afternoon of the 20th and worked its way into Delaware Bay and the tidal Delaware River during the afternoon and evening of the 20th.||The lowest tide at Sandy Hook (Monmouth County) was 2.79 feet below mean lower low water. This was the lowest tide since March of 2008. The lowest tide in Atlantic City (Atlantic County) was 2.82 feet below mean lower low water. This was the lowest tide since March 2005. The lowest tide in Cape May (Cape May County) was 2.90 feet below mean lower low water. At Brandywine Shoal Light in lower Delaware Bay, the lowest tide was 2.48 feet below mean lower low water.  At Ship John Shoal Light in upper Delaware Bay, the lowest tide was 2.32 feet below mean lower low water.  At Reedy Point (New Castle County), the lowest tide was 2.43 feet below mean lower low water. At Delaware City (New Castle County), the lowest tide was 2.58 feet below mean lower low water. At Marcus Hook (Delaware County), the lowest tide was 2.69 feet below mean lower low water. In Philadelphia, the lowest tide was 2.31 feet below mean lower low water. In Burlington (Burlington County), the lowest tide was 2.04 feet below mean lower low water and on Newbold Island (Bucks County) the lowest tide was 2.28 feet below mean lower low water.  As the latest arctic high pressure system reached the coastal waters on the 21st, the offshore push of water ended and tides returned closer to the normal on the tidal Delaware River, Raritan Bay, coastal Monmouth County and upper Delaware Bay on the 21st and the lower Delaware Bay and on the ocean side on the 22nd.",NA,CSV
201502,20,100,201502,21,1600,92227,560200,NEW JERSEY,34,2015,February,Astronomical Low Tide,Z,26,EASTERN OCEAN,34026,PHI,20-FEB-15 01:00:00,EST-5,21-FEB-15 16:00:00,0,0,0,0,0.00K,0.00K,WLON,NA,NA,NA,NA,NA,NA,NA,NA,NA,NA,NA,NA,NA,NA,NA,NA,NA,NA,NA,NA,NA,"The combination of persistent northwest winds and spring tides following the new moon caused blowout tides on the tidal Delaware River and its tidal tributaries as well as upper Delaware Bay with both low tide cycles on the 20th. While low tides reached blowout levels, they were not as low as they were on the 15th of the month. Around Raritan Bay and Monmouth County, blowout tides also occurred with both low tide cycles on the 20th, and also the early morning low tide cycle on the 21st.  Across the rest of the coastal Atlantic New Jersey and lower Delaware Bay, blowout tides occurred with all four low tide cycles on the 20th and 21st. The lowest tides during this event occurred with the low tide cycle that started on the ocean front during the afternoon of the 20th and worked its way into Delaware Bay and the tidal Delaware River during the afternoon and evening of the 20th.||The lowest tide at Sandy Hook (Monmouth County) was 2.79 feet below mean lower low water. This was the lowest tide since March of 2008. The lowest tide in Atlantic City (Atlantic County) was 2.82 feet below mean lower low water. This was the lowest tide since March 2005. The lowest tide in Cape May (Cape May County) was 2.90 feet below mean lower low water. At Brandywine Shoal Light in lower Delaware Bay, the lowest tide was 2.48 feet below mean lower low water.  At Ship John Shoal Light in upper Delaware Bay, the lowest tide was 2.32 feet below mean lower low water.  At Reedy Point (New Castle County), the lowest tide was 2.43 feet below mean lower low water. At Delaware City (New Castle County), the lowest tide was 2.58 feet below mean lower low water. At Marcus Hook (Delaware County), the lowest tide was 2.69 feet below mean lower low water. In Philadelphia, the lowest tide was 2.31 feet below mean lower low water. In Burlington (Burlington County), the lowest tide was 2.04 feet below mean lower low water and on Newbold Island (Bucks County) the lowest tide was 2.28 feet below mean lower low water.  As the latest arctic high pressure system reached the coastal waters on the 21st, the offshore push of water ended and tides returned closer to the normal on the tidal Delaware River, Raritan Bay, coastal Monmouth County and upper Delaware Bay on the 21st and the lower Delaware Bay and on the ocean side on the 22nd.",NA,CSV
201502,15,700,201502,16,0,93299,560180,MARYLAND,24,2015,February,Astronomical Low Tide,Z,12,KENT,24012,PHI,15-FEB-15 07:00:00,EST-5,16-FEB-15 00:00:00,0,0,0,0,0.00K,0.00K,WLON,NA,NA,NA,NA,NA,NA,NA,NA,NA,NA,NA,NA,NA,NA,NA,NA,NA,NA,NA,NA,NA,"The very persistent and strong to damaging northwest winds that started overnight on the 14th caused blowout tide conditions during both low tide cycles on the Upper Chesapeake Bay and the evening low tide cycle on central Chesapeake Bay on the 15th. The departures from normal became progressively less farther south on Chesapesake Bay. At Tolchester Beach (Kent County), the blowout tide was so strong that blowout conditions persisted through the daytime high tide cycle on the 15th. At Tolchester Beach (Kent County), the lowest tide was 2.52 feet below mean lower low water. At Annapolis (Anne Arundel County), the lowest tide was 2.61 feet below mean lower low water. In Cambridge (Dorchester County), the lowest tide was 1.71 feet below mean lower low water.  Blowout tide conditions start at 1.80 feet below mean lower low water.  As the arctic high pressure system neared and arrived over the region during the afternoon of the 16th, the strong northwest flow ceased. Subsequent low tide cycles were closer to normal and remained above blowout tide conditions.",NA,CSV
201502,20,700,201502,20,2200,92228,560193,PENNSYLVANIA,42,2015,February,Astronomical Low Tide,Z,70,DELAWARE,42070,PHI,20-FEB-15 07:00:00,EST-5,20-FEB-15 22:00:00,0,0,0,0,0.00K,0.00K,WLON,NA,NA,NA,NA,NA,NA,NA,NA,NA,NA,NA,NA,NA,NA,NA,NA,NA,NA,NA,NA,NA,"The combination of persistent northwest winds and spring tides following the new moon caused blowout tides on the tidal Delaware River and its tidal tributaries with both low tide cycles on the 20th. While low tides reached blowout levels, they were not as low as the 15th of the month. The lowest tide in Philadelphia and Delaware Counties occurred during the morning low tide cycle, while the lowest tide in Bucks County occurred during the evening low tide cycle.  At Marcus Hook (Delaware County), the lowest tide was 2.69 feet below mean lower low water. In Philadelphia, the lowest tide was 2.31 feet below mean lower low water and on Newbold Island (Bucks County) the lowest tide was 2.28 feet below mean lower low water.",NA,CSV
201502,20,1000,201502,21,100,92228,560195,PENNSYLVANIA,42,2015,February,Astronomical Low Tide,Z,106,LOWER BUCKS,42106,PHI,20-FEB-15 10:00:00,EST-5,21-FEB-15 01:00:00,0,0,0,0,0.00K,0.00K,WLON,NA,NA,NA,NA,NA,NA,NA,NA,NA,NA,NA,NA,NA,NA,NA,NA,NA,NA,NA,NA,NA,"The combination of persistent northwest winds and spring tides following the new moon caused blowout tides on the tidal Delaware River and its tidal tributaries with both low tide cycles on the 20th. While low tides reached blowout levels, they were not as low as the 15th of the month. The lowest tide in Philadelphia and Delaware Counties occurred during the morning low tide cycle, while the lowest tide in Bucks County occurred during the evening low tide cycle.  At Marcus Hook (Delaware County), the lowest tide was 2.69 feet below mean lower low water. In Philadelphia, the lowest tide was 2.31 feet below mean lower low water and on Newbold Island (Bucks County) the lowest tide was 2.28 feet below mean lower low water.",NA,CSV
201502,20,100,201502,21,400,92227,560197,NEW JERSEY,34,2015,February,Astronomical Low Tide,Z,12,MIDDLESEX,34012,PHI,20-FEB-15 01:00:00,EST-5,21-FEB-15 04:00:00,0,0,0,0,0.00K,0.00K,WLON,NA,NA,NA,NA,NA,NA,NA,NA,NA,NA,NA,NA,NA,NA,NA,NA,NA,NA,NA,NA,NA,"The combination of persistent northwest winds and spring tides following the new moon caused blowout tides on the tidal Delaware River and its tidal tributaries as well as upper Delaware Bay with both low tide cycles on the 20th. While low tides reached blowout levels, they were not as low as they were on the 15th of the month. Around Raritan Bay and Monmouth County, blowout tides also occurred with both low tide cycles on the 20th, and also the early morning low tide cycle on the 21st.  Across the rest of the coastal Atlantic New Jersey and lower Delaware Bay, blowout tides occurred with all four low tide cycles on the 20th and 21st. The lowest tides during this event occurred with the low tide cycle that started on the ocean front during the afternoon of the 20th and worked its way into Delaware Bay and the tidal Delaware River during the afternoon and evening of the 20th.||The lowest tide at Sandy Hook (Monmouth County) was 2.79 feet below mean lower low water. This was the lowest tide since March of 2008. The lowest tide in Atlantic City (Atlantic County) was 2.82 feet below mean lower low water. This was the lowest tide since March 2005. The lowest tide in Cape May (Cape May County) was 2.90 feet below mean lower low water. At Brandywine Shoal Light in lower Delaware Bay, the lowest tide was 2.48 feet below mean lower low water.  At Ship John Shoal Light in upper Delaware Bay, the lowest tide was 2.32 feet below mean lower low water.  At Reedy Point (New Castle County), the lowest tide was 2.43 feet below mean lower low water. At Delaware City (New Castle County), the lowest tide was 2.58 feet below mean lower low water. At Marcus Hook (Delaware County), the lowest tide was 2.69 feet below mean lower low water. In Philadelphia, the lowest tide was 2.31 feet below mean lower low water. In Burlington (Burlington County), the lowest tide was 2.04 feet below mean lower low water and on Newbold Island (Bucks County) the lowest tide was 2.28 feet below mean lower low water.  As the latest arctic high pressure system reached the coastal waters on the 21st, the offshore push of water ended and tides returned closer to the normal on the tidal Delaware River, Raritan Bay, coastal Monmouth County and upper Delaware Bay on the 21st and the lower Delaware Bay and on the ocean side on the 22nd.",NA,CSV
201502,20,100,201502,21,400,92227,560198,NEW JERSEY,34,2015,February,Astronomical Low Tide,Z,13,WESTERN MONMOUTH,34013,PHI,20-FEB-15 01:00:00,EST-5,21-FEB-15 04:00:00,0,0,0,0,0.00K,0.00K,WLON,NA,NA,NA,NA,NA,NA,NA,NA,NA,NA,NA,NA,NA,NA,NA,NA,NA,NA,NA,NA,NA,"The combination of persistent northwest winds and spring tides following the new moon caused blowout tides on the tidal Delaware River and its tidal tributaries as well as upper Delaware Bay with both low tide cycles on the 20th. While low tides reached blowout levels, they were not as low as they were on the 15th of the month. Around Raritan Bay and Monmouth County, blowout tides also occurred with both low tide cycles on the 20th, and also the early morning low tide cycle on the 21st.  Across the rest of the coastal Atlantic New Jersey and lower Delaware Bay, blowout tides occurred with all four low tide cycles on the 20th and 21st. The lowest tides during this event occurred with the low tide cycle that started on the ocean front during the afternoon of the 20th and worked its way into Delaware Bay and the tidal Delaware River during the afternoon and evening of the 20th.||The lowest tide at Sandy Hook (Monmouth County) was 2.79 feet below mean lower low water. This was the lowest tide since March of 2008. The lowest tide in Atlantic City (Atlantic County) was 2.82 feet below mean lower low water. This was the lowest tide since March 2005. The lowest tide in Cape May (Cape May County) was 2.90 feet below mean lower low water. At Brandywine Shoal Light in lower Delaware Bay, the lowest tide was 2.48 feet below mean lower low water.  At Ship John Shoal Light in upper Delaware Bay, the lowest tide was 2.32 feet below mean lower low water.  At Reedy Point (New Castle County), the lowest tide was 2.43 feet below mean lower low water. At Delaware City (New Castle County), the lowest tide was 2.58 feet below mean lower low water. At Marcus Hook (Delaware County), the lowest tide was 2.69 feet below mean lower low water. In Philadelphia, the lowest tide was 2.31 feet below mean lower low water. In Burlington (Burlington County), the lowest tide was 2.04 feet below mean lower low water and on Newbold Island (Bucks County) the lowest tide was 2.28 feet below mean lower low water.  As the latest arctic high pressure system reached the coastal waters on the 21st, the offshore push of water ended and tides returned closer to the normal on the tidal Delaware River, Raritan Bay, coastal Monmouth County and upper Delaware Bay on the 21st and the lower Delaware Bay and on the ocean side on the 22nd.",NA,CSV
201502,20,130,201502,21,430,92227,560199,NEW JERSEY,34,2015,February,Astronomical Low Tide,Z,25,EASTERN ATLANTIC,34025,PHI,20-FEB-15 01:30:00,EST-5,21-FEB-15 04:30:00,0,0,0,0,0.00K,0.00K,WLON,NA,NA,NA,NA,NA,NA,NA,NA,NA,NA,NA,NA,NA,NA,NA,NA,NA,NA,NA,NA,NA,"The combination of persistent northwest winds and spring tides following the new moon caused blowout tides on the tidal Delaware River and its tidal tributaries as well as upper Delaware Bay with both low tide cycles on the 20th. While low tides reached blowout levels, they were not as low as they were on the 15th of the month. Around Raritan Bay and Monmouth County, blowout tides also occurred with both low tide cycles on the 20th, and also the early morning low tide cycle on the 21st.  Across the rest of the coastal Atlantic New Jersey and lower Delaware Bay, blowout tides occurred with all four low tide cycles on the 20th and 21st. The lowest tides during this event occurred with the low tide cycle that started on the ocean front during the afternoon of the 20th and worked its way into Delaware Bay and the tidal Delaware River during the afternoon and evening of the 20th.||The lowest tide at Sandy Hook (Monmouth County) was 2.79 feet below mean lower low water. This was the lowest tide since March of 2008. The lowest tide in Atlantic City (Atlantic County) was 2.82 feet below mean lower low water. This was the lowest tide since March 2005. The lowest tide in Cape May (Cape May County) was 2.90 feet below mean lower low water. At Brandywine Shoal Light in lower Delaware Bay, the lowest tide was 2.48 feet below mean lower low water.  At Ship John Shoal Light in upper Delaware Bay, the lowest tide was 2.32 feet below mean lower low water.  At Reedy Point (New Castle County), the lowest tide was 2.43 feet below mean lower low water. At Delaware City (New Castle County), the lowest tide was 2.58 feet below mean lower low water. At Marcus Hook (Delaware County), the lowest tide was 2.69 feet below mean lower low water. In Philadelphia, the lowest tide was 2.31 feet below mean lower low water. In Burlington (Burlington County), the lowest tide was 2.04 feet below mean lower low water and on Newbold Island (Bucks County) the lowest tide was 2.28 feet below mean lower low water.  As the latest arctic high pressure system reached the coastal waters on the 21st, the offshore push of water ended and tides returned closer to the normal on the tidal Delaware River, Raritan Bay, coastal Monmouth County and upper Delaware Bay on the 21st and the lower Delaware Bay and on the ocean side on the 22nd.",NA,CSV
201502,15,1800,201502,15,2200,93299,560184,MARYLAND,24,2015,February,Astronomical Low Tide,Z,19,TALBOT,24019,PHI,15-FEB-15 18:00:00,EST-5,15-FEB-15 22:00:00,0,0,0,0,0.00K,0.00K,WLON,NA,NA,NA,NA,NA,NA,NA,NA,NA,NA,NA,NA,NA,NA,NA,NA,NA,NA,NA,NA,NA,"The very persistent and strong to damaging northwest winds that started overnight on the 14th caused blowout tide conditions during both low tide cycles on the Upper Chesapeake Bay and the evening low tide cycle on central Chesapeake Bay on the 15th. The departures from normal became progressively less farther south on Chesapesake Bay. At Tolchester Beach (Kent County), the blowout tide was so strong that blowout conditions persisted through the daytime high tide cycle on the 15th. At Tolchester Beach (Kent County), the lowest tide was 2.52 feet below mean lower low water. At Annapolis (Anne Arundel County), the lowest tide was 2.61 feet below mean lower low water. In Cambridge (Dorchester County), the lowest tide was 1.71 feet below mean lower low water.  Blowout tide conditions start at 1.80 feet below mean lower low water.  As the arctic high pressure system neared and arrived over the region during the afternoon of the 16th, the strong northwest flow ceased. Subsequent low tide cycles were closer to normal and remained above blowout tide conditions.",NA,CSV
201502,15,800,201502,16,100,93299,560176,MARYLAND,24,2015,February,Astronomical Low Tide,Z,8,CECIL,24008,PHI,15-FEB-15 08:00:00,EST-5,16-FEB-15 01:00:00,0,0,0,0,0.00K,0.00K,WLON,NA,NA,NA,NA,NA,NA,NA,NA,NA,NA,NA,NA,NA,NA,NA,NA,NA,NA,NA,NA,NA,"The very persistent and strong to damaging northwest winds that started overnight on the 14th caused blowout tide conditions during both low tide cycles on the Upper Chesapeake Bay and the evening low tide cycle on central Chesapeake Bay on the 15th. The departures from normal became progressively less farther south on Chesapesake Bay. At Tolchester Beach (Kent County), the blowout tide was so strong that blowout conditions persisted through the daytime high tide cycle on the 15th. At Tolchester Beach (Kent County), the lowest tide was 2.52 feet below mean lower low water. At Annapolis (Anne Arundel County), the lowest tide was 2.61 feet below mean lower low water. In Cambridge (Dorchester County), the lowest tide was 1.71 feet below mean lower low water.  Blowout tide conditions start at 1.80 feet below mean lower low water.  As the arctic high pressure system neared and arrived over the region during the afternoon of the 16th, the strong northwest flow ceased. Subsequent low tide cycles were closer to normal and remained above blowout tide conditions.",NA,CSV
201502,20,100,201502,21,1700,92227,560201,NEW JERSEY,34,2015,February,Astronomical Low Tide,Z,20,WESTERN OCEAN,34020,PHI,20-FEB-15 01:00:00,EST-5,21-FEB-15 17:00:00,0,0,0,0,0.00K,0.00K,WLON,NA,NA,NA,NA,NA,NA,NA,NA,NA,NA,NA,NA,NA,NA,NA,NA,NA,NA,NA,NA,NA,"The combination of persistent northwest winds and spring tides following the new moon caused blowout tides on the tidal Delaware River and its tidal tributaries as well as upper Delaware Bay with both low tide cycles on the 20th. While low tides reached blowout levels, they were not as low as they were on the 15th of the month. Around Raritan Bay and Monmouth County, blowout tides also occurred with both low tide cycles on the 20th, and also the early morning low tide cycle on the 21st.  Across the rest of the coastal Atlantic New Jersey and lower Delaware Bay, blowout tides occurred with all four low tide cycles on the 20th and 21st. The lowest tides during this event occurred with the low tide cycle that started on the ocean front during the afternoon of the 20th and worked its way into Delaware Bay and the tidal Delaware River during the afternoon and evening of the 20th.||The lowest tide at Sandy Hook (Monmouth County) was 2.79 feet below mean lower low water. This was the lowest tide since March of 2008. The lowest tide in Atlantic City (Atlantic County) was 2.82 feet below mean lower low water. This was the lowest tide since March 2005. The lowest tide in Cape May (Cape May County) was 2.90 feet below mean lower low water. At Brandywine Shoal Light in lower Delaware Bay, the lowest tide was 2.48 feet below mean lower low water.  At Ship John Shoal Light in upper Delaware Bay, the lowest tide was 2.32 feet below mean lower low water.  At Reedy Point (New Castle County), the lowest tide was 2.43 feet below mean lower low water. At Delaware City (New Castle County), the lowest tide was 2.58 feet below mean lower low water. At Marcus Hook (Delaware County), the lowest tide was 2.69 feet below mean lower low water. In Philadelphia, the lowest tide was 2.31 feet below mean lower low water. In Burlington (Burlington County), the lowest tide was 2.04 feet below mean lower low water and on Newbold Island (Bucks County) the lowest tide was 2.28 feet below mean lower low water.  As the latest arctic high pressure system reached the coastal waters on the 21st, the offshore push of water ended and tides returned closer to the normal on the tidal Delaware River, Raritan Bay, coastal Monmouth County and upper Delaware Bay on the 21st and the lower Delaware Bay and on the ocean side on the 22nd.",NA,CSV
201502,20,200,201502,21,1700,92227,560202,NEW JERSEY,34,2015,February,Astronomical Low Tide,Z,27,SOUTHEASTERN BURLINGTON,34027,PHI,20-FEB-15 02:00:00,EST-5,21-FEB-15 17:00:00,0,0,0,0,0.00K,0.00K,WLON,NA,NA,NA,NA,NA,NA,NA,NA,NA,NA,NA,NA,NA,NA,NA,NA,NA,NA,NA,NA,NA,"The combination of persistent northwest winds and spring tides following the new moon caused blowout tides on the tidal Delaware River and its tidal tributaries as well as upper Delaware Bay with both low tide cycles on the 20th. While low tides reached blowout levels, they were not as low as they were on the 15th of the month. Around Raritan Bay and Monmouth County, blowout tides also occurred with both low tide cycles on the 20th, and also the early morning low tide cycle on the 21st.  Across the rest of the coastal Atlantic New Jersey and lower Delaware Bay, blowout tides occurred with all four low tide cycles on the 20th and 21st. The lowest tides during this event occurred with the low tide cycle that started on the ocean front during the afternoon of the 20th and worked its way into Delaware Bay and the tidal Delaware River during the afternoon and evening of the 20th.||The lowest tide at Sandy Hook (Monmouth County) was 2.79 feet below mean lower low water. This was the lowest tide since March of 2008. The lowest tide in Atlantic City (Atlantic County) was 2.82 feet below mean lower low water. This was the lowest tide since March 2005. The lowest tide in Cape May (Cape May County) was 2.90 feet below mean lower low water. At Brandywine Shoal Light in lower Delaware Bay, the lowest tide was 2.48 feet below mean lower low water.  At Ship John Shoal Light in upper Delaware Bay, the lowest tide was 2.32 feet below mean lower low water.  At Reedy Point (New Castle County), the lowest tide was 2.43 feet below mean lower low water. At Delaware City (New Castle County), the lowest tide was 2.58 feet below mean lower low water. At Marcus Hook (Delaware County), the lowest tide was 2.69 feet below mean lower low water. In Philadelphia, the lowest tide was 2.31 feet below mean lower low water. In Burlington (Burlington County), the lowest tide was 2.04 feet below mean lower low water and on Newbold Island (Bucks County) the lowest tide was 2.28 feet below mean lower low water.  As the latest arctic high pressure system reached the coastal waters on the 21st, the offshore push of water ended and tides returned closer to the normal on the tidal Delaware River, Raritan Bay, coastal Monmouth County and upper Delaware Bay on the 21st and the lower Delaware Bay and on the ocean side on the 22nd.",NA,CSV
201502,20,100,201502,21,1600,92227,560203,NEW JERSEY,34,2015,February,Astronomical Low Tide,Z,25,EASTERN ATLANTIC,34025,PHI,20-FEB-15 01:00:00,EST-5,21-FEB-15 16:00:00,0,0,0,0,0.00K,0.00K,WLON,NA,NA,NA,NA,NA,NA,NA,NA,NA,NA,NA,NA,NA,NA,NA,NA,NA,NA,NA,NA,NA,"The combination of persistent northwest winds and spring tides following the new moon caused blowout tides on the tidal Delaware River and its tidal tributaries as well as upper Delaware Bay with both low tide cycles on the 20th. While low tides reached blowout levels, they were not as low as they were on the 15th of the month. Around Raritan Bay and Monmouth County, blowout tides also occurred with both low tide cycles on the 20th, and also the early morning low tide cycle on the 21st.  Across the rest of the coastal Atlantic New Jersey and lower Delaware Bay, blowout tides occurred with all four low tide cycles on the 20th and 21st. The lowest tides during this event occurred with the low tide cycle that started on the ocean front during the afternoon of the 20th and worked its way into Delaware Bay and the tidal Delaware River during the afternoon and evening of the 20th.||The lowest tide at Sandy Hook (Monmouth County) was 2.79 feet below mean lower low water. This was the lowest tide since March of 2008. The lowest tide in Atlantic City (Atlantic County) was 2.82 feet below mean lower low water. This was the lowest tide since March 2005. The lowest tide in Cape May (Cape May County) was 2.90 feet below mean lower low water. At Brandywine Shoal Light in lower Delaware Bay, the lowest tide was 2.48 feet below mean lower low water.  At Ship John Shoal Light in upper Delaware Bay, the lowest tide was 2.32 feet below mean lower low water.  At Reedy Point (New Castle County), the lowest tide was 2.43 feet below mean lower low water. At Delaware City (New Castle County), the lowest tide was 2.58 feet below mean lower low water. At Marcus Hook (Delaware County), the lowest tide was 2.69 feet below mean lower low water. In Philadelphia, the lowest tide was 2.31 feet below mean lower low water. In Burlington (Burlington County), the lowest tide was 2.04 feet below mean lower low water and on Newbold Island (Bucks County) the lowest tide was 2.28 feet below mean lower low water.  As the latest arctic high pressure system reached the coastal waters on the 21st, the offshore push of water ended and tides returned closer to the normal on the tidal Delaware River, Raritan Bay, coastal Monmouth County and upper Delaware Bay on the 21st and the lower Delaware Bay and on the ocean side on the 22nd.",NA,CSV
201502,20,100,201502,21,1600,92227,560204,NEW JERSEY,34,2015,February,Astronomical Low Tide,Z,22,WESTERN ATLANTIC,34022,PHI,20-FEB-15 01:00:00,EST-5,21-FEB-15 16:00:00,0,0,0,0,0.00K,0.00K,WLON,NA,NA,NA,NA,NA,NA,NA,NA,NA,NA,NA,NA,NA,NA,NA,NA,NA,NA,NA,NA,NA,"The combination of persistent northwest winds and spring tides following the new moon caused blowout tides on the tidal Delaware River and its tidal tributaries as well as upper Delaware Bay with both low tide cycles on the 20th. While low tides reached blowout levels, they were not as low as they were on the 15th of the month. Around Raritan Bay and Monmouth County, blowout tides also occurred with both low tide cycles on the 20th, and also the early morning low tide cycle on the 21st.  Across the rest of the coastal Atlantic New Jersey and lower Delaware Bay, blowout tides occurred with all four low tide cycles on the 20th and 21st. The lowest tides during this event occurred with the low tide cycle that started on the ocean front during the afternoon of the 20th and worked its way into Delaware Bay and the tidal Delaware River during the afternoon and evening of the 20th.||The lowest tide at Sandy Hook (Monmouth County) was 2.79 feet below mean lower low water. This was the lowest tide since March of 2008. The lowest tide in Atlantic City (Atlantic County) was 2.82 feet below mean lower low water. This was the lowest tide since March 2005. The lowest tide in Cape May (Cape May County) was 2.90 feet below mean lower low water. At Brandywine Shoal Light in lower Delaware Bay, the lowest tide was 2.48 feet below mean lower low water.  At Ship John Shoal Light in upper Delaware Bay, the lowest tide was 2.32 feet below mean lower low water.  At Reedy Point (New Castle County), the lowest tide was 2.43 feet below mean lower low water. At Delaware City (New Castle County), the lowest tide was 2.58 feet below mean lower low water. At Marcus Hook (Delaware County), the lowest tide was 2.69 feet below mean lower low water. In Philadelphia, the lowest tide was 2.31 feet below mean lower low water. In Burlington (Burlington County), the lowest tide was 2.04 feet below mean lower low water and on Newbold Island (Bucks County) the lowest tide was 2.28 feet below mean lower low water.  As the latest arctic high pressure system reached the coastal waters on the 21st, the offshore push of water ended and tides returned closer to the normal on the tidal Delaware River, Raritan Bay, coastal Monmouth County and upper Delaware Bay on the 21st and the lower Delaware Bay and on the ocean side on the 22nd.",NA,CSV
201502,20,100,201502,21,1600,92227,560205,NEW JERSEY,34,2015,February,Astronomical Low Tide,Z,24,EASTERN CAPE MAY,34024,PHI,20-FEB-15 01:00:00,EST-5,21-FEB-15 16:00:00,0,0,0,0,0.00K,0.00K,WLON,NA,NA,NA,NA,NA,NA,NA,NA,NA,NA,NA,NA,NA,NA,NA,NA,NA,NA,NA,NA,NA,"The combination of persistent northwest winds and spring tides following the new moon caused blowout tides on the tidal Delaware River and its tidal tributaries as well as upper Delaware Bay with both low tide cycles on the 20th. While low tides reached blowout levels, they were not as low as they were on the 15th of the month. Around Raritan Bay and Monmouth County, blowout tides also occurred with both low tide cycles on the 20th, and also the early morning low tide cycle on the 21st.  Across the rest of the coastal Atlantic New Jersey and lower Delaware Bay, blowout tides occurred with all four low tide cycles on the 20th and 21st. The lowest tides during this event occurred with the low tide cycle that started on the ocean front during the afternoon of the 20th and worked its way into Delaware Bay and the tidal Delaware River during the afternoon and evening of the 20th.||The lowest tide at Sandy Hook (Monmouth County) was 2.79 feet below mean lower low water. This was the lowest tide since March of 2008. The lowest tide in Atlantic City (Atlantic County) was 2.82 feet below mean lower low water. This was the lowest tide since March 2005. The lowest tide in Cape May (Cape May County) was 2.90 feet below mean lower low water. At Brandywine Shoal Light in lower Delaware Bay, the lowest tide was 2.48 feet below mean lower low water.  At Ship John Shoal Light in upper Delaware Bay, the lowest tide was 2.32 feet below mean lower low water.  At Reedy Point (New Castle County), the lowest tide was 2.43 feet below mean lower low water. At Delaware City (New Castle County), the lowest tide was 2.58 feet below mean lower low water. At Marcus Hook (Delaware County), the lowest tide was 2.69 feet below mean lower low water. In Philadelphia, the lowest tide was 2.31 feet below mean lower low water. In Burlington (Burlington County), the lowest tide was 2.04 feet below mean lower low water and on Newbold Island (Bucks County) the lowest tide was 2.28 feet below mean lower low water.  As the latest arctic high pressure system reached the coastal waters on the 21st, the offshore push of water ended and tides returned closer to the normal on the tidal Delaware River, Raritan Bay, coastal Monmouth County and upper Delaware Bay on the 21st and the lower Delaware Bay and on the ocean side on the 22nd.",NA,CSV
201502,20,130,201502,21,1700,92227,560206,NEW JERSEY,34,2015,February,Astronomical Low Tide,Z,23,WESTERN CAPE MAY,34023,PHI,20-FEB-15 01:30:00,EST-5,21-FEB-15 17:00:00,0,0,0,0,0.00K,0.00K,WLON,NA,NA,NA,NA,NA,NA,NA,NA,NA,NA,NA,NA,NA,NA,NA,NA,NA,NA,NA,NA,NA,"The combination of persistent northwest winds and spring tides following the new moon caused blowout tides on the tidal Delaware River and its tidal tributaries as well as upper Delaware Bay with both low tide cycles on the 20th. While low tides reached blowout levels, they were not as low as they were on the 15th of the month. Around Raritan Bay and Monmouth County, blowout tides also occurred with both low tide cycles on the 20th, and also the early morning low tide cycle on the 21st.  Across the rest of the coastal Atlantic New Jersey and lower Delaware Bay, blowout tides occurred with all four low tide cycles on the 20th and 21st. The lowest tides during this event occurred with the low tide cycle that started on the ocean front during the afternoon of the 20th and worked its way into Delaware Bay and the tidal Delaware River during the afternoon and evening of the 20th.||The lowest tide at Sandy Hook (Monmouth County) was 2.79 feet below mean lower low water. This was the lowest tide since March of 2008. The lowest tide in Atlantic City (Atlantic County) was 2.82 feet below mean lower low water. This was the lowest tide since March 2005. The lowest tide in Cape May (Cape May County) was 2.90 feet below mean lower low water. At Brandywine Shoal Light in lower Delaware Bay, the lowest tide was 2.48 feet below mean lower low water.  At Ship John Shoal Light in upper Delaware Bay, the lowest tide was 2.32 feet below mean lower low water.  At Reedy Point (New Castle County), the lowest tide was 2.43 feet below mean lower low water. At Delaware City (New Castle County), the lowest tide was 2.58 feet below mean lower low water. At Marcus Hook (Delaware County), the lowest tide was 2.69 feet below mean lower low water. In Philadelphia, the lowest tide was 2.31 feet below mean lower low water. In Burlington (Burlington County), the lowest tide was 2.04 feet below mean lower low water and on Newbold Island (Bucks County) the lowest tide was 2.28 feet below mean lower low water.  As the latest arctic high pressure system reached the coastal waters on the 21st, the offshore push of water ended and tides returned closer to the normal on the tidal Delaware River, Raritan Bay, coastal Monmouth County and upper Delaware Bay on the 21st and the lower Delaware Bay and on the ocean side on the 22nd.",NA,CSV
201502,20,300,201502,20,1900,92227,560207,NEW JERSEY,34,2015,February,Astronomical Low Tide,Z,21,CUMBERLAND,34021,PHI,20-FEB-15 03:00:00,EST-5,20-FEB-15 19:00:00,0,0,0,0,0.00K,0.00K,WLON,NA,NA,NA,NA,NA,NA,NA,NA,NA,NA,NA,NA,NA,NA,NA,NA,NA,NA,NA,NA,NA,"The combination of persistent northwest winds and spring tides following the new moon caused blowout tides on the tidal Delaware River and its tidal tributaries as well as upper Delaware Bay with both low tide cycles on the 20th. While low tides reached blowout levels, they were not as low as they were on the 15th of the month. Around Raritan Bay and Monmouth County, blowout tides also occurred with both low tide cycles on the 20th, and also the early morning low tide cycle on the 21st.  Across the rest of the coastal Atlantic New Jersey and lower Delaware Bay, blowout tides occurred with all four low tide cycles on the 20th and 21st. The lowest tides during this event occurred with the low tide cycle that started on the ocean front during the afternoon of the 20th and worked its way into Delaware Bay and the tidal Delaware River during the afternoon and evening of the 20th.||The lowest tide at Sandy Hook (Monmouth County) was 2.79 feet below mean lower low water. This was the lowest tide since March of 2008. The lowest tide in Atlantic City (Atlantic County) was 2.82 feet below mean lower low water. This was the lowest tide since March 2005. The lowest tide in Cape May (Cape May County) was 2.90 feet below mean lower low water. At Brandywine Shoal Light in lower Delaware Bay, the lowest tide was 2.48 feet below mean lower low water.  At Ship John Shoal Light in upper Delaware Bay, the lowest tide was 2.32 feet below mean lower low water.  At Reedy Point (New Castle County), the lowest tide was 2.43 feet below mean lower low water. At Delaware City (New Castle County), the lowest tide was 2.58 feet below mean lower low water. At Marcus Hook (Delaware County), the lowest tide was 2.69 feet below mean lower low water. In Philadelphia, the lowest tide was 2.31 feet below mean lower low water. In Burlington (Burlington County), the lowest tide was 2.04 feet below mean lower low water and on Newbold Island (Bucks County) the lowest tide was 2.28 feet below mean lower low water.  As the latest arctic high pressure system reached the coastal waters on the 21st, the offshore push of water ended and tides returned closer to the normal on the tidal Delaware River, Raritan Bay, coastal Monmouth County and upper Delaware Bay on the 21st and the lower Delaware Bay and on the ocean side on the 22nd.",NA,CSV
201503,5,755,201503,6,539,94023,565445,TEXAS,48,2015,March,Astronomical Low Tide,Z,215,JEFFERSON,48215,LCH,05-MAR-15 07:55:00,CST-6,06-MAR-15 05:39:00,0,0,0,0,0.00K,0.00K,C-MAN Station,NA,NA,NA,NA,NA,NA,NA,NA,NA,NA,NA,NA,NA,NA,NA,NA,NA,NA,NA,NA,NA,"A strong cold front pushed through Southeast Texas during the 5th. Behind the front light snow and sleet fell, however no accumulations occurred. Strong north winds also drove out the tide along the coast.","North winds drove the tide at the coast below one foot below MLLW during the morning of the 5th. The tide did rise above -1 during high tide only to fall back below during the next cycle, however the strong winds kept Sabine Lake below -1 during the whole event. The tide level fell to -1.47 at its lowest point.",CSV
201510,26,700,201510,26,715,101093,605426,LOUISIANA,22,2015,October,Astronomical Low Tide,Z,73,WEST CAMERON,22073,LCH,26-OCT-15 07:00:00,CST-6,26-OCT-15 07:15:00,0,0,0,0,0.00K,0.00K,C-MAN Station,NA,NA,NA,NA,NA,NA,NA,NA,NA,NA,NA,NA,NA,NA,NA,NA,NA,NA,NA,NA,NA,As a low pressure system moved along the coast of Louisiana water levels rose above 3 feet above MLLW. Minor flooding was reported from Sabine Pass to Cypremort and Burns Points. As the low pressure departed the area north winds pushed water levels below normal.,Strong north winds in the wake of a strong low pressure system and cold front pushed water levels below normal along the Cameron Parish coast. The tide at Cameron briefly touched 1 foot below MLLW at 7:09 AM CST.,CSV
201510,26,700,201510,26,715,101093,605427,LOUISIANA,22,2015,October,Astronomical Low Tide,Z,74,EAST CAMERON,22074,LCH,26-OCT-15 07:00:00,CST-6,26-OCT-15 07:15:00,0,0,0,0,0.00K,0.00K,C-MAN Station,NA,NA,NA,NA,NA,NA,NA,NA,NA,NA,NA,NA,NA,NA,NA,NA,NA,NA,NA,NA,NA,As a low pressure system moved along the coast of Louisiana water levels rose above 3 feet above MLLW. Minor flooding was reported from Sabine Pass to Cypremort and Burns Points. As the low pressure departed the area north winds pushed water levels below normal.,Strong north winds in the wake of a strong low pressure system and cold front pushed water levels below normal along the Cameron Parish coast. The tide at Cameron briefly touched 1 foot below MLLW at 7:09 AM CST.,CSV
201512,28,1015,201512,28,1145,102260,611742,LOUISIANA,22,2015,December,Astronomical Low Tide,Z,73,WEST CAMERON,22073,LCH,28-DEC-15 10:15:00,CST-6,28-DEC-15 11:45:00,0,0,0,0,0.00K,0.00K,C-MAN Station,NA,NA,NA,NA,NA,NA,NA,NA,NA,NA,NA,NA,NA,NA,NA,NA,NA,NA,NA,NA,NA,"A line of showers and storms along a cold front pushed across the region. One storm caused wind damage in South Central Louisiana. Behind the front, strong north winds pushed the tide levels below normal.",The tide gauge at Cameron dropped to -1.05 below MLLW at around 11AM LST.,CSV
201512,28,1015,201512,28,1145,102260,611743,LOUISIANA,22,2015,December,Astronomical Low Tide,Z,74,EAST CAMERON,22074,LCH,28-DEC-15 10:15:00,CST-6,28-DEC-15 11:45:00,0,0,0,0,0.00K,0.00K,C-MAN Station,NA,NA,NA,NA,NA,NA,NA,NA,NA,NA,NA,NA,NA,NA,NA,NA,NA,NA,NA,NA,NA,"A line of showers and storms along a cold front pushed across the region. One storm caused wind damage in South Central Louisiana. Behind the front, strong north winds pushed the tide levels below normal.",The tide gauge at Cameron dropped to -1.05 below MLLW at around 11AM LST.,CSV
201512,28,1015,201512,28,1145,102260,611745,LOUISIANA,22,2015,December,Astronomical Low Tide,Z,52,VERMILION,22052,LCH,28-DEC-15 10:15:00,CST-6,28-DEC-15 11:45:00,0,0,0,0,0.00K,0.00K,Other Federal Agency,NA,NA,NA,NA,NA,NA,NA,NA,NA,NA,NA,NA,NA,NA,NA,NA,NA,NA,NA,NA,NA,"A line of showers and storms along a cold front pushed across the region. One storm caused wind damage in South Central Louisiana. Behind the front, strong north winds pushed the tide levels below normal.",The tide level at Freshwater Lock fell to -1.56 below MLLW at around 11AM LST.,CSV
201512,1,1930,201512,2,300,102508,612566,WASHINGTON,53,2015,December,Astronomical Low Tide,Z,45,WESTERN COLUMBIA GORGE,53045,PQR,01-DEC-15 19:30:00,PST-8,02-DEC-15 03:00:00,0,0,0,0,0.00K,0.00K,Official NWS Observations,NA,NA,NA,NA,NA,NA,NA,NA,NA,NA,NA,NA,NA,NA,NA,NA,NA,NA,NA,NA,NA,"East winds through the Columbia River Gorge maintained below freezing temperatures for the gorge and surrounding areas as a precipitating front moved over the region. There was a mix of snow, sleet, ice, and freezing rain in these areas.","A quarter to a half of an inch of ice was observed on top of a couple of inches of snow or sleet in the Western Columbia River Gorge. This ice resulted in school closures, slick roads, and power outages.",CSV
201601,22,500,201601,23,1100,102999,615564,LOUISIANA,22,2016,January,Astronomical Low Tide,Z,73,WEST CAMERON,22073,LCH,22-JAN-16 05:00:00,CST-6,23-JAN-16 11:00:00,0,0,0,0,0.00K,0.00K,C-MAN Station,NA,NA,NA,NA,NA,NA,NA,NA,NA,NA,NA,NA,NA,NA,NA,NA,NA,NA,NA,NA,NA,A strong cold front pushed across the area during the 21st producing severe thunderstorms. Strong north winds behind the boundary produced much below normal tides at the coast.,Strong north winds behind a cold front drove tide levels below -1 MLLW for 3 tide cycles. The lowest level at Cameron hit -2.5 MLLW.,CSV
201601,22,500,201601,22,1200,102999,615565,LOUISIANA,22,2016,January,Astronomical Low Tide,Z,74,EAST CAMERON,22074,LCH,22-JAN-16 05:00:00,CST-6,22-JAN-16 12:00:00,0,0,0,0,0.00K,0.00K,C-MAN Station,NA,NA,NA,NA,NA,NA,NA,NA,NA,NA,NA,NA,NA,NA,NA,NA,NA,NA,NA,NA,NA,A strong cold front pushed across the area during the 21st producing severe thunderstorms. Strong north winds behind the boundary produced much below normal tides at the coast.,Strong north winds behind a cold front drove tide levels below -1 MLLW for 3 tide cycles. The lowest level at Cameron hit -2.5 MLLW.,CSV
201601,22,530,201601,22,1200,103000,615567,TEXAS,48,2016,January,Astronomical Low Tide,Z,215,JEFFERSON,48215,LCH,22-JAN-16 05:30:00,CST-6,22-JAN-16 12:00:00,0,0,0,0,0.00K,0.00K,C-MAN Station,NA,NA,NA,NA,NA,NA,NA,NA,NA,NA,NA,NA,NA,NA,NA,NA,NA,NA,NA,NA,NA,A cold front pushed across the region during the 21st. One severe storm formed along the cold front. Behind the cold front strong north winds drove the tides below normal.,Strong north winds behind a cold front drove tide levels below -1 MLLW for 3 tide cycles. The lowest level at Sabine Pass hit -2.3 MLLW.,CSV
201602,24,600,201602,25,200,103434,618169,TEXAS,48,2016,February,Astronomical Low Tide,Z,215,JEFFERSON,48215,LCH,24-FEB-16 06:00:00,CST-6,25-FEB-16 02:00:00,0,0,0,0,0.00K,0.00K,C-MAN Station,NA,NA,NA,NA,NA,NA,NA,NA,NA,NA,NA,NA,NA,NA,NA,NA,NA,NA,NA,NA,NA,Tide levels along coast of Jefferson County were pushed well below normal behind a strong cold front.,Strong north winds behind a cold front pushed the tide levels to or below -1 MLLW for 2 tide cycles at Sabine Pass. The tide fell to a lowest level of -1.9 MLLW during the morning of the 24th.,CSV
201612,18,700,201612,18,730,111839,667060,LOUISIANA,22,2016,December,Astronomical Low Tide,Z,74,EAST CAMERON,22074,LCH,18-DEC-16 07:00:00,CST-6,18-DEC-16 07:30:00,0,0,0,0,0.00K,0.00K,C-MAN Station,NA,NA,NA,NA,NA,NA,NA,NA,NA,NA,NA,NA,NA,NA,NA,NA,NA,NA,NA,NA,NA,Strong north winds behind a cold front pushed water levels along the Louisiana coast much below normal. Tide levels around or less than 1 foot below MLLW occurred from Cameron eastward.,The tide level at Cameron briefly hit -1 MLLW between 7AM and 7:30AM.,CSV
201612,18,700,201612,18,1330,111839,667061,LOUISIANA,22,2016,December,Astronomical Low Tide,Z,52,VERMILION,22052,LCH,18-DEC-16 07:00:00,CST-6,18-DEC-16 13:30:00,0,0,0,0,0.00K,0.00K,Other Federal Agency,NA,NA,NA,NA,NA,NA,NA,NA,NA,NA,NA,NA,NA,NA,NA,NA,NA,NA,NA,NA,NA,Strong north winds behind a cold front pushed water levels along the Louisiana coast much below normal. Tide levels around or less than 1 foot below MLLW occurred from Cameron eastward.,The tide gauge at Freshwater Lock dropped to -1.4 MLLW during the morning of the 18th. The water level remained at or below -1 MLLW for several hours.,CSV
201612,18,1300,201612,18,1400,111839,667062,LOUISIANA,22,2016,December,Astronomical Low Tide,Z,54,ST. MARY,22054,LCH,18-DEC-16 13:00:00,CST-6,18-DEC-16 14:00:00,0,0,0,0,0.00K,0.00K,C-MAN Station,NA,NA,NA,NA,NA,NA,NA,NA,NA,NA,NA,NA,NA,NA,NA,NA,NA,NA,NA,NA,NA,Strong north winds behind a cold front pushed water levels along the Louisiana coast much below normal. Tide levels around or less than 1 foot below MLLW occurred from Cameron eastward.,The tide at Amerada Pass dropped to -1.04 during the afternoon of the 18th.,CSV
201602,14,35,201602,14,108,102276,611468,NEW JERSEY,34,2016,February,Astronomical Low Tide,Z,17,GLOUCESTER,34017,PHI,14-FEB-16 00:35:00,EST-5,14-FEB-16 01:08:00,0,0,0,0,0.00K,NA,River/Stream Gage,NA,NA,NA,NA,NA,NA,NA,NA,NA,NA,NA,NA,NA,NA,NA,NA,NA,NA,NA,NA,NA,"A strong northwesterly wind created near blowout tide conditions along the New Jersey coast and Delaware Bay at the times of low tide late Saturday night into early Sunday morning February 13/14, and again with the next low tide late Sunday morning into early Sunday afternoon. The tidal Delaware River did reach blow-out tide conditions Saturday night, but fell short of blowout tide conditions at the time of low tide early Sunday afternoon.","The NOS Tide Gage at Philadelphia dropped below the established -2.0 ft MLLW threshold for blowout tide at 0035EST on February 14th, reached a minimum of -2.10 ft MLLW (surge of -1.6 ft) at 0054EST, then rose above the -2.0 ft MLLW blowout tide threshold at 0108EST.",CSV
201602,14,35,201602,14,108,102276,611467,NEW JERSEY,34,2016,February,Astronomical Low Tide,Z,18,CAMDEN,34018,PHI,14-FEB-16 00:35:00,EST-5,14-FEB-16 01:08:00,0,0,0,0,0.00K,NA,River/Stream Gage,NA,NA,NA,NA,NA,NA,NA,NA,NA,NA,NA,NA,NA,NA,NA,NA,NA,NA,NA,NA,NA,"A strong northwesterly wind created near blowout tide conditions along the New Jersey coast and Delaware Bay at the times of low tide late Saturday night into early Sunday morning February 13/14, and again with the next low tide late Sunday morning into early Sunday afternoon. The tidal Delaware River did reach blow-out tide conditions Saturday night, but fell short of blowout tide conditions at the time of low tide early Sunday afternoon.","The NOS Tide Gage at Philadelphia dropped below the established -2.0 ft MLLW threshold for blowout tide at 0035EST on February 14th, reached a minimum of -2.10 ft MLLW (surge of -1.6 ft) at 0054EST, then rose above the -2.0 ft MLLW blowout tide threshold at 0108EST.",CSV
201602,14,155,201602,14,242,102276,611469,NEW JERSEY,34,2016,February,Astronomical Low Tide,Z,15,MERCER,34015,PHI,14-FEB-16 01:55:00,EST-5,14-FEB-16 02:42:00,0,0,0,0,0.00K,NA,River/Stream Gage,NA,NA,NA,NA,NA,NA,NA,NA,NA,NA,NA,NA,NA,NA,NA,NA,NA,NA,NA,NA,NA,"A strong northwesterly wind created near blowout tide conditions along the New Jersey coast and Delaware Bay at the times of low tide late Saturday night into early Sunday morning February 13/14, and again with the next low tide late Sunday morning into early Sunday afternoon. The tidal Delaware River did reach blow-out tide conditions Saturday night, but fell short of blowout tide conditions at the time of low tide early Sunday afternoon.","The NOS Tide Gage at Newbold Island fell below the established -2.0 ft MLLW threshold for blowout tide at 0155EST on February 14th, reached a minimum of -2.21 ft MLLW at 0224EST, then rose above the -2.0 ft MLLW blowout tide threshold at 0242EST.",CSV
201602,14,35,201602,14,108,102278,611464,PENNSYLVANIA,42,2016,February,Astronomical Low Tide,Z,71,PHILADELPHIA,42071,PHI,14-FEB-16 00:35:00,EST-5,14-FEB-16 01:08:00,0,0,0,0,0.00K,0.00K,River/Stream Gage,NA,NA,NA,NA,NA,NA,NA,NA,NA,NA,NA,NA,NA,NA,NA,NA,NA,NA,NA,NA,NA,A strong northwester wind created blowout tide conditions along the tidal sections of the Delaware River during the times of low tide late Saturday evening into early Sunday morning February 13th/February 14th. Near-blowout tide conditions occurred at the time of the next low tide early Sunday afternoon.,"The NOS Tide Gage at Philadelphia dropped below the established -2.0 ft MLLW threshold for blowout tide at 0035EST on February 14th, reached a minimum of -2.10 ft MLLW (surge of -1.6 ft) at 0054EST, then rose above the -2.0 ft MLLW blowout tide threshold at 0108EST.",CSV
201602,14,155,201602,14,242,102278,611465,PENNSYLVANIA,42,2016,February,Astronomical Low Tide,Z,106,LOWER BUCKS,42106,PHI,14-FEB-16 01:55:00,EST-5,14-FEB-16 02:42:00,0,0,0,0,0.00K,0.00K,River/Stream Gage,NA,NA,NA,NA,NA,NA,NA,NA,NA,NA,NA,NA,NA,NA,NA,NA,NA,NA,NA,NA,NA,A strong northwester wind created blowout tide conditions along the tidal sections of the Delaware River during the times of low tide late Saturday evening into early Sunday morning February 13th/February 14th. Near-blowout tide conditions occurred at the time of the next low tide early Sunday afternoon.,"The NOS Tide Gage at Newbold Island fell below the established -2.0 ft MLLW threshold for blowout tide at 0155EST on February 14th, reached a minimum of -2.21 ft MLLW at 0224EST, then rose above the -2.0 ft MLLW blowout tide threshold at 0242EST.",CSV
201602,14,35,201602,14,108,102278,611466,PENNSYLVANIA,42,2016,February,Astronomical Low Tide,Z,70,DELAWARE,42070,PHI,14-FEB-16 00:35:00,EST-5,14-FEB-16 01:08:00,0,0,0,0,0.00K,0.00K,River/Stream Gage,NA,NA,NA,NA,NA,NA,NA,NA,NA,NA,NA,NA,NA,NA,NA,NA,NA,NA,NA,NA,NA,A strong northwester wind created blowout tide conditions along the tidal sections of the Delaware River during the times of low tide late Saturday evening into early Sunday morning February 13th/February 14th. Near-blowout tide conditions occurred at the time of the next low tide early Sunday afternoon.,"The NOS Tide Gage at Philadelphia dropped below the established -2.0 ft MLLW threshold for blowout tide at 0035EST on February 14th, reached a minimum of -2.10 ft MLLW (surge of -1.6 ft) at 0054EST, then rose above the -2.0 ft MLLW blowout tide threshold at 0108EST.",CSV
201601,22,600,201601,22,1100,102999,615566,LOUISIANA,22,2016,January,Astronomical Low Tide,Z,52,VERMILION,22052,LCH,22-JAN-16 06:00:00,CST-6,22-JAN-16 11:00:00,0,0,0,0,0.00K,0.00K,Other Federal Agency,NA,NA,NA,NA,NA,NA,NA,NA,NA,NA,NA,NA,NA,NA,NA,NA,NA,NA,NA,NA,NA,A strong cold front pushed across the area during the 21st producing severe thunderstorms. Strong north winds behind the boundary produced much below normal tides at the coast.,Strong north winds behind a cold front drove tide levels below -1 MLLW for 3 tide cycles. The lowest level at Freshwater Lock hit -1.6 MLLW.,CSV
201602,24,30,201602,25,130,103433,618166,LOUISIANA,22,2016,February,Astronomical Low Tide,Z,73,WEST CAMERON,22073,LCH,24-FEB-16 00:30:00,CST-6,25-FEB-16 01:30:00,0,0,0,0,0.00K,0.00K,C-MAN Station,NA,NA,NA,NA,NA,NA,NA,NA,NA,NA,NA,NA,NA,NA,NA,NA,NA,NA,NA,NA,NA,A cold front move across Louisiana and a few severe storms occurred ahead of the boundary.,Strong north winds behind a cold front pushed the tide levels to or below -1 MLLW for 3 tide cycles. The tide fell to a lowest level of -2.25 MLLW during the morning of the 24th at Cameron.,CSV
201602,24,30,201602,26,130,103433,618167,LOUISIANA,22,2016,February,Astronomical Low Tide,Z,74,EAST CAMERON,22074,LCH,24-FEB-16 00:30:00,CST-6,26-FEB-16 01:30:00,0,0,0,0,0.00K,0.00K,C-MAN Station,NA,NA,NA,NA,NA,NA,NA,NA,NA,NA,NA,NA,NA,NA,NA,NA,NA,NA,NA,NA,NA,A cold front move across Louisiana and a few severe storms occurred ahead of the boundary.,Strong north winds behind a cold front pushed the tide levels to or below -1 MLLW for 3 tide cycles. The tide fell to a lowest level of -2.25 MLLW during the morning of the 24th at Cameron.,CSV
201602,24,700,201602,25,30,103433,618168,LOUISIANA,22,2016,February,Astronomical Low Tide,Z,52,VERMILION,22052,LCH,24-FEB-16 07:00:00,CST-6,25-FEB-16 00:30:00,0,0,0,0,0.00K,0.00K,Other Federal Agency,NA,NA,NA,NA,NA,NA,NA,NA,NA,NA,NA,NA,NA,NA,NA,NA,NA,NA,NA,NA,NA,A cold front move across Louisiana and a few severe storms occurred ahead of the boundary.,Strong north winds behind a cold front pushed the tide levels to or below -1 MLLW for 2 tide cycles at Freshwater Lock. The tide fell to a lowest level of -1.9 MLLW during the morning of the 24th.,CSV
201604,1,0,201604,30,0,105508,632949,CALIFORNIA,6,2016,April,Astronomical Low Tide,Z,16,CENTRAL SACRAMENTO VALLEY,06016,STO,01-APR-16 00:00:00,PST-8,30-APR-16 00:00:00,0,0,0,0,0.00K,0.00K,State Official,NA,NA,NA,NA,NA,NA,NA,NA,NA,NA,NA,NA,NA,NA,NA,NA,NA,NA,NA,NA,NA,"Long term drought impacts continued through the month of April, but near seasonal values for Northern and Central Sierra mountain snow pack and the Big 3 northern reservoir levels meant some good news. The very active March resulted in much above average precipitation numbers which helped top off the reservoirs. In fact, they had to do some flood control releases on Folsom as it was above historical levels. Reservoirs across interior northern California continued to increase, with the three largest rising to above normal levels. Lake Shasta was 108% of normal by the end of the month, Lake Oroville was 118% and Folsom Lake was 113% of normal. In contrast, Don Pedro and New Melones remained below normal at 67% and 26% respectively. On April 21st, the Department of Water Resources increased water delivery projections to the State Water Project to 60%, up from a 45% estimate in late March. ||Severe to extreme drought continued to be detected by the U.S. Drought Monitor across most of the Central Valley; while Shasta and Lake counties remained in moderate drought by the end of the month. The remainder of the Central and northern portion of the Southern Sierra Nevada mountain areas remained in the severe to extreme drought.  In improvement from exceptional to extreme in the Sierra south of Highway 50. ||Groundwater aquifers recharged much more slowly than the surface reservoirs, with many in the Central Valley still falling toward record levels. ||Governor Jerry Brown declared a drought emergency for the entire state of California January 17, 2014 and this continued to be in effect. He extended the executive order requiring Californians to continue conserving water through October 2016. At the end of January, 2016, the California State Water Control Board approved an eight-month extension of the existing drought-related emergency regulations with just some minor adjustments. ||Local Emergency Proclamations remain for Butte, Colusa, Calaveras, El Dorado, Glenn, Plumas, San Joaquin, Shasta, Stanislaus, Sutter, Tuolumne, and Yuba. The cities of  Live Oak (Sutter County), Lodi (San Joaquin County), Manteca (San Joaquin County), Portola (Plumas County), Ripon (San Joaquin County), and|West Sacramento (Yolo County). Drought task forces have been established in Butte, Lake, Nevada, Placer, Plumas, Sacramento, San Joaquin, Stanislaus, Sutter, Tehama, Tuolumne, and Yolo counties to coordinate response to the drought. ||Mandatory water reductions of 25 percent as ordered by Governor Brown continued to be in effect statewide. ||The state continued to supply food assistance to those impacted by the drought, along with California Disaster Assistance Act money for those who have lost drinking water due to dry wells. Nonprofit organizations in the San Joaquin Valley struggled to meet the needs of their clients for drought-related programs.","The Household Water Supply Shortage Reporting System indicated there were some homes without well water due to dry wells with 28 in Glenn County, and 9 in Colusa County. This was up 1 in Colusa from March. Butte County continued at 0 wells.",CSV
201608,2,0,201608,13,0,109606,655831,WASHINGTON,53,2016,August,Astronomical Low Tide,Z,38,OKANOGAN HIGHLANDS,53038,OTX,02-AUG-16 00:00:00,PST-8,13-AUG-16 00:00:00,0,0,0,0,0.00K,0.00K,Other Federal Agency,NA,NA,NA,NA,NA,NA,NA,NA,NA,NA,NA,NA,NA,NA,NA,NA,NA,NA,NA,NA,NA,"The Kewa Fire, initially located 15 miles south of Inchelium, WA was a human caused fire. It burned 1,889 acres.",Estimated costs associated with suppression/mitigation of the Kewa Fire were near 4.8 million dollars.,CSV
201610,1,0,201610,31,2359,111297,664087,MISSISSIPPI,28,2016,October,Astronomical Low Tide,Z,76,GREENE,28076,MOB,01-OCT-16 00:00:00,CST-6,31-OCT-16 23:59:00,0,0,0,0,0.00K,0.00K,Drought Monitor,NA,NA,NA,NA,NA,NA,NA,NA,NA,NA,NA,NA,NA,NA,NA,NA,NA,NA,NA,NA,NA,"An extensive period of dry weather resulted in worsening drought conditions across southeast Mississippi, with severe drought developing over a portion of inland southeast Mississippi.","Severe (D2) drought conditions developed through the month of October. For most of inland southeast Mississippi, no measurable rain was recorded for the entire month with the last significant rain occurring in mid to late September.",CSV
201607,1,0,201607,31,2359,109276,654473,GUAM,98,2016,July,Astronomical Low Tide,Z,8,ROTA,98008,GUM,01-JUL-16 00:00:00,GST10,31-JUL-16 23:59:00,0,0,0,0,NA,NA,Official NWS Observations,NA,NA,NA,NA,NA,NA,NA,NA,NA,NA,NA,NA,NA,NA,NA,NA,NA,NA,NA,NA,NA,Rain across the Western Pacific allowed dry conditions to improve.,"Rainfall continue to increase in the Commonwealth of the Northern Mariana Islands and the drought level fell from level 3 (extreme) to level 2 (severe). While still dry, by the end of the month Rota was no longer in drought.",CSV
201611,10,200,201611,10,800,110407,667146,TENNESSEE,47,2016,November,Astronomical Low Tide,Z,76,MOORE,47076,HUN,10-NOV-16 02:00:00,CST-6,10-NOV-16 08:00:00,0,0,0,0,NA,NA,Mesonet,NA,NA,NA,NA,NA,NA,NA,NA,NA,NA,NA,NA,NA,NA,NA,NA,NA,NA,NA,NA,NA,Freezing temperatures of 30-32 degrees were experienced in southern middle Tennessee on the morning of the 10th.,Temperatures dropped into freezing conditions for a few hours across the county early on the 10th.,CSV
201612,15,2000,201612,15,2300,111378,666740,PENNSYLVANIA,42,2016,December,Astronomical Low Tide,Z,70,DELAWARE,42070,PHI,15-DEC-16 20:00:00,EST-5,15-DEC-16 23:00:00,0,0,0,0,0.00K,0.00K,River/Stream Gage,NA,NA,NA,NA,NA,NA,NA,NA,NA,NA,NA,NA,NA,NA,NA,NA,NA,NA,NA,NA,NA,Strong northwesterly wind gusts of 40-50 mph in the wake of an arctic cold front resulted in Low Water/Blowout Tides along the tidal Delaware River during the overnight hours of December 15th into the 16th.,Water levels reached a minimum value of around 2.0 to 2.1 feet below MLLW (Mean Lower Low Water) between 9PM and 10 PM on December 15.,CSV
201612,16,200,201612,16,400,111379,666721,DELAWARE,10,2016,December,Astronomical Low Tide,Z,4,DELAWARE BEACHES,10004,PHI,16-DEC-16 02:00:00,EST-5,16-DEC-16 04:00:00,0,0,0,0,0.00K,0.00K,River/Stream Gage,NA,NA,NA,NA,NA,NA,NA,NA,NA,NA,NA,NA,NA,NA,NA,NA,NA,NA,NA,NA,NA,Strong northwesterly wind gusts up to 50-55 mph in the wake of an arctic cold front resulted in Low Water/Blowout Tides in Delaware Bay during the overnight hours of December 15th into the 16th.,"Water levels at the Lewes, DE, NOS Gage reached a minimum value of around 2.0 feet below MLLW (Mean Lower Low Water) at 3 AM on December 16.",CSV
201612,16,400,201612,16,700,111379,666722,DELAWARE,10,2016,December,Astronomical Low Tide,Z,2,KENT,10002,PHI,16-DEC-16 04:00:00,EST-5,16-DEC-16 07:00:00,0,0,0,0,0.00K,0.00K,River/Stream Gage,NA,NA,NA,NA,NA,NA,NA,NA,NA,NA,NA,NA,NA,NA,NA,NA,NA,NA,NA,NA,NA,Strong northwesterly wind gusts up to 50-55 mph in the wake of an arctic cold front resulted in Low Water/Blowout Tides in Delaware Bay during the overnight hours of December 15th into the 16th.,"Water levels at the Ship John Shoal, DE, NOS Gage reached a minimum value of around 2.0 feet below MLLW (Mean Lower Low Water) between 5AM and 6AM on December 16.",CSV
201612,15,2000,201612,16,600,111379,666725,DELAWARE,10,2016,December,Astronomical Low Tide,Z,1,NEW CASTLE,10001,PHI,15-DEC-16 20:00:00,EST-5,16-DEC-16 06:00:00,0,0,0,0,0.00K,0.00K,River/Stream Gage,NA,NA,NA,NA,NA,NA,NA,NA,NA,NA,NA,NA,NA,NA,NA,NA,NA,NA,NA,NA,NA,Strong northwesterly wind gusts up to 50-55 mph in the wake of an arctic cold front resulted in Low Water/Blowout Tides in Delaware Bay during the overnight hours of December 15th into the 16th.,Water levels reached a minimum value of around 2.0 feet below MLLW (Mean Lower Low Water) during the overnight hours of Dec 15 into Dec 16.,CSV
201612,16,200,201612,16,400,111379,669931,DELAWARE,10,2016,December,Astronomical Low Tide,Z,3,INLAND SUSSEX,10003,PHI,16-DEC-16 02:00:00,EST-5,16-DEC-16 04:00:00,0,0,0,0,0.00K,0.00K,River/Stream Gage,NA,NA,NA,NA,NA,NA,NA,NA,NA,NA,NA,NA,NA,NA,NA,NA,NA,NA,NA,NA,NA,Strong northwesterly wind gusts up to 50-55 mph in the wake of an arctic cold front resulted in Low Water/Blowout Tides in Delaware Bay during the overnight hours of December 15th into the 16th.,Water levels reached a minimum value of around 2.0 feet below MLLW (Mean Lower Low Water) around 3 AM on December 16.,CSV
201612,16,200,201612,16,400,111377,666717,NEW JERSEY,34,2016,December,Astronomical Low Tide,Z,14,EASTERN MONMOUTH,34014,PHI,16-DEC-16 02:00:00,EST-5,16-DEC-16 04:00:00,0,0,0,0,0.00K,0.00K,River/Stream Gage,NA,NA,NA,NA,NA,NA,NA,NA,NA,NA,NA,NA,NA,NA,NA,NA,NA,NA,NA,NA,NA,Strong northwesterly wind gusts up to 50-55 mph in the wake of an arctic cold front resulted in Low Water/Blowout Tides along the New Jersey shore during the overnight hours of December 15th into the morning of the 16th.,"Water levels at the Sandy Hook, NJ, NOS Gage reached a minimum value of around 2.2 feet below MLLW (Mean Lower Low Water) at 3 AM on December 16.",CSV
201612,16,200,201612,16,400,111377,666718,NEW JERSEY,34,2016,December,Astronomical Low Tide,Z,26,EASTERN OCEAN,34026,PHI,16-DEC-16 02:00:00,EST-5,16-DEC-16 04:00:00,0,0,0,0,0.00K,0.00K,River/Stream Gage,NA,NA,NA,NA,NA,NA,NA,NA,NA,NA,NA,NA,NA,NA,NA,NA,NA,NA,NA,NA,NA,Strong northwesterly wind gusts up to 50-55 mph in the wake of an arctic cold front resulted in Low Water/Blowout Tides along the New Jersey shore during the overnight hours of December 15th into the morning of the 16th.,Water levels reached a minimum value of around 2.2 to 2.3 feet below MLLW (Mean Lower Low Water) between 2 AM and 3 AM on December 16.,CSV
201612,16,200,201612,16,400,111377,666719,NEW JERSEY,34,2016,December,Astronomical Low Tide,Z,27,SOUTHEASTERN BURLINGTON,34027,PHI,16-DEC-16 02:00:00,EST-5,16-DEC-16 04:00:00,0,0,0,0,0.00K,0.00K,River/Stream Gage,NA,NA,NA,NA,NA,NA,NA,NA,NA,NA,NA,NA,NA,NA,NA,NA,NA,NA,NA,NA,NA,Strong northwesterly wind gusts up to 50-55 mph in the wake of an arctic cold front resulted in Low Water/Blowout Tides along the New Jersey shore during the overnight hours of December 15th into the morning of the 16th.,Water levels reached a minimum value of around 2.2 to 2.3 feet below MLLW (Mean Lower Low Water) between 2 AM and 3 AM on December 16.,CSV
201612,16,200,201612,16,400,111377,666720,NEW JERSEY,34,2016,December,Astronomical Low Tide,Z,25,EASTERN ATLANTIC,34025,PHI,16-DEC-16 02:00:00,EST-5,16-DEC-16 04:00:00,0,0,0,0,0.00K,0.00K,River/Stream Gage,NA,NA,NA,NA,NA,NA,NA,NA,NA,NA,NA,NA,NA,NA,NA,NA,NA,NA,NA,NA,NA,Strong northwesterly wind gusts up to 50-55 mph in the wake of an arctic cold front resulted in Low Water/Blowout Tides along the New Jersey shore during the overnight hours of December 15th into the morning of the 16th.,"Water levels at the Atlantic City, NJ NOS Gage reached a minimum value of around 2.3 feet below MLLW (Mean Lower Low Water) at 2 AM on December 16.",CSV
201612,16,200,201612,16,400,111377,666723,NEW JERSEY,34,2016,December,Astronomical Low Tide,Z,24,EASTERN CAPE MAY,34024,PHI,16-DEC-16 02:00:00,EST-5,16-DEC-16 04:00:00,0,0,0,0,0.00K,0.00K,River/Stream Gage,NA,NA,NA,NA,NA,NA,NA,NA,NA,NA,NA,NA,NA,NA,NA,NA,NA,NA,NA,NA,NA,Strong northwesterly wind gusts up to 50-55 mph in the wake of an arctic cold front resulted in Low Water/Blowout Tides along the New Jersey shore during the overnight hours of December 15th into the morning of the 16th.,Water levels reached a minimum value of around 2.0 to 2.3 feet below MLLW (Mean Lower Low Water) between 2 AM and 4 AM on December 16.,CSV
201612,15,2200,201612,16,1300,111378,666738,PENNSYLVANIA,42,2016,December,Astronomical Low Tide,Z,106,LOWER BUCKS,42106,PHI,15-DEC-16 22:00:00,EST-5,16-DEC-16 13:00:00,0,0,0,0,0.00K,0.00K,River/Stream Gage,NA,NA,NA,NA,NA,NA,NA,NA,NA,NA,NA,NA,NA,NA,NA,NA,NA,NA,NA,NA,NA,Strong northwesterly wind gusts of 40-50 mph in the wake of an arctic cold front resulted in Low Water/Blowout Tides along the tidal Delaware River during the overnight hours of December 15th into the 16th.,"Water levels reached a minimum value of around 2.2 to 2.3 feet below MLLW (Mean Lower Low Water) between 11 PM and 12:01 AM on December 15, and again between 11 AM and 12 PM December 16.",CSV
201612,16,200,201612,16,400,111377,666724,NEW JERSEY,34,2016,December,Astronomical Low Tide,Z,23,WESTERN CAPE MAY,34023,PHI,16-DEC-16 02:00:00,EST-5,16-DEC-16 04:00:00,0,0,0,0,0.00K,0.00K,River/Stream Gage,NA,NA,NA,NA,NA,NA,NA,NA,NA,NA,NA,NA,NA,NA,NA,NA,NA,NA,NA,NA,NA,Strong northwesterly wind gusts up to 50-55 mph in the wake of an arctic cold front resulted in Low Water/Blowout Tides along the New Jersey shore during the overnight hours of December 15th into the morning of the 16th.,Water levels reached a minimum value of around 2.0 to 2.3 feet below MLLW (Mean Lower Low Water) between 2 AM and 4 AM on December 16.,CSV
201612,16,700,201612,16,1200,111377,666726,NEW JERSEY,34,2016,December,Astronomical Low Tide,Z,21,CUMBERLAND,34021,PHI,16-DEC-16 07:00:00,EST-5,16-DEC-16 12:00:00,0,0,0,0,0.00K,0.00K,River/Stream Gage,NA,NA,NA,NA,NA,NA,NA,NA,NA,NA,NA,NA,NA,NA,NA,NA,NA,NA,NA,NA,NA,Strong northwesterly wind gusts up to 50-55 mph in the wake of an arctic cold front resulted in Low Water/Blowout Tides along the New Jersey shore during the overnight hours of December 15th into the morning of the 16th.,Water levels reached a minimum value of around 2.0 feet below MLLW (Mean Lower Low Water) during the overnight hours of Dec 15 into Dec 16.,CSV
201612,16,200,201612,16,1100,111377,666727,NEW JERSEY,34,2016,December,Astronomical Low Tide,Z,16,SALEM,34016,PHI,16-DEC-16 02:00:00,EST-5,16-DEC-16 11:00:00,0,0,0,0,0.00K,0.00K,River/Stream Gage,NA,NA,NA,NA,NA,NA,NA,NA,NA,NA,NA,NA,NA,NA,NA,NA,NA,NA,NA,NA,NA,Strong northwesterly wind gusts up to 50-55 mph in the wake of an arctic cold front resulted in Low Water/Blowout Tides along the New Jersey shore during the overnight hours of December 15th into the morning of the 16th.,Water levels reached a minimum value of around 2.0 feet below MLLW (Mean Lower Low Water) during the overnight hours of Dec 15 into Dec 16.,CSV
201612,15,2300,201612,16,1300,111377,666737,NEW JERSEY,34,2016,December,Astronomical Low Tide,Z,15,MERCER,34015,PHI,15-DEC-16 23:00:00,EST-5,16-DEC-16 13:00:00,0,0,0,0,0.00K,0.00K,River/Stream Gage,NA,NA,NA,NA,NA,NA,NA,NA,NA,NA,NA,NA,NA,NA,NA,NA,NA,NA,NA,NA,NA,Strong northwesterly wind gusts up to 50-55 mph in the wake of an arctic cold front resulted in Low Water/Blowout Tides along the New Jersey shore during the overnight hours of December 15th into the morning of the 16th.,"Water levels reached a minimum value of around 2.3 feet below MLLW (Mean Lower Low Water) around 12:01 AM December 15, and again around 12 PM December 16.",CSV
201612,16,200,201612,16,400,111377,669932,NEW JERSEY,34,2016,December,Astronomical Low Tide,Z,22,WESTERN ATLANTIC,34022,PHI,16-DEC-16 02:00:00,EST-5,16-DEC-16 04:00:00,0,0,0,0,0.00K,0.00K,River/Stream Gage,NA,NA,NA,NA,NA,NA,NA,NA,NA,NA,NA,NA,NA,NA,NA,NA,NA,NA,NA,NA,NA,Strong northwesterly wind gusts up to 50-55 mph in the wake of an arctic cold front resulted in Low Water/Blowout Tides along the New Jersey shore during the overnight hours of December 15th into the morning of the 16th.,Water levels reached a minimum value of around 2.0 feet below MLLW (Mean Lower Low Water) around 2 AM on December 16.,CSV
201612,16,200,201612,16,400,111377,669933,NEW JERSEY,34,2016,December,Astronomical Low Tide,Z,13,WESTERN MONMOUTH,34013,PHI,16-DEC-16 02:00:00,EST-5,16-DEC-16 04:00:00,0,0,0,0,0.00K,0.00K,River/Stream Gage,NA,NA,NA,NA,NA,NA,NA,NA,NA,NA,NA,NA,NA,NA,NA,NA,NA,NA,NA,NA,NA,Strong northwesterly wind gusts up to 50-55 mph in the wake of an arctic cold front resulted in Low Water/Blowout Tides along the New Jersey shore during the overnight hours of December 15th into the morning of the 16th.,Water levels reached a minimum value of around 2.0 feet below MLLW (Mean Lower Low Water) around 3 AM on December 16.,CSV
201612,16,200,201612,16,400,111377,669934,NEW JERSEY,34,2016,December,Astronomical Low Tide,Z,20,WESTERN OCEAN,34020,PHI,16-DEC-16 02:00:00,EST-5,16-DEC-16 04:00:00,0,0,0,0,0.00K,0.00K,River/Stream Gage,NA,NA,NA,NA,NA,NA,NA,NA,NA,NA,NA,NA,NA,NA,NA,NA,NA,NA,NA,NA,NA,Strong northwesterly wind gusts up to 50-55 mph in the wake of an arctic cold front resulted in Low Water/Blowout Tides along the New Jersey shore during the overnight hours of December 15th into the morning of the 16th.,Water levels reached a minimum value of around 2.0 feet below MLLW (Mean Lower Low Water) around 2 AM to 3 AM on December 16.,CSV
201612,16,200,201612,16,400,111377,669935,NEW JERSEY,34,2016,December,Astronomical Low Tide,Z,12,MIDDLESEX,34012,PHI,16-DEC-16 02:00:00,EST-5,16-DEC-16 04:00:00,0,0,0,0,0.00K,0.00K,River/Stream Gage,NA,NA,NA,NA,NA,NA,NA,NA,NA,NA,NA,NA,NA,NA,NA,NA,NA,NA,NA,NA,NA,Strong northwesterly wind gusts up to 50-55 mph in the wake of an arctic cold front resulted in Low Water/Blowout Tides along the New Jersey shore during the overnight hours of December 15th into the morning of the 16th.,Water levels reached a minimum value of around 2.0 feet below MLLW (Mean Lower Low Water) around 3 AM on December 16.,CSV
201612,15,1900,201612,15,2300,111377,666734,NEW JERSEY,34,2016,December,Astronomical Low Tide,Z,17,GLOUCESTER,34017,PHI,15-DEC-16 19:00:00,EST-5,15-DEC-16 23:00:00,0,0,0,0,0.00K,0.00K,River/Stream Gage,NA,NA,NA,NA,NA,NA,NA,NA,NA,NA,NA,NA,NA,NA,NA,NA,NA,NA,NA,NA,NA,Strong northwesterly wind gusts up to 50-55 mph in the wake of an arctic cold front resulted in Low Water/Blowout Tides along the New Jersey shore during the overnight hours of December 15th into the morning of the 16th.,Water levels reached a minimum value of around 2.0 to 2.1 feet below MLLW (Mean Lower Low Water) between 8 PM and 10 PM on December 15.,CSV
201612,15,2100,201612,15,2300,111377,666735,NEW JERSEY,34,2016,December,Astronomical Low Tide,Z,18,CAMDEN,34018,PHI,15-DEC-16 21:00:00,EST-5,15-DEC-16 23:00:00,0,0,0,0,0.00K,0.00K,River/Stream Gage,NA,NA,NA,NA,NA,NA,NA,NA,NA,NA,NA,NA,NA,NA,NA,NA,NA,NA,NA,NA,NA,Strong northwesterly wind gusts up to 50-55 mph in the wake of an arctic cold front resulted in Low Water/Blowout Tides along the New Jersey shore during the overnight hours of December 15th into the morning of the 16th.,Water levels reached a minimum value of around 2.0 to 2.1 feet below MLLW (Mean Lower Low Water) around 10 PM on December 15.,CSV
201612,15,2100,201612,16,1300,111377,666736,NEW JERSEY,34,2016,December,Astronomical Low Tide,Z,19,NORTHWESTERN BURLINGTON,34019,PHI,15-DEC-16 21:00:00,EST-5,16-DEC-16 13:00:00,0,0,0,0,0.00K,0.00K,River/Stream Gage,NA,NA,NA,NA,NA,NA,NA,NA,NA,NA,NA,NA,NA,NA,NA,NA,NA,NA,NA,NA,NA,Strong northwesterly wind gusts up to 50-55 mph in the wake of an arctic cold front resulted in Low Water/Blowout Tides along the New Jersey shore during the overnight hours of December 15th into the morning of the 16th.,"Water levels reached a minimum value of around 2.0 to 2.3 feet below MLLW (Mean Lower Low Water) between 10 PM on December 15 and 12:01 AM December 16, and again around 11 AM December 16.",CSV
201612,15,2100,201612,15,2300,111378,666739,PENNSYLVANIA,42,2016,December,Astronomical Low Tide,Z,71,PHILADELPHIA,42071,PHI,15-DEC-16 21:00:00,EST-5,15-DEC-16 23:00:00,0,0,0,0,0.00K,0.00K,River/Stream Gage,NA,NA,NA,NA,NA,NA,NA,NA,NA,NA,NA,NA,NA,NA,NA,NA,NA,NA,NA,NA,NA,Strong northwesterly wind gusts of 40-50 mph in the wake of an arctic cold front resulted in Low Water/Blowout Tides along the tidal Delaware River during the overnight hours of December 15th into the 16th.,Water levels reached a minimum value of around 2.1 to 2.2 feet below MLLW (Mean Lower Low Water) around 10 PM on December 15.,CSV
201611,22,200,201611,22,400,110733,666152,DELAWARE,10,2016,November,Astronomical Low Tide,Z,1,NEW CASTLE,10001,PHI,22-NOV-16 02:00:00,EST-5,22-NOV-16 04:00:00,0,0,0,0,NA,NA,River/Stream Gage,NA,NA,NA,NA,NA,NA,NA,NA,NA,NA,NA,NA,NA,NA,NA,NA,NA,NA,NA,NA,NA,"An area of low pressure near James Bay Canada lead to a strong cold frontal passage across the middle Atlantic Saturday evening November 19. Northwesterly winds increased substantially immediately following the cold frontal passage, with several reports of gusts in the 45 to 55 mph range over Delmarva. These strong wind gusts persisted around 48 hours, through Monday November 21. The Wilmington, DE Airport recorded a peak wind gust of 52 mph at 19:30EST on November 18.||Due to the persistent northwest flow, blowout tides occurred on Delaware Bay, with low water observed at Reedy Point.","On Tuesday November 22 from 02:48EST to 03:42EST, the water level at the Reedy Point NOS gauge was at or below negative 2.0 feet, meeting the criteria for low water. The lowest value observed during this time frame was negative 2.3 feet at 03:24EST.",CSV
201701,5,2100,201701,6,600,111462,665402,DELAWARE,10,2017,January,Astronomical Low Tide,Z,2,KENT,10002,PHI,05-JAN-17 21:00:00,EST-5,06-JAN-17 06:00:00,0,0,0,0,NA,NA,Trained Spotter,NA,NA,NA,NA,NA,NA,NA,NA,NA,NA,NA,NA,NA,NA,NA,NA,NA,NA,NA,NA,NA,"A clipper system moving in from the northwest, combined with cold temperatures and a secondary low moving northeast along the coast, gave the Diamond State it's first general snowfall of the season.  The snow started after the evening commute on Thursday, January 5th, and ended before the morning commute on Friday, January 6th, so negative impacts from this event were minimal.  In addition, the snow was light and fluffy, which greatly eased the removal process, and roadway pre-treatment prevented accumulation on the major highways. A number of school districts around the area opened late on Friday morning.","The heaviest snow from this event occurred in the northern portion of the county where 1.1 inches was reported near Clayton, and 0.5 inches was reported in Smyrna.",CSV
201701,23,0,201701,23,1100,112988,675175,TEXAS,48,2017,January,Astronomical Low Tide,Z,215,JEFFERSON,48215,LCH,23-JAN-17 00:00:00,CST-6,23-JAN-17 11:00:00,0,0,0,0,0.00K,0.00K,C-MAN Station,NA,NA,NA,NA,NA,NA,NA,NA,NA,NA,NA,NA,NA,NA,NA,NA,NA,NA,NA,NA,NA,A series of cold fronts produced strong north to northwest winds across the coast. This pushed the tides below -1 MLLW during multiple tide cycles.,Strong north winds push the tide below -1 MLLW along the Jefferson County Coast during the 23rd. The tide level hit -2.04 feet MLLW at Sabine Pass.,CSV
201701,26,700,201701,26,1200,112988,675177,TEXAS,48,2017,January,Astronomical Low Tide,Z,215,JEFFERSON,48215,LCH,26-JAN-17 07:00:00,CST-6,26-JAN-17 12:00:00,0,0,0,0,0.00K,0.00K,C-MAN Station,NA,NA,NA,NA,NA,NA,NA,NA,NA,NA,NA,NA,NA,NA,NA,NA,NA,NA,NA,NA,NA,A series of cold fronts produced strong north to northwest winds across the coast. This pushed the tides below -1 MLLW during multiple tide cycles.,North winds pushed the tide out during the morning of the 26th to less than -1 foot MLLW. The tide fell to a low of -1.38 MLLW.,CSV
201701,22,2300,201701,23,1100,112915,675153,LOUISIANA,22,2017,January,Astronomical Low Tide,Z,73,WEST CAMERON,22073,LCH,22-JAN-17 23:00:00,CST-6,23-JAN-17 11:00:00,0,0,0,0,0.00K,0.00K,C-MAN Station,NA,NA,NA,NA,NA,NA,NA,NA,NA,NA,NA,NA,NA,NA,NA,NA,NA,NA,NA,NA,NA,A series of cold fronts produced strong north to northwest winds across the coast. This pushed the tides below -1 MLLW during multiple tide cycles.,The tide level fell below -1 foot MLLW for multiple hours and reached -2.3 feet at Cameron.,CSV
201701,22,2300,201701,23,1100,112915,675154,LOUISIANA,22,2017,January,Astronomical Low Tide,Z,74,EAST CAMERON,22074,LCH,22-JAN-17 23:00:00,CST-6,23-JAN-17 11:00:00,0,0,0,0,0.00K,0.00K,C-MAN Station,NA,NA,NA,NA,NA,NA,NA,NA,NA,NA,NA,NA,NA,NA,NA,NA,NA,NA,NA,NA,NA,A series of cold fronts produced strong north to northwest winds across the coast. This pushed the tides below -1 MLLW during multiple tide cycles.,The tide level fell below -1 foot MLLW for multiple hours and reached -2.3 feet at Cameron.,CSV
201701,22,2300,201701,23,1100,112915,675155,LOUISIANA,22,2017,January,Astronomical Low Tide,Z,52,VERMILION,22052,LCH,22-JAN-17 23:00:00,CST-6,23-JAN-17 11:00:00,0,0,0,0,0.00K,0.00K,Other Federal Agency,NA,NA,NA,NA,NA,NA,NA,NA,NA,NA,NA,NA,NA,NA,NA,NA,NA,NA,NA,NA,NA,A series of cold fronts produced strong north to northwest winds across the coast. This pushed the tides below -1 MLLW during multiple tide cycles.,The tide level fell below -1 foot MLLW for multiple hours and reached -1.83 feet at Fresh Water Lock.,CSV
201701,26,500,201701,27,1200,112915,675165,LOUISIANA,22,2017,January,Astronomical Low Tide,Z,73,WEST CAMERON,22073,LCH,26-JAN-17 05:00:00,CST-6,27-JAN-17 12:00:00,0,0,0,0,0.00K,0.00K,C-MAN Station,NA,NA,NA,NA,NA,NA,NA,NA,NA,NA,NA,NA,NA,NA,NA,NA,NA,NA,NA,NA,NA,A series of cold fronts produced strong north to northwest winds across the coast. This pushed the tides below -1 MLLW during multiple tide cycles.,Strong north winds pushed out the tide along the coast for multiple tide cycles. The tide fell below -1 foot MLLW during 2 low tides with a minimum reading of -1.73 feet at Cameron.,CSV
201701,26,500,201701,27,1200,112915,675167,LOUISIANA,22,2017,January,Astronomical Low Tide,Z,74,EAST CAMERON,22074,LCH,26-JAN-17 05:00:00,CST-6,27-JAN-17 12:00:00,0,0,0,0,0.00K,0.00K,C-MAN Station,NA,NA,NA,NA,NA,NA,NA,NA,NA,NA,NA,NA,NA,NA,NA,NA,NA,NA,NA,NA,NA,A series of cold fronts produced strong north to northwest winds across the coast. This pushed the tides below -1 MLLW during multiple tide cycles.,Strong north winds pushed out the tide along the coast for multiple tide cycles. The tide fell below -1 foot MLLW during 2 low tides with a minimum reading of -1.73 feet at Cameron.,CSV
201701,26,600,201701,27,1200,112915,675168,LOUISIANA,22,2017,January,Astronomical Low Tide,Z,52,VERMILION,22052,LCH,26-JAN-17 06:00:00,CST-6,27-JAN-17 12:00:00,0,0,0,0,0.00K,0.00K,Other Federal Agency,NA,NA,NA,NA,NA,NA,NA,NA,NA,NA,NA,NA,NA,NA,NA,NA,NA,NA,NA,NA,NA,A series of cold fronts produced strong north to northwest winds across the coast. This pushed the tides below -1 MLLW during multiple tide cycles.,Strong north winds pushed out the tide along the coast for multiple tide cycles. The tide fell below -1 foot MLLW during 2 low tides with a minimum reading of -1.4 feet at Fresh Water Lock.,CSV
201701,6,500,201701,6,1000,113254,677683,TENNESSEE,47,2017,January,Astronomical Low Tide,Z,22,BENTON,47022,MEG,06-JAN-17 05:00:00,CST-6,06-JAN-17 10:00:00,0,0,0,0,0.00K,0.00K,Public,NA,NA,NA,NA,NA,NA,NA,NA,NA,NA,NA,NA,NA,NA,NA,NA,NA,NA,NA,NA,NA,"An upper level disturbance combined with a reinforcing cold front to produce a swath of light snow across much of the Mid-South during the morning hours of January 6, 2017. One to three inches of snow was reported north of a Helena-West Helena, Arkansas to Corinth, Mississippi line.",About one to two inches of snow fell.,CSV
201712,9,1000,201712,9,2300,120928,723982,NEW JERSEY,34,2017,December,Astronomical Low Tide,Z,9,HUNTERDON,34009,PHI,09-DEC-17 10:00:00,EST-5,09-DEC-17 23:00:00,0,0,0,0,NA,NA,Trained Spotter,NA,NA,NA,NA,NA,NA,NA,NA,NA,NA,NA,NA,NA,NA,NA,NA,NA,NA,NA,NA,NA,An area of low pressure moving up the east coast brought periods of snow to the state on the afternoon and evening hours of December 10th.  Locations along the coast were warm enough to mix with sleet and rain. Snow accumulated on the order of 3-6 inches for much of the state with the lower end totals across the coastal sections and southwest New Jersey.,Snowfall reports ranged from 3 to 5.5 inches across the county.,CSV
201708,23,1800,201708,23,1800,117980,709158,DELAWARE,10,2017,August,Astronomical Low Tide,Z,4,DELAWARE BEACHES,10004,PHI,23-AUG-17 18:00:00,EST-5,23-AUG-17 18:00:00,1,0,0,0,0.00K,0.00K,Lifeguard,NA,NA,NA,NA,NA,NA,NA,NA,NA,NA,NA,NA,NA,NA,NA,NA,NA,NA,NA,NA,NA,Someone injured a knee while trying to get away from a rip current.,Someone injured a knee while trying to get away from a rip current. Time unknown.,CSV
201712,31,530,201712,31,830,122100,730993,LOUISIANA,22,2017,December,Astronomical Low Tide,Z,74,EAST CAMERON,22074,LCH,31-DEC-17 05:30:00,CST-6,31-DEC-17 08:30:00,0,0,0,0,0.00K,0.00K,C-MAN Station,NA,NA,NA,NA,NA,NA,NA,NA,NA,NA,NA,NA,NA,NA,NA,NA,NA,NA,NA,NA,NA,"A strong cold front passed through the region during the very end of December. Tide levels approached -1 foot MLLW at most locations, however only at Cameron did the water level fall below -1.",Strong north winds pushed the tide level at Cameron to -1.08 feet MLLW. Water levels were around -1 foot MLLW for 2 to 3 hours during the morning at low tide.,CSV
201802,2,700,201802,2,1200,123501,740738,LOUISIANA,22,2018,February,Astronomical Low Tide,Z,73,WEST CAMERON,22073,LCH,02-FEB-18 07:00:00,CST-6,02-FEB-18 12:00:00,0,0,0,0,0.00K,0.00K,C-MAN Station,NA,NA,NA,NA,NA,NA,NA,NA,NA,NA,NA,NA,NA,NA,NA,NA,NA,NA,NA,NA,NA,Strong north winds behind a cold front pushed tides below normal.,The tide at Cameron fell below -1 foot MLLW for multiple hours. The tide reached a minimum of -1.72 feet MLLW.,CSV
201802,2,700,201802,2,1200,123501,740739,LOUISIANA,22,2018,February,Astronomical Low Tide,Z,73,WEST CAMERON,22073,LCH,02-FEB-18 07:00:00,CST-6,02-FEB-18 12:00:00,0,0,0,0,0.00K,0.00K,C-MAN Station,NA,NA,NA,NA,NA,NA,NA,NA,NA,NA,NA,NA,NA,NA,NA,NA,NA,NA,NA,NA,NA,Strong north winds behind a cold front pushed tides below normal.,The tide at Cameron fell below -1 foot MLLW for multiple hours. The tide reached a minimum of -1.72 feet MLLW.,CSV
201802,2,700,201802,2,1200,123501,740740,LOUISIANA,22,2018,February,Astronomical Low Tide,Z,52,VERMILION,22052,LCH,02-FEB-18 07:00:00,CST-6,02-FEB-18 12:00:00,0,0,0,0,0.00K,0.00K,Other Federal Agency,NA,NA,NA,NA,NA,NA,NA,NA,NA,NA,NA,NA,NA,NA,NA,NA,NA,NA,NA,NA,NA,Strong north winds behind a cold front pushed tides below normal.,The tide at Fresh Water Lock fell below -1 foot MLLW for multiple hours. The tide reached a minimum of -1.33 feet MLLW.,CSV
201802,2,800,201802,2,1200,123502,740741,TEXAS,48,2018,February,Astronomical Low Tide,Z,215,JEFFERSON,48215,LCH,02-FEB-18 08:00:00,CST-6,02-FEB-18 12:00:00,0,0,0,0,0.00K,0.00K,C-MAN Station,NA,NA,NA,NA,NA,NA,NA,NA,NA,NA,NA,NA,NA,NA,NA,NA,NA,NA,NA,NA,NA,Strong north winds behind a cold front pushed water levels below -1 foot MLLW for multiple hours at Sabine Pass.,The tide at Sabine Pass fell below -1 foot MLLW for multiple hours. The tide reached a minimum of -1.2 feet MLLW.,CSV
201801,1,400,201801,4,1400,122824,735848,LOUISIANA,22,2018,January,Astronomical Low Tide,Z,73,WEST CAMERON,22073,LCH,01-JAN-18 04:00:00,CST-6,04-JAN-18 14:00:00,0,0,0,0,0.00K,0.00K,C-MAN Station,NA,NA,NA,NA,NA,NA,NA,NA,NA,NA,NA,NA,NA,NA,NA,NA,NA,NA,NA,NA,NA,Strong north winds behind a cold front pushed tides well below normal along the Louisiana coast for 4 tide cycles.,Strong north winds pushed tides out for 4 consecutive cycles at Cameron. Low tide fell below -1 foot MLLW for 4 days and reached a minimum of -2.31 on the first.,CSV
201801,1,400,201801,4,1400,122824,735849,LOUISIANA,22,2018,January,Astronomical Low Tide,Z,73,WEST CAMERON,22073,LCH,01-JAN-18 04:00:00,CST-6,04-JAN-18 14:00:00,0,0,0,0,0.00K,0.00K,C-MAN Station,NA,NA,NA,NA,NA,NA,NA,NA,NA,NA,NA,NA,NA,NA,NA,NA,NA,NA,NA,NA,NA,Strong north winds behind a cold front pushed tides well below normal along the Louisiana coast for 4 tide cycles.,Strong north winds pushed tides out for 4 consecutive cycles at Cameron. Low tide fell below -1 foot MLLW for 4 days and reached a minimum of -2.31 on the first.,CSV
201801,1,15,201801,4,1400,122824,735851,LOUISIANA,22,2018,January,Astronomical Low Tide,Z,52,VERMILION,22052,LCH,01-JAN-18 00:15:00,CST-6,04-JAN-18 14:00:00,0,0,0,0,0.00K,0.00K,Other Federal Agency,NA,NA,NA,NA,NA,NA,NA,NA,NA,NA,NA,NA,NA,NA,NA,NA,NA,NA,NA,NA,NA,Strong north winds behind a cold front pushed tides well below normal along the Louisiana coast for 4 tide cycles.,The tide gauge at Fresh Water Lock fell below -1 foot MLLW early on the first. The tide fell below -1 for 4 consecutive cycles and reached a minimum of -2.92 feet below MLLW on the 1st.,CSV
201801,1,300,201801,1,1900,122824,735852,LOUISIANA,22,2018,January,Astronomical Low Tide,Z,53,IBERIA,22053,LCH,01-JAN-18 03:00:00,CST-6,01-JAN-18 19:00:00,0,0,0,0,0.00K,0.00K,C-MAN Station,NA,NA,NA,NA,NA,NA,NA,NA,NA,NA,NA,NA,NA,NA,NA,NA,NA,NA,NA,NA,NA,Strong north winds behind a cold front pushed tides well below normal along the Louisiana coast for 4 tide cycles.,The tide fell below -1 foot MLLW during the 1st behind a strong cold front. The tide fell to a minimum of -2.02 feet below MLLW at Cypermort Point.,CSV
201801,1,300,201801,4,1400,122824,735853,LOUISIANA,22,2018,January,Astronomical Low Tide,Z,54,ST. MARY,22054,LCH,01-JAN-18 03:00:00,CST-6,04-JAN-18 14:00:00,0,0,0,0,0.00K,0.00K,C-MAN Station,NA,NA,NA,NA,NA,NA,NA,NA,NA,NA,NA,NA,NA,NA,NA,NA,NA,NA,NA,NA,NA,Strong north winds behind a cold front pushed tides well below normal along the Louisiana coast for 4 tide cycles.,The tide at Amerada Pass fell below -1 foot MLLW for 4 consecutive tide cycles and reached a minimum of -1.41 feet below MLLW.,CSV
201801,12,200,201801,17,1400,122717,735855,LOUISIANA,22,2018,January,Astronomical Low Tide,Z,73,WEST CAMERON,22073,LCH,12-JAN-18 02:00:00,CST-6,17-JAN-18 14:00:00,0,0,0,0,0.00K,0.00K,C-MAN Station,NA,NA,NA,NA,NA,NA,NA,NA,NA,NA,NA,NA,NA,NA,NA,NA,NA,NA,NA,NA,NA,"An arctic front pushed through the region during the evening of the 15th and temperatures fell into the 16th. Overrunning rain eventually changed into freezing rain then snow. Overall snow totals were minimal, but near freezing temperatures kept area bridges closed for multiple days as ice remained on elevated surfaces. Strong north winds from a front on the 12th and another on the 16th produced low tides for 6 consecutive cycles.",Strong north winds behind a pair of cold fronts kept tides blown out for multiple tide cycles. The tide at Cameron fell below -1 foot MLLW for 6 consecutive cycles and reached a minimum of -2.2 feet below MLLW 3 times.,CSV
201801,12,200,201801,17,1400,122717,735857,LOUISIANA,22,2018,January,Astronomical Low Tide,Z,74,EAST CAMERON,22074,LCH,12-JAN-18 02:00:00,CST-6,17-JAN-18 14:00:00,0,0,0,0,0.00K,0.00K,C-MAN Station,NA,NA,NA,NA,NA,NA,NA,NA,NA,NA,NA,NA,NA,NA,NA,NA,NA,NA,NA,NA,NA,"An arctic front pushed through the region during the evening of the 15th and temperatures fell into the 16th. Overrunning rain eventually changed into freezing rain then snow. Overall snow totals were minimal, but near freezing temperatures kept area bridges closed for multiple days as ice remained on elevated surfaces. Strong north winds from a front on the 12th and another on the 16th produced low tides for 6 consecutive cycles.",Strong north winds behind a pair of cold fronts kept tides blown out for multiple tide cycles. The tide at Cameron fell below -1 foot MLLW for 6 consecutive cycles and reached a minimum of -2.2 feet below MLLW 3 times.,CSV
201801,12,15,201801,17,1200,122717,735858,LOUISIANA,22,2018,January,Astronomical Low Tide,Z,52,VERMILION,22052,LCH,12-JAN-18 00:15:00,CST-6,17-JAN-18 12:00:00,0,0,0,0,0.00K,0.00K,Other Federal Agency,NA,NA,NA,NA,NA,NA,NA,NA,NA,NA,NA,NA,NA,NA,NA,NA,NA,NA,NA,NA,NA,"An arctic front pushed through the region during the evening of the 15th and temperatures fell into the 16th. Overrunning rain eventually changed into freezing rain then snow. Overall snow totals were minimal, but near freezing temperatures kept area bridges closed for multiple days as ice remained on elevated surfaces. Strong north winds from a front on the 12th and another on the 16th produced low tides for 6 consecutive cycles.",Strong north winds behind a pair of cold fronts kept tides blown out for multiple tide cycles. The tide at Fresh Water Lock fell below -1 foot MLLW for 6 consecutive cycles and reached a minimum of -2.86 feet below MLLW.,CSV
201801,12,200,201801,17,1400,122717,735859,LOUISIANA,22,2018,January,Astronomical Low Tide,Z,54,ST. MARY,22054,LCH,12-JAN-18 02:00:00,CST-6,17-JAN-18 14:00:00,0,0,0,0,0.00K,0.00K,C-MAN Station,NA,NA,NA,NA,NA,NA,NA,NA,NA,NA,NA,NA,NA,NA,NA,NA,NA,NA,NA,NA,NA,"An arctic front pushed through the region during the evening of the 15th and temperatures fell into the 16th. Overrunning rain eventually changed into freezing rain then snow. Overall snow totals were minimal, but near freezing temperatures kept area bridges closed for multiple days as ice remained on elevated surfaces. Strong north winds from a front on the 12th and another on the 16th produced low tides for 6 consecutive cycles.",Strong north winds behind a pair of cold fronts kept tides blown out for multiple tide cycles. The tide at Amerada Pass fell below -1 foot MLLW for 6 consecutive cycles and reached a minimum of -1.56 feet below MLLW.,CSV
201801,13,0,201801,17,2300,122717,735860,LOUISIANA,22,2018,January,Astronomical Low Tide,Z,53,IBERIA,22053,LCH,13-JAN-18 00:00:00,CST-6,17-JAN-18 23:00:00,0,0,0,0,0.00K,0.00K,C-MAN Station,NA,NA,NA,NA,NA,NA,NA,NA,NA,NA,NA,NA,NA,NA,NA,NA,NA,NA,NA,NA,NA,"An arctic front pushed through the region during the evening of the 15th and temperatures fell into the 16th. Overrunning rain eventually changed into freezing rain then snow. Overall snow totals were minimal, but near freezing temperatures kept area bridges closed for multiple days as ice remained on elevated surfaces. Strong north winds from a front on the 12th and another on the 16th produced low tides for 6 consecutive cycles.",Strong north winds behind a pair of cold fronts kept tides blown out for multiple tide cycles. The tide at Cypermort Point fell below -1 foot MLLW for 5 consecutive cycles and reached a minimum of -1.98 feet below MLLW.,CSV
201801,29,700,201801,30,1100,122797,735861,TEXAS,48,2018,January,Astronomical Low Tide,Z,215,JEFFERSON,48215,LCH,29-JAN-18 07:00:00,CST-6,30-JAN-18 11:00:00,0,0,0,0,0.00K,0.00K,C-MAN Station,NA,NA,NA,NA,NA,NA,NA,NA,NA,NA,NA,NA,NA,NA,NA,NA,NA,NA,NA,NA,NA,An incoming short wave provided ample lift of a very moist air mass to produce several hours of rainfall over Jefferson County. 8 to 12 inches of rain fell which caused flooding. A strong cold front then pushed through the area with north winds pushing the tides out for a few days.,Strong north winds pushed tides below normal for a few days with tides falling below -1 foot MLLW for 2 cycles. The tide fell to a minimum of -1.22 feet below MLLW.,CSV
201801,29,700,201801,30,1100,122798,735862,LOUISIANA,22,2018,January,Astronomical Low Tide,Z,73,WEST CAMERON,22073,LCH,29-JAN-18 07:00:00,CST-6,30-JAN-18 11:00:00,0,0,0,0,0.00K,0.00K,C-MAN Station,NA,NA,NA,NA,NA,NA,NA,NA,NA,NA,NA,NA,NA,NA,NA,NA,NA,NA,NA,NA,NA,A short wave and incoming cold front provided lift of a very moist air mass. Training of showers and storms produced heavy rain ahead of a cold front. Strong north winds behind the front pushed tides below normal for a few days.,Strong north winds pushed tides below normal for a few days with tides falling below -1 foot MLLW for 2 cycles. The tide fell to a minimum of -1.5 feet below MLLW at Cameron.,CSV
201801,29,700,201801,30,1100,122798,735863,LOUISIANA,22,2018,January,Astronomical Low Tide,Z,74,EAST CAMERON,22074,LCH,29-JAN-18 07:00:00,CST-6,30-JAN-18 11:00:00,0,0,0,0,0.00K,0.00K,C-MAN Station,NA,NA,NA,NA,NA,NA,NA,NA,NA,NA,NA,NA,NA,NA,NA,NA,NA,NA,NA,NA,NA,A short wave and incoming cold front provided lift of a very moist air mass. Training of showers and storms produced heavy rain ahead of a cold front. Strong north winds behind the front pushed tides below normal for a few days.,Strong north winds pushed tides below normal for a few days with tides falling below -1 foot MLLW for 2 cycles. The tide fell to a minimum of -1.5 feet below MLLW at Cameron.,CSV
201801,29,700,201801,30,1100,122798,735864,LOUISIANA,22,2018,January,Astronomical Low Tide,Z,52,VERMILION,22052,LCH,29-JAN-18 07:00:00,CST-6,30-JAN-18 11:00:00,0,0,0,0,0.00K,0.00K,Other Federal Agency,NA,NA,NA,NA,NA,NA,NA,NA,NA,NA,NA,NA,NA,NA,NA,NA,NA,NA,NA,NA,NA,A short wave and incoming cold front provided lift of a very moist air mass. Training of showers and storms produced heavy rain ahead of a cold front. Strong north winds behind the front pushed tides below normal for a few days.,Strong north winds pushed tides below normal for a few days with tides falling below -1 foot MLLW for 2 cycles. The tide fell to a minimum of -138 feet below MLLW at Fresh Water Lock.,CSV
201801,1,400,201801,4,1400,122823,735846,TEXAS,48,2018,January,Astronomical Low Tide,Z,215,JEFFERSON,48215,LCH,01-JAN-18 04:00:00,CST-6,04-JAN-18 14:00:00,0,0,0,0,0.00K,0.00K,C-MAN Station,NA,NA,NA,NA,NA,NA,NA,NA,NA,NA,NA,NA,NA,NA,NA,NA,NA,NA,NA,NA,NA,A strong cold front produced multiple days of stiff north winds that pushed tides well below normal.,The tide gauge at Sabine Pass moved below -1 foot below MLLW for 4 tide cycles from the first to the forth. The lowest tide recorded was -2.18 feet during the 1st.,CSV
201801,12,200,201801,17,1400,122710,735847,TEXAS,48,2018,January,Astronomical Low Tide,Z,215,JEFFERSON,48215,LCH,12-JAN-18 02:00:00,CST-6,17-JAN-18 14:00:00,0,0,0,0,0.00K,0.00K,C-MAN Station,NA,NA,NA,NA,NA,NA,NA,NA,NA,NA,NA,NA,NA,NA,NA,NA,NA,NA,NA,NA,NA,"An arctic cold front passed through the area during the evening of the 15th. The cold air mass filtered in during the night and light rain transitioned over to snow as temperatures fell below freezing. Accumulations were less than an inch, however icy spots closed bridges across the area which produced travel problems. Strong north winds from a front on the 12th and again on the 16th produce low tides along the coast for 6 cycles.",Tides at Sabine Pass fell below -1 foot MLLW for 6 consecutive tide cycles. The lowest recorded during the event was -2.07 feet MLLW.,CSV
201802,21,1100,201802,22,1100,122427,732976,CALIFORNIA,6,2018,February,Astronomical Low Tide,Z,107,NORTHERN TRINITY,06107,EKA,21-FEB-18 11:00:00,PST-8,22-FEB-18 11:00:00,0,0,0,0,0.00K,0.00K,Public,NA,NA,NA,NA,NA,NA,NA,NA,NA,NA,NA,NA,NA,NA,NA,NA,NA,NA,NA,NA,NA,An upper disturbance yielded mountain snow as it moved south across northern California during February 21st and 22nd.,Public report of 3.0 inches of snow over a 24 hour period at an approximate elevation of 1680 feet.,CSV
201812,20,2137,201812,21,1156,133429,798394,TEXAS,48,2018,December,Astronomical Low Tide,Z,215,JEFFERSON,48215,LCH,20-DEC-18 21:37:00,CST-6,21-DEC-18 11:56:00,0,0,0,0,0.00K,0.00K,C-MAN Station,NA,NA,NA,NA,NA,NA,NA,NA,NA,NA,NA,NA,NA,NA,NA,NA,NA,NA,NA,NA,NA,A strong cold front pushed tide levels well below -1 foot MLLW during the morning of the 21st at Sabine Pass.,Strong north winds pushed the tide level down to -2.46 feet MLLW at Sabine Pass.,CSV
201812,9,750,201812,9,1130,133135,798387,LOUISIANA,22,2018,December,Astronomical Low Tide,Z,73,WEST CAMERON,22073,LCH,09-DEC-18 07:50:00,CST-6,09-DEC-18 11:30:00,0,0,0,0,0.00K,0.00K,C-MAN Station,NA,NA,NA,NA,NA,NA,NA,NA,NA,NA,NA,NA,NA,NA,NA,NA,NA,NA,NA,NA,NA,An area of low pressure moved across the region causing heavy rain and thunderstorms.,The water level at the Cameron tide station fell to -1.32 feet MLLW as strong north winds pushed out the gulf.,CSV
201812,9,750,201812,9,1130,133135,798388,LOUISIANA,22,2018,December,Astronomical Low Tide,Z,73,WEST CAMERON,22073,LCH,09-DEC-18 07:50:00,CST-6,09-DEC-18 11:30:00,0,0,0,0,0.00K,0.00K,C-MAN Station,NA,NA,NA,NA,NA,NA,NA,NA,NA,NA,NA,NA,NA,NA,NA,NA,NA,NA,NA,NA,NA,An area of low pressure moved across the region causing heavy rain and thunderstorms.,The water level at the Cameron tide station fell to -1.32 feet MLLW as strong north winds pushed out the gulf.,CSV
201812,9,656,201812,9,1530,133135,798389,LOUISIANA,22,2018,December,Astronomical Low Tide,Z,52,VERMILION,22052,LCH,09-DEC-18 06:56:00,CST-6,09-DEC-18 15:30:00,0,0,0,0,0.00K,0.00K,Other Federal Agency,NA,NA,NA,NA,NA,NA,NA,NA,NA,NA,NA,NA,NA,NA,NA,NA,NA,NA,NA,NA,NA,An area of low pressure moved across the region causing heavy rain and thunderstorms.,The tide level at Freshwater Canal and Lock fell below -1 foot MLLW for multiple hours as strong north winds occurred behind a cold front.,CSV
201812,20,2137,201812,21,1156,133428,798390,LOUISIANA,22,2018,December,Astronomical Low Tide,Z,73,WEST CAMERON,22073,LCH,20-DEC-18 21:37:00,CST-6,21-DEC-18 11:56:00,0,0,0,0,0.00K,0.00K,C-MAN Station,NA,NA,NA,NA,NA,NA,NA,NA,NA,NA,NA,NA,NA,NA,NA,NA,NA,NA,NA,NA,NA,"Strong north winds with a cold front pushed tides well below normal. Astronomical tides were already predicted to be near -1 MLLW, but north winds pushed them even lower.",The tide level at Cameron fell to -2.9 feet MLLW which was one of the lowest tide levels recorded at that station.,CSV
201812,20,2200,201812,21,1108,133428,798391,LOUISIANA,22,2018,December,Astronomical Low Tide,Z,74,EAST CAMERON,22074,LCH,20-DEC-18 22:00:00,CST-6,21-DEC-18 11:08:00,0,0,0,0,0.00K,0.00K,C-MAN Station,NA,NA,NA,NA,NA,NA,NA,NA,NA,NA,NA,NA,NA,NA,NA,NA,NA,NA,NA,NA,NA,"Strong north winds with a cold front pushed tides well below normal. Astronomical tides were already predicted to be near -1 MLLW, but north winds pushed them even lower.",The tide level at Cameron fell to -2.9 feet MLLW which was one of the lowest tide levels recorded at that station.,CSV
201812,21,244,201812,21,1409,133428,798392,LOUISIANA,22,2018,December,Astronomical Low Tide,Z,52,VERMILION,22052,LCH,21-DEC-18 02:44:00,CST-6,21-DEC-18 14:09:00,0,0,0,0,0.00K,0.00K,C-MAN Station,NA,NA,NA,NA,NA,NA,NA,NA,NA,NA,NA,NA,NA,NA,NA,NA,NA,NA,NA,NA,NA,"Strong north winds with a cold front pushed tides well below normal. Astronomical tides were already predicted to be near -1 MLLW, but north winds pushed them even lower.",The tide level at Freshwater Lock fell below -1 MLLW for several hours behind a strong cold front.,CSV
201812,21,210,201812,21,1557,133428,798393,LOUISIANA,22,2018,December,Astronomical Low Tide,Z,54,ST. MARY,22054,LCH,21-DEC-18 02:10:00,CST-6,21-DEC-18 15:57:00,0,0,0,0,0.00K,0.00K,C-MAN Station,NA,NA,NA,NA,NA,NA,NA,NA,NA,NA,NA,NA,NA,NA,NA,NA,NA,NA,NA,NA,NA,"Strong north winds with a cold front pushed tides well below normal. Astronomical tides were already predicted to be near -1 MLLW, but north winds pushed them even lower.",The tide levels at Cypermort Point and Amerada Pass fell below -1 foot MLLW for several hours behind a cold front. The levels reached -1.84 feet and -1.78 feet respectively.,CSV
201811,26,900,201811,26,1200,132714,794083,TEXAS,48,2018,November,Astronomical Low Tide,Z,215,JEFFERSON,48215,LCH,26-NOV-18 09:00:00,CST-6,26-NOV-18 12:00:00,0,0,0,0,0.00K,0.00K,C-MAN Station,NA,NA,NA,NA,NA,NA,NA,NA,NA,NA,NA,NA,NA,NA,NA,NA,NA,NA,NA,NA,NA,A strong cold front moved across the coast during the 25th with strong north winds lingering into the 26th. The wind pushed the tide below -1 foot MLLW during the low tide on the 26th.,The tide at Sabine Pass fell to -1.27 foot MLLW as strong north winds moved across the coast.,CSV
201811,26,800,201811,26,1200,132712,794080,LOUISIANA,22,2018,November,Astronomical Low Tide,Z,73,WEST CAMERON,22073,LCH,26-NOV-18 08:00:00,CST-6,26-NOV-18 12:00:00,0,0,0,0,0.00K,0.00K,C-MAN Station,NA,NA,NA,NA,NA,NA,NA,NA,NA,NA,NA,NA,NA,NA,NA,NA,NA,NA,NA,NA,NA,A strong cold front moved through Southwest Louisiana during the 25th and pushed tides below -1 foot MLLW on the 26th.,The tide at Cameron fell to -1.67 foot MLLW as strong north winds moved across the coast.,CSV
201811,26,800,201811,26,1200,132712,794081,LOUISIANA,22,2018,November,Astronomical Low Tide,Z,74,EAST CAMERON,22074,LCH,26-NOV-18 08:00:00,CST-6,26-NOV-18 12:00:00,0,0,0,0,0.00K,0.00K,C-MAN Station,NA,NA,NA,NA,NA,NA,NA,NA,NA,NA,NA,NA,NA,NA,NA,NA,NA,NA,NA,NA,NA,A strong cold front moved through Southwest Louisiana during the 25th and pushed tides below -1 foot MLLW on the 26th.,The tide at Cameron fell to -1.67 foot MLLW as strong north winds moved across the coast.,CSV
201812,20,401,201812,20,1201,133568,799104,WASHINGTON,53,2018,December,Astronomical Low Tide,Z,20,SOUTHWEST INTERIOR,53020,PQR,20-DEC-18 04:01:00,PST-8,20-DEC-18 12:01:00,0,0,0,0,NA,NA,RAWS,NA,NA,NA,NA,NA,NA,NA,NA,NA,NA,NA,NA,NA,NA,NA,NA,NA,NA,NA,NA,NA,"A low pressure system tracked northeast toward Victoria Island. The trailing cold front moved onto the coast, bringing strong southerly winds ahead of the front to the coast and the Willapa Hills.",Abernathy RAWS recorded wind gusts up to 65 mph.,CSV
201901,19,1900,201901,20,1100,133873,801296,LOUISIANA,22,2019,January,Astronomical Low Tide,Z,73,WEST CAMERON,22073,LCH,19-JAN-19 19:00:00,CST-6,20-JAN-19 11:00:00,0,0,0,0,0.00K,0.00K,C-MAN Station,NA,NA,NA,NA,NA,NA,NA,NA,NA,NA,NA,NA,NA,NA,NA,NA,NA,NA,NA,NA,NA,Strong north winds behind a cold front pushed tides well below -1 foot MLLW for multiple hours along the Louisiana Coast.,The tide levels along the coast of Cameron Parish was pushed well below -1 foot MLLW for multiple hours by strong north winds. The tide level at Cameron fell -2.9 feet at its lowest point.,CSV
201901,19,1900,201901,20,1100,133873,801300,LOUISIANA,22,2019,January,Astronomical Low Tide,Z,74,EAST CAMERON,22074,LCH,19-JAN-19 19:00:00,CST-6,20-JAN-19 11:00:00,0,0,0,0,0.00K,0.00K,C-MAN Station,NA,NA,NA,NA,NA,NA,NA,NA,NA,NA,NA,NA,NA,NA,NA,NA,NA,NA,NA,NA,NA,Strong north winds behind a cold front pushed tides well below -1 foot MLLW for multiple hours along the Louisiana Coast.,The tide levels along the coast of Cameron Parish was pushed well below -1 foot MLLW for multiple hours by strong north winds. The tide level at Cameron fell -2.9 feet at its lowest point.,CSV
201901,20,0,201901,20,1600,133873,801317,LOUISIANA,22,2019,January,Astronomical Low Tide,Z,54,ST. MARY,22054,LCH,20-JAN-19 00:00:00,CST-6,20-JAN-19 16:00:00,0,0,0,0,0.00K,0.00K,C-MAN Station,NA,NA,NA,NA,NA,NA,NA,NA,NA,NA,NA,NA,NA,NA,NA,NA,NA,NA,NA,NA,NA,Strong north winds behind a cold front pushed tides well below -1 foot MLLW for multiple hours along the Louisiana Coast.,Strong north winds pushed the water level in Vermilion Bay below -1 foot MLLW for several hours. The tide fell to -2 feet at Cypremort Point and -1.33 feet at Amerada Pass.,CSV
201901,19,1800,201901,20,1030,133873,801318,LOUISIANA,22,2019,January,Astronomical Low Tide,Z,52,VERMILION,22052,LCH,19-JAN-19 18:00:00,CST-6,20-JAN-19 10:30:00,0,0,0,0,0.00K,0.00K,Other Federal Agency,NA,NA,NA,NA,NA,NA,NA,NA,NA,NA,NA,NA,NA,NA,NA,NA,NA,NA,NA,NA,NA,Strong north winds behind a cold front pushed tides well below -1 foot MLLW for multiple hours along the Louisiana Coast.,The tide level at Freshwater Lock fell below -1 foot MLLW for several hours behind a strong cold front. The tide fell -2.75 feet.,CSV
201901,29,230,201901,29,800,133874,801321,LOUISIANA,22,2019,January,Astronomical Low Tide,Z,74,EAST CAMERON,22074,LCH,29-JAN-19 02:30:00,CST-6,29-JAN-19 08:00:00,0,0,0,0,0.00K,0.00K,C-MAN Station,NA,NA,NA,NA,NA,NA,NA,NA,NA,NA,NA,NA,NA,NA,NA,NA,NA,NA,NA,NA,NA,Strong north winds behind a cold front pushed the tide level at Cameron below -1 foot MLLW for multiple hours.,The tide level at Cameron fell to -1.9 feet below MLLW behind a strong cold front.,CSV
201901,29,230,201901,29,800,133874,801323,LOUISIANA,22,2019,January,Astronomical Low Tide,Z,73,WEST CAMERON,22073,LCH,29-JAN-19 02:30:00,CST-6,29-JAN-19 08:00:00,0,0,0,0,0.00K,0.00K,C-MAN Station,NA,NA,NA,NA,NA,NA,NA,NA,NA,NA,NA,NA,NA,NA,NA,NA,NA,NA,NA,NA,NA,Strong north winds behind a cold front pushed the tide level at Cameron below -1 foot MLLW for multiple hours.,The tide level at Cameron fell to -1.9 feet below MLLW behind a strong cold front.,CSV
201901,19,1900,201901,20,1100,133159,801276,TEXAS,48,2019,January,Astronomical Low Tide,Z,215,JEFFERSON,48215,LCH,19-JAN-19 19:00:00,CST-6,20-JAN-19 11:00:00,0,0,0,0,0.00K,0.00K,C-MAN Station,NA,NA,NA,NA,NA,NA,NA,NA,NA,NA,NA,NA,NA,NA,NA,NA,NA,NA,NA,NA,NA,A line of showers and storms moved through the region ahead of a cold front. One cell produced a high wind gust at Orange that produced damage. Strong winds behind the front pushed tides below normal.,Strong north winds pushed the tide to below -1 MLLW at Sabine Pass for several hours. The tide fell to -2.39 feet.,CSV
201902,18,600,201902,18,800,133879,801352,LOUISIANA,22,2019,February,Astronomical Low Tide,Z,74,EAST CAMERON,22074,LCH,18-FEB-19 06:00:00,CST-6,18-FEB-19 08:00:00,0,0,0,0,0.00K,0.00K,C-MAN Station,NA,NA,NA,NA,NA,NA,NA,NA,NA,NA,NA,NA,NA,NA,NA,NA,NA,NA,NA,NA,NA,Strong north wind behind a cold front pushed water below -1 foot MLLW along the Cameron and Vermilion Parish Coast.,North wind behind a cold front pushed the water level at Cameron down to -1.1 feet MLLW.,CSV
201902,18,530,201902,18,930,133879,801353,LOUISIANA,22,2019,February,Astronomical Low Tide,Z,52,VERMILION,22052,LCH,18-FEB-19 05:30:00,CST-6,18-FEB-19 09:30:00,0,0,0,0,0.00K,0.00K,Other Federal Agency,NA,NA,NA,NA,NA,NA,NA,NA,NA,NA,NA,NA,NA,NA,NA,NA,NA,NA,NA,NA,NA,Strong north wind behind a cold front pushed water below -1 foot MLLW along the Cameron and Vermilion Parish Coast.,North winds behind a cold front pushed the tide at Fresh Water Lock to -1.5 foot MLLW.,CSV
201902,6,758,201902,6,800,133764,800447,CALIFORNIA,6,2019,February,Astronomical Low Tide,Z,518,MOUNTAINS OF SAN BENITO COUNTY AND INTERIOR MONTEREY COUNTY INCLUDING PINNACLES NATIONAL PARK,06518,MTR,06-FEB-19 07:58:00,PST-8,06-FEB-19 08:00:00,0,0,0,0,0.00K,0.00K,Public,NA,NA,NA,NA,NA,NA,NA,NA,NA,NA,NA,NA,NA,NA,NA,NA,NA,NA,NA,NA,NA,A mid/upper low with a very cold airmass moved through in early February bringing snow to lower elevation peaks across the region prompting a rare Winter Weather Advisory. Junipero Serra Peak received around a foot of snow. Rainfall just ahead of this system also brought roadway flooding and minor debris flows.,Three inches of snow reported on Fremont Peak.,CSV
201903,1,300,201903,1,800,133664,799937,PENNSYLVANIA,42,2019,March,Astronomical Low Tide,Z,104,EASTERN MONTGOMERY,42104,PHI,01-MAR-19 03:00:00,EST-5,01-MAR-19 08:00:00,0,0,0,0,0.00K,0.00K,Public,NA,NA,NA,NA,NA,NA,NA,NA,NA,NA,NA,NA,NA,NA,NA,NA,NA,NA,NA,NA,NA,"A fast moving weather system brought a short duration but fairly intense burst of snow to much of the mid-Atlantic. A widespread 2 to 4 inches of snow were observed, most of it within a 3 hour window.",A report was received of 2.0 inches of snow in Plymouth Meeting.,CSV
201905,31,1335,201905,31,1336,138201,830610,NORTH CAROLINA,37,2019,May,Astronomical Low Tide,Z,106,COASTAL PENDER,37106,ILM,31-MAY-19 13:35:00,EST-5,31-MAY-19 13:36:00,0,0,0,0,0.00K,0.00K,Trained Spotter,NA,NA,NA,NA,NA,NA,NA,NA,NA,NA,NA,NA,NA,NA,NA,NA,NA,NA,NA,NA,NA,A cold front produced large hail.,Quarter size hail was reported in Hampstead.,CSV
201902,15,700,201902,16,700,134635,806950,CALIFORNIA,6,2019,February,Astronomical Low Tide,Z,108,SOUTHERN TRINITY,06108,EKA,15-FEB-19 07:00:00,PST-8,16-FEB-19 07:00:00,0,0,0,0,0.00K,0.00K,CoCoRaHS,NA,NA,NA,NA,NA,NA,NA,NA,NA,NA,NA,NA,NA,NA,NA,NA,NA,NA,NA,NA,NA,"A series of upper troughs moved across northern California during mid February, which aided in maintaining a cold deep-layer airmass supportive of heavy mountain snow and coastal small hail.",Snow accumulation of 6 inches at an elevation of 2762 feet.,CSV
201912,17,100,201912,17,700,144195,869939,OHIO,39,2019,December,Astronomical Low Tide,Z,49,HARRISON,39049,PBZ,17-DEC-19 01:00:00,EST-5,17-DEC-19 07:00:00,0,0,0,0,0.00K,0.00K,Social Media,NA,NA,NA,NA,NA,NA,NA,NA,NA,NA,NA,NA,NA,NA,NA,NA,NA,NA,NA,NA,NA,"An initial shortwave ahead of a trough over the central CONUS crossed the region on December 16th.  Snow fell  initially, with accumulations of 1 to 3 inches reported by the morning hours.  However, a mix with freezing rain occurred as a warm layer developed aloft.  Generally light freezing rain accumulations of a tenth of an inch or less were reported, with the most notable icing occurring in Columbiana County.",A light glaze of icing was reported at Freeport.,CSV
201909,30,830,201909,30,1130,142791,857291,FLORIDA,12,2019,September,Astronomical Low Tide,Z,172,COASTAL BROWARD COUNTY,12172,MFL,30-SEP-19 08:30:00,EST-5,30-SEP-19 11:30:00,0,0,0,0,NA,0.00K,Social Media,NA,NA,NA,NA,NA,NA,NA,NA,NA,NA,NA,NA,NA,NA,NA,NA,NA,NA,NA,NA,NA,"Higher than normal astronomical tides associated with the new moon phase caused coastal flooding along portions of the east coast. This flooding was related to salt water inundation with sea water over-topping sea walls, docks, boat ramps and coming up out of storm drains.","Flooding of streets and waterfront parking lots during high tide in Hollywood,  mainly along Ocean Drive and the Intracoastal Waterway. ||Also, flooding of streets during high tide in the neighborhoods along and near East Las Olas Boulevard and Cordova Road in Fort Lauderdale. Water was in front yards and encroached on a few homes in this area.",CSV
202001,15,2200,202001,16,1500,145013,870783,CALIFORNIA,6,2020,January,Astronomical Low Tide,Z,106,SOUTHERN HUMBOLDT INTERIOR,06106,EKA,15-JAN-20 22:00:00,PST-8,16-JAN-20 15:00:00,0,0,0,0,0.00K,0.00K,Public,NA,NA,NA,NA,NA,NA,NA,NA,NA,NA,NA,NA,NA,NA,NA,NA,NA,NA,NA,NA,NA,"An upper trough amplified as it moved across the west coast. Widespread precipitation occurred with the trough including heavy mountain snow. In addition, freezing levels locally fell below 1000 feet across portions of Del Norte and Humboldt County resulting in numerous impacts associated with travel, tree damage, and power outages.",Public report of 6.5 inches of snow.,CSV
202011,30,600,202011,30,1200,154390,930143,TEXAS,48,2020,November,Astronomical Low Tide,Z,215,JEFFERSON,48215,LCH,30-NOV-20 06:00:00,CST-6,30-NOV-20 12:00:00,0,0,0,0,0.00K,0.00K,C-MAN Station,NA,NA,NA,NA,NA,NA,NA,NA,NA,NA,NA,NA,NA,NA,NA,NA,NA,NA,NA,NA,NA,Strong north winds behind a cold front pushed water levels below -1 foot MLLW along the coast.,The tide fell below -1 foot MLLW for several hours from strong north winds. The tide level fell to -2.39 feet MLLW at 9:50 AM at Sabine Pass.,CSV
202011,30,500,202011,30,1200,154389,930144,LOUISIANA,22,2020,November,Astronomical Low Tide,Z,74,EAST CAMERON,22074,LCH,30-NOV-20 05:00:00,CST-6,30-NOV-20 12:00:00,0,0,0,0,0.00K,0.00K,C-MAN Station,NA,NA,NA,NA,NA,NA,NA,NA,NA,NA,NA,NA,NA,NA,NA,NA,NA,NA,NA,NA,NA,Tide levels along the coast fell below -1 foot MLLW behind a strong cold front.,The tide fell below -1 foot MLLW for several hours from strong north winds. The tide level fell to -2.44 feet MLLW at 8:45 AM at Cameron.,CSV
202011,30,815,202011,30,1715,154389,930145,LOUISIANA,22,2020,November,Astronomical Low Tide,Z,54,ST. MARY,22054,LCH,30-NOV-20 08:15:00,CST-6,30-NOV-20 17:15:00,0,0,0,0,0.00K,0.00K,C-MAN Station,NA,NA,NA,NA,NA,NA,NA,NA,NA,NA,NA,NA,NA,NA,NA,NA,NA,NA,NA,NA,NA,Tide levels along the coast fell below -1 foot MLLW behind a strong cold front.,The tide fell below -1 foot MLLW for several hours from strong north winds across Vermilion Bay. The tide level fell to -1.76 feet MLLW at 12:30 PM at Cypremort Point.,CSV
202011,30,1100,202011,30,1700,154389,930146,LOUISIANA,22,2020,November,Astronomical Low Tide,Z,41,CALCASIEU,22041,LCH,30-NOV-20 11:00:00,CST-6,30-NOV-20 17:00:00,0,0,0,0,0.00K,0.00K,C-MAN Station,NA,NA,NA,NA,NA,NA,NA,NA,NA,NA,NA,NA,NA,NA,NA,NA,NA,NA,NA,NA,NA,Tide levels along the coast fell below -1 foot MLLW behind a strong cold front.,The tide fell below -1 foot MLLW for several hours from strong north winds at Lake Charles. The tide level fell to -1.35 feet MLLW at 2:00 PM at the Lake Charles Bulk Terminal.,CSV
202011,1,1400,202011,2,0,153920,926919,ALASKA,2,2020,November,Astronomical Low Tide,Z,201,WESTERN ARCTIC COAST,02201,AFG,01-NOV-20 14:00:00,AKST-9,02-NOV-20 00:00:00,0,0,0,0,0.00K,0.00K,SNOTEL,NA,NA,NA,NA,NA,NA,NA,NA,NA,NA,NA,NA,NA,NA,NA,NA,NA,NA,NA,NA,NA,Low pressure moving east across the Beaufort Sea pushed a weather front across the North Slope and Northeast Brooks Range. This resulted in significant upslope snowfall along the northeast Brooks Range.,Significant snow fell from along the north slopes of the Brooks Range from the Dalton Highway eastward. The University of Alaska Toolik Field Camp SNOTEL reported 13 inches of snow in less than 24 hours and the Alaska DOT reported very poor driving conditions along the Dalton Highway.,CSV
202008,4,1200,202008,5,2228,152460,918488,NEW HAMPSHIRE,33,2020,August,Astronomical Low Tide,Z,7,SULLIVAN,33007,GYX,04-AUG-20 12:00:00,EST-5,05-AUG-20 22:28:00,0,0,0,0,NA,NA,Law Enforcement,NA,NA,NA,NA,NA,NA,NA,NA,NA,NA,NA,NA,NA,NA,NA,NA,NA,NA,NA,NA,NA,"Tropical Storm Isaias was the first tropical storm to impact New Hampshire since 2011.  The center of the storm tracked west of the state, keeping the flooding rain associated with the storm across New York.  The primary impacts the storm brought to New Hampshire were gusty winds with widespread reports of wind gusts in the mid to upper 40s.  Numerous trees and branches were brought down with scattered power outages across the state.  An area of enhanced damage was concentrated in Carroll County as a squall line pushed through the region.  Concentrated tree damage toppled 100s of trees with one fatality being reported as a large crashed into the home. Overall storm impacts were brief with a period of gusty winds from the south to southeast on the evening of August 4th causing most of the damage.  There was no coastal flooding reported as the relatively minor storm surge of around a foot coincided at the time of low tide on the New Hampshire coast.",Tropical Storm Isaias brought moderate impacts to Sullivan County with scattered reports of trees and branches down leading to scattered power outages. Some damage occurred within an outer feeder band during the early and middle afternoon across the western half of the county. Isolated wind damage occurred during the evening hours when Isaias made its closest approach. Overall power outages for the county remained low with  15% of the county without power. No flooding was reported.,CSV
202011,30,500,202011,30,1200,154389,930142,LOUISIANA,22,2020,November,Astronomical Low Tide,Z,73,WEST CAMERON,22073,LCH,30-NOV-20 05:00:00,CST-6,30-NOV-20 12:00:00,0,0,0,0,0.00K,0.00K,C-MAN Station,NA,NA,NA,NA,NA,NA,NA,NA,NA,NA,NA,NA,NA,NA,NA,NA,NA,NA,NA,NA,NA,Tide levels along the coast fell below -1 foot MLLW behind a strong cold front.,The tide fell below -1 foot MLLW for several hours from strong north winds. The tide level fell to -2.44 feet MLLW at 8:45 AM at Cameron.,CSV
202009,21,1330,202009,21,1415,153056,921718,FLORIDA,12,2020,September,Astronomical Low Tide,Z,125,COASTAL DUVAL,12125,JAX,21-SEP-20 13:30:00,EST-5,21-SEP-20 14:15:00,0,0,0,0,0.00K,0.00K,NWS Storm Survey,NA,NA,NA,NA,NA,NA,NA,NA,NA,NA,NA,NA,NA,NA,NA,NA,NA,NA,NA,NA,NA,Surface high pressure centered over New England will shifted south which continued strong northeasterly flow over the region. A more stable and drier airmass was in place which produced less widespread shower activity moving onshore compared to previous couple of days. Gusty northeasterly winds continued with the highest gusts 40-45 mph along the immediate northeast Florida coast. A wind advisory was in effect through the day for coastal northeast Florida.,"At 1300, a NWS employee reported River Road along Riverfront Park and near Landon Park including portions of San Marco Ave. were flooded in the Riverside area of Jacksonville. Wakes from vehicles driving through the tidal flooding impacted some structures. At 1345, a NWS employee reported that Palm Ave and Cedar Street hade tidal flooding across the streets. At 1430, a NWS employee reported street flooding along South Shores Road and Guilford Road in the South Hampton neighborhood of Jacksonville along the east bank of the St. Johns river, just east of downtown Jacksonville. Several drainage canals between properties were over bank-full. Water levels at the time of the observation were about 2 ft lower than when Hurricane Irma surge impacted the neighborhood in 2017 and caused major flooding. At 1436, the tide gauge at the Mainstreet Bridge in downtown Jacksonville measured a total water rise of 2.02 ft MHHW datum. This was within the moderate flood category for this site. Also around 1436, a NWS employee  reported that near the Marsh Hammock area just north  of J. Turner Blvd and east of San Pablo Blvd there was total water rise of 2.5 ft MHHW datum. Yards and docks were flooded. At 1445, a NWS survey reported that Pottsburg Creek was well out of bank-full and flooded the parking lot at the boat ramp. Flood water was up to the side of a sporting goods store in the parking lot. At 1515, the public reported tidal flooding along Lakeside Drive in the Ortega River area around high tide. Water covered the property and surrounding area along the 4300 block of Lakeside Drive.",CSV
202009,22,1445,202009,22,1612,153192,922414,MAINE,23,2020,September,Astronomical Low Tide,Z,24,COASTAL CUMBERLAND,23024,GYX,22-SEP-20 14:45:00,EST-5,22-SEP-20 16:12:00,0,0,0,0,5.00K,0.00K,Emergency Manager,NA,NA,NA,NA,NA,NA,NA,NA,NA,NA,NA,NA,NA,NA,NA,NA,NA,NA,NA,NA,NA,"Hurricane Teddy underwent extra-tropical transition to a strong 951 mb storm well off shore in the Gulf of Maine before moving north north towards Halifax, Nova Scotia. This powerful cyclone coincided with astronomically high tides.  Although winds were offshore, large, long period swell entered the Gulf of Maine leading to splash-over along the southern coast of Maine.",The astronomical tide in Portland of 10.8 feet combined with a storm surge of 1.3 feet at high tide to reach a 12.1 foot storm tide during the mid afternoon hours. Flood stage in Portland is 12.0 feet (MLLW).  The tide remained above flood stage for 30 minutes at the Portland tide gage.  The waves took down a fence at Higgin���s Beach in Scarborough with minor flooding reported along the wharf streets in Portland.,CSV
202009,21,0,202009,23,2359,152770,920227,TEXAS,48,2020,September,Astronomical Low Tide,Z,436,MATAGORDA ISLANDS,48436,HGX,21-SEP-20 00:00:00,CST-6,23-SEP-20 23:59:00,0,0,0,0,0.00K,0.00K,Emergency Manager,NA,NA,NA,NA,NA,NA,NA,NA,NA,NA,NA,NA,NA,NA,NA,NA,NA,NA,NA,NA,NA,"Tropical Storm Beta made landfall near Matagorda bay on September 21. As the system pushed slowly inland, portions of SE Texas experienced flash flooding from heavy rain bands, storm surge, and some strong wind gusts. Storm surge was enhanced by long fetch of northeast winds over Gulf behind a cold front. 20 to 25 homes were damaged from high water along portions of Clear Creek and Lower Brays Bayous.",Roads were impassable due to storm surge flooding near Matagorda Beach. Beach erosion occurred along Matagorda Beach.,CSV
202012,14,430,202012,17,1230,155022,934808,TEXAS,48,2020,December,Astronomical Low Tide,Z,215,JEFFERSON,48215,LCH,14-DEC-20 04:30:00,CST-6,17-DEC-20 12:30:00,0,0,0,0,0.00K,0.00K,C-MAN Station,NA,NA,NA,NA,NA,NA,NA,NA,NA,NA,NA,NA,NA,NA,NA,NA,NA,NA,NA,NA,NA,Multiple days of north wind behind a cold front pushed the water level along the coast below normal for 4 tide cycles. The water levels fell below -1 foot MLLW at each low tide.,The tide fell below -1 foot MLLW at Sabine Pass for 4 consecutive low tides. The water level reached a minimum of -1.95 feet during the 14th.,CSV
202012,24,330,202012,25,1000,155024,934809,LOUISIANA,22,2020,December,Astronomical Low Tide,Z,74,EAST CAMERON,22074,LCH,24-DEC-20 03:30:00,CST-6,25-DEC-20 10:00:00,0,0,0,0,0.00K,0.00K,C-MAN Station,NA,NA,NA,NA,NA,NA,NA,NA,NA,NA,NA,NA,NA,NA,NA,NA,NA,NA,NA,NA,NA,A cold front moved through the region during the 23rd and pushed the water levels down along the coast into Christmas Day.,The water level at Cameron fell below -1 foot MLLW for 2 consecutive low tide cycles. The tide fell to a minimum of -2.05 feet MLLW.,CSV
202012,24,330,202012,25,1000,155024,934810,LOUISIANA,22,2020,December,Astronomical Low Tide,Z,73,WEST CAMERON,22073,LCH,24-DEC-20 03:30:00,CST-6,25-DEC-20 10:00:00,0,0,0,0,0.00K,0.00K,C-MAN Station,NA,NA,NA,NA,NA,NA,NA,NA,NA,NA,NA,NA,NA,NA,NA,NA,NA,NA,NA,NA,NA,A cold front moved through the region during the 23rd and pushed the water levels down along the coast into Christmas Day.,The water level at Cameron fell below -1 foot MLLW for 2 consecutive low tide cycles. The tide fell to a minimum of -2.05 feet MLLW.,CSV
202012,24,1330,202012,24,2100,155024,934811,LOUISIANA,22,2020,December,Astronomical Low Tide,Z,54,ST. MARY,22054,LCH,24-DEC-20 13:30:00,CST-6,24-DEC-20 21:00:00,0,0,0,0,0.00K,0.00K,C-MAN Station,NA,NA,NA,NA,NA,NA,NA,NA,NA,NA,NA,NA,NA,NA,NA,NA,NA,NA,NA,NA,NA,A cold front moved through the region during the 23rd and pushed the water levels down along the coast into Christmas Day.,The tide level at Cypremort Point fell to -1.43 feet MLLW.,CSV
202012,24,330,202012,25,1030,155026,934813,TEXAS,48,2020,December,Astronomical Low Tide,Z,215,JEFFERSON,48215,LCH,24-DEC-20 03:30:00,CST-6,25-DEC-20 10:30:00,0,0,0,0,0.00K,0.00K,C-MAN Station,NA,NA,NA,NA,NA,NA,NA,NA,NA,NA,NA,NA,NA,NA,NA,NA,NA,NA,NA,NA,NA,A cold front moved through the region during the 23rd and pushed the water levels down along the coast into Christmas Day.,The tide level at Sabine Pass fell below -1 foot MLLW for 2 consecutive low tides. The tide reached a minimum of -2.25 feet.,CSV
202012,14,400,202012,17,1200,155020,934803,LOUISIANA,22,2020,December,Astronomical Low Tide,Z,74,EAST CAMERON,22074,LCH,14-DEC-20 04:00:00,CST-6,17-DEC-20 12:00:00,0,0,0,0,0.00K,0.00K,C-MAN Station,NA,NA,NA,NA,NA,NA,NA,NA,NA,NA,NA,NA,NA,NA,NA,NA,NA,NA,NA,NA,NA,Multiple days of north wind behind a cold front pushed the water level along the coast below normal for 4 tide cycles. The water levels fell below -1 foot MLLW at each low tide.,The tide at Cameron fell below -1 foot MLLW for 4 consecutive low tides. The lowest tide hit -2.08 feet on the 14th.,CSV
202012,14,400,202012,17,1200,155020,934804,LOUISIANA,22,2020,December,Astronomical Low Tide,Z,73,WEST CAMERON,22073,LCH,14-DEC-20 04:00:00,CST-6,17-DEC-20 12:00:00,0,0,0,0,0.00K,0.00K,C-MAN Station,NA,NA,NA,NA,NA,NA,NA,NA,NA,NA,NA,NA,NA,NA,NA,NA,NA,NA,NA,NA,NA,Multiple days of north wind behind a cold front pushed the water level along the coast below normal for 4 tide cycles. The water levels fell below -1 foot MLLW at each low tide.,The tide at Cameron fell below -1 foot MLLW for 4 consecutive low tides. The lowest tide hit -2.08 feet on the 14th.,CSV
202012,14,900,202012,14,1400,155020,934806,LOUISIANA,22,2020,December,Astronomical Low Tide,Z,54,ST. MARY,22054,LCH,14-DEC-20 09:00:00,CST-6,14-DEC-20 14:00:00,0,0,0,0,0.00K,0.00K,C-MAN Station,NA,NA,NA,NA,NA,NA,NA,NA,NA,NA,NA,NA,NA,NA,NA,NA,NA,NA,NA,NA,NA,Multiple days of north wind behind a cold front pushed the water level along the coast below normal for 4 tide cycles. The water levels fell below -1 foot MLLW at each low tide.,The tide at Cypremort Point fell below -1 foot MLLW during the 14th. The tide reached a minimal of -1.26 feet.,CSV
202104,28,0,202104,29,2100,158052,955390,CALIFORNIA,6,2021,April,Astronomical Low Tide,Z,65,SAN GORGONIO PASS NEAR BANNING,06065,SGX,28-APR-21 00:00:00,PST-8,29-APR-21 21:00:00,0,0,0,0,0.00K,0.00K,Mesonet,NA,NA,NA,NA,NA,NA,NA,NA,NA,NA,NA,NA,NA,NA,NA,NA,NA,NA,NA,NA,NA,An area of upper-level high pressure centered over Southern California brought record-breaking heat across the region April 29th and 30th.,The region saw high temperatures from 95-105 degrees.,CSV
202104,1,0,202104,3,0,157991,954855,CALIFORNIA,6,2021,April,Astronomical Low Tide,Z,65,SAN GORGONIO PASS NEAR BANNING,06065,SGX,01-APR-21 00:00:00,PST-8,03-APR-21 00:00:00,0,0,0,0,0.00K,0.00K,Mesonet,NA,NA,NA,NA,NA,NA,NA,NA,NA,NA,NA,NA,NA,NA,NA,NA,NA,NA,NA,NA,NA,"An area of upper-level high pressure centered over the southwestern U.S. led to well-above average temperatures across Southern California, as well as elevated thunderstorm convection. Fog along the coast caused travel disruptions.",The area saw temperatures near 90 degrees.,CSV
202102,1,1100,202102,1,1400,156284,943268,LOUISIANA,22,2021,February,Astronomical Low Tide,Z,73,WEST CAMERON,22073,LCH,01-FEB-21 11:00:00,CST-6,01-FEB-21 14:00:00,0,0,0,0,0.00K,0.00K,C-MAN Station,NA,NA,NA,NA,NA,NA,NA,NA,NA,NA,NA,NA,NA,NA,NA,NA,NA,NA,NA,NA,NA,The tides along the coast of Southwest and South Central Louisiana fell below -1 foot MLLW for multiple hours behind a strong cold front.,The tide station at Cameron recorded a level at or below -1 foot MLLW for multiple hours hitting a low of -1.39 MLLW.,CSV
202102,12,1015,202102,12,1130,156289,943337,TEXAS,48,2021,February,Astronomical Low Tide,Z,215,JEFFERSON,48215,LCH,12-FEB-21 10:15:00,CST-6,12-FEB-21 11:30:00,0,0,0,0,0.00K,0.00K,C-MAN Station,NA,NA,NA,NA,NA,NA,NA,NA,NA,NA,NA,NA,NA,NA,NA,NA,NA,NA,NA,NA,NA,"The first in a series of Arctic Cold Fronts arrived during the 12th pushing tide levels down along the coast, however the subfreezing temperatures and winter weather did not arrive until the 14th. The event on the 14th began at many places as a light glaze of freezing rain, but quickly changed over to sleet or snow. Another round of winter weather occurred on the 17th, however this round was mainly freezing rain. The long duration event set many records in the area and rivaled the historic freezes of the region. The event was likely the longest and coldest since December 1989. Interior sections of Southeast Texas saw lows in the single digits and mid teens were recorded at the coast during the coldest night.",The tide levels along the coast at Sabine Pass fell below -1 foot MLLW for around 1 hour. The minimum tide level fell to -1.1 MLLW.,CSV
202103,30,0,202103,31,2359,157303,950877,CALIFORNIA,6,2021,March,Astronomical Low Tide,Z,65,SAN GORGONIO PASS NEAR BANNING,06065,SGX,30-MAR-21 00:00:00,PST-8,31-MAR-21 23:59:00,0,0,0,0,0.00K,0.00K,RAWS,NA,NA,NA,NA,NA,NA,NA,NA,NA,NA,NA,NA,NA,NA,NA,NA,NA,NA,NA,NA,NA,"Another inside slider occurred at the end of the month, which produced more cool and windy weather across the mountains and deserts.",Gusty winds occurred across the region with Highland Springs RAWS peaking at 65 MPH.,CSV
202101,1,900,202101,1,1200,155549,938262,WEST VIRGINIA,54,2021,January,Astronomical Low Tide,Z,3,OHIO,54003,PBZ,01-JAN-21 09:00:00,EST-5,01-JAN-21 12:00:00,0,0,0,0,0.00K,0.00K,ASOS,NA,NA,NA,NA,NA,NA,NA,NA,NA,NA,NA,NA,NA,NA,NA,NA,NA,NA,NA,NA,NA,"Strong moisture advection combined with crossing low pressure to produce precipitation on January 1st. Subfreezing temperatures during the morning were slow to warm during the day, creating a period of freezing rain across the region.",The HLG ASOS reported .04 of flat ice accretion.,CSV
202101,23,0,202101,25,2000,155591,938543,CALIFORNIA,6,2021,January,Astronomical Low Tide,Z,58,SAN DIEGO COUNTY MOUNTAINS,06058,SGX,23-JAN-21 00:00:00,PST-8,25-JAN-21 20:00:00,0,0,0,0,0.00K,0.00K,COOP Observer,NA,NA,NA,NA,NA,NA,NA,NA,NA,NA,NA,NA,NA,NA,NA,NA,NA,NA,NA,NA,NA,"Very gusty winds came with a series of Pacific troughs that impacted the region on January 22nd-25th, with gusts near 60 MPH from the coast to the mountains. Small debris flows were also reported near burn areas along with heavy mountain snow.","Reports over one foot of snow fell across the area. A power outage occurred near the Mt. Laguna village on the 25th, according to a COOP observer.",CSV
202101,20,0,202101,20,1000,155234,939730,WEST VIRGINIA,54,2021,January,Astronomical Low Tide,Z,512,EASTERN PRESTON,54512,PBZ,20-JAN-21 00:00:00,EST-5,20-JAN-21 10:00:00,0,0,0,0,0.00K,0.00K,CoCoRaHS,NA,NA,NA,NA,NA,NA,NA,NA,NA,NA,NA,NA,NA,NA,NA,NA,NA,NA,NA,NA,NA,"A shortwave with an associated cold front crossed the region during the morning hours of January 20th.  Scattered to numerous snow showers were able to develop thanks to sufficient moisture in the dendritic growth layer, along with jet-assisted ascent. A few inches of snow were able to accumulate in some areas.",Four inches of snow accumulated to the north of Terra Alta.,CSV
202102,12,1000,202102,12,1100,156286,943332,LOUISIANA,22,2021,February,Astronomical Low Tide,Z,74,EAST CAMERON,22074,LCH,12-FEB-21 10:00:00,CST-6,12-FEB-21 11:00:00,0,0,0,0,0.00K,0.00K,C-MAN Station,NA,NA,NA,NA,NA,NA,NA,NA,NA,NA,NA,NA,NA,NA,NA,NA,NA,NA,NA,NA,NA,"The first in a series of Arctic Cold Fronts arrived during the 12th pushing tide levels down along the coast, however the subfreezing temperatures and winter weather did not arrive until the 14th. The event on the 14th began at many places as a light glaze of freezing rain, but quickly changed over to sleet or snow. Another round of winter weather occurred on the 17th, however this round was mainly freezing rain. The long duration event set many records in the area and rivaled the historic freezes of the region. The event was likely the longest and coldest since December 1989.",Strong north winds behind a cold front pushed tide levels below normal along the Cameron Parish coast. The tide fell below -1 foot MLLW for around 1 hour and hit a minimum of -1.06 MLLW.,CSV
202102,20,100,202102,20,1000,156526,945481,CALIFORNIA,6,2021,February,Astronomical Low Tide,Z,68,MT SHASTA/WESTERN PLUMAS COUNTY,06068,STO,20-FEB-21 01:00:00,PST-8,20-FEB-21 10:00:00,0,0,0,0,0.00K,0.00K,COOP Observer,NA,NA,NA,NA,NA,NA,NA,NA,NA,NA,NA,NA,NA,NA,NA,NA,NA,NA,NA,NA,NA,A shortwave trough brought a quick round of rain and mountain snow to interior California. Snow levels for this event were generally above 4500 feet with storm total snow reports ranging between 2 and 9 inches of new accumulation. This caused difficult travel conditions yet again with chain controls being hoisted and Interstate 80 holding traffic due to vehicular collisions.,"Manzanita and Mineral reported 4 inches of storm total snow, while Chester reported 5 inches.",CSV
202102,20,100,202102,20,1000,156526,945482,CALIFORNIA,6,2021,February,Astronomical Low Tide,Z,69,WEST SLOPE NORTHERN SIERRA NEVADA,06069,STO,20-FEB-21 01:00:00,PST-8,20-FEB-21 10:00:00,0,0,0,0,0.00K,0.00K,Department of Highways,NA,NA,NA,NA,NA,NA,NA,NA,NA,NA,NA,NA,NA,NA,NA,NA,NA,NA,NA,NA,NA,A shortwave trough brought a quick round of rain and mountain snow to interior California. Snow levels for this event were generally above 4500 feet with storm total snow reports ranging between 2 and 9 inches of new accumulation. This caused difficult travel conditions yet again with chain controls being hoisted and Interstate 80 holding traffic due to vehicular collisions.,"Caltrans reported 4 inches of storm total snow accumulation at Kingvale, 9 inches at Soda Springs, 11 inches at Donner Summit, and 4 inches of snow at Eagle Lakes . Report was completed at 0600 on February 14.",CSV
202102,20,100,202102,20,1000,156526,945483,CALIFORNIA,6,2021,February,Astronomical Low Tide,Z,69,WEST SLOPE NORTHERN SIERRA NEVADA,06069,STO,20-FEB-21 01:00:00,PST-8,20-FEB-21 10:00:00,0,0,0,0,0.00K,0.00K,Public,NA,NA,NA,NA,NA,NA,NA,NA,NA,NA,NA,NA,NA,NA,NA,NA,NA,NA,NA,NA,NA,A shortwave trough brought a quick round of rain and mountain snow to interior California. Snow levels for this event were generally above 4500 feet with storm total snow reports ranging between 2 and 9 inches of new accumulation. This caused difficult travel conditions yet again with chain controls being hoisted and Interstate 80 holding traffic due to vehicular collisions.,"Ski resorts across the Sierra Nevada reported between 2 and 8 inches of new snow. Bear Valley received 2 inches of snow, Dodge Ridge got 3 inches, Kirkwood and Squaw/Alpine each got 5 inches, Sierra-at-Tahoe, Sugar Bowl, Soda Springs, and Boreal got 6 inches, and Tahoe DOnner got 8.",CSV
202102,12,1000,202102,12,1130,156286,943334,LOUISIANA,22,2021,February,Astronomical Low Tide,Z,73,WEST CAMERON,22073,LCH,12-FEB-21 10:00:00,CST-6,12-FEB-21 11:30:00,0,0,0,0,0.00K,0.00K,C-MAN Station,NA,NA,NA,NA,NA,NA,NA,NA,NA,NA,NA,NA,NA,NA,NA,NA,NA,NA,NA,NA,NA,"The first in a series of Arctic Cold Fronts arrived during the 12th pushing tide levels down along the coast, however the subfreezing temperatures and winter weather did not arrive until the 14th. The event on the 14th began at many places as a light glaze of freezing rain, but quickly changed over to sleet or snow. Another round of winter weather occurred on the 17th, however this round was mainly freezing rain. The long duration event set many records in the area and rivaled the historic freezes of the region. The event was likely the longest and coldest since December 1989.",Strong north winds behind a cold front pushed tide levels below normal along the Cameron Parish coast. The tide fell below -1 foot MLLW for around 1 hour and hit a minimum of -1.06 MLLW.,CSV
202102,1,1100,202102,1,1400,156284,943269,LOUISIANA,22,2021,February,Astronomical Low Tide,Z,74,EAST CAMERON,22074,LCH,01-FEB-21 11:00:00,CST-6,01-FEB-21 14:00:00,0,0,0,0,0.00K,0.00K,C-MAN Station,NA,NA,NA,NA,NA,NA,NA,NA,NA,NA,NA,NA,NA,NA,NA,NA,NA,NA,NA,NA,NA,The tides along the coast of Southwest and South Central Louisiana fell below -1 foot MLLW for multiple hours behind a strong cold front.,The tide station at Cameron recorded a level at or below -1 foot MLLW for multiple hours hitting a low of -1.39 MLLW.,CSV
202102,1,1030,202102,1,1645,156284,943270,LOUISIANA,22,2021,February,Astronomical Low Tide,Z,54,ST. MARY,22054,LCH,01-FEB-21 10:30:00,CST-6,01-FEB-21 16:45:00,0,0,0,0,0.00K,0.00K,C-MAN Station,NA,NA,NA,NA,NA,NA,NA,NA,NA,NA,NA,NA,NA,NA,NA,NA,NA,NA,NA,NA,NA,The tides along the coast of Southwest and South Central Louisiana fell below -1 foot MLLW for multiple hours behind a strong cold front.,North winds behind a strong cold front pushed water levels below -1 foot MLLW for multiple hours at Cypremort Point and hitting a low of -1.29 MLLW.,CSV
202102,1,1130,202102,1,1400,156285,943271,TEXAS,48,2021,February,Astronomical Low Tide,Z,215,JEFFERSON,48215,LCH,01-FEB-21 11:30:00,CST-6,01-FEB-21 14:00:00,0,0,0,0,0.00K,0.00K,C-MAN Station,NA,NA,NA,NA,NA,NA,NA,NA,NA,NA,NA,NA,NA,NA,NA,NA,NA,NA,NA,NA,NA,A strong cold front caused north winds to push tides below normal for multiple hours along the coast.,The tide station at Sabine Pass recorded water levels below -1 foot MLLW for a few hours with a minimum level of -1.27 MLLW.,CSV
202106,15,1538,202106,15,1540,160101,967621,NORTH CAROLINA,37,2021,June,Astronomical Low Tide,Z,99,COLUMBUS,37099,ILM,15-JUN-21 15:38:00,EST-5,15-JUN-21 15:40:00,0,0,0,0,0.00K,0.00K,Public,NA,NA,NA,NA,NA,NA,NA,NA,NA,NA,NA,NA,NA,NA,NA,NA,NA,NA,NA,NA,NA,A strong cold front resulted in thunderstorms which produced hail and strong winds.,Quarter size hail was reported off of Crusoe Island Rd.,CSV
202108,30,1400,202108,30,2200,162618,982281,CALIFORNIA,6,2021,August,Astronomical Low Tide,Z,60,APPLE AND LUCERNE VALLEYS,06060,SGX,30-AUG-21 14:00:00,PST-8,30-AUG-21 22:00:00,0,0,0,0,0.00K,0.00K,Fire Department/Rescue,NA,NA,NA,NA,NA,NA,NA,NA,NA,NA,NA,NA,NA,NA,NA,NA,NA,NA,NA,NA,NA,"An influx of monsoonal moisture impacted portions of the southwestern U.S. from August 29th through 31st. This brought multiple thunderstorms from the deserts of Southern California all the way to the coast, where areas saw gusty winds, heavy rain, and frequent lightning. On August 30 and 31, severe thunderstorms impacted the Salton Sea and produce heavy rainfall. On August 31 a significant dust storm moved through the Coachella Valley and into the Borrego Deserts. On both days trees were reported downed in the lower Coachella Valley.",Some areas in the mountains experienced small wildfires due to lightning strikes from monsoon thunderstorms. These were put out fairly quickly by fire officials.,CSV
202108,30,1125,202108,30,1200,162618,982288,CALIFORNIA,6,2021,August,Astronomical Low Tide,Z,58,SAN DIEGO COUNTY MOUNTAINS,06058,SGX,30-AUG-21 11:25:00,PST-8,30-AUG-21 12:00:00,0,0,0,0,0.00K,0.00K,Mesonet,NA,NA,NA,NA,NA,NA,NA,NA,NA,NA,NA,NA,NA,NA,NA,NA,NA,NA,NA,NA,NA,"An influx of monsoonal moisture impacted portions of the southwestern U.S. from August 29th through 31st. This brought multiple thunderstorms from the deserts of Southern California all the way to the coast, where areas saw gusty winds, heavy rain, and frequent lightning. On August 30 and 31, severe thunderstorms impacted the Salton Sea and produce heavy rainfall. On August 31 a significant dust storm moved through the Coachella Valley and into the Borrego Deserts. On both days trees were reported downed in the lower Coachella Valley.",Pine Valley reports heavy rain in monsoon thunderstorms of 0.43 inches in a half hour.,CSV
202108,1,0,202108,31,2359,162941,983880,CALIFORNIA,6,2021,August,Astronomical Low Tide,Z,68,MT SHASTA/WESTERN PLUMAS COUNTY,06068,STO,01-AUG-21 00:00:00,PST-8,31-AUG-21 23:59:00,0,0,1,0,0.00K,0.00K,Park/Forest Service,NA,NA,NA,NA,NA,NA,NA,NA,NA,NA,NA,NA,NA,NA,NA,NA,NA,NA,NA,NA,NA,"The Dixie Fire started under drought conditions with hot weather, strong winds, and exceptionally dry vegetation in the area.","The Dixie Fire began in Butte County in the Feather River Canyon, CA the evening of July 14, 2021 and quickly spread. The fire eventually burned in five counties: Butte, Lassen, Plumas, Shasta and Tehama. This includes the Plumas National Forest, Lassen National Forest, and Lassen Volcanic National Park. The fire has burned 963,309 acres and caused evacuations and road closures through the area. 1,329 structures were destroyed and damaged 95 additional buildings as of 9,30,2021. 1 fatality was reported. The fire was not fully contained in the month of August.",CSV
202112,31,1950,202112,31,1950,165097,999278,CALIFORNIA,6,2021,December,Astronomical Low Tide,Z,65,SAN GORGONIO PASS NEAR BANNING,06065,SGX,31-DEC-21 19:50:00,PST-8,31-DEC-21 19:50:00,0,0,0,0,0.00K,0.00K,CoCoRaHS,NA,NA,NA,NA,NA,NA,NA,NA,NA,NA,NA,NA,NA,NA,NA,NA,NA,NA,NA,NA,NA,"Heavy precipitation occurred across northern portions of the SGX CWA from December 28-30. Widespread precipitation amounts greater than 1 inch occurred across Orange and San Bernardino Counties, with 2 to 3 feet of snow reported in the San Bernardino County Mountains.",Whitewater RAWS reported a peak wind gust of 68 mph.,CSV
202201,15,2130,202201,16,1345,166080,1004108,TEXAS,48,2022,January,Astronomical Low Tide,Z,215,JEFFERSON,48215,LCH,15-JAN-22 21:30:00,CST-6,16-JAN-22 13:45:00,0,0,0,0,0.00K,0.00K,C-MAN Station,NA,NA,NA,NA,NA,NA,NA,NA,NA,NA,NA,NA,NA,NA,NA,NA,NA,NA,NA,NA,NA,The tide dropped below -1 foot MLLW behind a strong cold front.,The tide fell below -1 foot MLLW for multiple hours during the evening of the 15th into the morning of the 16th. The tide fell to -3.09 feet MLLW during the event.,CSV
202201,2,730,202201,3,1230,166082,1004120,LOUISIANA,22,2022,January,Astronomical Low Tide,Z,74,EAST CAMERON,22074,LCH,02-JAN-22 07:30:00,CST-6,03-JAN-22 12:30:00,0,0,0,0,0.00K,0.00K,C-MAN Station,NA,NA,NA,NA,NA,NA,NA,NA,NA,NA,NA,NA,NA,NA,NA,NA,NA,NA,NA,NA,NA,Strong north winds behind a cold front pushed water levels below -1 foot MLLW for multiple low tide cycles.,"The Cameron tide gage fell below -1 foot MLLW for multiple hours. The water level fell to -2.82 feet, -1.5 feet, and -2.7 feet below MLLW during 3 consecutive tide cycles.",CSV
202201,3,700,202201,3,1145,166082,1004122,LOUISIANA,22,2022,January,Astronomical Low Tide,Z,54,ST. MARY,22054,LCH,03-JAN-22 07:00:00,CST-6,03-JAN-22 11:45:00,0,0,0,0,0.00K,0.00K,C-MAN Station,NA,NA,NA,NA,NA,NA,NA,NA,NA,NA,NA,NA,NA,NA,NA,NA,NA,NA,NA,NA,NA,Strong north winds behind a cold front pushed water levels below -1 foot MLLW for multiple low tide cycles.,The tide level at Eugene Island fell below -1 foot MLLW for multiple hours. The tide fell to -1.41 feet below MLLW at the lowest.,CSV
202201,15,2130,202201,16,1345,166083,1004125,LOUISIANA,22,2022,January,Astronomical Low Tide,Z,73,WEST CAMERON,22073,LCH,15-JAN-22 21:30:00,CST-6,16-JAN-22 13:45:00,0,0,0,0,0.00K,0.00K,C-MAN Station,NA,NA,NA,NA,NA,NA,NA,NA,NA,NA,NA,NA,NA,NA,NA,NA,NA,NA,NA,NA,NA,Strong north winds behind a cold front pushed the tide fell below -1 foot below MLLW at Cameron during the evening of the 15th into the morning of the 16th.,The tide fell below -1 foot MLLW behind a cold front and fell to a minimum of -3.06 feet below MLLW.,CSV
202201,15,2145,202201,16,1330,166083,1004130,LOUISIANA,22,2022,January,Astronomical Low Tide,Z,74,EAST CAMERON,22074,LCH,15-JAN-22 21:45:00,CST-6,16-JAN-22 13:30:00,0,0,0,0,0.00K,0.00K,C-MAN Station,NA,NA,NA,NA,NA,NA,NA,NA,NA,NA,NA,NA,NA,NA,NA,NA,NA,NA,NA,NA,NA,Strong north winds behind a cold front pushed the tide fell below -1 foot below MLLW at Cameron during the evening of the 15th into the morning of the 16th.,The tide fell below -1 foot MLLW behind a cold front and fell to a minimum of -3.06 feet below MLLW.,CSV
202201,2,800,202201,2,1130,166075,1004105,TEXAS,48,2022,January,Astronomical Low Tide,Z,215,JEFFERSON,48215,LCH,02-JAN-22 08:00:00,CST-6,02-JAN-22 11:30:00,0,0,0,0,0.00K,0.00K,C-MAN Station,NA,NA,NA,NA,NA,NA,NA,NA,NA,NA,NA,NA,NA,NA,NA,NA,NA,NA,NA,NA,NA,Tides dipped below -1 foot MLLW behind a strong cold front during two tide cycles.,The tide fell below -1 foot MLLW for multiple hours during the morning of the 2nd at Sabine Pass. The tide fell to -2.89 feet MLLW during the event.,CSV
202201,3,830,202201,3,1130,166075,1004106,TEXAS,48,2022,January,Astronomical Low Tide,Z,215,JEFFERSON,48215,LCH,03-JAN-22 08:30:00,CST-6,03-JAN-22 11:30:00,0,0,0,0,0.00K,0.00K,C-MAN Station,NA,NA,NA,NA,NA,NA,NA,NA,NA,NA,NA,NA,NA,NA,NA,NA,NA,NA,NA,NA,NA,Tides dipped below -1 foot MLLW behind a strong cold front during two tide cycles.,The tide fell below -1 foot MLLW for multiple hours during the morning of the 2nd at Sabine Pass. The tide fell to -2.46 feet MLLW during the event.,CSV
202201,2,730,202201,3,1345,166082,1004119,LOUISIANA,22,2022,January,Astronomical Low Tide,Z,73,WEST CAMERON,22073,LCH,02-JAN-22 07:30:00,CST-6,03-JAN-22 13:45:00,0,0,0,0,0.00K,0.00K,C-MAN Station,NA,NA,NA,NA,NA,NA,NA,NA,NA,NA,NA,NA,NA,NA,NA,NA,NA,NA,NA,NA,NA,Strong north winds behind a cold front pushed water levels below -1 foot MLLW for multiple low tide cycles.,"The Cameron tide gage fell below -1 foot MLLW for multiple hours. The water level fell to -2.82 feet, -1.5 feet, and -2.7 feet below MLLW during 3 consecutive tide cycles.",CSV
202202,28,1224,202202,28,1418,167004,1010569,TEXAS,48,2022,February,Astronomical Low Tide,Z,215,JEFFERSON,48215,LCH,28-FEB-22 12:24:00,CST-6,28-FEB-22 14:18:00,0,0,0,0,0.00K,0.00K,C-MAN Station,NA,NA,NA,NA,NA,NA,NA,NA,NA,NA,NA,NA,NA,NA,NA,NA,NA,NA,NA,NA,NA,A strong offshore flow developed behind a cold front which pushed the tide below -1 foot MLLW for a few hours.,The tide fell below -1 foot MLLW for a few hours behind a cold front and to a low of -1.11 foot.,CSV
202202,28,1142,202202,28,1430,167005,1010570,LOUISIANA,22,2022,February,Astronomical Low Tide,Z,73,WEST CAMERON,22073,LCH,28-FEB-22 11:42:00,CST-6,28-FEB-22 14:30:00,0,0,0,0,0.00K,0.00K,C-MAN Station,NA,NA,NA,NA,NA,NA,NA,NA,NA,NA,NA,NA,NA,NA,NA,NA,NA,NA,NA,NA,NA,A strong offshore flow developed behind a cold front which pushed the tide below -1 foot MLLW for a few hours.,Strong north winds pushed the tide below -1 foot MLLW for a few hours and to a low of -1.3 feet at Cameron.,CSV
202202,28,1142,202202,28,1430,167005,1010571,LOUISIANA,22,2022,February,Astronomical Low Tide,Z,74,EAST CAMERON,22074,LCH,28-FEB-22 11:42:00,CST-6,28-FEB-22 14:30:00,0,0,0,0,0.00K,0.00K,C-MAN Station,NA,NA,NA,NA,NA,NA,NA,NA,NA,NA,NA,NA,NA,NA,NA,NA,NA,NA,NA,NA,NA,A strong offshore flow developed behind a cold front which pushed the tide below -1 foot MLLW for a few hours.,Strong north winds pushed the tide below -1 foot MLLW for a few hours and to a low of -1.3 feet at Cameron.,CSV
202202,28,1030,202202,28,1436,167005,1010573,LOUISIANA,22,2022,February,Astronomical Low Tide,Z,52,VERMILION,22052,LCH,28-FEB-22 10:30:00,CST-6,28-FEB-22 14:36:00,0,0,0,0,0.00K,0.00K,C-MAN Station,NA,NA,NA,NA,NA,NA,NA,NA,NA,NA,NA,NA,NA,NA,NA,NA,NA,NA,NA,NA,NA,A strong offshore flow developed behind a cold front which pushed the tide below -1 foot MLLW for a few hours.,Strong north winds pushed the tide below -1 foot MLLW for a few hours and to a low of -1.65 feet at Fresh Water Lock.,CSV
202209,1,0,202209,5,2359,173206,1051846,TEXAS,48,2022,September,Astronomical Low Tide,Z,252,STARR,48252,BRO,01-SEP-22 00:00:00,CST-6,05-SEP-22 23:59:00,0,0,0,0,0.00K,0.00K,Drought Monitor,NA,NA,NA,NA,NA,NA,NA,NA,NA,NA,NA,NA,NA,NA,NA,NA,NA,NA,NA,NA,NA,"Although welcomed rainfall fell across much of the area in mid to late August, there remained a swath of Severe (D2) and Extreme (D3) Drought in Zapata and Starr Counties. Additional rain over Labor Day weekend was enough to reduce drought below Severe and Extreme conditions.",Severe (D2) and Extreme (D3) remained in extreme western Starr County near Falcon Lake State Park/Falcon Dam to start the month. An additional 0.5 to 3 of rain over Labor Day weekend (September 2nd/3rd/4th) eased drought levels below Severe (D2) by September 5th.,CSV
202202,13,854,202202,13,1448,167003,1010568,LOUISIANA,22,2022,February,Astronomical Low Tide,Z,52,VERMILION,22052,LCH,13-FEB-22 08:54:00,CST-6,13-FEB-22 14:48:00,0,0,0,0,0.00K,0.00K,C-MAN Station,NA,NA,NA,NA,NA,NA,NA,NA,NA,NA,NA,NA,NA,NA,NA,NA,NA,NA,NA,NA,NA,Strong north winds behind a cold front pushed tides below -1 foot MLLW for multiple hours along the Southwest Louisiana coast.,The tide at Fresh Water Lock fell below -1 foot MLLW for multiple hours and to a low of -2.62 feet.,CSV
202202,4,1654,202202,4,1824,167001,1010562,LOUISIANA,22,2022,February,Astronomical Low Tide,Z,73,WEST CAMERON,22073,LCH,04-FEB-22 16:54:00,CST-6,04-FEB-22 18:24:00,0,0,0,0,0.00K,0.00K,C-MAN Station,NA,NA,NA,NA,NA,NA,NA,NA,NA,NA,NA,NA,NA,NA,NA,NA,NA,NA,NA,NA,NA,A cold front moved through Louisiana early in the month creating low tides just below -1 foot MLLW.,The tide gage at Cameron fell to -1.11 foot MLLW during the event.,CSV
202202,4,1654,202202,4,1824,167001,1010563,LOUISIANA,22,2022,February,Astronomical Low Tide,Z,74,EAST CAMERON,22074,LCH,04-FEB-22 16:54:00,CST-6,04-FEB-22 18:24:00,0,0,0,0,0.00K,0.00K,C-MAN Station,NA,NA,NA,NA,NA,NA,NA,NA,NA,NA,NA,NA,NA,NA,NA,NA,NA,NA,NA,NA,NA,A cold front moved through Louisiana early in the month creating low tides just below -1 foot MLLW.,The tide gage at Cameron fell to -1.11 foot MLLW during the event.,CSV
202202,4,1542,202202,4,1900,167001,1010564,LOUISIANA,22,2022,February,Astronomical Low Tide,Z,52,VERMILION,22052,LCH,04-FEB-22 15:42:00,CST-6,04-FEB-22 19:00:00,0,0,0,0,0.00K,0.00K,Other Federal Agency,NA,NA,NA,NA,NA,NA,NA,NA,NA,NA,NA,NA,NA,NA,NA,NA,NA,NA,NA,NA,NA,A cold front moved through Louisiana early in the month creating low tides just below -1 foot MLLW.,The water level at Fresh Water Lock fell to -1.32 feet MLLW.,CSV
202202,13,1054,202202,13,1412,167002,1010565,TEXAS,48,2022,February,Astronomical Low Tide,Z,215,JEFFERSON,48215,LCH,13-FEB-22 10:54:00,CST-6,13-FEB-22 14:12:00,0,0,0,0,0.00K,0.00K,C-MAN Station,NA,NA,NA,NA,NA,NA,NA,NA,NA,NA,NA,NA,NA,NA,NA,NA,NA,NA,NA,NA,NA,A strong cold front moved into the gulf waters with strong offshore winds behind the boundary. The strong winds pushed the tides below -1 foot MLLW.,The tide at Sabine Pass fell below -1 foot MLLW for multiple hours and to a low of -1.45 feet.,CSV
202202,13,930,202202,13,1412,167003,1010566,LOUISIANA,22,2022,February,Astronomical Low Tide,Z,73,WEST CAMERON,22073,LCH,13-FEB-22 09:30:00,CST-6,13-FEB-22 14:12:00,0,0,0,0,0.00K,0.00K,C-MAN Station,NA,NA,NA,NA,NA,NA,NA,NA,NA,NA,NA,NA,NA,NA,NA,NA,NA,NA,NA,NA,NA,Strong north winds behind a cold front pushed tides below -1 foot MLLW for multiple hours along the Southwest Louisiana coast.,The tide at Cameron fell below -1 foot MLLW for multiple hours and to a low of -1.64 feet.,CSV
202202,13,930,202202,13,1412,167003,1010567,LOUISIANA,22,2022,February,Astronomical Low Tide,Z,74,EAST CAMERON,22074,LCH,13-FEB-22 09:30:00,CST-6,13-FEB-22 14:12:00,0,0,0,0,0.00K,0.00K,C-MAN Station,NA,NA,NA,NA,NA,NA,NA,NA,NA,NA,NA,NA,NA,NA,NA,NA,NA,NA,NA,NA,NA,Strong north winds behind a cold front pushed tides below -1 foot MLLW for multiple hours along the Southwest Louisiana coast.,The tide at Cameron fell below -1 foot MLLW for multiple hours and to a low of -1.64 feet.,CSV
202202,6,100,202202,8,600,167174,1011881,ALASKA,2,2022,February,Astronomical Low Tide,Z,206,N. BROOKS RNG E OF COLVILLE R,02206,AFG,06-FEB-22 01:00:00,AKST-9,08-FEB-22 06:00:00,0,0,0,0,0.00K,0.00K,Mesonet,NA,NA,NA,NA,NA,NA,NA,NA,NA,NA,NA,NA,NA,NA,NA,NA,NA,NA,NA,NA,NA,Strong winds over northern Alaska combined with an Arctic airmass led to very cold wind chill values over the Arctic Coast and the Brooks Range.,The Atigun Pass DOT mesonet station reported wind chill of -60 to -70 degrees F for a period of nearly 36 hours.,CSV
202204,7,2345,202204,8,220,168312,1019002,LOUISIANA,22,2022,April,Astronomical Low Tide,Z,73,WEST CAMERON,22073,LCH,07-APR-22 23:45:00,CST-6,08-APR-22 02:20:00,0,0,0,0,0.00K,0.00K,C-MAN Station,NA,NA,NA,NA,NA,NA,NA,NA,NA,NA,NA,NA,NA,NA,NA,NA,NA,NA,NA,NA,NA,A cold front moved through the region with strong north winds behind the boundary. These winds pushed the tide levels below normal.,The tide level at the at Cameron fell below -1 foot MLLW for multiple hours behind a cold front. The tide level fell to 1.26 foot below MLLW.,CSV
202204,7,2345,202204,8,220,168312,1019003,LOUISIANA,22,2022,April,Astronomical Low Tide,Z,74,EAST CAMERON,22074,LCH,07-APR-22 23:45:00,CST-6,08-APR-22 02:20:00,0,0,0,0,0.00K,0.00K,C-MAN Station,NA,NA,NA,NA,NA,NA,NA,NA,NA,NA,NA,NA,NA,NA,NA,NA,NA,NA,NA,NA,NA,A cold front moved through the region with strong north winds behind the boundary. These winds pushed the tide levels below normal.,The tide level at the at Cameron fell below -1 foot MLLW for multiple hours behind a cold front. The tide level fell to 1.26 foot below MLLW.,CSV
202204,9,30,202204,9,145,168312,1019004,LOUISIANA,22,2022,April,Astronomical Low Tide,Z,73,WEST CAMERON,22073,LCH,09-APR-22 00:30:00,CST-6,09-APR-22 01:45:00,0,0,0,0,0.00K,0.00K,C-MAN Station,NA,NA,NA,NA,NA,NA,NA,NA,NA,NA,NA,NA,NA,NA,NA,NA,NA,NA,NA,NA,NA,A cold front moved through the region with strong north winds behind the boundary. These winds pushed the tide levels below normal.,The tide level at Cameron fell to a low of -1.05 below MLLW.,CSV
202204,9,30,202204,9,145,168312,1019005,LOUISIANA,22,2022,April,Astronomical Low Tide,Z,74,EAST CAMERON,22074,LCH,09-APR-22 00:30:00,CST-6,09-APR-22 01:45:00,0,0,0,0,0.00K,0.00K,C-MAN Station,NA,NA,NA,NA,NA,NA,NA,NA,NA,NA,NA,NA,NA,NA,NA,NA,NA,NA,NA,NA,NA,A cold front moved through the region with strong north winds behind the boundary. These winds pushed the tide levels below normal.,The tide level at Cameron fell to a low of -1.05 below MLLW.,CSV
202204,7,2230,202204,8,245,168312,1019006,LOUISIANA,22,2022,April,Astronomical Low Tide,Z,52,VERMILION,22052,LCH,07-APR-22 22:30:00,CST-6,08-APR-22 02:45:00,0,0,0,0,0.00K,0.00K,Other Federal Agency,NA,NA,NA,NA,NA,NA,NA,NA,NA,NA,NA,NA,NA,NA,NA,NA,NA,NA,NA,NA,NA,A cold front moved through the region with strong north winds behind the boundary. These winds pushed the tide levels below normal.,Strong north winds pushed the tide level at Freshwater Lock below -1 foot below MLLW. The tide reached down to -1.48 foot below MLLW.,CSV
202204,9,20,202204,9,330,168312,1019007,LOUISIANA,22,2022,April,Astronomical Low Tide,Z,52,VERMILION,22052,LCH,09-APR-22 00:20:00,CST-6,09-APR-22 03:30:00,0,0,0,0,0.00K,0.00K,Other Federal Agency,NA,NA,NA,NA,NA,NA,NA,NA,NA,NA,NA,NA,NA,NA,NA,NA,NA,NA,NA,NA,NA,A cold front moved through the region with strong north winds behind the boundary. These winds pushed the tide levels below normal.,The tide level fell to -1.3 foot below MLLW behind a cold front at Freshwater Lock.,CSV
202204,8,0,202204,8,345,168314,1019008,TEXAS,48,2022,April,Astronomical Low Tide,Z,215,JEFFERSON,48215,LCH,08-APR-22 00:00:00,CST-6,08-APR-22 03:45:00,0,0,0,0,0.00K,0.00K,C-MAN Station,NA,NA,NA,NA,NA,NA,NA,NA,NA,NA,NA,NA,NA,NA,NA,NA,NA,NA,NA,NA,NA,Strong north winds behind a cold front dropped the tide level at Sabine Pass below -1 foot MLLW.,The tide level at Sabine Pass fell below -1 MLLW for multiple hours behind a cold front. The tide fell to -1.18 foot below MLLW during the event.,CSV
202203,12,1500,202203,12,1800,167439,1013327,NEW JERSEY,34,2022,March,Astronomical Low Tide,Z,108,EASTERN UNION,34108,OKX,12-MAR-22 15:00:00,EST-5,12-MAR-22 18:00:00,0,0,0,0,0.00K,0.00K,Public,NA,NA,NA,NA,NA,NA,NA,NA,NA,NA,NA,NA,NA,NA,NA,NA,NA,NA,NA,NA,NA,"An area of low pressure over the area during the morning of March 12, 2022 rapidly strengthened as it headed northeast along the Northeast coast. This produced high wind gusts in northeastern New Jersey during the afternoon hours.","Trees and wires were reported down by the public in Roselle Park, NJ at 400 PM Local Standard Time.",CSV
202203,12,1500,202203,12,1600,167441,1013332,NEW YORK,36,2022,March,Astronomical Low Tide,Z,177,NORTHERN NASSAU,36177,OKX,12-MAR-22 15:00:00,EST-5,12-MAR-22 16:00:00,0,0,0,0,0.00K,0.00K,Mesonet,NA,NA,NA,NA,NA,NA,NA,NA,NA,NA,NA,NA,NA,NA,NA,NA,NA,NA,NA,NA,NA,"An area of low pressure over the area during the morning of March 12, 2022 rapidly strengthened as it headed northeast along the Northeast coast. This produced high wind gusts in southeastern New York during the afternoon hours.","At 340 PM Local Standard Time, a measured wind gust of 58 mph was recorded at a mesonet station (Bayville Station) at an elevation of 45 feet above ground level, located at Matinecock Point in Glen Cove, NY.",CSV
202203,12,18,202203,12,800,167747,1015173,LOUISIANA,22,2022,March,Astronomical Low Tide,Z,74,EAST CAMERON,22074,LCH,12-MAR-22 00:18:00,CST-6,12-MAR-22 08:00:00,0,0,0,0,0.00K,0.00K,C-MAN Station,NA,NA,NA,NA,NA,NA,NA,NA,NA,NA,NA,NA,NA,NA,NA,NA,NA,NA,NA,NA,NA,Water levels along the coast of Southwest Louisiana fell well below normal behind a strong cold front.,Strong north winds pushed the tide at Cameron below -1 foot MLLW for multiple hours. The tide level fell to -2.43 feet MLLW.,CSV
202203,12,0,202203,12,1030,167747,1015174,LOUISIANA,22,2022,March,Astronomical Low Tide,Z,52,VERMILION,22052,LCH,12-MAR-22 00:00:00,CST-6,12-MAR-22 10:30:00,0,0,0,0,0.00K,0.00K,Other Federal Agency,NA,NA,NA,NA,NA,NA,NA,NA,NA,NA,NA,NA,NA,NA,NA,NA,NA,NA,NA,NA,NA,Water levels along the coast of Southwest Louisiana fell well below normal behind a strong cold front.,Strong north winds pushed the tide at Fresh Water Lock below -1 foot MLLW for multiple hours. The tide level fell to -4.34 feet MLLW.,CSV
202203,12,18,202203,12,800,167747,1015172,LOUISIANA,22,2022,March,Astronomical Low Tide,Z,73,WEST CAMERON,22073,LCH,12-MAR-22 00:18:00,CST-6,12-MAR-22 08:00:00,0,0,0,0,0.00K,0.00K,C-MAN Station,NA,NA,NA,NA,NA,NA,NA,NA,NA,NA,NA,NA,NA,NA,NA,NA,NA,NA,NA,NA,NA,Water levels along the coast of Southwest Louisiana fell well below normal behind a strong cold front.,Strong north winds pushed the tide at Cameron below -1 foot MLLW for multiple hours. The tide level fell to -2.43 feet MLLW.,CSV
202203,12,18,202203,12,700,167745,1015168,TEXAS,48,2022,March,Astronomical Low Tide,Z,215,JEFFERSON,48215,LCH,12-MAR-22 00:18:00,CST-6,12-MAR-22 07:00:00,0,0,0,0,0.00K,0.00K,C-MAN Station,NA,NA,NA,NA,NA,NA,NA,NA,NA,NA,NA,NA,NA,NA,NA,NA,NA,NA,NA,NA,NA,Water levels were pushed well below -1 MLLW behind a strong cold front.,Strong north winds pushed the tide at Sabine Pass below -1 foot MLLW for multiple hours. The tide level fell to -2.0 feet MLLW.,CSV
202208,2,0,202208,15,2359,172070,1044650,TEXAS,48,2022,August,Astronomical Low Tide,Z,251,INLAND KENEDY COUNTY,48251,BRO,02-AUG-22 00:00:00,CST-6,15-AUG-22 23:59:00,0,0,0,0,0.00K,0.00K,Drought Monitor,NA,NA,NA,NA,NA,NA,NA,NA,NA,NA,NA,NA,NA,NA,NA,NA,NA,NA,NA,NA,NA,"Severe (D2) Drought continued to expand in early August due to lack of significant rainfall, hot to very hot temperatures, along with low relative humidity values each afternoon.","Severe (D2) Drought entered Kenedy County to start the month of August. It stretched from approximately 2.7 miles west of Brooks County south to approximately 5 miles north of Armstrong and eastward to the coast. The drought then expanded to include much of western Inland Kenedy County, west of US-77, on August 9th. Abundant rainfall from an area of low pressure moving inland from the Gulf of Mexico over the weekend of August 12th, 13th, and 14th, allowed Severe (D2) drought to be taken out of Kenedy County with the August 16th update.",CSV
202208,4,1045,202208,6,800,173936,1054925,WASHINGTON,53,2022,August,Astronomical Low Tide,Z,35,UPPER COLUMBIA BASIN,53035,OTX,04-AUG-22 10:45:00,PST-8,06-AUG-22 08:00:00,0,0,0,0,935.00K,0.00K,Fire Department/Rescue,NA,NA,NA,NA,NA,NA,NA,NA,NA,NA,NA,NA,NA,NA,NA,NA,NA,NA,NA,NA,NA,Fire started from farm equipment working and field and quickly spread in the dry grasses by 25 MPH winds.,Farm equipment working a field sparked a wildfire that was quickly spread through grass fields by winds. It burned from August 4-6. It burned 2500 acres. Six homes and eight outbuildings were destroyed.,CSV
202212,23,445,202212,25,1200,176326,1070650,TEXAS,48,2022,December,Astronomical Low Tide,Z,215,JEFFERSON,48215,LCH,23-DEC-22 04:45:00,CST-6,25-DEC-22 12:00:00,0,0,0,0,0.00K,0.00K,C-MAN Station,NA,NA,NA,NA,NA,NA,NA,NA,NA,NA,NA,NA,NA,NA,NA,NA,NA,NA,NA,NA,NA,An Arctic high pressure system built into the region causing strong north winds to push out tides at the coast.,The tide at Sabine Pass fell below -1 foot MLLW during the early morning of the 23rd and reached a low of -3.32 feet. The tide also fell below -1 foot MLLW during the next 2 low tide cycles.,CSV
202212,23,445,202212,25,1223,176327,1070652,LOUISIANA,22,2022,December,Astronomical Low Tide,Z,73,WEST CAMERON,22073,LCH,23-DEC-22 04:45:00,CST-6,25-DEC-22 12:23:00,0,0,0,0,0.00K,0.00K,C-MAN Station,NA,NA,NA,NA,NA,NA,NA,NA,NA,NA,NA,NA,NA,NA,NA,NA,NA,NA,NA,NA,NA,An Arctic air mass built into the region behind a cold front. Strong north winds pushed the tides below -1 foot MLLW for multiple tide cycles.,The tide at Sabine Pass fell below -1 foot MLLW during the early morning of the 23rd and reached a low of -3.32 feet. The tide also fell below -1 foot MLLW during the next 2 low tide cycles and finally rose above after noon on the 25th at Cameron.,CSV
202212,23,505,202212,25,1223,176327,1070653,LOUISIANA,22,2022,December,Astronomical Low Tide,Z,74,EAST CAMERON,22074,LCH,23-DEC-22 05:05:00,CST-6,25-DEC-22 12:23:00,0,0,0,0,0.00K,0.00K,C-MAN Station,NA,NA,NA,NA,NA,NA,NA,NA,NA,NA,NA,NA,NA,NA,NA,NA,NA,NA,NA,NA,NA,An Arctic air mass built into the region behind a cold front. Strong north winds pushed the tides below -1 foot MLLW for multiple tide cycles.,The tide at Cameron fell below -1 foot MLLW during the early morning of the 23rd and reached a low of -3.11 feet. The tide also fell below -1 foot MLLW during the next 2 low tide cycles and finally rose above after noon on the 25th at Cameron.,CSV
202212,23,400,202212,24,1030,176327,1070654,LOUISIANA,22,2022,December,Astronomical Low Tide,Z,52,VERMILION,22052,LCH,23-DEC-22 04:00:00,CST-6,24-DEC-22 10:30:00,0,0,0,0,0.00K,0.00K,Other Federal Agency,NA,NA,NA,NA,NA,NA,NA,NA,NA,NA,NA,NA,NA,NA,NA,NA,NA,NA,NA,NA,NA,An Arctic air mass built into the region behind a cold front. Strong north winds pushed the tides below -1 foot MLLW for multiple tide cycles.,The tide at Freshwater Lock fell below -1 foot MLLW during the early morning of the 23rd and reached a low of -3.81 feet. The tide stayed below -1 foot MLLW through the next cycle.,CSV
202212,23,930,202212,24,1350,176327,1070655,LOUISIANA,22,2022,December,Astronomical Low Tide,Z,54,ST. MARY,22054,LCH,23-DEC-22 09:30:00,CST-6,24-DEC-22 13:50:00,0,0,0,0,0.00K,0.00K,C-MAN Station,NA,NA,NA,NA,NA,NA,NA,NA,NA,NA,NA,NA,NA,NA,NA,NA,NA,NA,NA,NA,NA,An Arctic air mass built into the region behind a cold front. Strong north winds pushed the tides below -1 foot MLLW for multiple tide cycles.,The tide at Cypremort Point fell below -1 foot MLLW during the early morning of the 23rd and reached a low of -2 feet. The tide also fell below -1 foot MLLW during the next tide cycle and finally rose above during the afternoon on the 24th.,CSV
202209,1,0,202209,5,2359,173206,1051845,TEXAS,48,2022,September,Astronomical Low Tide,Z,248,ZAPATA,48248,BRO,01-SEP-22 00:00:00,CST-6,05-SEP-22 23:59:00,0,0,0,0,0.00K,0.00K,Drought Monitor,NA,NA,NA,NA,NA,NA,NA,NA,NA,NA,NA,NA,NA,NA,NA,NA,NA,NA,NA,NA,NA,"Although welcomed rainfall fell across much of the area in mid to late August, there remained a swath of Severe (D2) and Extreme (D3) Drought in Zapata and Starr Counties. Additional rain over Labor Day weekend was enough to reduce drought below Severe and Extreme conditions.",Severe (D2) and Extreme (D3) drought remained over the central and southern portions of Zapata County to start the month. An additional 0.5 to 3 of rain over Labor Day weekend (September 2nd/3rd/4th) was enough to trim both Severe (D2) and Extreme (D3) drought out of the county by September 5th.,CSV
202212,8,1500,202212,9,200,176618,1072829,NEBRASKA,31,2022,December,Astronomical Low Tide,Z,14,DAKOTA,31014,FSD,08-DEC-22 15:00:00,CST-6,09-DEC-22 02:00:00,0,0,0,0,NA,NA,COOP Observer,NA,NA,NA,NA,NA,NA,NA,NA,NA,NA,NA,NA,NA,NA,NA,NA,NA,NA,NA,NA,NA,"A winter storm resulted in warm-air advection precipitation lifting from south to north across northeast Nebraska, northwest Iowa, southeast South Dakota, and southwest Minnesota during the afternoon and evening of December 8th and continuing into the early morning hours of December 9th. Initially, the precipitation fell as light freezing drizzle or rain, but quickly transitioned to snow. While light to moderate snow persisted for much of the evening, heavy snow fell in a narrow convective-like band where rates exceeded 2 to 3 inches per hour. Thunder-snow was also observed with very large (plate-like) aggregates. Within this band, which stretched from near Mitchell to Sioux Falls to Spencer, snowfall amounts exceeded 6 inches with some isolated areas picking up 9 to 10 inches. Light winds persisted throughout the event, so reductions in visibility were related to the snowfall rate.","Light freezing rain or drizzle resulted in a glaze of ice. Precipitation then quickly transitioned to snow, accumulating to 1.4 inches at the COOP site in Sioux City (KSUX).",CSV
202301,25,1100,202301,25,1330,177274,1077764,TEXAS,48,2023,January,Astronomical Low Tide,Z,215,JEFFERSON,48215,LCH,25-JAN-23 11:00:00,CST-6,25-JAN-23 13:30:00,0,0,0,0,0.00K,0.00K,C-MAN Station,NA,NA,NA,NA,NA,NA,NA,NA,NA,NA,NA,NA,NA,NA,NA,NA,NA,NA,NA,NA,NA,Low and high tidal variations from the 22nd through the 25th were forced by a pair of strong cold fronts and an area of low pressure.,The tide at Sabine Pass fell below -1 foot MLLW for over 2 hours and reached a minimum of -1.49 feet below MLLW.,CSV
202301,25,1040,202301,25,1430,177275,1077768,LOUISIANA,22,2023,January,Astronomical Low Tide,Z,74,EAST CAMERON,22074,LCH,25-JAN-23 10:40:00,CST-6,25-JAN-23 14:30:00,0,0,0,0,0.00K,0.00K,C-MAN Station,NA,NA,NA,NA,NA,NA,NA,NA,NA,NA,NA,NA,NA,NA,NA,NA,NA,NA,NA,NA,NA,Low and high tidal variations occurred along the coast of Southwest Louisiana due to a pair of strong cold fronts and an area of low pressure.,The tide at Cameron fell below -1 foot MLLW for nearly 4 hours and reached a minimum of -1.77 feet below MLLW at Cameron.,CSV
202301,24,2100,202301,24,2300,177275,1077776,LOUISIANA,22,2023,January,Astronomical Low Tide,Z,52,VERMILION,22052,LCH,24-JAN-23 21:00:00,CST-6,24-JAN-23 23:00:00,0,0,0,0,0.00K,0.00K,Other Federal Agency,NA,NA,NA,NA,NA,NA,NA,NA,NA,NA,NA,NA,NA,NA,NA,NA,NA,NA,NA,NA,NA,Low and high tidal variations occurred along the coast of Southwest Louisiana due to a pair of strong cold fronts and an area of low pressure.,Strong south winds forced the water level at Freshwater Lock up to 5.49 feet above MLLW ahead of a line of thunderstorms and area of low pressure.,CSV
202302,17,345,202302,17,830,178043,1082916,TEXAS,48,2023,February,Astronomical Low Tide,Z,215,JEFFERSON,48215,LCH,17-FEB-23 03:45:00,CST-6,17-FEB-23 08:30:00,0,0,0,0,0.00K,0.00K,C-MAN Station,NA,NA,NA,NA,NA,NA,NA,NA,NA,NA,NA,NA,NA,NA,NA,NA,NA,NA,NA,NA,NA,Winds behind a cold front pushed the tide levels below normal at Sabine Pass.,Strong north winds pushed tides to -2.15 feet below mean lower low water at Sabine Pass.,CSV
202302,17,345,202302,17,900,178044,1082918,LOUISIANA,22,2023,February,Astronomical Low Tide,Z,74,EAST CAMERON,22074,LCH,17-FEB-23 03:45:00,CST-6,17-FEB-23 09:00:00,0,0,0,0,0.00K,0.00K,C-MAN Station,NA,NA,NA,NA,NA,NA,NA,NA,NA,NA,NA,NA,NA,NA,NA,NA,NA,NA,NA,NA,NA,Strong north winds along the coast behind a cold front pushed tides below -1 foot MLLW for multiple hours along the coast of Cameron Parish.,Strong north winds pushed tides to -1.94 feet below mean lower low water at Cameron.,CSV
202301,22,900,202301,22,1200,177275,1077765,LOUISIANA,22,2023,January,Astronomical Low Tide,Z,73,WEST CAMERON,22073,LCH,22-JAN-23 09:00:00,CST-6,22-JAN-23 12:00:00,0,0,0,0,0.00K,0.00K,C-MAN Station,NA,NA,NA,NA,NA,NA,NA,NA,NA,NA,NA,NA,NA,NA,NA,NA,NA,NA,NA,NA,NA,Low and high tidal variations occurred along the coast of Southwest Louisiana due to a pair of strong cold fronts and an area of low pressure.,The tide at Cameron and Sabine Pass fell below -1 foot MLLW for approximately 3 hours and reached a minimum of -1.42 feet below MLLW at Cameron.,CSV
202301,22,900,202301,22,1100,177274,1077763,TEXAS,48,2023,January,Astronomical Low Tide,Z,215,JEFFERSON,48215,LCH,22-JAN-23 09:00:00,CST-6,22-JAN-23 11:00:00,0,0,0,0,0.00K,0.00K,C-MAN Station,NA,NA,NA,NA,NA,NA,NA,NA,NA,NA,NA,NA,NA,NA,NA,NA,NA,NA,NA,NA,NA,Low and high tidal variations from the 22nd through the 25th were forced by a pair of strong cold fronts and an area of low pressure.,The tide at Sabine Pass fell below -1 foot MLLW for 2 hours and reached a minimum of -1.24 feet below MLLW.,CSV
202308,29,1345,202308,29,1615,185505,1138561,FLORIDA,12,2023,August,Astronomical Low Tide,Z,76,MONROE/UPPER KEYS,12076,KEY,29-AUG-23 13:45:00,EST-5,29-AUG-23 16:15:00,0,0,0,0,0.00K,0.00K,Mesonet,NA,NA,NA,NA,NA,NA,NA,NA,NA,NA,NA,NA,NA,NA,NA,NA,NA,NA,NA,NA,NA,"The center of Hurricane Idalia passed about 165 nautical miles to the west of Key West on a northward path through the eastern Gulf of Mexico.  Tropical storm-force wind gusts occurred in squalls which passed mainly through portions of the Lower Florida Keys.  The maximum winds and rainfall occurred with the passage of one strong rainband which resulted in isolated fallen trees and tree limbs, isolated power outages primarily affecting a street block or two at a time. The combination of an approaching spring tide and strong southerly winds sustained just below tropical storm force resulted in storm tides ranging from 1.0 to 2.5 feet above MHHW along the oceanside.  Moderate to heavy ocean wave overwash and street flooding within a few oceanside neighborhoods on the southwest portion of Key West occurred within a few hours of high tide on the mornings of August 29th and 30th, 2023.","Brief tropical storm force wind gusts occurred over a portion of the Upper Florida Keys during the late afternoon hours of August 29, 2023.  No wind impacts were noted.  The maximum sustained winds were measured at 22 knots with gusts to 38 knots at an electrical substation in Tavernier, FL.",CSV
202301,25,1040,202301,25,1430,177275,1077766,LOUISIANA,22,2023,January,Astronomical Low Tide,Z,73,WEST CAMERON,22073,LCH,25-JAN-23 10:40:00,CST-6,25-JAN-23 14:30:00,0,0,0,0,0.00K,0.00K,C-MAN Station,NA,NA,NA,NA,NA,NA,NA,NA,NA,NA,NA,NA,NA,NA,NA,NA,NA,NA,NA,NA,NA,Low and high tidal variations occurred along the coast of Southwest Louisiana due to a pair of strong cold fronts and an area of low pressure.,The tide at Cameron and Sabine Pass fell below -1 foot MLLW for approximately 4 hours and reached a minimum of -1.77 feet below MLLW at Cameron.,CSV
202301,22,945,202301,22,1200,177275,1077767,LOUISIANA,22,2023,January,Astronomical Low Tide,Z,74,EAST CAMERON,22074,LCH,22-JAN-23 09:45:00,CST-6,22-JAN-23 12:00:00,0,0,0,0,0.00K,0.00K,C-MAN Station,NA,NA,NA,NA,NA,NA,NA,NA,NA,NA,NA,NA,NA,NA,NA,NA,NA,NA,NA,NA,NA,Low and high tidal variations occurred along the coast of Southwest Louisiana due to a pair of strong cold fronts and an area of low pressure.,The tide at Cameron fell below -1 foot MLLW for over 2 hours and reached a minimum of -1.42 feet below MLLW at Cameron.,CSV
202302,17,345,202302,17,900,178044,1082917,LOUISIANA,22,2023,February,Astronomical Low Tide,Z,73,WEST CAMERON,22073,LCH,17-FEB-23 03:45:00,CST-6,17-FEB-23 09:00:00,0,0,0,0,0.00K,0.00K,C-MAN Station,NA,NA,NA,NA,NA,NA,NA,NA,NA,NA,NA,NA,NA,NA,NA,NA,NA,NA,NA,NA,NA,Strong north winds along the coast behind a cold front pushed tides below -1 foot MLLW for multiple hours along the coast of Cameron Parish.,Strong north winds pushed tides to -2.15 feet below mean lower low water at Sabine Pass.,CSV
202307,4,835,202307,4,840,182249,1127638,NEW HAMPSHIRE,33,2023,July,Astronomical Low Tide,Z,7,SULLIVAN,33007,GYX,04-JUL-23 08:35:00,EST-5,04-JUL-23 08:40:00,0,0,0,0,0.00K,0.00K,Trained Spotter,NA,NA,NA,NA,NA,NA,NA,NA,NA,NA,NA,NA,NA,NA,NA,NA,NA,NA,NA,NA,NA,"On July 4, showers and thunderstorms developed across most of the state around noon.  The line of storms across southern New Hampshire contained localized downpours that dropped 2 to 3��� over a 3 hour period in Stoddard and Wolfeboro.  Additional flooding was reported in both of these towns during the early afternoon hours with road flooding and erosion damage being reported.  Across northern New Hampshire isolated thunderstorm downpours were estimated to drop up to 2��� in an hour in the rural mountains of Coos County and near Mount Moosilauke in the White Mountains National Forest.  Heavy rain showers and thunderstorms were isolated into the evening hours in the Connecticut River Valley but no additional flooding was reported in these areas.  In addition, a few isolated storms around the state become severe with sporadic tree damage due to wind damage, along with a few reports of low end severe hail.",A severe thunderstorm dropped hail the size of quarters in Claremont.,CSV
202309,30,1148,202309,30,1148,184624,1131056,FLORIDA,12,2023,September,Astronomical Low Tide,Z,132,EASTERN CLAY,12132,JAX,30-SEP-23 11:48:00,EDT-4,30-SEP-23 11:48:00,0,0,0,0,0.00K,0.00K,Other Federal Agency,NA,NA,NA,NA,NA,NA,NA,NA,NA,NA,NA,NA,NA,NA,NA,NA,NA,NA,NA,NA,NA,"Coastal hazard potential increased through the week as high astronomical spring tides coincided with a persistent onshore flow pattern. Coastal hazards include increasingly strong and frequent rip currents, beach erosion and minor to moderate tidal flooding along the coast, within the Intracoastal Waterway and St. Johns River basin.",The tide gage at the Buckman Bridge reached 1.75 MHH datum. Minor tidal flooding begins at 1.5 ft MHHW for this location.,CSV
202401,10,1838,202401,10,1908,190564,1171586,CONNECTICUT,9,2024,January,Astronomical Low Tide,Z,5,NORTHERN FAIRFIELD,09005,OKX,10-JAN-24 18:38:00,EST-5,10-JAN-24 19:08:00,0,0,0,0,0.00K,0.00K,Broadcast Media,NA,NA,NA,NA,NA,NA,NA,NA,NA,NA,NA,NA,NA,NA,NA,NA,NA,NA,NA,NA,NA,"A large low pressure system impacted the area late on January 9th and into the 10th with long duration persistent moderate to heavy rainfall. In addition to widespread river flooding, some localized areas of flash flooding occurred as the heaviest rainfall associated with convection moved through. Precipitable water values of 1.2-1.4 inches were record levels for early January. The anomalous moisture and heavy rainfall resulted in a widespread 2 - 4 inches of rainfall, much of it occurring over a several hour timeframe before the cold frontal passage. The Yantic River reached Major Flood Stage on January 10th at 9Z and continued to remain in Major flood stage until 2330Z.",The Yantic River remained in Major Flood Stage with a reported partial dam break in Fitchville as a result of heavy rain and snow melt.,CSV
202401,9,600,202401,15,915,188546,1158777,LOUISIANA,22,2024,January,Astronomical Low Tide,Z,252,LOWER VERMILION PARISH,22252,LCH,09-JAN-24 06:00:00,CST-6,15-JAN-24 09:15:00,0,0,0,0,0.00K,0.00K,Other Federal Agency,NA,NA,NA,NA,NA,NA,NA,NA,NA,NA,NA,NA,NA,NA,NA,NA,NA,NA,NA,NA,NA,A strong cold front passed the coast on the 8th pushing the tide 1 foot below MLLW on the 9th and 10th.,The tide fell to one foot below MLLW during multiple tide cycles. The tide fell to a low of -2.48 feet MLLW at Freshwater Lock.,CSV
202401,9,630,202401,10,1100,188545,1158767,TEXAS,48,2024,January,Astronomical Low Tide,Z,615,LOWER JEFFERSON COUNTY,48615,LCH,09-JAN-24 06:30:00,CST-6,10-JAN-24 11:00:00,0,0,0,0,0.00K,0.00K,C-MAN Station,NA,NA,NA,NA,NA,NA,NA,NA,NA,NA,NA,NA,NA,NA,NA,NA,NA,NA,NA,NA,NA,A strong cold front moved through during the 8th with north winds pushing tides down along the coast of Jefferson County on the 9th and 10th.,The tide fell to one foot below MLLW during multiple tide cycles. The tide fell to a low of -3 feet MLLW at Texas Point.,CSV
202401,9,630,202401,10,1100,188546,1158771,LOUISIANA,22,2024,January,Astronomical Low Tide,Z,73,WEST CAMERON,22073,LCH,09-JAN-24 06:30:00,CST-6,10-JAN-24 11:00:00,0,0,0,0,0.00K,0.00K,C-MAN Station,NA,NA,NA,NA,NA,NA,NA,NA,NA,NA,NA,NA,NA,NA,NA,NA,NA,NA,NA,NA,NA,A strong cold front passed the coast on the 8th pushing the tide 1 foot below MLLW on the 9th and 10th.,The tide fell to one foot below MLLW during multiple tide cycles. The tide fell to a low of -3 feet MLLW at Texas Point and -2.9 feet at Cameron.,CSV
202401,9,700,202401,10,1030,188546,1158774,LOUISIANA,22,2024,January,Astronomical Low Tide,Z,74,EAST CAMERON,22074,LCH,09-JAN-24 07:00:00,CST-6,10-JAN-24 10:30:00,0,0,0,0,0.00K,0.00K,C-MAN Station,NA,NA,NA,NA,NA,NA,NA,NA,NA,NA,NA,NA,NA,NA,NA,NA,NA,NA,NA,NA,NA,A strong cold front passed the coast on the 8th pushing the tide 1 foot below MLLW on the 9th and 10th.,The tide fell to one foot below MLLW during multiple tide cycles. The tide fell to a low of -2.9 feet MLLW at Cameron.,CSV
202401,1,0,202401,31,2359,187763,1153079,ALABAMA,1,2024,January,Astronomical Low Tide,Z,1,LAUDERDALE,01001,HUN,01-JAN-24 00:00:00,CST-6,31-JAN-24 23:59:00,0,0,0,0,0.00K,0.00K,Drought Monitor,NA,NA,NA,NA,NA,NA,NA,NA,NA,NA,NA,NA,NA,NA,NA,NA,NA,NA,NA,NA,NA,"The U.S. Drought Monitor continued to improve ongoing drought conditions from November 2023 to now with abundant rainfall occurring in December and January. ||While no changes were made from the December 28th issuance for the first Drought Monitor issuance of 2024 on January 4th, rainfall across the area for the first half of January benefitted drought-stricken regions. Minor changes were noted to Extreme Drought (D3) locations in portions of Lawrence and Limestone Counties, but these were minimal. ||Much more improvement was noted by the issuance on the 18th, when Severe Drought (D2) Conditions expanded again from Central portions of the area, now with only slivers of D3 conditions in place across far southern Cullman/Dekalb Counties, and again from SW to NE across a sliver of Colbert and much of NW Lauderdale County. Elsewhere, Severe Drought (D2) Conditions remained except across portions of Morgan, Marshall, Madison, and Jackson Counties in AL, where Moderate Drought (D1) Conditions were present. ||Further improvement was noted by the issuance on the 25th, where conditions were degraded down to Abnormally Dry (D0) across portions of Jackson and Madison Counties. No changes were made elsewhere, with D2 and D3 conditions remaining in aforementioned locations. ||By the final issuance for the month of January on the 30th, all categories were reduced by one level, with no areas included in D3 for the first time in 3 months. With this issuance, all counties except portions of Colbert, Lauderdale, Marshall, and Dekalb Counties will be removed from having Drought Declarations from the Drought Monitor in Storm Data.","The U.S. Drought Monitor continued to improve ongoing drought conditions from November 2023 to now with abundant rainfall occurring in December and January. ||While no changes were made from the December 28th issuance for the first Drought Monitor issuance of 2024 on January 4th, rainfall across the area for the first half of January benefitted drought-stricken regions. Minor changes were noted to Extreme Drought (D3) locations in portions of Lawrence and Limestone Counties, but these were minimal. ||Much more improvement was noted by the issuance on the 18th, when Severe Drought (D2) Conditions expanded again from Central portions of the area, now with only slivers of D3 conditions in place across far southern Cullman/Dekalb Counties, and again from SW to NE across a sliver of Colbert and much of NW Lauderdale County. Elsewhere, Severe Drought (D2) Conditions remained except across portions of Morgan, Marshall, Madison, and Jackson Counties in AL, where Moderate Drought (D1) Conditions were present. ||Further improvement was noted by the issuance on the 25th, where conditions were degraded down to Abnormally Dry (D0) across portions of Jackson and Madison Counties. No changes were made elsewhere, with D2 and D3 conditions remaining in aforementioned locations. ||By the final issuance for the month of January on the 30th, all categories were reduced by one level, with no areas included in D3 for the first time in 3 months. With this issuance, all counties except portions of Colbert, Lauderdale, Marshall, and Dekalb Counties will be removed from having Drought Declarations from the Drought Monitor in Storm Data.",CSV
202401,19,700,202401,19,1900,188693,1160464,DELAWARE,10,2024,January,Astronomical Low Tide,Z,4,DELAWARE BEACHES,10004,PHI,19-JAN-24 07:00:00,EST-5,19-JAN-24 19:00:00,0,0,0,0,0.00K,0.00K,Mesonet,NA,NA,NA,NA,NA,NA,NA,NA,NA,NA,NA,NA,NA,NA,NA,NA,NA,NA,NA,NA,NA,A winter storm brought widespread light to moderate snowfall accumulations across the region. The heaviest snowfall occurred across the upper portion of the Delmarva peninsula with totals around 3 to 6. A coating of snow also occurred farther south with amounts around 1 to 3.,Snowfall totals ranged largely from around 1 to 2 across much of the zone. The highest snowfall report was from Lewes with 2.3.,CSV
202401,19,530,202401,19,1900,188693,1160462,DELAWARE,10,2024,January,Astronomical Low Tide,Z,3,INLAND SUSSEX,10003,PHI,19-JAN-24 05:30:00,EST-5,19-JAN-24 19:00:00,0,0,0,0,0.00K,0.00K,Public,NA,NA,NA,NA,NA,NA,NA,NA,NA,NA,NA,NA,NA,NA,NA,NA,NA,NA,NA,NA,NA,A winter storm brought widespread light to moderate snowfall accumulations across the region. The heaviest snowfall occurred across the upper portion of the Delmarva peninsula with totals around 3 to 6. A coating of snow also occurred farther south with amounts around 1 to 3.,Snowfall totals ranged largely from around 2 to 4 across much of the county. The highest snowfall report was from Milford with 5.0.,CSV
202408,19,300,202408,19,330,196197,1213950,NEW YORK,36,2024,August,Astronomical Low Tide,Z,79,NORTHEAST SUFFOLK,36079,OKX,19-AUG-24 03:00:00,EST-5,19-AUG-24 03:30:00,0,0,0,0,10.00M,0.00K,Emergency Manager,NA,NA,NA,NA,NA,NA,NA,NA,NA,NA,NA,NA,NA,NA,NA,NA,NA,NA,NA,NA,NA,"A frontal system over the area on August 18th and into the early morning hours of August 19th allowed for the development of multiple rounds of slow moving heavy thunderstorms which resulted in widespread significant to catastrophic flash flooding for portions of Southeast New York, specifically for the north shore of Long Island. Several rounds of rain moved through during the day on August 18th. By the afternoon, a line of thunderstorms moving in from the west interacted with several mesoscale boundaries and allowed the thunderstorms to intensify and train over Long Island during the overnight hours into early on August 19th. These thunderstorms produced rainfall rates of upwards of 3-5 inches per hour with total rainfall amounts of upwards of 10 inches, much of it falling over a 2-4 hour period. This resulted in numerous water rescues, several dam breaks, several road washouts, and significant damage to numerous buildings across the north shore of Long Island.",Upwards of 10 feet of water inundated a building of the Smithtown Public Library damaging historical documents and compromising walls.,CSV
202412,11,130,202412,11,900,198440,1228242,LOUISIANA,22,2024,December,Astronomical Low Tide,Z,252,LOWER VERMILION PARISH,22252,LCH,11-DEC-24 01:30:00,CST-6,11-DEC-24 09:00:00,0,0,0,0,0.00K,0.00K,Other Federal Agency,NA,NA,NA,NA,NA,NA,NA,NA,NA,NA,NA,NA,NA,NA,NA,NA,NA,NA,NA,NA,NA,Strong north winds behind a cold front pushed tide levels along the Louisiana coast below -1 foot MLLW.,Tide levels at Freshwater Lock fell below -1 foot below MLLW during the early morning hours of the 11th and reached down to -2.52 feet before rising back above -1 during the mid morning hours.,CSV
202412,11,230,202412,11,900,198440,1226868,LOUISIANA,22,2024,December,Astronomical Low Tide,Z,74,EAST CAMERON,22074,LCH,11-DEC-24 02:30:00,CST-6,11-DEC-24 09:00:00,0,0,0,0,0.00K,0.00K,C-MAN Station,NA,NA,NA,NA,NA,NA,NA,NA,NA,NA,NA,NA,NA,NA,NA,NA,NA,NA,NA,NA,NA,Strong north winds behind a cold front pushed tide levels along the Louisiana coast below -1 foot MLLW.,Tide levels at Cameron fell below -1 foot below MLLW during the early morning hours of the 11th and reached down to -2.37 feet before rising back above -1 during the mid morning hours.,CSV
202412,11,230,202412,11,900,198440,1228227,LOUISIANA,22,2024,December,Astronomical Low Tide,Z,73,WEST CAMERON,22073,LCH,11-DEC-24 02:30:00,CST-6,11-DEC-24 09:00:00,0,0,0,0,0.00K,0.00K,C-MAN Station,NA,NA,NA,NA,NA,NA,NA,NA,NA,NA,NA,NA,NA,NA,NA,NA,NA,NA,NA,NA,NA,Strong north winds behind a cold front pushed tide levels along the Louisiana coast below -1 foot MLLW.,Tide levels at Cameron fell below -1 foot below MLLW during the early morning hours of the 11th and reached down to -2.37 feet before rising back above -1 during the mid morning hours.,CSV
202412,11,605,202412,11,1330,198440,1228260,LOUISIANA,22,2024,December,Astronomical Low Tide,Z,253,LOWER IBERIA PARISH,22253,LCH,11-DEC-24 06:05:00,CST-6,11-DEC-24 13:30:00,0,0,0,0,0.00K,0.00K,C-MAN Station,NA,NA,NA,NA,NA,NA,NA,NA,NA,NA,NA,NA,NA,NA,NA,NA,NA,NA,NA,NA,NA,Strong north winds behind a cold front pushed tide levels along the Louisiana coast below -1 foot MLLW.,Tide levels at Cypremort Point fell below -1 foot below MLLW during the morning hours of the 11th and reached down to -1.56 feet before rising back above -1 during the afternoon hours.,CSV
202412,10,615,202412,10,1330,198440,1228262,LOUISIANA,22,2024,December,Astronomical Low Tide,Z,254,LOWER ST. MARY PARISH,22254,LCH,10-DEC-24 06:15:00,CST-6,10-DEC-24 13:30:00,0,0,0,0,0.00K,0.00K,C-MAN Station,NA,NA,NA,NA,NA,NA,NA,NA,NA,NA,NA,NA,NA,NA,NA,NA,NA,NA,NA,NA,NA,Strong north winds behind a cold front pushed tide levels along the Louisiana coast below -1 foot MLLW.,Tide levels at Eugene Island fell below -1 foot below MLLW during the morning hours of the 11th and reached down to -1.25 feet before rising back above -1 during the afternoon hours.,CSV
202412,11,230,202412,11,915,198671,1228267,TEXAS,48,2024,December,Astronomical Low Tide,Z,615,LOWER JEFFERSON COUNTY,48615,LCH,11-DEC-24 02:30:00,CST-6,11-DEC-24 09:15:00,0,0,0,0,0.00K,0.00K,C-MAN Station,NA,NA,NA,NA,NA,NA,NA,NA,NA,NA,NA,NA,NA,NA,NA,NA,NA,NA,NA,NA,NA,Strong north winds along the coast of Southeast Texas pushed water levels below -1 MLLW during the 11th.,The water level fell below -1 foot MLLW during the early morning hours and did not rise above until mid morning. The tide level at Sabine Pass fell to -2.23 feet MLLW.,CSV
202412,20,1300,202412,21,700,199147,1231261,NEW JERSEY,34,2024,December,Astronomical Low Tide,Z,104,EASTERN BERGEN,34104,OKX,20-DEC-24 13:00:00,EST-5,21-DEC-24 07:00:00,0,0,0,0,0.00K,0.00K,Trained Spotter,NA,NA,NA,NA,NA,NA,NA,NA,NA,NA,NA,NA,NA,NA,NA,NA,NA,NA,NA,NA,NA,"A progressive upper / mid level trough lead to low pressure moving across the Ohio Valley with a secondary low developing just off the coast. Temperatures were warm and above freezing much of the time along the coast, but often at or below freezing for mainly the northwestern interior. This led to an advisory level snowfall across a good portion of Northeast New Jersey zones.",A trained spotter reported 4.0 inches at 1 N River Vale and a Cocorahs observer reported 3.8 inches at 1.8 ESE Montvale.,CSV
202411,5,0,202411,30,2359,197206,1220078,TENNESSEE,47,2024,November,Astronomical Low Tide,Z,76,MOORE,47076,HUN,05-NOV-24 00:00:00,CST-6,30-NOV-24 23:59:00,0,0,0,0,0.00K,0.00K,Drought Monitor,NA,NA,NA,NA,NA,NA,NA,NA,NA,NA,NA,NA,NA,NA,NA,NA,NA,NA,NA,NA,NA,"From October, Extreme Drought (D3) Conditions expanded for portions of North Central Alabama and portions of Southern Middle Tennessee, lingering through the end of the month of November. This includes: Limestone and Madison Counties in Alabama, and Lincoln and Moore Counties in Tennessee.","From October, Extreme Drought (D3) Conditions expanded for portions of North Central Alabama and portions of Southern Middle Tennessee, lingering through the end of the month of November. This includes: Lincoln and Moore Counties in Tennessee.",CSV
202503,19,1100,202503,20,700,200994,1246914,LOUISIANA,22,2025,March,Astronomical Low Tide,Z,252,LOWER VERMILION PARISH,22252,LCH,19-MAR-25 11:00:00,CST-6,20-MAR-25 07:00:00,0,0,0,0,0.00K,0.00K,C-MAN Station,NA,NA,NA,NA,NA,NA,NA,NA,NA,NA,NA,NA,NA,NA,NA,NA,NA,NA,NA,NA,NA,A cold front moved across the region during the 19th with strong north winds pushing tides below normal into the next day.,Tides were pushed down below -1 foot MLLW for multiple hours at Freshwater Lock. The tide fell to -3.12 feet below MLLW.,CSV
202503,19,1015,202503,20,545,200994,1246912,LOUISIANA,22,2025,March,Astronomical Low Tide,Z,73,WEST CAMERON,22073,LCH,19-MAR-25 10:15:00,CST-6,20-MAR-25 05:45:00,0,0,0,0,0.00K,0.00K,C-MAN Station,NA,NA,NA,NA,NA,NA,NA,NA,NA,NA,NA,NA,NA,NA,NA,NA,NA,NA,NA,NA,NA,A cold front moved across the region during the 19th with strong north winds pushing tides below normal into the next day.,Tides were pushed down below -1 foot MLLW for multiple hours at Sabine Pass and Cameron. The tide fell to -2.57 feet below MLLW at Sabine Pass.,CSV
202501,10,1900,202501,11,800,199546,1234011,VIRGINIA,51,2025,January,Astronomical Low Tide,Z,88,SUSSEX,51088,AKQ,10-JAN-25 19:00:00,EST-5,11-JAN-25 08:00:00,0,0,0,0,1.00K,0.00K,Public,NA,NA,NA,NA,NA,NA,NA,NA,NA,NA,NA,NA,NA,NA,NA,NA,NA,NA,NA,NA,NA,The second winter storm to impact the region in less than a week. Widespread snow totals of 3-5 inches occurred during the overnight period of Jan 10 to 11 from the Piedmont near Chase City and Farmville eastward through the southern Richmond Metro and Williamsburg and into the Virginia Eastern Shore.,Snowfall ranged from 2 to 4 inches across Sussex county. 3.5 inches of snowfall was measured 2 NE of Waverly Virginia.,CSV
202501,11,430,202501,11,1030,199260,1232122,TEXAS,48,2025,January,Astronomical Low Tide,Z,615,LOWER JEFFERSON COUNTY,48615,LCH,11-JAN-25 04:30:00,CST-6,11-JAN-25 10:30:00,0,0,0,0,0.00K,0.00K,C-MAN Station,NA,NA,NA,NA,NA,NA,NA,NA,NA,NA,NA,NA,NA,NA,NA,NA,NA,NA,NA,NA,NA,Strong north winds behind a cold front pushed water levels below -1 foot MLLW in Sabine Lake during 2 tide cycles.,Strong north winds pushed tide level below -1 foot MLLW for multiple hours at Sabine Pass. The tide fell to -2.02 feet MLLW.,CSV
202501,13,900,202501,13,1100,199260,1232123,TEXAS,48,2025,January,Astronomical Low Tide,Z,615,LOWER JEFFERSON COUNTY,48615,LCH,13-JAN-25 09:00:00,CST-6,13-JAN-25 11:00:00,0,0,0,0,0.00K,0.00K,C-MAN Station,NA,NA,NA,NA,NA,NA,NA,NA,NA,NA,NA,NA,NA,NA,NA,NA,NA,NA,NA,NA,NA,Strong north winds behind a cold front pushed water levels below -1 foot MLLW in Sabine Lake during 2 tide cycles.,Strong north winds pushed tide level below -1 foot MLLW for multiple hours at Sabine Pass. The tide fell to -1.3 foot MLLW.,CSV
202501,11,430,202501,11,1030,199257,1232120,LOUISIANA,22,2025,January,Astronomical Low Tide,Z,74,EAST CAMERON,22074,LCH,11-JAN-25 04:30:00,CST-6,11-JAN-25 10:30:00,0,0,0,0,0.00K,0.00K,C-MAN Station,NA,NA,NA,NA,NA,NA,NA,NA,NA,NA,NA,NA,NA,NA,NA,NA,NA,NA,NA,NA,NA,Strong north winds pushed water levels in Calcasieu Lake below -1 foot MLLW for 2 tide cycles.,Strong north winds pushed tide level below -1 foot MLLW for multiple hours at Cameron. The tide fell to -1.88 foot MLLW.,CSV
202501,13,800,202501,13,1100,199257,1232121,LOUISIANA,22,2025,January,Astronomical Low Tide,Z,74,EAST CAMERON,22074,LCH,13-JAN-25 08:00:00,CST-6,13-JAN-25 11:00:00,0,0,0,0,0.00K,0.00K,C-MAN Station,NA,NA,NA,NA,NA,NA,NA,NA,NA,NA,NA,NA,NA,NA,NA,NA,NA,NA,NA,NA,NA,Strong north winds pushed water levels in Calcasieu Lake below -1 foot MLLW for 2 tide cycles.,Strong north winds pushed tide level below -1 foot MLLW for multiple hours at Cameron. The tide fell to -1.31 foot MLLW.,CSV
202503,9,315,202503,9,600,200929,1246905,LOUISIANA,22,2025,March,Astronomical Low Tide,Z,73,WEST CAMERON,22073,LCH,09-MAR-25 03:15:00,CST-6,09-MAR-25 06:00:00,0,0,0,0,0.00K,0.00K,C-MAN Station,NA,NA,NA,NA,NA,NA,NA,NA,NA,NA,NA,NA,NA,NA,NA,NA,NA,NA,NA,NA,NA,"An upper disturbance and cold front moved across the region. Scattered convection was associated with the system, but one storm became severe. Behind the cold front, strong north winds drove tides below normal.",Tides were pushed down below -1 foot MLLW for multiple hours at Sabine Pass and Cameron. The tide fell to -1.53 feet below MLLW at Cameron.,CSV
202503,9,500,202503,9,700,200929,1246908,LOUISIANA,22,2025,March,Astronomical Low Tide,Z,252,LOWER VERMILION PARISH,22252,LCH,09-MAR-25 05:00:00,CST-6,09-MAR-25 07:00:00,0,0,0,0,0.00K,0.00K,Other Federal Agency,NA,NA,NA,NA,NA,NA,NA,NA,NA,NA,NA,NA,NA,NA,NA,NA,NA,NA,NA,NA,NA,"An upper disturbance and cold front moved across the region. Scattered convection was associated with the system, but one storm became severe. Behind the cold front, strong north winds drove tides below normal.",Tides were pushed down below -1 foot MLLW for multiple hours Freshwater Lock. The tide fell to -1.74 feet below MLLW.,CSV
202503,9,315,202503,9,500,200992,1246910,TEXAS,48,2025,March,Astronomical Low Tide,Z,615,LOWER JEFFERSON COUNTY,48615,LCH,09-MAR-25 03:15:00,CST-6,09-MAR-25 05:00:00,0,0,0,0,0.00K,0.00K,C-MAN Station,NA,NA,NA,NA,NA,NA,NA,NA,NA,NA,NA,NA,NA,NA,NA,NA,NA,NA,NA,NA,NA,A cold front moved through during the 8th with strong north winds pushing tides below normal the next day.,Tides were pushed down below -1 foot MLLW for multiple hours at Sabine Pass. The tide fell to -1.5 feet below MLLW at Sabine Pass.,CSV
202503,19,1030,202503,20,530,200993,1246911,TEXAS,48,2025,March,Astronomical Low Tide,Z,615,LOWER JEFFERSON COUNTY,48615,LCH,19-MAR-25 10:30:00,CST-6,20-MAR-25 05:30:00,0,0,0,0,0.00K,0.00K,C-MAN Station,NA,NA,NA,NA,NA,NA,NA,NA,NA,NA,NA,NA,NA,NA,NA,NA,NA,NA,NA,NA,NA,A cold front moved through southeast Texas during the 19th with strong north winds pushing tides well below normal.,Tides were pushed down below -1 foot MLLW for multiple hours at Sabine Pass. The tide fell to -2.51 feet below MLLW at Sabine Pass.,CSV
202503,19,1030,202503,20,530,200994,1246913,LOUISIANA,22,2025,March,Astronomical Low Tide,Z,74,EAST CAMERON,22074,LCH,19-MAR-25 10:30:00,CST-6,20-MAR-25 05:30:00,0,0,0,0,0.00K,0.00K,C-MAN Station,NA,NA,NA,NA,NA,NA,NA,NA,NA,NA,NA,NA,NA,NA,NA,NA,NA,NA,NA,NA,NA,A cold front moved across the region during the 19th with strong north winds pushing tides below normal into the next day.,Tides were pushed down below -1 foot MLLW for multiple hours at Cameron. The tide fell to -2.51 feet below MLLW at Cameron.,CSV
202503,9,330,202503,9,600,200929,1246906,LOUISIANA,22,2025,March,Astronomical Low Tide,Z,74,EAST CAMERON,22074,LCH,09-MAR-25 03:30:00,CST-6,09-MAR-25 06:00:00,0,0,0,0,0.00K,0.00K,C-MAN Station,NA,NA,NA,NA,NA,NA,NA,NA,NA,NA,NA,NA,NA,NA,NA,NA,NA,NA,NA,NA,NA,"An upper disturbance and cold front moved across the region. Scattered convection was associated with the system, but one storm became severe. Behind the cold front, strong north winds drove tides below normal.",Tides were pushed down below -1 foot MLLW for multiple hours at Cameron. The tide fell to -1.53 feet below MLLW at Cameron.,CSV
202508,21,2246,202508,22,2306,207115,1292364,VIRGINIA,51,2025,August,Astronomical Low Tide,Z,90,JAMES CITY,51090,AKQ,21-AUG-25 22:46:00,EST-5,22-AUG-25 23:06:00,0,0,0,0,0.00K,0.00K,River/Stream Gage,NA,NA,NA,NA,NA,NA,NA,NA,NA,NA,NA,NA,NA,NA,NA,NA,NA,NA,NA,NA,NA,"Hurricane Erin passed well offshore and combined with high pressure to the north, resulting in a period of strong onshore winds and coastal flooding across eastern Virginia and the Virginia Eastern Shore.","Hurricane Erin passed well offshore and combined with high pressure to the north, resulting in a period of strong onshore winds and coastal flooding across eastern Virginia and the Virginia Eastern Shore. The tide gauge at Scottland/Jamestown Ferry, VA exceeded moderate tidal flooding thresholds twice: recording 4.75 feet MLLW at 10:46 PM EST on August 21 and 4.53 feet MLLW at 11:06 PM EST on August 22.",CSV
202508,21,2246,202508,22,2306,207115,1292365,VIRGINIA,51,2025,August,Astronomical Low Tide,Z,82,CHARLES CITY,51082,AKQ,21-AUG-25 22:46:00,EST-5,22-AUG-25 23:06:00,0,0,0,0,0.00K,0.00K,River/Stream Gage,NA,NA,NA,NA,NA,NA,NA,NA,NA,NA,NA,NA,NA,NA,NA,NA,NA,NA,NA,NA,NA,"Hurricane Erin passed well offshore and combined with high pressure to the north, resulting in a period of strong onshore winds and coastal flooding across eastern Virginia and the Virginia Eastern Shore.","Hurricane Erin passed well offshore and combined with high pressure to the north, resulting in a period of strong onshore winds and coastal flooding across eastern Virginia and the Virginia Eastern Shore. The tide gauge at Scottland/Jamestown Ferry, VA exceeded moderate tidal flooding thresholds twice: recording 4.75 feet MLLW at 10:46 PM EST on August 21 and 4.53 feet MLLW at 11:06 PM EST on August 22.",CSV
202508,21,2246,202508,22,2306,207115,1292363,VIRGINIA,51,2025,August,Astronomical Low Tide,Z,89,SURRY,51089,AKQ,21-AUG-25 22:46:00,EST-5,22-AUG-25 23:06:00,0,0,0,0,0.00K,0.00K,River/Stream Gage,NA,NA,NA,NA,NA,NA,NA,NA,NA,NA,NA,NA,NA,NA,NA,NA,NA,NA,NA,NA,NA,"Hurricane Erin passed well offshore and combined with high pressure to the north, resulting in a period of strong onshore winds and coastal flooding across eastern Virginia and the Virginia Eastern Shore.","Hurricane Erin passed well offshore and combined with high pressure to the north, resulting in a period of strong onshore winds and coastal flooding across eastern Virginia and the Virginia Eastern Shore. The tide gauge at Scottland/Jamestown Ferry, VA exceeded moderate tidal flooding thresholds twice: recording 4.75 feet MLLW at 10:46 PM EST on August 21 and 4.53 feet MLLW at 11:06 PM EST on August 22.",CSV
202507,27,900,202507,27,1400,205927,1285293,NORTH CAROLINA,37,2025,July,Astronomical Low Tide,Z,15,PASQUOTANK,37015,AKQ,27-JUL-25 09:00:00,EST-5,27-JUL-25 14:00:00,0,0,0,0,NA,NA,ASOS,NA,NA,NA,NA,NA,NA,NA,NA,NA,NA,NA,NA,NA,NA,NA,NA,NA,NA,NA,NA,NA,A heatwave impacted northeast North Carolina on July 27. Heat indices reached 110-115 degrees with high temperatures in the mid to upper 90s and dew points in the upper 70s to lower 80s.,A heatwave impacted Pasquotank County on July 27. Heat indices reached 110-115 degrees with high temperatures in the mid 90s and dew points in the upper 70s to lower 80s.,CSV
202508,7,1500,202508,7,1500,207182,1292638,CALIFORNIA,6,2025,August,Astronomical Low Tide,Z,50,SAN DIEGO COUNTY VALLEYS,06050,SGX,07-AUG-25 15:00:00,PST-8,07-AUG-25 15:00:00,0,0,0,0,0.00K,0.00K,ASOS,NA,NA,NA,NA,NA,NA,NA,NA,NA,NA,NA,NA,NA,NA,NA,NA,NA,NA,NA,NA,NA,"A strong upper level high pressure over the southwest US produced well above average temperatures for several days during the first half of August. Most inland areas saw dangerous heat levels with the low elevations of the deserts being particularly affected. Temperatures peaked on August 7th, a day that produced several record highs across the area.",Daily record high temperature of 104 at Ramona Airport.,CSV
202510,29,1230,202510,29,1630,208265,1297826,LOUISIANA,22,2025,October,Astronomical Low Tide,Z,74,EAST CAMERON,22074,LCH,29-OCT-25 12:30:00,CST-6,29-OCT-25 16:30:00,0,0,0,0,0.00K,0.00K,C-MAN Station,NA,NA,NA,NA,NA,NA,NA,NA,NA,NA,NA,NA,NA,NA,NA,NA,NA,NA,NA,NA,NA,A cold front pushed into the region with a line of thunderstorms. One storm produced a tornado. Strong north winds pushed tide levels below normal behind the cold front.,Strong north winds pushed water levels below -1 foot MLLW at Cameron for multiple hours. Water levels hit a low of 1.61ft MLLW.,CSV
202510,29,1230,202510,29,1700,208265,1297827,LOUISIANA,22,2025,October,Astronomical Low Tide,Z,73,WEST CAMERON,22073,LCH,29-OCT-25 12:30:00,CST-6,29-OCT-25 17:00:00,0,0,0,0,0.00K,0.00K,C-MAN Station,NA,NA,NA,NA,NA,NA,NA,NA,NA,NA,NA,NA,NA,NA,NA,NA,NA,NA,NA,NA,NA,A cold front pushed into the region with a line of thunderstorms. One storm produced a tornado. Strong north winds pushed tide levels below normal behind the cold front.,Strong north winds pushed water levels below -1 foot MLLW at Cameron for multiple hours. Water levels hit a low of 1.61ft MLLW.,CSV
202510,29,630,202510,29,1700,208266,1297824,TEXAS,48,2025,October,Astronomical Low Tide,Z,615,LOWER JEFFERSON COUNTY,48615,LCH,29-OCT-25 06:30:00,CST-6,29-OCT-25 17:00:00,0,0,0,0,0.00K,0.00K,C-MAN Station,NA,NA,NA,NA,NA,NA,NA,NA,NA,NA,NA,NA,NA,NA,NA,NA,NA,NA,NA,NA,NA,"Scattered storms occurred during the early morning of the 25th. During the evening, a line of thunderstorms pushed through southeast Texas ahead of a cold front. Severe weather occurred with a couple segments of the line. Strong north winds behind the front pushed water levels below normal at the coast.",Strong north winds pushed water levels below -1 foot MLLW at Sabine Pass for multiple hours. Water levels hit a low of 1.67ft MLLW.,CSV
202510,29,1642,202510,31,36,208182,1297412,MARYLAND,24,2025,October,Astronomical Low Tide,Z,23,SOMERSET,24023,AKQ,29-OCT-25 16:42:00,EST-5,31-OCT-25 00:36:00,0,0,0,0,0.00K,0.00K,River/Stream Gage,NA,NA,NA,NA,NA,NA,NA,NA,NA,NA,NA,NA,NA,NA,NA,NA,NA,NA,NA,NA,NA,"Low pressure off the Mid-Atlantic coast combined with high pressure in Canada, resulting in a lengthy period of northeasterly onshore flow. Increasing tidal anomalies resulted in moderate to locally major tidal flooding over an extended period.",Strong northeast winds between coastal low pressure offshore and high pressure over eastern Canada resulted in an extended period of coastal flooding. The gauge at Bishop's Head measured major coastal flooding at 4.42 ft MLLW at 7:36 PM EDT October 30th. The gauge also recorded moderate tidal flooding 4.38 ft MLLW at 7:30 AM EDT on October 30 and 3.70 ft MLLW at 7:48 PM EDT on October 29th.,CSV
202510,18,2254,202510,19,212,208181,1297406,MARYLAND,24,2025,October,Astronomical Low Tide,Z,22,WICOMICO,24022,AKQ,18-OCT-25 22:54:00,EST-5,19-OCT-25 02:12:00,0,0,0,0,0.00K,0.00K,River/Stream Gage,NA,NA,NA,NA,NA,NA,NA,NA,NA,NA,NA,NA,NA,NA,NA,NA,NA,NA,NA,NA,NA,"South and southwesterly winds developed ahead of a strong cold front. Winds became westerly behind the front, allowing water trapped in the middle Chesapeake Bay to flood portions of the Maryland Eastern Shore.","South and southwesterly winds developed ahead of a strong cold front. Winds became westerly behind the front, allowing water trapped in the middle Chesapeake Bay to flood portions of the Maryland Eastern Shore. The gauge at Bishop's Head recorded 3.74 ft MLLW at 9:36 PM EDT on October 18th.",CSV
202510,28,1300,202510,28,1745,208184,1297419,VIRGINIA,51,2025,October,Astronomical Low Tide,Z,90,JAMES CITY,51090,AKQ,28-OCT-25 13:00:00,EST-5,28-OCT-25 17:45:00,0,0,0,0,0.00K,0.00K,River/Stream Gage,NA,NA,NA,NA,NA,NA,NA,NA,NA,NA,NA,NA,NA,NA,NA,NA,NA,NA,NA,NA,NA,"Low pressure off the Mid-Atlantic coast combined with high pressure in Canada, resulting in a lengthy period of northeasterly onshore flow. Increasing tidal anomalies resulted in moderate to locally major tidal flooding over an extended period.",Strong northeast winds between coastal low pressure offshore and high pressure over eastern Canada resulted in an extended period of coastal flooding. The gauge at Scotland Ferry on the James River recorded moderate coastal flooding of 4.91 ft MLLW 4:12 PM EDT on October 28th.,CSV
202512,29,415,202512,29,1000,209661,1307536,LOUISIANA,22,2025,December,Astronomical Low Tide,Z,252,LOWER VERMILION PARISH,22252,LCH,29-DEC-25 04:15:00,CST-6,29-DEC-25 10:00:00,0,0,0,0,0.00K,0.00K,Other Federal Agency,NA,NA,NA,NA,NA,NA,NA,NA,NA,NA,NA,NA,NA,NA,NA,NA,NA,NA,NA,NA,NA,A strong late month cold front moved across the Louisiana coast and pushed the tides below normal for multiple cycles.,The water level at Freshwater Lock fell below -1 foot MLLW for multiple hours. The tide fell to a low of -4.19 feet MLLW.,CSV
202512,31,400,202512,31,730,209661,1307546,LOUISIANA,22,2025,December,Astronomical Low Tide,Z,73,WEST CAMERON,22073,LCH,31-DEC-25 04:00:00,CST-6,31-DEC-25 07:30:00,0,0,0,0,0.00K,0.00K,C-MAN Station,NA,NA,NA,NA,NA,NA,NA,NA,NA,NA,NA,NA,NA,NA,NA,NA,NA,NA,NA,NA,NA,A strong late month cold front moved across the Louisiana coast and pushed the tides below normal for multiple cycles.,The water level at Cameron fell below -1 foot MLLW for multiple hours. The tide fell to a low of -1.38 feet MLLW.,CSV
202512,5,730,202512,5,1000,209356,1305079,LOUISIANA,22,2025,December,Astronomical Low Tide,Z,74,EAST CAMERON,22074,LCH,05-DEC-25 07:30:00,CST-6,05-DEC-25 10:00:00,0,0,0,0,0.00K,0.00K,C-MAN Station,NA,NA,NA,NA,NA,NA,NA,NA,NA,NA,NA,NA,NA,NA,NA,NA,NA,NA,NA,NA,NA,A coastal low moved across the northern gulf coast producing rain and thunderstorms. Minor flooding occurred in Lafayette. Strong north winds behind the front pushed tides below normal.,The tide at Cameron fell below -1 foot MLLW for multiple hours and bottomed out at -1.4 foot.,CSV
202512,5,600,202512,5,1030,209356,1305080,LOUISIANA,22,2025,December,Astronomical Low Tide,Z,252,LOWER VERMILION PARISH,22252,LCH,05-DEC-25 06:00:00,CST-6,05-DEC-25 10:30:00,0,0,0,0,0.00K,0.00K,Other Federal Agency,NA,NA,NA,NA,NA,NA,NA,NA,NA,NA,NA,NA,NA,NA,NA,NA,NA,NA,NA,NA,NA,A coastal low moved across the northern gulf coast producing rain and thunderstorms. Minor flooding occurred in Lafayette. Strong north winds behind the front pushed tides below normal.,The tide at Fresh Water Lock fell below -1 foot MLLW for multiple hours and bottomed out at -1.44 foot.,CSV
202512,8,1045,202512,8,1300,209356,1305081,LOUISIANA,22,2025,December,Astronomical Low Tide,Z,73,WEST CAMERON,22073,LCH,08-DEC-25 10:45:00,CST-6,08-DEC-25 13:00:00,0,0,0,0,0.00K,0.00K,C-MAN Station,NA,NA,NA,NA,NA,NA,NA,NA,NA,NA,NA,NA,NA,NA,NA,NA,NA,NA,NA,NA,NA,A coastal low moved across the northern gulf coast producing rain and thunderstorms. Minor flooding occurred in Lafayette. Strong north winds behind the front pushed tides below normal.,The tide at Cameron fell below -1 foot MLLW for multiple hours and bottomed out at -1.11 foot.,CSV
202512,8,1045,202512,8,1245,209356,1305082,LOUISIANA,22,2025,December,Astronomical Low Tide,Z,74,EAST CAMERON,22074,LCH,08-DEC-25 10:45:00,CST-6,08-DEC-25 12:45:00,0,0,0,0,0.00K,0.00K,C-MAN Station,NA,NA,NA,NA,NA,NA,NA,NA,NA,NA,NA,NA,NA,NA,NA,NA,NA,NA,NA,NA,NA,A coastal low moved across the northern gulf coast producing rain and thunderstorms. Minor flooding occurred in Lafayette. Strong north winds behind the front pushed tides below normal.,The tide at Cameron fell below -1 foot MLLW for multiple hours and bottomed out at -1.11 foot.,CSV
202512,5,700,202512,5,1000,209356,1305078,LOUISIANA,22,2025,December,Astronomical Low Tide,Z,73,WEST CAMERON,22073,LCH,05-DEC-25 07:00:00,CST-6,05-DEC-25 10:00:00,0,0,0,0,0.00K,0.00K,C-MAN Station,NA,NA,NA,NA,NA,NA,NA,NA,NA,NA,NA,NA,NA,NA,NA,NA,NA,NA,NA,NA,NA,A coastal low moved across the northern gulf coast producing rain and thunderstorms. Minor flooding occurred in Lafayette. Strong north winds behind the front pushed tides below normal.,The tide at Cameron fell below -1 foot MLLW for multiple hours and bottomed out at -1.4 foot.,CSV
202512,4,1420,202512,4,1500,209437,1305434,NEW YORK,36,2025,December,Astronomical Low Tide,Z,48,WESTERN SCHENECTADY,36048,ALY,04-DEC-25 14:20:00,EST-5,04-DEC-25 15:00:00,0,0,0,0,NA,NA,Mesonet,NA,NA,NA,NA,NA,NA,NA,NA,NA,NA,NA,NA,NA,NA,NA,NA,NA,NA,NA,NA,NA,"Scattered snow squalls developed ahead of and with an arctic cold front that tracked through eastern New York from west to east from late morning through the afternoon of December 4. Squalls were mostly confined to portions of the Mohawk Valley, Helderbergs and immediate Capital District where several New York State Mesonet and Department of Transportation highway cameras captured visibility at or under one quarter of a mile due to blowing snow from the combination of falling snow and gusty winds. Additionally, the Albany International Airport ASOS METAR reported blowing snow and one quarter mile visibility in the afternoon of December 4. Wind gusts captured by the ASOS and New York State Mesonet cameras ranged from about 30 to 45 mph. ||Key impacts: hazardous travel due to reduced visibility and slick roadways, travel delays.",Snow squall. NYS Mesonet at Duanesburg showed a snow squall producing visibility below one quarter of a mile along with a measured wind gust of 33 mph.,CSV
202512,5,700,202512,5,1000,209388,1305083,TEXAS,48,2025,December,Astronomical Low Tide,Z,615,LOWER JEFFERSON COUNTY,48615,LCH,05-DEC-25 07:00:00,CST-6,05-DEC-25 10:00:00,0,0,0,0,0.00K,0.00K,C-MAN Station,NA,NA,NA,NA,NA,NA,NA,NA,NA,NA,NA,NA,NA,NA,NA,NA,NA,NA,NA,NA,NA,North winds behind a coastal low and cold front pushed tides below normal on the coast of Jefferson County.,The tide at Sabine Pass fell below -1 foot MLLW for multiple hours and bottomed out at -1.35 foot.,CSV
202512,8,1145,202512,8,1300,209388,1305084,TEXAS,48,2025,December,Astronomical Low Tide,Z,615,LOWER JEFFERSON COUNTY,48615,LCH,08-DEC-25 11:45:00,CST-6,08-DEC-25 13:00:00,0,0,0,0,0.00K,0.00K,C-MAN Station,NA,NA,NA,NA,NA,NA,NA,NA,NA,NA,NA,NA,NA,NA,NA,NA,NA,NA,NA,NA,NA,North winds behind a coastal low and cold front pushed tides below normal on the coast of Jefferson County.,The tide at Sabine Pass fell below -1 foot MLLW for multiple hours and bottomed out at -1.1 foot.,CSV
202511,9,930,202511,9,1400,208923,1301287,LOUISIANA,22,2025,November,Astronomical Low Tide,Z,73,WEST CAMERON,22073,LCH,09-NOV-25 09:30:00,CST-6,09-NOV-25 14:00:00,0,0,0,0,0.00K,0.00K,C-MAN Station,NA,NA,NA,NA,NA,NA,NA,NA,NA,NA,NA,NA,NA,NA,NA,NA,NA,NA,NA,NA,NA,Strong north winds behind a cold front pushed tides well below normal along the coast.,The tide fell below -1 foot MLLW for multiple hours at Cameron. The lowest point was at -1.59 feet MLLW.,CSV
202511,9,1000,202511,9,1400,208923,1301288,LOUISIANA,22,2025,November,Astronomical Low Tide,Z,73,WEST CAMERON,22073,LCH,09-NOV-25 10:00:00,CST-6,09-NOV-25 14:00:00,0,0,0,0,0.00K,0.00K,C-MAN Station,NA,NA,NA,NA,NA,NA,NA,NA,NA,NA,NA,NA,NA,NA,NA,NA,NA,NA,NA,NA,NA,Strong north winds behind a cold front pushed tides well below normal along the coast.,The tide fell below -1 foot MLLW for multiple hours at Cameron. The lowest point was at -1.59 feet MLLW.,CSV
202511,9,930,202511,9,1415,208923,1301289,LOUISIANA,22,2025,November,Astronomical Low Tide,Z,252,LOWER VERMILION PARISH,22252,LCH,09-NOV-25 09:30:00,CST-6,09-NOV-25 14:15:00,0,0,0,0,0.00K,0.00K,Other Federal Agency,NA,NA,NA,NA,NA,NA,NA,NA,NA,NA,NA,NA,NA,NA,NA,NA,NA,NA,NA,NA,NA,Strong north winds behind a cold front pushed tides well below normal along the coast.,The tide fell below -1 foot MLLW for multiple hours at Freshwater Lock. The lowest point was at -2.33 feet MLLW.,CSV
202511,9,1000,202511,9,1400,208925,1301291,TEXAS,48,2025,November,Astronomical Low Tide,Z,615,LOWER JEFFERSON COUNTY,48615,LCH,09-NOV-25 10:00:00,CST-6,09-NOV-25 14:00:00,0,0,0,0,0.00K,0.00K,C-MAN Station,NA,NA,NA,NA,NA,NA,NA,NA,NA,NA,NA,NA,NA,NA,NA,NA,NA,NA,NA,NA,NA,Strong north winds behind a cold front pushed tides well below normal at Sabine Pass.,The tide fell below -1 foot MLLW for multiple hours at Sabine Pass. The lowest point was at -1.62 feet MLLW.,CSV
202507,31,2220,202507,31,2220,206164,1286610,VIRGINIA,51,2025,July,Astronomical Low Tide,Z,98,VIRGINIA BEACH,51098,AKQ,31-JUL-25 22:20:00,EST-5,31-JUL-25 22:20:00,0,0,0,0,0.00K,0.00K,Department of Highways,NA,NA,NA,NA,NA,NA,NA,NA,NA,NA,NA,NA,NA,NA,NA,NA,NA,NA,NA,NA,NA,"A front was located north of the region and gradually moved south in response to an approaching mid level disturbance. To the south of the front, robust heating of a moist low level airmass resulted in increasing instability by the afternoon and evening hours. Strong, slow moving, convection resulted in areas of strong winds, heavy rainfall, and flash flooding during the late afternoon and evening.","Flooding was reported on I-264, causing traffic delays.",CSV
202512,31,400,202512,31,700,209661,1307548,LOUISIANA,22,2025,December,Astronomical Low Tide,Z,252,LOWER VERMILION PARISH,22252,LCH,31-DEC-25 04:00:00,CST-6,31-DEC-25 07:00:00,0,0,0,0,0.00K,0.00K,Other Federal Agency,NA,NA,NA,NA,NA,NA,NA,NA,NA,NA,NA,NA,NA,NA,NA,NA,NA,NA,NA,NA,NA,A strong late month cold front moved across the Louisiana coast and pushed the tides below normal for multiple cycles.,The water level at Freshwater Lock fell below -1 foot MLLW for multiple hours. The tide fell to a low of -1.13 feet MLLW.,CSV
202512,29,400,202512,29,900,209389,1305090,TEXAS,48,2025,December,Astronomical Low Tide,Z,615,LOWER JEFFERSON COUNTY,48615,LCH,29-DEC-25 04:00:00,CST-6,29-DEC-25 09:00:00,0,0,0,0,0.00K,0.00K,C-MAN Station,NA,NA,NA,NA,NA,NA,NA,NA,NA,NA,NA,NA,NA,NA,NA,NA,NA,NA,NA,NA,NA,A strong cold front moved across the coast late in December. Brisk north winds pushed the tides below normal for multiple tide cycles.,The tide at Sabine Pass fell below -1 foot MLLW for multiple hours and bottomed out at -1.79 foot.,CSV
202512,30,345,202512,30,930,209389,1305091,TEXAS,48,2025,December,Astronomical Low Tide,Z,615,LOWER JEFFERSON COUNTY,48615,LCH,30-DEC-25 03:45:00,CST-6,30-DEC-25 09:30:00,0,0,0,0,0.00K,0.00K,C-MAN Station,NA,NA,NA,NA,NA,NA,NA,NA,NA,NA,NA,NA,NA,NA,NA,NA,NA,NA,NA,NA,NA,A strong cold front moved across the coast late in December. Brisk north winds pushed the tides below normal for multiple tide cycles.,The tide at Sabine Pass fell below -1 foot MLLW for multiple hours and bottomed out at -1.37 foot.,CSV
202512,31,400,202512,31,800,209389,1305092,TEXAS,48,2025,December,Astronomical Low Tide,Z,615,LOWER JEFFERSON COUNTY,48615,LCH,31-DEC-25 04:00:00,CST-6,31-DEC-25 08:00:00,0,0,0,0,0.00K,0.00K,C-MAN Station,NA,NA,NA,NA,NA,NA,NA,NA,NA,NA,NA,NA,NA,NA,NA,NA,NA,NA,NA,NA,NA,A strong cold front moved across the coast late in December. Brisk north winds pushed the tides below normal for multiple tide cycles.,The tide at Sabine Pass fell below -1 foot MLLW for multiple hours and bottomed out at -1.74 foot.,CSV
202512,29,400,202512,29,915,209661,1307528,LOUISIANA,22,2025,December,Astronomical Low Tide,Z,73,WEST CAMERON,22073,LCH,29-DEC-25 04:00:00,CST-6,29-DEC-25 09:15:00,0,0,0,0,0.00K,0.00K,C-MAN Station,NA,NA,NA,NA,NA,NA,NA,NA,NA,NA,NA,NA,NA,NA,NA,NA,NA,NA,NA,NA,NA,A strong late month cold front moved across the Louisiana coast and pushed the tides below normal for multiple cycles.,The water level at Cameron fell below -1 foot MLLW for multiple hours. The tide fell to a low of -2.03 feet MLLW.,CSV
202512,29,400,202512,29,915,209661,1307535,LOUISIANA,22,2025,December,Astronomical Low Tide,Z,74,EAST CAMERON,22074,LCH,29-DEC-25 04:00:00,CST-6,29-DEC-25 09:15:00,0,0,0,0,0.00K,0.00K,C-MAN Station,NA,NA,NA,NA,NA,NA,NA,NA,NA,NA,NA,NA,NA,NA,NA,NA,NA,NA,NA,NA,NA,A strong late month cold front moved across the Louisiana coast and pushed the tides below normal for multiple cycles.,The water level at Cameron fell below -1 foot MLLW for multiple hours. The tide fell to a low of -2.03 feet MLLW.,CSV
202512,29,730,202512,29,1100,209661,1307538,LOUISIANA,22,2025,December,Astronomical Low Tide,Z,253,LOWER IBERIA PARISH,22253,LCH,29-DEC-25 07:30:00,CST-6,29-DEC-25 11:00:00,0,0,0,0,0.00K,0.00K,C-MAN Station,NA,NA,NA,NA,NA,NA,NA,NA,NA,NA,NA,NA,NA,NA,NA,NA,NA,NA,NA,NA,NA,A strong late month cold front moved across the Louisiana coast and pushed the tides below normal for multiple cycles.,The water level at Eugene Island fell below -1 foot MLLW for multiple hours. The tide fell to a low of -1.91 feet MLLW.,CSV
202512,30,400,202512,30,930,209661,1307540,LOUISIANA,22,2025,December,Astronomical Low Tide,Z,73,WEST CAMERON,22073,LCH,30-DEC-25 04:00:00,CST-6,30-DEC-25 09:30:00,0,0,0,0,0.00K,0.00K,C-MAN Station,NA,NA,NA,NA,NA,NA,NA,NA,NA,NA,NA,NA,NA,NA,NA,NA,NA,NA,NA,NA,NA,A strong late month cold front moved across the Louisiana coast and pushed the tides below normal for multiple cycles.,The water level at Cameron fell below -1 foot MLLW for multiple hours. The tide fell to a low of -1.69 feet MLLW.,CSV
202512,30,400,202512,30,930,209661,1307541,LOUISIANA,22,2025,December,Astronomical Low Tide,Z,74,EAST CAMERON,22074,LCH,30-DEC-25 04:00:00,CST-6,30-DEC-25 09:30:00,0,0,0,0,0.00K,0.00K,C-MAN Station,NA,NA,NA,NA,NA,NA,NA,NA,NA,NA,NA,NA,NA,NA,NA,NA,NA,NA,NA,NA,NA,A strong late month cold front moved across the Louisiana coast and pushed the tides below normal for multiple cycles.,The water level at Cameron fell below -1 foot MLLW for multiple hours. The tide fell to a low of -1.69 feet MLLW.,CSV
202512,30,300,202512,30,915,209661,1307543,LOUISIANA,22,2025,December,Astronomical Low Tide,Z,252,LOWER VERMILION PARISH,22252,LCH,30-DEC-25 03:00:00,CST-6,30-DEC-25 09:15:00,0,0,0,0,0.00K,0.00K,Other Federal Agency,NA,NA,NA,NA,NA,NA,NA,NA,NA,NA,NA,NA,NA,NA,NA,NA,NA,NA,NA,NA,NA,A strong late month cold front moved across the Louisiana coast and pushed the tides below normal for multiple cycles.,The water level at Freshwater Lock fell below -1 foot MLLW for multiple hours. The tide fell to a low of -1.68 feet MLLW.,CSV
202512,30,245,202512,30,800,209661,1307544,LOUISIANA,22,2025,December,Astronomical Low Tide,Z,253,LOWER IBERIA PARISH,22253,LCH,30-DEC-25 02:45:00,CST-6,30-DEC-25 08:00:00,0,0,0,0,0.00K,0.00K,C-MAN Station,NA,NA,NA,NA,NA,NA,NA,NA,NA,NA,NA,NA,NA,NA,NA,NA,NA,NA,NA,NA,NA,A strong late month cold front moved across the Louisiana coast and pushed the tides below normal for multiple cycles.,The water level at Eugene Island fell below -1 foot MLLW for multiple hours. The tide fell to a low of -1.47 feet MLLW.,CSV
202512,31,400,202512,31,730,209661,1307547,LOUISIANA,22,2025,December,Astronomical Low Tide,Z,74,EAST CAMERON,22074,LCH,31-DEC-25 04:00:00,CST-6,31-DEC-25 07:30:00,0,0,0,0,0.00K,0.00K,C-MAN Station,NA,NA,NA,NA,NA,NA,NA,NA,NA,NA,NA,NA,NA,NA,NA,NA,NA,NA,NA,NA,NA,A strong late month cold front moved across the Louisiana coast and pushed the tides below normal for multiple cycles.,The water level at Cameron fell below -1 foot MLLW for multiple hours. The tide fell to a low of -1.38 feet MLLW.,CSV
202601,1,530,202601,1,930,210084,1310243,TEXAS,48,2026,January,Astronomical Low Tide,Z,615,LOWER JEFFERSON COUNTY,48615,LCH,01-JAN-26 05:30:00,CST-6,01-JAN-26 09:30:00,0,0,0,0,0.00K,0.00K,C-MAN Station,NA,NA,NA,NA,NA,NA,NA,NA,NA,NA,NA,NA,NA,NA,NA,NA,NA,NA,NA,NA,NA,North winds pushed the tides below normal for multiple days along the coast of southeast Texas.,The tide fell below -1 foot MLLW for multiple hours falling to a low of -1.54 foot at Sabine Pass.,CSV
202601,2,700,202601,2,1015,210084,1310244,TEXAS,48,2026,January,Astronomical Low Tide,Z,615,LOWER JEFFERSON COUNTY,48615,LCH,02-JAN-26 07:00:00,CST-6,02-JAN-26 10:15:00,0,0,0,0,0.00K,0.00K,C-MAN Station,NA,NA,NA,NA,NA,NA,NA,NA,NA,NA,NA,NA,NA,NA,NA,NA,NA,NA,NA,NA,NA,North winds pushed the tides below normal for multiple days along the coast of southeast Texas.,The tide fell below -1 foot MLLW for multiple hours falling to a low of -1.27 foot at Sabine Pass.,CSV
202601,3,730,202601,3,1130,210084,1310245,TEXAS,48,2026,January,Astronomical Low Tide,Z,615,LOWER JEFFERSON COUNTY,48615,LCH,03-JAN-26 07:30:00,CST-6,03-JAN-26 11:30:00,0,0,0,0,0.00K,0.00K,C-MAN Station,NA,NA,NA,NA,NA,NA,NA,NA,NA,NA,NA,NA,NA,NA,NA,NA,NA,NA,NA,NA,NA,North winds pushed the tides below normal for multiple days along the coast of southeast Texas.,The tide fell below -1 foot MLLW for multiple hours falling to a low of -1.64 foot at Sabine Pass.,CSV
202601,4,930,202601,4,1100,210084,1310246,TEXAS,48,2026,January,Astronomical Low Tide,Z,615,LOWER JEFFERSON COUNTY,48615,LCH,04-JAN-26 09:30:00,CST-6,04-JAN-26 11:00:00,0,0,0,0,0.00K,0.00K,C-MAN Station,NA,NA,NA,NA,NA,NA,NA,NA,NA,NA,NA,NA,NA,NA,NA,NA,NA,NA,NA,NA,NA,North winds pushed the tides below normal for multiple days along the coast of southeast Texas.,The tide fell below -1 foot MLLW for multiple hours falling to a low of -1.15 foot at Sabine Pass.,CSV
202601,1,530,202601,1,930,210085,1310247,LOUISIANA,22,2026,January,Astronomical Low Tide,Z,73,WEST CAMERON,22073,LCH,01-JAN-26 05:30:00,CST-6,01-JAN-26 09:30:00,0,0,0,0,0.00K,0.00K,C-MAN Station,NA,NA,NA,NA,NA,NA,NA,NA,NA,NA,NA,NA,NA,NA,NA,NA,NA,NA,NA,NA,NA,Strong north winds pushed the tide below normal for multiple days along the coast of southwest Louisiana during early January.,The tide fell below -1 foot MLLW for multiple hours falling to a low of -1.56 foot at Cameron.,CSV
202601,1,530,202601,1,930,210085,1310248,LOUISIANA,22,2026,January,Astronomical Low Tide,Z,74,EAST CAMERON,22074,LCH,01-JAN-26 05:30:00,CST-6,01-JAN-26 09:30:00,0,0,0,0,0.00K,0.00K,C-MAN Station,NA,NA,NA,NA,NA,NA,NA,NA,NA,NA,NA,NA,NA,NA,NA,NA,NA,NA,NA,NA,NA,Strong north winds pushed the tide below normal for multiple days along the coast of southwest Louisiana during early January.,The tide fell below -1 foot MLLW for multiple hours falling to a low of -1.56 foot at Cameron.,CSV
202601,1,530,202601,1,945,210085,1310249,LOUISIANA,22,2026,January,Astronomical Low Tide,Z,252,LOWER VERMILION PARISH,22252,LCH,01-JAN-26 05:30:00,CST-6,01-JAN-26 09:45:00,0,0,0,0,0.00K,0.00K,C-MAN Station,NA,NA,NA,NA,NA,NA,NA,NA,NA,NA,NA,NA,NA,NA,NA,NA,NA,NA,NA,NA,NA,Strong north winds pushed the tide below normal for multiple days along the coast of southwest Louisiana during early January.,The tide fell below -1 foot MLLW for multiple hours falling to a low of -1.53 foot at Freshwater Lock.,CSV
202601,11,45,202601,11,445,210370,1312410,LOUISIANA,22,2026,January,Astronomical Low Tide,Z,73,WEST CAMERON,22073,LCH,11-JAN-26 00:45:00,CST-6,11-JAN-26 04:45:00,0,0,0,0,0.00K,0.00K,C-MAN Station,NA,NA,NA,NA,NA,NA,NA,NA,NA,NA,NA,NA,NA,NA,NA,NA,NA,NA,NA,NA,NA,High pressure settled in across the region with persistent north winds. Tides along the Louisiana coast were pushed below -1 foot MLLW.,The tide fell below -1 foot MLLW for multiple hours falling to a low of -1.47 foot at Cameron.,CSV
202601,11,45,202601,11,445,210370,1312411,LOUISIANA,22,2026,January,Astronomical Low Tide,Z,74,EAST CAMERON,22074,LCH,11-JAN-26 00:45:00,CST-6,11-JAN-26 04:45:00,0,0,0,0,0.00K,0.00K,C-MAN Station,NA,NA,NA,NA,NA,NA,NA,NA,NA,NA,NA,NA,NA,NA,NA,NA,NA,NA,NA,NA,NA,High pressure settled in across the region with persistent north winds. Tides along the Louisiana coast were pushed below -1 foot MLLW.,The tide fell below -1 foot MLLW for multiple hours falling to a low of -1.47 foot at Cameron.,CSV
202601,10,2330,202601,11,615,210370,1312412,LOUISIANA,22,2026,January,Astronomical Low Tide,Z,252,LOWER VERMILION PARISH,22252,LCH,10-JAN-26 23:30:00,CST-6,11-JAN-26 06:15:00,0,0,0,0,0.00K,0.00K,C-MAN Station,NA,NA,NA,NA,NA,NA,NA,NA,NA,NA,NA,NA,NA,NA,NA,NA,NA,NA,NA,NA,NA,High pressure settled in across the region with persistent north winds. Tides along the Louisiana coast were pushed below -1 foot MLLW.,The tide fell below -1 foot MLLW for multiple hours falling to a low of -2.05 foot at Freshwater Lock.,CSV
202601,11,245,202601,11,500,210370,1312414,LOUISIANA,22,2026,January,Astronomical Low Tide,Z,254,LOWER ST. MARY PARISH,22254,LCH,11-JAN-26 02:45:00,CST-6,11-JAN-26 05:00:00,0,0,0,0,0.00K,0.00K,C-MAN Station,NA,NA,NA,NA,NA,NA,NA,NA,NA,NA,NA,NA,NA,NA,NA,NA,NA,NA,NA,NA,NA,High pressure settled in across the region with persistent north winds. Tides along the Louisiana coast were pushed below -1 foot MLLW.,The tide fell below -1 foot MLLW for multiple hours falling to a low of -1.16 foot at Eugene Island.,CSV
202601,11,100,202601,11,400,210379,1312512,TEXAS,48,2026,January,Astronomical Low Tide,Z,615,LOWER JEFFERSON COUNTY,48615,LCH,11-JAN-26 01:00:00,CST-6,11-JAN-26 04:00:00,0,0,0,0,0.00K,0.00K,C-MAN Station,NA,NA,NA,NA,NA,NA,NA,NA,NA,NA,NA,NA,NA,NA,NA,NA,NA,NA,NA,NA,NA,North winds behind a cold front pushed the tide below normal for a tide cycle.,The tide fell below -1 foot MLLW for multiple hours falling to a low of -1.2 foot at Sabine Pass.,CSV
202601,15,30,202601,15,1045,210374,1312429,LOUISIANA,22,2026,January,Astronomical Low Tide,Z,73,WEST CAMERON,22073,LCH,15-JAN-26 00:30:00,CST-6,15-JAN-26 10:45:00,0,0,0,0,0.00K,0.00K,C-MAN Station,NA,NA,NA,NA,NA,NA,NA,NA,NA,NA,NA,NA,NA,NA,NA,NA,NA,NA,NA,NA,NA,High pressure settled into the region pushing the tide below normal for several days.,The tide fell below -1 foot MLLW for multiple hours falling to a low of -2.09 foot at Cameron.,CSV
202601,15,30,202601,15,1045,210374,1312430,LOUISIANA,22,2026,January,Astronomical Low Tide,Z,74,EAST CAMERON,22074,LCH,15-JAN-26 00:30:00,CST-6,15-JAN-26 10:45:00,0,0,0,0,0.00K,0.00K,C-MAN Station,NA,NA,NA,NA,NA,NA,NA,NA,NA,NA,NA,NA,NA,NA,NA,NA,NA,NA,NA,NA,NA,High pressure settled into the region pushing the tide below normal for several days.,The tide fell below -1 foot MLLW for multiple hours falling to a low of -2.09 foot at Cameron.,CSV
202601,15,130,202601,15,1015,210374,1312431,LOUISIANA,22,2026,January,Astronomical Low Tide,Z,252,LOWER VERMILION PARISH,22252,LCH,15-JAN-26 01:30:00,CST-6,15-JAN-26 10:15:00,0,0,0,0,0.00K,0.00K,Other Federal Agency,NA,NA,NA,NA,NA,NA,NA,NA,NA,NA,NA,NA,NA,NA,NA,NA,NA,NA,NA,NA,NA,High pressure settled into the region pushing the tide below normal for several days.,The tide fell below -1 foot MLLW for multiple hours falling to a low of -2.27 foot at Freshwater Lock.,CSV
202601,15,430,202601,15,1030,210374,1312432,LOUISIANA,22,2026,January,Astronomical Low Tide,Z,254,LOWER ST. MARY PARISH,22254,LCH,15-JAN-26 04:30:00,CST-6,15-JAN-26 10:30:00,0,0,0,0,0.00K,0.00K,C-MAN Station,NA,NA,NA,NA,NA,NA,NA,NA,NA,NA,NA,NA,NA,NA,NA,NA,NA,NA,NA,NA,NA,High pressure settled into the region pushing the tide below normal for several days.,The tide fell below -1 foot MLLW for multiple hours falling to a low of -1.72 foot at Eugene Island.,CSV
202601,17,600,202601,17,1030,210374,1312433,LOUISIANA,22,2026,January,Astronomical Low Tide,Z,73,WEST CAMERON,22073,LCH,17-JAN-26 06:00:00,CST-6,17-JAN-26 10:30:00,0,0,0,0,0.00K,0.00K,C-MAN Station,NA,NA,NA,NA,NA,NA,NA,NA,NA,NA,NA,NA,NA,NA,NA,NA,NA,NA,NA,NA,NA,High pressure settled into the region pushing the tide below normal for several days.,The tide fell below -1 foot MLLW for multiple hours falling to a low of -1.65 foot at Cameron.,CSV
202601,17,600,202601,17,1030,210374,1312434,LOUISIANA,22,2026,January,Astronomical Low Tide,Z,74,EAST CAMERON,22074,LCH,17-JAN-26 06:00:00,CST-6,17-JAN-26 10:30:00,0,0,0,0,0.00K,0.00K,C-MAN Station,NA,NA,NA,NA,NA,NA,NA,NA,NA,NA,NA,NA,NA,NA,NA,NA,NA,NA,NA,NA,NA,High pressure settled into the region pushing the tide below normal for several days.,The tide fell below -1 foot MLLW for multiple hours falling to a low of -1.65 foot at Cameron.,CSV
202601,17,515,202601,17,1030,210374,1312435,LOUISIANA,22,2026,January,Astronomical Low Tide,Z,252,LOWER VERMILION PARISH,22252,LCH,17-JAN-26 05:15:00,CST-6,17-JAN-26 10:30:00,0,0,0,0,0.00K,0.00K,Other Federal Agency,NA,NA,NA,NA,NA,NA,NA,NA,NA,NA,NA,NA,NA,NA,NA,NA,NA,NA,NA,NA,NA,High pressure settled into the region pushing the tide below normal for several days.,The tide fell below -1 foot MLLW for multiple hours falling to a low of -2.13 foot at Freshwater Lock.,CSV
202601,17,730,202601,17,1030,210374,1312436,LOUISIANA,22,2026,January,Astronomical Low Tide,Z,254,LOWER ST. MARY PARISH,22254,LCH,17-JAN-26 07:30:00,CST-6,17-JAN-26 10:30:00,0,0,0,0,0.00K,0.00K,C-MAN Station,NA,NA,NA,NA,NA,NA,NA,NA,NA,NA,NA,NA,NA,NA,NA,NA,NA,NA,NA,NA,NA,High pressure settled into the region pushing the tide below normal for several days.,The tide fell below -1 foot MLLW for multiple hours falling to a low of -1.46 foot at Eugene Island.,CSV
202601,18,630,202601,18,1015,210374,1312441,LOUISIANA,22,2026,January,Astronomical Low Tide,Z,73,WEST CAMERON,22073,LCH,18-JAN-26 06:30:00,CST-6,18-JAN-26 10:15:00,0,0,0,0,0.00K,0.00K,C-MAN Station,NA,NA,NA,NA,NA,NA,NA,NA,NA,NA,NA,NA,NA,NA,NA,NA,NA,NA,NA,NA,NA,High pressure settled into the region pushing the tide below normal for several days.,The tide fell below -1 foot MLLW for multiple hours falling to a low of -1.58 foot at Cameron.,CSV
202601,18,630,202601,18,1015,210374,1312448,LOUISIANA,22,2026,January,Astronomical Low Tide,Z,74,EAST CAMERON,22074,LCH,18-JAN-26 06:30:00,CST-6,18-JAN-26 10:15:00,0,0,0,0,0.00K,0.00K,C-MAN Station,NA,NA,NA,NA,NA,NA,NA,NA,NA,NA,NA,NA,NA,NA,NA,NA,NA,NA,NA,NA,NA,High pressure settled into the region pushing the tide below normal for several days.,The tide fell below -1 foot MLLW for multiple hours falling to a low of -1.58 foot at Cameron.,CSV
202601,18,500,202601,18,1045,210374,1312449,LOUISIANA,22,2026,January,Astronomical Low Tide,Z,252,LOWER VERMILION PARISH,22252,LCH,18-JAN-26 05:00:00,CST-6,18-JAN-26 10:45:00,0,0,0,0,0.00K,0.00K,Other Federal Agency,NA,NA,NA,NA,NA,NA,NA,NA,NA,NA,NA,NA,NA,NA,NA,NA,NA,NA,NA,NA,NA,High pressure settled into the region pushing the tide below normal for several days.,The tide fell below -1 foot MLLW for multiple hours falling to a low of -1.74 foot at Freshwater Lock.,CSV
202601,18,630,202601,18,1030,210374,1312450,LOUISIANA,22,2026,January,Astronomical Low Tide,Z,254,LOWER ST. MARY PARISH,22254,LCH,18-JAN-26 06:30:00,CST-6,18-JAN-26 10:30:00,0,0,0,0,0.00K,0.00K,C-MAN Station,NA,NA,NA,NA,NA,NA,NA,NA,NA,NA,NA,NA,NA,NA,NA,NA,NA,NA,NA,NA,NA,High pressure settled into the region pushing the tide below normal for several days.,The tide fell below -1 foot MLLW for multiple hours falling to a low of -1.70 foot at Eugene Island.,CSV
202601,19,830,202601,19,1030,210374,1312451,LOUISIANA,22,2026,January,Astronomical Low Tide,Z,73,WEST CAMERON,22073,LCH,19-JAN-26 08:30:00,CST-6,19-JAN-26 10:30:00,0,0,0,0,0.00K,0.00K,C-MAN Station,NA,NA,NA,NA,NA,NA,NA,NA,NA,NA,NA,NA,NA,NA,NA,NA,NA,NA,NA,NA,NA,High pressure settled into the region pushing the tide below normal for several days.,The tide fell below -1 foot MLLW for multiple hours falling to a low of -1.18 foot at Cameron.,CSV
202601,19,830,202601,19,1030,210374,1312452,LOUISIANA,22,2026,January,Astronomical Low Tide,Z,74,EAST CAMERON,22074,LCH,19-JAN-26 08:30:00,CST-6,19-JAN-26 10:30:00,0,0,0,0,0.00K,0.00K,C-MAN Station,NA,NA,NA,NA,NA,NA,NA,NA,NA,NA,NA,NA,NA,NA,NA,NA,NA,NA,NA,NA,NA,High pressure settled into the region pushing the tide below normal for several days.,The tide fell below -1 foot MLLW for multiple hours falling to a low of -1.18 foot at Cameron.,CSV
202601,15,100,202601,15,1045,210380,1312513,TEXAS,48,2026,January,Astronomical Low Tide,Z,615,LOWER JEFFERSON COUNTY,48615,LCH,15-JAN-26 01:00:00,CST-6,15-JAN-26 10:45:00,0,0,0,0,0.00K,0.00K,C-MAN Station,NA,NA,NA,NA,NA,NA,NA,NA,NA,NA,NA,NA,NA,NA,NA,NA,NA,NA,NA,NA,NA,High pressure settled into the region pushing the tide below normal for several days at Sabine Pass.,The tide fell below -1 foot MLLW for multiple hours falling to a low of -2.18 feet at Sabine Pass.,CSV
202601,17,615,202601,17,1000,210380,1312514,TEXAS,48,2026,January,Astronomical Low Tide,Z,615,LOWER JEFFERSON COUNTY,48615,LCH,17-JAN-26 06:15:00,CST-6,17-JAN-26 10:00:00,0,0,0,0,0.00K,0.00K,C-MAN Station,NA,NA,NA,NA,NA,NA,NA,NA,NA,NA,NA,NA,NA,NA,NA,NA,NA,NA,NA,NA,NA,High pressure settled into the region pushing the tide below normal for several days at Sabine Pass.,The tide fell below -1 foot MLLW for multiple hours falling to a low of -1.51 foot at Sabine Pass.,CSV
202601,18,630,202601,18,1045,210380,1312515,TEXAS,48,2026,January,Astronomical Low Tide,Z,615,LOWER JEFFERSON COUNTY,48615,LCH,18-JAN-26 06:30:00,CST-6,18-JAN-26 10:45:00,0,0,0,0,0.00K,0.00K,C-MAN Station,NA,NA,NA,NA,NA,NA,NA,NA,NA,NA,NA,NA,NA,NA,NA,NA,NA,NA,NA,NA,NA,High pressure settled into the region pushing the tide below normal for several days at Sabine Pass.,The tide fell below -1 foot MLLW for multiple hours falling to a low of -1.58 foot at Sabine Pass.,CSV
202601,19,845,202601,19,1200,210380,1312516,TEXAS,48,2026,January,Astronomical Low Tide,Z,615,LOWER JEFFERSON COUNTY,48615,LCH,19-JAN-26 08:45:00,CST-6,19-JAN-26 12:00:00,0,0,0,0,0.00K,0.00K,C-MAN Station,NA,NA,NA,NA,NA,NA,NA,NA,NA,NA,NA,NA,NA,NA,NA,NA,NA,NA,NA,NA,NA,High pressure settled into the region pushing the tide below normal for several days at Sabine Pass.,The tide fell below -1 foot MLLW for multiple hours falling to a low of -1.34 foot at Sabine Pass.,CSV
202601,26,130,202601,26,545,210377,1312460,LOUISIANA,22,2026,January,Astronomical Low Tide,Z,73,WEST CAMERON,22073,LCH,26-JAN-26 01:30:00,CST-6,26-JAN-26 05:45:00,0,0,0,0,0.00K,0.00K,C-MAN Station,NA,NA,NA,NA,NA,NA,NA,NA,NA,NA,NA,NA,NA,NA,NA,NA,NA,NA,NA,NA,NA,A second strong cold front moved into the region with high pressure slowly drifting across the area. This kept tides below normal for the end of the month.,The tide fell below -1 foot MLLW for multiple hours falling to a low of -1.32 foot at Cameron.,CSV
202601,26,130,202601,26,545,210377,1312461,LOUISIANA,22,2026,January,Astronomical Low Tide,Z,74,EAST CAMERON,22074,LCH,26-JAN-26 01:30:00,CST-6,26-JAN-26 05:45:00,0,0,0,0,0.00K,0.00K,C-MAN Station,NA,NA,NA,NA,NA,NA,NA,NA,NA,NA,NA,NA,NA,NA,NA,NA,NA,NA,NA,NA,NA,A second strong cold front moved into the region with high pressure slowly drifting across the area. This kept tides below normal for the end of the month.,The tide fell below -1 foot MLLW for multiple hours falling to a low of -1.32 foot at Cameron.,CSV
202601,26,100,202601,26,615,210377,1312467,LOUISIANA,22,2026,January,Astronomical Low Tide,Z,254,LOWER ST. MARY PARISH,22254,LCH,26-JAN-26 01:00:00,CST-6,26-JAN-26 06:15:00,0,0,0,0,0.00K,0.00K,Other Federal Agency,NA,NA,NA,NA,NA,NA,NA,NA,NA,NA,NA,NA,NA,NA,NA,NA,NA,NA,NA,NA,NA,A second strong cold front moved into the region with high pressure slowly drifting across the area. This kept tides below normal for the end of the month.,The tide fell below -1 foot MLLW for multiple hours falling to a low of -1.69 foot at Freshwater Lock.,CSV
202601,26,315,202601,26,615,210377,1312473,LOUISIANA,22,2026,January,Astronomical Low Tide,Z,254,LOWER ST. MARY PARISH,22254,LCH,26-JAN-26 03:15:00,CST-6,26-JAN-26 06:15:00,0,0,0,0,0.00K,0.00K,C-MAN Station,NA,NA,NA,NA,NA,NA,NA,NA,NA,NA,NA,NA,NA,NA,NA,NA,NA,NA,NA,NA,NA,A second strong cold front moved into the region with high pressure slowly drifting across the area. This kept tides below normal for the end of the month.,The tide fell below -1 foot MLLW for multiple hours falling to a low of -1.03 foot at Eugene Island.,CSV
202601,27,300,202601,27,600,210377,1312474,LOUISIANA,22,2026,January,Astronomical Low Tide,Z,73,WEST CAMERON,22073,LCH,27-JAN-26 03:00:00,CST-6,27-JAN-26 06:00:00,0,0,0,0,0.00K,0.00K,C-MAN Station,NA,NA,NA,NA,NA,NA,NA,NA,NA,NA,NA,NA,NA,NA,NA,NA,NA,NA,NA,NA,NA,A second strong cold front moved into the region with high pressure slowly drifting across the area. This kept tides below normal for the end of the month.,The tide fell below -1 foot MLLW for multiple hours falling to a low of -1.29 foot at Cameron.,CSV
202601,27,300,202601,27,600,210377,1312475,LOUISIANA,22,2026,January,Astronomical Low Tide,Z,74,EAST CAMERON,22074,LCH,27-JAN-26 03:00:00,CST-6,27-JAN-26 06:00:00,0,0,0,0,0.00K,0.00K,C-MAN Station,NA,NA,NA,NA,NA,NA,NA,NA,NA,NA,NA,NA,NA,NA,NA,NA,NA,NA,NA,NA,NA,A second strong cold front moved into the region with high pressure slowly drifting across the area. This kept tides below normal for the end of the month.,The tide fell below -1 foot MLLW for multiple hours falling to a low of -1.29 foot at Cameron.,CSV
202601,27,145,202601,27,615,210377,1312476,LOUISIANA,22,2026,January,Astronomical Low Tide,Z,252,LOWER VERMILION PARISH,22252,LCH,27-JAN-26 01:45:00,CST-6,27-JAN-26 06:15:00,0,0,0,0,0.00K,0.00K,Other Federal Agency,NA,NA,NA,NA,NA,NA,NA,NA,NA,NA,NA,NA,NA,NA,NA,NA,NA,NA,NA,NA,NA,A second strong cold front moved into the region with high pressure slowly drifting across the area. This kept tides below normal for the end of the month.,The tide fell below -1 foot MLLW for multiple hours falling to a low of -1.2 foot at Freshwater Lock.,CSV
202601,27,330,202601,27,645,210377,1312477,LOUISIANA,22,2026,January,Astronomical Low Tide,Z,254,LOWER ST. MARY PARISH,22254,LCH,27-JAN-26 03:30:00,CST-6,27-JAN-26 06:45:00,0,0,0,0,0.00K,0.00K,C-MAN Station,NA,NA,NA,NA,NA,NA,NA,NA,NA,NA,NA,NA,NA,NA,NA,NA,NA,NA,NA,NA,NA,A second strong cold front moved into the region with high pressure slowly drifting across the area. This kept tides below normal for the end of the month.,The tide fell below -1 foot MLLW for multiple hours falling to a low of -1.22 foot at Eugene Island.,CSV
202601,28,400,202601,28,745,210377,1312478,LOUISIANA,22,2026,January,Astronomical Low Tide,Z,73,WEST CAMERON,22073,LCH,28-JAN-26 04:00:00,CST-6,28-JAN-26 07:45:00,0,0,0,0,0.00K,0.00K,C-MAN Station,NA,NA,NA,NA,NA,NA,NA,NA,NA,NA,NA,NA,NA,NA,NA,NA,NA,NA,NA,NA,NA,A second strong cold front moved into the region with high pressure slowly drifting across the area. This kept tides below normal for the end of the month.,The tide fell below -1 foot MLLW for multiple hours falling to a low of -1.41 foot at Cameron.,CSV
202601,28,400,202601,28,745,210377,1312479,LOUISIANA,22,2026,January,Astronomical Low Tide,Z,74,EAST CAMERON,22074,LCH,28-JAN-26 04:00:00,CST-6,28-JAN-26 07:45:00,0,0,0,0,0.00K,0.00K,C-MAN Station,NA,NA,NA,NA,NA,NA,NA,NA,NA,NA,NA,NA,NA,NA,NA,NA,NA,NA,NA,NA,NA,A second strong cold front moved into the region with high pressure slowly drifting across the area. This kept tides below normal for the end of the month.,The tide fell below -1 foot MLLW for multiple hours falling to a low of -1.41 foot at Cameron.,CSV
202601,28,400,202601,28,700,210377,1312483,LOUISIANA,22,2026,January,Astronomical Low Tide,Z,252,LOWER VERMILION PARISH,22252,LCH,28-JAN-26 04:00:00,CST-6,28-JAN-26 07:00:00,0,0,0,0,0.00K,0.00K,Other Federal Agency,NA,NA,NA,NA,NA,NA,NA,NA,NA,NA,NA,NA,NA,NA,NA,NA,NA,NA,NA,NA,NA,A second strong cold front moved into the region with high pressure slowly drifting across the area. This kept tides below normal for the end of the month.,The tide fell below -1 foot MLLW for multiple hours falling to a low of -1.32 foot at Freshwater Lock.,CSV
202601,29,415,202601,29,800,210377,1312500,LOUISIANA,22,2026,January,Astronomical Low Tide,Z,254,LOWER ST. MARY PARISH,22254,LCH,29-JAN-26 04:15:00,CST-6,29-JAN-26 08:00:00,0,0,0,0,0.00K,0.00K,C-MAN Station,NA,NA,NA,NA,NA,NA,NA,NA,NA,NA,NA,NA,NA,NA,NA,NA,NA,NA,NA,NA,NA,A second strong cold front moved into the region with high pressure slowly drifting across the area. This kept tides below normal for the end of the month.,The tide fell below -1 foot MLLW for multiple hours falling to a low of -1.31 foot at Eugene Island.,CSV
202601,29,345,202601,29,800,210377,1312502,LOUISIANA,22,2026,January,Astronomical Low Tide,Z,252,LOWER VERMILION PARISH,22252,LCH,29-JAN-26 03:45:00,CST-6,29-JAN-26 08:00:00,0,0,0,0,0.00K,0.00K,Other Federal Agency,NA,NA,NA,NA,NA,NA,NA,NA,NA,NA,NA,NA,NA,NA,NA,NA,NA,NA,NA,NA,NA,A second strong cold front moved into the region with high pressure slowly drifting across the area. This kept tides below normal for the end of the month.,The tide fell below -1 foot MLLW for multiple hours falling to a low of -1.53 foot at Freshwater Lock.,CSV
202601,30,545,202601,30,1115,210377,1312503,LOUISIANA,22,2026,January,Astronomical Low Tide,Z,252,LOWER VERMILION PARISH,22252,LCH,30-JAN-26 05:45:00,CST-6,30-JAN-26 11:15:00,0,0,0,0,0.00K,0.00K,Other Federal Agency,NA,NA,NA,NA,NA,NA,NA,NA,NA,NA,NA,NA,NA,NA,NA,NA,NA,NA,NA,NA,NA,A second strong cold front moved into the region with high pressure slowly drifting across the area. This kept tides below normal for the end of the month.,The tide fell below -1 foot MLLW for multiple hours falling to a low of -2.09 feet at Freshwater Lock.,CSV
202601,29,400,202601,29,845,210377,1312504,LOUISIANA,22,2026,January,Astronomical Low Tide,Z,73,WEST CAMERON,22073,LCH,29-JAN-26 04:00:00,CST-6,29-JAN-26 08:45:00,0,0,0,0,0.00K,0.00K,C-MAN Station,NA,NA,NA,NA,NA,NA,NA,NA,NA,NA,NA,NA,NA,NA,NA,NA,NA,NA,NA,NA,NA,A second strong cold front moved into the region with high pressure slowly drifting across the area. This kept tides below normal for the end of the month.,The tide fell below -1 foot MLLW for multiple hours falling to a low of -1.71 foot at Cameron.,CSV
202601,29,400,202601,29,845,210377,1312505,LOUISIANA,22,2026,January,Astronomical Low Tide,Z,74,EAST CAMERON,22074,LCH,29-JAN-26 04:00:00,CST-6,29-JAN-26 08:45:00,0,0,0,0,0.00K,0.00K,C-MAN Station,NA,NA,NA,NA,NA,NA,NA,NA,NA,NA,NA,NA,NA,NA,NA,NA,NA,NA,NA,NA,NA,A second strong cold front moved into the region with high pressure slowly drifting across the area. This kept tides below normal for the end of the month.,The tide fell below -1 foot MLLW for multiple hours falling to a low of -1.71 foot at Cameron.,CSV
202601,30,500,202601,30,1130,210377,1312506,LOUISIANA,22,2026,January,Astronomical Low Tide,Z,74,EAST CAMERON,22074,LCH,30-JAN-26 05:00:00,CST-6,30-JAN-26 11:30:00,0,0,0,0,0.00K,0.00K,C-MAN Station,NA,NA,NA,NA,NA,NA,NA,NA,NA,NA,NA,NA,NA,NA,NA,NA,NA,NA,NA,NA,NA,A second strong cold front moved into the region with high pressure slowly drifting across the area. This kept tides below normal for the end of the month.,The tide fell below -1 foot MLLW for multiple hours falling to a low of -2.53 feet at Cameron.,CSV
202601,30,500,202601,30,1130,210377,1312507,LOUISIANA,22,2026,January,Astronomical Low Tide,Z,73,WEST CAMERON,22073,LCH,30-JAN-26 05:00:00,CST-6,30-JAN-26 11:30:00,0,0,0,0,0.00K,0.00K,C-MAN Station,NA,NA,NA,NA,NA,NA,NA,NA,NA,NA,NA,NA,NA,NA,NA,NA,NA,NA,NA,NA,NA,A second strong cold front moved into the region with high pressure slowly drifting across the area. This kept tides below normal for the end of the month.,The tide fell below -1 foot MLLW for multiple hours falling to a low of -2.53 feet at Cameron.,CSV
202601,27,245,202601,27,600,210381,1312522,TEXAS,48,2026,January,Astronomical Low Tide,Z,615,LOWER JEFFERSON COUNTY,48615,LCH,27-JAN-26 02:45:00,CST-6,27-JAN-26 06:00:00,0,0,0,0,0.00K,0.00K,C-MAN Station,NA,NA,NA,NA,NA,NA,NA,NA,NA,NA,NA,NA,NA,NA,NA,NA,NA,NA,NA,NA,NA,A second strong cold front moved into the region with high pressure slowly drifting across the area. This kept tides below normal for the end of the month at Sabine Pass.,The tide fell below -1 foot MLLW for multiple hours falling to a low of -1.24 foot at Sabine Pass.,CSV
202601,28,330,202601,28,745,210381,1312523,TEXAS,48,2026,January,Astronomical Low Tide,Z,615,LOWER JEFFERSON COUNTY,48615,LCH,28-JAN-26 03:30:00,CST-6,28-JAN-26 07:45:00,0,0,0,0,0.00K,0.00K,C-MAN Station,NA,NA,NA,NA,NA,NA,NA,NA,NA,NA,NA,NA,NA,NA,NA,NA,NA,NA,NA,NA,NA,A second strong cold front moved into the region with high pressure slowly drifting across the area. This kept tides below normal for the end of the month at Sabine Pass.,The tide fell below -1 foot MLLW for multiple hours falling to a low of -1.41 foot at Sabine Pass.,CSV
202601,29,400,202601,29,845,210381,1312524,TEXAS,48,2026,January,Astronomical Low Tide,Z,615,LOWER JEFFERSON COUNTY,48615,LCH,29-JAN-26 04:00:00,CST-6,29-JAN-26 08:45:00,0,0,0,0,0.00K,0.00K,C-MAN Station,NA,NA,NA,NA,NA,NA,NA,NA,NA,NA,NA,NA,NA,NA,NA,NA,NA,NA,NA,NA,NA,A second strong cold front moved into the region with high pressure slowly drifting across the area. This kept tides below normal for the end of the month at Sabine Pass.,The tide fell below -1 foot MLLW for multiple hours falling to a low of -1.71 foot at Sabine Pass.,CSV
202601,30,500,202601,30,1130,210381,1312525,TEXAS,48,2026,January,Astronomical Low Tide,Z,615,LOWER JEFFERSON COUNTY,48615,LCH,30-JAN-26 05:00:00,CST-6,30-JAN-26 11:30:00,0,0,0,0,0.00K,0.00K,C-MAN Station,NA,NA,NA,NA,NA,NA,NA,NA,NA,NA,NA,NA,NA,NA,NA,NA,NA,NA,NA,NA,NA,A second strong cold front moved into the region with high pressure slowly drifting across the area. This kept tides below normal for the end of the month at Sabine Pass.,The tide fell below -1 foot MLLW for multiple hours falling to a low of -2.53 feet at Sabine Pass.,CSV
202601,26,130,202601,26,545,210381,1312517,TEXAS,48,2026,January,Astronomical Low Tide,Z,615,LOWER JEFFERSON COUNTY,48615,LCH,26-JAN-26 01:30:00,CST-6,26-JAN-26 05:45:00,0,0,0,0,0.00K,0.00K,C-MAN Station,NA,NA,NA,NA,NA,NA,NA,NA,NA,NA,NA,NA,NA,NA,NA,NA,NA,NA,NA,NA,NA,A second strong cold front moved into the region with high pressure slowly drifting across the area. This kept tides below normal for the end of the month at Sabine Pass.,The tide fell below -1 foot MLLW for multiple hours falling to a low of -1.32 foot at Sabine Pass.,CSV
202601,31,515,202601,31,1245,210378,1312508,LOUISIANA,22,2026,January,Astronomical Low Tide,Z,74,EAST CAMERON,22074,LCH,31-JAN-26 05:15:00,CST-6,31-JAN-26 12:45:00,0,0,0,0,0.00K,0.00K,C-MAN Station,NA,NA,NA,NA,NA,NA,NA,NA,NA,NA,NA,NA,NA,NA,NA,NA,NA,NA,NA,NA,NA,Very strong north winds pushed tides well below normal.,The tide fell below -1 foot MLLW for multiple hours falling to a low of -2.79 feet at Cameron.,CSV
202601,31,515,202601,31,1245,210378,1312509,LOUISIANA,22,2026,January,Astronomical Low Tide,Z,73,WEST CAMERON,22073,LCH,31-JAN-26 05:15:00,CST-6,31-JAN-26 12:45:00,0,0,0,0,0.00K,0.00K,C-MAN Station,NA,NA,NA,NA,NA,NA,NA,NA,NA,NA,NA,NA,NA,NA,NA,NA,NA,NA,NA,NA,NA,Very strong north winds pushed tides well below normal.,The tide fell below -1 foot MLLW for multiple hours falling to a low of -2.79 feet at Cameron.,CSV
202601,31,430,202601,31,1315,210378,1312510,LOUISIANA,22,2026,January,Astronomical Low Tide,Z,252,LOWER VERMILION PARISH,22252,LCH,31-JAN-26 04:30:00,CST-6,31-JAN-26 13:15:00,0,0,0,0,0.00K,0.00K,Other Federal Agency,NA,NA,NA,NA,NA,NA,NA,NA,NA,NA,NA,NA,NA,NA,NA,NA,NA,NA,NA,NA,NA,Very strong north winds pushed tides well below normal.,The tide fell below -1 foot MLLW for multiple hours falling to a low of -3.47 feet at Freshwater Lock.,CSV
202601,31,545,202601,31,1400,210378,1312511,LOUISIANA,22,2026,January,Astronomical Low Tide,Z,254,LOWER ST. MARY PARISH,22254,LCH,31-JAN-26 05:45:00,CST-6,31-JAN-26 14:00:00,0,0,0,0,0.00K,0.00K,C-MAN Station,NA,NA,NA,NA,NA,NA,NA,NA,NA,NA,NA,NA,NA,NA,NA,NA,NA,NA,NA,NA,NA,Very strong north winds pushed tides well below normal.,The tide fell below -1 foot MLLW for multiple hours falling to a low of -2.13 feet at Eugene Island.,CSV
202601,31,515,202601,31,1245,210384,1312526,TEXAS,48,2026,January,Astronomical Low Tide,Z,615,LOWER JEFFERSON COUNTY,48615,LCH,31-JAN-26 05:15:00,CST-6,31-JAN-26 12:45:00,0,0,0,0,0.00K,0.00K,C-MAN Station,NA,NA,NA,NA,NA,NA,NA,NA,NA,NA,NA,NA,NA,NA,NA,NA,NA,NA,NA,NA,NA,Very strong north winds pushed tides well below normal at Sabine Pass.,The tide fell below -1 foot MLLW for multiple hours falling to a low of -2.78 feet at Sabine Pass.,CSV
202603,12,400,202603,12,730,211962,1327379,TEXAS,48,2026,March,Astronomical Low Tide,Z,615,LOWER JEFFERSON COUNTY,48615,LCH,12-MAR-26 04:00:00,CST-6,12-MAR-26 07:30:00,0,0,0,0,0.00K,0.00K,C-MAN Station,NA,NA,NA,NA,NA,NA,NA,NA,NA,NA,NA,NA,NA,NA,NA,NA,NA,NA,NA,NA,NA,"A series of upper level disturbances pushed through southeast Texas causing multiple days of stormy weather. A pair of severe weather reports were received. Behind the fast paced fronts that caused the unsettled weather, tides fell below normal.",The tide gage at Sabine Pass fell below -1 foot MLLW for multiple hours. The tide fell to a low of -1.23 foot MLLW.,CSV
202603,16,500,202603,16,1100,211962,1327382,TEXAS,48,2026,March,Astronomical Low Tide,Z,615,LOWER JEFFERSON COUNTY,48615,LCH,16-MAR-26 05:00:00,CST-6,16-MAR-26 11:00:00,0,0,0,0,0.00K,0.00K,C-MAN Station,NA,NA,NA,NA,NA,NA,NA,NA,NA,NA,NA,NA,NA,NA,NA,NA,NA,NA,NA,NA,NA,"A series of upper level disturbances pushed through southeast Texas causing multiple days of stormy weather. A pair of severe weather reports were received. Behind the fast paced fronts that caused the unsettled weather, tides fell below normal.",The tide gage at Sabine Pass fell below -1 foot MLLW for multiple hours. The tide fell to a low of -1.9 foot MLLW.,CSV
202603,12,400,202603,12,800,211963,1327385,LOUISIANA,22,2026,March,Astronomical Low Tide,Z,73,WEST CAMERON,22073,LCH,12-MAR-26 04:00:00,CST-6,12-MAR-26 08:00:00,0,0,0,0,0.00K,0.00K,C-MAN Station,NA,NA,NA,NA,NA,NA,NA,NA,NA,NA,NA,NA,NA,NA,NA,NA,NA,NA,NA,NA,NA,"A series of upper disturbances and fast moving cold fronts cause multiple rounds of stormy weather across portions of Louisiana. Several severe storms occurred. Behind the fast paced systems, tides fell below normal.",The tide gage at Cameron fell below -1 foot MLLW for multiple hours. The tide fell to a low of -1.3 foot MLLW.,CSV
202603,12,400,202603,12,930,211963,1327387,LOUISIANA,22,2026,March,Astronomical Low Tide,Z,252,LOWER VERMILION PARISH,22252,LCH,12-MAR-26 04:00:00,CST-6,12-MAR-26 09:30:00,0,0,0,0,0.00K,0.00K,Other Federal Agency,NA,NA,NA,NA,NA,NA,NA,NA,NA,NA,NA,NA,NA,NA,NA,NA,NA,NA,NA,NA,NA,"A series of upper disturbances and fast moving cold fronts cause multiple rounds of stormy weather across portions of Louisiana. Several severe storms occurred. Behind the fast paced systems, tides fell below normal.",The tide gage at Freshwater Lock fell below -1 foot MLLW for multiple hours. The tide fell to a low of -2.17 foot MLLW.,CSV
202603,16,400,202603,16,1200,211963,1327388,LOUISIANA,22,2026,March,Astronomical Low Tide,Z,252,LOWER VERMILION PARISH,22252,LCH,16-MAR-26 04:00:00,CST-6,16-MAR-26 12:00:00,0,0,0,0,0.00K,0.00K,Other Federal Agency,NA,NA,NA,NA,NA,NA,NA,NA,NA,NA,NA,NA,NA,NA,NA,NA,NA,NA,NA,NA,NA,"A series of upper disturbances and fast moving cold fronts cause multiple rounds of stormy weather across portions of Louisiana. Several severe storms occurred. Behind the fast paced systems, tides fell below normal.",The tide gage at Freshwater Lock fell below -1 foot MLLW for multiple hours. The tide fell to a low of -2.8 foot MLLW.,CSV
202603,16,415,202603,16,1115,211963,1327389,LOUISIANA,22,2026,March,Astronomical Low Tide,Z,74,EAST CAMERON,22074,LCH,16-MAR-26 04:15:00,CST-6,16-MAR-26 11:15:00,0,0,0,0,0.00K,0.00K,C-MAN Station,NA,NA,NA,NA,NA,NA,NA,NA,NA,NA,NA,NA,NA,NA,NA,NA,NA,NA,NA,NA,NA,"A series of upper disturbances and fast moving cold fronts cause multiple rounds of stormy weather across portions of Louisiana. Several severe storms occurred. Behind the fast paced systems, tides fell below normal.",The tide gage at Cameron fell below -1 foot MLLW for multiple hours. The tide fell to a low of -2.09 foot MLLW.,CSV
202603,16,415,202603,16,1115,211963,1327391,LOUISIANA,22,2026,March,Astronomical Low Tide,Z,73,WEST CAMERON,22073,LCH,16-MAR-26 04:15:00,CST-6,16-MAR-26 11:15:00,0,0,0,0,0.00K,0.00K,C-MAN Station,NA,NA,NA,NA,NA,NA,NA,NA,NA,NA,NA,NA,NA,NA,NA,NA,NA,NA,NA,NA,NA,"A series of upper disturbances and fast moving cold fronts cause multiple rounds of stormy weather across portions of Louisiana. Several severe storms occurred. Behind the fast paced systems, tides fell below normal.",The tide gage at Cameron fell below -1 foot MLLW for multiple hours. The tide fell to a low of -2.09 foot MLLW.,CSV
202603,12,400,202603,12,800,211963,1327386,LOUISIANA,22,2026,March,Astronomical Low Tide,Z,74,EAST CAMERON,22074,LCH,12-MAR-26 04:00:00,CST-6,12-MAR-26 08:00:00,0,0,0,0,0.00K,0.00K,C-MAN Station,NA,NA,NA,NA,NA,NA,NA,NA,NA,NA,NA,NA,NA,NA,NA,NA,NA,NA,NA,NA,NA,"A series of upper disturbances and fast moving cold fronts cause multiple rounds of stormy weather across portions of Louisiana. Several severe storms occurred. Behind the fast paced systems, tides fell below normal.",The tide gage at Cameron fell below -1 foot MLLW for multiple hours. The tide fell to a low of -1.3 foot MLLW.,CSV
202604,27,1700,202604,30,2359,213226,1335038,FLORIDA,12,2026,April,Astronomical Low Tide,Z,172,COASTAL BROWARD COUNTY,12172,MFL,27-APR-26 17:00:00,EST-5,30-APR-26 23:59:00,0,0,0,0,0.00K,0.00K,Park/Forest Service,NA,NA,NA,NA,NA,NA,NA,NA,NA,NA,NA,NA,NA,NA,NA,NA,NA,NA,NA,NA,NA,Long-term drought combined with generally dry conditions to provide an environment where any fires that start could spread and linger.,"The National Interagency Fire Center reported that the Highway 41 Wildfire reached 9,149 acres before being fully contained on May 4, 2026. The fire started on April 27th, 2026.",CSV
202602,23,0,202602,23,400,211335,1320297,LOUISIANA,22,2026,February,Astronomical Low Tide,Z,73,WEST CAMERON,22073,LCH,23-FEB-26 00:00:00,CST-6,23-FEB-26 04:00:00,0,0,0,0,0.00K,0.00K,C-MAN Station,NA,NA,NA,NA,NA,NA,NA,NA,NA,NA,NA,NA,NA,NA,NA,NA,NA,NA,NA,NA,NA,Strong north winds behind a cold front pushed tides below normal across the south Louisiana coast.,The tide at Cameron fell below -1 foot MLLW for multiple hours. The tide hit a low of -1.5 feet.,CSV
202602,1,900,202602,1,1300,211333,1320293,LOUISIANA,22,2026,February,Astronomical Low Tide,Z,254,LOWER ST. MARY PARISH,22254,LCH,01-FEB-26 09:00:00,CST-6,01-FEB-26 13:00:00,0,0,0,0,0.00K,0.00K,C-MAN Station,NA,NA,NA,NA,NA,NA,NA,NA,NA,NA,NA,NA,NA,NA,NA,NA,NA,NA,NA,NA,NA,A strong cold front moved through south Louisiana during the end of January. This pushed the tides below normal into February.,The tide at Amerada Pass fell below -1 foot MLLW for multiple hours. The tide hit a low of -1.26 feet.,CSV
202602,22,130,202602,22,300,211334,1320294,TEXAS,48,2026,February,Astronomical Low Tide,Z,615,LOWER JEFFERSON COUNTY,48615,LCH,22-FEB-26 01:30:00,CST-6,22-FEB-26 03:00:00,0,0,0,0,0.00K,0.00K,C-MAN Station,NA,NA,NA,NA,NA,NA,NA,NA,NA,NA,NA,NA,NA,NA,NA,NA,NA,NA,NA,NA,NA,Strong north winds behind a cold front pushed tides below normal.,The tide at Sabine Pass fell below -1 foot MLLW for multiple hours. The tide hit a low of -1.11 feet.,CSV
202602,23,15,202602,23,415,211334,1320295,TEXAS,48,2026,February,Astronomical Low Tide,Z,615,LOWER JEFFERSON COUNTY,48615,LCH,23-FEB-26 00:15:00,CST-6,23-FEB-26 04:15:00,0,0,0,0,0.00K,0.00K,C-MAN Station,NA,NA,NA,NA,NA,NA,NA,NA,NA,NA,NA,NA,NA,NA,NA,NA,NA,NA,NA,NA,NA,Strong north winds behind a cold front pushed tides below normal.,The tide at Sabine Pass fell below -1 foot MLLW for multiple hours. The tide hit a low of -1.51 feet.,CSV
202602,22,130,202602,22,315,211335,1320296,LOUISIANA,22,2026,February,Astronomical Low Tide,Z,73,WEST CAMERON,22073,LCH,22-FEB-26 01:30:00,CST-6,22-FEB-26 03:15:00,0,0,0,0,0.00K,0.00K,C-MAN Station,NA,NA,NA,NA,NA,NA,NA,NA,NA,NA,NA,NA,NA,NA,NA,NA,NA,NA,NA,NA,NA,Strong north winds behind a cold front pushed tides below normal across the south Louisiana coast.,The tide at Cameron fell below -1 foot MLLW for multiple hours. The tide hit a low of -1.06 feet.,CSV
202602,22,130,202602,22,315,211335,1320298,LOUISIANA,22,2026,February,Astronomical Low Tide,Z,74,EAST CAMERON,22074,LCH,22-FEB-26 01:30:00,CST-6,22-FEB-26 03:15:00,0,0,0,0,0.00K,0.00K,C-MAN Station,NA,NA,NA,NA,NA,NA,NA,NA,NA,NA,NA,NA,NA,NA,NA,NA,NA,NA,NA,NA,NA,Strong north winds behind a cold front pushed tides below normal across the south Louisiana coast.,The tide at Cameron fell below -1 foot MLLW for multiple hours. The tide hit a low of -1.06 feet.,CSV
202602,23,0,202602,23,400,211335,1320299,LOUISIANA,22,2026,February,Astronomical Low Tide,Z,74,EAST CAMERON,22074,LCH,23-FEB-26 00:00:00,CST-6,23-FEB-26 04:00:00,0,0,0,0,0.00K,0.00K,C-MAN Station,NA,NA,NA,NA,NA,NA,NA,NA,NA,NA,NA,NA,NA,NA,NA,NA,NA,NA,NA,NA,NA,Strong north winds behind a cold front pushed tides below normal across the south Louisiana coast.,The tide at Cameron fell below -1 foot MLLW for multiple hours. The tide hit a low of -1.5 feet.,CSV
202602,22,0,202602,22,500,211335,1320300,LOUISIANA,22,2026,February,Astronomical Low Tide,Z,252,LOWER VERMILION PARISH,22252,LCH,22-FEB-26 00:00:00,CST-6,22-FEB-26 05:00:00,0,0,0,0,0.00K,0.00K,Other Federal Agency,NA,NA,NA,NA,NA,NA,NA,NA,NA,NA,NA,NA,NA,NA,NA,NA,NA,NA,NA,NA,NA,Strong north winds behind a cold front pushed tides below normal across the south Louisiana coast.,The tide at Freshwater Lock fell below -1 foot MLLW for multiple hours. The tide hit a low of -1.72 feet.,CSV
202602,22,2300,202602,23,400,211335,1320301,LOUISIANA,22,2026,February,Astronomical Low Tide,Z,252,LOWER VERMILION PARISH,22252,LCH,22-FEB-26 23:00:00,CST-6,23-FEB-26 04:00:00,0,0,0,0,0.00K,0.00K,Other Federal Agency,NA,NA,NA,NA,NA,NA,NA,NA,NA,NA,NA,NA,NA,NA,NA,NA,NA,NA,NA,NA,NA,Strong north winds behind a cold front pushed tides below normal across the south Louisiana coast.,The tide at Freshwater Lock fell below -1 foot MLLW for multiple hours. The tide hit a low of -1.56 feet.,CSV
202602,1,600,202602,1,1200,211332,1320287,TEXAS,48,2026,February,Astronomical Low Tide,Z,615,LOWER JEFFERSON COUNTY,48615,LCH,01-FEB-26 06:00:00,CST-6,01-FEB-26 12:00:00,0,0,0,0,0.00K,0.00K,C-MAN Station,NA,NA,NA,NA,NA,NA,NA,NA,NA,NA,NA,NA,NA,NA,NA,NA,NA,NA,NA,NA,NA,Strong north winds behind a late January cold front kept tides low into early February.,The tide at Sabine Pass fell below -1 foot MLLW for multiple hours. The tide hit a low of -2.17 feet.,CSV
202602,2,730,202602,2,1300,211332,1320288,TEXAS,48,2026,February,Astronomical Low Tide,Z,615,LOWER JEFFERSON COUNTY,48615,LCH,02-FEB-26 07:30:00,CST-6,02-FEB-26 13:00:00,0,0,0,0,0.00K,0.00K,C-MAN Station,NA,NA,NA,NA,NA,NA,NA,NA,NA,NA,NA,NA,NA,NA,NA,NA,NA,NA,NA,NA,NA,Strong north winds behind a late January cold front kept tides low into early February.,The tide at Sabine Pass fell below -1 foot MLLW for multiple hours. The tide hit a low of -1.87 feet.,CSV
202602,1,600,202602,1,1200,211333,1320289,LOUISIANA,22,2026,February,Astronomical Low Tide,Z,73,WEST CAMERON,22073,LCH,01-FEB-26 06:00:00,CST-6,01-FEB-26 12:00:00,0,0,0,0,0.00K,0.00K,C-MAN Station,NA,NA,NA,NA,NA,NA,NA,NA,NA,NA,NA,NA,NA,NA,NA,NA,NA,NA,NA,NA,NA,A strong cold front moved through south Louisiana during the end of January. This pushed the tides below normal into February.,The tide at Cameron fell below -1 foot MLLW for multiple hours. The tide hit a low of -2.27 feet.,CSV
202602,1,600,202602,1,1200,211333,1320290,LOUISIANA,22,2026,February,Astronomical Low Tide,Z,74,EAST CAMERON,22074,LCH,01-FEB-26 06:00:00,CST-6,01-FEB-26 12:00:00,0,0,0,0,0.00K,0.00K,C-MAN Station,NA,NA,NA,NA,NA,NA,NA,NA,NA,NA,NA,NA,NA,NA,NA,NA,NA,NA,NA,NA,NA,A strong cold front moved through south Louisiana during the end of January. This pushed the tides below normal into February.,The tide at Cameron fell below -1 foot MLLW for multiple hours. The tide hit a low of -1.77 feet.,CSV
202602,1,600,202602,1,1130,211333,1320291,LOUISIANA,22,2026,February,Astronomical Low Tide,Z,252,LOWER VERMILION PARISH,22252,LCH,01-FEB-26 06:00:00,CST-6,01-FEB-26 11:30:00,0,0,0,0,0.00K,0.00K,Other Federal Agency,NA,NA,NA,NA,NA,NA,NA,NA,NA,NA,NA,NA,NA,NA,NA,NA,NA,NA,NA,NA,NA,A strong cold front moved through south Louisiana during the end of January. This pushed the tides below normal into February.,The tide at Freshwater Lock fell below -1 foot MLLW for multiple hours. The tide hit a low of -2.47 feet.,CSV
202602,2,730,202602,2,1200,211333,1320292,LOUISIANA,22,2026,February,Astronomical Low Tide,Z,252,LOWER VERMILION PARISH,22252,LCH,02-FEB-26 07:30:00,CST-6,02-FEB-26 12:00:00,0,0,0,0,0.00K,0.00K,Other Federal Agency,NA,NA,NA,NA,NA,NA,NA,NA,NA,NA,NA,NA,NA,NA,NA,NA,NA,NA,NA,NA,NA,A strong cold front moved through south Louisiana during the end of January. This pushed the tides below normal into February.,The tide at Freshwater Lock fell below -1 foot MLLW for multiple hours. The tide hit a low of -1.84 feet.,CSV
