BEGIN_YEARMONTH,BEGIN_DAY,BEGIN_TIME,END_YEARMONTH,END_DAY,END_TIME,EPISODE_ID,EVENT_ID,STATE,STATE_FIPS,YEAR,MONTH_NAME,EVENT_TYPE,CZ_TYPE,CZ_FIPS,CZ_NAME,cty_fips,WFO,BEGIN_DATE_TIME,CZ_TIMEZONE,END_DATE_TIME,INJURIES_DIRECT,INJURIES_INDIRECT,DEATHS_DIRECT,DEATHS_INDIRECT,DAMAGE_PROPERTY,DAMAGE_CROPS,SOURCE,MAGNITUDE,MAGNITUDE_TYPE,FLOOD_CAUSE,CATEGORY,TOR_F_SCALE,TOR_LENGTH,TOR_WIDTH,TOR_OTHER_WFO,TOR_OTHER_CZ_STATE,TOR_OTHER_CZ_FIPS,TOR_OTHER_CZ_NAME,BEGIN_RANGE,BEGIN_AZIMUTH,BEGIN_LOCATION,END_RANGE,END_AZIMUTH,END_LOCATION,BEGIN_LAT,BEGIN_LON,END_LAT,END_LON,EPISODE_NARRATIVE,EVENT_NARRATIVE,DATA_SOURCE
199612,17,300,199612,17,700,2053546,5578989,TEXAS,48,1996,December,Freezing Fog,Z,138,HARRISON,48138,SHV,17-DEC-96 03:00:00,CST,17-DEC-96 07:00:00,0,0,0,0,NA,NA,NA,NA,NA,NA,NA,NA,NA,NA,NA,NA,NA,NA,NA,NA,NA,NA,NA,NA,NA,NA,NA,NA,"Cold air settled over relatively warm ground resulting in the formation of dense fog.  As temperatures dropped below freezing the fog began to freeze upon contact to roads, bridges, and overpasses.  Numerous automobile accidents were recorded during the early morning hours especially across I-20 stretching from Longview, TX to Monroe, LA.",NA,PDC
199612,17,300,199612,17,700,2053546,5578990,TEXAS,48,1996,December,Freezing Fog,Z,150,RUSK,48150,SHV,17-DEC-96 03:00:00,CST,17-DEC-96 07:00:00,0,0,0,0,NA,NA,NA,NA,NA,NA,NA,NA,NA,NA,NA,NA,NA,NA,NA,NA,NA,NA,NA,NA,NA,NA,NA,NA,"Cold air settled over relatively warm ground resulting in the formation of dense fog.  As temperatures dropped below freezing the fog began to freeze upon contact to roads, bridges, and overpasses.  Numerous automobile accidents were recorded during the early morning hours especially across I-20 stretching from Longview, TX to Monroe, LA.",NA,PDC
199612,17,300,199612,17,700,2053545,5578978,LOUISIANA,22,1996,December,Freezing Fog,Z,4,CLAIBORNE,22004,SHV,17-DEC-96 03:00:00,CST,17-DEC-96 07:00:00,0,0,0,0,NA,NA,NA,NA,NA,NA,NA,NA,NA,NA,NA,NA,NA,NA,NA,NA,NA,NA,NA,NA,NA,NA,NA,NA,"Cold air settled in over relatively warm ground resulting in the formation of dense fog. Temperatures dropped below freezing and the dense fog quickly froze upon contact with roads, bridges and overpasses. Numerous automobile accidents were recorded including I-20 stretching from Longview, TX to Monroe, LA.  I-220 in Shreveport was closed for several hours due to ice accumulation.  I-49 was closed from DeSoto Parish to Caddo Parish.",NA,PDC
199612,17,300,199612,17,700,2053545,5578979,LOUISIANA,22,1996,December,Freezing Fog,Z,5,LINCOLN,22005,SHV,17-DEC-96 03:00:00,CST,17-DEC-96 07:00:00,0,0,0,0,NA,NA,NA,NA,NA,NA,NA,NA,NA,NA,NA,NA,NA,NA,NA,NA,NA,NA,NA,NA,NA,NA,NA,NA,"Cold air settled in over relatively warm ground resulting in the formation of dense fog. Temperatures dropped below freezing and the dense fog quickly froze upon contact with roads, bridges and overpasses. Numerous automobile accidents were recorded including I-20 stretching from Longview, TX to Monroe, LA.  I-220 in Shreveport was closed for several hours due to ice accumulation.  I-49 was closed from DeSoto Parish to Caddo Parish.",NA,PDC
199612,17,300,199612,17,700,2053545,5578985,LOUISIANA,22,1996,December,Freezing Fog,Z,14,OUACHITA,22014,SHV,17-DEC-96 03:00:00,CST,17-DEC-96 07:00:00,0,0,0,0,NA,NA,NA,NA,NA,NA,NA,NA,NA,NA,NA,NA,NA,NA,NA,NA,NA,NA,NA,NA,NA,NA,NA,NA,"Cold air settled in over relatively warm ground resulting in the formation of dense fog. Temperatures dropped below freezing and the dense fog quickly froze upon contact with roads, bridges and overpasses. Numerous automobile accidents were recorded including I-20 stretching from Longview, TX to Monroe, LA.  I-220 in Shreveport was closed for several hours due to ice accumulation.  I-49 was closed from DeSoto Parish to Caddo Parish.",NA,PDC
199612,17,300,199612,17,700,2053546,5578986,TEXAS,48,1996,December,Freezing Fog,Z,125,UPSHUR,48125,SHV,17-DEC-96 03:00:00,CST,17-DEC-96 07:00:00,0,0,0,0,NA,NA,NA,NA,NA,NA,NA,NA,NA,NA,NA,NA,NA,NA,NA,NA,NA,NA,NA,NA,NA,NA,NA,NA,"Cold air settled over relatively warm ground resulting in the formation of dense fog.  As temperatures dropped below freezing the fog began to freeze upon contact to roads, bridges, and overpasses.  Numerous automobile accidents were recorded during the early morning hours especially across I-20 stretching from Longview, TX to Monroe, LA.",NA,PDC
199612,17,300,199612,17,700,2053546,5578987,TEXAS,48,1996,December,Freezing Fog,Z,126,MARION,48126,SHV,17-DEC-96 03:00:00,CST,17-DEC-96 07:00:00,0,0,0,0,NA,NA,NA,NA,NA,NA,NA,NA,NA,NA,NA,NA,NA,NA,NA,NA,NA,NA,NA,NA,NA,NA,NA,NA,"Cold air settled over relatively warm ground resulting in the formation of dense fog.  As temperatures dropped below freezing the fog began to freeze upon contact to roads, bridges, and overpasses.  Numerous automobile accidents were recorded during the early morning hours especially across I-20 stretching from Longview, TX to Monroe, LA.",NA,PDC
199612,17,300,199612,17,700,2053546,5578988,TEXAS,48,1996,December,Freezing Fog,Z,137,GREGG,48137,SHV,17-DEC-96 03:00:00,CST,17-DEC-96 07:00:00,0,0,0,0,NA,NA,NA,NA,NA,NA,NA,NA,NA,NA,NA,NA,NA,NA,NA,NA,NA,NA,NA,NA,NA,NA,NA,NA,"Cold air settled over relatively warm ground resulting in the formation of dense fog.  As temperatures dropped below freezing the fog began to freeze upon contact to roads, bridges, and overpasses.  Numerous automobile accidents were recorded during the early morning hours especially across I-20 stretching from Longview, TX to Monroe, LA.",NA,PDC
199612,17,300,199612,17,700,2053546,5578991,TEXAS,48,1996,December,Freezing Fog,Z,151,PANOLA,48151,SHV,17-DEC-96 03:00:00,CST,17-DEC-96 07:00:00,0,0,0,0,NA,NA,NA,NA,NA,NA,NA,NA,NA,NA,NA,NA,NA,NA,NA,NA,NA,NA,NA,NA,NA,NA,NA,NA,"Cold air settled over relatively warm ground resulting in the formation of dense fog.  As temperatures dropped below freezing the fog began to freeze upon contact to roads, bridges, and overpasses.  Numerous automobile accidents were recorded during the early morning hours especially across I-20 stretching from Longview, TX to Monroe, LA.",NA,PDC
199612,17,300,199612,17,700,2053545,5578980,LOUISIANA,22,1996,December,Freezing Fog,Z,6,UNION,22006,SHV,17-DEC-96 03:00:00,CST,17-DEC-96 07:00:00,0,0,0,0,NA,NA,NA,NA,NA,NA,NA,NA,NA,NA,NA,NA,NA,NA,NA,NA,NA,NA,NA,NA,NA,NA,NA,NA,"Cold air settled in over relatively warm ground resulting in the formation of dense fog. Temperatures dropped below freezing and the dense fog quickly froze upon contact with roads, bridges and overpasses. Numerous automobile accidents were recorded including I-20 stretching from Longview, TX to Monroe, LA.  I-220 in Shreveport was closed for several hours due to ice accumulation.  I-49 was closed from DeSoto Parish to Caddo Parish.",NA,PDC
199612,17,300,199612,17,700,2053545,5578977,LOUISIANA,22,1996,December,Freezing Fog,Z,3,WEBSTER,22003,SHV,17-DEC-96 03:00:00,CST,17-DEC-96 07:00:00,0,0,0,0,NA,NA,NA,NA,NA,NA,NA,NA,NA,NA,NA,NA,NA,NA,NA,NA,NA,NA,NA,NA,NA,NA,NA,NA,"Cold air settled in over relatively warm ground resulting in the formation of dense fog. Temperatures dropped below freezing and the dense fog quickly froze upon contact with roads, bridges and overpasses. Numerous automobile accidents were recorded including I-20 stretching from Longview, TX to Monroe, LA.  I-220 in Shreveport was closed for several hours due to ice accumulation.  I-49 was closed from DeSoto Parish to Caddo Parish.",NA,PDC
199612,17,300,199612,17,700,2053545,5578975,LOUISIANA,22,1996,December,Freezing Fog,Z,1,CADDO,22001,SHV,17-DEC-96 03:00:00,CST,17-DEC-96 07:00:00,0,0,0,0,NA,NA,NA,NA,NA,NA,NA,NA,NA,NA,NA,NA,NA,NA,NA,NA,NA,NA,NA,NA,NA,NA,NA,NA,"Cold air settled in over relatively warm ground resulting in the formation of dense fog. Temperatures dropped below freezing and the dense fog quickly froze upon contact with roads, bridges and overpasses. Numerous automobile accidents were recorded including I-20 stretching from Longview, TX to Monroe, LA.  I-220 in Shreveport was closed for several hours due to ice accumulation.  I-49 was closed from DeSoto Parish to Caddo Parish.",NA,PDC
199612,17,300,199612,17,700,2053545,5578982,LOUISIANA,22,1996,December,Freezing Fog,Z,11,RED RIVER,22011,SHV,17-DEC-96 03:00:00,CST,17-DEC-96 07:00:00,0,0,0,0,NA,NA,NA,NA,NA,NA,NA,NA,NA,NA,NA,NA,NA,NA,NA,NA,NA,NA,NA,NA,NA,NA,NA,NA,"Cold air settled in over relatively warm ground resulting in the formation of dense fog. Temperatures dropped below freezing and the dense fog quickly froze upon contact with roads, bridges and overpasses. Numerous automobile accidents were recorded including I-20 stretching from Longview, TX to Monroe, LA.  I-220 in Shreveport was closed for several hours due to ice accumulation.  I-49 was closed from DeSoto Parish to Caddo Parish.",NA,PDC
199612,17,300,199612,17,700,2053545,5578983,LOUISIANA,22,1996,December,Freezing Fog,Z,12,BIENVILLE,22012,SHV,17-DEC-96 03:00:00,CST,17-DEC-96 07:00:00,0,0,0,0,NA,NA,NA,NA,NA,NA,NA,NA,NA,NA,NA,NA,NA,NA,NA,NA,NA,NA,NA,NA,NA,NA,NA,NA,"Cold air settled in over relatively warm ground resulting in the formation of dense fog. Temperatures dropped below freezing and the dense fog quickly froze upon contact with roads, bridges and overpasses. Numerous automobile accidents were recorded including I-20 stretching from Longview, TX to Monroe, LA.  I-220 in Shreveport was closed for several hours due to ice accumulation.  I-49 was closed from DeSoto Parish to Caddo Parish.",NA,PDC
199612,17,300,199612,17,700,2053545,5578984,LOUISIANA,22,1996,December,Freezing Fog,Z,13,JACKSON,22013,SHV,17-DEC-96 03:00:00,CST,17-DEC-96 07:00:00,0,0,0,0,NA,NA,NA,NA,NA,NA,NA,NA,NA,NA,NA,NA,NA,NA,NA,NA,NA,NA,NA,NA,NA,NA,NA,NA,"Cold air settled in over relatively warm ground resulting in the formation of dense fog. Temperatures dropped below freezing and the dense fog quickly froze upon contact with roads, bridges and overpasses. Numerous automobile accidents were recorded including I-20 stretching from Longview, TX to Monroe, LA.  I-220 in Shreveport was closed for several hours due to ice accumulation.  I-49 was closed from DeSoto Parish to Caddo Parish.",NA,PDC
199612,17,300,199612,17,700,2053545,5578976,LOUISIANA,22,1996,December,Freezing Fog,Z,2,BOSSIER,22002,SHV,17-DEC-96 03:00:00,CST,17-DEC-96 07:00:00,0,0,0,0,NA,NA,NA,NA,NA,NA,NA,NA,NA,NA,NA,NA,NA,NA,NA,NA,NA,NA,NA,NA,NA,NA,NA,NA,"Cold air settled in over relatively warm ground resulting in the formation of dense fog. Temperatures dropped below freezing and the dense fog quickly froze upon contact with roads, bridges and overpasses. Numerous automobile accidents were recorded including I-20 stretching from Longview, TX to Monroe, LA.  I-220 in Shreveport was closed for several hours due to ice accumulation.  I-49 was closed from DeSoto Parish to Caddo Parish.",NA,PDC
199611,11,2000,199611,14,2000,2054177,5580804,MONTANA,30,1996,November,Freezing Fog,Z,10,EASTERN GLACIER,30010,TFX,11-NOV-96 20:00:00,MST,14-NOV-96 20:00:00,0,0,0,0,NA,NA,NA,NA,NA,NA,NA,NA,NA,NA,NA,NA,NA,NA,NA,NA,NA,NA,NA,NA,NA,NA,NA,NA,"Widespread fog developed over north central Montana late in the day Monday, November 11th and persisted for the next several days.  This caused ice to slowly build up on exposed surfaces.  By the 13th, ice 6 to 8 inches thick on power lines was causing widespread power outages, especially in Glacier, Toole, Liberty, and Pondera counties.  On the 14th, strong winds developed.  Many ice covered power poles were blown down, creating more power outages.  The area near Sunburst was hardest hit where 100-150 poles were knocked down.  Estimated damages were between $150,000 and $200,000.",NA,PDC
199612,17,300,199612,17,700,2053545,5578981,LOUISIANA,22,1996,December,Freezing Fog,Z,10,DE SOTO,22010,SHV,17-DEC-96 03:00:00,CST,17-DEC-96 07:00:00,0,0,0,0,NA,NA,NA,NA,NA,NA,NA,NA,NA,NA,NA,NA,NA,NA,NA,NA,NA,NA,NA,NA,NA,NA,NA,NA,"Cold air settled in over relatively warm ground resulting in the formation of dense fog. Temperatures dropped below freezing and the dense fog quickly froze upon contact with roads, bridges and overpasses. Numerous automobile accidents were recorded including I-20 stretching from Longview, TX to Monroe, LA.  I-220 in Shreveport was closed for several hours due to ice accumulation.  I-49 was closed from DeSoto Parish to Caddo Parish.",NA,PDC
199611,11,2000,199611,14,2000,2054177,5580803,MONTANA,30,1996,November,Freezing Fog,Z,9,NORTH ROCKY MOUNTAIN FRONT,30009,TFX,11-NOV-96 20:00:00,MST,14-NOV-96 20:00:00,0,0,0,0,NA,NA,NA,NA,NA,NA,NA,NA,NA,NA,NA,NA,NA,NA,NA,NA,NA,NA,NA,NA,NA,NA,NA,NA,"Widespread fog developed over north central Montana late in the day Monday, November 11th and persisted for the next several days.  This caused ice to slowly build up on exposed surfaces.  By the 13th, ice 6 to 8 inches thick on power lines was causing widespread power outages, especially in Glacier, Toole, Liberty, and Pondera counties.  On the 14th, strong winds developed.  Many ice covered power poles were blown down, creating more power outages.  The area near Sunburst was hardest hit where 100-150 poles were knocked down.  Estimated damages were between $150,000 and $200,000.",NA,PDC
199611,1,30,199611,1,1130,2049034,5573945,NORTH DAKOTA,38,1996,November,Freezing Fog,Z,23,WELLS,38023,BIS,01-NOV-96 00:30:00,CST,01-NOV-96 11:30:00,0,0,1,0,NA,NA,NA,NA,NA,NA,NA,NA,NA,NA,NA,NA,NA,NA,NA,NA,NA,NA,NA,NA,NA,NA,NA,NA,"A 41 yr. old man drowned when his pickup was blown into a slough. The man was driving along highway 200 near Hurdsfield when he came to a low spot on the highway with bodies of water on either side of the highway. Strong north winds up to 45 mph blew water across the road, which made the road icy. When the man hit the icy spot, his truck was blown into 15 feet of water on the south side of the road. The victim drowned after crawling out of the window of his truck before it completely submerged.",NA,PDC
199912,10,600,199912,10,800,2414048,5720472,NEW HAMPSHIRE,33,1999,December,Freezing Fog,Z,8,MERRIMACK,33008,GYX,10-DEC-99 06:00:00,EST,10-DEC-99 08:00:00,0,0,0,0,NA,NA,NEWSPAPER,NA,NA,NA,NA,NA,NA,NA,NA,NA,NA,NA,NA,NA,NA,NA,NA,NA,NA,NA,NA,NA,"Freezing fog caused black ice to form on the roads and greatly reduced visibilities across southeastern New Hampshire leading to numerous accidents.  In one 14-vehicle accident on Route 101in Exeter, the scene was described  as looking like someone rolled  a bowling ball down the highway knocking cars off the roadway.   Only one of the 14 vehicles was reported to be drivable after  the accident, but no serious injuries were reported.  Numerous other accidents were reported throughout the area, including a 5-vehicle accident on Route 101 in Epping.",NA,PDC
199912,10,600,199912,10,800,2414048,5720471,NEW HAMPSHIRE,33,1999,December,Freezing Fog,Z,13,INTERIOR ROCKINGHAM,33013,GYX,10-DEC-99 06:00:00,EST,10-DEC-99 08:00:00,0,0,0,0,NA,NA,NEWSPAPER,NA,NA,NA,NA,NA,NA,NA,NA,NA,NA,NA,NA,NA,NA,NA,NA,NA,NA,NA,NA,NA,"Freezing fog caused black ice to form on the roads and greatly reduced visibilities across southeastern New Hampshire leading to numerous accidents.  In one 14-vehicle accident on Route 101in Exeter, the scene was described  as looking like someone rolled  a bowling ball down the highway knocking cars off the roadway.   Only one of the 14 vehicles was reported to be drivable after  the accident, but no serious injuries were reported.  Numerous other accidents were reported throughout the area, including a 5-vehicle accident on Route 101 in Epping.",NA,PDC
199912,10,600,199912,10,800,2414048,5720473,NEW HAMPSHIRE,33,1999,December,Freezing Fog,Z,10,STRAFFORD,33010,GYX,10-DEC-99 06:00:00,EST,10-DEC-99 08:00:00,0,0,0,0,NA,NA,NEWSPAPER,NA,NA,NA,NA,NA,NA,NA,NA,NA,NA,NA,NA,NA,NA,NA,NA,NA,NA,NA,NA,NA,"Freezing fog caused black ice to form on the roads and greatly reduced visibilities across southeastern New Hampshire leading to numerous accidents.  In one 14-vehicle accident on Route 101in Exeter, the scene was described  as looking like someone rolled  a bowling ball down the highway knocking cars off the roadway.   Only one of the 14 vehicles was reported to be drivable after  the accident, but no serious injuries were reported.  Numerous other accidents were reported throughout the area, including a 5-vehicle accident on Route 101 in Epping.",NA,PDC
199912,10,600,199912,10,800,2414049,5720474,MAINE,23,1999,December,Freezing Fog,Z,18,INTERIOR YORK,23018,GYX,10-DEC-99 06:00:00,EST,10-DEC-99 08:00:00,0,0,0,0,NA,NA,NEWSPAPER,NA,NA,NA,NA,NA,NA,NA,NA,NA,NA,NA,NA,NA,NA,NA,NA,NA,NA,NA,NA,NA,Freezing fog caused black ice to form on the roads and greatly reduced visibilities across extreme southwestern Maine leading  to a number of accidents in the Berwicks.  Numerous accidents were also reported across the border in New Hampshire.,NA,PDC
199912,10,600,199912,10,800,2414048,5720470,NEW HAMPSHIRE,33,1999,December,Freezing Fog,Z,14,COASTAL ROCKINGHAM,33014,GYX,10-DEC-99 06:00:00,EST,10-DEC-99 08:00:00,0,0,0,0,NA,NA,NEWSPAPER,NA,NA,NA,NA,NA,NA,NA,NA,NA,NA,NA,NA,NA,NA,NA,NA,NA,NA,NA,NA,NA,"Freezing fog caused black ice to form on the roads and greatly reduced visibilities across southeastern New Hampshire leading to numerous accidents.  In one 14-vehicle accident on Route 101in Exeter, the scene was described  as looking like someone rolled  a bowling ball down the highway knocking cars off the roadway.   Only one of the 14 vehicles was reported to be drivable after  the accident, but no serious injuries were reported.  Numerous other accidents were reported throughout the area, including a 5-vehicle accident on Route 101 in Epping.",NA,PDC
200001,23,2130,200001,24,300,1090629,5129264,NEW JERSEY,34,2000,January,Freezing Fog,Z,26,EASTERN OCEAN,34026,PHI,23-JAN-00 21:30:00,EST,24-JAN-00 03:00:00,0,0,0,0,NA,NA,"AWOS,ASOS,MESONET,ETC",NA,NA,NA,NA,NA,NA,NA,NA,NA,NA,NA,NA,NA,NA,NA,NA,NA,NA,NA,NA,NA,"A weak low pressure system moved off the Middle Atlantic Coast on the 23rd.  Winds around this low remained from the north to northeast the night of the 23rd. This left enough low level moisture for precipitation to fall as freezing drizzle during the second half of the evening of the 23rd into the early morning of the 24th along coastal New Jersey.  Enough cold air moved in by the morning of the 24th to change the precipitation over to flurries.  Slippery conditions existed overnight, especially on untreated roadways. Galloway Township Police (Atlantic County) reported three auto accidents due to the ice.",NA,PDC
200001,23,2130,200001,24,300,1090629,5129265,NEW JERSEY,34,2000,January,Freezing Fog,Z,22,WESTERN ATLANTIC,34022,PHI,23-JAN-00 21:30:00,EST,24-JAN-00 03:00:00,0,0,0,0,NA,NA,NWS EMPLOYEE(OFF DUTY),NA,NA,NA,NA,NA,NA,NA,NA,NA,NA,NA,NA,NA,NA,NA,NA,NA,NA,NA,NA,NA,"A weak low pressure system moved off the Middle Atlantic Coast on the 23rd.  Winds around this low remained from the north to northeast the night of the 23rd. This left enough low level moisture for precipitation to fall as freezing drizzle during the second half of the evening of the 23rd into the early morning of the 24th along coastal New Jersey.  Enough cold air moved in by the morning of the 24th to change the precipitation over to flurries.  Slippery conditions existed overnight, especially on untreated roadways. Galloway Township Police (Atlantic County) reported three auto accidents due to the ice.",NA,PDC
200001,23,2130,200001,24,300,1090629,5129266,NEW JERSEY,34,2000,January,Freezing Fog,Z,23,WESTERN CAPE MAY,34023,PHI,23-JAN-00 21:30:00,EST,24-JAN-00 03:00:00,0,0,0,0,NA,NA,"AWOS,ASOS,MESONET,ETC",NA,NA,NA,NA,NA,NA,NA,NA,NA,NA,NA,NA,NA,NA,NA,NA,NA,NA,NA,NA,NA,"A weak low pressure system moved off the Middle Atlantic Coast on the 23rd.  Winds around this low remained from the north to northeast the night of the 23rd. This left enough low level moisture for precipitation to fall as freezing drizzle during the second half of the evening of the 23rd into the early morning of the 24th along coastal New Jersey.  Enough cold air moved in by the morning of the 24th to change the precipitation over to flurries.  Slippery conditions existed overnight, especially on untreated roadways. Galloway Township Police (Atlantic County) reported three auto accidents due to the ice.",NA,PDC
200001,23,2130,200001,24,300,1090629,5129267,NEW JERSEY,34,2000,January,Freezing Fog,Z,13,WESTERN MONMOUTH,34013,PHI,23-JAN-00 21:30:00,EST,24-JAN-00 03:00:00,0,0,0,0,NA,NA,"AWOS,ASOS,MESONET,ETC",NA,NA,NA,NA,NA,NA,NA,NA,NA,NA,NA,NA,NA,NA,NA,NA,NA,NA,NA,NA,NA,"A weak low pressure system moved off the Middle Atlantic Coast on the 23rd.  Winds around this low remained from the north to northeast the night of the 23rd. This left enough low level moisture for precipitation to fall as freezing drizzle during the second half of the evening of the 23rd into the early morning of the 24th along coastal New Jersey.  Enough cold air moved in by the morning of the 24th to change the precipitation over to flurries.  Slippery conditions existed overnight, especially on untreated roadways. Galloway Township Police (Atlantic County) reported three auto accidents due to the ice.",NA,PDC
200001,23,2100,200001,24,300,1090629,5129261,NEW JERSEY,34,2000,January,Freezing Fog,Z,25,EASTERN ATLANTIC,34025,PHI,23-JAN-00 21:00:00,EST,24-JAN-00 03:00:00,0,0,0,0,NA,NA,NWS EMPLOYEE(OFF DUTY),NA,NA,NA,NA,NA,NA,NA,NA,NA,NA,NA,NA,NA,NA,NA,NA,NA,NA,NA,NA,NA,"A weak low pressure system moved off the Middle Atlantic Coast on the 23rd.  Winds around this low remained from the north to northeast the night of the 23rd. This left enough low level moisture for precipitation to fall as freezing drizzle during the second half of the evening of the 23rd into the early morning of the 24th along coastal New Jersey.  Enough cold air moved in by the morning of the 24th to change the precipitation over to flurries.  Slippery conditions existed overnight, especially on untreated roadways. Galloway Township Police (Atlantic County) reported three auto accidents due to the ice.",NA,PDC
200001,23,2100,200001,24,300,1090629,5129262,NEW JERSEY,34,2000,January,Freezing Fog,Z,24,EASTERN CAPE MAY,34024,PHI,23-JAN-00 21:00:00,EST,24-JAN-00 03:00:00,0,0,0,0,NA,NA,"AWOS,ASOS,MESONET,ETC",NA,NA,NA,NA,NA,NA,NA,NA,NA,NA,NA,NA,NA,NA,NA,NA,NA,NA,NA,NA,NA,"A weak low pressure system moved off the Middle Atlantic Coast on the 23rd.  Winds around this low remained from the north to northeast the night of the 23rd. This left enough low level moisture for precipitation to fall as freezing drizzle during the second half of the evening of the 23rd into the early morning of the 24th along coastal New Jersey.  Enough cold air moved in by the morning of the 24th to change the precipitation over to flurries.  Slippery conditions existed overnight, especially on untreated roadways. Galloway Township Police (Atlantic County) reported three auto accidents due to the ice.",NA,PDC
200001,23,2100,200001,24,300,1090629,5129263,NEW JERSEY,34,2000,January,Freezing Fog,Z,14,EASTERN MONMOUTH,34014,PHI,23-JAN-00 21:00:00,EST,24-JAN-00 03:00:00,0,0,0,0,NA,NA,"AWOS,ASOS,MESONET,ETC",NA,NA,NA,NA,NA,NA,NA,NA,NA,NA,NA,NA,NA,NA,NA,NA,NA,NA,NA,NA,NA,"A weak low pressure system moved off the Middle Atlantic Coast on the 23rd.  Winds around this low remained from the north to northeast the night of the 23rd. This left enough low level moisture for precipitation to fall as freezing drizzle during the second half of the evening of the 23rd into the early morning of the 24th along coastal New Jersey.  Enough cold air moved in by the morning of the 24th to change the precipitation over to flurries.  Slippery conditions existed overnight, especially on untreated roadways. Galloway Township Police (Atlantic County) reported three auto accidents due to the ice.",NA,PDC
200001,23,2130,200001,24,300,1090629,5129268,NEW JERSEY,34,2000,January,Freezing Fog,Z,20,WESTERN OCEAN,34020,PHI,23-JAN-00 21:30:00,EST,24-JAN-00 03:00:00,0,0,0,0,NA,NA,"AWOS,ASOS,MESONET,ETC",NA,NA,NA,NA,NA,NA,NA,NA,NA,NA,NA,NA,NA,NA,NA,NA,NA,NA,NA,NA,NA,"A weak low pressure system moved off the Middle Atlantic Coast on the 23rd.  Winds around this low remained from the north to northeast the night of the 23rd. This left enough low level moisture for precipitation to fall as freezing drizzle during the second half of the evening of the 23rd into the early morning of the 24th along coastal New Jersey.  Enough cold air moved in by the morning of the 24th to change the precipitation over to flurries.  Slippery conditions existed overnight, especially on untreated roadways. Galloway Township Police (Atlantic County) reported three auto accidents due to the ice.",NA,PDC
200001,23,2130,200001,24,300,1090630,5129269,DELAWARE,10,2000,January,Freezing Fog,Z,4,DELAWARE BEACHES / X E SUSSEX,10004,PHI,23-JAN-00 21:30:00,EST,24-JAN-00 03:00:00,0,0,0,0,NA,NA,"AWOS,ASOS,MESONET,ETC",NA,NA,NA,NA,NA,NA,NA,NA,NA,NA,NA,NA,NA,NA,NA,NA,NA,NA,NA,NA,NA,"A weak low pressure system moved off the Middle Atlantic Coast on the 23rd.  Winds around this low remained from the north to northeast the night of the 23rd. This left enough low level moisture for precipitation to fall as freezing drizzle during the second half of the evening of the 23rd into the early morning of the 24th in central and southern Delaware.  Enough cold air moved in by the morning of the 24th to change the precipitation over to flurries.  Slippery conditions existed overnight, especially on untreated roadways.",NA,PDC
200001,23,2130,200001,24,300,1090630,5129270,DELAWARE,10,2000,January,Freezing Fog,Z,3,INLAND SUSSEX,10003,PHI,23-JAN-00 21:30:00,EST,24-JAN-00 03:00:00,0,0,0,0,NA,NA,"AWOS,ASOS,MESONET,ETC",NA,NA,NA,NA,NA,NA,NA,NA,NA,NA,NA,NA,NA,NA,NA,NA,NA,NA,NA,NA,NA,"A weak low pressure system moved off the Middle Atlantic Coast on the 23rd.  Winds around this low remained from the north to northeast the night of the 23rd. This left enough low level moisture for precipitation to fall as freezing drizzle during the second half of the evening of the 23rd into the early morning of the 24th in central and southern Delaware.  Enough cold air moved in by the morning of the 24th to change the precipitation over to flurries.  Slippery conditions existed overnight, especially on untreated roadways.",NA,PDC
200001,23,2130,200001,24,300,1090630,5129271,DELAWARE,10,2000,January,Freezing Fog,Z,2,KENT,10002,PHI,23-JAN-00 21:30:00,EST,24-JAN-00 03:00:00,0,0,0,0,NA,NA,"AWOS,ASOS,MESONET,ETC",NA,NA,NA,NA,NA,NA,NA,NA,NA,NA,NA,NA,NA,NA,NA,NA,NA,NA,NA,NA,NA,"A weak low pressure system moved off the Middle Atlantic Coast on the 23rd.  Winds around this low remained from the north to northeast the night of the 23rd. This left enough low level moisture for precipitation to fall as freezing drizzle during the second half of the evening of the 23rd into the early morning of the 24th in central and southern Delaware.  Enough cold air moved in by the morning of the 24th to change the precipitation over to flurries.  Slippery conditions existed overnight, especially on untreated roadways.",NA,PDC
200001,2,945,200001,2,1230,1090132,5126876,NEW YORK,36,2000,January,Freezing Fog,Z,42,WARREN,36042,ALY,02-JAN-00 09:45:00,EST,02-JAN-00 12:30:00,0,0,0,0,NA,NA,NEWSPAPER,NA,NA,NA,NA,NA,NA,NA,NA,NA,NA,NA,NA,NA,NA,NA,NA,NA,NA,NA,NA,NA,NA,"A moist southerly flow produced spotty drizzle during the morning hours of January 2. Over much of Warren county, surface temperatures were right around the freezing mark. The result was black ice and numerous vehicular accidents. Some minor injuries were reported, but no major ones.",PDC
200202,1,0,200202,1,500,1131027,5282402,NEW JERSEY,34,2002,February,Freezing Fog,Z,1,SUSSEX,34001,PHI,01-FEB-02 00:00:00,EST,01-FEB-02 05:00:00,0,0,0,0,NA,0,"AWOS,ASOS,MESONET,ETC",NA,NA,NA,NA,NA,NA,NA,NA,NA,NA,NA,NA,NA,NA,NA,NA,NA,NA,NA,NA,NA,"After four days of unseasonably warm weather, a cold front moved through Sussex County on January 30th. It brought much colder air into the region near the surface. Spotty freezing drizzle and dense fog formed during the evening of the 31st and persisted into the early morning on February 1st.  Untreated roadways and walkways were treacherous.",NA,PDS
200201,31,1800,200201,31,2359,1130331,5277911,NEW JERSEY,34,2002,January,Freezing Fog,Z,1,SUSSEX,34001,PHI,31-JAN-02 18:00:00,EST,31-JAN-02 23:59:00,0,0,0,0,NA,NA,"AWOS,ASOS,MESONET,ETC",NA,NA,NA,NA,NA,NA,NA,NA,NA,NA,NA,NA,NA,NA,NA,NA,NA,NA,NA,NA,NA,"After four days of unseasonably warm weather, a cold front moved through Sussex County on the 30th. It brought much colder air into the region near the surface. Weak low pressure developed on the frontal boundary over the lower Ohio Valley late that day. Moisture rode above the frontal boundary on the 31st and spread into northern New Jersey early in the morning as rain. Unfortunately, temperatures were still below freezing at the ground as precipitation fell and it froze on exposed surfaces in Sussex County.  The freezing rain ended around noon EST on the 31st. But, spotty freezing drizzle and dense fog formed during the evening of the 31st and persisted into the early morning on February 1st. About one tenth of an inch of ice accrued on objects. Untreated roadways and walkways were treacherous.",NA,PDS
200512,16,500,200512,16,900,1202831,5487949,GEORGIA,13,2005,December,Freezing Fog,Z,39,WILKES,13039,FFC,16-DEC-05 05:00:00,EST,16-DEC-05 09:00:00,0,0,0,0,NA,NA,OFFICIAL NWS OBS.,NA,NA,NA,NA,NA,NA,NA,NA,NA,NA,NA,NA,NA,NA,NA,NA,NA,NA,NA,NA,NA,"Several counties across north and central Georgia experienced a problem with black ice and a heavy frost forming on the roads as clearing occurred the evening before following a rainy, foggy day and temperatures dropped into the mid 20s.  A number of traffic accidents were reported.  In Marietta in Cobb county, a 23 year-old man was killed when his pickup truck skidded off an icy road and into a tree.  In Cherokee county two major accidents were reported on ice covered bridges.  One of these accidents occurred on Georgia Highway 372 near Ball Ground resulting in serious injuries to a 5-year old.  The other occurred on Bells Ferry Road in Woodstock near the Little River Marina when two vehicles collided on an ice-covered bridge.  In Macon in Bibb county, a 64 year-old man was killed when his pickup truck veered off an icy road and into oncoming traffic.  In Monroe county, a total of five accidents were reported, three on Interstate-75, one on U.S. Highway 41, and one on Georgia Highway 18.  Two injuries were reported with these accidents.",NA,PDS
200512,16,500,200512,16,900,1202831,5487842,GEORGIA,13,2005,December,Freezing Fog,Z,66,TROUP,13066,FFC,16-DEC-05 05:00:00,EST,16-DEC-05 09:00:00,0,0,0,0,NA,NA,OFFICIAL NWS OBS.,NA,NA,NA,NA,NA,NA,NA,NA,NA,NA,NA,NA,NA,NA,NA,NA,NA,NA,NA,NA,NA,"Several counties across north and central Georgia experienced a problem with black ice and a heavy frost forming on the roads as clearing occurred the evening before following a rainy, foggy day and temperatures dropped into the mid 20s.  A number of traffic accidents were reported.  In Marietta in Cobb county, a 23 year-old man was killed when his pickup truck skidded off an icy road and into a tree.  In Cherokee county two major accidents were reported on ice covered bridges.  One of these accidents occurred on Georgia Highway 372 near Ball Ground resulting in serious injuries to a 5-year old.  The other occurred on Bells Ferry Road in Woodstock near the Little River Marina when two vehicles collided on an ice-covered bridge.  In Macon in Bibb county, a 64 year-old man was killed when his pickup truck veered off an icy road and into oncoming traffic.  In Monroe county, a total of five accidents were reported, three on Interstate-75, one on U.S. Highway 41, and one on Georgia Highway 18.  Two injuries were reported with these accidents.",NA,PDS
200512,16,500,200512,16,900,1202831,5487843,GEORGIA,13,2005,December,Freezing Fog,Z,83,TWIGGS,13083,FFC,16-DEC-05 05:00:00,EST,16-DEC-05 09:00:00,0,0,0,0,NA,NA,OFFICIAL NWS OBS.,NA,NA,NA,NA,NA,NA,NA,NA,NA,NA,NA,NA,NA,NA,NA,NA,NA,NA,NA,NA,NA,"Several counties across north and central Georgia experienced a problem with black ice and a heavy frost forming on the roads as clearing occurred the evening before following a rainy, foggy day and temperatures dropped into the mid 20s.  A number of traffic accidents were reported.  In Marietta in Cobb county, a 23 year-old man was killed when his pickup truck skidded off an icy road and into a tree.  In Cherokee county two major accidents were reported on ice covered bridges.  One of these accidents occurred on Georgia Highway 372 near Ball Ground resulting in serious injuries to a 5-year old.  The other occurred on Bells Ferry Road in Woodstock near the Little River Marina when two vehicles collided on an ice-covered bridge.  In Macon in Bibb county, a 64 year-old man was killed when his pickup truck veered off an icy road and into oncoming traffic.  In Monroe county, a total of five accidents were reported, three on Interstate-75, one on U.S. Highway 41, and one on Georgia Highway 18.  Two injuries were reported with these accidents.",NA,PDS
200512,16,500,200512,16,900,1202831,5487844,GEORGIA,13,2005,December,Freezing Fog,Z,69,UPSON,13069,FFC,16-DEC-05 05:00:00,EST,16-DEC-05 09:00:00,0,0,0,0,NA,NA,OFFICIAL NWS OBS.,NA,NA,NA,NA,NA,NA,NA,NA,NA,NA,NA,NA,NA,NA,NA,NA,NA,NA,NA,NA,NA,"Several counties across north and central Georgia experienced a problem with black ice and a heavy frost forming on the roads as clearing occurred the evening before following a rainy, foggy day and temperatures dropped into the mid 20s.  A number of traffic accidents were reported.  In Marietta in Cobb county, a 23 year-old man was killed when his pickup truck skidded off an icy road and into a tree.  In Cherokee county two major accidents were reported on ice covered bridges.  One of these accidents occurred on Georgia Highway 372 near Ball Ground resulting in serious injuries to a 5-year old.  The other occurred on Bells Ferry Road in Woodstock near the Little River Marina when two vehicles collided on an ice-covered bridge.  In Macon in Bibb county, a 64 year-old man was killed when his pickup truck veered off an icy road and into oncoming traffic.  In Monroe county, a total of five accidents were reported, three on Interstate-75, one on U.S. Highway 41, and one on Georgia Highway 18.  Two injuries were reported with these accidents.",NA,PDS
200512,16,500,200512,16,900,1202831,5487845,GEORGIA,13,2005,December,Freezing Fog,Z,47,WALTON,13047,FFC,16-DEC-05 05:00:00,EST,16-DEC-05 09:00:00,0,0,0,0,NA,NA,OFFICIAL NWS OBS.,NA,NA,NA,NA,NA,NA,NA,NA,NA,NA,NA,NA,NA,NA,NA,NA,NA,NA,NA,NA,NA,"Several counties across north and central Georgia experienced a problem with black ice and a heavy frost forming on the roads as clearing occurred the evening before following a rainy, foggy day and temperatures dropped into the mid 20s.  A number of traffic accidents were reported.  In Marietta in Cobb county, a 23 year-old man was killed when his pickup truck skidded off an icy road and into a tree.  In Cherokee county two major accidents were reported on ice covered bridges.  One of these accidents occurred on Georgia Highway 372 near Ball Ground resulting in serious injuries to a 5-year old.  The other occurred on Bells Ferry Road in Woodstock near the Little River Marina when two vehicles collided on an ice-covered bridge.  In Macon in Bibb county, a 64 year-old man was killed when his pickup truck veered off an icy road and into oncoming traffic.  In Monroe county, a total of five accidents were reported, three on Interstate-75, one on U.S. Highway 41, and one on Georgia Highway 18.  Two injuries were reported with these accidents.",NA,PDS
200512,16,500,200512,16,900,1202831,5487797,GEORGIA,13,2005,December,Freezing Fog,Z,21,CHEROKEE,13021,FFC,16-DEC-05 05:00:00,EST,16-DEC-05 09:00:00,0,0,0,0,NA,NA,OFFICIAL NWS OBS.,NA,NA,NA,NA,NA,NA,NA,NA,NA,NA,NA,NA,NA,NA,NA,NA,NA,NA,NA,NA,NA,"Several counties across north and central Georgia experienced a problem with black ice and a heavy frost forming on the roads as clearing occurred the evening before following a rainy, foggy day and temperatures dropped into the mid 20s.  A number of traffic accidents were reported.  In Marietta in Cobb county, a 23 year-old man was killed when his pickup truck skidded off an icy road and into a tree.  In Cherokee county two major accidents were reported on ice covered bridges.  One of these accidents occurred on Georgia Highway 372 near Ball Ground resulting in serious injuries to a 5-year old.  The other occurred on Bells Ferry Road in Woodstock near the Little River Marina when two vehicles collided on an ice-covered bridge.  In Macon in Bibb county, a 64 year-old man was killed when his pickup truck veered off an icy road and into oncoming traffic.  In Monroe county, a total of five accidents were reported, three on Interstate-75, one on U.S. Highway 41, and one on Georgia Highway 18.  Two injuries were reported with these accidents.",NA,PDS
200512,16,500,200512,16,900,1202831,5487801,GEORGIA,13,2005,December,Freezing Fog,Z,53,COWETA,13053,FFC,16-DEC-05 05:00:00,EST,16-DEC-05 09:00:00,0,0,0,0,NA,NA,OFFICIAL NWS OBS.,NA,NA,NA,NA,NA,NA,NA,NA,NA,NA,NA,NA,NA,NA,NA,NA,NA,NA,NA,NA,NA,"Several counties across north and central Georgia experienced a problem with black ice and a heavy frost forming on the roads as clearing occurred the evening before following a rainy, foggy day and temperatures dropped into the mid 20s.  A number of traffic accidents were reported.  In Marietta in Cobb county, a 23 year-old man was killed when his pickup truck skidded off an icy road and into a tree.  In Cherokee county two major accidents were reported on ice covered bridges.  One of these accidents occurred on Georgia Highway 372 near Ball Ground resulting in serious injuries to a 5-year old.  The other occurred on Bells Ferry Road in Woodstock near the Little River Marina when two vehicles collided on an ice-covered bridge.  In Macon in Bibb county, a 64 year-old man was killed when his pickup truck veered off an icy road and into oncoming traffic.  In Monroe county, a total of five accidents were reported, three on Interstate-75, one on U.S. Highway 41, and one on Georgia Highway 18.  Two injuries were reported with these accidents.",NA,PDS
200512,16,500,200512,16,900,1202831,5487798,GEORGIA,13,2005,December,Freezing Fog,Z,36,CLARKE,13036,FFC,16-DEC-05 05:00:00,EST,16-DEC-05 09:00:00,0,0,0,0,NA,NA,OFFICIAL NWS OBS.,NA,NA,NA,NA,NA,NA,NA,NA,NA,NA,NA,NA,NA,NA,NA,NA,NA,NA,NA,NA,NA,"Several counties across north and central Georgia experienced a problem with black ice and a heavy frost forming on the roads as clearing occurred the evening before following a rainy, foggy day and temperatures dropped into the mid 20s.  A number of traffic accidents were reported.  In Marietta in Cobb county, a 23 year-old man was killed when his pickup truck skidded off an icy road and into a tree.  In Cherokee county two major accidents were reported on ice covered bridges.  One of these accidents occurred on Georgia Highway 372 near Ball Ground resulting in serious injuries to a 5-year old.  The other occurred on Bells Ferry Road in Woodstock near the Little River Marina when two vehicles collided on an ice-covered bridge.  In Macon in Bibb county, a 64 year-old man was killed when his pickup truck veered off an icy road and into oncoming traffic.  In Monroe county, a total of five accidents were reported, three on Interstate-75, one on U.S. Highway 41, and one on Georgia Highway 18.  Two injuries were reported with these accidents.",NA,PDS
200512,16,500,200512,16,900,1202831,5487799,GEORGIA,13,2005,December,Freezing Fog,Z,55,CLAYTON,13055,FFC,16-DEC-05 05:00:00,EST,16-DEC-05 09:00:00,0,0,0,0,NA,NA,OFFICIAL NWS OBS.,NA,NA,NA,NA,NA,NA,NA,NA,NA,NA,NA,NA,NA,NA,NA,NA,NA,NA,NA,NA,NA,"Several counties across north and central Georgia experienced a problem with black ice and a heavy frost forming on the roads as clearing occurred the evening before following a rainy, foggy day and temperatures dropped into the mid 20s.  A number of traffic accidents were reported.  In Marietta in Cobb county, a 23 year-old man was killed when his pickup truck skidded off an icy road and into a tree.  In Cherokee county two major accidents were reported on ice covered bridges.  One of these accidents occurred on Georgia Highway 372 near Ball Ground resulting in serious injuries to a 5-year old.  The other occurred on Bells Ferry Road in Woodstock near the Little River Marina when two vehicles collided on an ice-covered bridge.  In Macon in Bibb county, a 64 year-old man was killed when his pickup truck veered off an icy road and into oncoming traffic.  In Monroe county, a total of five accidents were reported, three on Interstate-75, one on U.S. Highway 41, and one on Georgia Highway 18.  Two injuries were reported with these accidents.",NA,PDS
200512,16,500,200512,16,900,1202831,5487794,GEORGIA,13,2005,December,Freezing Fog,Z,82,BIBB,13082,FFC,16-DEC-05 05:00:00,EST,16-DEC-05 09:00:00,0,0,0,0,NA,NA,OFFICIAL NWS OBS.,NA,NA,NA,NA,NA,NA,NA,NA,NA,NA,NA,NA,NA,NA,NA,NA,NA,NA,NA,NA,NA,"Several counties across north and central Georgia experienced a problem with black ice and a heavy frost forming on the roads as clearing occurred the evening before following a rainy, foggy day and temperatures dropped into the mid 20s.  A number of traffic accidents were reported.  In Marietta in Cobb county, a 23 year-old man was killed when his pickup truck skidded off an icy road and into a tree.  In Cherokee county two major accidents were reported on ice covered bridges.  One of these accidents occurred on Georgia Highway 372 near Ball Ground resulting in serious injuries to a 5-year old.  The other occurred on Bells Ferry Road in Woodstock near the Little River Marina when two vehicles collided on an ice-covered bridge.  In Macon in Bibb county, a 64 year-old man was killed when his pickup truck veered off an icy road and into oncoming traffic.  In Monroe county, a total of five accidents were reported, three on Interstate-75, one on U.S. Highway 41, and one on Georgia Highway 18.  Two injuries were reported with these accidents.",NA,PDS
200512,16,500,200512,16,900,1202831,5487795,GEORGIA,13,2005,December,Freezing Fog,Z,58,BUTTS,13058,FFC,16-DEC-05 05:00:00,EST,16-DEC-05 09:00:00,0,0,0,0,NA,NA,OFFICIAL NWS OBS.,NA,NA,NA,NA,NA,NA,NA,NA,NA,NA,NA,NA,NA,NA,NA,NA,NA,NA,NA,NA,NA,"Several counties across north and central Georgia experienced a problem with black ice and a heavy frost forming on the roads as clearing occurred the evening before following a rainy, foggy day and temperatures dropped into the mid 20s.  A number of traffic accidents were reported.  In Marietta in Cobb county, a 23 year-old man was killed when his pickup truck skidded off an icy road and into a tree.  In Cherokee county two major accidents were reported on ice covered bridges.  One of these accidents occurred on Georgia Highway 372 near Ball Ground resulting in serious injuries to a 5-year old.  The other occurred on Bells Ferry Road in Woodstock near the Little River Marina when two vehicles collided on an ice-covered bridge.  In Macon in Bibb county, a 64 year-old man was killed when his pickup truck veered off an icy road and into oncoming traffic.  In Monroe county, a total of five accidents were reported, three on Interstate-75, one on U.S. Highway 41, and one on Georgia Highway 18.  Two injuries were reported with these accidents.",NA,PDS
200512,16,500,200512,16,900,1202831,5487796,GEORGIA,13,2005,December,Freezing Fog,Z,42,CARROLL,13042,FFC,16-DEC-05 05:00:00,EST,16-DEC-05 09:00:00,0,0,0,0,NA,NA,OFFICIAL NWS OBS.,NA,NA,NA,NA,NA,NA,NA,NA,NA,NA,NA,NA,NA,NA,NA,NA,NA,NA,NA,NA,NA,"Several counties across north and central Georgia experienced a problem with black ice and a heavy frost forming on the roads as clearing occurred the evening before following a rainy, foggy day and temperatures dropped into the mid 20s.  A number of traffic accidents were reported.  In Marietta in Cobb county, a 23 year-old man was killed when his pickup truck skidded off an icy road and into a tree.  In Cherokee county two major accidents were reported on ice covered bridges.  One of these accidents occurred on Georgia Highway 372 near Ball Ground resulting in serious injuries to a 5-year old.  The other occurred on Bells Ferry Road in Woodstock near the Little River Marina when two vehicles collided on an ice-covered bridge.  In Macon in Bibb county, a 64 year-old man was killed when his pickup truck veered off an icy road and into oncoming traffic.  In Monroe county, a total of five accidents were reported, three on Interstate-75, one on U.S. Highway 41, and one on Georgia Highway 18.  Two injuries were reported with these accidents.",NA,PDS
200512,16,500,200512,16,900,1202831,5487847,GEORGIA,13,2005,December,Freezing Fog,Z,74,WASHINGTON,13074,FFC,16-DEC-05 05:00:00,EST,16-DEC-05 09:00:00,0,0,0,0,NA,NA,OFFICIAL NWS OBS.,NA,NA,NA,NA,NA,NA,NA,NA,NA,NA,NA,NA,NA,NA,NA,NA,NA,NA,NA,NA,NA,"Several counties across north and central Georgia experienced a problem with black ice and a heavy frost forming on the roads as clearing occurred the evening before following a rainy, foggy day and temperatures dropped into the mid 20s.  A number of traffic accidents were reported.  In Marietta in Cobb county, a 23 year-old man was killed when his pickup truck skidded off an icy road and into a tree.  In Cherokee county two major accidents were reported on ice covered bridges.  One of these accidents occurred on Georgia Highway 372 near Ball Ground resulting in serious injuries to a 5-year old.  The other occurred on Bells Ferry Road in Woodstock near the Little River Marina when two vehicles collided on an ice-covered bridge.  In Macon in Bibb county, a 64 year-old man was killed when his pickup truck veered off an icy road and into oncoming traffic.  In Monroe county, a total of five accidents were reported, three on Interstate-75, one on U.S. Highway 41, and one on Georgia Highway 18.  Two injuries were reported with these accidents.",NA,PDS
200512,16,500,200512,16,900,1202831,5487846,GEORGIA,13,2005,December,Freezing Fog,Z,62,WARREN,13062,FFC,16-DEC-05 05:00:00,EST,16-DEC-05 09:00:00,0,0,0,0,NA,NA,OFFICIAL NWS OBS.,NA,NA,NA,NA,NA,NA,NA,NA,NA,NA,NA,NA,NA,NA,NA,NA,NA,NA,NA,NA,NA,"Several counties across north and central Georgia experienced a problem with black ice and a heavy frost forming on the roads as clearing occurred the evening before following a rainy, foggy day and temperatures dropped into the mid 20s.  A number of traffic accidents were reported.  In Marietta in Cobb county, a 23 year-old man was killed when his pickup truck skidded off an icy road and into a tree.  In Cherokee county two major accidents were reported on ice covered bridges.  One of these accidents occurred on Georgia Highway 372 near Ball Ground resulting in serious injuries to a 5-year old.  The other occurred on Bells Ferry Road in Woodstock near the Little River Marina when two vehicles collided on an ice-covered bridge.  In Macon in Bibb county, a 64 year-old man was killed when his pickup truck veered off an icy road and into oncoming traffic.  In Monroe county, a total of five accidents were reported, three on Interstate-75, one on U.S. Highway 41, and one on Georgia Highway 18.  Two injuries were reported with these accidents.",NA,PDS
200512,16,500,200512,16,900,1202831,5487815,GEORGIA,13,2005,December,Freezing Fog,Z,52,HEARD,13052,FFC,16-DEC-05 05:00:00,EST,16-DEC-05 09:00:00,0,0,0,0,NA,NA,OFFICIAL NWS OBS.,NA,NA,NA,NA,NA,NA,NA,NA,NA,NA,NA,NA,NA,NA,NA,NA,NA,NA,NA,NA,NA,"Several counties across north and central Georgia experienced a problem with black ice and a heavy frost forming on the roads as clearing occurred the evening before following a rainy, foggy day and temperatures dropped into the mid 20s.  A number of traffic accidents were reported.  In Marietta in Cobb county, a 23 year-old man was killed when his pickup truck skidded off an icy road and into a tree.  In Cherokee county two major accidents were reported on ice covered bridges.  One of these accidents occurred on Georgia Highway 372 near Ball Ground resulting in serious injuries to a 5-year old.  The other occurred on Bells Ferry Road in Woodstock near the Little River Marina when two vehicles collided on an ice-covered bridge.  In Macon in Bibb county, a 64 year-old man was killed when his pickup truck veered off an icy road and into oncoming traffic.  In Monroe county, a total of five accidents were reported, three on Interstate-75, one on U.S. Highway 41, and one on Georgia Highway 18.  Two injuries were reported with these accidents.",NA,PDS
200512,16,500,200512,16,900,1202831,5487816,GEORGIA,13,2005,December,Freezing Fog,Z,57,HENRY,13057,FFC,16-DEC-05 05:00:00,EST,16-DEC-05 09:00:00,0,0,0,0,NA,NA,OFFICIAL NWS OBS.,NA,NA,NA,NA,NA,NA,NA,NA,NA,NA,NA,NA,NA,NA,NA,NA,NA,NA,NA,NA,NA,"Several counties across north and central Georgia experienced a problem with black ice and a heavy frost forming on the roads as clearing occurred the evening before following a rainy, foggy day and temperatures dropped into the mid 20s.  A number of traffic accidents were reported.  In Marietta in Cobb county, a 23 year-old man was killed when his pickup truck skidded off an icy road and into a tree.  In Cherokee county two major accidents were reported on ice covered bridges.  One of these accidents occurred on Georgia Highway 372 near Ball Ground resulting in serious injuries to a 5-year old.  The other occurred on Bells Ferry Road in Woodstock near the Little River Marina when two vehicles collided on an ice-covered bridge.  In Macon in Bibb county, a 64 year-old man was killed when his pickup truck veered off an icy road and into oncoming traffic.  In Monroe county, a total of five accidents were reported, three on Interstate-75, one on U.S. Highway 41, and one on Georgia Highway 18.  Two injuries were reported with these accidents.",NA,PDS
200512,16,500,200512,16,900,1202831,5487830,GEORGIA,13,2005,December,Freezing Fog,Z,37,OCONEE,13037,FFC,16-DEC-05 05:00:00,EST,16-DEC-05 09:00:00,0,0,0,0,NA,NA,OFFICIAL NWS OBS.,NA,NA,NA,NA,NA,NA,NA,NA,NA,NA,NA,NA,NA,NA,NA,NA,NA,NA,NA,NA,NA,"Several counties across north and central Georgia experienced a problem with black ice and a heavy frost forming on the roads as clearing occurred the evening before following a rainy, foggy day and temperatures dropped into the mid 20s.  A number of traffic accidents were reported.  In Marietta in Cobb county, a 23 year-old man was killed when his pickup truck skidded off an icy road and into a tree.  In Cherokee county two major accidents were reported on ice covered bridges.  One of these accidents occurred on Georgia Highway 372 near Ball Ground resulting in serious injuries to a 5-year old.  The other occurred on Bells Ferry Road in Woodstock near the Little River Marina when two vehicles collided on an ice-covered bridge.  In Macon in Bibb county, a 64 year-old man was killed when his pickup truck veered off an icy road and into oncoming traffic.  In Monroe county, a total of five accidents were reported, three on Interstate-75, one on U.S. Highway 41, and one on Georgia Highway 18.  Two injuries were reported with these accidents.",NA,PDS
200512,16,500,200512,16,900,1202831,5487786,GEORGIA,13,2005,December,Freezing Fog,Z,32,COBB,13032,FFC,16-DEC-05 05:00:00,EST,16-DEC-05 09:00:00,0,0,0,0,NA,NA,NEWSPAPER,NA,NA,NA,NA,NA,NA,NA,NA,NA,NA,NA,NA,NA,NA,NA,NA,NA,NA,NA,NA,NA,"Several counties across north and central Georgia experienced a problem with black ice and a heavy frost forming on the roads as clearing occurred the evening before following a rainy, foggy day and temperatures dropped into the mid 20s.  A number of traffic accidents were reported.  In Marietta in Cobb county, a 23 year-old man was killed when his pickup truck skidded off an icy road and into a tree.  In Cherokee county two major accidents were reported on ice covered bridges.  One of these accidents occurred on Georgia Highway 372 near Ball Ground resulting in serious injuries to a 5-year old.  The other occurred on Bells Ferry Road in Woodstock near the Little River Marina when two vehicles collided on an ice-covered bridge.  In Macon in Bibb county, a 64 year-old man was killed when his pickup truck veered off an icy road and into oncoming traffic.  In Monroe county, a total of five accidents were reported, three on Interstate-75, one on U.S. Highway 41, and one on Georgia Highway 18.  Two injuries were reported with these accidents.",NA,PDS
200512,16,500,200512,16,900,1202831,5487832,GEORGIA,13,2005,December,Freezing Fog,Z,31,PAULDING,13031,FFC,16-DEC-05 05:00:00,EST,16-DEC-05 09:00:00,0,0,0,0,NA,NA,OFFICIAL NWS OBS.,NA,NA,NA,NA,NA,NA,NA,NA,NA,NA,NA,NA,NA,NA,NA,NA,NA,NA,NA,NA,NA,"Several counties across north and central Georgia experienced a problem with black ice and a heavy frost forming on the roads as clearing occurred the evening before following a rainy, foggy day and temperatures dropped into the mid 20s.  A number of traffic accidents were reported.  In Marietta in Cobb county, a 23 year-old man was killed when his pickup truck skidded off an icy road and into a tree.  In Cherokee county two major accidents were reported on ice covered bridges.  One of these accidents occurred on Georgia Highway 372 near Ball Ground resulting in serious injuries to a 5-year old.  The other occurred on Bells Ferry Road in Woodstock near the Little River Marina when two vehicles collided on an ice-covered bridge.  In Macon in Bibb county, a 64 year-old man was killed when his pickup truck veered off an icy road and into oncoming traffic.  In Monroe county, a total of five accidents were reported, three on Interstate-75, one on U.S. Highway 41, and one on Georgia Highway 18.  Two injuries were reported with these accidents.",NA,PDS
200512,16,500,200512,16,900,1202831,5487833,GEORGIA,13,2005,December,Freezing Fog,Z,13,PICKENS,13013,FFC,16-DEC-05 05:00:00,EST,16-DEC-05 09:00:00,0,0,0,0,NA,NA,OFFICIAL NWS OBS.,NA,NA,NA,NA,NA,NA,NA,NA,NA,NA,NA,NA,NA,NA,NA,NA,NA,NA,NA,NA,NA,"Several counties across north and central Georgia experienced a problem with black ice and a heavy frost forming on the roads as clearing occurred the evening before following a rainy, foggy day and temperatures dropped into the mid 20s.  A number of traffic accidents were reported.  In Marietta in Cobb county, a 23 year-old man was killed when his pickup truck skidded off an icy road and into a tree.  In Cherokee county two major accidents were reported on ice covered bridges.  One of these accidents occurred on Georgia Highway 372 near Ball Ground resulting in serious injuries to a 5-year old.  The other occurred on Bells Ferry Road in Woodstock near the Little River Marina when two vehicles collided on an ice-covered bridge.  In Macon in Bibb county, a 64 year-old man was killed when his pickup truck veered off an icy road and into oncoming traffic.  In Monroe county, a total of five accidents were reported, three on Interstate-75, one on U.S. Highway 41, and one on Georgia Highway 18.  Two injuries were reported with these accidents.",NA,PDS
200512,16,500,200512,16,900,1202831,5487822,GEORGIA,13,2005,December,Freezing Fog,Z,15,LUMPKIN,13015,FFC,16-DEC-05 05:00:00,EST,16-DEC-05 09:00:00,0,0,0,0,NA,NA,OFFICIAL NWS OBS.,NA,NA,NA,NA,NA,NA,NA,NA,NA,NA,NA,NA,NA,NA,NA,NA,NA,NA,NA,NA,NA,"Several counties across north and central Georgia experienced a problem with black ice and a heavy frost forming on the roads as clearing occurred the evening before following a rainy, foggy day and temperatures dropped into the mid 20s.  A number of traffic accidents were reported.  In Marietta in Cobb county, a 23 year-old man was killed when his pickup truck skidded off an icy road and into a tree.  In Cherokee county two major accidents were reported on ice covered bridges.  One of these accidents occurred on Georgia Highway 372 near Ball Ground resulting in serious injuries to a 5-year old.  The other occurred on Bells Ferry Road in Woodstock near the Little River Marina when two vehicles collided on an ice-covered bridge.  In Macon in Bibb county, a 64 year-old man was killed when his pickup truck veered off an icy road and into oncoming traffic.  In Monroe county, a total of five accidents were reported, three on Interstate-75, one on U.S. Highway 41, and one on Georgia Highway 18.  Two injuries were reported with these accidents.",NA,PDS
200512,16,500,200512,16,900,1202831,5487825,GEORGIA,13,2005,December,Freezing Fog,Z,71,MONROE,13071,FFC,16-DEC-05 05:00:00,EST,16-DEC-05 09:00:00,0,0,0,0,NA,NA,OFFICIAL NWS OBS.,NA,NA,NA,NA,NA,NA,NA,NA,NA,NA,NA,NA,NA,NA,NA,NA,NA,NA,NA,NA,NA,"Several counties across north and central Georgia experienced a problem with black ice and a heavy frost forming on the roads as clearing occurred the evening before following a rainy, foggy day and temperatures dropped into the mid 20s.  A number of traffic accidents were reported.  In Marietta in Cobb county, a 23 year-old man was killed when his pickup truck skidded off an icy road and into a tree.  In Cherokee county two major accidents were reported on ice covered bridges.  One of these accidents occurred on Georgia Highway 372 near Ball Ground resulting in serious injuries to a 5-year old.  The other occurred on Bells Ferry Road in Woodstock near the Little River Marina when two vehicles collided on an ice-covered bridge.  In Macon in Bibb county, a 64 year-old man was killed when his pickup truck veered off an icy road and into oncoming traffic.  In Monroe county, a total of five accidents were reported, three on Interstate-75, one on U.S. Highway 41, and one on Georgia Highway 18.  Two injuries were reported with these accidents.",NA,PDS
200512,16,500,200512,16,900,1202831,5487826,GEORGIA,13,2005,December,Freezing Fog,Z,49,MORGAN,13049,FFC,16-DEC-05 05:00:00,EST,16-DEC-05 09:00:00,0,0,0,0,NA,NA,OFFICIAL NWS OBS.,NA,NA,NA,NA,NA,NA,NA,NA,NA,NA,NA,NA,NA,NA,NA,NA,NA,NA,NA,NA,NA,"Several counties across north and central Georgia experienced a problem with black ice and a heavy frost forming on the roads as clearing occurred the evening before following a rainy, foggy day and temperatures dropped into the mid 20s.  A number of traffic accidents were reported.  In Marietta in Cobb county, a 23 year-old man was killed when his pickup truck skidded off an icy road and into a tree.  In Cherokee county two major accidents were reported on ice covered bridges.  One of these accidents occurred on Georgia Highway 372 near Ball Ground resulting in serious injuries to a 5-year old.  The other occurred on Bells Ferry Road in Woodstock near the Little River Marina when two vehicles collided on an ice-covered bridge.  In Macon in Bibb county, a 64 year-old man was killed when his pickup truck veered off an icy road and into oncoming traffic.  In Monroe county, a total of five accidents were reported, three on Interstate-75, one on U.S. Highway 41, and one on Georgia Highway 18.  Two injuries were reported with these accidents.",NA,PDS
200512,16,500,200512,16,900,1202831,5487827,GEORGIA,13,2005,December,Freezing Fog,Z,89,MUSCOGEE,13089,FFC,16-DEC-05 05:00:00,EST,16-DEC-05 09:00:00,0,0,0,0,NA,NA,OFFICIAL NWS OBS.,NA,NA,NA,NA,NA,NA,NA,NA,NA,NA,NA,NA,NA,NA,NA,NA,NA,NA,NA,NA,NA,"Several counties across north and central Georgia experienced a problem with black ice and a heavy frost forming on the roads as clearing occurred the evening before following a rainy, foggy day and temperatures dropped into the mid 20s.  A number of traffic accidents were reported.  In Marietta in Cobb county, a 23 year-old man was killed when his pickup truck skidded off an icy road and into a tree.  In Cherokee county two major accidents were reported on ice covered bridges.  One of these accidents occurred on Georgia Highway 372 near Ball Ground resulting in serious injuries to a 5-year old.  The other occurred on Bells Ferry Road in Woodstock near the Little River Marina when two vehicles collided on an ice-covered bridge.  In Macon in Bibb county, a 64 year-old man was killed when his pickup truck veered off an icy road and into oncoming traffic.  In Monroe county, a total of five accidents were reported, three on Interstate-75, one on U.S. Highway 41, and one on Georgia Highway 18.  Two injuries were reported with these accidents.",NA,PDS
200512,16,500,200512,16,900,1202831,5487831,GEORGIA,13,2005,December,Freezing Fog,Z,38,OGLETHORPE,13038,FFC,16-DEC-05 05:00:00,EST,16-DEC-05 09:00:00,0,0,0,0,NA,NA,OFFICIAL NWS OBS.,NA,NA,NA,NA,NA,NA,NA,NA,NA,NA,NA,NA,NA,NA,NA,NA,NA,NA,NA,NA,NA,"Several counties across north and central Georgia experienced a problem with black ice and a heavy frost forming on the roads as clearing occurred the evening before following a rainy, foggy day and temperatures dropped into the mid 20s.  A number of traffic accidents were reported.  In Marietta in Cobb county, a 23 year-old man was killed when his pickup truck skidded off an icy road and into a tree.  In Cherokee county two major accidents were reported on ice covered bridges.  One of these accidents occurred on Georgia Highway 372 near Ball Ground resulting in serious injuries to a 5-year old.  The other occurred on Bells Ferry Road in Woodstock near the Little River Marina when two vehicles collided on an ice-covered bridge.  In Macon in Bibb county, a 64 year-old man was killed when his pickup truck veered off an icy road and into oncoming traffic.  In Monroe county, a total of five accidents were reported, three on Interstate-75, one on U.S. Highway 41, and one on Georgia Highway 18.  Two injuries were reported with these accidents.",NA,PDS
200512,16,0,200512,16,900,1202905,5488262,GEORGIA,13,2005,December,Freezing Fog,Z,28,HART,13028,GSP,16-DEC-05 00:00:00,EST,16-DEC-05 09:00:00,0,0,0,0,NA,NA,LAW ENFORCEMENT,NA,NA,NA,NA,NA,NA,NA,NA,NA,NA,NA,NA,NA,NA,NA,NA,NA,NA,NA,NA,NA,"As temperatures fell below freezing, roads that were still wet as a result of the precipitation that fell earlier in the day began to freeze. In addition, dense fog developed in many areas, and this likely assisted in depositing ice on road surfaces. There were numerous traffic accidents across the region.",NA,PDS
200512,16,0,200512,16,900,1202905,5488263,GEORGIA,13,2005,December,Freezing Fog,Z,29,ELBERT,13029,GSP,16-DEC-05 00:00:00,EST,16-DEC-05 09:00:00,0,0,0,0,NA,NA,LAW ENFORCEMENT,NA,NA,NA,NA,NA,NA,NA,NA,NA,NA,NA,NA,NA,NA,NA,NA,NA,NA,NA,NA,NA,"As temperatures fell below freezing, roads that were still wet as a result of the precipitation that fell earlier in the day began to freeze. In addition, dense fog developed in many areas, and this likely assisted in depositing ice on road surfaces. There were numerous traffic accidents across the region.",NA,PDS
200512,16,500,200512,16,900,1202831,5487828,GEORGIA,13,2005,December,Freezing Fog,Z,48,NEWTON,13048,FFC,16-DEC-05 05:00:00,EST,16-DEC-05 09:00:00,0,0,0,0,NA,NA,OFFICIAL NWS OBS.,NA,NA,NA,NA,NA,NA,NA,NA,NA,NA,NA,NA,NA,NA,NA,NA,NA,NA,NA,NA,NA,"Several counties across north and central Georgia experienced a problem with black ice and a heavy frost forming on the roads as clearing occurred the evening before following a rainy, foggy day and temperatures dropped into the mid 20s.  A number of traffic accidents were reported.  In Marietta in Cobb county, a 23 year-old man was killed when his pickup truck skidded off an icy road and into a tree.  In Cherokee county two major accidents were reported on ice covered bridges.  One of these accidents occurred on Georgia Highway 372 near Ball Ground resulting in serious injuries to a 5-year old.  The other occurred on Bells Ferry Road in Woodstock near the Little River Marina when two vehicles collided on an ice-covered bridge.  In Macon in Bibb county, a 64 year-old man was killed when his pickup truck veered off an icy road and into oncoming traffic.  In Monroe county, a total of five accidents were reported, three on Interstate-75, one on U.S. Highway 41, and one on Georgia Highway 18.  Two injuries were reported with these accidents.",NA,PDS
200512,16,500,200512,16,900,1202831,5487829,GEORGIA,13,2005,December,Freezing Fog,Z,33,NORTH FULTON,13033,FFC,16-DEC-05 05:00:00,EST,16-DEC-05 09:00:00,0,0,0,0,NA,NA,OFFICIAL NWS OBS.,NA,NA,NA,NA,NA,NA,NA,NA,NA,NA,NA,NA,NA,NA,NA,NA,NA,NA,NA,NA,NA,"Several counties across north and central Georgia experienced a problem with black ice and a heavy frost forming on the roads as clearing occurred the evening before following a rainy, foggy day and temperatures dropped into the mid 20s.  A number of traffic accidents were reported.  In Marietta in Cobb county, a 23 year-old man was killed when his pickup truck skidded off an icy road and into a tree.  In Cherokee county two major accidents were reported on ice covered bridges.  One of these accidents occurred on Georgia Highway 372 near Ball Ground resulting in serious injuries to a 5-year old.  The other occurred on Bells Ferry Road in Woodstock near the Little River Marina when two vehicles collided on an ice-covered bridge.  In Macon in Bibb county, a 64 year-old man was killed when his pickup truck veered off an icy road and into oncoming traffic.  In Monroe county, a total of five accidents were reported, three on Interstate-75, one on U.S. Highway 41, and one on Georgia Highway 18.  Two injuries were reported with these accidents.",NA,PDS
200512,16,0,200512,16,900,1202906,5488264,NORTH CAROLINA,37,2005,December,Freezing Fog,Z,33,AVERY,37033,GSP,16-DEC-05 00:00:00,EST,16-DEC-05 09:00:00,0,0,0,0,NA,NA,LAW ENFORCEMENT,NA,NA,NA,NA,NA,NA,NA,NA,NA,NA,NA,NA,NA,NA,NA,NA,NA,NA,NA,NA,NA,"As temperatures fell below freezing, roads that were still wet as a result of the precipitation that fell earlier in the day began to freeze. In addition, dense fog developed in many areas, and this likely assisted in despositing ice on road surfaces. There were numerous traafic accidents across the region.",NA,PDS
200512,16,0,200512,16,900,1202906,5488265,NORTH CAROLINA,37,2005,December,Freezing Fog,Z,34,CALDWELL,37034,GSP,16-DEC-05 00:00:00,EST,16-DEC-05 09:00:00,0,0,0,0,NA,NA,LAW ENFORCEMENT,NA,NA,NA,NA,NA,NA,NA,NA,NA,NA,NA,NA,NA,NA,NA,NA,NA,NA,NA,NA,NA,"As temperatures fell below freezing, roads that were still wet as a result of the precipitation that fell earlier in the day began to freeze. In addition, dense fog developed in many areas, and this likely assisted in despositing ice on road surfaces. There were numerous traafic accidents across the region.",NA,PDS
200512,16,0,200512,16,900,1202906,5488266,NORTH CAROLINA,37,2005,December,Freezing Fog,Z,35,ALEXANDER,37035,GSP,16-DEC-05 00:00:00,EST,16-DEC-05 09:00:00,0,0,0,0,NA,NA,LAW ENFORCEMENT,NA,NA,NA,NA,NA,NA,NA,NA,NA,NA,NA,NA,NA,NA,NA,NA,NA,NA,NA,NA,NA,"As temperatures fell below freezing, roads that were still wet as a result of the precipitation that fell earlier in the day began to freeze. In addition, dense fog developed in many areas, and this likely assisted in despositing ice on road surfaces. There were numerous traafic accidents across the region.",NA,PDS
200512,16,0,200512,16,900,1202906,5488267,NORTH CAROLINA,37,2005,December,Freezing Fog,Z,36,IREDELL,37036,GSP,16-DEC-05 00:00:00,EST,16-DEC-05 09:00:00,0,0,0,0,NA,NA,LAW ENFORCEMENT,NA,NA,NA,NA,NA,NA,NA,NA,NA,NA,NA,NA,NA,NA,NA,NA,NA,NA,NA,NA,NA,"As temperatures fell below freezing, roads that were still wet as a result of the precipitation that fell earlier in the day began to freeze. In addition, dense fog developed in many areas, and this likely assisted in despositing ice on road surfaces. There were numerous traafic accidents across the region.",NA,PDS
200512,16,0,200512,16,900,1202906,5488268,NORTH CAROLINA,37,2005,December,Freezing Fog,Z,37,DAVIE,37037,GSP,16-DEC-05 00:00:00,EST,16-DEC-05 09:00:00,0,0,0,0,NA,NA,LAW ENFORCEMENT,NA,NA,NA,NA,NA,NA,NA,NA,NA,NA,NA,NA,NA,NA,NA,NA,NA,NA,NA,NA,NA,"As temperatures fell below freezing, roads that were still wet as a result of the precipitation that fell earlier in the day began to freeze. In addition, dense fog developed in many areas, and this likely assisted in despositing ice on road surfaces. There were numerous traafic accidents across the region.",NA,PDS
200512,16,0,200512,16,900,1202906,5488269,NORTH CAROLINA,37,2005,December,Freezing Fog,Z,53,BUNCOMBE,37053,GSP,16-DEC-05 00:00:00,EST,16-DEC-05 09:00:00,0,0,0,0,NA,NA,LAW ENFORCEMENT,NA,NA,NA,NA,NA,NA,NA,NA,NA,NA,NA,NA,NA,NA,NA,NA,NA,NA,NA,NA,NA,"As temperatures fell below freezing, roads that were still wet as a result of the precipitation that fell earlier in the day began to freeze. In addition, dense fog developed in many areas, and this likely assisted in despositing ice on road surfaces. There were numerous traafic accidents across the region.",NA,PDS
200512,16,500,200512,16,900,1202831,5487787,GEORGIA,13,2005,December,Freezing Fog,Z,71,MONROE,13071,FFC,16-DEC-05 05:00:00,EST,16-DEC-05 09:00:00,0,0,0,0,NA,NA,EMERGENCY MANAGER,NA,NA,NA,NA,NA,NA,NA,NA,NA,NA,NA,NA,NA,NA,NA,NA,NA,NA,NA,NA,NA,"Several counties across north and central Georgia experienced a problem with black ice and a heavy frost forming on the roads as clearing occurred the evening before following a rainy, foggy day and temperatures dropped into the mid 20s.  A number of traffic accidents were reported.  In Marietta in Cobb county, a 23 year-old man was killed when his pickup truck skidded off an icy road and into a tree.  In Cherokee county two major accidents were reported on ice covered bridges.  One of these accidents occurred on Georgia Highway 372 near Ball Ground resulting in serious injuries to a 5-year old.  The other occurred on Bells Ferry Road in Woodstock near the Little River Marina when two vehicles collided on an ice-covered bridge.  In Macon in Bibb county, a 64 year-old man was killed when his pickup truck veered off an icy road and into oncoming traffic.  In Monroe county, a total of five accidents were reported, three on Interstate-75, one on U.S. Highway 41, and one on Georgia Highway 18.  Two injuries were reported with these accidents.",NA,PDS
200512,16,500,200512,16,900,1202831,5487836,GEORGIA,13,2005,December,Freezing Fog,Z,60,PUTNAM,13060,FFC,16-DEC-05 05:00:00,EST,16-DEC-05 09:00:00,0,0,0,0,NA,NA,OFFICIAL NWS OBS.,NA,NA,NA,NA,NA,NA,NA,NA,NA,NA,NA,NA,NA,NA,NA,NA,NA,NA,NA,NA,NA,"Several counties across north and central Georgia experienced a problem with black ice and a heavy frost forming on the roads as clearing occurred the evening before following a rainy, foggy day and temperatures dropped into the mid 20s.  A number of traffic accidents were reported.  In Marietta in Cobb county, a 23 year-old man was killed when his pickup truck skidded off an icy road and into a tree.  In Cherokee county two major accidents were reported on ice covered bridges.  One of these accidents occurred on Georgia Highway 372 near Ball Ground resulting in serious injuries to a 5-year old.  The other occurred on Bells Ferry Road in Woodstock near the Little River Marina when two vehicles collided on an ice-covered bridge.  In Macon in Bibb county, a 64 year-old man was killed when his pickup truck veered off an icy road and into oncoming traffic.  In Monroe county, a total of five accidents were reported, three on Interstate-75, one on U.S. Highway 41, and one on Georgia Highway 18.  Two injuries were reported with these accidents.",NA,PDS
200512,16,500,200512,16,900,1202831,5487837,GEORGIA,13,2005,December,Freezing Fog,Z,46,ROCKDALE,13046,FFC,16-DEC-05 05:00:00,EST,16-DEC-05 09:00:00,0,0,0,0,NA,NA,OFFICIAL NWS OBS.,NA,NA,NA,NA,NA,NA,NA,NA,NA,NA,NA,NA,NA,NA,NA,NA,NA,NA,NA,NA,NA,"Several counties across north and central Georgia experienced a problem with black ice and a heavy frost forming on the roads as clearing occurred the evening before following a rainy, foggy day and temperatures dropped into the mid 20s.  A number of traffic accidents were reported.  In Marietta in Cobb county, a 23 year-old man was killed when his pickup truck skidded off an icy road and into a tree.  In Cherokee county two major accidents were reported on ice covered bridges.  One of these accidents occurred on Georgia Highway 372 near Ball Ground resulting in serious injuries to a 5-year old.  The other occurred on Bells Ferry Road in Woodstock near the Little River Marina when two vehicles collided on an ice-covered bridge.  In Macon in Bibb county, a 64 year-old man was killed when his pickup truck veered off an icy road and into oncoming traffic.  In Monroe county, a total of five accidents were reported, three on Interstate-75, one on U.S. Highway 41, and one on Georgia Highway 18.  Two injuries were reported with these accidents.",NA,PDS
200512,16,500,200512,16,900,1202831,5487834,GEORGIA,13,2005,December,Freezing Fog,Z,68,PIKE,13068,FFC,16-DEC-05 05:00:00,EST,16-DEC-05 09:00:00,0,0,0,0,NA,NA,OFFICIAL NWS OBS.,NA,NA,NA,NA,NA,NA,NA,NA,NA,NA,NA,NA,NA,NA,NA,NA,NA,NA,NA,NA,NA,"Several counties across north and central Georgia experienced a problem with black ice and a heavy frost forming on the roads as clearing occurred the evening before following a rainy, foggy day and temperatures dropped into the mid 20s.  A number of traffic accidents were reported.  In Marietta in Cobb county, a 23 year-old man was killed when his pickup truck skidded off an icy road and into a tree.  In Cherokee county two major accidents were reported on ice covered bridges.  One of these accidents occurred on Georgia Highway 372 near Ball Ground resulting in serious injuries to a 5-year old.  The other occurred on Bells Ferry Road in Woodstock near the Little River Marina when two vehicles collided on an ice-covered bridge.  In Macon in Bibb county, a 64 year-old man was killed when his pickup truck veered off an icy road and into oncoming traffic.  In Monroe county, a total of five accidents were reported, three on Interstate-75, one on U.S. Highway 41, and one on Georgia Highway 18.  Two injuries were reported with these accidents.",NA,PDS
200512,16,500,200512,16,900,1202831,5487835,GEORGIA,13,2005,December,Freezing Fog,Z,30,POLK,13030,FFC,16-DEC-05 05:00:00,EST,16-DEC-05 09:00:00,0,0,0,0,NA,NA,OFFICIAL NWS OBS.,NA,NA,NA,NA,NA,NA,NA,NA,NA,NA,NA,NA,NA,NA,NA,NA,NA,NA,NA,NA,NA,"Several counties across north and central Georgia experienced a problem with black ice and a heavy frost forming on the roads as clearing occurred the evening before following a rainy, foggy day and temperatures dropped into the mid 20s.  A number of traffic accidents were reported.  In Marietta in Cobb county, a 23 year-old man was killed when his pickup truck skidded off an icy road and into a tree.  In Cherokee county two major accidents were reported on ice covered bridges.  One of these accidents occurred on Georgia Highway 372 near Ball Ground resulting in serious injuries to a 5-year old.  The other occurred on Bells Ferry Road in Woodstock near the Little River Marina when two vehicles collided on an ice-covered bridge.  In Macon in Bibb county, a 64 year-old man was killed when his pickup truck veered off an icy road and into oncoming traffic.  In Monroe county, a total of five accidents were reported, three on Interstate-75, one on U.S. Highway 41, and one on Georgia Highway 18.  Two injuries were reported with these accidents.",NA,PDS
200512,16,500,200512,16,900,1202831,5487824,GEORGIA,13,2005,December,Freezing Fog,Z,67,MERIWETHER,13067,FFC,16-DEC-05 05:00:00,EST,16-DEC-05 09:00:00,0,0,0,0,NA,NA,OFFICIAL NWS OBS.,NA,NA,NA,NA,NA,NA,NA,NA,NA,NA,NA,NA,NA,NA,NA,NA,NA,NA,NA,NA,NA,"Several counties across north and central Georgia experienced a problem with black ice and a heavy frost forming on the roads as clearing occurred the evening before following a rainy, foggy day and temperatures dropped into the mid 20s.  A number of traffic accidents were reported.  In Marietta in Cobb county, a 23 year-old man was killed when his pickup truck skidded off an icy road and into a tree.  In Cherokee county two major accidents were reported on ice covered bridges.  One of these accidents occurred on Georgia Highway 372 near Ball Ground resulting in serious injuries to a 5-year old.  The other occurred on Bells Ferry Road in Woodstock near the Little River Marina when two vehicles collided on an ice-covered bridge.  In Macon in Bibb county, a 64 year-old man was killed when his pickup truck veered off an icy road and into oncoming traffic.  In Monroe county, a total of five accidents were reported, three on Interstate-75, one on U.S. Highway 41, and one on Georgia Highway 18.  Two injuries were reported with these accidents.",NA,PDS
200512,16,500,200512,16,900,1202831,5487818,GEORGIA,13,2005,December,Freezing Fog,Z,59,JASPER,13059,FFC,16-DEC-05 05:00:00,EST,16-DEC-05 09:00:00,0,0,0,0,NA,NA,OFFICIAL NWS OBS.,NA,NA,NA,NA,NA,NA,NA,NA,NA,NA,NA,NA,NA,NA,NA,NA,NA,NA,NA,NA,NA,"Several counties across north and central Georgia experienced a problem with black ice and a heavy frost forming on the roads as clearing occurred the evening before following a rainy, foggy day and temperatures dropped into the mid 20s.  A number of traffic accidents were reported.  In Marietta in Cobb county, a 23 year-old man was killed when his pickup truck skidded off an icy road and into a tree.  In Cherokee county two major accidents were reported on ice covered bridges.  One of these accidents occurred on Georgia Highway 372 near Ball Ground resulting in serious injuries to a 5-year old.  The other occurred on Bells Ferry Road in Woodstock near the Little River Marina when two vehicles collided on an ice-covered bridge.  In Macon in Bibb county, a 64 year-old man was killed when his pickup truck veered off an icy road and into oncoming traffic.  In Monroe county, a total of five accidents were reported, three on Interstate-75, one on U.S. Highway 41, and one on Georgia Highway 18.  Two injuries were reported with these accidents.",NA,PDS
200512,16,500,200512,16,900,1202831,5487819,GEORGIA,13,2005,December,Freezing Fog,Z,76,JEFFERSON,13076,FFC,16-DEC-05 05:00:00,EST,16-DEC-05 09:00:00,0,0,0,0,NA,NA,OFFICIAL NWS OBS.,NA,NA,NA,NA,NA,NA,NA,NA,NA,NA,NA,NA,NA,NA,NA,NA,NA,NA,NA,NA,NA,"Several counties across north and central Georgia experienced a problem with black ice and a heavy frost forming on the roads as clearing occurred the evening before following a rainy, foggy day and temperatures dropped into the mid 20s.  A number of traffic accidents were reported.  In Marietta in Cobb county, a 23 year-old man was killed when his pickup truck skidded off an icy road and into a tree.  In Cherokee county two major accidents were reported on ice covered bridges.  One of these accidents occurred on Georgia Highway 372 near Ball Ground resulting in serious injuries to a 5-year old.  The other occurred on Bells Ferry Road in Woodstock near the Little River Marina when two vehicles collided on an ice-covered bridge.  In Macon in Bibb county, a 64 year-old man was killed when his pickup truck veered off an icy road and into oncoming traffic.  In Monroe county, a total of five accidents were reported, three on Interstate-75, one on U.S. Highway 41, and one on Georgia Highway 18.  Two injuries were reported with these accidents.",NA,PDS
200512,16,500,200512,16,900,1202831,5487820,GEORGIA,13,2005,December,Freezing Fog,Z,72,JONES,13072,FFC,16-DEC-05 05:00:00,EST,16-DEC-05 09:00:00,0,0,0,0,NA,NA,OFFICIAL NWS OBS.,NA,NA,NA,NA,NA,NA,NA,NA,NA,NA,NA,NA,NA,NA,NA,NA,NA,NA,NA,NA,NA,"Several counties across north and central Georgia experienced a problem with black ice and a heavy frost forming on the roads as clearing occurred the evening before following a rainy, foggy day and temperatures dropped into the mid 20s.  A number of traffic accidents were reported.  In Marietta in Cobb county, a 23 year-old man was killed when his pickup truck skidded off an icy road and into a tree.  In Cherokee county two major accidents were reported on ice covered bridges.  One of these accidents occurred on Georgia Highway 372 near Ball Ground resulting in serious injuries to a 5-year old.  The other occurred on Bells Ferry Road in Woodstock near the Little River Marina when two vehicles collided on an ice-covered bridge.  In Macon in Bibb county, a 64 year-old man was killed when his pickup truck veered off an icy road and into oncoming traffic.  In Monroe county, a total of five accidents were reported, three on Interstate-75, one on U.S. Highway 41, and one on Georgia Highway 18.  Two injuries were reported with these accidents.",NA,PDS
200512,16,500,200512,16,900,1202831,5487823,GEORGIA,13,2005,December,Freezing Fog,Z,27,MADISON,13027,FFC,16-DEC-05 05:00:00,EST,16-DEC-05 09:00:00,0,0,0,0,NA,NA,OFFICIAL NWS OBS.,NA,NA,NA,NA,NA,NA,NA,NA,NA,NA,NA,NA,NA,NA,NA,NA,NA,NA,NA,NA,NA,"Several counties across north and central Georgia experienced a problem with black ice and a heavy frost forming on the roads as clearing occurred the evening before following a rainy, foggy day and temperatures dropped into the mid 20s.  A number of traffic accidents were reported.  In Marietta in Cobb county, a 23 year-old man was killed when his pickup truck skidded off an icy road and into a tree.  In Cherokee county two major accidents were reported on ice covered bridges.  One of these accidents occurred on Georgia Highway 372 near Ball Ground resulting in serious injuries to a 5-year old.  The other occurred on Bells Ferry Road in Woodstock near the Little River Marina when two vehicles collided on an ice-covered bridge.  In Macon in Bibb county, a 64 year-old man was killed when his pickup truck veered off an icy road and into oncoming traffic.  In Monroe county, a total of five accidents were reported, three on Interstate-75, one on U.S. Highway 41, and one on Georgia Highway 18.  Two injuries were reported with these accidents.",NA,PDS
200512,16,500,200512,16,900,1202831,5487821,GEORGIA,13,2005,December,Freezing Fog,Z,70,LAMAR,13070,FFC,16-DEC-05 05:00:00,EST,16-DEC-05 09:00:00,0,0,0,0,NA,NA,OFFICIAL NWS OBS.,NA,NA,NA,NA,NA,NA,NA,NA,NA,NA,NA,NA,NA,NA,NA,NA,NA,NA,NA,NA,NA,"Several counties across north and central Georgia experienced a problem with black ice and a heavy frost forming on the roads as clearing occurred the evening before following a rainy, foggy day and temperatures dropped into the mid 20s.  A number of traffic accidents were reported.  In Marietta in Cobb county, a 23 year-old man was killed when his pickup truck skidded off an icy road and into a tree.  In Cherokee county two major accidents were reported on ice covered bridges.  One of these accidents occurred on Georgia Highway 372 near Ball Ground resulting in serious injuries to a 5-year old.  The other occurred on Bells Ferry Road in Woodstock near the Little River Marina when two vehicles collided on an ice-covered bridge.  In Macon in Bibb county, a 64 year-old man was killed when his pickup truck veered off an icy road and into oncoming traffic.  In Monroe county, a total of five accidents were reported, three on Interstate-75, one on U.S. Highway 41, and one on Georgia Highway 18.  Two injuries were reported with these accidents.",NA,PDS
200512,16,500,200512,16,900,1202831,5487892,GEORGIA,13,2005,December,Freezing Fog,Z,84,WILKINSON,13084,FFC,16-DEC-05 05:00:00,EST,16-DEC-05 09:00:00,0,0,0,0,NA,NA,OFFICIAL NWS OBS.,NA,NA,NA,NA,NA,NA,NA,NA,NA,NA,NA,NA,NA,NA,NA,NA,NA,NA,NA,NA,NA,"Several counties across north and central Georgia experienced a problem with black ice and a heavy frost forming on the roads as clearing occurred the evening before following a rainy, foggy day and temperatures dropped into the mid 20s.  A number of traffic accidents were reported.  In Marietta in Cobb county, a 23 year-old man was killed when his pickup truck skidded off an icy road and into a tree.  In Cherokee county two major accidents were reported on ice covered bridges.  One of these accidents occurred on Georgia Highway 372 near Ball Ground resulting in serious injuries to a 5-year old.  The other occurred on Bells Ferry Road in Woodstock near the Little River Marina when two vehicles collided on an ice-covered bridge.  In Macon in Bibb county, a 64 year-old man was killed when his pickup truck veered off an icy road and into oncoming traffic.  In Monroe county, a total of five accidents were reported, three on Interstate-75, one on U.S. Highway 41, and one on Georgia Highway 18.  Two injuries were reported with these accidents.",NA,PDS
200512,16,0,200512,16,900,1202906,5488275,NORTH CAROLINA,37,2005,December,Freezing Fog,Z,64,TRANSYLVANIA,37064,GSP,16-DEC-05 00:00:00,EST,16-DEC-05 09:00:00,0,0,0,0,NA,NA,LAW ENFORCEMENT,NA,NA,NA,NA,NA,NA,NA,NA,NA,NA,NA,NA,NA,NA,NA,NA,NA,NA,NA,NA,NA,"As temperatures fell below freezing, roads that were still wet as a result of the precipitation that fell earlier in the day began to freeze. In addition, dense fog developed in many areas, and this likely assisted in despositing ice on road surfaces. There were numerous traafic accidents across the region.",NA,PDS
200512,16,0,200512,16,900,1202906,5488276,NORTH CAROLINA,37,2005,December,Freezing Fog,Z,65,HENDERSON,37065,GSP,16-DEC-05 00:00:00,EST,16-DEC-05 09:00:00,0,0,0,0,NA,NA,LAW ENFORCEMENT,NA,NA,NA,NA,NA,NA,NA,NA,NA,NA,NA,NA,NA,NA,NA,NA,NA,NA,NA,NA,NA,"As temperatures fell below freezing, roads that were still wet as a result of the precipitation that fell earlier in the day began to freeze. In addition, dense fog developed in many areas, and this likely assisted in despositing ice on road surfaces. There were numerous traafic accidents across the region.",NA,PDS
200512,16,0,200512,16,900,1202906,5488277,NORTH CAROLINA,37,2005,December,Freezing Fog,Z,66,POLK,37066,GSP,16-DEC-05 00:00:00,EST,16-DEC-05 09:00:00,0,0,0,0,NA,NA,LAW ENFORCEMENT,NA,NA,NA,NA,NA,NA,NA,NA,NA,NA,NA,NA,NA,NA,NA,NA,NA,NA,NA,NA,NA,"As temperatures fell below freezing, roads that were still wet as a result of the precipitation that fell earlier in the day began to freeze. In addition, dense fog developed in many areas, and this likely assisted in despositing ice on road surfaces. There were numerous traafic accidents across the region.",NA,PDS
200512,16,0,200512,16,900,1202906,5488270,NORTH CAROLINA,37,2005,December,Freezing Fog,Z,54,MCDOWELL,37054,GSP,16-DEC-05 00:00:00,EST,16-DEC-05 09:00:00,0,0,0,0,NA,NA,LAW ENFORCEMENT,NA,NA,NA,NA,NA,NA,NA,NA,NA,NA,NA,NA,NA,NA,NA,NA,NA,NA,NA,NA,NA,"As temperatures fell below freezing, roads that were still wet as a result of the precipitation that fell earlier in the day began to freeze. In addition, dense fog developed in many areas, and this likely assisted in despositing ice on road surfaces. There were numerous traafic accidents across the region.",NA,PDS
200512,16,0,200512,16,900,1202906,5488271,NORTH CAROLINA,37,2005,December,Freezing Fog,Z,55,BURKE,37055,GSP,16-DEC-05 00:00:00,EST,16-DEC-05 09:00:00,0,0,0,0,NA,NA,LAW ENFORCEMENT,NA,NA,NA,NA,NA,NA,NA,NA,NA,NA,NA,NA,NA,NA,NA,NA,NA,NA,NA,NA,NA,"As temperatures fell below freezing, roads that were still wet as a result of the precipitation that fell earlier in the day began to freeze. In addition, dense fog developed in many areas, and this likely assisted in despositing ice on road surfaces. There were numerous traafic accidents across the region.",NA,PDS
200512,16,0,200512,16,900,1202906,5488272,NORTH CAROLINA,37,2005,December,Freezing Fog,Z,56,CATAWBA,37056,GSP,16-DEC-05 00:00:00,EST,16-DEC-05 09:00:00,0,0,0,0,NA,NA,LAW ENFORCEMENT,NA,NA,NA,NA,NA,NA,NA,NA,NA,NA,NA,NA,NA,NA,NA,NA,NA,NA,NA,NA,NA,"As temperatures fell below freezing, roads that were still wet as a result of the precipitation that fell earlier in the day began to freeze. In addition, dense fog developed in many areas, and this likely assisted in despositing ice on road surfaces. There were numerous traafic accidents across the region.",NA,PDS
200512,16,0,200512,16,900,1202906,5488273,NORTH CAROLINA,37,2005,December,Freezing Fog,Z,57,ROWAN,37057,GSP,16-DEC-05 00:00:00,EST,16-DEC-05 09:00:00,0,0,0,0,NA,NA,LAW ENFORCEMENT,NA,NA,NA,NA,NA,NA,NA,NA,NA,NA,NA,NA,NA,NA,NA,NA,NA,NA,NA,NA,NA,"As temperatures fell below freezing, roads that were still wet as a result of the precipitation that fell earlier in the day began to freeze. In addition, dense fog developed in many areas, and this likely assisted in despositing ice on road surfaces. There were numerous traafic accidents across the region.",NA,PDS
200512,16,0,200512,16,900,1202906,5488274,NORTH CAROLINA,37,2005,December,Freezing Fog,Z,63,SOUTHERN JACKSON,37063,GSP,16-DEC-05 00:00:00,EST,16-DEC-05 09:00:00,0,0,0,0,NA,NA,LAW ENFORCEMENT,NA,NA,NA,NA,NA,NA,NA,NA,NA,NA,NA,NA,NA,NA,NA,NA,NA,NA,NA,NA,NA,"As temperatures fell below freezing, roads that were still wet as a result of the precipitation that fell earlier in the day began to freeze. In addition, dense fog developed in many areas, and this likely assisted in despositing ice on road surfaces. There were numerous traafic accidents across the region.",NA,PDS
200512,16,500,200512,16,900,1202831,5487839,GEORGIA,13,2005,December,Freezing Fog,Z,56,SPALDING,13056,FFC,16-DEC-05 05:00:00,EST,16-DEC-05 09:00:00,0,0,0,0,NA,NA,OFFICIAL NWS OBS.,NA,NA,NA,NA,NA,NA,NA,NA,NA,NA,NA,NA,NA,NA,NA,NA,NA,NA,NA,NA,NA,"Several counties across north and central Georgia experienced a problem with black ice and a heavy frost forming on the roads as clearing occurred the evening before following a rainy, foggy day and temperatures dropped into the mid 20s.  A number of traffic accidents were reported.  In Marietta in Cobb county, a 23 year-old man was killed when his pickup truck skidded off an icy road and into a tree.  In Cherokee county two major accidents were reported on ice covered bridges.  One of these accidents occurred on Georgia Highway 372 near Ball Ground resulting in serious injuries to a 5-year old.  The other occurred on Bells Ferry Road in Woodstock near the Little River Marina when two vehicles collided on an ice-covered bridge.  In Macon in Bibb county, a 64 year-old man was killed when his pickup truck veered off an icy road and into oncoming traffic.  In Monroe county, a total of five accidents were reported, three on Interstate-75, one on U.S. Highway 41, and one on Georgia Highway 18.  Two injuries were reported with these accidents.",NA,PDS
200512,16,500,200512,16,900,1202831,5487840,GEORGIA,13,2005,December,Freezing Fog,Z,79,TALBOT,13079,FFC,16-DEC-05 05:00:00,EST,16-DEC-05 09:00:00,0,0,0,0,NA,NA,OFFICIAL NWS OBS.,NA,NA,NA,NA,NA,NA,NA,NA,NA,NA,NA,NA,NA,NA,NA,NA,NA,NA,NA,NA,NA,"Several counties across north and central Georgia experienced a problem with black ice and a heavy frost forming on the roads as clearing occurred the evening before following a rainy, foggy day and temperatures dropped into the mid 20s.  A number of traffic accidents were reported.  In Marietta in Cobb county, a 23 year-old man was killed when his pickup truck skidded off an icy road and into a tree.  In Cherokee county two major accidents were reported on ice covered bridges.  One of these accidents occurred on Georgia Highway 372 near Ball Ground resulting in serious injuries to a 5-year old.  The other occurred on Bells Ferry Road in Woodstock near the Little River Marina when two vehicles collided on an ice-covered bridge.  In Macon in Bibb county, a 64 year-old man was killed when his pickup truck veered off an icy road and into oncoming traffic.  In Monroe county, a total of five accidents were reported, three on Interstate-75, one on U.S. Highway 41, and one on Georgia Highway 18.  Two injuries were reported with these accidents.",NA,PDS
200512,16,500,200512,16,900,1202831,5487841,GEORGIA,13,2005,December,Freezing Fog,Z,51,TALIAFERRO,13051,FFC,16-DEC-05 05:00:00,EST,16-DEC-05 09:00:00,0,0,0,0,NA,NA,OFFICIAL NWS OBS.,NA,NA,NA,NA,NA,NA,NA,NA,NA,NA,NA,NA,NA,NA,NA,NA,NA,NA,NA,NA,NA,"Several counties across north and central Georgia experienced a problem with black ice and a heavy frost forming on the roads as clearing occurred the evening before following a rainy, foggy day and temperatures dropped into the mid 20s.  A number of traffic accidents were reported.  In Marietta in Cobb county, a 23 year-old man was killed when his pickup truck skidded off an icy road and into a tree.  In Cherokee county two major accidents were reported on ice covered bridges.  One of these accidents occurred on Georgia Highway 372 near Ball Ground resulting in serious injuries to a 5-year old.  The other occurred on Bells Ferry Road in Woodstock near the Little River Marina when two vehicles collided on an ice-covered bridge.  In Macon in Bibb county, a 64 year-old man was killed when his pickup truck veered off an icy road and into oncoming traffic.  In Monroe county, a total of five accidents were reported, three on Interstate-75, one on U.S. Highway 41, and one on Georgia Highway 18.  Two injuries were reported with these accidents.",NA,PDS
200512,16,500,200512,16,900,1202831,5487791,GEORGIA,13,2005,December,Freezing Fog,Z,24,BANKS,13024,FFC,16-DEC-05 05:00:00,EST,16-DEC-05 09:00:00,0,0,0,0,NA,NA,OFFICIAL NWS OBS.,NA,NA,NA,NA,NA,NA,NA,NA,NA,NA,NA,NA,NA,NA,NA,NA,NA,NA,NA,NA,NA,"Several counties across north and central Georgia experienced a problem with black ice and a heavy frost forming on the roads as clearing occurred the evening before following a rainy, foggy day and temperatures dropped into the mid 20s.  A number of traffic accidents were reported.  In Marietta in Cobb county, a 23 year-old man was killed when his pickup truck skidded off an icy road and into a tree.  In Cherokee county two major accidents were reported on ice covered bridges.  One of these accidents occurred on Georgia Highway 372 near Ball Ground resulting in serious injuries to a 5-year old.  The other occurred on Bells Ferry Road in Woodstock near the Little River Marina when two vehicles collided on an ice-covered bridge.  In Macon in Bibb county, a 64 year-old man was killed when his pickup truck veered off an icy road and into oncoming traffic.  In Monroe county, a total of five accidents were reported, three on Interstate-75, one on U.S. Highway 41, and one on Georgia Highway 18.  Two injuries were reported with these accidents.",NA,PDS
200512,16,0,200512,16,900,1202906,5488280,NORTH CAROLINA,37,2005,December,Freezing Fog,Z,69,LINCOLN,37069,GSP,16-DEC-05 00:00:00,EST,16-DEC-05 09:00:00,0,0,0,0,NA,NA,LAW ENFORCEMENT,NA,NA,NA,NA,NA,NA,NA,NA,NA,NA,NA,NA,NA,NA,NA,NA,NA,NA,NA,NA,NA,"As temperatures fell below freezing, roads that were still wet as a result of the precipitation that fell earlier in the day began to freeze. In addition, dense fog developed in many areas, and this likely assisted in despositing ice on road surfaces. There were numerous traafic accidents across the region.",NA,PDS
200512,16,0,200512,16,900,1202906,5488281,NORTH CAROLINA,37,2005,December,Freezing Fog,Z,70,GASTON,37070,GSP,16-DEC-05 00:00:00,EST,16-DEC-05 09:00:00,0,0,0,0,NA,NA,LAW ENFORCEMENT,NA,NA,NA,NA,NA,NA,NA,NA,NA,NA,NA,NA,NA,NA,NA,NA,NA,NA,NA,NA,NA,"As temperatures fell below freezing, roads that were still wet as a result of the precipitation that fell earlier in the day began to freeze. In addition, dense fog developed in many areas, and this likely assisted in despositing ice on road surfaces. There were numerous traafic accidents across the region.",NA,PDS
200512,16,0,200512,16,900,1202907,5488282,SOUTH CAROLINA,45,2005,December,Freezing Fog,Z,1,OCONEE MOUNTAINS,45001,GSP,16-DEC-05 00:00:00,EST,16-DEC-05 09:00:00,0,0,0,0,NA,NA,LAW ENFORCEMENT,NA,NA,NA,NA,NA,NA,NA,NA,NA,NA,NA,NA,NA,NA,NA,NA,NA,NA,NA,NA,NA,"As temperatures fell below freezing, roads that were still wet as a result of the precipitation that fell earlier in the day began to freeze. In addition, dense fog developed in many areas, and this likely assisted in despositing ice on road surfaces. There were numerous traafic accidents across the region.",NA,PDS
200512,16,0,200512,16,900,1202907,5488283,SOUTH CAROLINA,45,2005,December,Freezing Fog,Z,2,PICKENS MOUNTAINS,45002,GSP,16-DEC-05 00:00:00,EST,16-DEC-05 09:00:00,0,0,0,0,NA,NA,LAW ENFORCEMENT,NA,NA,NA,NA,NA,NA,NA,NA,NA,NA,NA,NA,NA,NA,NA,NA,NA,NA,NA,NA,NA,"As temperatures fell below freezing, roads that were still wet as a result of the precipitation that fell earlier in the day began to freeze. In addition, dense fog developed in many areas, and this likely assisted in despositing ice on road surfaces. There were numerous traafic accidents across the region.",NA,PDS
200512,16,0,200512,16,900,1202907,5488284,SOUTH CAROLINA,45,2005,December,Freezing Fog,Z,3,GREENVILLE MOUNTAINS,45003,GSP,16-DEC-05 00:00:00,EST,16-DEC-05 09:00:00,0,0,0,0,NA,NA,LAW ENFORCEMENT,NA,NA,NA,NA,NA,NA,NA,NA,NA,NA,NA,NA,NA,NA,NA,NA,NA,NA,NA,NA,NA,"As temperatures fell below freezing, roads that were still wet as a result of the precipitation that fell earlier in the day began to freeze. In addition, dense fog developed in many areas, and this likely assisted in despositing ice on road surfaces. There were numerous traafic accidents across the region.",NA,PDS
200512,16,0,200512,16,900,1202907,5488285,SOUTH CAROLINA,45,2005,December,Freezing Fog,Z,4,GREATER OCONEE,45004,GSP,16-DEC-05 00:00:00,EST,16-DEC-05 09:00:00,0,0,0,0,NA,NA,LAW ENFORCEMENT,NA,NA,NA,NA,NA,NA,NA,NA,NA,NA,NA,NA,NA,NA,NA,NA,NA,NA,NA,NA,NA,"As temperatures fell below freezing, roads that were still wet as a result of the precipitation that fell earlier in the day began to freeze. In addition, dense fog developed in many areas, and this likely assisted in despositing ice on road surfaces. There were numerous traafic accidents across the region.",NA,PDS
200512,16,500,200512,16,900,1202831,5487838,GEORGIA,13,2005,December,Freezing Fog,Z,44,SOUTH FULTON,13044,FFC,16-DEC-05 05:00:00,EST,16-DEC-05 09:00:00,0,0,0,0,NA,NA,OFFICIAL NWS OBS.,NA,NA,NA,NA,NA,NA,NA,NA,NA,NA,NA,NA,NA,NA,NA,NA,NA,NA,NA,NA,NA,"Several counties across north and central Georgia experienced a problem with black ice and a heavy frost forming on the roads as clearing occurred the evening before following a rainy, foggy day and temperatures dropped into the mid 20s.  A number of traffic accidents were reported.  In Marietta in Cobb county, a 23 year-old man was killed when his pickup truck skidded off an icy road and into a tree.  In Cherokee county two major accidents were reported on ice covered bridges.  One of these accidents occurred on Georgia Highway 372 near Ball Ground resulting in serious injuries to a 5-year old.  The other occurred on Bells Ferry Road in Woodstock near the Little River Marina when two vehicles collided on an ice-covered bridge.  In Macon in Bibb county, a 64 year-old man was killed when his pickup truck veered off an icy road and into oncoming traffic.  In Monroe county, a total of five accidents were reported, three on Interstate-75, one on U.S. Highway 41, and one on Georgia Highway 18.  Two injuries were reported with these accidents.",NA,PDS
200512,16,500,200512,16,500,1202831,5487936,GEORGIA,13,2005,December,Freezing Fog,Z,43,DOUGLAS,13043,FFC,16-DEC-05 05:00:00,EST,16-DEC-05 05:00:00,0,0,0,0,NA,NA,OFFICIAL NWS OBS.,NA,NA,NA,NA,NA,NA,NA,NA,NA,NA,NA,NA,NA,NA,NA,NA,NA,NA,NA,NA,NA,"Several counties across north and central Georgia experienced a problem with black ice and a heavy frost forming on the roads as clearing occurred the evening before following a rainy, foggy day and temperatures dropped into the mid 20s.  A number of traffic accidents were reported.  In Marietta in Cobb county, a 23 year-old man was killed when his pickup truck skidded off an icy road and into a tree.  In Cherokee county two major accidents were reported on ice covered bridges.  One of these accidents occurred on Georgia Highway 372 near Ball Ground resulting in serious injuries to a 5-year old.  The other occurred on Bells Ferry Road in Woodstock near the Little River Marina when two vehicles collided on an ice-covered bridge.  In Macon in Bibb county, a 64 year-old man was killed when his pickup truck veered off an icy road and into oncoming traffic.  In Monroe county, a total of five accidents were reported, three on Interstate-75, one on U.S. Highway 41, and one on Georgia Highway 18.  Two injuries were reported with these accidents.",NA,PDS
200512,16,0,200512,16,900,1202906,5488278,NORTH CAROLINA,37,2005,December,Freezing Fog,Z,67,RUTHERFORD,37067,GSP,16-DEC-05 00:00:00,EST,16-DEC-05 09:00:00,0,0,0,0,NA,NA,LAW ENFORCEMENT,NA,NA,NA,NA,NA,NA,NA,NA,NA,NA,NA,NA,NA,NA,NA,NA,NA,NA,NA,NA,NA,"As temperatures fell below freezing, roads that were still wet as a result of the precipitation that fell earlier in the day began to freeze. In addition, dense fog developed in many areas, and this likely assisted in despositing ice on road surfaces. There were numerous traafic accidents across the region.",NA,PDS
200512,16,0,200512,16,900,1202906,5488279,NORTH CAROLINA,37,2005,December,Freezing Fog,Z,68,CLEVELAND,37068,GSP,16-DEC-05 00:00:00,EST,16-DEC-05 09:00:00,0,0,0,0,NA,NA,LAW ENFORCEMENT,NA,NA,NA,NA,NA,NA,NA,NA,NA,NA,NA,NA,NA,NA,NA,NA,NA,NA,NA,NA,NA,"As temperatures fell below freezing, roads that were still wet as a result of the precipitation that fell earlier in the day began to freeze. In addition, dense fog developed in many areas, and this likely assisted in despositing ice on road surfaces. There were numerous traafic accidents across the region.",NA,PDS
200512,16,500,200512,16,900,1202831,5487810,GEORGIA,13,2005,December,Freezing Fog,Z,34,GWINNETT,13034,FFC,16-DEC-05 05:00:00,EST,16-DEC-05 09:00:00,0,0,0,0,NA,NA,OFFICIAL NWS OBS.,NA,NA,NA,NA,NA,NA,NA,NA,NA,NA,NA,NA,NA,NA,NA,NA,NA,NA,NA,NA,NA,"Several counties across north and central Georgia experienced a problem with black ice and a heavy frost forming on the roads as clearing occurred the evening before following a rainy, foggy day and temperatures dropped into the mid 20s.  A number of traffic accidents were reported.  In Marietta in Cobb county, a 23 year-old man was killed when his pickup truck skidded off an icy road and into a tree.  In Cherokee county two major accidents were reported on ice covered bridges.  One of these accidents occurred on Georgia Highway 372 near Ball Ground resulting in serious injuries to a 5-year old.  The other occurred on Bells Ferry Road in Woodstock near the Little River Marina when two vehicles collided on an ice-covered bridge.  In Macon in Bibb county, a 64 year-old man was killed when his pickup truck veered off an icy road and into oncoming traffic.  In Monroe county, a total of five accidents were reported, three on Interstate-75, one on U.S. Highway 41, and one on Georgia Highway 18.  Two injuries were reported with these accidents.",NA,PDS
200512,16,500,200512,16,900,1202831,5487811,GEORGIA,13,2005,December,Freezing Fog,Z,23,HALL,13023,FFC,16-DEC-05 05:00:00,EST,16-DEC-05 09:00:00,0,0,0,0,NA,NA,OFFICIAL NWS OBS.,NA,NA,NA,NA,NA,NA,NA,NA,NA,NA,NA,NA,NA,NA,NA,NA,NA,NA,NA,NA,NA,"Several counties across north and central Georgia experienced a problem with black ice and a heavy frost forming on the roads as clearing occurred the evening before following a rainy, foggy day and temperatures dropped into the mid 20s.  A number of traffic accidents were reported.  In Marietta in Cobb county, a 23 year-old man was killed when his pickup truck skidded off an icy road and into a tree.  In Cherokee county two major accidents were reported on ice covered bridges.  One of these accidents occurred on Georgia Highway 372 near Ball Ground resulting in serious injuries to a 5-year old.  The other occurred on Bells Ferry Road in Woodstock near the Little River Marina when two vehicles collided on an ice-covered bridge.  In Macon in Bibb county, a 64 year-old man was killed when his pickup truck veered off an icy road and into oncoming traffic.  In Monroe county, a total of five accidents were reported, three on Interstate-75, one on U.S. Highway 41, and one on Georgia Highway 18.  Two injuries were reported with these accidents.",NA,PDS
200512,16,500,200512,16,900,1202831,5487812,GEORGIA,13,2005,December,Freezing Fog,Z,61,HANCOCK,13061,FFC,16-DEC-05 05:00:00,EST,16-DEC-05 09:00:00,0,0,0,0,NA,NA,OFFICIAL NWS OBS.,NA,NA,NA,NA,NA,NA,NA,NA,NA,NA,NA,NA,NA,NA,NA,NA,NA,NA,NA,NA,NA,"Several counties across north and central Georgia experienced a problem with black ice and a heavy frost forming on the roads as clearing occurred the evening before following a rainy, foggy day and temperatures dropped into the mid 20s.  A number of traffic accidents were reported.  In Marietta in Cobb county, a 23 year-old man was killed when his pickup truck skidded off an icy road and into a tree.  In Cherokee county two major accidents were reported on ice covered bridges.  One of these accidents occurred on Georgia Highway 372 near Ball Ground resulting in serious injuries to a 5-year old.  The other occurred on Bells Ferry Road in Woodstock near the Little River Marina when two vehicles collided on an ice-covered bridge.  In Macon in Bibb county, a 64 year-old man was killed when his pickup truck veered off an icy road and into oncoming traffic.  In Monroe county, a total of five accidents were reported, three on Interstate-75, one on U.S. Highway 41, and one on Georgia Highway 18.  Two injuries were reported with these accidents.",NA,PDS
200512,16,0,200512,16,900,1202905,5488259,GEORGIA,13,2005,December,Freezing Fog,Z,17,HABERSHAM,13017,GSP,16-DEC-05 00:00:00,EST,16-DEC-05 09:00:00,0,0,0,0,NA,NA,LAW ENFORCEMENT,NA,NA,NA,NA,NA,NA,NA,NA,NA,NA,NA,NA,NA,NA,NA,NA,NA,NA,NA,NA,NA,"As temperatures fell below freezing, roads that were still wet as a result of the precipitation that fell earlier in the day began to freeze. In addition, dense fog developed in many areas, and this likely assisted in depositing ice on road surfaces. There were numerous traffic accidents across the region.",NA,PDS
200512,16,0,200512,16,900,1202905,5488260,GEORGIA,13,2005,December,Freezing Fog,Z,18,STEPHENS,13018,GSP,16-DEC-05 00:00:00,EST,16-DEC-05 09:00:00,0,0,0,0,NA,NA,LAW ENFORCEMENT,NA,NA,NA,NA,NA,NA,NA,NA,NA,NA,NA,NA,NA,NA,NA,NA,NA,NA,NA,NA,NA,"As temperatures fell below freezing, roads that were still wet as a result of the precipitation that fell earlier in the day began to freeze. In addition, dense fog developed in many areas, and this likely assisted in depositing ice on road surfaces. There were numerous traffic accidents across the region.",NA,PDS
200512,16,0,200512,16,900,1202905,5488261,GEORGIA,13,2005,December,Freezing Fog,Z,26,FRANKLIN,13026,GSP,16-DEC-05 00:00:00,EST,16-DEC-05 09:00:00,0,0,0,0,NA,NA,LAW ENFORCEMENT,NA,NA,NA,NA,NA,NA,NA,NA,NA,NA,NA,NA,NA,NA,NA,NA,NA,NA,NA,NA,NA,"As temperatures fell below freezing, roads that were still wet as a result of the precipitation that fell earlier in the day began to freeze. In addition, dense fog developed in many areas, and this likely assisted in depositing ice on road surfaces. There were numerous traffic accidents across the region.",NA,PDS
200512,16,500,200512,16,900,1202831,5487808,GEORGIA,13,2005,December,Freezing Fog,Z,12,GORDON,13012,FFC,16-DEC-05 05:00:00,EST,16-DEC-05 09:00:00,0,0,0,0,NA,NA,OFFICIAL NWS OBS.,NA,NA,NA,NA,NA,NA,NA,NA,NA,NA,NA,NA,NA,NA,NA,NA,NA,NA,NA,NA,NA,"Several counties across north and central Georgia experienced a problem with black ice and a heavy frost forming on the roads as clearing occurred the evening before following a rainy, foggy day and temperatures dropped into the mid 20s.  A number of traffic accidents were reported.  In Marietta in Cobb county, a 23 year-old man was killed when his pickup truck skidded off an icy road and into a tree.  In Cherokee county two major accidents were reported on ice covered bridges.  One of these accidents occurred on Georgia Highway 372 near Ball Ground resulting in serious injuries to a 5-year old.  The other occurred on Bells Ferry Road in Woodstock near the Little River Marina when two vehicles collided on an ice-covered bridge.  In Macon in Bibb county, a 64 year-old man was killed when his pickup truck veered off an icy road and into oncoming traffic.  In Monroe county, a total of five accidents were reported, three on Interstate-75, one on U.S. Highway 41, and one on Georgia Highway 18.  Two injuries were reported with these accidents.",NA,PDS
200512,16,500,200512,16,900,1202831,5487809,GEORGIA,13,2005,December,Freezing Fog,Z,50,GREENE,13050,FFC,16-DEC-05 05:00:00,EST,16-DEC-05 09:00:00,0,0,0,0,NA,NA,OFFICIAL NWS OBS.,NA,NA,NA,NA,NA,NA,NA,NA,NA,NA,NA,NA,NA,NA,NA,NA,NA,NA,NA,NA,NA,"Several counties across north and central Georgia experienced a problem with black ice and a heavy frost forming on the roads as clearing occurred the evening before following a rainy, foggy day and temperatures dropped into the mid 20s.  A number of traffic accidents were reported.  In Marietta in Cobb county, a 23 year-old man was killed when his pickup truck skidded off an icy road and into a tree.  In Cherokee county two major accidents were reported on ice covered bridges.  One of these accidents occurred on Georgia Highway 372 near Ball Ground resulting in serious injuries to a 5-year old.  The other occurred on Bells Ferry Road in Woodstock near the Little River Marina when two vehicles collided on an ice-covered bridge.  In Macon in Bibb county, a 64 year-old man was killed when his pickup truck veered off an icy road and into oncoming traffic.  In Monroe county, a total of five accidents were reported, three on Interstate-75, one on U.S. Highway 41, and one on Georgia Highway 18.  Two injuries were reported with these accidents.",NA,PDS
200512,16,500,200512,16,900,1202831,5487807,GEORGIA,13,2005,December,Freezing Fog,Z,75,GLASCOCK,13075,FFC,16-DEC-05 05:00:00,EST,16-DEC-05 09:00:00,0,0,0,0,NA,NA,OFFICIAL NWS OBS.,NA,NA,NA,NA,NA,NA,NA,NA,NA,NA,NA,NA,NA,NA,NA,NA,NA,NA,NA,NA,NA,"Several counties across north and central Georgia experienced a problem with black ice and a heavy frost forming on the roads as clearing occurred the evening before following a rainy, foggy day and temperatures dropped into the mid 20s.  A number of traffic accidents were reported.  In Marietta in Cobb county, a 23 year-old man was killed when his pickup truck skidded off an icy road and into a tree.  In Cherokee county two major accidents were reported on ice covered bridges.  One of these accidents occurred on Georgia Highway 372 near Ball Ground resulting in serious injuries to a 5-year old.  The other occurred on Bells Ferry Road in Woodstock near the Little River Marina when two vehicles collided on an ice-covered bridge.  In Macon in Bibb county, a 64 year-old man was killed when his pickup truck veered off an icy road and into oncoming traffic.  In Monroe county, a total of five accidents were reported, three on Interstate-75, one on U.S. Highway 41, and one on Georgia Highway 18.  Two injuries were reported with these accidents.",NA,PDS
200512,16,500,200512,16,900,1202831,5487813,GEORGIA,13,2005,December,Freezing Fog,Z,41,HARALSON,13041,FFC,16-DEC-05 05:00:00,EST,16-DEC-05 09:00:00,0,0,0,0,NA,NA,OFFICIAL NWS OBS.,NA,NA,NA,NA,NA,NA,NA,NA,NA,NA,NA,NA,NA,NA,NA,NA,NA,NA,NA,NA,NA,"Several counties across north and central Georgia experienced a problem with black ice and a heavy frost forming on the roads as clearing occurred the evening before following a rainy, foggy day and temperatures dropped into the mid 20s.  A number of traffic accidents were reported.  In Marietta in Cobb county, a 23 year-old man was killed when his pickup truck skidded off an icy road and into a tree.  In Cherokee county two major accidents were reported on ice covered bridges.  One of these accidents occurred on Georgia Highway 372 near Ball Ground resulting in serious injuries to a 5-year old.  The other occurred on Bells Ferry Road in Woodstock near the Little River Marina when two vehicles collided on an ice-covered bridge.  In Macon in Bibb county, a 64 year-old man was killed when his pickup truck veered off an icy road and into oncoming traffic.  In Monroe county, a total of five accidents were reported, three on Interstate-75, one on U.S. Highway 41, and one on Georgia Highway 18.  Two injuries were reported with these accidents.",NA,PDS
200512,16,500,200512,16,900,1202831,5487814,GEORGIA,13,2005,December,Freezing Fog,Z,78,HARRIS,13078,FFC,16-DEC-05 05:00:00,EST,16-DEC-05 09:00:00,0,0,0,0,NA,NA,OFFICIAL NWS OBS.,NA,NA,NA,NA,NA,NA,NA,NA,NA,NA,NA,NA,NA,NA,NA,NA,NA,NA,NA,NA,NA,"Several counties across north and central Georgia experienced a problem with black ice and a heavy frost forming on the roads as clearing occurred the evening before following a rainy, foggy day and temperatures dropped into the mid 20s.  A number of traffic accidents were reported.  In Marietta in Cobb county, a 23 year-old man was killed when his pickup truck skidded off an icy road and into a tree.  In Cherokee county two major accidents were reported on ice covered bridges.  One of these accidents occurred on Georgia Highway 372 near Ball Ground resulting in serious injuries to a 5-year old.  The other occurred on Bells Ferry Road in Woodstock near the Little River Marina when two vehicles collided on an ice-covered bridge.  In Macon in Bibb county, a 64 year-old man was killed when his pickup truck veered off an icy road and into oncoming traffic.  In Monroe county, a total of five accidents were reported, three on Interstate-75, one on U.S. Highway 41, and one on Georgia Highway 18.  Two injuries were reported with these accidents.",NA,PDS
200512,16,500,200512,16,900,1202831,5487817,GEORGIA,13,2005,December,Freezing Fog,Z,25,JACKSON,13025,FFC,16-DEC-05 05:00:00,EST,16-DEC-05 09:00:00,0,0,0,0,NA,NA,OFFICIAL NWS OBS.,NA,NA,NA,NA,NA,NA,NA,NA,NA,NA,NA,NA,NA,NA,NA,NA,NA,NA,NA,NA,NA,"Several counties across north and central Georgia experienced a problem with black ice and a heavy frost forming on the roads as clearing occurred the evening before following a rainy, foggy day and temperatures dropped into the mid 20s.  A number of traffic accidents were reported.  In Marietta in Cobb county, a 23 year-old man was killed when his pickup truck skidded off an icy road and into a tree.  In Cherokee county two major accidents were reported on ice covered bridges.  One of these accidents occurred on Georgia Highway 372 near Ball Ground resulting in serious injuries to a 5-year old.  The other occurred on Bells Ferry Road in Woodstock near the Little River Marina when two vehicles collided on an ice-covered bridge.  In Macon in Bibb county, a 64 year-old man was killed when his pickup truck veered off an icy road and into oncoming traffic.  In Monroe county, a total of five accidents were reported, three on Interstate-75, one on U.S. Highway 41, and one on Georgia Highway 18.  Two injuries were reported with these accidents.",NA,PDS
200512,16,0,200512,16,900,1202907,5488286,SOUTH CAROLINA,45,2005,December,Freezing Fog,Z,5,GREATER PICKENS,45005,GSP,16-DEC-05 00:00:00,EST,16-DEC-05 09:00:00,0,0,0,0,NA,NA,LAW ENFORCEMENT,NA,NA,NA,NA,NA,NA,NA,NA,NA,NA,NA,NA,NA,NA,NA,NA,NA,NA,NA,NA,NA,"As temperatures fell below freezing, roads that were still wet as a result of the precipitation that fell earlier in the day began to freeze. In addition, dense fog developed in many areas, and this likely assisted in despositing ice on road surfaces. There were numerous traafic accidents across the region.",NA,PDS
200512,16,0,200512,16,900,1202907,5488287,SOUTH CAROLINA,45,2005,December,Freezing Fog,Z,10,ANDERSON,45010,GSP,16-DEC-05 00:00:00,EST,16-DEC-05 09:00:00,0,0,0,0,NA,NA,LAW ENFORCEMENT,NA,NA,NA,NA,NA,NA,NA,NA,NA,NA,NA,NA,NA,NA,NA,NA,NA,NA,NA,NA,NA,"As temperatures fell below freezing, roads that were still wet as a result of the precipitation that fell earlier in the day began to freeze. In addition, dense fog developed in many areas, and this likely assisted in despositing ice on road surfaces. There were numerous traafic accidents across the region.",NA,PDS
200512,16,500,200512,16,900,1202831,5487803,GEORGIA,13,2005,December,Freezing Fog,Z,45,DE KALB,13045,FFC,16-DEC-05 05:00:00,EST,16-DEC-05 09:00:00,0,0,0,0,NA,NA,OFFICIAL NWS OBS.,NA,NA,NA,NA,NA,NA,NA,NA,NA,NA,NA,NA,NA,NA,NA,NA,NA,NA,NA,NA,NA,"Several counties across north and central Georgia experienced a problem with black ice and a heavy frost forming on the roads as clearing occurred the evening before following a rainy, foggy day and temperatures dropped into the mid 20s.  A number of traffic accidents were reported.  In Marietta in Cobb county, a 23 year-old man was killed when his pickup truck skidded off an icy road and into a tree.  In Cherokee county two major accidents were reported on ice covered bridges.  One of these accidents occurred on Georgia Highway 372 near Ball Ground resulting in serious injuries to a 5-year old.  The other occurred on Bells Ferry Road in Woodstock near the Little River Marina when two vehicles collided on an ice-covered bridge.  In Macon in Bibb county, a 64 year-old man was killed when his pickup truck veered off an icy road and into oncoming traffic.  In Monroe county, a total of five accidents were reported, three on Interstate-75, one on U.S. Highway 41, and one on Georgia Highway 18.  Two injuries were reported with these accidents.",NA,PDS
200512,16,500,200512,16,900,1202831,5487804,GEORGIA,13,2005,December,Freezing Fog,Z,54,FAYETTE,13054,FFC,16-DEC-05 05:00:00,EST,16-DEC-05 09:00:00,0,0,0,0,NA,NA,OFFICIAL NWS OBS.,NA,NA,NA,NA,NA,NA,NA,NA,NA,NA,NA,NA,NA,NA,NA,NA,NA,NA,NA,NA,NA,"Several counties across north and central Georgia experienced a problem with black ice and a heavy frost forming on the roads as clearing occurred the evening before following a rainy, foggy day and temperatures dropped into the mid 20s.  A number of traffic accidents were reported.  In Marietta in Cobb county, a 23 year-old man was killed when his pickup truck skidded off an icy road and into a tree.  In Cherokee county two major accidents were reported on ice covered bridges.  One of these accidents occurred on Georgia Highway 372 near Ball Ground resulting in serious injuries to a 5-year old.  The other occurred on Bells Ferry Road in Woodstock near the Little River Marina when two vehicles collided on an ice-covered bridge.  In Macon in Bibb county, a 64 year-old man was killed when his pickup truck veered off an icy road and into oncoming traffic.  In Monroe county, a total of five accidents were reported, three on Interstate-75, one on U.S. Highway 41, and one on Georgia Highway 18.  Two injuries were reported with these accidents.",NA,PDS
200512,16,500,200512,16,900,1202831,5487805,GEORGIA,13,2005,December,Freezing Fog,Z,22,FORSYTH,13022,FFC,16-DEC-05 05:00:00,EST,16-DEC-05 09:00:00,0,0,0,0,NA,NA,OFFICIAL NWS OBS.,NA,NA,NA,NA,NA,NA,NA,NA,NA,NA,NA,NA,NA,NA,NA,NA,NA,NA,NA,NA,NA,"Several counties across north and central Georgia experienced a problem with black ice and a heavy frost forming on the roads as clearing occurred the evening before following a rainy, foggy day and temperatures dropped into the mid 20s.  A number of traffic accidents were reported.  In Marietta in Cobb county, a 23 year-old man was killed when his pickup truck skidded off an icy road and into a tree.  In Cherokee county two major accidents were reported on ice covered bridges.  One of these accidents occurred on Georgia Highway 372 near Ball Ground resulting in serious injuries to a 5-year old.  The other occurred on Bells Ferry Road in Woodstock near the Little River Marina when two vehicles collided on an ice-covered bridge.  In Macon in Bibb county, a 64 year-old man was killed when his pickup truck veered off an icy road and into oncoming traffic.  In Monroe county, a total of five accidents were reported, three on Interstate-75, one on U.S. Highway 41, and one on Georgia Highway 18.  Two injuries were reported with these accidents.",NA,PDS
200512,16,500,200512,16,900,1202831,5487806,GEORGIA,13,2005,December,Freezing Fog,Z,7,GILMER,13007,FFC,16-DEC-05 05:00:00,EST,16-DEC-05 09:00:00,0,0,0,0,NA,NA,OFFICIAL NWS OBS.,NA,NA,NA,NA,NA,NA,NA,NA,NA,NA,NA,NA,NA,NA,NA,NA,NA,NA,NA,NA,NA,"Several counties across north and central Georgia experienced a problem with black ice and a heavy frost forming on the roads as clearing occurred the evening before following a rainy, foggy day and temperatures dropped into the mid 20s.  A number of traffic accidents were reported.  In Marietta in Cobb county, a 23 year-old man was killed when his pickup truck skidded off an icy road and into a tree.  In Cherokee county two major accidents were reported on ice covered bridges.  One of these accidents occurred on Georgia Highway 372 near Ball Ground resulting in serious injuries to a 5-year old.  The other occurred on Bells Ferry Road in Woodstock near the Little River Marina when two vehicles collided on an ice-covered bridge.  In Macon in Bibb county, a 64 year-old man was killed when his pickup truck veered off an icy road and into oncoming traffic.  In Monroe county, a total of five accidents were reported, three on Interstate-75, one on U.S. Highway 41, and one on Georgia Highway 18.  Two injuries were reported with these accidents.",NA,PDS
200512,16,500,200512,16,900,1202831,5487792,GEORGIA,13,2005,December,Freezing Fog,Z,35,BARROW,13035,FFC,16-DEC-05 05:00:00,EST,16-DEC-05 09:00:00,0,0,0,0,NA,NA,OFFICIAL NWS OBS.,NA,NA,NA,NA,NA,NA,NA,NA,NA,NA,NA,NA,NA,NA,NA,NA,NA,NA,NA,NA,NA,"Several counties across north and central Georgia experienced a problem with black ice and a heavy frost forming on the roads as clearing occurred the evening before following a rainy, foggy day and temperatures dropped into the mid 20s.  A number of traffic accidents were reported.  In Marietta in Cobb county, a 23 year-old man was killed when his pickup truck skidded off an icy road and into a tree.  In Cherokee county two major accidents were reported on ice covered bridges.  One of these accidents occurred on Georgia Highway 372 near Ball Ground resulting in serious injuries to a 5-year old.  The other occurred on Bells Ferry Road in Woodstock near the Little River Marina when two vehicles collided on an ice-covered bridge.  In Macon in Bibb county, a 64 year-old man was killed when his pickup truck veered off an icy road and into oncoming traffic.  In Monroe county, a total of five accidents were reported, three on Interstate-75, one on U.S. Highway 41, and one on Georgia Highway 18.  Two injuries were reported with these accidents.",NA,PDS
200512,16,500,200512,16,900,1202831,5487793,GEORGIA,13,2005,December,Freezing Fog,Z,20,BARTOW,13020,FFC,16-DEC-05 05:00:00,EST,16-DEC-05 09:00:00,0,0,0,0,NA,NA,OFFICIAL NWS OBS.,NA,NA,NA,NA,NA,NA,NA,NA,NA,NA,NA,NA,NA,NA,NA,NA,NA,NA,NA,NA,NA,"Several counties across north and central Georgia experienced a problem with black ice and a heavy frost forming on the roads as clearing occurred the evening before following a rainy, foggy day and temperatures dropped into the mid 20s.  A number of traffic accidents were reported.  In Marietta in Cobb county, a 23 year-old man was killed when his pickup truck skidded off an icy road and into a tree.  In Cherokee county two major accidents were reported on ice covered bridges.  One of these accidents occurred on Georgia Highway 372 near Ball Ground resulting in serious injuries to a 5-year old.  The other occurred on Bells Ferry Road in Woodstock near the Little River Marina when two vehicles collided on an ice-covered bridge.  In Macon in Bibb county, a 64 year-old man was killed when his pickup truck veered off an icy road and into oncoming traffic.  In Monroe county, a total of five accidents were reported, three on Interstate-75, one on U.S. Highway 41, and one on Georgia Highway 18.  Two injuries were reported with these accidents.",NA,PDS
200512,16,500,200512,16,500,1202831,5487800,GEORGIA,13,2005,December,Freezing Fog,Z,32,COBB,13032,FFC,16-DEC-05 05:00:00,EST,16-DEC-05 05:00:00,0,0,0,0,NA,NA,OFFICIAL NWS OBS.,NA,NA,NA,NA,NA,NA,NA,NA,NA,NA,NA,NA,NA,NA,NA,NA,NA,NA,NA,NA,NA,"Several counties across north and central Georgia experienced a problem with black ice and a heavy frost forming on the roads as clearing occurred the evening before following a rainy, foggy day and temperatures dropped into the mid 20s.  A number of traffic accidents were reported.  In Marietta in Cobb county, a 23 year-old man was killed when his pickup truck skidded off an icy road and into a tree.  In Cherokee county two major accidents were reported on ice covered bridges.  One of these accidents occurred on Georgia Highway 372 near Ball Ground resulting in serious injuries to a 5-year old.  The other occurred on Bells Ferry Road in Woodstock near the Little River Marina when two vehicles collided on an ice-covered bridge.  In Macon in Bibb county, a 64 year-old man was killed when his pickup truck veered off an icy road and into oncoming traffic.  In Monroe county, a total of five accidents were reported, three on Interstate-75, one on U.S. Highway 41, and one on Georgia Highway 18.  Two injuries were reported with these accidents.",NA,PDS
200512,16,500,200512,16,900,1202831,5487802,GEORGIA,13,2005,December,Freezing Fog,Z,14,DAWSON,13014,FFC,16-DEC-05 05:00:00,EST,16-DEC-05 09:00:00,0,0,0,0,NA,NA,OFFICIAL NWS OBS.,NA,NA,NA,NA,NA,NA,NA,NA,NA,NA,NA,NA,NA,NA,NA,NA,NA,NA,NA,NA,NA,"Several counties across north and central Georgia experienced a problem with black ice and a heavy frost forming on the roads as clearing occurred the evening before following a rainy, foggy day and temperatures dropped into the mid 20s.  A number of traffic accidents were reported.  In Marietta in Cobb county, a 23 year-old man was killed when his pickup truck skidded off an icy road and into a tree.  In Cherokee county two major accidents were reported on ice covered bridges.  One of these accidents occurred on Georgia Highway 372 near Ball Ground resulting in serious injuries to a 5-year old.  The other occurred on Bells Ferry Road in Woodstock near the Little River Marina when two vehicles collided on an ice-covered bridge.  In Macon in Bibb county, a 64 year-old man was killed when his pickup truck veered off an icy road and into oncoming traffic.  In Monroe county, a total of five accidents were reported, three on Interstate-75, one on U.S. Highway 41, and one on Georgia Highway 18.  Two injuries were reported with these accidents.",NA,PDS
200512,16,500,200512,16,900,1202831,5487848,GEORGIA,13,2005,December,Freezing Fog,Z,16,WHITE,13016,FFC,16-DEC-05 05:00:00,EST,16-DEC-05 09:00:00,0,0,0,0,NA,NA,OFFICIAL NWS OBS.,NA,NA,NA,NA,NA,NA,NA,NA,NA,NA,NA,NA,NA,NA,NA,NA,NA,NA,NA,NA,NA,"Several counties across north and central Georgia experienced a problem with black ice and a heavy frost forming on the roads as clearing occurred the evening before following a rainy, foggy day and temperatures dropped into the mid 20s.  A number of traffic accidents were reported.  In Marietta in Cobb county, a 23 year-old man was killed when his pickup truck skidded off an icy road and into a tree.  In Cherokee county two major accidents were reported on ice covered bridges.  One of these accidents occurred on Georgia Highway 372 near Ball Ground resulting in serious injuries to a 5-year old.  The other occurred on Bells Ferry Road in Woodstock near the Little River Marina when two vehicles collided on an ice-covered bridge.  In Macon in Bibb county, a 64 year-old man was killed when his pickup truck veered off an icy road and into oncoming traffic.  In Monroe county, a total of five accidents were reported, three on Interstate-75, one on U.S. Highway 41, and one on Georgia Highway 18.  Two injuries were reported with these accidents.",NA,PDS
200512,16,500,200512,16,900,1202831,5487788,GEORGIA,13,2005,December,Freezing Fog,Z,82,BIBB,13082,FFC,16-DEC-05 05:00:00,EST,16-DEC-05 09:00:00,0,0,0,0,NA,NA,NEWSPAPER,NA,NA,NA,NA,NA,NA,NA,NA,NA,NA,NA,NA,NA,NA,NA,NA,NA,NA,NA,NA,NA,"Several counties across north and central Georgia experienced a problem with black ice and a heavy frost forming on the roads as clearing occurred the evening before following a rainy, foggy day and temperatures dropped into the mid 20s.  A number of traffic accidents were reported.  In Marietta in Cobb county, a 23 year-old man was killed when his pickup truck skidded off an icy road and into a tree.  In Cherokee county two major accidents were reported on ice covered bridges.  One of these accidents occurred on Georgia Highway 372 near Ball Ground resulting in serious injuries to a 5-year old.  The other occurred on Bells Ferry Road in Woodstock near the Little River Marina when two vehicles collided on an ice-covered bridge.  In Macon in Bibb county, a 64 year-old man was killed when his pickup truck veered off an icy road and into oncoming traffic.  In Monroe county, a total of five accidents were reported, three on Interstate-75, one on U.S. Highway 41, and one on Georgia Highway 18.  Two injuries were reported with these accidents.",NA,PDS
200512,16,500,200512,16,900,1202831,5487789,GEORGIA,13,2005,December,Freezing Fog,Z,21,CHEROKEE,13021,FFC,16-DEC-05 05:00:00,EST,16-DEC-05 09:00:00,0,0,0,0,NA,NA,NEWSPAPER,NA,NA,NA,NA,NA,NA,NA,NA,NA,NA,NA,NA,NA,NA,NA,NA,NA,NA,NA,NA,NA,"Several counties across north and central Georgia experienced a problem with black ice and a heavy frost forming on the roads as clearing occurred the evening before following a rainy, foggy day and temperatures dropped into the mid 20s.  A number of traffic accidents were reported.  In Marietta in Cobb county, a 23 year-old man was killed when his pickup truck skidded off an icy road and into a tree.  In Cherokee county two major accidents were reported on ice covered bridges.  One of these accidents occurred on Georgia Highway 372 near Ball Ground resulting in serious injuries to a 5-year old.  The other occurred on Bells Ferry Road in Woodstock near the Little River Marina when two vehicles collided on an ice-covered bridge.  In Macon in Bibb county, a 64 year-old man was killed when his pickup truck veered off an icy road and into oncoming traffic.  In Monroe county, a total of five accidents were reported, three on Interstate-75, one on U.S. Highway 41, and one on Georgia Highway 18.  Two injuries were reported with these accidents.",NA,PDS
200512,16,500,200512,16,900,1202831,5487790,GEORGIA,13,2005,December,Freezing Fog,Z,73,BALDWIN,13073,FFC,16-DEC-05 05:00:00,EST,16-DEC-05 09:00:00,0,0,0,0,NA,NA,OFFICIAL NWS OBS.,NA,NA,NA,NA,NA,NA,NA,NA,NA,NA,NA,NA,NA,NA,NA,NA,NA,NA,NA,NA,NA,"Several counties across north and central Georgia experienced a problem with black ice and a heavy frost forming on the roads as clearing occurred the evening before following a rainy, foggy day and temperatures dropped into the mid 20s.  A number of traffic accidents were reported.  In Marietta in Cobb county, a 23 year-old man was killed when his pickup truck skidded off an icy road and into a tree.  In Cherokee county two major accidents were reported on ice covered bridges.  One of these accidents occurred on Georgia Highway 372 near Ball Ground resulting in serious injuries to a 5-year old.  The other occurred on Bells Ferry Road in Woodstock near the Little River Marina when two vehicles collided on an ice-covered bridge.  In Macon in Bibb county, a 64 year-old man was killed when his pickup truck veered off an icy road and into oncoming traffic.  In Monroe county, a total of five accidents were reported, three on Interstate-75, one on U.S. Highway 41, and one on Georgia Highway 18.  Two injuries were reported with these accidents.",NA,PDS
200611,24,500,200611,24,1000,1417,6565,MICHIGAN,26,2006,November,Freezing Fog,Z,83,MONROE,26083,DTX,24-NOV-06 05:00:00,EST-5,24-NOV-06 10:00:00,0,10,0,1,0.00K,0.00K,Newspaper,NA,NA,NA,NA,NA,NA,NA,NA,NA,NA,NA,NA,NA,NA,NA,NA,NA,NA,NA,NA,NA,"A high pressure system set up a favorable situation for fog formation. Light winds off of Lake Erie and Lake St Clair carried a marine layer of low clouds and dense fog inland across the Detroit area, mainly along and south of I-94. Visibilities were near zero at times during the rush hour traffic. Temperatures in the 20's allowed the dense fog to freeze on area roadways, creating slippery conditions and numerous accidents. By 1000 EST, temperatures had climbed above freezing and visibilities had begun to improve.","Freezing fog, accompanied by near zero visibilities, created very slippery  conditions on area roads. This led to numerous accidents during the morning rush hour traffic. A semi-truck rollover accident at the northbound I-75 and I-275 junction resulted in the death of a person (indirect) at about 0800 EST. The road was closed for several hours as clean-up operations at the scene were hampered by the dense fog.",CSV
200611,24,500,200611,24,1000,1417,6566,MICHIGAN,26,2006,November,Freezing Fog,Z,76,WAYNE,26076,DTX,24-NOV-06 05:00:00,EST-5,24-NOV-06 10:00:00,0,0,0,0,0.00K,0.00K,ASOS,NA,NA,NA,NA,NA,NA,NA,NA,NA,NA,NA,NA,NA,NA,NA,NA,NA,NA,NA,NA,NA,"A high pressure system set up a favorable situation for fog formation. Light winds off of Lake Erie and Lake St Clair carried a marine layer of low clouds and dense fog inland across the Detroit area, mainly along and south of I-94. Visibilities were near zero at times during the rush hour traffic. Temperatures in the 20's allowed the dense fog to freeze on area roadways, creating slippery conditions and numerous accidents. By 1000 EST, temperatures had climbed above freezing and visibilities had begun to improve.",NA,CSV
200611,24,500,200611,24,1000,1417,6567,MICHIGAN,26,2006,November,Freezing Fog,Z,75,WASHTENAW,26075,DTX,24-NOV-06 05:00:00,EST-5,24-NOV-06 10:00:00,0,0,0,0,0.00K,0.00K,ASOS,NA,NA,NA,NA,NA,NA,NA,NA,NA,NA,NA,NA,NA,NA,NA,NA,NA,NA,NA,NA,NA,"A high pressure system set up a favorable situation for fog formation. Light winds off of Lake Erie and Lake St Clair carried a marine layer of low clouds and dense fog inland across the Detroit area, mainly along and south of I-94. Visibilities were near zero at times during the rush hour traffic. Temperatures in the 20's allowed the dense fog to freeze on area roadways, creating slippery conditions and numerous accidents. By 1000 EST, temperatures had climbed above freezing and visibilities had begun to improve.",NA,CSV
200712,31,200,200712,31,900,12419,70378,VIRGINIA,51,2007,December,Freezing Fog,Z,37,ALBEMARLE,51037,LWX,31-DEC-07 02:00:00,EST-5,31-DEC-07 09:00:00,0,0,0,0,0.00K,0.00K,ASOS,NA,NA,NA,NA,NA,NA,NA,NA,NA,NA,NA,NA,NA,NA,NA,NA,NA,NA,NA,NA,NA,"Areas of dense fog developed across portions of northern and central Virginia, including the Washington DC suburbs and areas south towards Charlottesville during the early morning hours of December 31st. Visibilities were often reduced to a quarter mile or less. Temperatures during the overnight hours fell into the lower 30s, causing fog to freeze onto some surfaces.",NA,CSV
200712,31,700,200712,31,1100,12419,70379,VIRGINIA,51,2007,December,Freezing Fog,Z,53,FAIRFAX,51053,LWX,31-DEC-07 07:00:00,EST-5,31-DEC-07 11:00:00,0,0,0,0,0.00K,0.00K,ASOS,NA,NA,NA,NA,NA,NA,NA,NA,NA,NA,NA,NA,NA,NA,NA,NA,NA,NA,NA,NA,NA,"Areas of dense fog developed across portions of northern and central Virginia, including the Washington DC suburbs and areas south towards Charlottesville during the early morning hours of December 31st. Visibilities were often reduced to a quarter mile or less. Temperatures during the overnight hours fell into the lower 30s, causing fog to freeze onto some surfaces.",NA,CSV
200712,31,700,200712,31,1100,12419,70380,VIRGINIA,51,2007,December,Freezing Fog,Z,42,LOUDOUN,51042,LWX,31-DEC-07 07:00:00,EST-5,31-DEC-07 11:00:00,0,0,0,0,0.00K,0.00K,ASOS,NA,NA,NA,NA,NA,NA,NA,NA,NA,NA,NA,NA,NA,NA,NA,NA,NA,NA,NA,NA,NA,"Areas of dense fog developed across portions of northern and central Virginia, including the Washington DC suburbs and areas south towards Charlottesville during the early morning hours of December 31st. Visibilities were often reduced to a quarter mile or less. Temperatures during the overnight hours fell into the lower 30s, causing fog to freeze onto some surfaces.",NA,CSV
200712,31,400,200712,31,1000,12419,70381,VIRGINIA,51,2007,December,Freezing Fog,Z,52,PRINCE WILLIAM,51052,LWX,31-DEC-07 04:00:00,EST-5,31-DEC-07 10:00:00,0,0,0,0,0.00K,0.00K,ASOS,NA,NA,NA,NA,NA,NA,NA,NA,NA,NA,NA,NA,NA,NA,NA,NA,NA,NA,NA,NA,NA,"Areas of dense fog developed across portions of northern and central Virginia, including the Washington DC suburbs and areas south towards Charlottesville during the early morning hours of December 31st. Visibilities were often reduced to a quarter mile or less. Temperatures during the overnight hours fell into the lower 30s, causing fog to freeze onto some surfaces.",NA,CSV
200712,31,100,200712,31,1000,12418,70376,MARYLAND,24,2007,December,Freezing Fog,Z,3,WASHINGTON,24003,LWX,31-DEC-07 01:00:00,EST-5,31-DEC-07 10:00:00,0,0,0,0,0.00K,0.00K,ASOS,NA,NA,NA,NA,NA,NA,NA,NA,NA,NA,NA,NA,NA,NA,NA,NA,NA,NA,NA,NA,NA,"Areas of dense fog developed across portions of north-central Maryland during the early morning hours of December 31st. Visibilities were often reduced to a quarter mile or less. Temperatures during the overnight hours fell into the lower 30s, causing fog to freeze onto some surfaces. The fog and glaze of ice caused significant travel problems. Over 100 accidents were reported on Interstate 70, US 340 and US 15. One fatality was reported in Frederick County.",Dense fog and freezing fog was reported by the ASOS at the Hagerstown Regional Airport.,CSV
200712,31,100,200712,31,1000,12418,70377,MARYLAND,24,2007,December,Freezing Fog,Z,4,FREDERICK,24004,LWX,31-DEC-07 01:00:00,EST-5,31-DEC-07 10:00:00,0,0,0,1,5.00K,0.00K,AWOS,NA,NA,NA,NA,NA,NA,NA,NA,NA,NA,NA,NA,NA,NA,NA,NA,NA,NA,NA,NA,NA,"Areas of dense fog developed across portions of north-central Maryland during the early morning hours of December 31st. Visibilities were often reduced to a quarter mile or less. Temperatures during the overnight hours fell into the lower 30s, causing fog to freeze onto some surfaces. The fog and glaze of ice caused significant travel problems. Over 100 accidents were reported on Interstate 70, US 340 and US 15. One fatality was reported in Frederick County.",Dense fog and freezing fog was reported by the AWOS at the Frederick Municipal Airport. Dense freezing fog and icy roadways caused numerous travel problems in Frederick County. Over 100 vehicle crashes were reported during the early and mid morning hours. The westbound lanes of Interstate 70 were closed for at least 9 hours due to a crash. A newspaper reported that a local firefighter was killed about 4:30 AM on the US 15 bridge over the Potomac River at Point of Rocks.,CSV
200712,27,900,200712,27,1700,12088,66105,TEXAS,48,2007,December,Freezing Fog,Z,24,BRISCOE,48024,LUB,27-DEC-07 09:00:00,CST-6,27-DEC-07 17:00:00,0,0,0,0,0.00K,0.00K,NWS Employee,NA,NA,NA,NA,NA,NA,NA,NA,NA,NA,NA,NA,NA,NA,NA,NA,NA,NA,NA,NA,NA,"A very dynamic storm system brought a variety of severe weather impacts to the South Plains of west Texas late on the 27th. ||Moist and sub-freezing upslope northeasterly flow behind a cold front resulted in persistent ice fog through much of the day over the extreme southeastern Texas Panhandle, particularly along the Caprock Escarpment. Although ice accumulated on most exposed surfaces, no adverse impacts were reported.||By late afternoon, weather impacts became much more intense and diverse. An area of heavy snow developed over the extreme southwestern Texas Panhandle and the northwestern South Plains. The area of wintry precipitation quickly moved northeastward, but not before accumulating snows occurred over the area and resulted in treacherous travel conditions. Roadways, including major interstate highways, became snowpacked - and remained dangerous through much of the morning hours on the 28th. ||Reported snow accumulations follow:  4 inches at Happy (Swisher County), 3 inches at Lazbuddie (Parmer County), 3 inches at Tulia (Swisher County), 2 inches at Nazareth (Castro County), 1 inch at Dimmitt (Castro County), 1 inch at Plainview (Hale County), and 1 inch at Silverton (Briscoe County).||South of the snow band, strong winds advected eastward behind a dryline-like feature that moved over the western and central South Plains. Wind gusts in excess of 40 mph were recorded at a number of Texas Tech University West Texas Mesonet sites over the western South Plains. Wind contributed to the failure of a metal shed building in northwest Lubbock. In addition, two non-mesocyclonic tornadoes were observed and photographed in the Lubbock vicinity. These tornadoes developed near a deepening surface low and its associated surface boundaries, and beneath towering cumulus clouds within a strongly unstable low-level airmass. No measurable precipitation occurred in association with the tornadic cumuliform clouds.",NA,CSV
200712,27,900,200712,27,1700,12088,66106,TEXAS,48,2007,December,Freezing Fog,Z,25,HALL,48025,LUB,27-DEC-07 09:00:00,CST-6,27-DEC-07 17:00:00,0,0,0,0,0.00K,0.00K,NWS Employee,NA,NA,NA,NA,NA,NA,NA,NA,NA,NA,NA,NA,NA,NA,NA,NA,NA,NA,NA,NA,NA,"A very dynamic storm system brought a variety of severe weather impacts to the South Plains of west Texas late on the 27th. ||Moist and sub-freezing upslope northeasterly flow behind a cold front resulted in persistent ice fog through much of the day over the extreme southeastern Texas Panhandle, particularly along the Caprock Escarpment. Although ice accumulated on most exposed surfaces, no adverse impacts were reported.||By late afternoon, weather impacts became much more intense and diverse. An area of heavy snow developed over the extreme southwestern Texas Panhandle and the northwestern South Plains. The area of wintry precipitation quickly moved northeastward, but not before accumulating snows occurred over the area and resulted in treacherous travel conditions. Roadways, including major interstate highways, became snowpacked - and remained dangerous through much of the morning hours on the 28th. ||Reported snow accumulations follow:  4 inches at Happy (Swisher County), 3 inches at Lazbuddie (Parmer County), 3 inches at Tulia (Swisher County), 2 inches at Nazareth (Castro County), 1 inch at Dimmitt (Castro County), 1 inch at Plainview (Hale County), and 1 inch at Silverton (Briscoe County).||South of the snow band, strong winds advected eastward behind a dryline-like feature that moved over the western and central South Plains. Wind gusts in excess of 40 mph were recorded at a number of Texas Tech University West Texas Mesonet sites over the western South Plains. Wind contributed to the failure of a metal shed building in northwest Lubbock. In addition, two non-mesocyclonic tornadoes were observed and photographed in the Lubbock vicinity. These tornadoes developed near a deepening surface low and its associated surface boundaries, and beneath towering cumulus clouds within a strongly unstable low-level airmass. No measurable precipitation occurred in association with the tornadic cumuliform clouds.",NA,CSV
200703,7,2230,200703,8,0,3423,18674,WEST VIRGINIA,54,2007,March,Freezing Fog,Z,502,EASTERN GRANT,54502,LWX,07-MAR-07 22:30:00,EST-5,08-MAR-07 00:00:00,0,0,0,0,0.00K,0.00K,ASOS,NA,NA,NA,NA,NA,NA,NA,NA,NA,NA,NA,NA,NA,NA,NA,NA,NA,NA,NA,NA,NA,"A departing low pressure system to the south allowed very cold air to funnel from the north and generate areas of dense fog. With temperatures falling into the teens, fog froze on contact. |Automated Observations from Petersburg, WV., (site ID KW99) reported freezing fog reducing visibilities to a quarter mile or less.","Automated Observations from Petersburg, WV., (site ID KW99) reported freezing fog reducing visibilities to a quarter mile or less.|",CSV
200703,8,0,200703,8,800,3422,18673,VIRGINIA,51,2007,March,Freezing Fog,Z,52,PRINCE WILLIAM,51052,LWX,08-MAR-07 00:00:00,EST-5,08-MAR-07 08:00:00,0,0,0,0,0.00K,0.00K,ASOS,NA,NA,NA,NA,NA,NA,NA,NA,NA,NA,NA,NA,NA,NA,NA,NA,NA,NA,NA,NA,NA,"A departing low pressure system to the south allowed very cold air to funnel from the north and generate areas of dense fog. With temperatures falling into the teens, fog froze on contact. |Automated Observations from Manassas Regional Airport/Harry P. Davis Field reported freezing fog reducing visibilities to a quarter mile or less.",Automated Observations from Manassas Regional Airport/Harry P. Davis Field reported freezing fog reducing visibilities to a quarter mile or less.|,CSV
200703,7,2100,200703,8,600,3421,18672,MARYLAND,24,2007,March,Freezing Fog,Z,4,FREDERICK,24004,LWX,07-MAR-07 21:00:00,EST-5,08-MAR-07 06:00:00,0,0,0,0,0.00K,0.00K,ASOS,NA,NA,NA,NA,NA,NA,NA,NA,NA,NA,NA,NA,NA,NA,NA,NA,NA,NA,NA,NA,NA,"A departing low pressure system to the south allowed very cold air to funnel from the north and generate areas of dense fog. With temperatures falling into the teens, fog froze on contact. |Automated Observations from Frederick Municipal Airport reported freezing fog reducing visibilities to a quarter mile or less.",Automated Observations from Frederick Municipal Airport reported freezing fog reducing visibilities to a quarter mile or less.|,CSV
200801,17,500,200801,17,900,13840,77627,SOUTH DAKOTA,46,2008,January,Freezing Fog,Z,67,LINCOLN,46067,FSD,17-JAN-08 05:00:00,CST-6,17-JAN-08 09:00:00,0,3,0,0,0.00K,0.00K,Newspaper,NA,NA,NA,NA,NA,NA,NA,NA,NA,NA,NA,NA,NA,NA,NA,NA,NA,NA,NA,NA,NA,Patchy dense fog contributed to two accidents involving shool busses in the Lennox area. The fog was local with visibilities remaining high through the same time period a few miles away at the Sioux Falls airport.,"Local dense fog in the Lennox area contributed to two school bus accidents, one of which resulted in minor injuries.",CSV
200801,13,1600,200801,14,600,12045,65900,NEVADA,32,2008,January,Freezing Fog,Z,1,MINERAL/SOUTHERN LYON,32001,REV,13-JAN-08 16:00:00,PST-8,14-JAN-08 06:00:00,0,0,0,0,0.00K,0.00K,Mesonet,NA,NA,NA,NA,NA,NA,NA,NA,NA,NA,NA,NA,NA,NA,NA,NA,NA,NA,NA,NA,NA,The combination of snow-covered ground and strong low-level temperature inversions allowed freezing fog to form across portions of northeastern California and western Nevada.,Weather observations from the area around Hawthorne showed visibilities of less than one-quarter mile in fog. Satellite imagery also confirmed areas of fog east of Hawthorne and spreading north along U. S. Highway 95 to near Schurz.,CSV
200801,10,2000,200801,11,800,12044,65899,NEVADA,32,2008,January,Freezing Fog,Z,4,WESTERN NEVADA BASIN AND RANGE,32004,REV,10-JAN-08 20:00:00,PST-8,11-JAN-08 08:00:00,0,0,0,0,0.00K,0.00K,Trained Spotter,NA,NA,NA,NA,NA,NA,NA,NA,NA,NA,NA,NA,NA,NA,NA,NA,NA,NA,NA,NA,NA,Snow-covered ground contributed to the formation of freezing fog across portions of Churchill and Pershing Counties in western Nevada.  The fog dissipated with the addition of surface heating during the morning.,"Freezing fog, reducing visibilities to less than one-quarter mile at times, stretched across southern Pershing and northern Churchill Counties overnight.  The main areas affected were along Interstate 80 from just east of Fernley to the Rye Patch Reservoir, and along U. S. Highway 95 between Fallon and Trinity Junction.",CSV
200912,22,0,200912,22,1000,35805,207172,MISSOURI,29,2009,December,Freezing Fog,Z,86,BOLLINGER,29086,PAH,22-DEC-09 00:00:00,CST-6,22-DEC-09 10:00:00,0,0,0,0,0.00K,0.00K,ASOS,NA,NA,NA,NA,NA,NA,NA,NA,NA,NA,NA,NA,NA,NA,NA,NA,NA,NA,NA,NA,NA,"Freezing fog developed on the back side of a high pressure ridge over the Upper Ohio Valley. The freezing fog was dense across southeast Missouri, where visibility was one-quarter mile or less. A light accretion of ice was observed, mostly on elevated surfaces such as vehicles.",NA,CSV
200912,22,0,200912,22,1000,35805,207173,MISSOURI,29,2009,December,Freezing Fog,Z,109,BUTLER,29109,PAH,22-DEC-09 00:00:00,CST-6,22-DEC-09 10:00:00,0,0,0,0,0.00K,0.00K,ASOS,NA,NA,NA,NA,NA,NA,NA,NA,NA,NA,NA,NA,NA,NA,NA,NA,NA,NA,NA,NA,NA,"Freezing fog developed on the back side of a high pressure ridge over the Upper Ohio Valley. The freezing fog was dense across southeast Missouri, where visibility was one-quarter mile or less. A light accretion of ice was observed, mostly on elevated surfaces such as vehicles.",NA,CSV
200912,22,200,200912,22,1000,35805,207174,MISSOURI,29,2009,December,Freezing Fog,Z,87,CAPE GIRARDEAU,29087,PAH,22-DEC-09 02:00:00,CST-6,22-DEC-09 10:00:00,0,0,0,0,0.00K,0.00K,ASOS,NA,NA,NA,NA,NA,NA,NA,NA,NA,NA,NA,NA,NA,NA,NA,NA,NA,NA,NA,NA,NA,"Freezing fog developed on the back side of a high pressure ridge over the Upper Ohio Valley. The freezing fog was dense across southeast Missouri, where visibility was one-quarter mile or less. A light accretion of ice was observed, mostly on elevated surfaces such as vehicles.",NA,CSV
200912,22,0,200912,22,1000,35805,207175,MISSOURI,29,2009,December,Freezing Fog,Z,107,CARTER,29107,PAH,22-DEC-09 00:00:00,CST-6,22-DEC-09 10:00:00,0,0,0,0,0.00K,0.00K,ASOS,NA,NA,NA,NA,NA,NA,NA,NA,NA,NA,NA,NA,NA,NA,NA,NA,NA,NA,NA,NA,NA,"Freezing fog developed on the back side of a high pressure ridge over the Upper Ohio Valley. The freezing fog was dense across southeast Missouri, where visibility was one-quarter mile or less. A light accretion of ice was observed, mostly on elevated surfaces such as vehicles.",NA,CSV
200912,22,200,200912,22,1000,35805,207176,MISSOURI,29,2009,December,Freezing Fog,Z,112,MISSISSIPPI,29112,PAH,22-DEC-09 02:00:00,CST-6,22-DEC-09 10:00:00,0,0,0,0,0.00K,0.00K,ASOS,NA,NA,NA,NA,NA,NA,NA,NA,NA,NA,NA,NA,NA,NA,NA,NA,NA,NA,NA,NA,NA,"Freezing fog developed on the back side of a high pressure ridge over the Upper Ohio Valley. The freezing fog was dense across southeast Missouri, where visibility was one-quarter mile or less. A light accretion of ice was observed, mostly on elevated surfaces such as vehicles.",NA,CSV
200912,22,200,200912,22,1000,35805,207177,MISSOURI,29,2009,December,Freezing Fog,Z,114,NEW MADRID,29114,PAH,22-DEC-09 02:00:00,CST-6,22-DEC-09 10:00:00,0,0,0,0,0.00K,0.00K,ASOS,NA,NA,NA,NA,NA,NA,NA,NA,NA,NA,NA,NA,NA,NA,NA,NA,NA,NA,NA,NA,NA,"Freezing fog developed on the back side of a high pressure ridge over the Upper Ohio Valley. The freezing fog was dense across southeast Missouri, where visibility was one-quarter mile or less. A light accretion of ice was observed, mostly on elevated surfaces such as vehicles.",NA,CSV
200912,22,200,200912,22,1000,35805,207178,MISSOURI,29,2009,December,Freezing Fog,Z,76,PERRY,29076,PAH,22-DEC-09 02:00:00,CST-6,22-DEC-09 10:00:00,0,0,0,0,0.00K,0.00K,ASOS,NA,NA,NA,NA,NA,NA,NA,NA,NA,NA,NA,NA,NA,NA,NA,NA,NA,NA,NA,NA,NA,"Freezing fog developed on the back side of a high pressure ridge over the Upper Ohio Valley. The freezing fog was dense across southeast Missouri, where visibility was one-quarter mile or less. A light accretion of ice was observed, mostly on elevated surfaces such as vehicles.",NA,CSV
200912,22,200,200912,22,900,35804,207187,KENTUCKY,21,2009,December,Freezing Fog,Z,5,MCCRACKEN,21005,PAH,22-DEC-09 02:00:00,CST-6,22-DEC-09 09:00:00,0,0,0,0,0.00K,0.00K,ASOS,NA,NA,NA,NA,NA,NA,NA,NA,NA,NA,NA,NA,NA,NA,NA,NA,NA,NA,NA,NA,NA,"Freezing fog developed on the back side of a high pressure ridge over the Upper Ohio Valley. The freezing fog was dense in the Paducah area and in the Mississippi River counties. Visibility in those areas was one-quarter mile or less. A light accretion of ice was observed, mostly on elevated surfaces such as vehicles.",NA,CSV
200912,22,200,200912,22,900,35803,207189,ILLINOIS,17,2009,December,Freezing Fog,Z,94,MASSAC,17094,PAH,22-DEC-09 02:00:00,CST-6,22-DEC-09 09:00:00,0,0,0,0,0.00K,0.00K,AWOS,NA,NA,NA,NA,NA,NA,NA,NA,NA,NA,NA,NA,NA,NA,NA,NA,NA,NA,NA,NA,NA,"Freezing fog developed on the back side of a high pressure ridge over the Upper Ohio Valley. The freezing fog was dense south and east of a line from Marion to Mount Carmel. Visibility in those areas was one-quarter mile or less. A light accretion of ice was observed, mostly on elevated surfaces such as vehicles.",NA,CSV
200912,22,200,200912,22,900,35803,207190,ILLINOIS,17,2009,December,Freezing Fog,Z,89,JOHNSON,17089,PAH,22-DEC-09 02:00:00,CST-6,22-DEC-09 09:00:00,0,0,0,0,0.00K,0.00K,AWOS,NA,NA,NA,NA,NA,NA,NA,NA,NA,NA,NA,NA,NA,NA,NA,NA,NA,NA,NA,NA,NA,"Freezing fog developed on the back side of a high pressure ridge over the Upper Ohio Valley. The freezing fog was dense south and east of a line from Marion to Mount Carmel. Visibility in those areas was one-quarter mile or less. A light accretion of ice was observed, mostly on elevated surfaces such as vehicles.",NA,CSV
200912,22,200,200912,22,900,35803,207191,ILLINOIS,17,2009,December,Freezing Fog,Z,93,PULASKI,17093,PAH,22-DEC-09 02:00:00,CST-6,22-DEC-09 09:00:00,0,0,0,0,0.00K,0.00K,AWOS,NA,NA,NA,NA,NA,NA,NA,NA,NA,NA,NA,NA,NA,NA,NA,NA,NA,NA,NA,NA,NA,"Freezing fog developed on the back side of a high pressure ridge over the Upper Ohio Valley. The freezing fog was dense south and east of a line from Marion to Mount Carmel. Visibility in those areas was one-quarter mile or less. A light accretion of ice was observed, mostly on elevated surfaces such as vehicles.",NA,CSV
200912,22,200,200912,22,900,35803,207192,ILLINOIS,17,2009,December,Freezing Fog,Z,90,POPE,17090,PAH,22-DEC-09 02:00:00,CST-6,22-DEC-09 09:00:00,0,0,0,0,0.00K,0.00K,AWOS,NA,NA,NA,NA,NA,NA,NA,NA,NA,NA,NA,NA,NA,NA,NA,NA,NA,NA,NA,NA,NA,"Freezing fog developed on the back side of a high pressure ridge over the Upper Ohio Valley. The freezing fog was dense south and east of a line from Marion to Mount Carmel. Visibility in those areas was one-quarter mile or less. A light accretion of ice was observed, mostly on elevated surfaces such as vehicles.",NA,CSV
200912,22,600,200912,22,900,35803,207193,ILLINOIS,17,2009,December,Freezing Fog,Z,86,SALINE,17086,PAH,22-DEC-09 06:00:00,CST-6,22-DEC-09 09:00:00,0,0,0,0,0.00K,0.00K,AWOS,NA,NA,NA,NA,NA,NA,NA,NA,NA,NA,NA,NA,NA,NA,NA,NA,NA,NA,NA,NA,NA,"Freezing fog developed on the back side of a high pressure ridge over the Upper Ohio Valley. The freezing fog was dense south and east of a line from Marion to Mount Carmel. Visibility in those areas was one-quarter mile or less. A light accretion of ice was observed, mostly on elevated surfaces such as vehicles.",NA,CSV
200912,22,600,200912,22,900,35803,207194,ILLINOIS,17,2009,December,Freezing Fog,Z,91,HARDIN,17091,PAH,22-DEC-09 06:00:00,CST-6,22-DEC-09 09:00:00,0,0,0,0,0.00K,0.00K,AWOS,NA,NA,NA,NA,NA,NA,NA,NA,NA,NA,NA,NA,NA,NA,NA,NA,NA,NA,NA,NA,NA,"Freezing fog developed on the back side of a high pressure ridge over the Upper Ohio Valley. The freezing fog was dense south and east of a line from Marion to Mount Carmel. Visibility in those areas was one-quarter mile or less. A light accretion of ice was observed, mostly on elevated surfaces such as vehicles.",NA,CSV
200912,22,600,200912,22,900,35803,207196,ILLINOIS,17,2009,December,Freezing Fog,Z,87,GALLATIN,17087,PAH,22-DEC-09 06:00:00,CST-6,22-DEC-09 09:00:00,0,0,0,0,0.00K,0.00K,AWOS,NA,NA,NA,NA,NA,NA,NA,NA,NA,NA,NA,NA,NA,NA,NA,NA,NA,NA,NA,NA,NA,"Freezing fog developed on the back side of a high pressure ridge over the Upper Ohio Valley. The freezing fog was dense south and east of a line from Marion to Mount Carmel. Visibility in those areas was one-quarter mile or less. A light accretion of ice was observed, mostly on elevated surfaces such as vehicles.",NA,CSV
200912,22,0,200912,22,1000,35805,207179,MISSOURI,29,2009,December,Freezing Fog,Z,108,RIPLEY,29108,PAH,22-DEC-09 00:00:00,CST-6,22-DEC-09 10:00:00,0,0,0,0,0.00K,0.00K,ASOS,NA,NA,NA,NA,NA,NA,NA,NA,NA,NA,NA,NA,NA,NA,NA,NA,NA,NA,NA,NA,NA,"Freezing fog developed on the back side of a high pressure ridge over the Upper Ohio Valley. The freezing fog was dense across southeast Missouri, where visibility was one-quarter mile or less. A light accretion of ice was observed, mostly on elevated surfaces such as vehicles.",NA,CSV
200912,22,200,200912,22,1000,35805,207180,MISSOURI,29,2009,December,Freezing Fog,Z,111,SCOTT,29111,PAH,22-DEC-09 02:00:00,CST-6,22-DEC-09 10:00:00,0,0,0,0,0.00K,0.00K,ASOS,NA,NA,NA,NA,NA,NA,NA,NA,NA,NA,NA,NA,NA,NA,NA,NA,NA,NA,NA,NA,NA,"Freezing fog developed on the back side of a high pressure ridge over the Upper Ohio Valley. The freezing fog was dense across southeast Missouri, where visibility was one-quarter mile or less. A light accretion of ice was observed, mostly on elevated surfaces such as vehicles.",NA,CSV
200912,22,600,200912,22,900,35803,207197,ILLINOIS,17,2009,December,Freezing Fog,Z,83,WHITE,17083,PAH,22-DEC-09 06:00:00,CST-6,22-DEC-09 09:00:00,0,0,0,0,0.00K,0.00K,AWOS,NA,NA,NA,NA,NA,NA,NA,NA,NA,NA,NA,NA,NA,NA,NA,NA,NA,NA,NA,NA,NA,"Freezing fog developed on the back side of a high pressure ridge over the Upper Ohio Valley. The freezing fog was dense south and east of a line from Marion to Mount Carmel. Visibility in those areas was one-quarter mile or less. A light accretion of ice was observed, mostly on elevated surfaces such as vehicles.",NA,CSV
200912,22,200,200912,22,900,35803,207202,ILLINOIS,17,2009,December,Freezing Fog,Z,92,ALEXANDER,17092,PAH,22-DEC-09 02:00:00,CST-6,22-DEC-09 09:00:00,0,0,0,0,0.00K,0.00K,AWOS,NA,NA,NA,NA,NA,NA,NA,NA,NA,NA,NA,NA,NA,NA,NA,NA,NA,NA,NA,NA,NA,"Freezing fog developed on the back side of a high pressure ridge over the Upper Ohio Valley. The freezing fog was dense south and east of a line from Marion to Mount Carmel. Visibility in those areas was one-quarter mile or less. A light accretion of ice was observed, mostly on elevated surfaces such as vehicles.",NA,CSV
200912,22,0,200912,22,1000,35805,207181,MISSOURI,29,2009,December,Freezing Fog,Z,110,STODDARD,29110,PAH,22-DEC-09 00:00:00,CST-6,22-DEC-09 10:00:00,0,0,0,0,0.00K,0.00K,ASOS,NA,NA,NA,NA,NA,NA,NA,NA,NA,NA,NA,NA,NA,NA,NA,NA,NA,NA,NA,NA,NA,"Freezing fog developed on the back side of a high pressure ridge over the Upper Ohio Valley. The freezing fog was dense across southeast Missouri, where visibility was one-quarter mile or less. A light accretion of ice was observed, mostly on elevated surfaces such as vehicles.",NA,CSV
200912,22,0,200912,22,1000,35805,207182,MISSOURI,29,2009,December,Freezing Fog,Z,100,WAYNE,29100,PAH,22-DEC-09 00:00:00,CST-6,22-DEC-09 10:00:00,0,0,0,0,0.00K,0.00K,ASOS,NA,NA,NA,NA,NA,NA,NA,NA,NA,NA,NA,NA,NA,NA,NA,NA,NA,NA,NA,NA,NA,"Freezing fog developed on the back side of a high pressure ridge over the Upper Ohio Valley. The freezing fog was dense across southeast Missouri, where visibility was one-quarter mile or less. A light accretion of ice was observed, mostly on elevated surfaces such as vehicles.",NA,CSV
200912,22,200,200912,22,900,35804,207183,KENTUCKY,21,2009,December,Freezing Fog,Z,4,BALLARD,21004,PAH,22-DEC-09 02:00:00,CST-6,22-DEC-09 09:00:00,0,0,0,0,0.00K,0.00K,ASOS,NA,NA,NA,NA,NA,NA,NA,NA,NA,NA,NA,NA,NA,NA,NA,NA,NA,NA,NA,NA,NA,"Freezing fog developed on the back side of a high pressure ridge over the Upper Ohio Valley. The freezing fog was dense in the Paducah area and in the Mississippi River counties. Visibility in those areas was one-quarter mile or less. A light accretion of ice was observed, mostly on elevated surfaces such as vehicles.",NA,CSV
200912,22,200,200912,22,900,35804,207184,KENTUCKY,21,2009,December,Freezing Fog,Z,3,CARLISLE,21003,PAH,22-DEC-09 02:00:00,CST-6,22-DEC-09 09:00:00,0,0,0,0,0.00K,0.00K,ASOS,NA,NA,NA,NA,NA,NA,NA,NA,NA,NA,NA,NA,NA,NA,NA,NA,NA,NA,NA,NA,NA,"Freezing fog developed on the back side of a high pressure ridge over the Upper Ohio Valley. The freezing fog was dense in the Paducah area and in the Mississippi River counties. Visibility in those areas was one-quarter mile or less. A light accretion of ice was observed, mostly on elevated surfaces such as vehicles.",NA,CSV
200912,22,200,200912,22,900,35804,207185,KENTUCKY,21,2009,December,Freezing Fog,Z,2,HICKMAN,21002,PAH,22-DEC-09 02:00:00,CST-6,22-DEC-09 09:00:00,0,0,0,0,0.00K,0.00K,ASOS,NA,NA,NA,NA,NA,NA,NA,NA,NA,NA,NA,NA,NA,NA,NA,NA,NA,NA,NA,NA,NA,"Freezing fog developed on the back side of a high pressure ridge over the Upper Ohio Valley. The freezing fog was dense in the Paducah area and in the Mississippi River counties. Visibility in those areas was one-quarter mile or less. A light accretion of ice was observed, mostly on elevated surfaces such as vehicles.",NA,CSV
200912,22,200,200912,22,900,35804,207186,KENTUCKY,21,2009,December,Freezing Fog,Z,1,FULTON,21001,PAH,22-DEC-09 02:00:00,CST-6,22-DEC-09 09:00:00,0,0,0,0,0.00K,0.00K,ASOS,NA,NA,NA,NA,NA,NA,NA,NA,NA,NA,NA,NA,NA,NA,NA,NA,NA,NA,NA,NA,NA,"Freezing fog developed on the back side of a high pressure ridge over the Upper Ohio Valley. The freezing fog was dense in the Paducah area and in the Mississippi River counties. Visibility in those areas was one-quarter mile or less. A light accretion of ice was observed, mostly on elevated surfaces such as vehicles.",NA,CSV
200912,21,100,200912,21,800,35908,207901,TENNESSEE,47,2009,December,Freezing Fog,Z,88,SHELBY,47088,MEG,21-DEC-09 01:00:00,CST-6,21-DEC-09 08:00:00,0,0,0,1,0.00K,0.00K,Newspaper,NA,NA,NA,NA,NA,NA,NA,NA,NA,NA,NA,NA,NA,NA,NA,NA,NA,NA,NA,NA,NA,"Clear skies and light winds allowed fog to develop during the early morning hours of December 21st, 2009. Temperatures dropped slightly below freezing shortly before sunrise resulting in freezing fog. Numerous car accidents occurred from the freezing fog.",Freezing fog developed over Shelby County reducing visibilities to 3 miles. The fog resulted in numerous accidents during morning rush hour. One person died as a result of one of the car accidents.,CSV
200912,21,600,200912,21,900,35802,207168,MISSOURI,29,2009,December,Freezing Fog,Z,109,BUTLER,29109,PAH,21-DEC-09 06:00:00,CST-6,21-DEC-09 09:00:00,0,0,0,0,0.00K,0.00K,ASOS,NA,NA,NA,NA,NA,NA,NA,NA,NA,NA,NA,NA,NA,NA,NA,NA,NA,NA,NA,NA,NA,"With cold air in place and sufficient moisture content in the lowest levels of the atmosphere, freezing fog developed near Poplar Bluff and along the Mississippi River near and south of Cairo, IL. Icy conditions were reported on many bridges and overpasses. Visibility was reduced to one-quarter mile at Poplar Bluff for a couple of hours.",NA,CSV
200912,21,600,200912,21,900,35802,207170,MISSOURI,29,2009,December,Freezing Fog,Z,112,MISSISSIPPI,29112,PAH,21-DEC-09 06:00:00,CST-6,21-DEC-09 09:00:00,0,0,0,0,0.00K,0.00K,AWOS,NA,NA,NA,NA,NA,NA,NA,NA,NA,NA,NA,NA,NA,NA,NA,NA,NA,NA,NA,NA,NA,"With cold air in place and sufficient moisture content in the lowest levels of the atmosphere, freezing fog developed near Poplar Bluff and along the Mississippi River near and south of Cairo, IL. Icy conditions were reported on many bridges and overpasses. Visibility was reduced to one-quarter mile at Poplar Bluff for a couple of hours.",NA,CSV
200912,21,600,200912,21,900,35800,207160,ILLINOIS,17,2009,December,Freezing Fog,Z,93,PULASKI,17093,PAH,21-DEC-09 06:00:00,CST-6,21-DEC-09 09:00:00,0,0,0,0,0.00K,0.00K,AWOS,NA,NA,NA,NA,NA,NA,NA,NA,NA,NA,NA,NA,NA,NA,NA,NA,NA,NA,NA,NA,NA,"With cold air in place and sufficient moisture content in the lowest levels of the atmosphere, freezing fog developed along the Ohio River in southernmost Illinois. Several accidents were reported on the Interstate 24 bridge crossing the Ohio River. The Ohio River bridge on U.S. Highway 60/51 near Cairo was closed for about an hour due to accidents. Icy conditions were reported on many other bridges and overpasses. Visibility was reduced to as low as one mile at the airports near Metropolis and Cairo.",NA,CSV
200912,21,600,200912,21,900,35800,207161,ILLINOIS,17,2009,December,Freezing Fog,Z,94,MASSAC,17094,PAH,21-DEC-09 06:00:00,CST-6,21-DEC-09 09:00:00,0,0,0,0,0.00K,0.00K,AWOS,NA,NA,NA,NA,NA,NA,NA,NA,NA,NA,NA,NA,NA,NA,NA,NA,NA,NA,NA,NA,NA,"With cold air in place and sufficient moisture content in the lowest levels of the atmosphere, freezing fog developed along the Ohio River in southernmost Illinois. Several accidents were reported on the Interstate 24 bridge crossing the Ohio River. The Ohio River bridge on U.S. Highway 60/51 near Cairo was closed for about an hour due to accidents. Icy conditions were reported on many other bridges and overpasses. Visibility was reduced to as low as one mile at the airports near Metropolis and Cairo.",NA,CSV
200912,21,600,200912,21,900,35800,207162,ILLINOIS,17,2009,December,Freezing Fog,Z,90,POPE,17090,PAH,21-DEC-09 06:00:00,CST-6,21-DEC-09 09:00:00,0,0,0,0,0.00K,0.00K,AWOS,NA,NA,NA,NA,NA,NA,NA,NA,NA,NA,NA,NA,NA,NA,NA,NA,NA,NA,NA,NA,NA,"With cold air in place and sufficient moisture content in the lowest levels of the atmosphere, freezing fog developed along the Ohio River in southernmost Illinois. Several accidents were reported on the Interstate 24 bridge crossing the Ohio River. The Ohio River bridge on U.S. Highway 60/51 near Cairo was closed for about an hour due to accidents. Icy conditions were reported on many other bridges and overpasses. Visibility was reduced to as low as one mile at the airports near Metropolis and Cairo.",NA,CSV
200912,22,200,200912,22,900,35803,207199,ILLINOIS,17,2009,December,Freezing Fog,Z,88,UNION,17088,PAH,22-DEC-09 02:00:00,CST-6,22-DEC-09 09:00:00,0,0,0,0,0.00K,0.00K,AWOS,NA,NA,NA,NA,NA,NA,NA,NA,NA,NA,NA,NA,NA,NA,NA,NA,NA,NA,NA,NA,NA,"Freezing fog developed on the back side of a high pressure ridge over the Upper Ohio Valley. The freezing fog was dense south and east of a line from Marion to Mount Carmel. Visibility in those areas was one-quarter mile or less. A light accretion of ice was observed, mostly on elevated surfaces such as vehicles.",NA,CSV
200912,21,600,200912,21,900,35801,207163,KENTUCKY,21,2009,December,Freezing Fog,Z,4,BALLARD,21004,PAH,21-DEC-09 06:00:00,CST-6,21-DEC-09 09:00:00,0,0,0,0,0.00K,0.00K,ASOS,NA,NA,NA,NA,NA,NA,NA,NA,NA,NA,NA,NA,NA,NA,NA,NA,NA,NA,NA,NA,NA,"With cold air in place and sufficient moisture content in the lowest levels of the atmosphere, freezing fog developed along the Ohio River near Paducah as well as near Kentucky Lake. Several accidents were reported on the Interstate 24 bridge crossing the Ohio River. The Ohio River bridge on U.S. Highway 60/51 near Cairo was closed for about an hour due to accidents. Icy conditions were reported on many other bridges and overpasses. Visibility was reduced to as low as one mile at the Paducah airport.",NA,CSV
200912,21,600,200912,21,900,35801,207164,KENTUCKY,21,2009,December,Freezing Fog,Z,5,MCCRACKEN,21005,PAH,21-DEC-09 06:00:00,CST-6,21-DEC-09 09:00:00,0,0,0,0,0.00K,0.00K,ASOS,NA,NA,NA,NA,NA,NA,NA,NA,NA,NA,NA,NA,NA,NA,NA,NA,NA,NA,NA,NA,NA,"With cold air in place and sufficient moisture content in the lowest levels of the atmosphere, freezing fog developed along the Ohio River near Paducah as well as near Kentucky Lake. Several accidents were reported on the Interstate 24 bridge crossing the Ohio River. The Ohio River bridge on U.S. Highway 60/51 near Cairo was closed for about an hour due to accidents. Icy conditions were reported on many other bridges and overpasses. Visibility was reduced to as low as one mile at the Paducah airport.",NA,CSV
200912,21,600,200912,21,900,35801,207165,KENTUCKY,21,2009,December,Freezing Fog,Z,8,MARSHALL,21008,PAH,21-DEC-09 06:00:00,CST-6,21-DEC-09 09:00:00,0,0,0,0,0.00K,0.00K,AWOS,NA,NA,NA,NA,NA,NA,NA,NA,NA,NA,NA,NA,NA,NA,NA,NA,NA,NA,NA,NA,NA,"With cold air in place and sufficient moisture content in the lowest levels of the atmosphere, freezing fog developed along the Ohio River near Paducah as well as near Kentucky Lake. Several accidents were reported on the Interstate 24 bridge crossing the Ohio River. The Ohio River bridge on U.S. Highway 60/51 near Cairo was closed for about an hour due to accidents. Icy conditions were reported on many other bridges and overpasses. Visibility was reduced to as low as one mile at the Paducah airport.",NA,CSV
200912,21,600,200912,21,900,35801,207166,KENTUCKY,21,2009,December,Freezing Fog,Z,7,LIVINGSTON,21007,PAH,21-DEC-09 06:00:00,CST-6,21-DEC-09 09:00:00,0,0,0,0,0.00K,0.00K,AWOS,NA,NA,NA,NA,NA,NA,NA,NA,NA,NA,NA,NA,NA,NA,NA,NA,NA,NA,NA,NA,NA,"With cold air in place and sufficient moisture content in the lowest levels of the atmosphere, freezing fog developed along the Ohio River near Paducah as well as near Kentucky Lake. Several accidents were reported on the Interstate 24 bridge crossing the Ohio River. The Ohio River bridge on U.S. Highway 60/51 near Cairo was closed for about an hour due to accidents. Icy conditions were reported on many other bridges and overpasses. Visibility was reduced to as low as one mile at the Paducah airport.",NA,CSV
200912,21,600,200912,21,900,35801,207167,KENTUCKY,21,2009,December,Freezing Fog,Z,11,LYON,21011,PAH,21-DEC-09 06:00:00,CST-6,21-DEC-09 09:00:00,0,0,0,0,0.00K,0.00K,AWOS,NA,NA,NA,NA,NA,NA,NA,NA,NA,NA,NA,NA,NA,NA,NA,NA,NA,NA,NA,NA,NA,"With cold air in place and sufficient moisture content in the lowest levels of the atmosphere, freezing fog developed along the Ohio River near Paducah as well as near Kentucky Lake. Several accidents were reported on the Interstate 24 bridge crossing the Ohio River. The Ohio River bridge on U.S. Highway 60/51 near Cairo was closed for about an hour due to accidents. Icy conditions were reported on many other bridges and overpasses. Visibility was reduced to as low as one mile at the Paducah airport.",NA,CSV
200912,21,600,200912,21,900,35800,207159,ILLINOIS,17,2009,December,Freezing Fog,Z,92,ALEXANDER,17092,PAH,21-DEC-09 06:00:00,CST-6,21-DEC-09 09:00:00,0,0,0,0,0.00K,0.00K,AWOS,NA,NA,NA,NA,NA,NA,NA,NA,NA,NA,NA,NA,NA,NA,NA,NA,NA,NA,NA,NA,NA,"With cold air in place and sufficient moisture content in the lowest levels of the atmosphere, freezing fog developed along the Ohio River in southernmost Illinois. Several accidents were reported on the Interstate 24 bridge crossing the Ohio River. The Ohio River bridge on U.S. Highway 60/51 near Cairo was closed for about an hour due to accidents. Icy conditions were reported on many other bridges and overpasses. Visibility was reduced to as low as one mile at the airports near Metropolis and Cairo.",NA,CSV
200901,13,0,200901,25,2359,25800,150612,WASHINGTON,53,2009,January,Freezing Fog,Z,35,UPPER COLUMBIA BASIN,53035,OTX,13-JAN-09 00:00:00,PST-8,25-JAN-09 23:59:00,0,0,0,0,2.00M,0.00K,Public,NA,NA,NA,NA,NA,NA,NA,NA,NA,NA,NA,NA,NA,NA,NA,NA,NA,NA,NA,NA,NA,"A strong ridge of high pressure over the area resulted in persistent freezing fog that lasted nearly two weeks.  This led to ice buildup and significant damage to power lines from Davenport to Almira on the Highway 2 corridor.  This was the most damaging weather event to hit Lincoln County since the November 1996 Ice Storm.  Avista had to replace at least 160 power poles, 1,400 insulators, and more than 60 transformers.  During the peak of the outages, around 6,800 customers were without power.",NA,CSV
200901,11,2138,200901,12,1000,25581,149427,ALABAMA,1,2009,January,Freezing Fog,Z,6,MADISON,01006,HUN,11-JAN-09 21:38:00,CST-6,12-JAN-09 10:00:00,0,0,0,0,NA,NA,Broadcast Media,NA,NA,NA,NA,NA,NA,NA,NA,NA,NA,NA,NA,NA,NA,NA,NA,NA,NA,NA,NA,NA,Below freezing temperatures and patchy dense fog produced locally hazardous driving conditions on bridges and overpasses.,Freezing fog produced slick conditions on area bridges in Huntsville. These conditions resulted in at least three automobile accidents.,CSV
200912,22,300,200912,22,700,34963,201731,ALABAMA,1,2009,December,Freezing Fog,Z,6,MADISON,01006,HUN,22-DEC-09 03:00:00,CST-6,22-DEC-09 07:00:00,0,0,0,0,NA,NA,Broadcast Media,NA,NA,NA,NA,NA,NA,NA,NA,NA,NA,NA,NA,NA,NA,NA,NA,NA,NA,NA,NA,NA,"Freezing fog developed during the early morning hours resulting in heavy frost formation and black ice on elevated road surfaces, bridges and overpasses in the Huntsville area.   Twenty five traffic accidents occurred as motorists encountered these icy conditions.","Icy roadways on overpassess and elevated surfaces due to freezing fog caused 25 wrecks. Most of the wrecks occurred on elevated areasof Interstate-565, Chapman Mountain, Drake Avenue, and Memorial Parkway.",CSV
201002,3,515,201002,3,900,35414,204691,ARKANSAS,5,2010,February,Freezing Fog,Z,44,PULASKI,05044,LZK,03-FEB-10 05:15:00,CST-6,03-FEB-10 09:00:00,0,0,0,0,0.00K,0.00K,Newspaper,NA,NA,NA,NA,NA,NA,NA,NA,NA,NA,NA,NA,NA,NA,NA,NA,NA,NA,NA,NA,NA,Freezing fog developed in central Arkansas on the morning of the 3rd.,"Freezing fog in the Little Rock area caused icing on the Interstate 430 bridge over the Arkansas River, the Interstate 440 bridge over the Arkansas River, and at the Interstate 30/Interstate 440 interchange. A number of traffic accidents resulted, backing up traffic for miles.",CSV
201012,5,0,201012,5,2300,45519,264237,MONTANA,30,2010,December,Freezing Fog,Z,24,RICHLAND,30024,GGW,05-DEC-10 00:00:00,MST-7,05-DEC-10 23:00:00,0,0,0,0,0.00K,0.00K,Trained Spotter,NA,NA,NA,NA,NA,NA,NA,NA,NA,NA,NA,NA,NA,NA,NA,NA,NA,NA,NA,NA,NA,Several days of freezing fog accumulated on power lines across the area. Minor power pole damage was noted due to the accumulation of rime ice.,Spotter near Sioux Pass observed rime ice to the thickness of softballs on local power lines. No power outages were observed.,CSV
201001,18,2100,201001,19,1200,36123,209455,INDIANA,18,2010,January,Freezing Fog,Z,87,WARRICK,18087,PAH,18-JAN-10 21:00:00,CST-6,19-JAN-10 12:00:00,0,0,0,0,0.00K,0.00K,ASOS,NA,NA,NA,NA,NA,NA,NA,NA,NA,NA,NA,NA,NA,NA,NA,NA,NA,NA,NA,NA,NA,"Dense freezing fog occurred over southwest Indiana as a result of high pressure extending from the upper Mississippi Valley to the central Gulf coast. Light winds, high humidity, and areas of clear sky associated with this high caused dense fog to form. During the late night and early morning hours, the dense fog occurred at temperatures below freezing.",NA,CSV
201001,18,2100,201001,19,1200,36121,209442,ILLINOIS,17,2010,January,Freezing Fog,Z,77,EDWARDS,17077,PAH,18-JAN-10 21:00:00,CST-6,19-JAN-10 12:00:00,0,0,0,0,0.00K,0.00K,AWOS,NA,NA,NA,NA,NA,NA,NA,NA,NA,NA,NA,NA,NA,NA,NA,NA,NA,NA,NA,NA,NA,"Dense freezing fog occurred over parts of southern Illinois as a result of high pressure extending from the upper Mississippi Valley to the central Gulf coast. Light winds, high humidity, and areas of clear sky associated with this high caused dense fog to form. During the late night and early morning hours, the dense fog occurred at temperatures below freezing. The dense fog was along and north of a line from Pinckneyville and Benton to Carmi.",NA,CSV
201001,18,2100,201001,19,1200,36121,209443,ILLINOIS,17,2010,January,Freezing Fog,Z,81,FRANKLIN,17081,PAH,18-JAN-10 21:00:00,CST-6,19-JAN-10 12:00:00,0,0,0,0,0.00K,0.00K,AWOS,NA,NA,NA,NA,NA,NA,NA,NA,NA,NA,NA,NA,NA,NA,NA,NA,NA,NA,NA,NA,NA,"Dense freezing fog occurred over parts of southern Illinois as a result of high pressure extending from the upper Mississippi Valley to the central Gulf coast. Light winds, high humidity, and areas of clear sky associated with this high caused dense fog to form. During the late night and early morning hours, the dense fog occurred at temperatures below freezing. The dense fog was along and north of a line from Pinckneyville and Benton to Carmi.",NA,CSV
201001,18,2100,201001,19,1200,36121,209444,ILLINOIS,17,2010,January,Freezing Fog,Z,82,HAMILTON,17082,PAH,18-JAN-10 21:00:00,CST-6,19-JAN-10 12:00:00,0,0,0,0,0.00K,0.00K,AWOS,NA,NA,NA,NA,NA,NA,NA,NA,NA,NA,NA,NA,NA,NA,NA,NA,NA,NA,NA,NA,NA,"Dense freezing fog occurred over parts of southern Illinois as a result of high pressure extending from the upper Mississippi Valley to the central Gulf coast. Light winds, high humidity, and areas of clear sky associated with this high caused dense fog to form. During the late night and early morning hours, the dense fog occurred at temperatures below freezing. The dense fog was along and north of a line from Pinckneyville and Benton to Carmi.",NA,CSV
201001,18,2100,201001,19,1200,36121,209445,ILLINOIS,17,2010,January,Freezing Fog,Z,75,JEFFERSON,17075,PAH,18-JAN-10 21:00:00,CST-6,19-JAN-10 12:00:00,0,0,0,0,0.00K,0.00K,AWOS,NA,NA,NA,NA,NA,NA,NA,NA,NA,NA,NA,NA,NA,NA,NA,NA,NA,NA,NA,NA,NA,"Dense freezing fog occurred over parts of southern Illinois as a result of high pressure extending from the upper Mississippi Valley to the central Gulf coast. Light winds, high humidity, and areas of clear sky associated with this high caused dense fog to form. During the late night and early morning hours, the dense fog occurred at temperatures below freezing. The dense fog was along and north of a line from Pinckneyville and Benton to Carmi.",NA,CSV
201001,18,2100,201001,19,1200,36121,209446,ILLINOIS,17,2010,January,Freezing Fog,Z,80,PERRY,17080,PAH,18-JAN-10 21:00:00,CST-6,19-JAN-10 12:00:00,0,0,0,0,0.00K,0.00K,AWOS,NA,NA,NA,NA,NA,NA,NA,NA,NA,NA,NA,NA,NA,NA,NA,NA,NA,NA,NA,NA,NA,"Dense freezing fog occurred over parts of southern Illinois as a result of high pressure extending from the upper Mississippi Valley to the central Gulf coast. Light winds, high humidity, and areas of clear sky associated with this high caused dense fog to form. During the late night and early morning hours, the dense fog occurred at temperatures below freezing. The dense fog was along and north of a line from Pinckneyville and Benton to Carmi.",NA,CSV
201001,18,0,201001,18,900,36125,209468,KENTUCKY,21,2010,January,Freezing Fog,Z,13,CALDWELL,21013,PAH,18-JAN-10 00:00:00,CST-6,18-JAN-10 09:00:00,0,0,0,0,0.00K,0.00K,AWOS,NA,NA,NA,NA,NA,NA,NA,NA,NA,NA,NA,NA,NA,NA,NA,NA,NA,NA,NA,NA,NA,"Dense freezing fog occurred over most of western Kentucky as a result of high pressure over the Lower Ohio and Mid Mississippi Valleys. Light winds, high humidity, and areas of clear sky associated with this high caused dense fog to form. The dense fog occurred at temperatures below freezing, producing a thin coating of ice on some road surfaces. Visibility was below one quarter mile for much of the time. The dense fog area covered all of western Kentucky except the Henderson area and the Murray to Hickman corridor. A couple of major vehicle accidents occurred on black ice. In Muhlenberg County, a vehicle overturned. A fatal accident occurred in Todd County just northwest of Trenton, where a semi hauling milk overturned in dense fog. The 46-year-old driver of the semi approached an intersection and failed to negotiate a turn because of very dense fog. The truck overturned several times, trapping the driver inside. The driver died of injuries sustained in the crash (indirect fatality).",NA,CSV
201001,18,2100,201001,19,1200,36123,209450,INDIANA,18,2010,January,Freezing Fog,Z,81,GIBSON,18081,PAH,18-JAN-10 21:00:00,CST-6,19-JAN-10 12:00:00,0,0,0,0,0.00K,0.00K,AWOS,NA,NA,NA,NA,NA,NA,NA,NA,NA,NA,NA,NA,NA,NA,NA,NA,NA,NA,NA,NA,NA,"Dense freezing fog occurred over southwest Indiana as a result of high pressure extending from the upper Mississippi Valley to the central Gulf coast. Light winds, high humidity, and areas of clear sky associated with this high caused dense fog to form. During the late night and early morning hours, the dense fog occurred at temperatures below freezing.",NA,CSV
201001,18,2100,201001,19,1200,36123,209451,INDIANA,18,2010,January,Freezing Fog,Z,82,PIKE,18082,PAH,18-JAN-10 21:00:00,CST-6,19-JAN-10 12:00:00,0,0,0,0,0.00K,0.00K,AWOS,NA,NA,NA,NA,NA,NA,NA,NA,NA,NA,NA,NA,NA,NA,NA,NA,NA,NA,NA,NA,NA,"Dense freezing fog occurred over southwest Indiana as a result of high pressure extending from the upper Mississippi Valley to the central Gulf coast. Light winds, high humidity, and areas of clear sky associated with this high caused dense fog to form. During the late night and early morning hours, the dense fog occurred at temperatures below freezing.",NA,CSV
201001,18,0,201001,18,900,36125,209467,KENTUCKY,21,2010,January,Freezing Fog,Z,4,BALLARD,21004,PAH,18-JAN-10 00:00:00,CST-6,18-JAN-10 09:00:00,0,0,0,0,0.00K,0.00K,AWOS,NA,NA,NA,NA,NA,NA,NA,NA,NA,NA,NA,NA,NA,NA,NA,NA,NA,NA,NA,NA,NA,"Dense freezing fog occurred over most of western Kentucky as a result of high pressure over the Lower Ohio and Mid Mississippi Valleys. Light winds, high humidity, and areas of clear sky associated with this high caused dense fog to form. The dense fog occurred at temperatures below freezing, producing a thin coating of ice on some road surfaces. Visibility was below one quarter mile for much of the time. The dense fog area covered all of western Kentucky except the Henderson area and the Murray to Hickman corridor. A couple of major vehicle accidents occurred on black ice. In Muhlenberg County, a vehicle overturned. A fatal accident occurred in Todd County just northwest of Trenton, where a semi hauling milk overturned in dense fog. The 46-year-old driver of the semi approached an intersection and failed to negotiate a turn because of very dense fog. The truck overturned several times, trapping the driver inside. The driver died of injuries sustained in the crash (indirect fatality).",NA,CSV
201001,18,0,201001,18,900,36125,209469,KENTUCKY,21,2010,January,Freezing Fog,Z,3,CARLISLE,21003,PAH,18-JAN-10 00:00:00,CST-6,18-JAN-10 09:00:00,0,0,0,0,0.00K,0.00K,AWOS,NA,NA,NA,NA,NA,NA,NA,NA,NA,NA,NA,NA,NA,NA,NA,NA,NA,NA,NA,NA,NA,"Dense freezing fog occurred over most of western Kentucky as a result of high pressure over the Lower Ohio and Mid Mississippi Valleys. Light winds, high humidity, and areas of clear sky associated with this high caused dense fog to form. The dense fog occurred at temperatures below freezing, producing a thin coating of ice on some road surfaces. Visibility was below one quarter mile for much of the time. The dense fog area covered all of western Kentucky except the Henderson area and the Murray to Hickman corridor. A couple of major vehicle accidents occurred on black ice. In Muhlenberg County, a vehicle overturned. A fatal accident occurred in Todd County just northwest of Trenton, where a semi hauling milk overturned in dense fog. The 46-year-old driver of the semi approached an intersection and failed to negotiate a turn because of very dense fog. The truck overturned several times, trapping the driver inside. The driver died of injuries sustained in the crash (indirect fatality).",NA,CSV
201001,18,2100,201001,19,1200,36123,209452,INDIANA,18,2010,January,Freezing Fog,Z,85,POSEY,18085,PAH,18-JAN-10 21:00:00,CST-6,19-JAN-10 12:00:00,0,0,0,0,0.00K,0.00K,AWOS,NA,NA,NA,NA,NA,NA,NA,NA,NA,NA,NA,NA,NA,NA,NA,NA,NA,NA,NA,NA,NA,"Dense freezing fog occurred over southwest Indiana as a result of high pressure extending from the upper Mississippi Valley to the central Gulf coast. Light winds, high humidity, and areas of clear sky associated with this high caused dense fog to form. During the late night and early morning hours, the dense fog occurred at temperatures below freezing.",NA,CSV
201001,18,2100,201001,19,1200,36123,209453,INDIANA,18,2010,January,Freezing Fog,Z,88,SPENCER,18088,PAH,18-JAN-10 21:00:00,CST-6,19-JAN-10 12:00:00,0,0,0,0,0.00K,0.00K,AWOS,NA,NA,NA,NA,NA,NA,NA,NA,NA,NA,NA,NA,NA,NA,NA,NA,NA,NA,NA,NA,NA,"Dense freezing fog occurred over southwest Indiana as a result of high pressure extending from the upper Mississippi Valley to the central Gulf coast. Light winds, high humidity, and areas of clear sky associated with this high caused dense fog to form. During the late night and early morning hours, the dense fog occurred at temperatures below freezing.",NA,CSV
201001,18,2100,201001,19,1200,36123,209454,INDIANA,18,2010,January,Freezing Fog,Z,86,VANDERBURGH,18086,PAH,18-JAN-10 21:00:00,CST-6,19-JAN-10 12:00:00,0,0,0,0,0.00K,0.00K,ASOS,NA,NA,NA,NA,NA,NA,NA,NA,NA,NA,NA,NA,NA,NA,NA,NA,NA,NA,NA,NA,NA,"Dense freezing fog occurred over southwest Indiana as a result of high pressure extending from the upper Mississippi Valley to the central Gulf coast. Light winds, high humidity, and areas of clear sky associated with this high caused dense fog to form. During the late night and early morning hours, the dense fog occurred at temperatures below freezing.",NA,CSV
201001,18,0,201001,18,900,36124,209461,ILLINOIS,17,2010,January,Freezing Fog,Z,89,JOHNSON,17089,PAH,18-JAN-10 00:00:00,CST-6,18-JAN-10 09:00:00,0,0,0,0,0.00K,0.00K,AWOS,NA,NA,NA,NA,NA,NA,NA,NA,NA,NA,NA,NA,NA,NA,NA,NA,NA,NA,NA,NA,NA,"Dense freezing fog occurred over parts of southern Illinois as a result of high pressure over the Lower Ohio and Mid Mississippi Valleys. Light winds, high humidity, and areas of clear sky associated with this high caused dense fog to form. The dense fog occurred at temperatures below freezing, producing a thin coating of ice on some road surfaces. Visibility was below one quarter mile for much of the time. The dense fog area was along and south of a line from Carbondale to Vienna to Elizabethtown.",NA,CSV
201001,18,0,201001,18,900,36124,209463,ILLINOIS,17,2010,January,Freezing Fog,Z,90,POPE,17090,PAH,18-JAN-10 00:00:00,CST-6,18-JAN-10 09:00:00,0,0,0,0,0.00K,0.00K,AWOS,NA,NA,NA,NA,NA,NA,NA,NA,NA,NA,NA,NA,NA,NA,NA,NA,NA,NA,NA,NA,NA,"Dense freezing fog occurred over parts of southern Illinois as a result of high pressure over the Lower Ohio and Mid Mississippi Valleys. Light winds, high humidity, and areas of clear sky associated with this high caused dense fog to form. The dense fog occurred at temperatures below freezing, producing a thin coating of ice on some road surfaces. Visibility was below one quarter mile for much of the time. The dense fog area was along and south of a line from Carbondale to Vienna to Elizabethtown.",NA,CSV
201001,18,0,201001,18,900,36124,209462,ILLINOIS,17,2010,January,Freezing Fog,Z,94,MASSAC,17094,PAH,18-JAN-10 00:00:00,CST-6,18-JAN-10 09:00:00,0,0,0,0,0.00K,0.00K,AWOS,NA,NA,NA,NA,NA,NA,NA,NA,NA,NA,NA,NA,NA,NA,NA,NA,NA,NA,NA,NA,NA,"Dense freezing fog occurred over parts of southern Illinois as a result of high pressure over the Lower Ohio and Mid Mississippi Valleys. Light winds, high humidity, and areas of clear sky associated with this high caused dense fog to form. The dense fog occurred at temperatures below freezing, producing a thin coating of ice on some road surfaces. Visibility was below one quarter mile for much of the time. The dense fog area was along and south of a line from Carbondale to Vienna to Elizabethtown.",NA,CSV
201001,18,0,201001,18,900,36124,209464,ILLINOIS,17,2010,January,Freezing Fog,Z,93,PULASKI,17093,PAH,18-JAN-10 00:00:00,CST-6,18-JAN-10 09:00:00,0,0,0,0,0.00K,0.00K,AWOS,NA,NA,NA,NA,NA,NA,NA,NA,NA,NA,NA,NA,NA,NA,NA,NA,NA,NA,NA,NA,NA,"Dense freezing fog occurred over parts of southern Illinois as a result of high pressure over the Lower Ohio and Mid Mississippi Valleys. Light winds, high humidity, and areas of clear sky associated with this high caused dense fog to form. The dense fog occurred at temperatures below freezing, producing a thin coating of ice on some road surfaces. Visibility was below one quarter mile for much of the time. The dense fog area was along and south of a line from Carbondale to Vienna to Elizabethtown.",NA,CSV
201001,18,0,201001,18,900,36124,209465,ILLINOIS,17,2010,January,Freezing Fog,Z,88,UNION,17088,PAH,18-JAN-10 00:00:00,CST-6,18-JAN-10 09:00:00,0,0,0,0,0.00K,0.00K,AWOS,NA,NA,NA,NA,NA,NA,NA,NA,NA,NA,NA,NA,NA,NA,NA,NA,NA,NA,NA,NA,NA,"Dense freezing fog occurred over parts of southern Illinois as a result of high pressure over the Lower Ohio and Mid Mississippi Valleys. Light winds, high humidity, and areas of clear sky associated with this high caused dense fog to form. The dense fog occurred at temperatures below freezing, producing a thin coating of ice on some road surfaces. Visibility was below one quarter mile for much of the time. The dense fog area was along and south of a line from Carbondale to Vienna to Elizabethtown.",NA,CSV
201001,18,0,201001,18,900,36124,209458,ILLINOIS,17,2010,January,Freezing Fog,Z,92,ALEXANDER,17092,PAH,18-JAN-10 00:00:00,CST-6,18-JAN-10 09:00:00,0,0,0,0,0.00K,0.00K,AWOS,NA,NA,NA,NA,NA,NA,NA,NA,NA,NA,NA,NA,NA,NA,NA,NA,NA,NA,NA,NA,NA,"Dense freezing fog occurred over parts of southern Illinois as a result of high pressure over the Lower Ohio and Mid Mississippi Valleys. Light winds, high humidity, and areas of clear sky associated with this high caused dense fog to form. The dense fog occurred at temperatures below freezing, producing a thin coating of ice on some road surfaces. Visibility was below one quarter mile for much of the time. The dense fog area was along and south of a line from Carbondale to Vienna to Elizabethtown.",NA,CSV
201001,18,0,201001,18,900,36124,209460,ILLINOIS,17,2010,January,Freezing Fog,Z,84,JACKSON,17084,PAH,18-JAN-10 00:00:00,CST-6,18-JAN-10 09:00:00,0,0,0,0,0.00K,0.00K,ASOS,NA,NA,NA,NA,NA,NA,NA,NA,NA,NA,NA,NA,NA,NA,NA,NA,NA,NA,NA,NA,NA,"Dense freezing fog occurred over parts of southern Illinois as a result of high pressure over the Lower Ohio and Mid Mississippi Valleys. Light winds, high humidity, and areas of clear sky associated with this high caused dense fog to form. The dense fog occurred at temperatures below freezing, producing a thin coating of ice on some road surfaces. Visibility was below one quarter mile for much of the time. The dense fog area was along and south of a line from Carbondale to Vienna to Elizabethtown.",NA,CSV
201001,17,300,201001,17,1500,36589,212078,KANSAS,20,2010,January,Freezing Fog,Z,67,RENO,20067,ICT,17-JAN-10 03:00:00,CST-6,17-JAN-10 15:00:00,0,2,0,0,20.00K,0.00K,Newspaper,NA,NA,NA,NA,NA,NA,NA,NA,NA,NA,NA,NA,NA,NA,NA,NA,NA,NA,NA,NA,NA,An unusually long spell of periodic dense freezing fog persisted across much of the area from January 12th through the 19th. Fog was most dense during the nighttime and morning hours. The fog eventually lead to two known injury (indirect) accidents across Barton and Reno counties on the 17th and 18th.,Dense freezing fog with visibilities one-quarter mile or less resulted in a two-car collision at the intersection of Highway K-96 and Haven Road during the early morning hours on the 17th. Minor injuries (indirect) likely occurred. Information courtesy of the Hutchinson News.,CSV
201001,17,2330,201001,18,1450,36589,212076,KANSAS,20,2010,January,Freezing Fog,Z,47,BARTON,20047,ICT,17-JAN-10 23:30:00,CST-6,18-JAN-10 14:50:00,0,1,0,0,20.00K,0.00K,Newspaper,NA,NA,NA,NA,NA,NA,NA,NA,NA,NA,NA,NA,NA,NA,NA,NA,NA,NA,NA,NA,NA,An unusually long spell of periodic dense freezing fog persisted across much of the area from January 12th through the 19th. Fog was most dense during the nighttime and morning hours. The fog eventually lead to two known injury (indirect) accidents across Barton and Reno counties on the 17th and 18th.,"Dense freezing fog with visibilities one-quarter mile or less resulted in an injury accident at the intersection of NE 230th Road and 195th Street, about 12 miles northeast of Hoisington a little after 10am on the 18th. A 43-year old Beloit man was injured (indirect) when the truck he was driving entered the ditch, hit a power pole and then rolled over. Information courtesy of the Hutchinson News.",CSV
201001,18,0,201001,18,900,36126,209486,MISSOURI,29,2010,January,Freezing Fog,Z,112,MISSISSIPPI,29112,PAH,18-JAN-10 00:00:00,CST-6,18-JAN-10 09:00:00,0,0,0,0,0.00K,0.00K,AWOS,NA,NA,NA,NA,NA,NA,NA,NA,NA,NA,NA,NA,NA,NA,NA,NA,NA,NA,NA,NA,NA,"Dense freezing fog occurred over parts of southeast Missouri as a result of high pressure over the Lower Ohio and Mid Mississippi Valleys. Light winds, high humidity, and areas of clear sky associated with this high caused dense fog to form. The dense fog occurred at temperatures below freezing, producing a thin coating of ice on some road surfaces. Visibility was below one quarter mile for much of the time. The dense fog area was over the Mississippi River counties north of Charleston, as well as around Marble Hill.",NA,CSV
201001,18,0,201001,18,900,36126,209488,MISSOURI,29,2010,January,Freezing Fog,Z,111,SCOTT,29111,PAH,18-JAN-10 00:00:00,CST-6,18-JAN-10 09:00:00,0,0,0,0,0.00K,0.00K,AWOS,NA,NA,NA,NA,NA,NA,NA,NA,NA,NA,NA,NA,NA,NA,NA,NA,NA,NA,NA,NA,NA,"Dense freezing fog occurred over parts of southeast Missouri as a result of high pressure over the Lower Ohio and Mid Mississippi Valleys. Light winds, high humidity, and areas of clear sky associated with this high caused dense fog to form. The dense fog occurred at temperatures below freezing, producing a thin coating of ice on some road surfaces. Visibility was below one quarter mile for much of the time. The dense fog area was over the Mississippi River counties north of Charleston, as well as around Marble Hill.",NA,CSV
201001,18,0,201001,18,900,36125,209473,KENTUCKY,21,2010,January,Freezing Fog,Z,6,GRAVES,21006,PAH,18-JAN-10 00:00:00,CST-6,18-JAN-10 09:00:00,0,0,0,0,0.00K,0.00K,AWOS,NA,NA,NA,NA,NA,NA,NA,NA,NA,NA,NA,NA,NA,NA,NA,NA,NA,NA,NA,NA,NA,"Dense freezing fog occurred over most of western Kentucky as a result of high pressure over the Lower Ohio and Mid Mississippi Valleys. Light winds, high humidity, and areas of clear sky associated with this high caused dense fog to form. The dense fog occurred at temperatures below freezing, producing a thin coating of ice on some road surfaces. Visibility was below one quarter mile for much of the time. The dense fog area covered all of western Kentucky except the Henderson area and the Murray to Hickman corridor. A couple of major vehicle accidents occurred on black ice. In Muhlenberg County, a vehicle overturned. A fatal accident occurred in Todd County just northwest of Trenton, where a semi hauling milk overturned in dense fog. The 46-year-old driver of the semi approached an intersection and failed to negotiate a turn because of very dense fog. The truck overturned several times, trapping the driver inside. The driver died of injuries sustained in the crash (indirect fatality).",NA,CSV
201001,18,0,201001,18,900,36125,209474,KENTUCKY,21,2010,January,Freezing Fog,Z,16,HOPKINS,21016,PAH,18-JAN-10 00:00:00,CST-6,18-JAN-10 09:00:00,0,0,0,0,0.00K,0.00K,AWOS,NA,NA,NA,NA,NA,NA,NA,NA,NA,NA,NA,NA,NA,NA,NA,NA,NA,NA,NA,NA,NA,"Dense freezing fog occurred over most of western Kentucky as a result of high pressure over the Lower Ohio and Mid Mississippi Valleys. Light winds, high humidity, and areas of clear sky associated with this high caused dense fog to form. The dense fog occurred at temperatures below freezing, producing a thin coating of ice on some road surfaces. Visibility was below one quarter mile for much of the time. The dense fog area covered all of western Kentucky except the Henderson area and the Murray to Hickman corridor. A couple of major vehicle accidents occurred on black ice. In Muhlenberg County, a vehicle overturned. A fatal accident occurred in Todd County just northwest of Trenton, where a semi hauling milk overturned in dense fog. The 46-year-old driver of the semi approached an intersection and failed to negotiate a turn because of very dense fog. The truck overturned several times, trapping the driver inside. The driver died of injuries sustained in the crash (indirect fatality).",NA,CSV
201001,18,0,201001,18,900,36125,209475,KENTUCKY,21,2010,January,Freezing Fog,Z,7,LIVINGSTON,21007,PAH,18-JAN-10 00:00:00,CST-6,18-JAN-10 09:00:00,0,0,0,0,0.00K,0.00K,AWOS,NA,NA,NA,NA,NA,NA,NA,NA,NA,NA,NA,NA,NA,NA,NA,NA,NA,NA,NA,NA,NA,"Dense freezing fog occurred over most of western Kentucky as a result of high pressure over the Lower Ohio and Mid Mississippi Valleys. Light winds, high humidity, and areas of clear sky associated with this high caused dense fog to form. The dense fog occurred at temperatures below freezing, producing a thin coating of ice on some road surfaces. Visibility was below one quarter mile for much of the time. The dense fog area covered all of western Kentucky except the Henderson area and the Murray to Hickman corridor. A couple of major vehicle accidents occurred on black ice. In Muhlenberg County, a vehicle overturned. A fatal accident occurred in Todd County just northwest of Trenton, where a semi hauling milk overturned in dense fog. The 46-year-old driver of the semi approached an intersection and failed to negotiate a turn because of very dense fog. The truck overturned several times, trapping the driver inside. The driver died of injuries sustained in the crash (indirect fatality).",NA,CSV
201001,18,0,201001,18,900,36124,209459,ILLINOIS,17,2010,January,Freezing Fog,Z,91,HARDIN,17091,PAH,18-JAN-10 00:00:00,CST-6,18-JAN-10 09:00:00,0,0,0,0,0.00K,0.00K,AWOS,NA,NA,NA,NA,NA,NA,NA,NA,NA,NA,NA,NA,NA,NA,NA,NA,NA,NA,NA,NA,NA,"Dense freezing fog occurred over parts of southern Illinois as a result of high pressure over the Lower Ohio and Mid Mississippi Valleys. Light winds, high humidity, and areas of clear sky associated with this high caused dense fog to form. The dense fog occurred at temperatures below freezing, producing a thin coating of ice on some road surfaces. Visibility was below one quarter mile for much of the time. The dense fog area was along and south of a line from Carbondale to Vienna to Elizabethtown.",NA,CSV
201001,18,0,201001,18,900,36125,209476,KENTUCKY,21,2010,January,Freezing Fog,Z,11,LYON,21011,PAH,18-JAN-10 00:00:00,CST-6,18-JAN-10 09:00:00,0,0,0,0,0.00K,0.00K,AWOS,NA,NA,NA,NA,NA,NA,NA,NA,NA,NA,NA,NA,NA,NA,NA,NA,NA,NA,NA,NA,NA,"Dense freezing fog occurred over most of western Kentucky as a result of high pressure over the Lower Ohio and Mid Mississippi Valleys. Light winds, high humidity, and areas of clear sky associated with this high caused dense fog to form. The dense fog occurred at temperatures below freezing, producing a thin coating of ice on some road surfaces. Visibility was below one quarter mile for much of the time. The dense fog area covered all of western Kentucky except the Henderson area and the Murray to Hickman corridor. A couple of major vehicle accidents occurred on black ice. In Muhlenberg County, a vehicle overturned. A fatal accident occurred in Todd County just northwest of Trenton, where a semi hauling milk overturned in dense fog. The 46-year-old driver of the semi approached an intersection and failed to negotiate a turn because of very dense fog. The truck overturned several times, trapping the driver inside. The driver died of injuries sustained in the crash (indirect fatality).",NA,CSV
201001,18,0,201001,18,900,36125,209477,KENTUCKY,21,2010,January,Freezing Fog,Z,8,MARSHALL,21008,PAH,18-JAN-10 00:00:00,CST-6,18-JAN-10 09:00:00,0,0,0,0,0.00K,0.00K,AWOS,NA,NA,NA,NA,NA,NA,NA,NA,NA,NA,NA,NA,NA,NA,NA,NA,NA,NA,NA,NA,NA,"Dense freezing fog occurred over most of western Kentucky as a result of high pressure over the Lower Ohio and Mid Mississippi Valleys. Light winds, high humidity, and areas of clear sky associated with this high caused dense fog to form. The dense fog occurred at temperatures below freezing, producing a thin coating of ice on some road surfaces. Visibility was below one quarter mile for much of the time. The dense fog area covered all of western Kentucky except the Henderson area and the Murray to Hickman corridor. A couple of major vehicle accidents occurred on black ice. In Muhlenberg County, a vehicle overturned. A fatal accident occurred in Todd County just northwest of Trenton, where a semi hauling milk overturned in dense fog. The 46-year-old driver of the semi approached an intersection and failed to negotiate a turn because of very dense fog. The truck overturned several times, trapping the driver inside. The driver died of injuries sustained in the crash (indirect fatality).",NA,CSV
201001,18,0,201001,18,900,36125,209478,KENTUCKY,21,2010,January,Freezing Fog,Z,5,MCCRACKEN,21005,PAH,18-JAN-10 00:00:00,CST-6,18-JAN-10 09:00:00,0,0,0,0,0.00K,0.00K,ASOS,NA,NA,NA,NA,NA,NA,NA,NA,NA,NA,NA,NA,NA,NA,NA,NA,NA,NA,NA,NA,NA,"Dense freezing fog occurred over most of western Kentucky as a result of high pressure over the Lower Ohio and Mid Mississippi Valleys. Light winds, high humidity, and areas of clear sky associated with this high caused dense fog to form. The dense fog occurred at temperatures below freezing, producing a thin coating of ice on some road surfaces. Visibility was below one quarter mile for much of the time. The dense fog area covered all of western Kentucky except the Henderson area and the Murray to Hickman corridor. A couple of major vehicle accidents occurred on black ice. In Muhlenberg County, a vehicle overturned. A fatal accident occurred in Todd County just northwest of Trenton, where a semi hauling milk overturned in dense fog. The 46-year-old driver of the semi approached an intersection and failed to negotiate a turn because of very dense fog. The truck overturned several times, trapping the driver inside. The driver died of injuries sustained in the crash (indirect fatality).",NA,CSV
201001,18,2100,201001,19,1200,36121,209447,ILLINOIS,17,2010,January,Freezing Fog,Z,78,WABASH,17078,PAH,18-JAN-10 21:00:00,CST-6,19-JAN-10 12:00:00,0,0,0,0,0.00K,0.00K,AWOS,NA,NA,NA,NA,NA,NA,NA,NA,NA,NA,NA,NA,NA,NA,NA,NA,NA,NA,NA,NA,NA,"Dense freezing fog occurred over parts of southern Illinois as a result of high pressure extending from the upper Mississippi Valley to the central Gulf coast. Light winds, high humidity, and areas of clear sky associated with this high caused dense fog to form. During the late night and early morning hours, the dense fog occurred at temperatures below freezing. The dense fog was along and north of a line from Pinckneyville and Benton to Carmi.",NA,CSV
201001,18,2100,201001,19,1200,36121,209448,ILLINOIS,17,2010,January,Freezing Fog,Z,76,WAYNE,17076,PAH,18-JAN-10 21:00:00,CST-6,19-JAN-10 12:00:00,0,0,0,0,0.00K,0.00K,AWOS,NA,NA,NA,NA,NA,NA,NA,NA,NA,NA,NA,NA,NA,NA,NA,NA,NA,NA,NA,NA,NA,"Dense freezing fog occurred over parts of southern Illinois as a result of high pressure extending from the upper Mississippi Valley to the central Gulf coast. Light winds, high humidity, and areas of clear sky associated with this high caused dense fog to form. During the late night and early morning hours, the dense fog occurred at temperatures below freezing. The dense fog was along and north of a line from Pinckneyville and Benton to Carmi.",NA,CSV
201001,18,2100,201001,19,1200,36121,209449,ILLINOIS,17,2010,January,Freezing Fog,Z,83,WHITE,17083,PAH,18-JAN-10 21:00:00,CST-6,19-JAN-10 12:00:00,0,0,0,0,0.00K,0.00K,AWOS,NA,NA,NA,NA,NA,NA,NA,NA,NA,NA,NA,NA,NA,NA,NA,NA,NA,NA,NA,NA,NA,"Dense freezing fog occurred over parts of southern Illinois as a result of high pressure extending from the upper Mississippi Valley to the central Gulf coast. Light winds, high humidity, and areas of clear sky associated with this high caused dense fog to form. During the late night and early morning hours, the dense fog occurred at temperatures below freezing. The dense fog was along and north of a line from Pinckneyville and Benton to Carmi.",NA,CSV
201001,18,0,201001,18,900,36126,209484,MISSOURI,29,2010,January,Freezing Fog,Z,86,BOLLINGER,29086,PAH,18-JAN-10 00:00:00,CST-6,18-JAN-10 09:00:00,0,0,0,0,0.00K,0.00K,AWOS,NA,NA,NA,NA,NA,NA,NA,NA,NA,NA,NA,NA,NA,NA,NA,NA,NA,NA,NA,NA,NA,"Dense freezing fog occurred over parts of southeast Missouri as a result of high pressure over the Lower Ohio and Mid Mississippi Valleys. Light winds, high humidity, and areas of clear sky associated with this high caused dense fog to form. The dense fog occurred at temperatures below freezing, producing a thin coating of ice on some road surfaces. Visibility was below one quarter mile for much of the time. The dense fog area was over the Mississippi River counties north of Charleston, as well as around Marble Hill.",NA,CSV
201001,18,0,201001,18,900,36126,209485,MISSOURI,29,2010,January,Freezing Fog,Z,87,CAPE GIRARDEAU,29087,PAH,18-JAN-10 00:00:00,CST-6,18-JAN-10 09:00:00,0,0,0,0,0.00K,0.00K,ASOS,NA,NA,NA,NA,NA,NA,NA,NA,NA,NA,NA,NA,NA,NA,NA,NA,NA,NA,NA,NA,NA,"Dense freezing fog occurred over parts of southeast Missouri as a result of high pressure over the Lower Ohio and Mid Mississippi Valleys. Light winds, high humidity, and areas of clear sky associated with this high caused dense fog to form. The dense fog occurred at temperatures below freezing, producing a thin coating of ice on some road surfaces. Visibility was below one quarter mile for much of the time. The dense fog area was over the Mississippi River counties north of Charleston, as well as around Marble Hill.",NA,CSV
201001,18,0,201001,18,900,36125,209480,KENTUCKY,21,2010,January,Freezing Fog,Z,21,MUHLENBERG,21021,PAH,18-JAN-10 00:00:00,CST-6,18-JAN-10 09:00:00,0,0,0,0,0.00K,0.00K,AWOS,NA,NA,NA,NA,NA,NA,NA,NA,NA,NA,NA,NA,NA,NA,NA,NA,NA,NA,NA,NA,NA,"Dense freezing fog occurred over most of western Kentucky as a result of high pressure over the Lower Ohio and Mid Mississippi Valleys. Light winds, high humidity, and areas of clear sky associated with this high caused dense fog to form. The dense fog occurred at temperatures below freezing, producing a thin coating of ice on some road surfaces. Visibility was below one quarter mile for much of the time. The dense fog area covered all of western Kentucky except the Henderson area and the Murray to Hickman corridor. A couple of major vehicle accidents occurred on black ice. In Muhlenberg County, a vehicle overturned. A fatal accident occurred in Todd County just northwest of Trenton, where a semi hauling milk overturned in dense fog. The 46-year-old driver of the semi approached an intersection and failed to negotiate a turn because of very dense fog. The truck overturned several times, trapping the driver inside. The driver died of injuries sustained in the crash (indirect fatality).",NA,CSV
201001,18,0,201001,18,900,36125,209479,KENTUCKY,21,2010,January,Freezing Fog,Z,20,MCLEAN,21020,PAH,18-JAN-10 00:00:00,CST-6,18-JAN-10 09:00:00,0,0,0,0,0.00K,0.00K,AWOS,NA,NA,NA,NA,NA,NA,NA,NA,NA,NA,NA,NA,NA,NA,NA,NA,NA,NA,NA,NA,NA,"Dense freezing fog occurred over most of western Kentucky as a result of high pressure over the Lower Ohio and Mid Mississippi Valleys. Light winds, high humidity, and areas of clear sky associated with this high caused dense fog to form. The dense fog occurred at temperatures below freezing, producing a thin coating of ice on some road surfaces. Visibility was below one quarter mile for much of the time. The dense fog area covered all of western Kentucky except the Henderson area and the Murray to Hickman corridor. A couple of major vehicle accidents occurred on black ice. In Muhlenberg County, a vehicle overturned. A fatal accident occurred in Todd County just northwest of Trenton, where a semi hauling milk overturned in dense fog. The 46-year-old driver of the semi approached an intersection and failed to negotiate a turn because of very dense fog. The truck overturned several times, trapping the driver inside. The driver died of injuries sustained in the crash (indirect fatality).",NA,CSV
201001,18,0,201001,18,900,36125,209481,KENTUCKY,21,2010,January,Freezing Fog,Z,22,TODD,21022,PAH,18-JAN-10 00:00:00,CST-6,18-JAN-10 09:00:00,0,0,0,1,0.00K,0.00K,AWOS,NA,NA,NA,NA,NA,NA,NA,NA,NA,NA,NA,NA,NA,NA,NA,NA,NA,NA,NA,NA,NA,"Dense freezing fog occurred over most of western Kentucky as a result of high pressure over the Lower Ohio and Mid Mississippi Valleys. Light winds, high humidity, and areas of clear sky associated with this high caused dense fog to form. The dense fog occurred at temperatures below freezing, producing a thin coating of ice on some road surfaces. Visibility was below one quarter mile for much of the time. The dense fog area covered all of western Kentucky except the Henderson area and the Murray to Hickman corridor. A couple of major vehicle accidents occurred on black ice. In Muhlenberg County, a vehicle overturned. A fatal accident occurred in Todd County just northwest of Trenton, where a semi hauling milk overturned in dense fog. The 46-year-old driver of the semi approached an intersection and failed to negotiate a turn because of very dense fog. The truck overturned several times, trapping the driver inside. The driver died of injuries sustained in the crash (indirect fatality).",NA,CSV
201001,18,0,201001,18,900,36126,209487,MISSOURI,29,2010,January,Freezing Fog,Z,76,PERRY,29076,PAH,18-JAN-10 00:00:00,CST-6,18-JAN-10 09:00:00,0,0,0,0,0.00K,0.00K,AWOS,NA,NA,NA,NA,NA,NA,NA,NA,NA,NA,NA,NA,NA,NA,NA,NA,NA,NA,NA,NA,NA,"Dense freezing fog occurred over parts of southeast Missouri as a result of high pressure over the Lower Ohio and Mid Mississippi Valleys. Light winds, high humidity, and areas of clear sky associated with this high caused dense fog to form. The dense fog occurred at temperatures below freezing, producing a thin coating of ice on some road surfaces. Visibility was below one quarter mile for much of the time. The dense fog area was over the Mississippi River counties north of Charleston, as well as around Marble Hill.",NA,CSV
201001,18,0,201001,18,900,36125,209470,KENTUCKY,21,2010,January,Freezing Fog,Z,17,CHRISTIAN,21017,PAH,18-JAN-10 00:00:00,CST-6,18-JAN-10 09:00:00,0,0,0,0,0.00K,0.00K,AWOS,NA,NA,NA,NA,NA,NA,NA,NA,NA,NA,NA,NA,NA,NA,NA,NA,NA,NA,NA,NA,NA,"Dense freezing fog occurred over most of western Kentucky as a result of high pressure over the Lower Ohio and Mid Mississippi Valleys. Light winds, high humidity, and areas of clear sky associated with this high caused dense fog to form. The dense fog occurred at temperatures below freezing, producing a thin coating of ice on some road surfaces. Visibility was below one quarter mile for much of the time. The dense fog area covered all of western Kentucky except the Henderson area and the Murray to Hickman corridor. A couple of major vehicle accidents occurred on black ice. In Muhlenberg County, a vehicle overturned. A fatal accident occurred in Todd County just northwest of Trenton, where a semi hauling milk overturned in dense fog. The 46-year-old driver of the semi approached an intersection and failed to negotiate a turn because of very dense fog. The truck overturned several times, trapping the driver inside. The driver died of injuries sustained in the crash (indirect fatality).",NA,CSV
201001,18,0,201001,18,900,36125,209471,KENTUCKY,21,2010,January,Freezing Fog,Z,10,CRITTENDEN,21010,PAH,18-JAN-10 00:00:00,CST-6,18-JAN-10 09:00:00,0,0,0,0,0.00K,0.00K,AWOS,NA,NA,NA,NA,NA,NA,NA,NA,NA,NA,NA,NA,NA,NA,NA,NA,NA,NA,NA,NA,NA,"Dense freezing fog occurred over most of western Kentucky as a result of high pressure over the Lower Ohio and Mid Mississippi Valleys. Light winds, high humidity, and areas of clear sky associated with this high caused dense fog to form. The dense fog occurred at temperatures below freezing, producing a thin coating of ice on some road surfaces. Visibility was below one quarter mile for much of the time. The dense fog area covered all of western Kentucky except the Henderson area and the Murray to Hickman corridor. A couple of major vehicle accidents occurred on black ice. In Muhlenberg County, a vehicle overturned. A fatal accident occurred in Todd County just northwest of Trenton, where a semi hauling milk overturned in dense fog. The 46-year-old driver of the semi approached an intersection and failed to negotiate a turn because of very dense fog. The truck overturned several times, trapping the driver inside. The driver died of injuries sustained in the crash (indirect fatality).",NA,CSV
201001,18,0,201001,18,900,36125,209472,KENTUCKY,21,2010,January,Freezing Fog,Z,19,DAVIESS,21019,PAH,18-JAN-10 00:00:00,CST-6,18-JAN-10 09:00:00,0,0,0,0,0.00K,0.00K,AWOS,NA,NA,NA,NA,NA,NA,NA,NA,NA,NA,NA,NA,NA,NA,NA,NA,NA,NA,NA,NA,NA,"Dense freezing fog occurred over most of western Kentucky as a result of high pressure over the Lower Ohio and Mid Mississippi Valleys. Light winds, high humidity, and areas of clear sky associated with this high caused dense fog to form. The dense fog occurred at temperatures below freezing, producing a thin coating of ice on some road surfaces. Visibility was below one quarter mile for much of the time. The dense fog area covered all of western Kentucky except the Henderson area and the Murray to Hickman corridor. A couple of major vehicle accidents occurred on black ice. In Muhlenberg County, a vehicle overturned. A fatal accident occurred in Todd County just northwest of Trenton, where a semi hauling milk overturned in dense fog. The 46-year-old driver of the semi approached an intersection and failed to negotiate a turn because of very dense fog. The truck overturned several times, trapping the driver inside. The driver died of injuries sustained in the crash (indirect fatality).",NA,CSV
201001,18,0,201001,18,900,36125,209483,KENTUCKY,21,2010,January,Freezing Fog,Z,15,WEBSTER,21015,PAH,18-JAN-10 00:00:00,CST-6,18-JAN-10 09:00:00,0,0,0,0,0.00K,0.00K,AWOS,NA,NA,NA,NA,NA,NA,NA,NA,NA,NA,NA,NA,NA,NA,NA,NA,NA,NA,NA,NA,NA,"Dense freezing fog occurred over most of western Kentucky as a result of high pressure over the Lower Ohio and Mid Mississippi Valleys. Light winds, high humidity, and areas of clear sky associated with this high caused dense fog to form. The dense fog occurred at temperatures below freezing, producing a thin coating of ice on some road surfaces. Visibility was below one quarter mile for much of the time. The dense fog area covered all of western Kentucky except the Henderson area and the Murray to Hickman corridor. A couple of major vehicle accidents occurred on black ice. In Muhlenberg County, a vehicle overturned. A fatal accident occurred in Todd County just northwest of Trenton, where a semi hauling milk overturned in dense fog. The 46-year-old driver of the semi approached an intersection and failed to negotiate a turn because of very dense fog. The truck overturned several times, trapping the driver inside. The driver died of injuries sustained in the crash (indirect fatality).",NA,CSV
201001,19,500,201001,23,1200,35105,213623,MONTANA,30,2010,January,Freezing Fog,Z,20,WESTERN ROOSEVELT,30020,GGW,19-JAN-10 05:00:00,MST-7,23-JAN-10 12:00:00,0,0,0,0,15.00K,0.00K,State Official,NA,NA,NA,NA,NA,NA,NA,NA,NA,NA,NA,NA,NA,NA,NA,NA,NA,NA,NA,NA,NA,"A storm system moved from southern California into the northern Rockies and northern Plains.  Very stable conditions ahead of the storm system created several days of very dense fog from the 18th through the 22nd of January.  This fog created significant delays of commercial and general aviation flights, as well as emergency medical flights having to be grounded.  The freezing fog and rime ice, and some light freezing rain accumulated on power lines, causing the lines to snap starting on the 20th and 21st of January.  As the storm approached, snow quickly spread from south to north across the area on the afternoon of the 22nd.  When the main cold front finally moved through late on the 22nd and the 23rd, the winds switched from the east to the north and northwest with speeds from 25 to 40 mph, resulting in blizzard conditions.  Widespread road closures and whiteout conditions kept power crews from being able to restore power, and many residents were without power until January 25th and 26th. Snowfall measurements were difficult to obtain east of Valley and Garfield counties due to the strong winds.",State DES reported there was extensive electrical pole damage across the area due to rime ice accumulation. Dollar amounts were from NorVal and Sheridan Electric.  Commercial and general aviation interests were also impacted with flights unable to come in or fly out of the Wolf Point and Poplar Airports.,CSV
201001,18,2300,201001,23,1200,35105,213626,MONTANA,30,2010,January,Freezing Fog,Z,62,EASTERN ROOSEVELT,30062,GGW,18-JAN-10 23:00:00,MST-7,23-JAN-10 12:00:00,0,0,0,0,10.00K,0.00K,State Official,NA,NA,NA,NA,NA,NA,NA,NA,NA,NA,NA,NA,NA,NA,NA,NA,NA,NA,NA,NA,NA,"A storm system moved from southern California into the northern Rockies and northern Plains.  Very stable conditions ahead of the storm system created several days of very dense fog from the 18th through the 22nd of January.  This fog created significant delays of commercial and general aviation flights, as well as emergency medical flights having to be grounded.  The freezing fog and rime ice, and some light freezing rain accumulated on power lines, causing the lines to snap starting on the 20th and 21st of January.  As the storm approached, snow quickly spread from south to north across the area on the afternoon of the 22nd.  When the main cold front finally moved through late on the 22nd and the 23rd, the winds switched from the east to the north and northwest with speeds from 25 to 40 mph, resulting in blizzard conditions.  Widespread road closures and whiteout conditions kept power crews from being able to restore power, and many residents were without power until January 25th and 26th. Snowfall measurements were difficult to obtain east of Valley and Garfield counties due to the strong winds.",State DES reported there was extensive electrical pole damage across the area due to rime ice accumulation. Dollar amounts were from Sheridan Electric.,CSV
201001,18,2300,201001,23,2230,35105,213624,MONTANA,30,2010,January,Freezing Fog,Z,19,SHERIDAN,30019,GGW,18-JAN-10 23:00:00,MST-7,23-JAN-10 22:30:00,0,0,0,0,25.00K,0.00K,State Official,NA,NA,NA,NA,NA,NA,NA,NA,NA,NA,NA,NA,NA,NA,NA,NA,NA,NA,NA,NA,NA,"A storm system moved from southern California into the northern Rockies and northern Plains.  Very stable conditions ahead of the storm system created several days of very dense fog from the 18th through the 22nd of January.  This fog created significant delays of commercial and general aviation flights, as well as emergency medical flights having to be grounded.  The freezing fog and rime ice, and some light freezing rain accumulated on power lines, causing the lines to snap starting on the 20th and 21st of January.  As the storm approached, snow quickly spread from south to north across the area on the afternoon of the 22nd.  When the main cold front finally moved through late on the 22nd and the 23rd, the winds switched from the east to the north and northwest with speeds from 25 to 40 mph, resulting in blizzard conditions.  Widespread road closures and whiteout conditions kept power crews from being able to restore power, and many residents were without power until January 25th and 26th. Snowfall measurements were difficult to obtain east of Valley and Garfield counties due to the strong winds.",State DES reported there was extensive electrical pole damage across the area due to rime ice accumulation. Dollar amounts were from Sheridan Electric.,CSV
201001,19,500,201001,23,2230,35105,213622,MONTANA,30,2010,January,Freezing Fog,Z,18,DANIELS,30018,GGW,19-JAN-10 05:00:00,MST-7,23-JAN-10 22:30:00,0,0,0,0,40.00K,0.00K,State Official,NA,NA,NA,NA,NA,NA,NA,NA,NA,NA,NA,NA,NA,NA,NA,NA,NA,NA,NA,NA,NA,"A storm system moved from southern California into the northern Rockies and northern Plains.  Very stable conditions ahead of the storm system created several days of very dense fog from the 18th through the 22nd of January.  This fog created significant delays of commercial and general aviation flights, as well as emergency medical flights having to be grounded.  The freezing fog and rime ice, and some light freezing rain accumulated on power lines, causing the lines to snap starting on the 20th and 21st of January.  As the storm approached, snow quickly spread from south to north across the area on the afternoon of the 22nd.  When the main cold front finally moved through late on the 22nd and the 23rd, the winds switched from the east to the north and northwest with speeds from 25 to 40 mph, resulting in blizzard conditions.  Widespread road closures and whiteout conditions kept power crews from being able to restore power, and many residents were without power until January 25th and 26th. Snowfall measurements were difficult to obtain east of Valley and Garfield counties due to the strong winds.",State DES reported there was extensive electrical pole damage across the area due to rime ice accumulation. Dollar amounts were from NorVal and Sheridan Electric.,CSV
201001,19,1500,201001,23,2230,35105,213620,MONTANA,30,2010,January,Freezing Fog,Z,61,NORTHERN VALLEY,30061,GGW,19-JAN-10 15:00:00,MST-7,23-JAN-10 22:30:00,0,0,0,0,75.00K,0.00K,State Official,NA,NA,NA,NA,NA,NA,NA,NA,NA,NA,NA,NA,NA,NA,NA,NA,NA,NA,NA,NA,NA,"A storm system moved from southern California into the northern Rockies and northern Plains.  Very stable conditions ahead of the storm system created several days of very dense fog from the 18th through the 22nd of January.  This fog created significant delays of commercial and general aviation flights, as well as emergency medical flights having to be grounded.  The freezing fog and rime ice, and some light freezing rain accumulated on power lines, causing the lines to snap starting on the 20th and 21st of January.  As the storm approached, snow quickly spread from south to north across the area on the afternoon of the 22nd.  When the main cold front finally moved through late on the 22nd and the 23rd, the winds switched from the east to the north and northwest with speeds from 25 to 40 mph, resulting in blizzard conditions.  Widespread road closures and whiteout conditions kept power crews from being able to restore power, and many residents were without power until January 25th and 26th. Snowfall measurements were difficult to obtain east of Valley and Garfield counties due to the strong winds.",State DES reported there was extensive electrical pole damage across the area due to rime ice accumulation. Dollar amounts were from NorVal Electric.,CSV
201001,19,1500,201001,24,2330,35105,213751,MONTANA,30,2010,January,Freezing Fog,Z,17,CENTRAL AND SOUTHERN VALLEY,30017,GGW,19-JAN-10 15:00:00,MST-7,24-JAN-10 23:30:00,0,0,0,0,15.00K,0.00K,Official NWS Observations,NA,NA,NA,NA,NA,NA,NA,NA,NA,NA,NA,NA,NA,NA,NA,NA,NA,NA,NA,NA,NA,"A storm system moved from southern California into the northern Rockies and northern Plains.  Very stable conditions ahead of the storm system created several days of very dense fog from the 18th through the 22nd of January.  This fog created significant delays of commercial and general aviation flights, as well as emergency medical flights having to be grounded.  The freezing fog and rime ice, and some light freezing rain accumulated on power lines, causing the lines to snap starting on the 20th and 21st of January.  As the storm approached, snow quickly spread from south to north across the area on the afternoon of the 22nd.  When the main cold front finally moved through late on the 22nd and the 23rd, the winds switched from the east to the north and northwest with speeds from 25 to 40 mph, resulting in blizzard conditions.  Widespread road closures and whiteout conditions kept power crews from being able to restore power, and many residents were without power until January 25th and 26th. Snowfall measurements were difficult to obtain east of Valley and Garfield counties due to the strong winds.","Freezing fog lasted for nearly five days, causing commercial and general aviation delays and cancellations, as well as significant damage to power poles.   State DES was able to get damage estimates from NorVal Electric.",CSV
201001,19,1100,201001,23,1200,35105,213845,MONTANA,30,2010,January,Freezing Fog,Z,27,WIBAUX,30027,GGW,19-JAN-10 11:00:00,MST-7,23-JAN-10 12:00:00,0,0,0,0,8.00K,0.00K,State Official,NA,NA,NA,NA,NA,NA,NA,NA,NA,NA,NA,NA,NA,NA,NA,NA,NA,NA,NA,NA,NA,"A storm system moved from southern California into the northern Rockies and northern Plains.  Very stable conditions ahead of the storm system created several days of very dense fog from the 18th through the 22nd of January.  This fog created significant delays of commercial and general aviation flights, as well as emergency medical flights having to be grounded.  The freezing fog and rime ice, and some light freezing rain accumulated on power lines, causing the lines to snap starting on the 20th and 21st of January.  As the storm approached, snow quickly spread from south to north across the area on the afternoon of the 22nd.  When the main cold front finally moved through late on the 22nd and the 23rd, the winds switched from the east to the north and northwest with speeds from 25 to 40 mph, resulting in blizzard conditions.  Widespread road closures and whiteout conditions kept power crews from being able to restore power, and many residents were without power until January 25th and 26th. Snowfall measurements were difficult to obtain east of Valley and Garfield counties due to the strong winds.",Dense freezing fog impacted the area with electrical pole damage across the area due to rime ice accumulation. Dollar amounts were from Golden West Electric and State DES.,CSV
201001,19,500,201001,23,1200,35105,213848,MONTANA,30,2010,January,Freezing Fog,Z,24,RICHLAND,30024,GGW,19-JAN-10 05:00:00,MST-7,23-JAN-10 12:00:00,0,0,0,0,0.00K,0.00K,AWOS,NA,NA,NA,NA,NA,NA,NA,NA,NA,NA,NA,NA,NA,NA,NA,NA,NA,NA,NA,NA,NA,"A storm system moved from southern California into the northern Rockies and northern Plains.  Very stable conditions ahead of the storm system created several days of very dense fog from the 18th through the 22nd of January.  This fog created significant delays of commercial and general aviation flights, as well as emergency medical flights having to be grounded.  The freezing fog and rime ice, and some light freezing rain accumulated on power lines, causing the lines to snap starting on the 20th and 21st of January.  As the storm approached, snow quickly spread from south to north across the area on the afternoon of the 22nd.  When the main cold front finally moved through late on the 22nd and the 23rd, the winds switched from the east to the north and northwest with speeds from 25 to 40 mph, resulting in blizzard conditions.  Widespread road closures and whiteout conditions kept power crews from being able to restore power, and many residents were without power until January 25th and 26th. Snowfall measurements were difficult to obtain east of Valley and Garfield counties due to the strong winds.","Freezing fog lasted for four days, causing commercial and general aviation delays and cancellations.",CSV
201001,19,1100,201001,23,1200,35105,213835,MONTANA,30,2010,January,Freezing Fog,Z,23,MCCONE,30023,GGW,19-JAN-10 11:00:00,MST-7,23-JAN-10 12:00:00,0,0,0,0,2.00K,0.00K,State Official,NA,NA,NA,NA,NA,NA,NA,NA,NA,NA,NA,NA,NA,NA,NA,NA,NA,NA,NA,NA,NA,"A storm system moved from southern California into the northern Rockies and northern Plains.  Very stable conditions ahead of the storm system created several days of very dense fog from the 18th through the 22nd of January.  This fog created significant delays of commercial and general aviation flights, as well as emergency medical flights having to be grounded.  The freezing fog and rime ice, and some light freezing rain accumulated on power lines, causing the lines to snap starting on the 20th and 21st of January.  As the storm approached, snow quickly spread from south to north across the area on the afternoon of the 22nd.  When the main cold front finally moved through late on the 22nd and the 23rd, the winds switched from the east to the north and northwest with speeds from 25 to 40 mph, resulting in blizzard conditions.  Widespread road closures and whiteout conditions kept power crews from being able to restore power, and many residents were without power until January 25th and 26th. Snowfall measurements were difficult to obtain east of Valley and Garfield counties due to the strong winds.",Dense freezing fog impacted the area with electrical pole damage across the area due to rime ice accumulation. Dollar amounts were from McCone Electric and State DES.,CSV
201001,19,1100,201001,23,2230,35105,213843,MONTANA,30,2010,January,Freezing Fog,Z,16,CENTRAL AND SE PHILLIPS,30016,GGW,19-JAN-10 11:00:00,MST-7,23-JAN-10 22:30:00,0,0,0,0,4.00K,0.00K,State Official,NA,NA,NA,NA,NA,NA,NA,NA,NA,NA,NA,NA,NA,NA,NA,NA,NA,NA,NA,NA,NA,"A storm system moved from southern California into the northern Rockies and northern Plains.  Very stable conditions ahead of the storm system created several days of very dense fog from the 18th through the 22nd of January.  This fog created significant delays of commercial and general aviation flights, as well as emergency medical flights having to be grounded.  The freezing fog and rime ice, and some light freezing rain accumulated on power lines, causing the lines to snap starting on the 20th and 21st of January.  As the storm approached, snow quickly spread from south to north across the area on the afternoon of the 22nd.  When the main cold front finally moved through late on the 22nd and the 23rd, the winds switched from the east to the north and northwest with speeds from 25 to 40 mph, resulting in blizzard conditions.  Widespread road closures and whiteout conditions kept power crews from being able to restore power, and many residents were without power until January 25th and 26th. Snowfall measurements were difficult to obtain east of Valley and Garfield counties due to the strong winds.",Dense freezing fog impacted the area with electrical pole damage across the area due to rime ice accumulation. Dollar amounts were from Big Flat Electric and State DES.,CSV
201001,19,1100,201001,23,1200,35105,213846,MONTANA,30,2010,January,Freezing Fog,Z,25,DAWSON,30025,GGW,19-JAN-10 11:00:00,MST-7,23-JAN-10 12:00:00,0,0,0,0,0.00K,0.00K,AWOS,NA,NA,NA,NA,NA,NA,NA,NA,NA,NA,NA,NA,NA,NA,NA,NA,NA,NA,NA,NA,NA,"A storm system moved from southern California into the northern Rockies and northern Plains.  Very stable conditions ahead of the storm system created several days of very dense fog from the 18th through the 22nd of January.  This fog created significant delays of commercial and general aviation flights, as well as emergency medical flights having to be grounded.  The freezing fog and rime ice, and some light freezing rain accumulated on power lines, causing the lines to snap starting on the 20th and 21st of January.  As the storm approached, snow quickly spread from south to north across the area on the afternoon of the 22nd.  When the main cold front finally moved through late on the 22nd and the 23rd, the winds switched from the east to the north and northwest with speeds from 25 to 40 mph, resulting in blizzard conditions.  Widespread road closures and whiteout conditions kept power crews from being able to restore power, and many residents were without power until January 25th and 26th. Snowfall measurements were difficult to obtain east of Valley and Garfield counties due to the strong winds.","Freezing fog lasted for four days, causing commercial and general aviation delays and cancellations.",CSV
201012,5,0,201012,5,2300,45519,264238,MONTANA,30,2010,December,Freezing Fog,Z,17,CENTRAL AND SOUTHERN VALLEY,30017,GGW,05-DEC-10 00:00:00,MST-7,05-DEC-10 23:00:00,0,0,0,0,0.00K,0.00K,NWS Employee,NA,NA,NA,NA,NA,NA,NA,NA,NA,NA,NA,NA,NA,NA,NA,NA,NA,NA,NA,NA,NA,Several days of freezing fog accumulated on power lines across the area. Minor power pole damage was noted due to the accumulation of rime ice.,Minor power pole damage was noted due to the rime ice accumulation.,CSV
201012,5,0,201012,5,2300,45519,264240,MONTANA,30,2010,December,Freezing Fog,Z,61,NORTHERN VALLEY,30061,GGW,05-DEC-10 00:00:00,MST-7,05-DEC-10 23:00:00,0,0,0,0,0.00K,0.00K,NWS Employee,NA,NA,NA,NA,NA,NA,NA,NA,NA,NA,NA,NA,NA,NA,NA,NA,NA,NA,NA,NA,NA,Several days of freezing fog accumulated on power lines across the area. Minor power pole damage was noted due to the accumulation of rime ice.,Minor power pole damage was noted due to the rime ice accumulation.,CSV
201112,8,600,201112,9,900,58510,351088,WASHINGTON,53,2011,December,Freezing Fog,Z,28,LOWER COLUMBIA BASIN,53028,PDT,08-DEC-11 06:00:00,PST-8,09-DEC-11 09:00:00,0,1,0,1,0.00K,0.00K,Broadcast Media,NA,NA,NA,NA,NA,NA,NA,NA,NA,NA,NA,NA,NA,NA,NA,NA,NA,NA,NA,NA,NA,High pressure produced stagnant conditions which led to freezing fog and snow grains in the Tri-Cities area.  A one vehicle accident on slippery Interstate 84 caused a fatality to the driver.  A good samaritan motorist stopped to help and was injured when another motorist lost control of their vehicle and collided with the first accident.,NA,CSV
201101,17,500,201101,17,1000,47333,275572,ARKANSAS,5,2011,January,Freezing Fog,Z,7,SHARP,05007,LZK,17-JAN-11 05:00:00,CST-6,17-JAN-11 10:00:00,0,0,0,0,0.00K,0.00K,Newspaper,NA,NA,NA,NA,NA,NA,NA,NA,NA,NA,NA,NA,NA,NA,NA,NA,NA,NA,NA,NA,NA,"Dense, freezing fog occurred in parts of north central Arkansas on the morning of the 17th.",Freezing fog occurred in Sharp County. creating slick roads. A number of auto accidents resulted.,CSV
201112,1,300,201112,1,800,59496,355593,KENTUCKY,21,2011,December,Freezing Fog,Z,17,CHRISTIAN,21017,PAH,01-DEC-11 03:00:00,CST-6,01-DEC-11 08:00:00,0,1,0,1,0.00K,0.00K,Newspaper,NA,NA,NA,NA,NA,NA,NA,NA,NA,NA,NA,NA,NA,NA,NA,NA,NA,NA,NA,NA,NA,"Patchy dense freezing fog contributed to a fatal accident on the Kentucky Highway 1682 bypass near Hopkinsville. A 62-year-old woman was killed when she lost control of the truck she was driving. The truck appeared to slide on black ice as it crossed a bridge, then slid down an embankment. A passenger in the truck sustained multiple injuries. High pressure was centered from the Tennessee Valley to the central Appalachians. Conditions were favorable for fog near and under this high pressure system.",NA,CSV
201102,10,0,201102,10,900,47490,282378,KENTUCKY,21,2011,February,Freezing Fog,Z,7,LIVINGSTON,21007,PAH,10-FEB-11 00:00:00,CST-6,10-FEB-11 09:00:00,0,0,0,0,0.00K,0.00K,Broadcast Media,NA,NA,NA,NA,NA,NA,NA,NA,NA,NA,NA,NA,NA,NA,NA,NA,NA,NA,NA,NA,NA,"A large area of snow occurred along and to the east of a well-defined surface low pressure trough. East of the surface trough, northeasterly surface winds kept cold air in place. Warmer air moving in aloft created conditions favorable for heavy snow. The heaviest snow occurred just ahead of a disturbance in the mid levels of the atmosphere. Snowfall rates in a narrow band near the Tennessee border were 1 to 2 inches per hour. As the low pressure trough moved east across the region, the snow ended in its wake. The heaviest snowfall totals occurred along and south of a line from Bardwell (Carlisle County) through Benton to Hopkinsville, where 4 to 5 inches was common. North of that line, amounts were generally from 1 to 3 inches. Specific snowfall totals included: 5 inches in Pembroke (Christian County) and Murray, 4 inches in Hopkinsville, Cadiz (Trigg County), Elkton (Todd County), Fulton (Fulton County), Bardwell, and near Draffenville (Marshall County),  3.5 inches in Hardin (Marshall County), 2.5 inches in Calvert City (Marshall County) and Paducah, 2 inches in Madisonville, 1.5 inches in Eddyville (Lyon County), and about one inch in Owensboro and Henderson. Due to very cold temperatures, roads quickly became snow-packed and very slippery. Numerous accidents were reported. A multi-vehicle crash blocked all lanes of the Purchase Parkway in Marshall County. Five vehicles were involved in an accident in Oak Grove in Christian County. Visibility was reduced to one-quarter mile or less in the heavy snow areas. Many schools were closed or dismissed early. Following the snow, a combination of residual moisture and dense freezing fog caused a fatal wreck on the Interstate 24 bridge westbound over the Cumberland River. The early morning accident started when the driver of a van lost control on the bridge and struck the concrete wall. As a tractor-trailer rig approached the crash site, the van driver jumped off the bridge to avoid being struck. The van driver died. The drivers of five tractor-trailer rigs that subsequently crashed on the bridge were uninjured. The interstate was closed for several hours between mile markers 31 and 40 due to the wreckage. The freezing fog was caused by temperatures around zero over the relatively warm river water below.",NA,CSV
201102,10,0,201102,10,900,47490,282379,KENTUCKY,21,2011,February,Freezing Fog,Z,11,LYON,21011,PAH,10-FEB-11 00:00:00,CST-6,10-FEB-11 09:00:00,0,0,0,1,0.00K,0.00K,Broadcast Media,NA,NA,NA,NA,NA,NA,NA,NA,NA,NA,NA,NA,NA,NA,NA,NA,NA,NA,NA,NA,NA,"A large area of snow occurred along and to the east of a well-defined surface low pressure trough. East of the surface trough, northeasterly surface winds kept cold air in place. Warmer air moving in aloft created conditions favorable for heavy snow. The heaviest snow occurred just ahead of a disturbance in the mid levels of the atmosphere. Snowfall rates in a narrow band near the Tennessee border were 1 to 2 inches per hour. As the low pressure trough moved east across the region, the snow ended in its wake. The heaviest snowfall totals occurred along and south of a line from Bardwell (Carlisle County) through Benton to Hopkinsville, where 4 to 5 inches was common. North of that line, amounts were generally from 1 to 3 inches. Specific snowfall totals included: 5 inches in Pembroke (Christian County) and Murray, 4 inches in Hopkinsville, Cadiz (Trigg County), Elkton (Todd County), Fulton (Fulton County), Bardwell, and near Draffenville (Marshall County),  3.5 inches in Hardin (Marshall County), 2.5 inches in Calvert City (Marshall County) and Paducah, 2 inches in Madisonville, 1.5 inches in Eddyville (Lyon County), and about one inch in Owensboro and Henderson. Due to very cold temperatures, roads quickly became snow-packed and very slippery. Numerous accidents were reported. A multi-vehicle crash blocked all lanes of the Purchase Parkway in Marshall County. Five vehicles were involved in an accident in Oak Grove in Christian County. Visibility was reduced to one-quarter mile or less in the heavy snow areas. Many schools were closed or dismissed early. Following the snow, a combination of residual moisture and dense freezing fog caused a fatal wreck on the Interstate 24 bridge westbound over the Cumberland River. The early morning accident started when the driver of a van lost control on the bridge and struck the concrete wall. As a tractor-trailer rig approached the crash site, the van driver jumped off the bridge to avoid being struck. The van driver died. The drivers of five tractor-trailer rigs that subsequently crashed on the bridge were uninjured. The interstate was closed for several hours between mile markers 31 and 40 due to the wreckage. The freezing fog was caused by temperatures around zero over the relatively warm river water below.",NA,CSV
201112,1,0,201112,1,1000,58931,353103,TENNESSEE,47,2011,December,Freezing Fog,Z,8,SUMNER,47008,OHX,01-DEC-11 00:00:00,CST-6,01-DEC-11 10:00:00,0,17,0,2,500.00K,0.00K,Broadcast Media,NA,NA,NA,NA,NA,NA,NA,NA,NA,NA,NA,NA,NA,NA,NA,NA,NA,NA,NA,NA,NA,"Areas of freezing fog formed along lakes and rivers throughout Middle Tennessee during the morning hours of December 1st. With temperatures in the 20s, patches of ice formed on an overpass in Hendersonville. A resulting chain-reaction car accident involving 179 vehicles killed 2 people and injured 17 others.","Areas of freezing fog formed along northern portions of Old Hickory Lake during the morning hours of December 1. This freezing fog caused patches of ice to form on an eastbound curved overpass along Vietnam Veterans Highway at Saundersville Road in Hendersonville. Around 7 AM CST, a chain-reaction vehicular crash occurred involving 179 vehicles, including two school buses. One person was killed and another 17 others were injured. A second individual who did not receive medical attention at the scene died on December 2 from injuries received in the crash.",CSV
201112,2,500,201112,2,1100,58498,351578,NEW MEXICO,35,2011,December,Freezing Fog,Z,523,CENTRAL HIGHLANDS,35523,ABQ,02-DEC-11 05:00:00,MST-7,02-DEC-11 11:00:00,0,0,2,0,0.00K,0.00K,Broadcast Media,NA,NA,NA,NA,NA,NA,NA,NA,NA,NA,NA,NA,NA,NA,NA,NA,NA,NA,NA,NA,NA,"After a very strong back door frontal passage on December 1st, which plowed through the eastern plains and westward through the gaps of the central mountain chain toward the Arizona border, much cooler temperatures were in place across the state. Then on the 2nd and 3rd, an upper level storm system swept across New Mexico.  A nearly perfect setup for the state, significant snows were reported from south central New Mexico across far northeast New Mexico along a heavy band of snow. Lighter amounts of snow were reported elsewhere.  Traffic was significantly impacted across the region.","Two people were killed in separate rollover accidents on Interstate 40 near Clines Corners during the morning hours of the 2nd. The first crash occurred around 7 am near exit 218.  The second occurred approximately 3 miles east a half an hour later, taking the life of a 70 year-old man.  Both drivers lost control due to icy roadways.",CSV
201212,12,545,201212,12,900,69372,416229,ARKANSAS,5,2012,December,Freezing Fog,Z,44,PULASKI,05044,LZK,12-DEC-12 05:45:00,CST-6,12-DEC-12 09:00:00,0,0,0,0,0.00K,0.00K,Broadcast Media,NA,NA,NA,NA,NA,NA,NA,NA,NA,NA,NA,NA,NA,NA,NA,NA,NA,NA,NA,NA,NA,Freezing fog developed over the Arkansas River in central Arkansas on the morning of the 12th.,"Freezing fog caused havoc during the morning commute on the Interstate 440 bridge over the Arkansas River.  Numerous accidents occurred on the icy road, blocking the entire interstate at times.",CSV
201202,27,700,201202,27,700,60600,361753,OREGON,41,2012,February,Freezing Fog,Z,502,NORTHERN BLUE MOUNTAINS,41502,PDT,27-FEB-12 07:00:00,PST-8,27-FEB-12 07:00:00,0,0,0,0,50.00K,0.00K,Newspaper,NA,NA,NA,NA,NA,NA,NA,NA,NA,NA,NA,NA,NA,NA,NA,NA,NA,NA,NA,NA,NA,Dense freezing fog and icy roads with a dusting of snow caused a 12 vehicle crash with minor injuries on I-84 near Deadman's Pass.  Visibility was reduced to 100 feet or less in spots.,NA,CSV
201212,16,2200,201212,17,455,70492,424734,TEXAS,48,2012,December,Freezing Fog,Z,14,GRAY,48014,AMA,16-DEC-12 22:00:00,CST-6,17-DEC-12 04:55:00,0,0,0,0,0.00K,0.00K,Law Enforcement,NA,NA,NA,NA,NA,NA,NA,NA,NA,NA,NA,NA,NA,NA,NA,NA,NA,NA,NA,NA,NA,"On the evening of the 16th a cold front moved through the Texas and Oklahoma Panhandle. This dropped temperatures during the night hours of the 16th and morning of the 17th to the freezing point. Also due to the proximity of the surface front located over east central Oklahoma low level wrap around moisture combined with light surface winds and clear skies allowing fog to develop. Due to the temperature being at and slightly below the freezing mark, ice accumulation was reported on vehicles and vehicle antennas in Pampa (Gray County) as reported by the Gray County Sheriff's Office. Visibility at the time of the report was estimated to be around 1000 feet. The fog began to dissipate by 5 AM CST as surface winds began to climb increasing low level mixing. No vehicle accidents or injuries were reported in association to the freezing fog.",NA,CSV
201202,11,300,201202,11,2300,59787,356997,NEW MEXICO,35,2012,February,Freezing Fog,Z,528,FAR NORTHEAST HIGHLANDS,35528,ABQ,11-FEB-12 03:00:00,MST-7,11-FEB-12 23:00:00,0,0,0,0,0.00K,0.00K,ASOS,NA,NA,NA,NA,NA,NA,NA,NA,NA,NA,NA,NA,NA,NA,NA,NA,NA,NA,NA,NA,NA,"Freezing fog developed across much of the eastern plains of New Mexico during the early morning hours of the 11th. Fog continued through much of the day as temperatures struggled to reach the freezing mark behind an arctic front. Areas from Las Vegas to Clines Corners reported visibilities down to one quarter mile or less.  Farther east, near Tucumcari, the fog was not as dense. However, the fog resulted in a coating of ice on Interstate 40 that caused an animal rescue volunteer to lose control of the pickup she was driving, which slid into oncoming traffic.  The female driver and an 8-week old puppy died in the crash.",Visibility bounced between one quarter mile and four miles at Raton for over 12 hours.,CSV
201202,11,330,201202,11,2200,59787,356998,NEW MEXICO,35,2012,February,Freezing Fog,Z,529,NORTHEAST HIGHLANDS,35529,ABQ,11-FEB-12 03:30:00,MST-7,11-FEB-12 22:00:00,0,0,0,0,0.00K,0.00K,ASOS,NA,NA,NA,NA,NA,NA,NA,NA,NA,NA,NA,NA,NA,NA,NA,NA,NA,NA,NA,NA,NA,"Freezing fog developed across much of the eastern plains of New Mexico during the early morning hours of the 11th. Fog continued through much of the day as temperatures struggled to reach the freezing mark behind an arctic front. Areas from Las Vegas to Clines Corners reported visibilities down to one quarter mile or less.  Farther east, near Tucumcari, the fog was not as dense. However, the fog resulted in a coating of ice on Interstate 40 that caused an animal rescue volunteer to lose control of the pickup she was driving, which slid into oncoming traffic.  The female driver and an 8-week old puppy died in the crash.",One quarter mile visibility persisted at Las Vegas for over 8 hours.,CSV
201202,10,915,201202,11,1100,59787,356999,NEW MEXICO,35,2012,February,Freezing Fog,Z,530,UNION COUNTY,35530,ABQ,10-FEB-12 09:15:00,MST-7,11-FEB-12 11:00:00,0,0,0,0,0.00K,0.00K,ASOS,NA,NA,NA,NA,NA,NA,NA,NA,NA,NA,NA,NA,NA,NA,NA,NA,NA,NA,NA,NA,NA,"Freezing fog developed across much of the eastern plains of New Mexico during the early morning hours of the 11th. Fog continued through much of the day as temperatures struggled to reach the freezing mark behind an arctic front. Areas from Las Vegas to Clines Corners reported visibilities down to one quarter mile or less.  Farther east, near Tucumcari, the fog was not as dense. However, the fog resulted in a coating of ice on Interstate 40 that caused an animal rescue volunteer to lose control of the pickup she was driving, which slid into oncoming traffic.  The female driver and an 8-week old puppy died in the crash.","Visibility bounced between two and four miles at Clayton, though briefly dropped as low as one quarter mile.",CSV
201202,10,930,201202,11,1200,59787,357000,NEW MEXICO,35,2012,February,Freezing Fog,Z,531,HARDING COUNTY,35531,ABQ,10-FEB-12 09:30:00,MST-7,11-FEB-12 12:00:00,0,0,0,0,0.00K,0.00K,Official NWS Observations,NA,NA,NA,NA,NA,NA,NA,NA,NA,NA,NA,NA,NA,NA,NA,NA,NA,NA,NA,NA,NA,"Freezing fog developed across much of the eastern plains of New Mexico during the early morning hours of the 11th. Fog continued through much of the day as temperatures struggled to reach the freezing mark behind an arctic front. Areas from Las Vegas to Clines Corners reported visibilities down to one quarter mile or less.  Farther east, near Tucumcari, the fog was not as dense. However, the fog resulted in a coating of ice on Interstate 40 that caused an animal rescue volunteer to lose control of the pickup she was driving, which slid into oncoming traffic.  The female driver and an 8-week old puppy died in the crash.",Visibility was below four miles across Harding County for several hours.,CSV
201202,11,300,201202,11,2200,59787,357001,NEW MEXICO,35,2012,February,Freezing Fog,Z,532,EASTERN SAN MIGUEL COUNTY,35532,ABQ,11-FEB-12 03:00:00,MST-7,11-FEB-12 22:00:00,0,0,0,0,0.00K,0.00K,Official NWS Observations,NA,NA,NA,NA,NA,NA,NA,NA,NA,NA,NA,NA,NA,NA,NA,NA,NA,NA,NA,NA,NA,"Freezing fog developed across much of the eastern plains of New Mexico during the early morning hours of the 11th. Fog continued through much of the day as temperatures struggled to reach the freezing mark behind an arctic front. Areas from Las Vegas to Clines Corners reported visibilities down to one quarter mile or less.  Farther east, near Tucumcari, the fog was not as dense. However, the fog resulted in a coating of ice on Interstate 40 that caused an animal rescue volunteer to lose control of the pickup she was driving, which slid into oncoming traffic.  The female driver and an 8-week old puppy died in the crash.",Visibility was below four miles across eastern San Miguel County for several hours.,CSV
201202,11,400,201202,11,2200,59787,357002,NEW MEXICO,35,2012,February,Freezing Fog,Z,533,GUADALUPE COUNTY,35533,ABQ,11-FEB-12 04:00:00,MST-7,11-FEB-12 22:00:00,0,0,0,0,0.00K,0.00K,Official NWS Observations,NA,NA,NA,NA,NA,NA,NA,NA,NA,NA,NA,NA,NA,NA,NA,NA,NA,NA,NA,NA,NA,"Freezing fog developed across much of the eastern plains of New Mexico during the early morning hours of the 11th. Fog continued through much of the day as temperatures struggled to reach the freezing mark behind an arctic front. Areas from Las Vegas to Clines Corners reported visibilities down to one quarter mile or less.  Farther east, near Tucumcari, the fog was not as dense. However, the fog resulted in a coating of ice on Interstate 40 that caused an animal rescue volunteer to lose control of the pickup she was driving, which slid into oncoming traffic.  The female driver and an 8-week old puppy died in the crash.",Visibility was below four miles across Guadalupe County for several hours.,CSV
201202,11,500,201202,11,1115,59787,357003,NEW MEXICO,35,2012,February,Freezing Fog,Z,535,CURRY COUNTY,35535,ABQ,11-FEB-12 05:00:00,MST-7,11-FEB-12 11:15:00,0,0,0,0,0.00K,0.00K,ASOS,NA,NA,NA,NA,NA,NA,NA,NA,NA,NA,NA,NA,NA,NA,NA,NA,NA,NA,NA,NA,NA,"Freezing fog developed across much of the eastern plains of New Mexico during the early morning hours of the 11th. Fog continued through much of the day as temperatures struggled to reach the freezing mark behind an arctic front. Areas from Las Vegas to Clines Corners reported visibilities down to one quarter mile or less.  Farther east, near Tucumcari, the fog was not as dense. However, the fog resulted in a coating of ice on Interstate 40 that caused an animal rescue volunteer to lose control of the pickup she was driving, which slid into oncoming traffic.  The female driver and an 8-week old puppy died in the crash.","Visibility was below two miles across Curry County for several hours, and briefly dropped down to one quarter mile.",CSV
201202,11,500,201202,11,1100,59787,357004,NEW MEXICO,35,2012,February,Freezing Fog,Z,536,ROOSEVELT COUNTY,35536,ABQ,11-FEB-12 05:00:00,MST-7,11-FEB-12 11:00:00,0,0,0,0,0.00K,0.00K,Official NWS Observations,NA,NA,NA,NA,NA,NA,NA,NA,NA,NA,NA,NA,NA,NA,NA,NA,NA,NA,NA,NA,NA,"Freezing fog developed across much of the eastern plains of New Mexico during the early morning hours of the 11th. Fog continued through much of the day as temperatures struggled to reach the freezing mark behind an arctic front. Areas from Las Vegas to Clines Corners reported visibilities down to one quarter mile or less.  Farther east, near Tucumcari, the fog was not as dense. However, the fog resulted in a coating of ice on Interstate 40 that caused an animal rescue volunteer to lose control of the pickup she was driving, which slid into oncoming traffic.  The female driver and an 8-week old puppy died in the crash.",Visibility was below 3 miles for several hours.,CSV
201202,11,500,201202,11,1100,59787,357005,NEW MEXICO,35,2012,February,Freezing Fog,Z,537,DE BACA COUNTY,35537,ABQ,11-FEB-12 05:00:00,MST-7,11-FEB-12 11:00:00,0,0,0,0,0.00K,0.00K,Official NWS Observations,NA,NA,NA,NA,NA,NA,NA,NA,NA,NA,NA,NA,NA,NA,NA,NA,NA,NA,NA,NA,NA,"Freezing fog developed across much of the eastern plains of New Mexico during the early morning hours of the 11th. Fog continued through much of the day as temperatures struggled to reach the freezing mark behind an arctic front. Areas from Las Vegas to Clines Corners reported visibilities down to one quarter mile or less.  Farther east, near Tucumcari, the fog was not as dense. However, the fog resulted in a coating of ice on Interstate 40 that caused an animal rescue volunteer to lose control of the pickup she was driving, which slid into oncoming traffic.  The female driver and an 8-week old puppy died in the crash.",Visibility was below 3 miles for several hours.,CSV
201202,11,515,201202,11,1400,59787,356993,NEW MEXICO,35,2012,February,Freezing Fog,Z,534,QUAY COUNTY,35534,ABQ,11-FEB-12 05:15:00,MST-7,11-FEB-12 14:00:00,0,0,0,1,0.00K,0.00K,Broadcast Media,NA,NA,NA,NA,NA,NA,NA,NA,NA,NA,NA,NA,NA,NA,NA,NA,NA,NA,NA,NA,NA,"Freezing fog developed across much of the eastern plains of New Mexico during the early morning hours of the 11th. Fog continued through much of the day as temperatures struggled to reach the freezing mark behind an arctic front. Areas from Las Vegas to Clines Corners reported visibilities down to one quarter mile or less.  Farther east, near Tucumcari, the fog was not as dense. However, the fog resulted in a coating of ice on Interstate 40 that caused an animal rescue volunteer to lose control of the pickup she was driving, which slid into oncoming traffic.  The female driver and an 8-week old puppy died in the crash.","An animal rescue volunteer and an 8-week old puppy died in a crash on Interstate 40 near Tucumcari when freezing fog iced over the interstate.  Her pickup slid off I-40 onto oncoming traffic around 10 am and hit a tractor-trailer rig.  The semi then hit another vehicle and pinned it against the median barrier where both caught fire, but the occupants escaped.  At the time of the accident, visibility was reduced to approximately 4 miles with a temperature of 19 degrees.",CSV
201202,11,600,201202,11,2200,59787,356995,NEW MEXICO,35,2012,February,Freezing Fog,Z,523,CENTRAL HIGHLANDS,35523,ABQ,11-FEB-12 06:00:00,MST-7,11-FEB-12 22:00:00,0,0,0,0,0.00K,0.00K,ASOS,NA,NA,NA,NA,NA,NA,NA,NA,NA,NA,NA,NA,NA,NA,NA,NA,NA,NA,NA,NA,NA,"Freezing fog developed across much of the eastern plains of New Mexico during the early morning hours of the 11th. Fog continued through much of the day as temperatures struggled to reach the freezing mark behind an arctic front. Areas from Las Vegas to Clines Corners reported visibilities down to one quarter mile or less.  Farther east, near Tucumcari, the fog was not as dense. However, the fog resulted in a coating of ice on Interstate 40 that caused an animal rescue volunteer to lose control of the pickup she was driving, which slid into oncoming traffic.  The female driver and an 8-week old puppy died in the crash.",One quarter mile visibility in freezing fog persisted for over 12 hours at Clines Corners.,CSV
201202,11,300,201202,11,2200,59787,356994,NEW MEXICO,35,2012,February,Freezing Fog,Z,515,EAST SLOPES OF THE SANGRE DE CRISTO MOUNTAINS,35515,ABQ,11-FEB-12 03:00:00,MST-7,11-FEB-12 22:00:00,0,0,0,0,0.00K,0.00K,Official NWS Observations,NA,NA,NA,NA,NA,NA,NA,NA,NA,NA,NA,NA,NA,NA,NA,NA,NA,NA,NA,NA,NA,"Freezing fog developed across much of the eastern plains of New Mexico during the early morning hours of the 11th. Fog continued through much of the day as temperatures struggled to reach the freezing mark behind an arctic front. Areas from Las Vegas to Clines Corners reported visibilities down to one quarter mile or less.  Farther east, near Tucumcari, the fog was not as dense. However, the fog resulted in a coating of ice on Interstate 40 that caused an animal rescue volunteer to lose control of the pickup she was driving, which slid into oncoming traffic.  The female driver and an 8-week old puppy died in the crash.",The lower elevations of the east slopes had visibilities down to one quarter mile in freezing fog.,CSV
201202,10,2200,201202,11,2300,59787,356996,NEW MEXICO,35,2012,February,Freezing Fog,Z,527,RATON RIDGE/JOHNSON MESA,35527,ABQ,10-FEB-12 22:00:00,MST-7,11-FEB-12 23:00:00,0,0,0,0,0.00K,0.00K,COOP Observer,NA,NA,NA,NA,NA,NA,NA,NA,NA,NA,NA,NA,NA,NA,NA,NA,NA,NA,NA,NA,NA,"Freezing fog developed across much of the eastern plains of New Mexico during the early morning hours of the 11th. Fog continued through much of the day as temperatures struggled to reach the freezing mark behind an arctic front. Areas from Las Vegas to Clines Corners reported visibilities down to one quarter mile or less.  Farther east, near Tucumcari, the fog was not as dense. However, the fog resulted in a coating of ice on Interstate 40 that caused an animal rescue volunteer to lose control of the pickup she was driving, which slid into oncoming traffic.  The female driver and an 8-week old puppy died in the crash.",One quarter mile visibility in freezing fog persisted for over 12 hours at Capulin.,CSV
201312,23,1600,201312,24,1000,81359,488220,TEXAS,48,2013,December,Freezing Fog,Z,10,HEMPHILL,48010,AMA,23-DEC-13 16:00:00,CST-6,24-DEC-13 10:00:00,0,0,0,0,0.00K,0.00K,AWOS,NA,NA,NA,NA,NA,NA,NA,NA,NA,NA,NA,NA,NA,NA,NA,NA,NA,NA,NA,NA,NA,"The combination of light surface winds and ample near surface moisture from pre-existing accumulated snow lead to the formation of freezing fog during the evening hours of the 23rd into the morning hours of the 24th. Freezing fog affected all of the Texas Panhandle except Deaf Smith County, and caused light ice accumulations on top of accumulated snow and elevated surfaces. Visibilities improved above 6 miles by the mid-morning hours of the 24th.",One mile visibility at Canadian.,CSV
201312,23,1600,201312,24,1000,81359,488221,TEXAS,48,2013,December,Freezing Fog,Z,8,HUTCHINSON,48008,AMA,23-DEC-13 16:00:00,CST-6,24-DEC-13 10:00:00,0,0,0,0,0.00K,0.00K,ASOS,NA,NA,NA,NA,NA,NA,NA,NA,NA,NA,NA,NA,NA,NA,NA,NA,NA,NA,NA,NA,NA,"The combination of light surface winds and ample near surface moisture from pre-existing accumulated snow lead to the formation of freezing fog during the evening hours of the 23rd into the morning hours of the 24th. Freezing fog affected all of the Texas Panhandle except Deaf Smith County, and caused light ice accumulations on top of accumulated snow and elevated surfaces. Visibilities improved above 6 miles by the mid-morning hours of the 24th.",One and three quarters of a mile visibility at Borger.,CSV
201312,23,1600,201312,24,1000,81359,488222,TEXAS,48,2013,December,Freezing Fog,Z,5,LIPSCOMB,48005,AMA,23-DEC-13 16:00:00,CST-6,24-DEC-13 10:00:00,0,0,0,0,0.00K,0.00K,Mesonet,NA,NA,NA,NA,NA,NA,NA,NA,NA,NA,NA,NA,NA,NA,NA,NA,NA,NA,NA,NA,NA,"The combination of light surface winds and ample near surface moisture from pre-existing accumulated snow lead to the formation of freezing fog during the evening hours of the 23rd into the morning hours of the 24th. Freezing fog affected all of the Texas Panhandle except Deaf Smith County, and caused light ice accumulations on top of accumulated snow and elevated surfaces. Visibilities improved above 6 miles by the mid-morning hours of the 24th.",One mile visibility at Lipscomb.,CSV
201312,23,1600,201312,24,1000,81359,488219,TEXAS,48,2013,December,Freezing Fog,Z,3,HANSFORD,48003,AMA,23-DEC-13 16:00:00,CST-6,24-DEC-13 10:00:00,0,0,0,0,0.00K,0.00K,Mesonet,NA,NA,NA,NA,NA,NA,NA,NA,NA,NA,NA,NA,NA,NA,NA,NA,NA,NA,NA,NA,NA,"The combination of light surface winds and ample near surface moisture from pre-existing accumulated snow lead to the formation of freezing fog during the evening hours of the 23rd into the morning hours of the 24th. Freezing fog affected all of the Texas Panhandle except Deaf Smith County, and caused light ice accumulations on top of accumulated snow and elevated surfaces. Visibilities improved above 6 miles by the mid-morning hours of the 24th.",Three quarters of a mile visibility at Spearman.,CSV
201312,23,1600,201312,24,1000,81359,488229,TEXAS,48,2013,December,Freezing Fog,Z,9,ROBERTS,48009,AMA,23-DEC-13 16:00:00,CST-6,24-DEC-13 10:00:00,0,0,0,0,0.00K,0.00K,AWOS,NA,NA,NA,NA,NA,NA,NA,NA,NA,NA,NA,NA,NA,NA,NA,NA,NA,NA,NA,NA,NA,"The combination of light surface winds and ample near surface moisture from pre-existing accumulated snow lead to the formation of freezing fog during the evening hours of the 23rd into the morning hours of the 24th. Freezing fog affected all of the Texas Panhandle except Deaf Smith County, and caused light ice accumulations on top of accumulated snow and elevated surfaces. Visibilities improved above 6 miles by the mid-morning hours of the 24th.",Quarter mile visibility at Miami.,CSV
201312,23,1600,201312,24,1000,81358,488211,OKLAHOMA,40,2013,December,Freezing Fog,Z,2,TEXAS,40002,AMA,23-DEC-13 16:00:00,CST-6,24-DEC-13 10:00:00,0,0,0,0,0.00K,0.00K,ASOS,NA,NA,NA,NA,NA,NA,NA,NA,NA,NA,NA,NA,NA,NA,NA,NA,NA,NA,NA,NA,NA,"The combination of light surface winds and ample near surface moisture from pre-existing accumulated snow lead to the formation of freezing fog during the evening hours of the 23rd into the morning hours of the 24th. Freezing fog affected both Texas and Beaver Counties of the Oklahoma Panhandle, and caused light ice accumulations on top of accumulated snow and elevated surfaces. Visibilities improved above 6 miles by the mid-morning hours of the 24th.",Estimated 2 sm in Guymon.,CSV
201312,23,1600,201312,24,1000,81359,488212,TEXAS,48,2013,December,Freezing Fog,Z,18,ARMSTRONG,48018,AMA,23-DEC-13 16:00:00,CST-6,24-DEC-13 10:00:00,0,0,0,0,0.00K,0.00K,Mesonet,NA,NA,NA,NA,NA,NA,NA,NA,NA,NA,NA,NA,NA,NA,NA,NA,NA,NA,NA,NA,NA,"The combination of light surface winds and ample near surface moisture from pre-existing accumulated snow lead to the formation of freezing fog during the evening hours of the 23rd into the morning hours of the 24th. Freezing fog affected all of the Texas Panhandle except Deaf Smith County, and caused light ice accumulations on top of accumulated snow and elevated surfaces. Visibilities improved above 6 miles by the mid-morning hours of the 24th.",Quarter mile visibility at Claude.,CSV
201312,23,1600,201312,24,1000,81359,488213,TEXAS,48,2013,December,Freezing Fog,Z,13,CARSON,48013,AMA,23-DEC-13 16:00:00,CST-6,24-DEC-13 10:00:00,0,0,0,0,0.00K,0.00K,Mesonet,NA,NA,NA,NA,NA,NA,NA,NA,NA,NA,NA,NA,NA,NA,NA,NA,NA,NA,NA,NA,NA,"The combination of light surface winds and ample near surface moisture from pre-existing accumulated snow lead to the formation of freezing fog during the evening hours of the 23rd into the morning hours of the 24th. Freezing fog affected all of the Texas Panhandle except Deaf Smith County, and caused light ice accumulations on top of accumulated snow and elevated surfaces. Visibilities improved above 6 miles by the mid-morning hours of the 24th.",Quarter mile visibility at Panhandle.,CSV
201312,23,1600,201312,24,1000,81359,488214,TEXAS,48,2013,December,Freezing Fog,Z,20,COLLINGSWORTH,48020,AMA,23-DEC-13 16:00:00,CST-6,24-DEC-13 10:00:00,0,0,0,0,0.00K,0.00K,Mesonet,NA,NA,NA,NA,NA,NA,NA,NA,NA,NA,NA,NA,NA,NA,NA,NA,NA,NA,NA,NA,NA,"The combination of light surface winds and ample near surface moisture from pre-existing accumulated snow lead to the formation of freezing fog during the evening hours of the 23rd into the morning hours of the 24th. Freezing fog affected all of the Texas Panhandle except Deaf Smith County, and caused light ice accumulations on top of accumulated snow and elevated surfaces. Visibilities improved above 6 miles by the mid-morning hours of the 24th.",Quarter mile visibility at Wellington.,CSV
201312,23,1600,201312,24,1000,81358,488209,OKLAHOMA,40,2013,December,Freezing Fog,Z,3,BEAVER,40003,AMA,23-DEC-13 16:00:00,CST-6,24-DEC-13 10:00:00,0,0,0,0,0.00K,0.00K,Emergency Manager,NA,NA,NA,NA,NA,NA,NA,NA,NA,NA,NA,NA,NA,NA,NA,NA,NA,NA,NA,NA,NA,"The combination of light surface winds and ample near surface moisture from pre-existing accumulated snow lead to the formation of freezing fog during the evening hours of the 23rd into the morning hours of the 24th. Freezing fog affected both Texas and Beaver Counties of the Oklahoma Panhandle, and caused light ice accumulations on top of accumulated snow and elevated surfaces. Visibilities improved above 6 miles by the mid-morning hours of the 24th.",Estimated 1/4 sm in Elmwood.,CSV
201312,23,1600,201312,24,1000,81359,488226,TEXAS,48,2013,December,Freezing Fog,Z,11,OLDHAM,48011,AMA,23-DEC-13 16:00:00,CST-6,24-DEC-13 10:00:00,0,0,0,0,0.00K,0.00K,AWOS,NA,NA,NA,NA,NA,NA,NA,NA,NA,NA,NA,NA,NA,NA,NA,NA,NA,NA,NA,NA,NA,"The combination of light surface winds and ample near surface moisture from pre-existing accumulated snow lead to the formation of freezing fog during the evening hours of the 23rd into the morning hours of the 24th. Freezing fog affected all of the Texas Panhandle except Deaf Smith County, and caused light ice accumulations on top of accumulated snow and elevated surfaces. Visibilities improved above 6 miles by the mid-morning hours of the 24th.",Quarter mile visibility at Vega.,CSV
201312,23,1600,201312,24,1000,81359,488227,TEXAS,48,2013,December,Freezing Fog,Z,12,POTTER,48012,AMA,23-DEC-13 16:00:00,CST-6,24-DEC-13 10:00:00,0,0,0,0,0.00K,0.00K,ASOS,NA,NA,NA,NA,NA,NA,NA,NA,NA,NA,NA,NA,NA,NA,NA,NA,NA,NA,NA,NA,NA,"The combination of light surface winds and ample near surface moisture from pre-existing accumulated snow lead to the formation of freezing fog during the evening hours of the 23rd into the morning hours of the 24th. Freezing fog affected all of the Texas Panhandle except Deaf Smith County, and caused light ice accumulations on top of accumulated snow and elevated surfaces. Visibilities improved above 6 miles by the mid-morning hours of the 24th.",Quarter mile visibility at Amarillo.,CSV
201312,23,1600,201312,24,1000,81359,488228,TEXAS,48,2013,December,Freezing Fog,Z,17,RANDALL,48017,AMA,23-DEC-13 16:00:00,CST-6,24-DEC-13 10:00:00,0,0,0,0,0.00K,0.00K,ASOS,NA,NA,NA,NA,NA,NA,NA,NA,NA,NA,NA,NA,NA,NA,NA,NA,NA,NA,NA,NA,NA,"The combination of light surface winds and ample near surface moisture from pre-existing accumulated snow lead to the formation of freezing fog during the evening hours of the 23rd into the morning hours of the 24th. Freezing fog affected all of the Texas Panhandle except Deaf Smith County, and caused light ice accumulations on top of accumulated snow and elevated surfaces. Visibilities improved above 6 miles by the mid-morning hours of the 24th.",Quarter mile visibility at Amarillo.,CSV
201312,23,1600,201312,24,1000,81359,488230,TEXAS,48,2013,December,Freezing Fog,Z,2,SHERMAN,48002,AMA,23-DEC-13 16:00:00,CST-6,24-DEC-13 10:00:00,0,0,0,0,0.00K,0.00K,Mesonet,NA,NA,NA,NA,NA,NA,NA,NA,NA,NA,NA,NA,NA,NA,NA,NA,NA,NA,NA,NA,NA,"The combination of light surface winds and ample near surface moisture from pre-existing accumulated snow lead to the formation of freezing fog during the evening hours of the 23rd into the morning hours of the 24th. Freezing fog affected all of the Texas Panhandle except Deaf Smith County, and caused light ice accumulations on top of accumulated snow and elevated surfaces. Visibilities improved above 6 miles by the mid-morning hours of the 24th.",Quarter mile visibility at Stratford.,CSV
201312,23,1600,201312,24,1000,81359,488232,TEXAS,48,2013,December,Freezing Fog,Z,15,WHEELER,48015,AMA,23-DEC-13 16:00:00,CST-6,24-DEC-13 10:00:00,0,0,0,0,0.00K,0.00K,Mesonet,NA,NA,NA,NA,NA,NA,NA,NA,NA,NA,NA,NA,NA,NA,NA,NA,NA,NA,NA,NA,NA,"The combination of light surface winds and ample near surface moisture from pre-existing accumulated snow lead to the formation of freezing fog during the evening hours of the 23rd into the morning hours of the 24th. Freezing fog affected all of the Texas Panhandle except Deaf Smith County, and caused light ice accumulations on top of accumulated snow and elevated surfaces. Visibilities improved above 6 miles by the mid-morning hours of the 24th.",Three quarters of a mile visibility at Wheeler.,CSV
201312,31,545,201312,31,1400,80698,483064,ARKANSAS,5,2013,December,Freezing Fog,Z,51,HOWARD,05051,SHV,31-DEC-13 05:45:00,CST-6,31-DEC-13 14:00:00,0,2,0,0,15.00K,0.00K,Law Enforcement,NA,NA,NA,NA,NA,NA,NA,NA,NA,NA,NA,NA,NA,NA,NA,NA,NA,NA,NA,NA,NA,Temperatures fell well below freezing during the predawn hours of December 31st near and along the Red River in Miller County and across portions of Howard County in Southwest Arkansas.  The sky was mostly clear and with rather wet soil conditions from previous rainfall...perfect conditions developed for the formation of patchy dense freezing fog.  A thin layer of ice formed across elevated bridges and overpasses with numerous accidents and injuries reported on the Hwy. 71 Index bridge near Texarkana.  There was also one indirect fatality reported from an accident on the bridge.  There were two additional injuries reported in Howard County near Nashville when a driver failed to stop at a stop sign due to the low visibility.,NA,CSV
201312,23,1600,201312,24,1000,81359,488215,TEXAS,48,2013,December,Freezing Fog,Z,1,DALLAM,48001,AMA,23-DEC-13 16:00:00,CST-6,24-DEC-13 10:00:00,0,0,0,0,0.00K,0.00K,ASOS,NA,NA,NA,NA,NA,NA,NA,NA,NA,NA,NA,NA,NA,NA,NA,NA,NA,NA,NA,NA,NA,"The combination of light surface winds and ample near surface moisture from pre-existing accumulated snow lead to the formation of freezing fog during the evening hours of the 23rd into the morning hours of the 24th. Freezing fog affected all of the Texas Panhandle except Deaf Smith County, and caused light ice accumulations on top of accumulated snow and elevated surfaces. Visibilities improved above 6 miles by the mid-morning hours of the 24th.",Quarter mile visibility at Dalhart.,CSV
201312,23,1600,201312,24,1000,81359,488216,TEXAS,48,2013,December,Freezing Fog,Z,6,HARTLEY,48006,AMA,23-DEC-13 16:00:00,CST-6,24-DEC-13 10:00:00,0,0,0,0,0.00K,0.00K,ASOS,NA,NA,NA,NA,NA,NA,NA,NA,NA,NA,NA,NA,NA,NA,NA,NA,NA,NA,NA,NA,NA,"The combination of light surface winds and ample near surface moisture from pre-existing accumulated snow lead to the formation of freezing fog during the evening hours of the 23rd into the morning hours of the 24th. Freezing fog affected all of the Texas Panhandle except Deaf Smith County, and caused light ice accumulations on top of accumulated snow and elevated surfaces. Visibilities improved above 6 miles by the mid-morning hours of the 24th.",Quarter mile visibility at Dalhart.,CSV
201312,23,1600,201312,24,1000,81359,488217,TEXAS,48,2013,December,Freezing Fog,Z,19,DONLEY,48019,AMA,23-DEC-13 16:00:00,CST-6,24-DEC-13 10:00:00,0,0,0,0,0.00K,0.00K,Mesonet,NA,NA,NA,NA,NA,NA,NA,NA,NA,NA,NA,NA,NA,NA,NA,NA,NA,NA,NA,NA,NA,"The combination of light surface winds and ample near surface moisture from pre-existing accumulated snow lead to the formation of freezing fog during the evening hours of the 23rd into the morning hours of the 24th. Freezing fog affected all of the Texas Panhandle except Deaf Smith County, and caused light ice accumulations on top of accumulated snow and elevated surfaces. Visibilities improved above 6 miles by the mid-morning hours of the 24th.",Quarter mile visibility at Clarendon.,CSV
201312,23,1600,201312,24,1000,81359,488218,TEXAS,48,2013,December,Freezing Fog,Z,14,GRAY,48014,AMA,23-DEC-13 16:00:00,CST-6,24-DEC-13 10:00:00,0,0,0,0,0.00K,0.00K,AWOS,NA,NA,NA,NA,NA,NA,NA,NA,NA,NA,NA,NA,NA,NA,NA,NA,NA,NA,NA,NA,NA,"The combination of light surface winds and ample near surface moisture from pre-existing accumulated snow lead to the formation of freezing fog during the evening hours of the 23rd into the morning hours of the 24th. Freezing fog affected all of the Texas Panhandle except Deaf Smith County, and caused light ice accumulations on top of accumulated snow and elevated surfaces. Visibilities improved above 6 miles by the mid-morning hours of the 24th.",Quarter mile visibility at Pampa.,CSV
201312,23,1600,201312,24,1000,81359,488223,TEXAS,48,2013,December,Freezing Fog,Z,7,MOORE,48007,AMA,23-DEC-13 16:00:00,CST-6,24-DEC-13 10:00:00,0,0,0,0,0.00K,0.00K,AWOS,NA,NA,NA,NA,NA,NA,NA,NA,NA,NA,NA,NA,NA,NA,NA,NA,NA,NA,NA,NA,NA,"The combination of light surface winds and ample near surface moisture from pre-existing accumulated snow lead to the formation of freezing fog during the evening hours of the 23rd into the morning hours of the 24th. Freezing fog affected all of the Texas Panhandle except Deaf Smith County, and caused light ice accumulations on top of accumulated snow and elevated surfaces. Visibilities improved above 6 miles by the mid-morning hours of the 24th.",Quarter mile visibility at Dumas.,CSV
201312,23,1600,201312,24,1000,81359,488224,TEXAS,48,2013,December,Freezing Fog,Z,4,OCHILTREE,48004,AMA,23-DEC-13 16:00:00,CST-6,24-DEC-13 10:00:00,0,0,0,0,0.00K,0.00K,AWOS,NA,NA,NA,NA,NA,NA,NA,NA,NA,NA,NA,NA,NA,NA,NA,NA,NA,NA,NA,NA,NA,"The combination of light surface winds and ample near surface moisture from pre-existing accumulated snow lead to the formation of freezing fog during the evening hours of the 23rd into the morning hours of the 24th. Freezing fog affected all of the Texas Panhandle except Deaf Smith County, and caused light ice accumulations on top of accumulated snow and elevated surfaces. Visibilities improved above 6 miles by the mid-morning hours of the 24th.",Half mile visibility at Perryton.,CSV
201312,31,545,201312,31,1400,80698,483065,ARKANSAS,5,2013,December,Freezing Fog,Z,70,MILLER,05070,SHV,31-DEC-13 05:45:00,CST-6,31-DEC-13 14:00:00,0,5,0,1,50.00K,0.00K,Law Enforcement,NA,NA,NA,NA,NA,NA,NA,NA,NA,NA,NA,NA,NA,NA,NA,NA,NA,NA,NA,NA,NA,Temperatures fell well below freezing during the predawn hours of December 31st near and along the Red River in Miller County and across portions of Howard County in Southwest Arkansas.  The sky was mostly clear and with rather wet soil conditions from previous rainfall...perfect conditions developed for the formation of patchy dense freezing fog.  A thin layer of ice formed across elevated bridges and overpasses with numerous accidents and injuries reported on the Hwy. 71 Index bridge near Texarkana.  There was also one indirect fatality reported from an accident on the bridge.  There were two additional injuries reported in Howard County near Nashville when a driver failed to stop at a stop sign due to the low visibility.,NA,CSV
201312,18,200,201312,18,1000,81891,491826,CALIFORNIA,6,2013,December,Freezing Fog,Z,71,LASSEN/EASTERN PLUMAS/EASTERN SIERRA,06071,REV,18-DEC-13 02:00:00,PST-8,18-DEC-13 10:00:00,0,0,0,0,NA,0.00K,Law Enforcement,NA,NA,NA,NA,NA,NA,NA,NA,NA,NA,NA,NA,NA,NA,NA,NA,NA,NA,NA,NA,NA,Strong valley inversions trapped moisture in the lower elevations around the Honey Lake Basin and caused dense freezing fog on the morning of the 18th.,The California Highway Patrol indicated dense fog along highway 395 between Doyle and Susanville. The fog contributed to several accidents on highway 395.,CSV
201311,30,0,201311,30,1000,79935,479025,NEW MEXICO,35,2013,November,Freezing Fog,Z,501,NORTHWEST PLATEAU,35501,ABQ,30-NOV-13 00:00:00,MST-7,30-NOV-13 10:00:00,1,0,1,0,50.00K,0.00K,Broadcast Media,NA,NA,NA,NA,NA,NA,NA,NA,NA,NA,NA,NA,NA,NA,NA,NA,NA,NA,NA,NA,NA,"A strong ridge of high pressure and melting snow cover over the Four Corners region set the stage for a lengthy duration of low clouds and freezing fog.  The visibility dropped to one quarter of a mile in much of the area from Gallup north to Farmington and over surrounding areas of Arizona, Colorado, and Utah.  Two semi-trucks were involved in a fatal crash on Highway 550 south of Bloomfield.  Dense fog was believed to be a contributing factor in this fatal crash.",Two semi trucks collided on Highway 550 south of Bloomfield around 945 am resulting in one driver being killed and the other injured.,CSV
201310,25,2340,201310,26,800,80279,480812,VIRGINIA,51,2013,October,Freezing Fog,Z,39,MADISON,51039,LWX,25-OCT-13 23:40:00,EST-5,26-OCT-13 08:00:00,0,0,0,0,0.00K,0.00K,Mesonet,NA,NA,NA,NA,NA,NA,NA,NA,NA,NA,NA,NA,NA,NA,NA,NA,NA,NA,NA,NA,NA,High pressure was located across the Mid Atlantic and clear and calm conditions led to temperatures to fall below freezing.  This ended the growing season in many locations.,Temperatures of 32 degrees or less were reported at surrounding mesonets.,CSV
201311,29,300,201311,29,1000,80156,480066,WASHINGTON,53,2013,November,Freezing Fog,Z,36,SPOKANE AREA,53036,OTX,29-NOV-13 03:00:00,PST-8,29-NOV-13 10:00:00,0,0,0,0,NA,0.00K,Newspaper,NA,NA,NA,NA,NA,NA,NA,NA,NA,NA,NA,NA,NA,NA,NA,NA,NA,NA,NA,NA,NA,"Eastern Washington was under a transitioning weather pattern as high pressure was being broken down by an overrunning warm front.  Freezing fog formed under the presence of the high pressure ridge during the early morning hours.  This produced slick road surfaces for the morning commute.  The warm front moved through in the afternoon with a mixture of precipitation reported from light snow, freezing rain and sleet.  Although this weather system was weak, enough freezing precipitation was produced to result in a thin layer of ice on surfaces across the Spokane area into the overnight hours.",Freezing fog resulted in some icy conditions on Interstate 90 between Evergreen and Barker Road at around 0800PST.  The first accident was a pickup truck that had rolled over upside down.  The driver of the vehicle had to be cut out.  Four other vehicles slid on the same patch of ice during the morning hours.  None of the accidents resulted in serious injuries.,CSV
201311,27,600,201311,27,900,80155,480069,WASHINGTON,53,2013,November,Freezing Fog,Z,36,SPOKANE AREA,53036,OTX,27-NOV-13 06:00:00,PST-8,27-NOV-13 09:00:00,0,8,0,1,NA,0.00K,Newspaper,NA,NA,NA,NA,NA,NA,NA,NA,NA,NA,NA,NA,NA,NA,NA,NA,NA,NA,NA,NA,NA,Strong high pressure in place with a moist boundary layer produced prime conditions for radiation fog.  Temperatures dipped into the mid-twenties overnight into the early morning hours with dense fog reported.  The combination of thick fog and freezing temperatures likely resulted in some riming on area roadways.,Freezing fog resulted in icy conditions on an overpass along Interstate 90 in Medical Lake.  A pickup truck heading eastbound was driving too fast for the conditions and lost control.  The pickup truck proceeded to swerve into the opposite lane triggering a multiple vehicle collision.  One of the vehicles involved in the collision was a semi-truck that collided into two other vehicles; one of the vehicles struck by the semi-truck resulted in a fatality; eight other injuries were also reported with the accident.  The eastbound lanes of Interstate 90 were blocked just west of the Four Lakes exit for hours.,CSV
201401,15,700,201401,15,900,80737,494797,NEW JERSEY,34,2014,January,Freezing Fog,Z,21,CUMBERLAND,34021,PHI,15-JAN-14 07:00:00,EST-5,15-JAN-14 09:00:00,0,0,0,0,0.00K,0.00K,ASOS,NA,NA,NA,NA,NA,NA,NA,NA,NA,NA,NA,NA,NA,NA,NA,NA,NA,NA,NA,NA,NA,A high pressure system over New Jersey combined with moist conditions at the surface from the rain earlier in the day on the 14th to produce widespread dense fog and even some black ice in New Jersey from the middle of the evening on the 14th through the middle of the morning on the 15th. A weak cold front that passed through the state during the evening of the 15th prevented a second night of widespread dense fog from occurring. Black ice occurred in the Pine Barrens as well as in the northern part of the state southward into the Raritan Basin. Untreated roadways were hazardous.,NA,CSV
201401,15,300,201401,15,1100,80736,494812,PENNSYLVANIA,42,2014,January,Freezing Fog,Z,61,LEHIGH,42061,PHI,15-JAN-14 03:00:00,EST-5,15-JAN-14 11:00:00,0,0,0,0,0.00K,0.00K,ASOS,NA,NA,NA,NA,NA,NA,NA,NA,NA,NA,NA,NA,NA,NA,NA,NA,NA,NA,NA,NA,NA,"A high pressure system over Pennsylvania combined with moist conditions at the surface from the rain earlier in the day on the 14th to produce widespread dense fog and even some black ice from the middle of the evening on the 14th through the morning on the 15th. Dense fog persisted longer in Upper Bucks County and the Lehigh Valley, into the afternoon of the 15th  A weak cold front that passed through the area during the early evening of the 15th prevented a second night of widespread dense fog from occurring. Black ice occurred from the far northwest Philadelphia suburbs northwestward through Berks County, the Lehigh Valley and the Poconos. Untreated roadways were hazardous.",NA,CSV
201401,15,100,201401,15,1000,80736,494811,PENNSYLVANIA,42,2014,January,Freezing Fog,Z,60,BERKS,42060,PHI,15-JAN-14 01:00:00,EST-5,15-JAN-14 10:00:00,0,0,0,0,0.00K,0.00K,ASOS,NA,NA,NA,NA,NA,NA,NA,NA,NA,NA,NA,NA,NA,NA,NA,NA,NA,NA,NA,NA,NA,"A high pressure system over Pennsylvania combined with moist conditions at the surface from the rain earlier in the day on the 14th to produce widespread dense fog and even some black ice from the middle of the evening on the 14th through the morning on the 15th. Dense fog persisted longer in Upper Bucks County and the Lehigh Valley, into the afternoon of the 15th  A weak cold front that passed through the area during the early evening of the 15th prevented a second night of widespread dense fog from occurring. Black ice occurred from the far northwest Philadelphia suburbs northwestward through Berks County, the Lehigh Valley and the Poconos. Untreated roadways were hazardous.",NA,CSV
201401,15,300,201401,15,1100,80736,494813,PENNSYLVANIA,42,2014,January,Freezing Fog,Z,62,NORTHAMPTON,42062,PHI,15-JAN-14 03:00:00,EST-5,15-JAN-14 11:00:00,0,0,0,0,0.00K,0.00K,ASOS,NA,NA,NA,NA,NA,NA,NA,NA,NA,NA,NA,NA,NA,NA,NA,NA,NA,NA,NA,NA,NA,"A high pressure system over Pennsylvania combined with moist conditions at the surface from the rain earlier in the day on the 14th to produce widespread dense fog and even some black ice from the middle of the evening on the 14th through the morning on the 15th. Dense fog persisted longer in Upper Bucks County and the Lehigh Valley, into the afternoon of the 15th  A weak cold front that passed through the area during the early evening of the 15th prevented a second night of widespread dense fog from occurring. Black ice occurred from the far northwest Philadelphia suburbs northwestward through Berks County, the Lehigh Valley and the Poconos. Untreated roadways were hazardous.",NA,CSV
201401,15,200,201401,15,800,80736,494814,PENNSYLVANIA,42,2014,January,Freezing Fog,Z,55,MONROE,42055,PHI,15-JAN-14 02:00:00,EST-5,15-JAN-14 08:00:00,0,0,0,0,0.00K,0.00K,ASOS,NA,NA,NA,NA,NA,NA,NA,NA,NA,NA,NA,NA,NA,NA,NA,NA,NA,NA,NA,NA,NA,"A high pressure system over Pennsylvania combined with moist conditions at the surface from the rain earlier in the day on the 14th to produce widespread dense fog and even some black ice from the middle of the evening on the 14th through the morning on the 15th. Dense fog persisted longer in Upper Bucks County and the Lehigh Valley, into the afternoon of the 15th  A weak cold front that passed through the area during the early evening of the 15th prevented a second night of widespread dense fog from occurring. Black ice occurred from the far northwest Philadelphia suburbs northwestward through Berks County, the Lehigh Valley and the Poconos. Untreated roadways were hazardous.",NA,CSV
201401,15,100,201401,15,1000,80736,494817,PENNSYLVANIA,42,2014,January,Freezing Fog,Z,105,UPPER BUCKS,42105,PHI,15-JAN-14 01:00:00,EST-5,15-JAN-14 10:00:00,0,0,0,0,0.00K,0.00K,ASOS,NA,NA,NA,NA,NA,NA,NA,NA,NA,NA,NA,NA,NA,NA,NA,NA,NA,NA,NA,NA,NA,"A high pressure system over Pennsylvania combined with moist conditions at the surface from the rain earlier in the day on the 14th to produce widespread dense fog and even some black ice from the middle of the evening on the 14th through the morning on the 15th. Dense fog persisted longer in Upper Bucks County and the Lehigh Valley, into the afternoon of the 15th  A weak cold front that passed through the area during the early evening of the 15th prevented a second night of widespread dense fog from occurring. Black ice occurred from the far northwest Philadelphia suburbs northwestward through Berks County, the Lehigh Valley and the Poconos. Untreated roadways were hazardous.",NA,CSV
201401,15,200,201401,15,800,80736,494815,PENNSYLVANIA,42,2014,January,Freezing Fog,Z,54,CARBON,42054,PHI,15-JAN-14 02:00:00,EST-5,15-JAN-14 08:00:00,0,0,0,0,0.00K,0.00K,ASOS,NA,NA,NA,NA,NA,NA,NA,NA,NA,NA,NA,NA,NA,NA,NA,NA,NA,NA,NA,NA,NA,"A high pressure system over Pennsylvania combined with moist conditions at the surface from the rain earlier in the day on the 14th to produce widespread dense fog and even some black ice from the middle of the evening on the 14th through the morning on the 15th. Dense fog persisted longer in Upper Bucks County and the Lehigh Valley, into the afternoon of the 15th  A weak cold front that passed through the area during the early evening of the 15th prevented a second night of widespread dense fog from occurring. Black ice occurred from the far northwest Philadelphia suburbs northwestward through Berks County, the Lehigh Valley and the Poconos. Untreated roadways were hazardous.",NA,CSV
201401,15,100,201401,15,1000,80736,494818,PENNSYLVANIA,42,2014,January,Freezing Fog,Z,103,WESTERN MONTGOMERY,42103,PHI,15-JAN-14 01:00:00,EST-5,15-JAN-14 10:00:00,0,0,0,0,0.00K,0.00K,ASOS,NA,NA,NA,NA,NA,NA,NA,NA,NA,NA,NA,NA,NA,NA,NA,NA,NA,NA,NA,NA,NA,"A high pressure system over Pennsylvania combined with moist conditions at the surface from the rain earlier in the day on the 14th to produce widespread dense fog and even some black ice from the middle of the evening on the 14th through the morning on the 15th. Dense fog persisted longer in Upper Bucks County and the Lehigh Valley, into the afternoon of the 15th  A weak cold front that passed through the area during the early evening of the 15th prevented a second night of widespread dense fog from occurring. Black ice occurred from the far northwest Philadelphia suburbs northwestward through Berks County, the Lehigh Valley and the Poconos. Untreated roadways were hazardous.",NA,CSV
201401,15,100,201401,15,900,80736,494819,PENNSYLVANIA,42,2014,January,Freezing Fog,Z,101,WESTERN CHESTER,42101,PHI,15-JAN-14 01:00:00,EST-5,15-JAN-14 09:00:00,0,0,0,0,0.00K,0.00K,ASOS,NA,NA,NA,NA,NA,NA,NA,NA,NA,NA,NA,NA,NA,NA,NA,NA,NA,NA,NA,NA,NA,"A high pressure system over Pennsylvania combined with moist conditions at the surface from the rain earlier in the day on the 14th to produce widespread dense fog and even some black ice from the middle of the evening on the 14th through the morning on the 15th. Dense fog persisted longer in Upper Bucks County and the Lehigh Valley, into the afternoon of the 15th  A weak cold front that passed through the area during the early evening of the 15th prevented a second night of widespread dense fog from occurring. Black ice occurred from the far northwest Philadelphia suburbs northwestward through Berks County, the Lehigh Valley and the Poconos. Untreated roadways were hazardous.",NA,CSV
201401,15,300,201401,15,800,80737,494767,NEW JERSEY,34,2014,January,Freezing Fog,Z,1,SUSSEX,34001,PHI,15-JAN-14 03:00:00,EST-5,15-JAN-14 08:00:00,0,0,0,0,0.00K,0.00K,ASOS,NA,NA,NA,NA,NA,NA,NA,NA,NA,NA,NA,NA,NA,NA,NA,NA,NA,NA,NA,NA,NA,A high pressure system over New Jersey combined with moist conditions at the surface from the rain earlier in the day on the 14th to produce widespread dense fog and even some black ice in New Jersey from the middle of the evening on the 14th through the middle of the morning on the 15th. A weak cold front that passed through the state during the evening of the 15th prevented a second night of widespread dense fog from occurring. Black ice occurred in the Pine Barrens as well as in the northern part of the state southward into the Raritan Basin. Untreated roadways were hazardous.,NA,CSV
201401,15,200,201401,15,900,80737,494768,NEW JERSEY,34,2014,January,Freezing Fog,Z,7,WARREN,34007,PHI,15-JAN-14 02:00:00,EST-5,15-JAN-14 09:00:00,0,0,0,0,0.00K,0.00K,ASOS,NA,NA,NA,NA,NA,NA,NA,NA,NA,NA,NA,NA,NA,NA,NA,NA,NA,NA,NA,NA,NA,A high pressure system over New Jersey combined with moist conditions at the surface from the rain earlier in the day on the 14th to produce widespread dense fog and even some black ice in New Jersey from the middle of the evening on the 14th through the middle of the morning on the 15th. A weak cold front that passed through the state during the evening of the 15th prevented a second night of widespread dense fog from occurring. Black ice occurred in the Pine Barrens as well as in the northern part of the state southward into the Raritan Basin. Untreated roadways were hazardous.,NA,CSV
201401,15,200,201401,15,1000,80737,494769,NEW JERSEY,34,2014,January,Freezing Fog,Z,8,MORRIS,34008,PHI,15-JAN-14 02:00:00,EST-5,15-JAN-14 10:00:00,0,0,0,0,0.00K,0.00K,ASOS,NA,NA,NA,NA,NA,NA,NA,NA,NA,NA,NA,NA,NA,NA,NA,NA,NA,NA,NA,NA,NA,A high pressure system over New Jersey combined with moist conditions at the surface from the rain earlier in the day on the 14th to produce widespread dense fog and even some black ice in New Jersey from the middle of the evening on the 14th through the middle of the morning on the 15th. A weak cold front that passed through the state during the evening of the 15th prevented a second night of widespread dense fog from occurring. Black ice occurred in the Pine Barrens as well as in the northern part of the state southward into the Raritan Basin. Untreated roadways were hazardous.,NA,CSV
201401,15,0,201401,15,1000,80737,494770,NEW JERSEY,34,2014,January,Freezing Fog,Z,9,HUNTERDON,34009,PHI,15-JAN-14 00:00:00,EST-5,15-JAN-14 10:00:00,0,0,0,0,0.00K,0.00K,ASOS,NA,NA,NA,NA,NA,NA,NA,NA,NA,NA,NA,NA,NA,NA,NA,NA,NA,NA,NA,NA,NA,A high pressure system over New Jersey combined with moist conditions at the surface from the rain earlier in the day on the 14th to produce widespread dense fog and even some black ice in New Jersey from the middle of the evening on the 14th through the middle of the morning on the 15th. A weak cold front that passed through the state during the evening of the 15th prevented a second night of widespread dense fog from occurring. Black ice occurred in the Pine Barrens as well as in the northern part of the state southward into the Raritan Basin. Untreated roadways were hazardous.,NA,CSV
201401,15,0,201401,15,1000,80737,494771,NEW JERSEY,34,2014,January,Freezing Fog,Z,10,SOMERSET,34010,PHI,15-JAN-14 00:00:00,EST-5,15-JAN-14 10:00:00,0,0,0,0,0.00K,0.00K,ASOS,NA,NA,NA,NA,NA,NA,NA,NA,NA,NA,NA,NA,NA,NA,NA,NA,NA,NA,NA,NA,NA,A high pressure system over New Jersey combined with moist conditions at the surface from the rain earlier in the day on the 14th to produce widespread dense fog and even some black ice in New Jersey from the middle of the evening on the 14th through the middle of the morning on the 15th. A weak cold front that passed through the state during the evening of the 15th prevented a second night of widespread dense fog from occurring. Black ice occurred in the Pine Barrens as well as in the northern part of the state southward into the Raritan Basin. Untreated roadways were hazardous.,NA,CSV
201401,15,700,201401,15,900,80737,494772,NEW JERSEY,34,2014,January,Freezing Fog,Z,20,WESTERN OCEAN,34020,PHI,15-JAN-14 07:00:00,EST-5,15-JAN-14 09:00:00,0,0,0,0,0.00K,0.00K,ASOS,NA,NA,NA,NA,NA,NA,NA,NA,NA,NA,NA,NA,NA,NA,NA,NA,NA,NA,NA,NA,NA,A high pressure system over New Jersey combined with moist conditions at the surface from the rain earlier in the day on the 14th to produce widespread dense fog and even some black ice in New Jersey from the middle of the evening on the 14th through the middle of the morning on the 15th. A weak cold front that passed through the state during the evening of the 15th prevented a second night of widespread dense fog from occurring. Black ice occurred in the Pine Barrens as well as in the northern part of the state southward into the Raritan Basin. Untreated roadways were hazardous.,NA,CSV
201401,15,700,201401,15,900,80737,494773,NEW JERSEY,34,2014,January,Freezing Fog,Z,27,SOUTHEASTERN BURLINGTON,34027,PHI,15-JAN-14 07:00:00,EST-5,15-JAN-14 09:00:00,0,0,0,0,0.00K,0.00K,ASOS,NA,NA,NA,NA,NA,NA,NA,NA,NA,NA,NA,NA,NA,NA,NA,NA,NA,NA,NA,NA,NA,A high pressure system over New Jersey combined with moist conditions at the surface from the rain earlier in the day on the 14th to produce widespread dense fog and even some black ice in New Jersey from the middle of the evening on the 14th through the middle of the morning on the 15th. A weak cold front that passed through the state during the evening of the 15th prevented a second night of widespread dense fog from occurring. Black ice occurred in the Pine Barrens as well as in the northern part of the state southward into the Raritan Basin. Untreated roadways were hazardous.,NA,CSV
201401,15,2300,201401,22,2300,82069,493484,IDAHO,16,2014,January,Freezing Fog,Z,2,COEUR D'ALENE AREA,16002,OTX,15-JAN-14 23:00:00,PST-8,22-JAN-14 23:00:00,0,0,0,0,NA,0.00K,Utility Company,NA,NA,NA,NA,NA,NA,NA,NA,NA,NA,NA,NA,NA,NA,NA,NA,NA,NA,NA,NA,NA,This period was dominated by a strong upper level ridge of high pressure. Subsidence associated with this ridge trapped low level moisture with widespread fog developing across the area. Freezing temperatures and dense fog produced some rime on power lines leading to power outages across the area.,"Avista Utility lost a transmission line, a broken conductor and broken poles located between Reardan to the Washington state border due to ice buildup.",CSV
201401,15,2300,201401,22,2300,82066,493483,WASHINGTON,53,2014,January,Freezing Fog,Z,36,SPOKANE AREA,53036,OTX,15-JAN-14 23:00:00,PST-8,22-JAN-14 23:00:00,0,0,0,0,NA,0.00K,Utility Company,NA,NA,NA,NA,NA,NA,NA,NA,NA,NA,NA,NA,NA,NA,NA,NA,NA,NA,NA,NA,NA,This period was dominated by a strong upper level ridge of high pressure.  Subsidence associated with this ridge trapped low level moisture with widespread fog developing across the area.  Freezing temperatures and dense fog produced some rime on power lines leading to power outages across the area.,The Bonneville Power Administration reported issues of riming on their transmission lines running from the Mead area (Bell substation) out onto the west plains.  Avista Utility also reported riming on their transmission lines with power outages reported across the Spokane area.  This included a broken conductor and broken poles between the Four Mounds area to the Idaho state border.,CSV
201401,15,700,201401,15,900,80737,494774,NEW JERSEY,34,2014,January,Freezing Fog,Z,22,WESTERN ATLANTIC,34022,PHI,15-JAN-14 07:00:00,EST-5,15-JAN-14 09:00:00,0,0,0,0,0.00K,0.00K,ASOS,NA,NA,NA,NA,NA,NA,NA,NA,NA,NA,NA,NA,NA,NA,NA,NA,NA,NA,NA,NA,NA,A high pressure system over New Jersey combined with moist conditions at the surface from the rain earlier in the day on the 14th to produce widespread dense fog and even some black ice in New Jersey from the middle of the evening on the 14th through the middle of the morning on the 15th. A weak cold front that passed through the state during the evening of the 15th prevented a second night of widespread dense fog from occurring. Black ice occurred in the Pine Barrens as well as in the northern part of the state southward into the Raritan Basin. Untreated roadways were hazardous.,NA,CSV
201401,15,2300,201401,22,2300,82066,493482,WASHINGTON,53,2014,January,Freezing Fog,Z,35,UPPER COLUMBIA BASIN,53035,OTX,15-JAN-14 23:00:00,PST-8,22-JAN-14 23:00:00,0,0,0,0,NA,0.00K,Utility Company,NA,NA,NA,NA,NA,NA,NA,NA,NA,NA,NA,NA,NA,NA,NA,NA,NA,NA,NA,NA,NA,This period was dominated by a strong upper level ridge of high pressure.  Subsidence associated with this ridge trapped low level moisture with widespread fog developing across the area.  Freezing temperatures and dense fog produced some rime on power lines leading to power outages across the area.,The Bonneville Power Administration reported issues of riming on their transmission lines running across the northern portions of the Columbia Basin.,CSV
201412,20,335,201412,21,635,91453,548028,MINNESOTA,27,2014,December,Freezing Fog,Z,95,FILLMORE,27095,ARX,20-DEC-14 03:35:00,CST-6,21-DEC-14 06:35:00,0,1,0,1,5.00K,0.00K,Broadcast Media,NA,NA,NA,NA,NA,NA,NA,NA,NA,NA,NA,NA,NA,NA,NA,NA,NA,NA,NA,NA,NA,"A woman was killed in a December 20th traffic accident near Pilot Mound (Fillmore County) that occurred on icy roads. The icy roads developed from moisture that was deposited on the roads from fog with temperatures below freezing. According to police reports, the vehicle the woman was riding in went off the road because of the icy conditions and rolled into a ditch. The automated weather observing equipment at the Preston airport was reporting 3 miles visibility in fog with a temperature of 28 degrees at the time of the accident.",A woman was killed in a one car accident that occurred near Pilot Mound during the evening of December 20th. Icy conditions developed from moisture deposited on the roads from fog with temperatures below freezing. The vehicle the woman was riding in went off the road because of the icy conditions and rolled into a ditch.,CSV
201412,17,300,201412,17,1200,92185,552186,IDAHO,16,2014,December,Freezing Fog,Z,21,LOWER SNAKE RIVER PLAIN,16021,PIH,17-DEC-14 03:00:00,MST-7,17-DEC-14 12:00:00,1,0,1,0,0.00K,0.00K,Newspaper,NA,NA,NA,NA,NA,NA,NA,NA,NA,NA,NA,NA,NA,NA,NA,NA,NA,NA,NA,NA,NA,A 23 year old Washington man was killed in a one vehicle rollover on interstate 86 near milepost 56 and the Pocatello Regional Airport in Power County on December 17th at around 6:30 am.,A 23 year old Washington man was killed in a one vehicle rollover on interstate 86 near milepost 56 and the Pocatello Regional Airport in Power County on December 17th at around 6:30 am.  Some ice was reported to have formed in the dense freezing fog on the interstate along with very low visibility.,CSV
201402,8,230,201402,8,1000,83165,501725,TEXAS,48,2014,February,Freezing Fog,Z,19,DONLEY,48019,AMA,08-FEB-14 02:30:00,CST-6,08-FEB-14 10:00:00,0,0,0,0,0.00K,0.00K,Mesonet,NA,NA,NA,NA,NA,NA,NA,NA,NA,NA,NA,NA,NA,NA,NA,NA,NA,NA,NA,NA,NA,"The combination of light surface winds, clear skies, and sub-freezing temperatures led to the development of freezing fog across the eastern Texas Panhandle during the early morning hours of the 8th. Visibilities dropped below 3 miles at Pampa (Gray County), Wheeler (Wheeler County), Miami (Roberts County), and Canadian (Hemphill County). Visibilities dropped below a quarter of a mile at Clarendon (Donley County), Wellington (Collingsworth County), Perryton (Ochiltree County), and Lipscomb (Lipscomb County).",One quarter mile visibility with temperatures below freezing.,CSV
201402,8,230,201402,8,1000,83165,501726,TEXAS,48,2014,February,Freezing Fog,Z,4,OCHILTREE,48004,AMA,08-FEB-14 02:30:00,CST-6,08-FEB-14 10:00:00,0,0,0,0,0.00K,0.00K,Mesonet,NA,NA,NA,NA,NA,NA,NA,NA,NA,NA,NA,NA,NA,NA,NA,NA,NA,NA,NA,NA,NA,"The combination of light surface winds, clear skies, and sub-freezing temperatures led to the development of freezing fog across the eastern Texas Panhandle during the early morning hours of the 8th. Visibilities dropped below 3 miles at Pampa (Gray County), Wheeler (Wheeler County), Miami (Roberts County), and Canadian (Hemphill County). Visibilities dropped below a quarter of a mile at Clarendon (Donley County), Wellington (Collingsworth County), Perryton (Ochiltree County), and Lipscomb (Lipscomb County).",One quarter mile visibility with temperatures below freezing.,CSV
201402,8,230,201402,8,1000,83165,501727,TEXAS,48,2014,February,Freezing Fog,Z,5,LIPSCOMB,48005,AMA,08-FEB-14 02:30:00,CST-6,08-FEB-14 10:00:00,0,0,0,0,0.00K,0.00K,Mesonet,NA,NA,NA,NA,NA,NA,NA,NA,NA,NA,NA,NA,NA,NA,NA,NA,NA,NA,NA,NA,NA,"The combination of light surface winds, clear skies, and sub-freezing temperatures led to the development of freezing fog across the eastern Texas Panhandle during the early morning hours of the 8th. Visibilities dropped below 3 miles at Pampa (Gray County), Wheeler (Wheeler County), Miami (Roberts County), and Canadian (Hemphill County). Visibilities dropped below a quarter of a mile at Clarendon (Donley County), Wellington (Collingsworth County), Perryton (Ochiltree County), and Lipscomb (Lipscomb County).",One quarter mile visibility with temperatures below freezing.,CSV
201402,8,230,201402,8,1000,83165,501728,TEXAS,48,2014,February,Freezing Fog,Z,14,GRAY,48014,AMA,08-FEB-14 02:30:00,CST-6,08-FEB-14 10:00:00,0,0,0,0,0.00K,0.00K,Mesonet,NA,NA,NA,NA,NA,NA,NA,NA,NA,NA,NA,NA,NA,NA,NA,NA,NA,NA,NA,NA,NA,"The combination of light surface winds, clear skies, and sub-freezing temperatures led to the development of freezing fog across the eastern Texas Panhandle during the early morning hours of the 8th. Visibilities dropped below 3 miles at Pampa (Gray County), Wheeler (Wheeler County), Miami (Roberts County), and Canadian (Hemphill County). Visibilities dropped below a quarter of a mile at Clarendon (Donley County), Wellington (Collingsworth County), Perryton (Ochiltree County), and Lipscomb (Lipscomb County).",Less than three mile visibility with temperatures below freezing.,CSV
201402,8,230,201402,8,1000,83165,501729,TEXAS,48,2014,February,Freezing Fog,Z,15,WHEELER,48015,AMA,08-FEB-14 02:30:00,CST-6,08-FEB-14 10:00:00,0,0,0,0,0.00K,0.00K,Mesonet,NA,NA,NA,NA,NA,NA,NA,NA,NA,NA,NA,NA,NA,NA,NA,NA,NA,NA,NA,NA,NA,"The combination of light surface winds, clear skies, and sub-freezing temperatures led to the development of freezing fog across the eastern Texas Panhandle during the early morning hours of the 8th. Visibilities dropped below 3 miles at Pampa (Gray County), Wheeler (Wheeler County), Miami (Roberts County), and Canadian (Hemphill County). Visibilities dropped below a quarter of a mile at Clarendon (Donley County), Wellington (Collingsworth County), Perryton (Ochiltree County), and Lipscomb (Lipscomb County).",Less than three mile visibility with temperatures below freezing.,CSV
201402,8,230,201402,8,1000,83165,501730,TEXAS,48,2014,February,Freezing Fog,Z,9,ROBERTS,48009,AMA,08-FEB-14 02:30:00,CST-6,08-FEB-14 10:00:00,0,0,0,0,0.00K,0.00K,Mesonet,NA,NA,NA,NA,NA,NA,NA,NA,NA,NA,NA,NA,NA,NA,NA,NA,NA,NA,NA,NA,NA,"The combination of light surface winds, clear skies, and sub-freezing temperatures led to the development of freezing fog across the eastern Texas Panhandle during the early morning hours of the 8th. Visibilities dropped below 3 miles at Pampa (Gray County), Wheeler (Wheeler County), Miami (Roberts County), and Canadian (Hemphill County). Visibilities dropped below a quarter of a mile at Clarendon (Donley County), Wellington (Collingsworth County), Perryton (Ochiltree County), and Lipscomb (Lipscomb County).",Less than three mile visibility with temperatures below freezing.,CSV
201402,8,230,201402,8,1000,83165,501731,TEXAS,48,2014,February,Freezing Fog,Z,10,HEMPHILL,48010,AMA,08-FEB-14 02:30:00,CST-6,08-FEB-14 10:00:00,0,0,0,0,0.00K,0.00K,Mesonet,NA,NA,NA,NA,NA,NA,NA,NA,NA,NA,NA,NA,NA,NA,NA,NA,NA,NA,NA,NA,NA,"The combination of light surface winds, clear skies, and sub-freezing temperatures led to the development of freezing fog across the eastern Texas Panhandle during the early morning hours of the 8th. Visibilities dropped below 3 miles at Pampa (Gray County), Wheeler (Wheeler County), Miami (Roberts County), and Canadian (Hemphill County). Visibilities dropped below a quarter of a mile at Clarendon (Donley County), Wellington (Collingsworth County), Perryton (Ochiltree County), and Lipscomb (Lipscomb County).",Less than three mile visibility with temperatures below freezing.,CSV
201402,8,230,201402,8,900,83164,501732,OKLAHOMA,40,2014,February,Freezing Fog,Z,3,BEAVER,40003,AMA,08-FEB-14 02:30:00,CST-6,08-FEB-14 09:00:00,0,0,0,0,0.00K,0.00K,Mesonet,NA,NA,NA,NA,NA,NA,NA,NA,NA,NA,NA,NA,NA,NA,NA,NA,NA,NA,NA,NA,NA,"The combination of light surface winds, clear skies, and sub-freezing temperatures led to the development of freezing fog across the eastern Oklahoma Panhandle during the early morning hours of the 8th. Visibilities dropped below a quarter of a mile at Guymon (Texas County), and Beaver (Beaver County).",One quarter mile visibility while temperatures were below freezing.,CSV
201402,8,230,201402,8,900,83164,501733,OKLAHOMA,40,2014,February,Freezing Fog,Z,2,TEXAS,40002,AMA,08-FEB-14 02:30:00,CST-6,08-FEB-14 09:00:00,0,0,0,0,0.00K,0.00K,Mesonet,NA,NA,NA,NA,NA,NA,NA,NA,NA,NA,NA,NA,NA,NA,NA,NA,NA,NA,NA,NA,NA,"The combination of light surface winds, clear skies, and sub-freezing temperatures led to the development of freezing fog across the eastern Oklahoma Panhandle during the early morning hours of the 8th. Visibilities dropped below a quarter of a mile at Guymon (Texas County), and Beaver (Beaver County).",One quarter mile visibility while temperatures were below freezing.,CSV
201402,8,230,201402,8,1000,83165,501724,TEXAS,48,2014,February,Freezing Fog,Z,20,COLLINGSWORTH,48020,AMA,08-FEB-14 02:30:00,CST-6,08-FEB-14 10:00:00,0,0,0,0,0.00K,0.00K,Mesonet,NA,NA,NA,NA,NA,NA,NA,NA,NA,NA,NA,NA,NA,NA,NA,NA,NA,NA,NA,NA,NA,"The combination of light surface winds, clear skies, and sub-freezing temperatures led to the development of freezing fog across the eastern Texas Panhandle during the early morning hours of the 8th. Visibilities dropped below 3 miles at Pampa (Gray County), Wheeler (Wheeler County), Miami (Roberts County), and Canadian (Hemphill County). Visibilities dropped below a quarter of a mile at Clarendon (Donley County), Wellington (Collingsworth County), Perryton (Ochiltree County), and Lipscomb (Lipscomb County).",One quarter mile visibility with temperatures below freezing.,CSV
201402,8,2300,201402,9,1600,83216,502053,OKLAHOMA,40,2014,February,Freezing Fog,Z,3,BEAVER,40003,AMA,08-FEB-14 23:00:00,CST-6,09-FEB-14 16:00:00,0,0,0,0,0.00K,0.00K,Mesonet,NA,NA,NA,NA,NA,NA,NA,NA,NA,NA,NA,NA,NA,NA,NA,NA,NA,NA,NA,NA,NA,Freezing fog developed on the warm side of a stalled frontal boundary across western Oklahoma and southwestern Kansas during the late night hours of the 8th. As the stalled front began retreating westward during the early evening hours the freezing fog followed and spread across the Oklahoma Panhandle. Visibilities dropped to less than a quarter mile with temperatures in the 20s.The freezing fog dissipated during the early evening hours of the 9th as low level mixing increased.,Quarter mile visibility with freezing temperatures at Beaver.,CSV
201402,8,2300,201402,9,1600,83216,502054,OKLAHOMA,40,2014,February,Freezing Fog,Z,1,CIMARRON,40001,AMA,08-FEB-14 23:00:00,CST-6,09-FEB-14 16:00:00,0,0,0,0,0.00K,0.00K,Mesonet,NA,NA,NA,NA,NA,NA,NA,NA,NA,NA,NA,NA,NA,NA,NA,NA,NA,NA,NA,NA,NA,Freezing fog developed on the warm side of a stalled frontal boundary across western Oklahoma and southwestern Kansas during the late night hours of the 8th. As the stalled front began retreating westward during the early evening hours the freezing fog followed and spread across the Oklahoma Panhandle. Visibilities dropped to less than a quarter mile with temperatures in the 20s.The freezing fog dissipated during the early evening hours of the 9th as low level mixing increased.,Quarter mile visibility with freezing temperatures at Kenton.,CSV
201402,8,2300,201402,9,1600,83216,502055,OKLAHOMA,40,2014,February,Freezing Fog,Z,2,TEXAS,40002,AMA,08-FEB-14 23:00:00,CST-6,09-FEB-14 16:00:00,0,0,0,0,0.00K,0.00K,ASOS,NA,NA,NA,NA,NA,NA,NA,NA,NA,NA,NA,NA,NA,NA,NA,NA,NA,NA,NA,NA,NA,Freezing fog developed on the warm side of a stalled frontal boundary across western Oklahoma and southwestern Kansas during the late night hours of the 8th. As the stalled front began retreating westward during the early evening hours the freezing fog followed and spread across the Oklahoma Panhandle. Visibilities dropped to less than a quarter mile with temperatures in the 20s.The freezing fog dissipated during the early evening hours of the 9th as low level mixing increased.,Quarter mile visibility with freezing temperatures at Guymon.,CSV
201402,8,2300,201402,9,1400,83217,502056,TEXAS,48,2014,February,Freezing Fog,Z,4,OCHILTREE,48004,AMA,08-FEB-14 23:00:00,CST-6,09-FEB-14 14:00:00,0,0,0,0,0.00K,0.00K,AWOS,NA,NA,NA,NA,NA,NA,NA,NA,NA,NA,NA,NA,NA,NA,NA,NA,NA,NA,NA,NA,NA,Freezing fog developed on the warm side of a stalled frontal boundary across western Oklahoma and southwestern Kansas during the late night hours of the 8th. As the stalled front began retreating westward during the early evening hours the freezing fog followed and spread across the Texas Panhandle. Visibilities dropped to less than a quarter mile with temperatures in the 20s.The freezing fog dissipated during the early evening hours of the 9th as low level mixing increased.,Quarter mile visibility with sub-freezing temperatures at Perryton.,CSV
201402,8,2300,201402,9,1400,83217,502057,TEXAS,48,2014,February,Freezing Fog,Z,5,LIPSCOMB,48005,AMA,08-FEB-14 23:00:00,CST-6,09-FEB-14 14:00:00,0,0,0,0,0.00K,0.00K,Mesonet,NA,NA,NA,NA,NA,NA,NA,NA,NA,NA,NA,NA,NA,NA,NA,NA,NA,NA,NA,NA,NA,Freezing fog developed on the warm side of a stalled frontal boundary across western Oklahoma and southwestern Kansas during the late night hours of the 8th. As the stalled front began retreating westward during the early evening hours the freezing fog followed and spread across the Texas Panhandle. Visibilities dropped to less than a quarter mile with temperatures in the 20s.The freezing fog dissipated during the early evening hours of the 9th as low level mixing increased.,Quarter mile visibility with sub-freezing temperatures at Lipscomb.,CSV
201402,8,2300,201402,9,1400,83217,502058,TEXAS,48,2014,February,Freezing Fog,Z,9,ROBERTS,48009,AMA,08-FEB-14 23:00:00,CST-6,09-FEB-14 14:00:00,0,0,0,0,0.00K,0.00K,Mesonet,NA,NA,NA,NA,NA,NA,NA,NA,NA,NA,NA,NA,NA,NA,NA,NA,NA,NA,NA,NA,NA,Freezing fog developed on the warm side of a stalled frontal boundary across western Oklahoma and southwestern Kansas during the late night hours of the 8th. As the stalled front began retreating westward during the early evening hours the freezing fog followed and spread across the Texas Panhandle. Visibilities dropped to less than a quarter mile with temperatures in the 20s.The freezing fog dissipated during the early evening hours of the 9th as low level mixing increased.,Quarter mile visibility with sub-freezing temperatures at Miami.,CSV
201402,8,2300,201402,9,1400,83217,502059,TEXAS,48,2014,February,Freezing Fog,Z,10,HEMPHILL,48010,AMA,08-FEB-14 23:00:00,CST-6,09-FEB-14 14:00:00,0,0,0,0,0.00K,0.00K,AWOS,NA,NA,NA,NA,NA,NA,NA,NA,NA,NA,NA,NA,NA,NA,NA,NA,NA,NA,NA,NA,NA,Freezing fog developed on the warm side of a stalled frontal boundary across western Oklahoma and southwestern Kansas during the late night hours of the 8th. As the stalled front began retreating westward during the early evening hours the freezing fog followed and spread across the Texas Panhandle. Visibilities dropped to less than a quarter mile with temperatures in the 20s.The freezing fog dissipated during the early evening hours of the 9th as low level mixing increased.,Quarter mile visibility with sub-freezing temperatures at Canadian.,CSV
201402,8,2300,201402,9,1400,83217,502060,TEXAS,48,2014,February,Freezing Fog,Z,14,GRAY,48014,AMA,08-FEB-14 23:00:00,CST-6,09-FEB-14 14:00:00,0,0,0,0,0.00K,0.00K,AWOS,NA,NA,NA,NA,NA,NA,NA,NA,NA,NA,NA,NA,NA,NA,NA,NA,NA,NA,NA,NA,NA,Freezing fog developed on the warm side of a stalled frontal boundary across western Oklahoma and southwestern Kansas during the late night hours of the 8th. As the stalled front began retreating westward during the early evening hours the freezing fog followed and spread across the Texas Panhandle. Visibilities dropped to less than a quarter mile with temperatures in the 20s.The freezing fog dissipated during the early evening hours of the 9th as low level mixing increased.,Quarter mile visibility with sub-freezing temperatures at Pampa.,CSV
201402,8,2300,201402,9,1400,83217,502061,TEXAS,48,2014,February,Freezing Fog,Z,15,WHEELER,48015,AMA,08-FEB-14 23:00:00,CST-6,09-FEB-14 14:00:00,0,0,0,0,0.00K,0.00K,Mesonet,NA,NA,NA,NA,NA,NA,NA,NA,NA,NA,NA,NA,NA,NA,NA,NA,NA,NA,NA,NA,NA,Freezing fog developed on the warm side of a stalled frontal boundary across western Oklahoma and southwestern Kansas during the late night hours of the 8th. As the stalled front began retreating westward during the early evening hours the freezing fog followed and spread across the Texas Panhandle. Visibilities dropped to less than a quarter mile with temperatures in the 20s.The freezing fog dissipated during the early evening hours of the 9th as low level mixing increased.,Quarter mile visibility with sub-freezing temperatures at Shamrock.,CSV
201402,8,2300,201402,9,1400,83217,502062,TEXAS,48,2014,February,Freezing Fog,Z,19,DONLEY,48019,AMA,08-FEB-14 23:00:00,CST-6,09-FEB-14 14:00:00,0,0,0,0,0.00K,0.00K,Mesonet,NA,NA,NA,NA,NA,NA,NA,NA,NA,NA,NA,NA,NA,NA,NA,NA,NA,NA,NA,NA,NA,Freezing fog developed on the warm side of a stalled frontal boundary across western Oklahoma and southwestern Kansas during the late night hours of the 8th. As the stalled front began retreating westward during the early evening hours the freezing fog followed and spread across the Texas Panhandle. Visibilities dropped to less than a quarter mile with temperatures in the 20s.The freezing fog dissipated during the early evening hours of the 9th as low level mixing increased.,Quarter mile visibility with sub-freezing temperatures at Clarendon.,CSV
201402,8,2300,201402,9,1400,83217,502063,TEXAS,48,2014,February,Freezing Fog,Z,20,COLLINGSWORTH,48020,AMA,08-FEB-14 23:00:00,CST-6,09-FEB-14 14:00:00,0,0,0,0,0.00K,0.00K,Mesonet,NA,NA,NA,NA,NA,NA,NA,NA,NA,NA,NA,NA,NA,NA,NA,NA,NA,NA,NA,NA,NA,Freezing fog developed on the warm side of a stalled frontal boundary across western Oklahoma and southwestern Kansas during the late night hours of the 8th. As the stalled front began retreating westward during the early evening hours the freezing fog followed and spread across the Texas Panhandle. Visibilities dropped to less than a quarter mile with temperatures in the 20s.The freezing fog dissipated during the early evening hours of the 9th as low level mixing increased.,Quarter mile visibility with sub-freezing temperatures at Wellington.,CSV
201402,8,2300,201402,9,1400,83217,502064,TEXAS,48,2014,February,Freezing Fog,Z,3,HANSFORD,48003,AMA,08-FEB-14 23:00:00,CST-6,09-FEB-14 14:00:00,0,0,0,0,0.00K,0.00K,Mesonet,NA,NA,NA,NA,NA,NA,NA,NA,NA,NA,NA,NA,NA,NA,NA,NA,NA,NA,NA,NA,NA,Freezing fog developed on the warm side of a stalled frontal boundary across western Oklahoma and southwestern Kansas during the late night hours of the 8th. As the stalled front began retreating westward during the early evening hours the freezing fog followed and spread across the Texas Panhandle. Visibilities dropped to less than a quarter mile with temperatures in the 20s.The freezing fog dissipated during the early evening hours of the 9th as low level mixing increased.,Quarter mile visibility with sub-freezing temperatures at Spearman.,CSV
201402,8,2300,201402,9,1400,83217,502065,TEXAS,48,2014,February,Freezing Fog,Z,1,DALLAM,48001,AMA,08-FEB-14 23:00:00,CST-6,09-FEB-14 14:00:00,0,0,0,0,0.00K,0.00K,ASOS,NA,NA,NA,NA,NA,NA,NA,NA,NA,NA,NA,NA,NA,NA,NA,NA,NA,NA,NA,NA,NA,Freezing fog developed on the warm side of a stalled frontal boundary across western Oklahoma and southwestern Kansas during the late night hours of the 8th. As the stalled front began retreating westward during the early evening hours the freezing fog followed and spread across the Texas Panhandle. Visibilities dropped to less than a quarter mile with temperatures in the 20s.The freezing fog dissipated during the early evening hours of the 9th as low level mixing increased.,Quarter mile visibility with sub-freezing temperatures at Dalhart.,CSV
201402,8,2300,201402,9,1400,83217,502066,TEXAS,48,2014,February,Freezing Fog,Z,6,HARTLEY,48006,AMA,08-FEB-14 23:00:00,CST-6,09-FEB-14 14:00:00,0,0,0,0,0.00K,0.00K,ASOS,NA,NA,NA,NA,NA,NA,NA,NA,NA,NA,NA,NA,NA,NA,NA,NA,NA,NA,NA,NA,NA,Freezing fog developed on the warm side of a stalled frontal boundary across western Oklahoma and southwestern Kansas during the late night hours of the 8th. As the stalled front began retreating westward during the early evening hours the freezing fog followed and spread across the Texas Panhandle. Visibilities dropped to less than a quarter mile with temperatures in the 20s.The freezing fog dissipated during the early evening hours of the 9th as low level mixing increased.,Quarter mile visibility with sub-freezing temperatures at Dalhart.,CSV
201402,8,2300,201402,9,1400,83217,502067,TEXAS,48,2014,February,Freezing Fog,Z,2,SHERMAN,48002,AMA,08-FEB-14 23:00:00,CST-6,09-FEB-14 14:00:00,0,0,0,0,0.00K,0.00K,Mesonet,NA,NA,NA,NA,NA,NA,NA,NA,NA,NA,NA,NA,NA,NA,NA,NA,NA,NA,NA,NA,NA,Freezing fog developed on the warm side of a stalled frontal boundary across western Oklahoma and southwestern Kansas during the late night hours of the 8th. As the stalled front began retreating westward during the early evening hours the freezing fog followed and spread across the Texas Panhandle. Visibilities dropped to less than a quarter mile with temperatures in the 20s.The freezing fog dissipated during the early evening hours of the 9th as low level mixing increased.,Quarter mile visibility with sub-freezing temperatures at Stratford.,CSV
201402,8,2300,201402,9,1400,83217,502068,TEXAS,48,2014,February,Freezing Fog,Z,7,MOORE,48007,AMA,08-FEB-14 23:00:00,CST-6,09-FEB-14 14:00:00,0,0,0,0,0.00K,0.00K,AWOS,NA,NA,NA,NA,NA,NA,NA,NA,NA,NA,NA,NA,NA,NA,NA,NA,NA,NA,NA,NA,NA,Freezing fog developed on the warm side of a stalled frontal boundary across western Oklahoma and southwestern Kansas during the late night hours of the 8th. As the stalled front began retreating westward during the early evening hours the freezing fog followed and spread across the Texas Panhandle. Visibilities dropped to less than a quarter mile with temperatures in the 20s.The freezing fog dissipated during the early evening hours of the 9th as low level mixing increased.,Quarter mile visibility with sub-freezing temperatures at Dumas.,CSV
201402,8,2300,201402,9,1400,83217,502069,TEXAS,48,2014,February,Freezing Fog,Z,8,HUTCHINSON,48008,AMA,08-FEB-14 23:00:00,CST-6,09-FEB-14 14:00:00,0,0,0,0,0.00K,0.00K,ASOS,NA,NA,NA,NA,NA,NA,NA,NA,NA,NA,NA,NA,NA,NA,NA,NA,NA,NA,NA,NA,NA,Freezing fog developed on the warm side of a stalled frontal boundary across western Oklahoma and southwestern Kansas during the late night hours of the 8th. As the stalled front began retreating westward during the early evening hours the freezing fog followed and spread across the Texas Panhandle. Visibilities dropped to less than a quarter mile with temperatures in the 20s.The freezing fog dissipated during the early evening hours of the 9th as low level mixing increased.,Quarter mile visibility with sub-freezing temperatures at Borger.,CSV
201402,8,2300,201402,9,1400,83217,502070,TEXAS,48,2014,February,Freezing Fog,Z,12,POTTER,48012,AMA,08-FEB-14 23:00:00,CST-6,09-FEB-14 14:00:00,0,0,0,0,0.00K,0.00K,ASOS,NA,NA,NA,NA,NA,NA,NA,NA,NA,NA,NA,NA,NA,NA,NA,NA,NA,NA,NA,NA,NA,Freezing fog developed on the warm side of a stalled frontal boundary across western Oklahoma and southwestern Kansas during the late night hours of the 8th. As the stalled front began retreating westward during the early evening hours the freezing fog followed and spread across the Texas Panhandle. Visibilities dropped to less than a quarter mile with temperatures in the 20s.The freezing fog dissipated during the early evening hours of the 9th as low level mixing increased.,Quarter mile visibility with sub-freezing temperatures at Amarillo.,CSV
201402,8,2300,201402,9,1400,83217,502071,TEXAS,48,2014,February,Freezing Fog,Z,17,RANDALL,48017,AMA,08-FEB-14 23:00:00,CST-6,09-FEB-14 14:00:00,0,0,0,0,0.00K,0.00K,ASOS,NA,NA,NA,NA,NA,NA,NA,NA,NA,NA,NA,NA,NA,NA,NA,NA,NA,NA,NA,NA,NA,Freezing fog developed on the warm side of a stalled frontal boundary across western Oklahoma and southwestern Kansas during the late night hours of the 8th. As the stalled front began retreating westward during the early evening hours the freezing fog followed and spread across the Texas Panhandle. Visibilities dropped to less than a quarter mile with temperatures in the 20s.The freezing fog dissipated during the early evening hours of the 9th as low level mixing increased.,Quarter mile visibility with sub-freezing temperatures at Amarillo.,CSV
201402,8,2300,201402,9,1400,83217,502072,TEXAS,48,2014,February,Freezing Fog,Z,13,CARSON,48013,AMA,08-FEB-14 23:00:00,CST-6,09-FEB-14 14:00:00,0,0,0,0,0.00K,0.00K,Mesonet,NA,NA,NA,NA,NA,NA,NA,NA,NA,NA,NA,NA,NA,NA,NA,NA,NA,NA,NA,NA,NA,Freezing fog developed on the warm side of a stalled frontal boundary across western Oklahoma and southwestern Kansas during the late night hours of the 8th. As the stalled front began retreating westward during the early evening hours the freezing fog followed and spread across the Texas Panhandle. Visibilities dropped to less than a quarter mile with temperatures in the 20s.The freezing fog dissipated during the early evening hours of the 9th as low level mixing increased.,Quarter mile visibility with sub-freezing temperatures at Panhandle.,CSV
201402,8,2300,201402,9,1400,83217,502073,TEXAS,48,2014,February,Freezing Fog,Z,18,ARMSTRONG,48018,AMA,08-FEB-14 23:00:00,CST-6,09-FEB-14 14:00:00,0,0,0,0,0.00K,0.00K,Mesonet,NA,NA,NA,NA,NA,NA,NA,NA,NA,NA,NA,NA,NA,NA,NA,NA,NA,NA,NA,NA,NA,Freezing fog developed on the warm side of a stalled frontal boundary across western Oklahoma and southwestern Kansas during the late night hours of the 8th. As the stalled front began retreating westward during the early evening hours the freezing fog followed and spread across the Texas Panhandle. Visibilities dropped to less than a quarter mile with temperatures in the 20s.The freezing fog dissipated during the early evening hours of the 9th as low level mixing increased.,Quarter mile visibility with sub-freezing temperatures at Claude.,CSV
201401,10,1645,201401,11,0,82551,497122,ILLINOIS,17,2014,January,Freezing Fog,Z,1,JO DAVIESS,17001,DVN,10-JAN-14 16:45:00,CST-6,11-JAN-14 00:00:00,0,0,0,0,0.00K,0.00K,Law Enforcement,NA,NA,NA,NA,NA,NA,NA,NA,NA,NA,NA,NA,NA,NA,NA,NA,NA,NA,NA,NA,NA,"Abundant low level moisture and weak winds ahead of a weak storm system lifting northeastward out of Missouri produced widespread fog and drizzle across northwest Illinois. North of U.S. Highway 30, snow-covered roads and pavement temperatures below freezing allowed the moisture that collected on the roadways to freeze, bringing dangerous travel conditions to the region. Temperatures rose above freezing after midnight and precipitation came to an end, bringing an end to freezing rain and drizzle.","Light freezing drizzle and freezing rain coated sidewalks and roads with a glaze of ice, leading to slippery driving conditions and also to accidents and cars sliding into ditches.",CSV
201401,10,1645,201401,11,0,82551,497123,ILLINOIS,17,2014,January,Freezing Fog,Z,2,STEPHENSON,17002,DVN,10-JAN-14 16:45:00,CST-6,11-JAN-14 00:00:00,0,0,0,0,0.00K,0.00K,Trained Spotter,NA,NA,NA,NA,NA,NA,NA,NA,NA,NA,NA,NA,NA,NA,NA,NA,NA,NA,NA,NA,NA,"Abundant low level moisture and weak winds ahead of a weak storm system lifting northeastward out of Missouri produced widespread fog and drizzle across northwest Illinois. North of U.S. Highway 30, snow-covered roads and pavement temperatures below freezing allowed the moisture that collected on the roadways to freeze, bringing dangerous travel conditions to the region. Temperatures rose above freezing after midnight and precipitation came to an end, bringing an end to freezing rain and drizzle.","A trained spotter reported extreme ice on all roads, including difficulty driving uphill.  The ice affected both gravel and blacktop roads.",CSV
201401,10,1800,201401,11,0,82551,497125,ILLINOIS,17,2014,January,Freezing Fog,Z,7,CARROLL,17007,DVN,10-JAN-14 18:00:00,CST-6,11-JAN-14 00:00:00,0,0,0,0,0.00K,0.00K,Law Enforcement,NA,NA,NA,NA,NA,NA,NA,NA,NA,NA,NA,NA,NA,NA,NA,NA,NA,NA,NA,NA,NA,"Abundant low level moisture and weak winds ahead of a weak storm system lifting northeastward out of Missouri produced widespread fog and drizzle across northwest Illinois. North of U.S. Highway 30, snow-covered roads and pavement temperatures below freezing allowed the moisture that collected on the roadways to freeze, bringing dangerous travel conditions to the region. Temperatures rose above freezing after midnight and precipitation came to an end, bringing an end to freezing rain and drizzle.",The Illinois State Police reported that there were several road closures over northern Illinois with many accidents and vehicles in ditches.,CSV
201401,10,1800,201401,11,0,82551,497126,ILLINOIS,17,2014,January,Freezing Fog,Z,9,WHITESIDE,17009,DVN,10-JAN-14 18:00:00,CST-6,11-JAN-14 00:00:00,0,0,0,0,0.00K,0.00K,Law Enforcement,NA,NA,NA,NA,NA,NA,NA,NA,NA,NA,NA,NA,NA,NA,NA,NA,NA,NA,NA,NA,NA,"Abundant low level moisture and weak winds ahead of a weak storm system lifting northeastward out of Missouri produced widespread fog and drizzle across northwest Illinois. North of U.S. Highway 30, snow-covered roads and pavement temperatures below freezing allowed the moisture that collected on the roadways to freeze, bringing dangerous travel conditions to the region. Temperatures rose above freezing after midnight and precipitation came to an end, bringing an end to freezing rain and drizzle.",The Illinois State Police reported that there were several road closures over northern Illinois with many accidents and vehicles in ditches.,CSV
201401,10,1500,201401,11,0,82548,497099,IOWA,19,2014,January,Freezing Fog,Z,51,BENTON,19051,DVN,10-JAN-14 15:00:00,CST-6,11-JAN-14 00:00:00,0,0,0,0,0.00K,0.00K,Broadcast Media,NA,NA,NA,NA,NA,NA,NA,NA,NA,NA,NA,NA,NA,NA,NA,NA,NA,NA,NA,NA,NA,"Abundant low level moisture and weak winds ahead of a weak storm system lifting northeastward out of Missouri produced widespread fog and drizzle across eastern Iowa. North of  U.S. Highway 30, snow-covered roads and pavement temperatures below freezing allowed for moisture that collected on the roadways to freeze, bringing dangerous travel conditions to the region. Temperatures rose above freezing after midnight and precipitation came to an end, bringing an end to freezing rain and drizzle.",KWWL in Waterloo reported that 32nd Avenue north of Highway 30 in Benton County was ice covered and closed for several hours due to accidents.,CSV
201401,10,1500,201401,11,0,82548,497103,IOWA,19,2014,January,Freezing Fog,Z,41,DELAWARE,19041,DVN,10-JAN-14 15:00:00,CST-6,11-JAN-14 00:00:00,0,0,0,0,0.00K,0.00K,Law Enforcement,NA,NA,NA,NA,NA,NA,NA,NA,NA,NA,NA,NA,NA,NA,NA,NA,NA,NA,NA,NA,NA,"Abundant low level moisture and weak winds ahead of a weak storm system lifting northeastward out of Missouri produced widespread fog and drizzle across eastern Iowa. North of  U.S. Highway 30, snow-covered roads and pavement temperatures below freezing allowed for moisture that collected on the roadways to freeze, bringing dangerous travel conditions to the region. Temperatures rose above freezing after midnight and precipitation came to an end, bringing an end to freezing rain and drizzle.","Light freezing drizzle and freezing rain coated sidewalks and roads with a glaze of ice, leading to slippery driving conditions and to accidents and cars sliding into ditches.",CSV
201401,10,1500,201401,11,0,82548,497101,IOWA,19,2014,January,Freezing Fog,Z,40,BUCHANAN,19040,DVN,10-JAN-14 15:00:00,CST-6,11-JAN-14 00:00:00,0,0,0,0,0.00K,0.00K,Law Enforcement,NA,NA,NA,NA,NA,NA,NA,NA,NA,NA,NA,NA,NA,NA,NA,NA,NA,NA,NA,NA,NA,"Abundant low level moisture and weak winds ahead of a weak storm system lifting northeastward out of Missouri produced widespread fog and drizzle across eastern Iowa. North of  U.S. Highway 30, snow-covered roads and pavement temperatures below freezing allowed for moisture that collected on the roadways to freeze, bringing dangerous travel conditions to the region. Temperatures rose above freezing after midnight and precipitation came to an end, bringing an end to freezing rain and drizzle.","Light freezing drizzle and freezing rain coated sidewalks and roads with a glaze of ice, leading to slippery driving conditions, and also to accidents and cars sliding into ditches.",CSV
201401,10,1500,201401,11,0,82548,497105,IOWA,19,2014,January,Freezing Fog,Z,42,DUBUQUE,19042,DVN,10-JAN-14 15:00:00,CST-6,11-JAN-14 00:00:00,0,0,0,0,0.00K,0.00K,Law Enforcement,NA,NA,NA,NA,NA,NA,NA,NA,NA,NA,NA,NA,NA,NA,NA,NA,NA,NA,NA,NA,NA,"Abundant low level moisture and weak winds ahead of a weak storm system lifting northeastward out of Missouri produced widespread fog and drizzle across eastern Iowa. North of  U.S. Highway 30, snow-covered roads and pavement temperatures below freezing allowed for moisture that collected on the roadways to freeze, bringing dangerous travel conditions to the region. Temperatures rose above freezing after midnight and precipitation came to an end, bringing an end to freezing rain and drizzle.","Light freezing drizzle and freezing rain coated sidewalks and roads with a glaze of ice, leading to slippery driving conditions and to accidents and cars sliding into ditches.",CSV
201401,10,1500,201401,11,0,82548,497106,IOWA,19,2014,January,Freezing Fog,Z,54,JACKSON,19054,DVN,10-JAN-14 15:00:00,CST-6,11-JAN-14 00:00:00,0,0,0,0,0.00K,0.00K,Department of Highways,NA,NA,NA,NA,NA,NA,NA,NA,NA,NA,NA,NA,NA,NA,NA,NA,NA,NA,NA,NA,NA,"Abundant low level moisture and weak winds ahead of a weak storm system lifting northeastward out of Missouri produced widespread fog and drizzle across eastern Iowa. North of  U.S. Highway 30, snow-covered roads and pavement temperatures below freezing allowed for moisture that collected on the roadways to freeze, bringing dangerous travel conditions to the region. Temperatures rose above freezing after midnight and precipitation came to an end, bringing an end to freezing rain and drizzle.",Highway 61 was completely covered with ice in both directions and Highway 62 was completely ice covered between Bellevue and Maquoketa.,CSV
201401,10,1500,201401,11,0,82548,497117,IOWA,19,2014,January,Freezing Fog,Z,52,LINN,19052,DVN,10-JAN-14 15:00:00,CST-6,11-JAN-14 00:00:00,0,0,0,0,0.00K,0.00K,Department of Highways,NA,NA,NA,NA,NA,NA,NA,NA,NA,NA,NA,NA,NA,NA,NA,NA,NA,NA,NA,NA,NA,"Abundant low level moisture and weak winds ahead of a weak storm system lifting northeastward out of Missouri produced widespread fog and drizzle across eastern Iowa. North of  U.S. Highway 30, snow-covered roads and pavement temperatures below freezing allowed for moisture that collected on the roadways to freeze, bringing dangerous travel conditions to the region. Temperatures rose above freezing after midnight and precipitation came to an end, bringing an end to freezing rain and drizzle.",Iowa State Highway 1 was completely covered with ice from Mount Vernon to Martelle. Travel was not advised.,CSV
201401,10,1500,201401,11,0,82548,497110,IOWA,19,2014,January,Freezing Fog,Z,53,JONES,19053,DVN,10-JAN-14 15:00:00,CST-6,11-JAN-14 00:00:00,0,0,0,0,0.00K,0.00K,Department of Highways,NA,NA,NA,NA,NA,NA,NA,NA,NA,NA,NA,NA,NA,NA,NA,NA,NA,NA,NA,NA,NA,"Abundant low level moisture and weak winds ahead of a weak storm system lifting northeastward out of Missouri produced widespread fog and drizzle across eastern Iowa. North of  U.S. Highway 30, snow-covered roads and pavement temperatures below freezing allowed for moisture that collected on the roadways to freeze, bringing dangerous travel conditions to the region. Temperatures rose above freezing after midnight and precipitation came to an end, bringing an end to freezing rain and drizzle.",U.S. Highway 151 between Cascade and Anamosa was covered with ice in both directions and travel was not advised.,CSV
201401,10,1800,201401,11,0,82548,497118,IOWA,19,2014,January,Freezing Fog,Z,66,CLINTON,19066,DVN,10-JAN-14 18:00:00,CST-6,11-JAN-14 00:00:00,0,0,0,0,0.00K,0.00K,Law Enforcement,NA,NA,NA,NA,NA,NA,NA,NA,NA,NA,NA,NA,NA,NA,NA,NA,NA,NA,NA,NA,NA,"Abundant low level moisture and weak winds ahead of a weak storm system lifting northeastward out of Missouri produced widespread fog and drizzle across eastern Iowa. North of  U.S. Highway 30, snow-covered roads and pavement temperatures below freezing allowed for moisture that collected on the roadways to freeze, bringing dangerous travel conditions to the region. Temperatures rose above freezing after midnight and precipitation came to an end, bringing an end to freezing rain and drizzle.","Light freezing drizzle and freezing rain coated sidewalks, roads, and bridges with a glaze of ice leading to slippery driving conditions. This caused numerous accidents and reports of cars sliding into ditches.",CSV
201501,16,200,201501,16,1000,91615,558045,TENNESSEE,47,2015,January,Freezing Fog,Z,97,FRANKLIN,47097,HUN,16-JAN-15 02:00:00,CST-6,16-JAN-15 10:00:00,0,0,0,0,0.00K,0.00K,Emergency Manager,NA,NA,NA,NA,NA,NA,NA,NA,NA,NA,NA,NA,NA,NA,NA,NA,NA,NA,NA,NA,NA,"Patchy valley freezing fog, some dense reducing visiblity to 1/4 mile or less, occurred during the early to mid morning hours of the 16th.  The freezing fog was mainly confined to the Elk River and associated tributaries in southern middle Tennessee. The fog deposited hoar frost onto elevated objects and on some bridges, overpasses and road surfaces.","Freezing fog reduced visibility to 1/4 mile or less in areas of the county. The fog deposited hoar frost onto elevated objects and on some bridges, overpasses and road surfaces.",CSV
201501,16,200,201501,16,1000,91615,558046,TENNESSEE,47,2015,January,Freezing Fog,Z,96,LINCOLN,47096,HUN,16-JAN-15 02:00:00,CST-6,16-JAN-15 10:00:00,0,0,0,0,0.00K,0.00K,Emergency Manager,NA,NA,NA,NA,NA,NA,NA,NA,NA,NA,NA,NA,NA,NA,NA,NA,NA,NA,NA,NA,NA,"Patchy valley freezing fog, some dense reducing visiblity to 1/4 mile or less, occurred during the early to mid morning hours of the 16th.  The freezing fog was mainly confined to the Elk River and associated tributaries in southern middle Tennessee. The fog deposited hoar frost onto elevated objects and on some bridges, overpasses and road surfaces.","Freezing fog reduced visibility to 1/4 mile or less in areas of the county. The fog deposited hoar frost onto elevated objects and on some bridges, overpasses and road surfaces.",CSV
201501,16,200,201501,16,1000,91615,558047,TENNESSEE,47,2015,January,Freezing Fog,Z,76,MOORE,47076,HUN,16-JAN-15 02:00:00,CST-6,16-JAN-15 10:00:00,0,0,0,0,0.00K,0.00K,Emergency Manager,NA,NA,NA,NA,NA,NA,NA,NA,NA,NA,NA,NA,NA,NA,NA,NA,NA,NA,NA,NA,NA,"Patchy valley freezing fog, some dense reducing visiblity to 1/4 mile or less, occurred during the early to mid morning hours of the 16th.  The freezing fog was mainly confined to the Elk River and associated tributaries in southern middle Tennessee. The fog deposited hoar frost onto elevated objects and on some bridges, overpasses and road surfaces.","Freezing fog reduced visibility to 1/4 mile or less in areas of the county. The fog deposited hoar frost onto elevated objects and on some bridges, overpasses and road surfaces.",CSV
201501,24,2100,201501,25,500,92545,554406,IDAHO,16,2015,January,Freezing Fog,Z,21,LOWER SNAKE RIVER PLAIN,16021,PIH,24-JAN-15 21:00:00,MST-7,25-JAN-15 05:00:00,0,0,0,0,10.00K,0.00K,Newspaper,NA,NA,NA,NA,NA,NA,NA,NA,NA,NA,NA,NA,NA,NA,NA,NA,NA,NA,NA,NA,NA,Eleven single vehicle accidents occurred on interstate 15 between Fort Hall and Blackfoot on January 24th due to freezing fog and drizzle causing icy roadways to develop.,Eleven single vehicle accidents occurred on interstate 15 between Fort Hall and Blackfoot on January 24th due to freezing fog and drizzle causing icy roadways to develop.,CSV
201501,29,100,201501,29,1010,91821,550260,WASHINGTON,53,2015,January,Freezing Fog,Z,42,EAST SLOPES NORTHERN CASCADES,53042,OTX,29-JAN-15 01:00:00,PST-8,29-JAN-15 10:10:00,0,0,0,0,0.00K,0.00K,Broadcast Media,NA,NA,NA,NA,NA,NA,NA,NA,NA,NA,NA,NA,NA,NA,NA,NA,NA,NA,NA,NA,NA,A ridge of high pressure with cold temperatures allowed freezing fog to cause slick roadways. These slick conditions indirectly contributed to numerous accidents on area roadways.,"Slick roads and low visibility caused by freezing fog indirectly contributed to a three car accident in South Spokane, WA at 7:45 AM PST. Six people were involved the crash and everyone was reported to be in stable condition.",CSV
201501,16,200,201501,16,1000,91614,555983,ALABAMA,1,2015,January,Freezing Fog,Z,6,MADISON,01006,HUN,16-JAN-15 02:00:00,CST-6,16-JAN-15 10:00:00,0,0,0,0,0.00K,0.00K,ASOS,NA,NA,NA,NA,NA,NA,NA,NA,NA,NA,NA,NA,NA,NA,NA,NA,NA,NA,NA,NA,NA,"Patchy valley freezing fog, some dense reducing visiblity to 1/4 mile or less, occurred during the early to mid morning hours of the 16th.  The freezing fog was mainly confined to river and stream valleys of northern Alabama, but also spread into the Huntsville metropolitan area as well.  The fog deposited hoar frost onto elevated objects and on some bridges, overpasses and road surfaces.  This resulted in elevated portions of Interstate 565 and Memorial Parkway being closed for a period.","Freezing fog reduced visibility to 1/4 mile or less in areas of the county, especially near the Tennessee River, but also spilled into the Huntsville metro area.  The fog deposited hoar frost onto elevated objects and on some bridges, overpasses and road surfaces. This resulted in elevated portions of Interstate 565 and Memorial Parkway being closed for a period.",CSV
201501,16,200,201501,16,1000,91614,555987,ALABAMA,1,2015,January,Freezing Fog,Z,16,CULLMAN,01016,HUN,16-JAN-15 02:00:00,CST-6,16-JAN-15 10:00:00,0,0,0,0,0.00K,0.00K,AWOS,NA,NA,NA,NA,NA,NA,NA,NA,NA,NA,NA,NA,NA,NA,NA,NA,NA,NA,NA,NA,NA,"Patchy valley freezing fog, some dense reducing visiblity to 1/4 mile or less, occurred during the early to mid morning hours of the 16th.  The freezing fog was mainly confined to river and stream valleys of northern Alabama, but also spread into the Huntsville metropolitan area as well.  The fog deposited hoar frost onto elevated objects and on some bridges, overpasses and road surfaces.  This resulted in elevated portions of Interstate 565 and Memorial Parkway being closed for a period.","Freezing fog reduced visibility to 1/4 mile or less in areas of the county.  The fog deposited hoar frost onto elevated objects and on some bridges, overpasses and road surfaces.",CSV
201501,16,200,201501,16,1000,91614,555988,ALABAMA,1,2015,January,Freezing Fog,Z,7,MORGAN,01007,HUN,16-JAN-15 02:00:00,CST-6,16-JAN-15 10:00:00,0,0,0,0,0.00K,0.00K,AWOS,NA,NA,NA,NA,NA,NA,NA,NA,NA,NA,NA,NA,NA,NA,NA,NA,NA,NA,NA,NA,NA,"Patchy valley freezing fog, some dense reducing visiblity to 1/4 mile or less, occurred during the early to mid morning hours of the 16th.  The freezing fog was mainly confined to river and stream valleys of northern Alabama, but also spread into the Huntsville metropolitan area as well.  The fog deposited hoar frost onto elevated objects and on some bridges, overpasses and road surfaces.  This resulted in elevated portions of Interstate 565 and Memorial Parkway being closed for a period.","Freezing fog reduced visibility to 1/4 mile or less in areas of the county, especially near the Tennessee River.  The fog deposited hoar frost onto elevated objects and on some bridges, overpasses and road surfaces.",CSV
201501,16,200,201501,16,1000,91614,555985,ALABAMA,1,2015,January,Freezing Fog,Z,9,JACKSON,01009,HUN,16-JAN-15 02:00:00,CST-6,16-JAN-15 10:00:00,0,0,0,0,0.00K,0.00K,AWOS,NA,NA,NA,NA,NA,NA,NA,NA,NA,NA,NA,NA,NA,NA,NA,NA,NA,NA,NA,NA,NA,"Patchy valley freezing fog, some dense reducing visiblity to 1/4 mile or less, occurred during the early to mid morning hours of the 16th.  The freezing fog was mainly confined to river and stream valleys of northern Alabama, but also spread into the Huntsville metropolitan area as well.  The fog deposited hoar frost onto elevated objects and on some bridges, overpasses and road surfaces.  This resulted in elevated portions of Interstate 565 and Memorial Parkway being closed for a period.","Freezing fog reduced visibility to 1/4 mile or less in areas of the county, especially near the Tennessee and Paint Rock Rivers.  The fog deposited hoar frost onto elevated objects and on some bridges, overpasses and road surfaces.",CSV
201501,16,200,201501,16,1000,91614,555986,ALABAMA,1,2015,January,Freezing Fog,Z,8,MARSHALL,01008,HUN,16-JAN-15 02:00:00,CST-6,16-JAN-15 10:00:00,0,0,0,0,0.00K,0.00K,AWOS,NA,NA,NA,NA,NA,NA,NA,NA,NA,NA,NA,NA,NA,NA,NA,NA,NA,NA,NA,NA,NA,"Patchy valley freezing fog, some dense reducing visiblity to 1/4 mile or less, occurred during the early to mid morning hours of the 16th.  The freezing fog was mainly confined to river and stream valleys of northern Alabama, but also spread into the Huntsville metropolitan area as well.  The fog deposited hoar frost onto elevated objects and on some bridges, overpasses and road surfaces.  This resulted in elevated portions of Interstate 565 and Memorial Parkway being closed for a period.","Freezing fog reduced visibility to 1/4 mile or less in areas of the county, especially near the Tennessee River and Lake Guntersville.  The fog deposited hoar frost onto elevated objects and on some bridges, overpasses and road surfaces.",CSV
201601,8,815,201601,8,915,102309,611582,ARIZONA,4,2016,January,Freezing Fog,Z,1,NORTHWEST PLATEAU,04001,VEF,08-JAN-16 08:15:00,MST-7,08-JAN-16 09:15:00,0,0,0,0,0.00K,0.00K,AWOS,NA,NA,NA,NA,NA,NA,NA,NA,NA,NA,NA,NA,NA,NA,NA,NA,NA,NA,NA,NA,NA,"A series of three Pacific storms impacted the desert Southwest, bringing periods of heavy rain, heavy snow, and locally dense fog.",Freezing fog reduced visibility to 1/4 mile at Colorado City Airport.,CSV
201601,8,38,201601,8,200,101528,607348,PENNSYLVANIA,42,2016,January,Freezing Fog,Z,62,NORTHAMPTON,42062,PHI,08-JAN-16 00:38:00,EST-5,08-JAN-16 02:00:00,0,0,0,0,NA,NA,Trained Spotter,NA,NA,NA,NA,NA,NA,NA,NA,NA,NA,NA,NA,NA,NA,NA,NA,NA,NA,NA,NA,NA,"Moisture trapped below a subsidence inversion located around 4000 feet MSL, in combination with very cold temperatures at the surface, produced pockets of light freezing fog and light freezing drizzle, under the inversion and primarily at the highest elevations. A trace of ice was reported on windshields in Williams Township, Northampton County, during the early overnight hours of January 8th.  Parts of Williams Township are about 700 ASL.",A trace of ice was reported on windshields in Williams Township by a trained spotter.  Parts of Williams Township are 700 feet ASL.,CSV
201612,20,0,201612,20,1000,112582,673041,TENNESSEE,47,2016,December,Freezing Fog,Z,95,GILES,47095,OHX,20-DEC-16 00:00:00,CST-6,20-DEC-16 10:00:00,0,0,0,0,NA,0.00K,Emergency Manager,NA,NA,NA,NA,NA,NA,NA,NA,NA,NA,NA,NA,NA,NA,NA,NA,NA,NA,NA,NA,NA,"Widespread freezing fog occurred across Middle Tennessee during the morning hours on December 20, resulting in icy roads and light snow in some areas. One particular trouble spot was in Giles and Marshall Counties along I-65 where numerous reports of car accidents were received. Further north, the layer of freezing fog was cold enough to produce light snow. Numerous reports of a dusting of snow were received from Summertown, Columbia, and East Nashvill all the way eastward to the Upper Cumberland from Monterey to Jamestown.",Numerous car accidents were reported on I-65 and other roads east of I-65 in Giles County at elevations near or above 900 feet.,CSV
201612,20,0,201612,20,1000,112582,673042,TENNESSEE,47,2016,December,Freezing Fog,Z,61,MARSHALL,47061,OHX,20-DEC-16 00:00:00,CST-6,20-DEC-16 10:00:00,0,0,0,0,NA,0.00K,Emergency Manager,NA,NA,NA,NA,NA,NA,NA,NA,NA,NA,NA,NA,NA,NA,NA,NA,NA,NA,NA,NA,NA,"Widespread freezing fog occurred across Middle Tennessee during the morning hours on December 20, resulting in icy roads and light snow in some areas. One particular trouble spot was in Giles and Marshall Counties along I-65 where numerous reports of car accidents were received. Further north, the layer of freezing fog was cold enough to produce light snow. Numerous reports of a dusting of snow were received from Summertown, Columbia, and East Nashvill all the way eastward to the Upper Cumberland from Monterey to Jamestown.",Numerous car accidents were reported on I-65 and other roads east of I-65 in Marshall County at elevations near or above 900 feet.,CSV
201703,24,430,201703,24,800,113082,682753,MONTANA,30,2017,March,Freezing Fog,Z,19,SHERIDAN,30019,GGW,24-MAR-17 04:30:00,MST-7,24-MAR-17 08:00:00,0,0,0,0,0.00K,0.00K,Mesonet,NA,NA,NA,NA,NA,NA,NA,NA,NA,NA,NA,NA,NA,NA,NA,NA,NA,NA,NA,NA,NA,"Clearing skies overnight, light winds, and an unusually moist layer of air at the surface from recent flood waters all combined to create a bank of dense freezing fog which spread across most of Sheridan County in far northeast Montana.",Freezing fog reduced visibility to one quarter of a mile or less in Plentywood during the early morning hours and extended eastward to include the area near the Commertown Turn-Off DOT site.,CSV
201701,18,300,201701,18,900,111787,666763,MISSOURI,29,2017,January,Freezing Fog,Z,28,PLATTE,29028,EAX,18-JAN-17 03:00:00,CST-6,18-JAN-17 09:00:00,0,1,0,1,20.00K,0.00K,Broadcast Media,NA,NA,NA,NA,NA,NA,NA,NA,NA,NA,NA,NA,NA,NA,NA,NA,NA,NA,NA,NA,NA,"Freezing fog overnight and into the morning hours of January 18, 2017 caused several accidents on local roadways. The most notable incident occurred when a vehicle slid into another vehicle, causing one fatality and one injury.","A 51 year old male was killed around 7:30 am on January 18 when his car slid across a slick roadway and collided with another oncoming vehicle. The driver was eastbound on HWY 92 near Bethel Road, when his 1987 Chevrolet El Camino slid across the roadway and collided with a 2000 Buick Century. The man in the El Camino died, while the 33 year old male in the Buick was rushed to the hospital with non-life threatening injuries.",CSV
201701,17,2100,201701,18,800,111787,666764,MISSOURI,29,2017,January,Freezing Fog,Z,13,DE KALB,29013,EAX,17-JAN-17 21:00:00,CST-6,18-JAN-17 08:00:00,0,1,0,0,NA,0.00K,Broadcast Media,NA,NA,NA,NA,NA,NA,NA,NA,NA,NA,NA,NA,NA,NA,NA,NA,NA,NA,NA,NA,NA,"Freezing fog overnight and into the morning hours of January 18, 2017 caused several accidents on local roadways. The most notable incident occurred when a vehicle slid into another vehicle, causing one fatality and one injury.",A 39 year old male suffered serious injuries when his vehicle went into a ditch and overturned around 8 am January 18.,CSV
201701,17,1900,201701,18,800,111787,666765,MISSOURI,29,2017,January,Freezing Fog,Z,12,ANDREW,29012,EAX,17-JAN-17 19:00:00,CST-6,18-JAN-17 08:00:00,0,2,0,0,NA,0.00K,Broadcast Media,NA,NA,NA,NA,NA,NA,NA,NA,NA,NA,NA,NA,NA,NA,NA,NA,NA,NA,NA,NA,NA,"Freezing fog overnight and into the morning hours of January 18, 2017 caused several accidents on local roadways. The most notable incident occurred when a vehicle slid into another vehicle, causing one fatality and one injury.","On Tuesday night [January 17], two Northwest Missouri State University football players were injured in an accident blamed on slick road condition on southbound Interstate 29, five miles north of St. Joseph. The Missouri State Highway Patrol said Cole M. Forney, 22, was driving a Ford F-250 when the vehicle hit a slick spot and struck a concrete barrier. He was taken to Mosaic Life Care with injuries described as serious. The accident occurred at 7:50 p.m. His passenger, 22-year-old Jacob Vollstedt, was taken to Mosaic with injuries described as moderate.",CSV
201710,18,0,201710,18,745,121143,725240,MARYLAND,24,2017,October,Freezing Fog,Z,502,CENTRAL AND EASTERN ALLEGANY,24502,LWX,18-OCT-17 00:00:00,EST-5,18-OCT-17 07:45:00,0,0,0,0,NA,NA,AWOS,NA,NA,NA,NA,NA,NA,NA,NA,NA,NA,NA,NA,NA,NA,NA,NA,NA,NA,NA,NA,NA,Canadian high pressure caused temperatures to drop below freezing.,Temperatures were below freezing based on observations nearby.,CSV
201812,11,300,201812,11,900,131998,791879,ALABAMA,1,2018,December,Freezing Fog,Z,6,MADISON,01006,HUN,11-DEC-18 03:00:00,CST-6,11-DEC-18 09:00:00,0,0,0,0,0.00K,0.00K,ASOS,NA,NA,NA,NA,NA,NA,NA,NA,NA,NA,NA,NA,NA,NA,NA,NA,NA,NA,NA,NA,NA,"Freezing fog, some dense developed over much of the Tennessee Valley. Visibility was reduced to 1/4 mile or less in many locations. Hoar frost developed in some of these locations, including some road surfaces. In addition, black ice also developed due to moisture from the previous day's rainfall refreezing.",Freezing fog was observed reducing visibility to less than 3/4 miles with temperatures in the middle to upper 20s.,CSV
201812,11,300,201812,11,900,131998,791880,ALABAMA,1,2018,December,Freezing Fog,Z,9,JACKSON,01009,HUN,11-DEC-18 03:00:00,CST-6,11-DEC-18 09:00:00,0,0,0,0,0.00K,0.00K,ASOS,NA,NA,NA,NA,NA,NA,NA,NA,NA,NA,NA,NA,NA,NA,NA,NA,NA,NA,NA,NA,NA,"Freezing fog, some dense developed over much of the Tennessee Valley. Visibility was reduced to 1/4 mile or less in many locations. Hoar frost developed in some of these locations, including some road surfaces. In addition, black ice also developed due to moisture from the previous day's rainfall refreezing.",Freezing fog was observed reducing visibility to less than 3/4 miles with temperatures in the middle to upper 20s.,CSV
201812,11,300,201812,11,900,131998,791881,ALABAMA,1,2018,December,Freezing Fog,Z,8,MARSHALL,01008,HUN,11-DEC-18 03:00:00,CST-6,11-DEC-18 09:00:00,0,0,0,0,0.00K,0.00K,ASOS,NA,NA,NA,NA,NA,NA,NA,NA,NA,NA,NA,NA,NA,NA,NA,NA,NA,NA,NA,NA,NA,"Freezing fog, some dense developed over much of the Tennessee Valley. Visibility was reduced to 1/4 mile or less in many locations. Hoar frost developed in some of these locations, including some road surfaces. In addition, black ice also developed due to moisture from the previous day's rainfall refreezing.",Freezing fog was observed reducing visibility to less than 3/4 miles with temperatures in the middle to upper 20s.,CSV
201812,11,300,201812,11,900,131998,791883,ALABAMA,1,2018,December,Freezing Fog,Z,7,MORGAN,01007,HUN,11-DEC-18 03:00:00,CST-6,11-DEC-18 09:00:00,0,0,0,0,0.00K,0.00K,ASOS,NA,NA,NA,NA,NA,NA,NA,NA,NA,NA,NA,NA,NA,NA,NA,NA,NA,NA,NA,NA,NA,"Freezing fog, some dense developed over much of the Tennessee Valley. Visibility was reduced to 1/4 mile or less in many locations. Hoar frost developed in some of these locations, including some road surfaces. In addition, black ice also developed due to moisture from the previous day's rainfall refreezing.",Freezing fog was observed reducing visibility to less than 3/4 miles with temperatures in the middle to upper 20s.,CSV
201812,11,300,201812,11,900,131998,791882,ALABAMA,1,2018,December,Freezing Fog,Z,10,DEKALB,01010,HUN,11-DEC-18 03:00:00,CST-6,11-DEC-18 09:00:00,0,0,0,0,0.00K,0.00K,ASOS,NA,NA,NA,NA,NA,NA,NA,NA,NA,NA,NA,NA,NA,NA,NA,NA,NA,NA,NA,NA,NA,"Freezing fog, some dense developed over much of the Tennessee Valley. Visibility was reduced to 1/4 mile or less in many locations. Hoar frost developed in some of these locations, including some road surfaces. In addition, black ice also developed due to moisture from the previous day's rainfall refreezing.",Freezing fog was observed reducing visibility to less than 3/4 miles with temperatures in the middle to upper 20s.,CSV
201812,11,300,201812,11,900,131998,791884,ALABAMA,1,2018,December,Freezing Fog,Z,16,CULLMAN,01016,HUN,11-DEC-18 03:00:00,CST-6,11-DEC-18 09:00:00,0,0,0,0,0.00K,0.00K,ASOS,NA,NA,NA,NA,NA,NA,NA,NA,NA,NA,NA,NA,NA,NA,NA,NA,NA,NA,NA,NA,NA,"Freezing fog, some dense developed over much of the Tennessee Valley. Visibility was reduced to 1/4 mile or less in many locations. Hoar frost developed in some of these locations, including some road surfaces. In addition, black ice also developed due to moisture from the previous day's rainfall refreezing.",Freezing fog was observed reducing visibility to less than 3/4 miles with temperatures in the middle to upper 20s.,CSV
201812,11,300,201812,11,900,131998,791885,ALABAMA,1,2018,December,Freezing Fog,Z,4,LAWRENCE,01004,HUN,11-DEC-18 03:00:00,CST-6,11-DEC-18 09:00:00,0,0,0,0,0.00K,0.00K,ASOS,NA,NA,NA,NA,NA,NA,NA,NA,NA,NA,NA,NA,NA,NA,NA,NA,NA,NA,NA,NA,NA,"Freezing fog, some dense developed over much of the Tennessee Valley. Visibility was reduced to 1/4 mile or less in many locations. Hoar frost developed in some of these locations, including some road surfaces. In addition, black ice also developed due to moisture from the previous day's rainfall refreezing.",Freezing fog was observed reducing visibility to less than 3/4 miles with temperatures in the middle to upper 20s.,CSV
201812,11,300,201812,11,900,131998,791886,ALABAMA,1,2018,December,Freezing Fog,Z,3,FRANKLIN,01003,HUN,11-DEC-18 03:00:00,CST-6,11-DEC-18 09:00:00,0,0,0,0,0.00K,0.00K,ASOS,NA,NA,NA,NA,NA,NA,NA,NA,NA,NA,NA,NA,NA,NA,NA,NA,NA,NA,NA,NA,NA,"Freezing fog, some dense developed over much of the Tennessee Valley. Visibility was reduced to 1/4 mile or less in many locations. Hoar frost developed in some of these locations, including some road surfaces. In addition, black ice also developed due to moisture from the previous day's rainfall refreezing.",Freezing fog was observed reducing visibility to less than 3/4 miles with temperatures in the middle to upper 20s.,CSV
201812,11,300,201812,11,900,131998,791887,ALABAMA,1,2018,December,Freezing Fog,Z,2,COLBERT,01002,HUN,11-DEC-18 03:00:00,CST-6,11-DEC-18 09:00:00,0,0,0,0,0.00K,0.00K,ASOS,NA,NA,NA,NA,NA,NA,NA,NA,NA,NA,NA,NA,NA,NA,NA,NA,NA,NA,NA,NA,NA,"Freezing fog, some dense developed over much of the Tennessee Valley. Visibility was reduced to 1/4 mile or less in many locations. Hoar frost developed in some of these locations, including some road surfaces. In addition, black ice also developed due to moisture from the previous day's rainfall refreezing.",Freezing fog was observed reducing visibility to less than 3/4 miles with temperatures in the middle to upper 20s.,CSV
201812,11,300,201812,11,900,131998,791889,ALABAMA,1,2018,December,Freezing Fog,Z,5,LIMESTONE,01005,HUN,11-DEC-18 03:00:00,CST-6,11-DEC-18 09:00:00,0,0,0,0,0.00K,0.00K,ASOS,NA,NA,NA,NA,NA,NA,NA,NA,NA,NA,NA,NA,NA,NA,NA,NA,NA,NA,NA,NA,NA,"Freezing fog, some dense developed over much of the Tennessee Valley. Visibility was reduced to 1/4 mile or less in many locations. Hoar frost developed in some of these locations, including some road surfaces. In addition, black ice also developed due to moisture from the previous day's rainfall refreezing.",Freezing fog was observed reducing visibility to less than 3/4 miles with temperatures in the middle to upper 20s.,CSV
201812,11,300,201812,11,900,131998,791888,ALABAMA,1,2018,December,Freezing Fog,Z,1,LAUDERDALE,01001,HUN,11-DEC-18 03:00:00,CST-6,11-DEC-18 09:00:00,0,0,0,0,0.00K,0.00K,ASOS,NA,NA,NA,NA,NA,NA,NA,NA,NA,NA,NA,NA,NA,NA,NA,NA,NA,NA,NA,NA,NA,"Freezing fog, some dense developed over much of the Tennessee Valley. Visibility was reduced to 1/4 mile or less in many locations. Hoar frost developed in some of these locations, including some road surfaces. In addition, black ice also developed due to moisture from the previous day's rainfall refreezing.",Freezing fog was observed reducing visibility to less than 3/4 miles with temperatures in the middle to upper 20s.,CSV
201812,11,300,201812,11,1000,131999,791891,TENNESSEE,47,2018,December,Freezing Fog,Z,97,FRANKLIN,47097,HUN,11-DEC-18 03:00:00,CST-6,11-DEC-18 10:00:00,0,0,0,0,0.00K,0.00K,AWOS,NA,NA,NA,NA,NA,NA,NA,NA,NA,NA,NA,NA,NA,NA,NA,NA,NA,NA,NA,NA,NA,"Freezing fog, some dense developed over much of the Tennessee Valley. Visibility was reduced to 1/4 mile or less in many locations. Hoar frost developed in some of these locations, including some road surfaces. In addition, black ice also developed due to moisture from the previous day's rainfall refreezing.",Freezing fog was observed reducing visibility to less than 3/4 miles with temperatures in the lower to middle 20s.,CSV
201812,11,300,201812,11,1000,131999,791892,TENNESSEE,47,2018,December,Freezing Fog,Z,96,LINCOLN,47096,HUN,11-DEC-18 03:00:00,CST-6,11-DEC-18 10:00:00,0,0,0,0,0.00K,0.00K,AWOS,NA,NA,NA,NA,NA,NA,NA,NA,NA,NA,NA,NA,NA,NA,NA,NA,NA,NA,NA,NA,NA,"Freezing fog, some dense developed over much of the Tennessee Valley. Visibility was reduced to 1/4 mile or less in many locations. Hoar frost developed in some of these locations, including some road surfaces. In addition, black ice also developed due to moisture from the previous day's rainfall refreezing.",Freezing fog was observed reducing visibility to less than 3/4 miles with temperatures in the lower to middle 20s.,CSV
201812,11,300,201812,11,1000,131999,791893,TENNESSEE,47,2018,December,Freezing Fog,Z,76,MOORE,47076,HUN,11-DEC-18 03:00:00,CST-6,11-DEC-18 10:00:00,0,0,0,0,0.00K,0.00K,AWOS,NA,NA,NA,NA,NA,NA,NA,NA,NA,NA,NA,NA,NA,NA,NA,NA,NA,NA,NA,NA,NA,"Freezing fog, some dense developed over much of the Tennessee Valley. Visibility was reduced to 1/4 mile or less in many locations. Hoar frost developed in some of these locations, including some road surfaces. In addition, black ice also developed due to moisture from the previous day's rainfall refreezing.",Freezing fog was observed reducing visibility to less than 3/4 miles with temperatures in the lower to middle 20s.,CSV
201801,27,135,201801,27,255,121767,728863,CALIFORNIA,6,2018,January,Freezing Fog,Z,95,KERN CTY MTNS,06095,HNX,27-JAN-18 01:35:00,PST-8,27-JAN-18 02:55:00,0,0,0,0,0.00K,0.00K,AWOS,NA,NA,NA,NA,NA,NA,NA,NA,NA,NA,NA,NA,NA,NA,NA,NA,NA,NA,NA,NA,NA,A cold frontal system pushed through Central California on the 25th producing widespread light precipitation across the area as 5 to 10 inches of new snowfall above 7000 feet. High pressure strengthened off the California coast behind this system on the 26th and build inland by the morning of the 27th. Freezing fog impacted travel along State Route 58 during the early morning hours of the 27th. An area of dense fog later formed along the State Route 99 corridor late in the morning from Merced to Madera. The fog dissipated by midday.,Freezing Fog was reported in Tehachapi.,CSV
201812,11,0,201812,11,800,133472,798632,TENNESSEE,47,2018,December,Freezing Fog,Z,60,MAURY,47060,OHX,11-DEC-18 00:00:00,CST-6,11-DEC-18 08:00:00,0,0,0,0,0.00K,0.00K,Emergency Manager,NA,NA,NA,NA,NA,NA,NA,NA,NA,NA,NA,NA,NA,NA,NA,NA,NA,NA,NA,NA,NA,"As the system that brought freezing rain on December 8-9 and light snow on December 9-10 exited the area, very cold air moved into Middle Tennessee with low temperatures dropping into the upper 10s and lower 20s by the morning of December 11. With some ice and snow still present and plenty of low level moisture available, dense freezing fog developed across many areas especially along rivers and lakes such as the Tennessee River, Cumberland River, Duck River, Caney Fork River, and the Obey River. Where freezing fog occurred, ice crystals within the fog attached to nearly all surfaces, resulting in amazing and beautiful winter scenes despite no precipitation falling. No traffic or power issues were reported due to the freezing fog.","Freezing fog was reported in several areas of Maury County, with ice crystals from the freezing fog coating most elevated surfaces.",CSV
201812,11,0,201812,11,800,133472,798633,TENNESSEE,47,2018,December,Freezing Fog,Z,56,PERRY,47056,OHX,11-DEC-18 00:00:00,CST-6,11-DEC-18 08:00:00,0,0,0,0,0.00K,0.00K,Public,NA,NA,NA,NA,NA,NA,NA,NA,NA,NA,NA,NA,NA,NA,NA,NA,NA,NA,NA,NA,NA,"As the system that brought freezing rain on December 8-9 and light snow on December 9-10 exited the area, very cold air moved into Middle Tennessee with low temperatures dropping into the upper 10s and lower 20s by the morning of December 11. With some ice and snow still present and plenty of low level moisture available, dense freezing fog developed across many areas especially along rivers and lakes such as the Tennessee River, Cumberland River, Duck River, Caney Fork River, and the Obey River. Where freezing fog occurred, ice crystals within the fog attached to nearly all surfaces, resulting in amazing and beautiful winter scenes despite no precipitation falling. No traffic or power issues were reported due to the freezing fog.","Freezing fog was reported in several areas of Perry County, with ice crystals from the freezing fog coating most elevated surfaces.",CSV
201812,22,600,201812,22,1000,132133,790662,ALABAMA,1,2018,December,Freezing Fog,Z,16,CULLMAN,01016,HUN,22-DEC-18 06:00:00,CST-6,22-DEC-18 10:00:00,0,0,0,0,0.00K,0.00K,AWOS,NA,NA,NA,NA,NA,NA,NA,NA,NA,NA,NA,NA,NA,NA,NA,NA,NA,NA,NA,NA,NA,Freezing fog developed and became widespread across Cullman County from around 6 AM to 10 AM LST.  Visibility was reduced to 1/4 mile and less as reported by local law enforcement and the Vinemont (KCMD) AWOS.,Freezing fog reduced visibility to 1/4 mile or less across the county as reported by local law enforcement.  The fog dissipated rapidly between 9 and 10 AM LST.,CSV
201901,12,830,201901,12,830,133788,800668,NEVADA,32,2019,January,Freezing Fog,Z,31,N ELKO CNTY,32031,LKN,12-JAN-19 08:30:00,PST-8,12-JAN-19 08:30:00,0,0,0,0,0.00K,0.00K,Law Enforcement,NA,NA,NA,NA,NA,NA,NA,NA,NA,NA,NA,NA,NA,NA,NA,NA,NA,NA,NA,NA,NA,Persistent areas of freezing fog with the visibility reduced to near zero at times resulted in a collision between two cars.,"Dense freezing fog formed during the overnight hours Friday and persisted into Saturday morning.  A driver heading southbound on US Highway 93 about fourteen miles north of Wells, Nevada tried to pass a slower moving vehicle on the two lane road but crashed head-on with a northbound truck.  There was one fatality and one critical injury.",CSV
201902,2,640,201902,2,1010,133009,795731,KENTUCKY,21,2019,February,Freezing Fog,Z,51,BATH,21051,JKL,02-FEB-19 06:40:00,EST-5,02-FEB-19 10:10:00,0,0,0,0,10.00K,0.00K,Emergency Manager,NA,NA,NA,NA,NA,NA,NA,NA,NA,NA,NA,NA,NA,NA,NA,NA,NA,NA,NA,NA,NA,"Dense fog formed during the overnight hours into the morning of February 2. In addition to limited visibilities, sub-freezing temperatures allowed for lingering moisture to freeze. This became an issue on Interstate 64 between mile marker 117 in Bath County and the Rowan/Carter County line. Multiple vehicles, including one carrying hazardous material, were involved in crashes.",NA,CSV
201902,2,645,201902,2,1015,133009,795732,KENTUCKY,21,2019,February,Freezing Fog,Z,52,ROWAN,21052,JKL,02-FEB-19 06:45:00,EST-5,02-FEB-19 10:15:00,0,0,0,0,80.00K,0.00K,Department of Highways,NA,NA,NA,NA,NA,NA,NA,NA,NA,NA,NA,NA,NA,NA,NA,NA,NA,NA,NA,NA,NA,"Dense fog formed during the overnight hours into the morning of February 2. In addition to limited visibilities, sub-freezing temperatures allowed for lingering moisture to freeze. This became an issue on Interstate 64 between mile marker 117 in Bath County and the Rowan/Carter County line. Multiple vehicles, including one carrying hazardous material, were involved in crashes.",NA,CSV
201902,23,100,201902,23,800,133390,798327,CALIFORNIA,6,2019,February,Freezing Fog,Z,92,SE S.J. VALLEY,06092,HNX,23-FEB-19 01:00:00,PST-8,23-FEB-19 08:00:00,0,0,0,0,0.00K,0.00K,Mesonet,NA,NA,NA,NA,NA,NA,NA,NA,NA,NA,NA,NA,NA,NA,NA,NA,NA,NA,NA,NA,NA,"With little airmass moderation taking place in the San Joaquin Valley on February 22 and another night of clear skies and light winds, temperatures dropped below the freezing mark across much of the valley again during the morning of February 23. The airmass slowly moderated during the last five days of the month and temperatures trended upwards toward seasonal normals.",Several locations reported minimum temperatures between 28 and 32 degrees.,CSV
201912,30,1915,201912,30,2115,143774,863296,CALIFORNIA,6,2019,December,Freezing Fog,Z,196,TEHACHAPI AREA,06196,HNX,30-DEC-19 19:15:00,PST-8,30-DEC-19 21:15:00,0,0,0,0,0.00K,0.00K,AWOS,NA,NA,NA,NA,NA,NA,NA,NA,NA,NA,NA,NA,NA,NA,NA,NA,NA,NA,NA,NA,NA,A low pressure system dropped southward along the California coast on December 29 and 30. This system did not produce much precipitation inland with a few stations measuring a few hundredths of an inch of liquid precipitation. Upslope flow behind the departing system resulted in low level moisture banking up along the Tehachapi Mountains during the evening of December 30 resulting in some dense fog for a few hours in the Tehachapi area. The fog combined with subfreezing temperatures to produce freezing fog along State Route 58. The fog broke up by late evening as lower levels dried up.,Freezing fog with visibility below a quarter mile was reported in Tehachapi by the airport AWOS and by California Highway Patrol on SR 58.,CSV
201912,31,2015,201912,31,2215,143776,863300,CALIFORNIA,6,2019,December,Freezing Fog,Z,196,TEHACHAPI AREA,06196,HNX,31-DEC-19 20:15:00,PST-8,31-DEC-19 22:15:00,0,0,0,0,0.00K,0.00K,AWOS,NA,NA,NA,NA,NA,NA,NA,NA,NA,NA,NA,NA,NA,NA,NA,NA,NA,NA,NA,NA,NA,A northerly low level flow produced upslope low clouds along the south end of the San Joaquin Valley during the evening of December 31 as there was plenty of low level moisture in place from recent storms. Some of the low level moisture banked up against the mountains in the Tehachapi area resulting in dense fog with visibility below a quarter mile in subfreezing temperatures which also produced black ice on State Route 58. The fog dissipated by late evening as the low level flow turned to the southeast and dried out the lower atmosphere in the Tehachapi area.,Freezing fog with visibility below a quarter mile was reported in Tehachapi.,CSV
202003,20,452,202003,20,1402,145741,875434,WYOMING,56,2020,March,Freezing Fog,Z,116,SOUTH LARAMIE RANGE,56116,CYS,20-MAR-20 04:52:00,MST-7,20-MAR-20 14:02:00,0,0,0,0,NA,NA,Law Enforcement,NA,NA,NA,NA,NA,NA,NA,NA,NA,NA,NA,NA,NA,NA,NA,NA,NA,NA,NA,NA,NA,"Interstate 80 closed for several hours into the evening and overnight period from a crash shortly after 10 AM MDT near the Lone Tree exit about two miles west of Buford. Around 10:15 AM MDT, a Wyoming Highway Patrol officer stopped to assist a stranded commercial trailer truck stuck in the roadway. As the officer was speaking to the driver, another oncoming vehicle ran into the rear of the stopped truck. Additional following vehicles lost control and crashed into each other. In total, over twenty-seven vehicles were involved including twenty-three commercial trucks. Those who were injured were transported for medical treatment. During the time of the crash, freezing fog conditions with an issued freezing fog advisory were present.","Interstate 80 closed for several hours into the evening and overnight period from a crash shortly after 10 AM MDT near the Lone Tree exit about two miles west of Buford. Around 10:15 AM MDT, a Wyoming Highway Patrol officer stopped to assist a stranded commercial trailer truck stuck in the roadway. As the officer was speaking to the driver, another oncoming vehicle ran into the rear of the stopped truck. Additional following vehicles lost control and crashed into each other. In total, over twenty-seven vehicles were involved including twenty-three commercial trucks. Those who were injured were transported for medical treatment. During the time of the crash, freezing fog conditions with an issued freezing fog advisory were present. No official injury count to accurately report in stormdata.",CSV
202003,14,1345,202003,15,920,145458,873351,WYOMING,56,2020,March,Freezing Fog,Z,118,CENTRAL LARAMIE COUNTY,56118,CYS,14-MAR-20 13:45:00,MST-7,15-MAR-20 09:20:00,0,0,0,0,NA,NA,Broadcast Media,NA,NA,NA,NA,NA,NA,NA,NA,NA,NA,NA,NA,NA,NA,NA,NA,NA,NA,NA,NA,NA,"Central Laramie County experienced freezing fog and mist that resulted in rime ice on power lines, poles, lights, signs, etc. Power outages were reported across Cheyenne from the weight of rime ice downing power lines. At its peak, up to 30,000 residents were without power.","Central Laramie County experienced freezing fog and mist that resulted in rime ice on power lines, poles, lights, signs, etc. Power outages were reported across Cheyenne from the weight of rime ice downing power lines. At its peak, up to 30,000 residents were without power.",CSV
202001,17,716,202001,17,716,145502,873696,COLORADO,8,2020,January,Freezing Fog,Z,92,CHEYENNE COUNTY,08092,GLD,17-JAN-20 07:16:00,MST-7,17-JAN-20 07:16:00,0,0,0,0,0.00K,0.00K,COOP Observer,NA,NA,NA,NA,NA,NA,NA,NA,NA,NA,NA,NA,NA,NA,NA,NA,NA,NA,NA,NA,NA,A widespread dense freezing fog event occurred during the morning of the 17th of January in eastern Colorado. Poor visibility and icy road conditions near Kit Carson caused traffic on the highways to be briefly halted.,"A Co-Op Observed in Kit Carson, Colorado reported that dense freezing fog was occurring and that truck traffic passing through Kit Carson was halted due to poor visibility and icy road conditions.",CSV
202012,31,2015,202012,31,2315,153952,927120,CALIFORNIA,6,2020,December,Freezing Fog,Z,196,TEHACHAPI AREA,06196,HNX,31-DEC-20 20:15:00,PST-8,31-DEC-20 23:15:00,0,0,0,0,0.00K,0.00K,AWOS,NA,NA,NA,NA,NA,NA,NA,NA,NA,NA,NA,NA,NA,NA,NA,NA,NA,NA,NA,NA,NA,"A low pressure system dropped southward just east of the Sierra Nevada during the morning of December 31. This system pushed a cold front through the area during the morning during the morning of December 31 which brought some gusty winds to the Kern County Mountains and Deserts with several stations measuring gusts exceeding 40 mph. This system also produced a period of post frontal rain showers in which the rain froze as it came into contact with the surface over the elevated valleys. Freezing rain was reported in the Tehachapi area which resulted in California Highway Patrol pacing traffic along State Route 58 for a short period of time. In addition, light snow was reported along Interstate 5 over the Tejon Pass. Most of the area measured a tenth of an inch or less of precipitation from this system. However, some persistent upslope clouds banked up along the Tehachapi Mountain range during the evening resulting in freezing fog and black ice along State Route 58. Skies cleared out though as 2021 arrived.",Freezing fog was reported in Tehachapi with visibility reduced to below a quarter mile at times with temperatures in the upper 20s.,CSV
202012,27,2326,202012,28,1156,153989,927391,WYOMING,56,2020,December,Freezing Fog,Z,101,CONVERSE COUNTY LOWER ELEVATIONS,56101,CYS,27-DEC-20 23:26:00,MST-7,28-DEC-20 11:56:00,0,0,0,0,NA,NA,Department of Highways,NA,NA,NA,NA,NA,NA,NA,NA,NA,NA,NA,NA,NA,NA,NA,NA,NA,NA,NA,NA,NA,"Prolonged period of freezing fog across Converse, Goshen, Niobrara, and eastern Platte Counties on the morning of the 28th resulted in area crashes and closures along Interstate 25 particularly between Casper and Wheatland. Interstate was closed for several hours to clear the crash and treat the roadways resulting in a loss of commerce.",Wyoming Department of Transportation (WYDOT) sensor along Interstate 25 at Deer Creek observed prolonged period of visibility under quarter of a mile with sub-freezing temperatures in addition to the Douglas Airport ASOS observing under quarter mile visibility. Area crashes were reported by WYDOT resulting in the closure of the interstate between Wheatland and Casper for several hours with loss of commerce as a result.,CSV
202012,28,50,202012,28,1200,153989,927392,WYOMING,56,2020,December,Freezing Fog,Z,102,NIOBRARA COUNTY,56102,CYS,28-DEC-20 00:50:00,MST-7,28-DEC-20 12:00:00,0,0,0,0,NA,NA,Department of Highways,NA,NA,NA,NA,NA,NA,NA,NA,NA,NA,NA,NA,NA,NA,NA,NA,NA,NA,NA,NA,NA,"Prolonged period of freezing fog across Converse, Goshen, Niobrara, and eastern Platte Counties on the morning of the 28th resulted in area crashes and closures along Interstate 25 particularly between Casper and Wheatland. Interstate was closed for several hours to clear the crash and treat the roadways resulting in a loss of commerce.",Wyoming Department of Transportation sensor along Wyoming Highway 260 at United States Highway 20 at Van Tassell observed sub-freezing temperatures and visibilities under a quarter mile.,CSV
202012,28,34,202012,28,353,153989,927393,WYOMING,56,2020,December,Freezing Fog,Z,108,GOSHEN COUNTY,56108,CYS,28-DEC-20 00:34:00,MST-7,28-DEC-20 03:53:00,0,0,0,0,NA,NA,ASOS,NA,NA,NA,NA,NA,NA,NA,NA,NA,NA,NA,NA,NA,NA,NA,NA,NA,NA,NA,NA,NA,"Prolonged period of freezing fog across Converse, Goshen, Niobrara, and eastern Platte Counties on the morning of the 28th resulted in area crashes and closures along Interstate 25 particularly between Casper and Wheatland. Interstate was closed for several hours to clear the crash and treat the roadways resulting in a loss of commerce.",Freezing fog conditions were observed and measured by the sensor at Torrington Airport.,CSV
202012,28,216,202012,28,1210,153989,927394,WYOMING,56,2020,December,Freezing Fog,Z,107,EAST PLATTE COUNTY,56107,CYS,28-DEC-20 02:16:00,MST-7,28-DEC-20 12:10:00,0,0,0,0,NA,NA,Department of Highways,NA,NA,NA,NA,NA,NA,NA,NA,NA,NA,NA,NA,NA,NA,NA,NA,NA,NA,NA,NA,NA,"Prolonged period of freezing fog across Converse, Goshen, Niobrara, and eastern Platte Counties on the morning of the 28th resulted in area crashes and closures along Interstate 25 particularly between Casper and Wheatland. Interstate was closed for several hours to clear the crash and treat the roadways resulting in a loss of commerce.",Wyoming Department of Transportation (WYDOT) sensor along Interstate 25 at Coleman observed visibility under quarter mile in sub-freezing temperatures. WYDOT reported crashes due to the condition between Wheatland and Casper resulting in closure of the interstate for several hours resulting in a loss of commerce.,CSV
202012,20,400,202012,20,1300,154300,929720,IDAHO,16,2020,December,Freezing Fog,Z,72,SAWTOOTH-STANLEY BASIN,16072,PIH,20-DEC-20 04:00:00,MST-7,20-DEC-20 13:00:00,0,0,0,0,0.00K,0.00K,Department of Highways,NA,NA,NA,NA,NA,NA,NA,NA,NA,NA,NA,NA,NA,NA,NA,NA,NA,NA,NA,NA,NA,On December 20th dense freezing fog and freezing drizzle caused black ice to form on State Highway 75 between Idaho 21 and Squaw Canyon Road south of Clayton.   It covered a 37 mile stretch from mile post 191 to mile post 218.  All lanes were blocked and the road was closed by 6 am on the 20th.,On December 20th dense freezing fog and freezing drizzle caused black ice to form on State Highway 75 between Idaho 21 and Squaw Canyon Road south of Clayton.   It covered a 37 mile stretch from mile post 191 to mile post 218.  All lanes were blocked and the road was closed by 6 am on the 20th.,CSV
202012,20,400,202012,20,1300,154300,929721,IDAHO,16,2020,December,Freezing Fog,Z,71,FRANK CHURCH WILDERNESS,16071,PIH,20-DEC-20 04:00:00,MST-7,20-DEC-20 13:00:00,0,0,0,0,0.00K,0.00K,Department of Highways,NA,NA,NA,NA,NA,NA,NA,NA,NA,NA,NA,NA,NA,NA,NA,NA,NA,NA,NA,NA,NA,On December 20th dense freezing fog and freezing drizzle caused black ice to form on State Highway 75 between Idaho 21 and Squaw Canyon Road south of Clayton.   It covered a 37 mile stretch from mile post 191 to mile post 218.  All lanes were blocked and the road was closed by 6 am on the 20th.,On December 20th dense freezing fog and freezing drizzle caused black ice to form on State Highway 75 between Idaho 21 and Squaw Canyon Road south of Clayton.   It covered a 37 mile stretch from mile post 191 to mile post 218.  All lanes were blocked and the road was closed by 6 am on the 20th.,CSV
202012,25,2200,202012,26,600,154823,933224,WASHINGTON,53,2020,December,Freezing Fog,Z,35,UPPER COLUMBIA BASIN,53035,OTX,25-DEC-20 22:00:00,PST-8,26-DEC-20 06:00:00,0,0,0,0,NA,NA,Department of Highways,NA,NA,NA,NA,NA,NA,NA,NA,NA,NA,NA,NA,NA,NA,NA,NA,NA,NA,NA,NA,NA,"In addition to an occluded front's evening arrival in Washington, there were many factors that brought light to moderate snowfall to Eastern Washington and the Idaho Panhandle on Christmas night into December 26th. Significant precipitable water and a surface low's colder air provided conditions for snow and rain/snow mixes across the region.","Heavy, freezing fog created slick roadways which led to rolling cars, collisions, and blocked roadways. Many occurred on US Highway 2 and Interstate 90. Washington State Highway troopers responded to 63 crashes overnight December 25th and the 26th. There are no reports of injuries or fatalities.",CSV
202012,24,2230,202012,25,845,154679,931951,TEXAS,48,2020,December,Freezing Fog,Z,248,ZAPATA,48248,BRO,24-DEC-20 22:30:00,CST-6,25-DEC-20 08:45:00,0,0,0,0,0.00K,0.00K,AWOS,NA,NA,NA,NA,NA,NA,NA,NA,NA,NA,NA,NA,NA,NA,NA,NA,NA,NA,NA,NA,NA,"A very dry airmass was in place over most of Texas and northern Mexico on the morning of December 25th, 2020. The dry air and clear skies allowed for very efficient radiational cooling to occur through the early morning hours, which resulted in many locations falling to and below the freezing mark for the third time of the month.","Low temperatures fell to or below 32 degrees at 10:30 PM on December 24th and continued through 8:45 AM on the 25th. Minimum temperatures fell to the middle 20s, with 26 degrees as the measured low at Zapata Airport.",CSV
202012,12,905,202012,12,915,153722,925612,OREGON,41,2020,December,Freezing Fog,Z,29,KLAMATH BASIN,41029,MFR,12-DEC-20 09:05:00,PST-8,12-DEC-20 09:15:00,0,2,0,1,0.00K,0.00K,Law Enforcement,NA,NA,NA,NA,NA,NA,NA,NA,NA,NA,NA,NA,NA,NA,NA,NA,NA,NA,NA,NA,NA,"At around 9:10 AM PST on 12/12/20, a pickup truck on Highway 97 just north of the OR/CA border crossed the median and hit a southbound semi-truck. The driver of the pickup was killed, and his passenger and the semi-driver were seriously injured. As traffic backed up behind the scene, six more vehicles crashed and more than 10 left the roadway, including several semis. The highway was closed for more than four hours. Around the same time, Klamath Falls police were responding to another accident on Highway 97 just north of town, when another semi lost control and struck three police cars and a fire engine. The driver fled the scene and has not been apprehended as of the night of 12/12/20. Minutes after the first collision, another semi collided with the same fire truck, resulting in heavy damage. Oregon state police also reported numerous crashes on an icy Highway 39 near Merrill, OR (also just north of the CA/OR state line). Police reports stated nearly all involved were travelling too fast for icy road conditions. Road conditions at the time of the accident were reported to be icy due to overnight snow and ongoing freezing fog. The KLMT ASOS reported visibility of less than a quarter of a mile and freezing fog at the time of the accidents, with a temperature of 17 degrees. A Co-Op observer at Keno, OR, around the same time as and near the scene of the fatal accident, reported 2.5 of snow in the previous 24 hours, with freezing fog and a temperature of 19 degrees at the time of observation.|Highway 97 was closed for over 4 hours. Three police cars and a fire truck, along with many civilian and commercial vehicles were heavily damaged. There were numerous injuries. A Freezing Fog Advisory issued for Klamath Falls and surrounding areas at 9:18 AM, effective until Noon PST.","At around 9:10 AM PST on 12/12/20, a pickup truck on Highway 97 just north of the OR/CA border crossed the median and hit a southbound semi-truck. The driver of the pickup was killed, and his passenger and the semi-driver were seriously injured. As traffic backed up behind the scene, six more vehicles crashed and more than 10 left the roadway, including several semis. The highway was closed for more than four hours. Around the same time, Klamath Falls police were responding to another accident on Highway 97 just north of town, when another semi lost control and struck three police cars and a fire engine. The driver fled the scene and has not been apprehended as of the night of 12/12/20. Minutes after the first collision, another semi collided with the same fire truck, resulting in heavy damage. Oregon state police also reported numerous crashes on an icy Highway 39 near Merrill, OR (also just north of the CA/OR state line). Police reports stated nearly all involved were travelling too fast for icy road conditions. Road conditions at the time of the accident were reported to be icy due to overnight snow and ongoing freezing fog. The KLMT ASOS reported visibility of less than a quarter of a mile and freezing fog at the time of the accidents, with a temperature of 17 degrees. A cooperative observer at Keno, OR, around the same time as and near the scene of the fatal accident, reported 2.5 of snow in the previous 24 hours, with freezing fog and a temperature of 19 degrees at the time of observation.|Highway 97 was closed for over 4 hours. Three police cars and a fire truck, along with many civilian and commercial vehicles were heavily damaged. There were numerous injuries. A Freezing Fog Advisory issued for Klamath Falls and surrounding areas at 9:18 AM, effective until Noon PST.",CSV
202102,9,1200,202102,11,1300,156569,945921,OKLAHOMA,40,2021,February,Freezing Fog,Z,3,BEAVER,40003,AMA,09-FEB-21 12:00:00,CST-6,11-FEB-21 13:00:00,0,0,0,0,NA,NA,Utility Company,NA,NA,NA,NA,NA,NA,NA,NA,NA,NA,NA,NA,NA,NA,NA,NA,NA,NA,NA,NA,NA,"A historic outbreak of arctic air resulted in record breaking cold temperatures during an extreme cold spell that lasted almost two weeks for some locations across the combined Texas and Oklahoma Panhandles. The cold air moved over the northeastern combined Panhandles as early as Feb 8th, and spread southwest through Feb 12th, engulfing most of the southern plains by Feb 13th. The northeast Panhandles remained below freezing for 12 days straight while the southwest Panhandles were below freezing for a full week or more. Periods of flurries and freezing fog also occurred mainly in the overnight and morning periods almost each day Feb 8th through Feb 18th. In addition, two storm systems interacted with the arctic air to produce several inches of snow, not only across the Panhandles but across most of the Great Plains, including almost the entire state of Texas and surrounding states. ||The frigid arctic air would put a strain on area power grids, resulting in rotating blackouts for some locations (this was much worse for other portions of Texas due to a state wide power crises felt most on the ERCOT power grid). The extreme cold also caused multiple indirect fatalities in the Texas Panhandle and led to school closings due to winter weather and/or the Texas energy crises that required measures to strongly limit energy consumption. The cold also halted plant operations due to issues with natural gas fuel, killed some livestock and also caused localized damage to residences and schools due to freezing water pipes. There were isolated reports of private water wells freezing up across the area. In addition, several municipal water wells in the southeast Texas Panhandle froze up and sustained damage (Donley County) during this time. There was also reported damage to water treatment facilities in Oldham County.||While local impacts in the Panhandle were less than the rest of Texas because the region's infrastructure is more built to handle major cold outbreaks, losses in the state of Texas were estimated to be well into the billions. Impacts from the power disruptions and natural gas fuel issues caused by the cold were certainly felt well outside of the worst hit areas and this included the Texas and Oklahoma Panhandles. For example, local dairy production was halted for a period of time because the processing plants located outside the Panhandles were without power and unable to operate. Farmers were forced to dispose of milk produced during this timeframe. Damage outside the Panhandles to the southeast was extensive due to power interruptions within the ERCOT power grid which led to numerous broken pipes and damages down state in Texas. These greater disruptions impacted the far southeast Texas Panhandle, which was the only area that was included on the ERCOT power grid at the time.",A prolonged period of freezing fog after an initial arctic front moved into the region caused several power lines across the county to be downed and even snapped a few poles.,CSV
202102,1,0,202102,3,1000,156493,946133,NORTH DAKOTA,38,2021,February,Freezing Fog,Z,48,LA MOURE,38048,BIS,01-FEB-21 00:00:00,CST-6,03-FEB-21 10:00:00,0,0,0,0,65.00K,0.00K,Utility Company,NA,NA,NA,NA,NA,NA,NA,NA,NA,NA,NA,NA,NA,NA,NA,NA,NA,NA,NA,NA,NA,"Multiple days of dense fog combined with below freezing temperatures led to rime ice forming on power lines over portions of south central North Dakota into the southern James River Valley. Many power lines had rime ice accumulations of over three inches  diameter, which led to lines sagging and some snapping. This included not only distribution lines, but also main transmission lines which feed power to substations. Approximately 2,000 electric customers suffered power outages, with some outages lasting a couple of days. Through the event, linemen were repairing snapped lines and manually clearing ice off the lines to prevent further breakage. In addition, 14 wooden power poles were broken from the weight of the ice covered lines.","Multiple days of freezing fog led to rime ice accumulation on power lines in LaMoure and Dickey counties. Approximately 1,300 services in total between the two counties experienced outages. Six power poles, in total, were broken, and some substations went down due to transmission line outages.",CSV
202102,1,0,202102,3,1000,156493,945303,NORTH DAKOTA,38,2021,February,Freezing Fog,Z,51,DICKEY,38051,BIS,01-FEB-21 00:00:00,CST-6,03-FEB-21 10:00:00,0,0,0,0,65.00K,0.00K,Utility Company,NA,NA,NA,NA,NA,NA,NA,NA,NA,NA,NA,NA,NA,NA,NA,NA,NA,NA,NA,NA,NA,"Multiple days of dense fog combined with below freezing temperatures led to rime ice forming on power lines over portions of south central North Dakota into the southern James River Valley. Many power lines had rime ice accumulations of over three inches  diameter, which led to lines sagging and some snapping. This included not only distribution lines, but also main transmission lines which feed power to substations. Approximately 2,000 electric customers suffered power outages, with some outages lasting a couple of days. Through the event, linemen were repairing snapped lines and manually clearing ice off the lines to prevent further breakage. In addition, 14 wooden power poles were broken from the weight of the ice covered lines.","Multiple days of freezing fog led to rime ice accumulation on power lines in Dickey and LaMoure counties. Approximately 1,300 services in total between the two counties experienced outages. Six power poles, in total, were broken, and some substations went down due to transmission line outages.",CSV
202102,1,0,202102,3,1000,156493,945304,NORTH DAKOTA,38,2021,February,Freezing Fog,Z,50,MCINTOSH,38050,BIS,01-FEB-21 00:00:00,CST-6,03-FEB-21 10:00:00,0,0,0,0,175.00K,0.00K,Utility Company,NA,NA,NA,NA,NA,NA,NA,NA,NA,NA,NA,NA,NA,NA,NA,NA,NA,NA,NA,NA,NA,"Multiple days of dense fog combined with below freezing temperatures led to rime ice forming on power lines over portions of south central North Dakota into the southern James River Valley. Many power lines had rime ice accumulations of over three inches  diameter, which led to lines sagging and some snapping. This included not only distribution lines, but also main transmission lines which feed power to substations. Approximately 2,000 electric customers suffered power outages, with some outages lasting a couple of days. Through the event, linemen were repairing snapped lines and manually clearing ice off the lines to prevent further breakage. In addition, 14 wooden power poles were broken from the weight of the ice covered lines.","Multiple days of freezing fog led to rime ice accumulation on power lines. This led to 707 services and three substations loosing power in the McIntosh, Logan, and Emmons County areas. McIntosh County was hardest hit with the loss of eight power poles.",CSV
202102,1,0,202102,3,1000,156493,945308,NORTH DAKOTA,38,2021,February,Freezing Fog,Z,47,LOGAN,38047,BIS,01-FEB-21 00:00:00,CST-6,03-FEB-21 10:00:00,0,0,0,0,40.00K,0.00K,Utility Company,NA,NA,NA,NA,NA,NA,NA,NA,NA,NA,NA,NA,NA,NA,NA,NA,NA,NA,NA,NA,NA,"Multiple days of dense fog combined with below freezing temperatures led to rime ice forming on power lines over portions of south central North Dakota into the southern James River Valley. Many power lines had rime ice accumulations of over three inches  diameter, which led to lines sagging and some snapping. This included not only distribution lines, but also main transmission lines which feed power to substations. Approximately 2,000 electric customers suffered power outages, with some outages lasting a couple of days. Through the event, linemen were repairing snapped lines and manually clearing ice off the lines to prevent further breakage. In addition, 14 wooden power poles were broken from the weight of the ice covered lines.","Multiple days of freezing fog led to rime ice accumulation on power lines. This led to 707 services and three substations loosing power in the Logan, McIntosh and Emmons County areas.",CSV
202102,1,0,202102,3,1000,156493,945309,NORTH DAKOTA,38,2021,February,Freezing Fog,Z,46,EMMONS,38046,BIS,01-FEB-21 00:00:00,CST-6,03-FEB-21 10:00:00,0,0,0,0,40.00K,0.00K,Utility Company,NA,NA,NA,NA,NA,NA,NA,NA,NA,NA,NA,NA,NA,NA,NA,NA,NA,NA,NA,NA,NA,"Multiple days of dense fog combined with below freezing temperatures led to rime ice forming on power lines over portions of south central North Dakota into the southern James River Valley. Many power lines had rime ice accumulations of over three inches  diameter, which led to lines sagging and some snapping. This included not only distribution lines, but also main transmission lines which feed power to substations. Approximately 2,000 electric customers suffered power outages, with some outages lasting a couple of days. Through the event, linemen were repairing snapped lines and manually clearing ice off the lines to prevent further breakage. In addition, 14 wooden power poles were broken from the weight of the ice covered lines.","Multiple days of freezing fog led to rime ice accumulation on power lines. This led to 707 services and three substations loosing power in the Emmons, McIntosh and Logan County areas.",CSV
202102,1,0,202102,3,2300,156444,944834,SOUTH DAKOTA,46,2021,February,Freezing Fog,Z,4,CAMPBELL,46004,ABR,01-FEB-21 00:00:00,CST-6,03-FEB-21 23:00:00,0,0,0,0,NA,0.00K,Newspaper,NA,NA,NA,NA,NA,NA,NA,NA,NA,NA,NA,NA,NA,NA,NA,NA,NA,NA,NA,NA,NA,"Several periods of dense freezing fog from late January into early February brought heavy riming/ice buildup on power lines across much of north central South Dakota.  The heavy riming/ice buildup caused utility poles to lean, lines to sag, and wires to come into contact and fail.  Most of the outages were west of Highway 281 to the Missouri River.  The rime/ice buildup in some places was the circumference of a quart jar weighting down the lines close enough to the ground to touch.",NA,CSV
202102,1,0,202102,3,2300,156444,944840,SOUTH DAKOTA,46,2021,February,Freezing Fog,Z,9,WALWORTH,46009,ABR,01-FEB-21 00:00:00,CST-6,03-FEB-21 23:00:00,0,0,0,0,NA,0.00K,Newspaper,NA,NA,NA,NA,NA,NA,NA,NA,NA,NA,NA,NA,NA,NA,NA,NA,NA,NA,NA,NA,NA,"Several periods of dense freezing fog from late January into early February brought heavy riming/ice buildup on power lines across much of north central South Dakota.  The heavy riming/ice buildup caused utility poles to lean, lines to sag, and wires to come into contact and fail.  Most of the outages were west of Highway 281 to the Missouri River.  The rime/ice buildup in some places was the circumference of a quart jar weighting down the lines close enough to the ground to touch.",NA,CSV
202102,1,0,202102,3,2300,156444,944841,SOUTH DAKOTA,46,2021,February,Freezing Fog,Z,16,POTTER,46016,ABR,01-FEB-21 00:00:00,CST-6,03-FEB-21 23:00:00,0,0,0,0,NA,0.00K,Newspaper,NA,NA,NA,NA,NA,NA,NA,NA,NA,NA,NA,NA,NA,NA,NA,NA,NA,NA,NA,NA,NA,"Several periods of dense freezing fog from late January into early February brought heavy riming/ice buildup on power lines across much of north central South Dakota.  The heavy riming/ice buildup caused utility poles to lean, lines to sag, and wires to come into contact and fail.  Most of the outages were west of Highway 281 to the Missouri River.  The rime/ice buildup in some places was the circumference of a quart jar weighting down the lines close enough to the ground to touch.",NA,CSV
202102,1,0,202102,3,2300,156444,944843,SOUTH DAKOTA,46,2021,February,Freezing Fog,Z,5,MCPHERSON,46005,ABR,01-FEB-21 00:00:00,CST-6,03-FEB-21 23:00:00,0,0,0,0,NA,0.00K,Newspaper,NA,NA,NA,NA,NA,NA,NA,NA,NA,NA,NA,NA,NA,NA,NA,NA,NA,NA,NA,NA,NA,"Several periods of dense freezing fog from late January into early February brought heavy riming/ice buildup on power lines across much of north central South Dakota.  The heavy riming/ice buildup caused utility poles to lean, lines to sag, and wires to come into contact and fail.  Most of the outages were west of Highway 281 to the Missouri River.  The rime/ice buildup in some places was the circumference of a quart jar weighting down the lines close enough to the ground to touch.",NA,CSV
202102,1,0,202102,3,2300,156444,944844,SOUTH DAKOTA,46,2021,February,Freezing Fog,Z,10,EDMUNDS,46010,ABR,01-FEB-21 00:00:00,CST-6,03-FEB-21 23:00:00,0,0,0,0,NA,0.00K,Newspaper,NA,NA,NA,NA,NA,NA,NA,NA,NA,NA,NA,NA,NA,NA,NA,NA,NA,NA,NA,NA,NA,"Several periods of dense freezing fog from late January into early February brought heavy riming/ice buildup on power lines across much of north central South Dakota.  The heavy riming/ice buildup caused utility poles to lean, lines to sag, and wires to come into contact and fail.  Most of the outages were west of Highway 281 to the Missouri River.  The rime/ice buildup in some places was the circumference of a quart jar weighting down the lines close enough to the ground to touch.",NA,CSV
202210,27,200,202210,27,1000,173963,1055074,OREGON,41,2022,October,Freezing Fog,Z,24,EASTERN CURRY COUNTY & JOSEPHINE COUNTY,41024,MFR,27-OCT-22 02:00:00,PST-8,27-OCT-22 10:00:00,0,0,0,0,0.00K,0.00K,Official NWS Observations,NA,NA,NA,NA,NA,NA,NA,NA,NA,NA,NA,NA,NA,NA,NA,NA,NA,NA,NA,NA,NA,Mostly clear skies and a cold air mass allowed temperatures to drop below freezing in the valleys of southwest Oregon.,Reported low temperatures in this zone ranged from 27 to 35 degrees.,CSV
202210,27,200,202210,27,1000,173963,1055075,OREGON,41,2022,October,Freezing Fog,Z,26,JACKSON COUNTY,41026,MFR,27-OCT-22 02:00:00,PST-8,27-OCT-22 10:00:00,0,0,0,0,0.00K,0.00K,Official NWS Observations,NA,NA,NA,NA,NA,NA,NA,NA,NA,NA,NA,NA,NA,NA,NA,NA,NA,NA,NA,NA,NA,Mostly clear skies and a cold air mass allowed temperatures to drop below freezing in the valleys of southwest Oregon.,Reported low temperatures in this zone ranged from 27 to 39 degrees.,CSV
202212,17,1800,202212,17,2100,176476,1071531,IDAHO,16,2022,December,Freezing Fog,Z,53,UPPER SNAKE RIVER PLAIN,16053,PIH,17-DEC-22 18:00:00,MST-7,17-DEC-22 21:00:00,0,0,0,1,0.00K,0.00K,Law Enforcement,NA,NA,NA,NA,NA,NA,NA,NA,NA,NA,NA,NA,NA,NA,NA,NA,NA,NA,NA,NA,NA,A fatal accident occurred on December 17th at 715 Pm MST on S 15th St E in Idaho Falls near Sandy Downs.  It was suspected weather may have been a factor as low visibility in fog and icy roads may have occurred.    A car slid off the road and a second vehicle was attempting to get the vehicle out of the snow.  A third vehicle struck the sedon vehicle pushing it into the first vehicle and a woman was between the first and second vehicles and died from her injuries.   the victim was a 58 year old female from Eastern Idaho.,A fatal accident occurred on December 17th at 715 Pm MST on S 15th St E in Idaho Falls near Sandy Downs.  It was suspected weather may have been a factor as low visibility in fog and icy roads may have occurred.    A car slid off the road and a second vehicle was attempting to get the vehicle out of the snow.  A third vehicle struck the sedon vehicle pushing it into the first vehicle and a woman was between the first and second vehicles and died from her injuries.   the victim was a 58 year old female from Eastern Idaho.,CSV
202303,1,0,202303,1,800,177671,1080543,PENNSYLVANIA,42,2023,March,Freezing Fog,Z,60,BERKS,42060,PHI,01-MAR-23 00:00:00,EST-5,01-MAR-23 08:00:00,0,0,0,0,NA,NA,ASOS,NA,NA,NA,NA,NA,NA,NA,NA,NA,NA,NA,NA,NA,NA,NA,NA,NA,NA,NA,NA,NA,Radiational cooling under high pressure combined with lingering low-level moisture from recent precipitation resulted in several hours of dense freezing fog across eastern Pennsylvania early on March 1st. The fog dissipated shortly after sunrise.,Several hours of dense freezing fog was observed at Reading Regional Airport.,CSV
202303,1,0,202303,1,800,177671,1080544,PENNSYLVANIA,42,2023,March,Freezing Fog,Z,61,LEHIGH,42061,PHI,01-MAR-23 00:00:00,EST-5,01-MAR-23 08:00:00,0,0,0,0,NA,NA,AWOS,NA,NA,NA,NA,NA,NA,NA,NA,NA,NA,NA,NA,NA,NA,NA,NA,NA,NA,NA,NA,NA,Radiational cooling under high pressure combined with lingering low-level moisture from recent precipitation resulted in several hours of dense freezing fog across eastern Pennsylvania early on March 1st. The fog dissipated shortly after sunrise.,Several hours of dense freezing fog was observed at Queen City Airport.,CSV
202303,1,0,202303,1,800,177671,1080545,PENNSYLVANIA,42,2023,March,Freezing Fog,Z,54,CARBON,42054,PHI,01-MAR-23 00:00:00,EST-5,01-MAR-23 08:00:00,0,0,0,0,NA,NA,AWOS,NA,NA,NA,NA,NA,NA,NA,NA,NA,NA,NA,NA,NA,NA,NA,NA,NA,NA,NA,NA,NA,Radiational cooling under high pressure combined with lingering low-level moisture from recent precipitation resulted in several hours of dense freezing fog across eastern Pennsylvania early on March 1st. The fog dissipated shortly after sunrise.,Several hours of dense freezing fog was observed at Lehighton Airport.,CSV
202301,10,440,202301,10,440,176118,1069180,IOWA,19,2023,January,Freezing Fog,Z,64,JOHNSON,19064,DVN,10-JAN-23 04:40:00,CST-6,10-JAN-23 04:40:00,0,0,0,2,NA,NA,Law Enforcement,NA,NA,NA,NA,NA,NA,NA,NA,NA,NA,NA,NA,NA,NA,NA,NA,NA,NA,NA,NA,NA,"Dense fog developed across portions of eastern Iowa overnight on the 9th and into the 10th, with visibilities to a quarter mile at times through the mid morning. Freezing fog resulted in slippery pavement. Early in the morning, a crash resulted on Interstate 80 due to ice covered roads. This incident led to two fatalities and several injuries.","Iowa State Patrol responded to a crash due to ice-covered roads, caused by overnight freezing fog and drizzle. A semi truck driver lost control of their vehicle and jackknifed on Interstate 80, which led to two fatalities and several injuries. Total number of injuries are unknown. 16 total cars were involved in the pile-up that morning.",CSV
202312,14,400,202312,14,1300,187908,1154086,IDAHO,16,2023,December,Freezing Fog,Z,54,LOWER SNAKE RIVER PLAIN,16054,PIH,14-DEC-23 04:00:00,MST-7,14-DEC-23 13:00:00,0,0,0,0,NA,0.00K,Department of Highways,NA,NA,NA,NA,NA,NA,NA,NA,NA,NA,NA,NA,NA,NA,NA,NA,NA,NA,NA,NA,NA,A multi vehicle crash occurred at around 740 AM near mile marker 89 near Blackfoot on interstate 15 that backed up traffic for miles.  It was suspected freezing fog and black ice may have played a role in the accidents.  The interstate was shut down for two hours and it was not until 10 AM that everything was cleared out.,A multi vehicle crash occurred at around 740 AM near mile marker 89 near Blackfoot on interstate 15 that backed up traffic for miles.  It was suspected freezing fog and black ice may have played a role in the accidents.  The interstate was shut down for two hours and it was not until 10 AM that everything was cleared out.,CSV
202311,25,2200,202311,26,1738,187195,1149594,WASHINGTON,53,2023,November,Freezing Fog,Z,34,MOSES LAKE AREA,53034,OTX,25-NOV-23 22:00:00,PST-8,26-NOV-23 17:38:00,5,0,0,0,5.00K,0.00K,Department of Highways,NA,NA,NA,NA,NA,NA,NA,NA,NA,NA,NA,NA,NA,NA,NA,NA,NA,NA,NA,NA,NA,"Several days of light drizzle, freezing temperatures, and dense freezing fog caused light ice accumulation on the area roadways across the Central Columbia Basin. It lead to several vehicle accidents.",Freezing fog around Othello led to icy road conditions and caused two accidents. First accident occurred 4 miles West of Othello on state route 26. Vehicle lost control and landed in ditch injuring 5 occupants. Second accident occurred state route 17 North of Othello. Tanker crashed and released 10000 gallons of fuel causing closure of the roadway through 1738LST.,CSV
202303,15,0,202303,15,900,176993,1088292,ALABAMA,1,2023,March,Freezing Fog,Z,16,CULLMAN,01016,HUN,15-MAR-23 00:00:00,CST-6,15-MAR-23 09:00:00,0,0,0,0,0.00K,0.00K,Mesonet,NA,NA,NA,NA,NA,NA,NA,NA,NA,NA,NA,NA,NA,NA,NA,NA,NA,NA,NA,NA,NA,Temperatures fell into the middle 20s to around 30 degrees during the morning of the 15th.,Temperatures dropped from 32 degrees into the 25 to 30 degree range during the early morning hours on the 15th.,CSV
202312,4,2300,202312,5,500,187626,1152140,KENTUCKY,21,2023,December,Freezing Fog,Z,4,BALLARD,21004,PAH,04-DEC-23 23:00:00,CST-6,05-DEC-23 05:00:00,0,0,0,0,0.00K,0.00K,AWOS,NA,NA,NA,NA,NA,NA,NA,NA,NA,NA,NA,NA,NA,NA,NA,NA,NA,NA,NA,NA,NA,Widespread dense freezing fog reduced visibility to one-quarter mile or less in portions of Western Kentucky near the Ohio/Mississippi River confluence and in portions of the Pennyrile. Fog development occurred in an area of clear skies and calm winds ahead of a cold frontal passage.,NA,CSV
202312,4,2300,202312,5,500,187626,1152142,KENTUCKY,21,2023,December,Freezing Fog,Z,3,CARLISLE,21003,PAH,04-DEC-23 23:00:00,CST-6,05-DEC-23 05:00:00,0,0,0,0,0.00K,0.00K,AWOS,NA,NA,NA,NA,NA,NA,NA,NA,NA,NA,NA,NA,NA,NA,NA,NA,NA,NA,NA,NA,NA,Widespread dense freezing fog reduced visibility to one-quarter mile or less in portions of Western Kentucky near the Ohio/Mississippi River confluence and in portions of the Pennyrile. Fog development occurred in an area of clear skies and calm winds ahead of a cold frontal passage.,NA,CSV
202312,4,2300,202312,5,500,187626,1152143,KENTUCKY,21,2023,December,Freezing Fog,Z,2,HICKMAN,21002,PAH,04-DEC-23 23:00:00,CST-6,05-DEC-23 05:00:00,0,0,0,0,0.00K,0.00K,AWOS,NA,NA,NA,NA,NA,NA,NA,NA,NA,NA,NA,NA,NA,NA,NA,NA,NA,NA,NA,NA,NA,Widespread dense freezing fog reduced visibility to one-quarter mile or less in portions of Western Kentucky near the Ohio/Mississippi River confluence and in portions of the Pennyrile. Fog development occurred in an area of clear skies and calm winds ahead of a cold frontal passage.,NA,CSV
202312,4,2300,202312,5,500,187626,1152144,KENTUCKY,21,2023,December,Freezing Fog,Z,1,FULTON,21001,PAH,04-DEC-23 23:00:00,CST-6,05-DEC-23 05:00:00,0,0,0,0,0.00K,0.00K,AWOS,NA,NA,NA,NA,NA,NA,NA,NA,NA,NA,NA,NA,NA,NA,NA,NA,NA,NA,NA,NA,NA,Widespread dense freezing fog reduced visibility to one-quarter mile or less in portions of Western Kentucky near the Ohio/Mississippi River confluence and in portions of the Pennyrile. Fog development occurred in an area of clear skies and calm winds ahead of a cold frontal passage.,NA,CSV
202312,4,2300,202312,5,500,187626,1152145,KENTUCKY,21,2023,December,Freezing Fog,Z,6,GRAVES,21006,PAH,04-DEC-23 23:00:00,CST-6,05-DEC-23 05:00:00,0,0,0,0,0.00K,0.00K,AWOS,NA,NA,NA,NA,NA,NA,NA,NA,NA,NA,NA,NA,NA,NA,NA,NA,NA,NA,NA,NA,NA,Widespread dense freezing fog reduced visibility to one-quarter mile or less in portions of Western Kentucky near the Ohio/Mississippi River confluence and in portions of the Pennyrile. Fog development occurred in an area of clear skies and calm winds ahead of a cold frontal passage.,NA,CSV
202312,4,2300,202312,5,500,187626,1152147,KENTUCKY,21,2023,December,Freezing Fog,Z,10,CRITTENDEN,21010,PAH,04-DEC-23 23:00:00,CST-6,05-DEC-23 05:00:00,0,0,0,0,0.00K,0.00K,AWOS,NA,NA,NA,NA,NA,NA,NA,NA,NA,NA,NA,NA,NA,NA,NA,NA,NA,NA,NA,NA,NA,Widespread dense freezing fog reduced visibility to one-quarter mile or less in portions of Western Kentucky near the Ohio/Mississippi River confluence and in portions of the Pennyrile. Fog development occurred in an area of clear skies and calm winds ahead of a cold frontal passage.,NA,CSV
202312,4,2300,202312,5,500,187626,1152148,KENTUCKY,21,2023,December,Freezing Fog,Z,13,CALDWELL,21013,PAH,04-DEC-23 23:00:00,CST-6,05-DEC-23 05:00:00,0,0,0,0,0.00K,0.00K,AWOS,NA,NA,NA,NA,NA,NA,NA,NA,NA,NA,NA,NA,NA,NA,NA,NA,NA,NA,NA,NA,NA,Widespread dense freezing fog reduced visibility to one-quarter mile or less in portions of Western Kentucky near the Ohio/Mississippi River confluence and in portions of the Pennyrile. Fog development occurred in an area of clear skies and calm winds ahead of a cold frontal passage.,NA,CSV
202312,4,2300,202312,5,500,187626,1152149,KENTUCKY,21,2023,December,Freezing Fog,Z,15,WEBSTER,21015,PAH,04-DEC-23 23:00:00,CST-6,05-DEC-23 05:00:00,0,0,0,0,0.00K,0.00K,AWOS,NA,NA,NA,NA,NA,NA,NA,NA,NA,NA,NA,NA,NA,NA,NA,NA,NA,NA,NA,NA,NA,Widespread dense freezing fog reduced visibility to one-quarter mile or less in portions of Western Kentucky near the Ohio/Mississippi River confluence and in portions of the Pennyrile. Fog development occurred in an area of clear skies and calm winds ahead of a cold frontal passage.,NA,CSV
202312,4,2300,202312,5,500,187626,1152150,KENTUCKY,21,2023,December,Freezing Fog,Z,16,HOPKINS,21016,PAH,04-DEC-23 23:00:00,CST-6,05-DEC-23 05:00:00,0,0,0,0,0.00K,0.00K,AWOS,NA,NA,NA,NA,NA,NA,NA,NA,NA,NA,NA,NA,NA,NA,NA,NA,NA,NA,NA,NA,NA,Widespread dense freezing fog reduced visibility to one-quarter mile or less in portions of Western Kentucky near the Ohio/Mississippi River confluence and in portions of the Pennyrile. Fog development occurred in an area of clear skies and calm winds ahead of a cold frontal passage.,NA,CSV
202312,4,2300,202312,5,500,187626,1152151,KENTUCKY,21,2023,December,Freezing Fog,Z,17,CHRISTIAN,21017,PAH,04-DEC-23 23:00:00,CST-6,05-DEC-23 05:00:00,0,0,0,0,0.00K,0.00K,AWOS,NA,NA,NA,NA,NA,NA,NA,NA,NA,NA,NA,NA,NA,NA,NA,NA,NA,NA,NA,NA,NA,Widespread dense freezing fog reduced visibility to one-quarter mile or less in portions of Western Kentucky near the Ohio/Mississippi River confluence and in portions of the Pennyrile. Fog development occurred in an area of clear skies and calm winds ahead of a cold frontal passage.,NA,CSV
202312,4,2300,202312,5,500,187626,1152152,KENTUCKY,21,2023,December,Freezing Fog,Z,19,DAVIESS,21019,PAH,04-DEC-23 23:00:00,CST-6,05-DEC-23 05:00:00,0,0,0,0,0.00K,0.00K,AWOS,NA,NA,NA,NA,NA,NA,NA,NA,NA,NA,NA,NA,NA,NA,NA,NA,NA,NA,NA,NA,NA,Widespread dense freezing fog reduced visibility to one-quarter mile or less in portions of Western Kentucky near the Ohio/Mississippi River confluence and in portions of the Pennyrile. Fog development occurred in an area of clear skies and calm winds ahead of a cold frontal passage.,NA,CSV
202312,4,2300,202312,5,500,187626,1152153,KENTUCKY,21,2023,December,Freezing Fog,Z,20,MCLEAN,21020,PAH,04-DEC-23 23:00:00,CST-6,05-DEC-23 05:00:00,0,0,0,0,0.00K,0.00K,AWOS,NA,NA,NA,NA,NA,NA,NA,NA,NA,NA,NA,NA,NA,NA,NA,NA,NA,NA,NA,NA,NA,Widespread dense freezing fog reduced visibility to one-quarter mile or less in portions of Western Kentucky near the Ohio/Mississippi River confluence and in portions of the Pennyrile. Fog development occurred in an area of clear skies and calm winds ahead of a cold frontal passage.,NA,CSV
202312,4,2300,202312,5,500,187626,1152154,KENTUCKY,21,2023,December,Freezing Fog,Z,21,MUHLENBERG,21021,PAH,04-DEC-23 23:00:00,CST-6,05-DEC-23 05:00:00,0,0,0,0,0.00K,0.00K,AWOS,NA,NA,NA,NA,NA,NA,NA,NA,NA,NA,NA,NA,NA,NA,NA,NA,NA,NA,NA,NA,NA,Widespread dense freezing fog reduced visibility to one-quarter mile or less in portions of Western Kentucky near the Ohio/Mississippi River confluence and in portions of the Pennyrile. Fog development occurred in an area of clear skies and calm winds ahead of a cold frontal passage.,NA,CSV
202312,4,2300,202312,5,300,187624,1152137,ILLINOIS,17,2023,December,Freezing Fog,Z,92,ALEXANDER,17092,PAH,04-DEC-23 23:00:00,CST-6,05-DEC-23 03:00:00,0,0,0,0,0.00K,0.00K,AWOS,NA,NA,NA,NA,NA,NA,NA,NA,NA,NA,NA,NA,NA,NA,NA,NA,NA,NA,NA,NA,NA,Widespread dense freezing fog reduced visibility to one-quarter mile or less in the southernmost portions of Illinois near the Ohio/Mississippi River confluence. Fog development occurred in an area of clear skies and calm winds ahead of a cold frontal passage.,NA,CSV
202312,4,2300,202312,5,300,187624,1152138,ILLINOIS,17,2023,December,Freezing Fog,Z,93,PULASKI,17093,PAH,04-DEC-23 23:00:00,CST-6,05-DEC-23 03:00:00,0,0,0,0,0.00K,0.00K,AWOS,NA,NA,NA,NA,NA,NA,NA,NA,NA,NA,NA,NA,NA,NA,NA,NA,NA,NA,NA,NA,NA,Widespread dense freezing fog reduced visibility to one-quarter mile or less in the southernmost portions of Illinois near the Ohio/Mississippi River confluence. Fog development occurred in an area of clear skies and calm winds ahead of a cold frontal passage.,NA,CSV
202312,4,2300,202312,5,200,187625,1152135,INDIANA,18,2023,December,Freezing Fog,Z,88,SPENCER,18088,PAH,04-DEC-23 23:00:00,CST-6,05-DEC-23 02:00:00,0,0,0,0,0.00K,0.00K,AWOS,NA,NA,NA,NA,NA,NA,NA,NA,NA,NA,NA,NA,NA,NA,NA,NA,NA,NA,NA,NA,NA,Widespread dense freezing fog reduced visibility to one-quarter mile or less in portions of Southwest Indiana near the Ohio River. Fog development occurred in an area of clear skies and calm winds ahead of a cold frontal passage.,NA,CSV
202312,4,2300,202312,5,200,187625,1152136,INDIANA,18,2023,December,Freezing Fog,Z,87,WARRICK,18087,PAH,04-DEC-23 23:00:00,CST-6,05-DEC-23 02:00:00,0,0,0,0,0.00K,0.00K,AWOS,NA,NA,NA,NA,NA,NA,NA,NA,NA,NA,NA,NA,NA,NA,NA,NA,NA,NA,NA,NA,NA,Widespread dense freezing fog reduced visibility to one-quarter mile or less in portions of Southwest Indiana near the Ohio River. Fog development occurred in an area of clear skies and calm winds ahead of a cold frontal passage.,NA,CSV
202312,4,2300,202312,5,200,187627,1152124,MISSOURI,29,2023,December,Freezing Fog,Z,87,CAPE GIRARDEAU,29087,PAH,04-DEC-23 23:00:00,CST-6,05-DEC-23 02:00:00,0,0,0,0,0.00K,0.00K,ASOS,NA,NA,NA,NA,NA,NA,NA,NA,NA,NA,NA,NA,NA,NA,NA,NA,NA,NA,NA,NA,NA,Widespread dense freezing fog reduced visibility to one-quarter mile or less in far southeastern Missouri near the Ohio/Mississippi River confluence. Fog development occurred in an area of clear skies and calm winds ahead of a cold frontal passage.,NA,CSV
202312,4,2300,202312,5,200,187627,1152125,MISSOURI,29,2023,December,Freezing Fog,Z,111,SCOTT,29111,PAH,04-DEC-23 23:00:00,CST-6,05-DEC-23 02:00:00,0,0,0,0,0.00K,0.00K,AWOS,NA,NA,NA,NA,NA,NA,NA,NA,NA,NA,NA,NA,NA,NA,NA,NA,NA,NA,NA,NA,NA,Widespread dense freezing fog reduced visibility to one-quarter mile or less in far southeastern Missouri near the Ohio/Mississippi River confluence. Fog development occurred in an area of clear skies and calm winds ahead of a cold frontal passage.,NA,CSV
202312,4,2300,202312,5,200,187627,1152134,MISSOURI,29,2023,December,Freezing Fog,Z,112,MISSISSIPPI,29112,PAH,04-DEC-23 23:00:00,CST-6,05-DEC-23 02:00:00,0,0,0,0,0.00K,0.00K,AWOS,NA,NA,NA,NA,NA,NA,NA,NA,NA,NA,NA,NA,NA,NA,NA,NA,NA,NA,NA,NA,NA,Widespread dense freezing fog reduced visibility to one-quarter mile or less in far southeastern Missouri near the Ohio/Mississippi River confluence. Fog development occurred in an area of clear skies and calm winds ahead of a cold frontal passage.,NA,CSV
202312,19,946,202312,19,946,187064,1148110,SOUTH DAKOTA,46,2023,December,Freezing Fog,Z,21,GRANT,46021,ABR,19-DEC-23 09:46:00,CST-6,19-DEC-23 09:46:00,0,0,0,0,NA,NA,Law Enforcement,NA,NA,NA,NA,NA,NA,NA,NA,NA,NA,NA,NA,NA,NA,NA,NA,NA,NA,NA,NA,NA,"South Dakota Highway Patrol issued an alert to drivers that there were multiple vehicle accidents along a stretch of Interstate 29, the result of a mix of low visibility and icy road surfaces due to the overnight fog.",NA,CSV
202312,16,1700,202312,16,1800,186928,1147344,MONTANA,30,2023,December,Freezing Fog,Z,4,LOWER CLARK FORK REGION,30004,MSO,16-DEC-23 17:00:00,MST-7,16-DEC-23 18:00:00,0,5,0,2,70.00K,0.00K,Broadcast Media,NA,NA,NA,NA,NA,NA,NA,NA,NA,NA,NA,NA,NA,NA,NA,NA,NA,NA,NA,NA,NA,High pressure led to stable conditions and cold pool formation across the Northern Rockies. This led to a prolonged period of dense fog.,Freezing fog led to ice formation on area roadways. Icy roads were likely a contributing factor to a three vehicle collision on Highway 93 near Evaro. The crash resulted in five injuries and two fatalities.,CSV
202312,22,900,202312,22,1000,186930,1147342,MONTANA,30,2023,December,Freezing Fog,Z,7,BUTTE / BLACKFOOT REGION,30007,MSO,22-DEC-23 09:00:00,MST-7,22-DEC-23 10:00:00,0,2,0,1,50.00K,0.00K,Broadcast Media,NA,NA,NA,NA,NA,NA,NA,NA,NA,NA,NA,NA,NA,NA,NA,NA,NA,NA,NA,NA,NA,"Dense fog impacted a number of locations in western Montana, leading to black ice on roadways and impacts at area airports.",Freezing fog led to ice formation on area roadways. Icy roads were considered a factor in a fatal crash that occurred on Highway 200 between Lincoln and Ovando.,CSV
202312,22,328,202312,22,1155,186930,1147343,MONTANA,30,2023,December,Freezing Fog,Z,5,MISSOULA / BITTERROOT VALLEYS,30005,MSO,22-DEC-23 03:28:00,MST-7,22-DEC-23 11:55:00,0,0,0,0,50.00K,0.00K,Broadcast Media,NA,NA,NA,NA,NA,NA,NA,NA,NA,NA,NA,NA,NA,NA,NA,NA,NA,NA,NA,NA,NA,"Dense fog impacted a number of locations in western Montana, leading to black ice on roadways and impacts at area airports.",Freezing fog led to the formation of ice on area roadways. A propane truck tipped onto its side on railroad tracks at the intersection of Mullan Road and Beckwith Street in Frenchtown. Icy roads were believed to be a contributing factor to the crash. There were also multiple flights delayed and one flight diverted at Missoula International Airport due to the dense fog.,CSV
202302,1,15,202302,1,215,176065,1068869,NEW MEXICO,35,2023,February,Freezing Fog,Z,227,JOHNSON AND BARTLETT MESAS INCLUDING RATON PASS,35227,ABQ,01-FEB-23 00:15:00,MST-7,01-FEB-23 02:15:00,0,0,0,0,NA,NA,Trained Spotter,NA,NA,NA,NA,NA,NA,NA,NA,NA,NA,NA,NA,NA,NA,NA,NA,NA,NA,NA,NA,NA,"A modified Arctic airmass pushed southward into eastern NM January 31, 2023 and into February 1, 2023. Freezing fog developed behind the cold front, focusing along the New Mexico and Colorado border from Raton to Clayton. While light icing was recorded by the Raton Municipal Airport ASOS, heavier ice accretions were reported by a weather observer over rural areas of Colfax and Union Counties on the morning of February 1, 2023. Power outages in this area resulted from the ice accretion.",Several power outages were reported within rural Colfax County with 2 inches of icing also being reported.,CSV
202302,1,15,202302,1,215,176065,1068870,NEW MEXICO,35,2023,February,Freezing Fog,Z,230,UNION COUNTY,35230,ABQ,01-FEB-23 00:15:00,MST-7,01-FEB-23 02:15:00,0,0,0,0,NA,NA,Trained Spotter,NA,NA,NA,NA,NA,NA,NA,NA,NA,NA,NA,NA,NA,NA,NA,NA,NA,NA,NA,NA,NA,"A modified Arctic airmass pushed southward into eastern NM January 31, 2023 and into February 1, 2023. Freezing fog developed behind the cold front, focusing along the New Mexico and Colorado border from Raton to Clayton. While light icing was recorded by the Raton Municipal Airport ASOS, heavier ice accretions were reported by a weather observer over rural areas of Colfax and Union Counties on the morning of February 1, 2023. Power outages in this area resulted from the ice accretion.",Several power outages were reported within Union County with 2 inches of icing also being reported from Gladstone to Clayton.,CSV
202401,24,653,202401,31,2359,188187,1155887,ARKANSAS,5,2024,January,Freezing Fog,Z,17,LAWRENCE,05017,LZK,24-JAN-24 06:53:00,CST-6,31-JAN-24 23:59:00,0,0,0,0,0.00K,0.00K,River/Stream Gage,NA,NA,NA,NA,NA,NA,NA,NA,NA,NA,NA,NA,NA,NA,NA,NA,NA,NA,NA,NA,NA,Heavy rain brought flooding to several rivers in Arkansas in the latter part of January 2024.,"Heavy rain brought flooding to the Black River at Black Rock January 24-31, 2024.",CSV
202403,30,1200,202403,30,1200,189855,1169672,CALIFORNIA,6,2024,March,Freezing Fog,Z,554,ORANGE COUNTY INLAND,06554,SGX,30-MAR-24 12:00:00,PST-8,30-MAR-24 12:00:00,0,0,0,0,0.00K,0.00K,Broadcast Media,NA,NA,NA,NA,NA,NA,NA,NA,NA,NA,NA,NA,NA,NA,NA,NA,NA,NA,NA,NA,NA,"A strong low pressure system and an associated atmospheric river impacted Southern California on March 30th and 31st. This event saw impacts in the forms of heavy rain, some scattered thunderstorms, and snow to mountain communities above 5000 feet in elevation.",A car was nearly fully submerged in a flood control channel just off Highway 57 in Fullerton.,CSV
202401,24,545,202401,24,1015,188464,1158643,MINNESOTA,27,2024,January,Freezing Fog,Z,87,OLMSTED,27087,ARX,24-JAN-24 05:45:00,CST-6,24-JAN-24 10:15:00,0,1,0,1,15.00K,0.00K,State Official,NA,NA,NA,NA,NA,NA,NA,NA,NA,NA,NA,NA,NA,NA,NA,NA,NA,NA,NA,NA,NA,"Minnesota State Patrol reported a fatal automobile collision between a Freightliner M2 Straight freight truck and a Toyota Prius at the intersection of Olmsted County Highway 30 and Olmsted County Highway 8 near 08:45 CST on January 24th. Nearby automated weather observation stations reported visibilities to one eighth of a mile and freezing fog at the estimated time of the collision. Minnesota State Patrol reported wet road conditions at the time of the vehicular accident. This dense fog was long-lived, more intense overnight, from January 23rd into January 29th. While some automated weather observation stations reported visibilities above 1 statute mile at times, predominant hourly visibility observations were less than 1 statute mile during the 5 to 6 day period.",Minnesota State Patrol reported a fatal automobile accident near 08:45 AM CST on January 24th from a collision between a Freightliner M2 Straight truck and a Toyota Prius at the intersection of County Highway 30 and County Road 8 near High Forest Township. Nearby automated weather observations reported visibilities of one half to one eighth of a mile and freezing fog from 05:45 AM CST to 10:15 AM CST.,CSV
202401,21,500,202401,21,1200,188776,1161000,IDAHO,16,2024,January,Freezing Fog,Z,75,WOOD RIVER FOOTHILLS,16075,PIH,21-JAN-24 05:00:00,MST-7,21-JAN-24 12:00:00,0,0,0,0,0.00K,0.00K,Newspaper,NA,NA,NA,NA,NA,NA,NA,NA,NA,NA,NA,NA,NA,NA,NA,NA,NA,NA,NA,NA,NA,Black ice caused multiple crashes on interstate 15 between Chubbuck and Blackfoot in both directions including near the Fort Hall exit due to the black ice.  Iced over roads and black ice also reported on Idaho Highway 75 between Hailey and Bellevue with multiple spinouts and slide offs near the Woodside Boulevard intersection.,Iced over roads and black ice reported on Idaho Highway 75 between Hailey and Bellevue with multiple spinouts and slide offs near the Woodside Boulevard intersection.  Freezing fog and drizzle caused the black ice.,CSV
202412,10,505,202412,10,1030,198875,1229449,WASHINGTON,53,2024,December,Freezing Fog,Z,36,SPOKANE AREA,53036,OTX,10-DEC-24 05:05:00,PST-8,10-DEC-24 10:30:00,0,0,1,0,5.00K,0.00K,Department of Highways,NA,NA,NA,NA,NA,NA,NA,NA,NA,NA,NA,NA,NA,NA,NA,NA,NA,NA,NA,NA,NA,Prolonged stratus under an upper level ridge pattern brought periods of freezing fog and light freezing drizzle across the region. Locations across the region reported amounts of trace to 0.1 of ice accumulation. It caused hazardous travel conditions leading to vehicle accidents across the region. A fatal wreck were attributed to the icy conditions.,"At 0700 PST, Washington State Patrol reported a fatal accident 1 mile north of Fairfield at SR 27 and Morris Rd. One fatality was reported. Interstate 90 was closed for 2 hours. Spokane Airport ASOS was reporting freezing fog. It is believed to be have been a contributing factor.",CSV
202501,11,1930,202501,11,2300,198823,1229220,ILLINOIS,17,2025,January,Freezing Fog,Z,86,SALINE,17086,PAH,11-JAN-25 19:30:00,CST-6,11-JAN-25 23:00:00,0,0,0,0,0.00K,0.00K,AWOS,NA,NA,NA,NA,NA,NA,NA,NA,NA,NA,NA,NA,NA,NA,NA,NA,NA,NA,NA,NA,NA,Localized freezing fog developed during the evening hours of the 11th in portions of Southeastern Illinois which had calm winds and plunging temperatures. Visibility lowered to a quarter mile at Harrisburg-Raleigh Airport. Cloud formation limited a broader coverage and duration of fog issues through the night.,NA,CSV
202501,11,1930,202501,11,2300,198823,1229221,ILLINOIS,17,2025,January,Freezing Fog,Z,87,GALLATIN,17087,PAH,11-JAN-25 19:30:00,CST-6,11-JAN-25 23:00:00,0,0,0,0,0.00K,0.00K,AWOS,NA,NA,NA,NA,NA,NA,NA,NA,NA,NA,NA,NA,NA,NA,NA,NA,NA,NA,NA,NA,NA,Localized freezing fog developed during the evening hours of the 11th in portions of Southeastern Illinois which had calm winds and plunging temperatures. Visibility lowered to a quarter mile at Harrisburg-Raleigh Airport. Cloud formation limited a broader coverage and duration of fog issues through the night.,NA,CSV
202501,9,330,202501,9,830,198821,1229213,ILLINOIS,17,2025,January,Freezing Fog,Z,76,WAYNE,17076,PAH,09-JAN-25 03:30:00,CST-6,09-JAN-25 08:30:00,0,0,0,0,0.00K,0.00K,AWOS,NA,NA,NA,NA,NA,NA,NA,NA,NA,NA,NA,NA,NA,NA,NA,NA,NA,NA,NA,NA,NA,Calming winds and clearing skies allowed for freezing fog development in far northern portions of Southern Illinois near the I-64 corridor. Visibility dropped to under a quarter mile at times during the pre-dawn and early morning hours at Fairfield Municipal Airport and Mount Carmel Municipal Airport as temperatures fell to the low single digits to near 0. Coverage of freezing fog was more widespread further north/east outside the coverage area including at Flora and Vincennes.,NA,CSV
202501,9,330,202501,9,830,198821,1229214,ILLINOIS,17,2025,January,Freezing Fog,Z,77,EDWARDS,17077,PAH,09-JAN-25 03:30:00,CST-6,09-JAN-25 08:30:00,0,0,0,0,0.00K,0.00K,AWOS,NA,NA,NA,NA,NA,NA,NA,NA,NA,NA,NA,NA,NA,NA,NA,NA,NA,NA,NA,NA,NA,Calming winds and clearing skies allowed for freezing fog development in far northern portions of Southern Illinois near the I-64 corridor. Visibility dropped to under a quarter mile at times during the pre-dawn and early morning hours at Fairfield Municipal Airport and Mount Carmel Municipal Airport as temperatures fell to the low single digits to near 0. Coverage of freezing fog was more widespread further north/east outside the coverage area including at Flora and Vincennes.,NA,CSV
202501,9,330,202501,9,830,198821,1229215,ILLINOIS,17,2025,January,Freezing Fog,Z,78,WABASH,17078,PAH,09-JAN-25 03:30:00,CST-6,09-JAN-25 08:30:00,0,0,0,0,0.00K,0.00K,AWOS,NA,NA,NA,NA,NA,NA,NA,NA,NA,NA,NA,NA,NA,NA,NA,NA,NA,NA,NA,NA,NA,Calming winds and clearing skies allowed for freezing fog development in far northern portions of Southern Illinois near the I-64 corridor. Visibility dropped to under a quarter mile at times during the pre-dawn and early morning hours at Fairfield Municipal Airport and Mount Carmel Municipal Airport as temperatures fell to the low single digits to near 0. Coverage of freezing fog was more widespread further north/east outside the coverage area including at Flora and Vincennes.,NA,CSV
202501,9,730,202501,9,900,198822,1229216,INDIANA,18,2025,January,Freezing Fog,Z,81,GIBSON,18081,PAH,09-JAN-25 07:30:00,CST-6,09-JAN-25 09:00:00,0,0,0,0,0.00K,0.00K,AWOS,NA,NA,NA,NA,NA,NA,NA,NA,NA,NA,NA,NA,NA,NA,NA,NA,NA,NA,NA,NA,NA,Calming winds and clearing skies allowed for freezing fog development in portions of Southwest Indiana north/east of Evansville during the early morning hours of the 9th. Coverage of freezing fog was more widespread further north/east outside the coverage area including at French Lick Municipal Airport and Huntingburg Regional Airport in Indiana along with Hancock County Airport in Northwestern Kentucky.,NA,CSV
202501,9,730,202501,9,900,198822,1229219,INDIANA,18,2025,January,Freezing Fog,Z,87,WARRICK,18087,PAH,09-JAN-25 07:30:00,CST-6,09-JAN-25 09:00:00,0,0,0,0,0.00K,0.00K,AWOS,NA,NA,NA,NA,NA,NA,NA,NA,NA,NA,NA,NA,NA,NA,NA,NA,NA,NA,NA,NA,NA,Calming winds and clearing skies allowed for freezing fog development in portions of Southwest Indiana north/east of Evansville during the early morning hours of the 9th. Coverage of freezing fog was more widespread further north/east outside the coverage area including at French Lick Municipal Airport and Huntingburg Regional Airport in Indiana along with Hancock County Airport in Northwestern Kentucky.,NA,CSV
202501,9,730,202501,9,900,198822,1229218,INDIANA,18,2025,January,Freezing Fog,Z,88,SPENCER,18088,PAH,09-JAN-25 07:30:00,CST-6,09-JAN-25 09:00:00,0,0,0,0,0.00K,0.00K,AWOS,NA,NA,NA,NA,NA,NA,NA,NA,NA,NA,NA,NA,NA,NA,NA,NA,NA,NA,NA,NA,NA,Calming winds and clearing skies allowed for freezing fog development in portions of Southwest Indiana north/east of Evansville during the early morning hours of the 9th. Coverage of freezing fog was more widespread further north/east outside the coverage area including at French Lick Municipal Airport and Huntingburg Regional Airport in Indiana along with Hancock County Airport in Northwestern Kentucky.,NA,CSV
202501,9,730,202501,9,900,198822,1229217,INDIANA,18,2025,January,Freezing Fog,Z,82,PIKE,18082,PAH,09-JAN-25 07:30:00,CST-6,09-JAN-25 09:00:00,0,0,0,0,0.00K,0.00K,AWOS,NA,NA,NA,NA,NA,NA,NA,NA,NA,NA,NA,NA,NA,NA,NA,NA,NA,NA,NA,NA,NA,Calming winds and clearing skies allowed for freezing fog development in portions of Southwest Indiana north/east of Evansville during the early morning hours of the 9th. Coverage of freezing fog was more widespread further north/east outside the coverage area including at French Lick Municipal Airport and Huntingburg Regional Airport in Indiana along with Hancock County Airport in Northwestern Kentucky.,NA,CSV
202512,10,700,202512,10,700,208641,1299796,SOUTH CAROLINA,45,2025,December,Freezing Fog,Z,50,CHARLESTON,45050,CHS,10-DEC-25 07:00:00,EST-5,10-DEC-25 07:00:00,0,2,0,0,NA,NA,Law Enforcement,NA,NA,NA,NA,NA,NA,NA,NA,NA,NA,NA,NA,NA,NA,NA,NA,NA,NA,NA,NA,NA,"High pressure and light winds under clear skies led to strong radiational cooling and freezing temperatures, setting up an environment for freezing dense fog that produced slick road conditions on many elevated bridges across the Charleston Metro Area during morning commute hours.","Law enforcement reported 6 collisions involving 8 vehicles along Highway 7 on the Cosgrove Bridge, resulting in 2 injuries. Additionally, law enforcement reported 4 collisions involving 6 vehicles along Interstate 526 on the Don Holt Bridge, leading to no injuries.",CSV
202512,10,815,202512,10,815,208065,1296723,SOUTH CAROLINA,45,2025,December,Freezing Fog,Z,54,COASTAL HORRY,45054,ILM,10-DEC-25 08:15:00,EST-5,10-DEC-25 08:15:00,0,1,0,0,0.00K,0.00K,Broadcast Media,NA,NA,NA,NA,NA,NA,NA,NA,NA,NA,NA,NA,NA,NA,NA,NA,NA,NA,NA,NA,NA,"Freezing fog formed in coastal South Carolina. Several accidents were reported on bridges over waterways. One victim was transported to the hospital, their condition unknown.",Vehicle accidents reported on 544 bridge over the Intracoastal Waterway in Socastee. One victim had to be transported to the hospital.,CSV
202601,17,1700,202601,18,300,209855,1308771,NEW JERSEY,34,2026,January,Freezing Fog,Z,9,HUNTERDON,34009,PHI,17-JAN-26 17:00:00,EST-5,18-JAN-26 03:00:00,0,0,0,0,NA,NA,ASOS,NA,NA,NA,NA,NA,NA,NA,NA,NA,NA,NA,NA,NA,NA,NA,NA,NA,NA,NA,NA,NA,A moist and stagnant air mass in the wake of a wet snowfall resulted in areas of dense freezing fog late on January 17th and early on January 18th. The fog dissipated before dawn as a cold front moved through.,"Several hours of dense freezing fog was observed at Somerset Airport, Lehigh Valley International Airport, Quakertown Airport and Pennridge Airport.",CSV
202601,17,1700,202601,18,300,209855,1308772,NEW JERSEY,34,2026,January,Freezing Fog,Z,10,SOMERSET,34010,PHI,17-JAN-26 17:00:00,EST-5,18-JAN-26 03:00:00,0,0,0,0,NA,NA,ASOS,NA,NA,NA,NA,NA,NA,NA,NA,NA,NA,NA,NA,NA,NA,NA,NA,NA,NA,NA,NA,NA,A moist and stagnant air mass in the wake of a wet snowfall resulted in areas of dense freezing fog late on January 17th and early on January 18th. The fog dissipated before dawn as a cold front moved through.,Several hours of dense freezing fog was observed at Somerset Airport.,CSV
202601,17,1700,202601,18,300,209856,1308773,PENNSYLVANIA,42,2026,January,Freezing Fog,Z,61,LEHIGH,42061,PHI,17-JAN-26 17:00:00,EST-5,18-JAN-26 03:00:00,0,0,0,0,NA,NA,AWOS,NA,NA,NA,NA,NA,NA,NA,NA,NA,NA,NA,NA,NA,NA,NA,NA,NA,NA,NA,NA,NA,A moist and stagnant air mass in the wake of a wet snowfall resulted in areas of dense freezing fog late on January 17th and early on January 18th. The fog dissipated before dawn as a cold front moved through.,Several hours of dense freezing fog was observed at Queen City Airport.,CSV
202601,17,1700,202601,18,300,209856,1308774,PENNSYLVANIA,42,2026,January,Freezing Fog,Z,62,NORTHAMPTON,42062,PHI,17-JAN-26 17:00:00,EST-5,18-JAN-26 03:00:00,0,0,0,0,NA,NA,ASOS,NA,NA,NA,NA,NA,NA,NA,NA,NA,NA,NA,NA,NA,NA,NA,NA,NA,NA,NA,NA,NA,A moist and stagnant air mass in the wake of a wet snowfall resulted in areas of dense freezing fog late on January 17th and early on January 18th. The fog dissipated before dawn as a cold front moved through.,Several hours of dense freezing fog was observed at Lehigh Valley International Airport.,CSV
202601,17,1700,202601,18,300,209856,1308775,PENNSYLVANIA,42,2026,January,Freezing Fog,Z,105,UPPER BUCKS,42105,PHI,17-JAN-26 17:00:00,EST-5,18-JAN-26 03:00:00,0,0,0,0,NA,NA,AWOS,NA,NA,NA,NA,NA,NA,NA,NA,NA,NA,NA,NA,NA,NA,NA,NA,NA,NA,NA,NA,NA,A moist and stagnant air mass in the wake of a wet snowfall resulted in areas of dense freezing fog late on January 17th and early on January 18th. The fog dissipated before dawn as a cold front moved through.,Several hours of dense freezing fog was observed at Pennridge Airport and Quakertown Airport.,CSV
202601,17,1700,202601,18,300,209856,1308776,PENNSYLVANIA,42,2026,January,Freezing Fog,Z,101,WESTERN CHESTER,42101,PHI,17-JAN-26 17:00:00,EST-5,18-JAN-26 03:00:00,0,0,0,0,NA,NA,AWOS,NA,NA,NA,NA,NA,NA,NA,NA,NA,NA,NA,NA,NA,NA,NA,NA,NA,NA,NA,NA,NA,A moist and stagnant air mass in the wake of a wet snowfall resulted in areas of dense freezing fog late on January 17th and early on January 18th. The fog dissipated before dawn as a cold front moved through.,Several hours of dense freezing fog was observed at Chester County Airport.,CSV
202601,17,1700,202601,18,300,209856,1308777,PENNSYLVANIA,42,2026,January,Freezing Fog,Z,104,EASTERN MONTGOMERY,42104,PHI,17-JAN-26 17:00:00,EST-5,18-JAN-26 03:00:00,0,0,0,0,NA,NA,AWOS,NA,NA,NA,NA,NA,NA,NA,NA,NA,NA,NA,NA,NA,NA,NA,NA,NA,NA,NA,NA,NA,A moist and stagnant air mass in the wake of a wet snowfall resulted in areas of dense freezing fog late on January 17th and early on January 18th. The fog dissipated before dawn as a cold front moved through.,Several hours of dense freezing fog was observed at Wings Field Airport.,CSV
202601,21,2100,202601,22,300,209206,1312196,MISSOURI,29,2026,January,Freezing Fog,Z,100,WAYNE,29100,PAH,21-JAN-26 21:00:00,CST-6,22-JAN-26 03:00:00,0,0,0,0,0.00K,0.00K,AWOS,NA,NA,NA,NA,NA,NA,NA,NA,NA,NA,NA,NA,NA,NA,NA,NA,NA,NA,NA,NA,NA,"Clear skies and calm winds following a cold frontal passage allowed for locally dense fog to form over most counties in Southeast Missouri late evening on the 21st through the early AM hours of the 22nd. Several more northern counties in Southeast Missouri developed freezing fog as temperatures fell into the 20s, though no impacts were reported. Northerly winds increasing to 4-7mph before dawn brought an end to fog conditions.",NA,CSV
202601,21,2100,202601,22,300,209206,1312197,MISSOURI,29,2026,January,Freezing Fog,Z,86,BOLLINGER,29086,PAH,21-JAN-26 21:00:00,CST-6,22-JAN-26 03:00:00,0,0,0,0,0.00K,0.00K,AWOS,NA,NA,NA,NA,NA,NA,NA,NA,NA,NA,NA,NA,NA,NA,NA,NA,NA,NA,NA,NA,NA,"Clear skies and calm winds following a cold frontal passage allowed for locally dense fog to form over most counties in Southeast Missouri late evening on the 21st through the early AM hours of the 22nd. Several more northern counties in Southeast Missouri developed freezing fog as temperatures fell into the 20s, though no impacts were reported. Northerly winds increasing to 4-7mph before dawn brought an end to fog conditions.",NA,CSV
202601,21,2000,202601,22,300,209206,1312198,MISSOURI,29,2026,January,Freezing Fog,Z,111,SCOTT,29111,PAH,21-JAN-26 20:00:00,CST-6,22-JAN-26 03:00:00,0,0,0,0,0.00K,0.00K,ASOS,NA,NA,NA,NA,NA,NA,NA,NA,NA,NA,NA,NA,NA,NA,NA,NA,NA,NA,NA,NA,NA,"Clear skies and calm winds following a cold frontal passage allowed for locally dense fog to form over most counties in Southeast Missouri late evening on the 21st through the early AM hours of the 22nd. Several more northern counties in Southeast Missouri developed freezing fog as temperatures fell into the 20s, though no impacts were reported. Northerly winds increasing to 4-7mph before dawn brought an end to fog conditions.",NA,CSV
202601,22,200,202601,22,400,209205,1312195,KENTUCKY,21,2026,January,Freezing Fog,Z,6,GRAVES,21006,PAH,22-JAN-26 02:00:00,CST-6,22-JAN-26 04:00:00,0,0,0,0,0.00K,0.00K,AWOS,NA,NA,NA,NA,NA,NA,NA,NA,NA,NA,NA,NA,NA,NA,NA,NA,NA,NA,NA,NA,NA,"Clear skies and calm winds following a cold frontal passage allowed for locally dense fog to form over far Southwestern Kentucky late evening on the 21st through the early AM hours of the 22nd. Patches of freezing fog occurred, with icy roads reported in the town of Dublin in far western Graves County. Northerly winds increasing to 4-7mph before dawn brought an end to fog conditions.",NA,CSV
202601,1,0,202601,4,1100,208534,1314671,MONTANA,30,2026,January,Freezing Fog,Z,20,WESTERN ROOSEVELT,30020,GGW,01-JAN-26 00:00:00,MST-7,04-JAN-26 11:00:00,0,0,0,0,0.00K,0.00K,NWS Employee,NA,NA,NA,NA,NA,NA,NA,NA,NA,NA,NA,NA,NA,NA,NA,NA,NA,NA,NA,NA,NA,"This episode of freezing fog mainly affected areas near and north of US-Highway 2.  Main impacts were near zero visibility and rime icing on power lines, which lead to some scattered power outages.",Power lines in the area were weighed down and stretched causing brief power outages across the area. Near zero visibility created hazardous driving conditions at times.||Less than a quarter mile visibility was not consistently reported at available stations (i.e. Wolf Point Airport ASOS and Poplar AWOS) during this period.,CSV
202601,1,0,202601,4,1100,208534,1314670,MONTANA,30,2026,January,Freezing Fog,Z,16,CENTRAL AND SE PHILLIPS,30016,GGW,01-JAN-26 00:00:00,MST-7,04-JAN-26 11:00:00,0,0,0,0,0.00K,0.00K,Mesonet,NA,NA,NA,NA,NA,NA,NA,NA,NA,NA,NA,NA,NA,NA,NA,NA,NA,NA,NA,NA,NA,"This episode of freezing fog mainly affected areas near and north of US-Highway 2.  Main impacts were near zero visibility and rime icing on power lines, which lead to some scattered power outages.",Power lines in the area were weighed down and stretched causing brief power outages across the area. Near zero visibility created hazardous driving conditions at times.||Less than a quarter mile visibility was not consistently reported at available stations (i.e. Malta Airport AWOS) during this period.,CSV
202601,1,0,202601,2,2155,208534,1314969,MONTANA,30,2026,January,Freezing Fog,Z,19,SHERIDAN,30019,GGW,01-JAN-26 00:00:00,MST-7,02-JAN-26 21:55:00,0,0,0,0,0.00K,0.00K,NWS Employee,NA,NA,NA,NA,NA,NA,NA,NA,NA,NA,NA,NA,NA,NA,NA,NA,NA,NA,NA,NA,NA,"This episode of freezing fog mainly affected areas near and north of US-Highway 2.  Main impacts were near zero visibility and rime icing on power lines, which lead to some scattered power outages.",Power lines in the area were weighed down and stretched causing brief power outages across the area. Near zero visibility created hazardous driving conditions at times.||Less than a quarter mile visibility was not consistently reported at available stations (i.e. Sher-Wood/Plentywood Airport AWOS) during this period.,CSV
202601,1,0,202601,4,1100,208534,1299362,MONTANA,30,2026,January,Freezing Fog,Z,17,CENTRAL AND SOUTHERN VALLEY,30017,GGW,01-JAN-26 00:00:00,MST-7,04-JAN-26 11:00:00,0,0,0,0,0.00K,0.00K,NWS Employee,NA,NA,NA,NA,NA,NA,NA,NA,NA,NA,NA,NA,NA,NA,NA,NA,NA,NA,NA,NA,NA,"This episode of freezing fog mainly affected areas near and north of US-Highway 2.  Main impacts were near zero visibility and rime icing on power lines, which lead to some scattered power outages.",Power was out for more than 24 hours at a residence in Larslan. Power lines in the area were weighed down and stretched causing brief power outages across the area. Near zero visibility created hazardous driving conditions at times.||Less than a quarter mile visibility was not consistently reported at available stations (i.e. Glasgow Airport ASOS) during this period.,CSV
