BEGIN_YEARMONTH,BEGIN_DAY,BEGIN_TIME,END_YEARMONTH,END_DAY,END_TIME,EPISODE_ID,EVENT_ID,STATE,STATE_FIPS,YEAR,MONTH_NAME,EVENT_TYPE,CZ_TYPE,CZ_FIPS,CZ_NAME,cty_fips,WFO,BEGIN_DATE_TIME,CZ_TIMEZONE,END_DATE_TIME,INJURIES_DIRECT,INJURIES_INDIRECT,DEATHS_DIRECT,DEATHS_INDIRECT,DAMAGE_PROPERTY,DAMAGE_CROPS,SOURCE,MAGNITUDE,MAGNITUDE_TYPE,FLOOD_CAUSE,CATEGORY,TOR_F_SCALE,TOR_LENGTH,TOR_WIDTH,TOR_OTHER_WFO,TOR_OTHER_CZ_STATE,TOR_OTHER_CZ_FIPS,TOR_OTHER_CZ_NAME,BEGIN_RANGE,BEGIN_AZIMUTH,BEGIN_LOCATION,END_RANGE,END_AZIMUTH,END_LOCATION,BEGIN_LAT,BEGIN_LON,END_LAT,END_LON,EPISODE_NARRATIVE,EVENT_NARRATIVE,DATA_SOURCE
201208,28,300,201208,30,1500,67742,410849,GULF OF MEXICO,85,2012,August,Marine Hurricane/Typhoon,Z,534,LAKE BORGNE,85534,LIX,28-AUG-12 03:00:00,CST-6,30-AUG-12 15:00:00,0,0,0,0,0.00K,0.00K,Buoy,NA,NA,NA,NA,NA,NA,NA,NA,NA,NA,NA,NA,NA,NA,NA,NA,NA,NA,NA,NA,NA,"Hurricane Isaac entered the Gulf of Mexico as a tropical storm on August 26, moving northwest after crossing Haiti, Cuba and the Florida Straits. Isaac strengthened into a hurricane on the morning of the 28th when it was 75 miles south southeast of the mouth of the Mississippi River. Isaac made landfall in Plaquemines Parish as a Category 1 hurricane near Southwest Pass of the Mississippi River on the evening of the 28th. A second landfall occurred near Port Fourchon the following morning. The storm weakened to a tropical storm on the afternoon of the 29th about 50 miles west southwest of New Orleans, and weakened further to a tropical depression on the afternoon of the 30th near Monroe, Louisiana. ||The NOAA-NOS observation site at Pilot Station at the Southwest Pass of the Mississippi River recorded a sustained wind of 65 knots with gust to 82 knots shortly after midnight, early on August 29th. Observation height of this instruments is 24 meter above sea surface. Wind gusts of 85 and 92 knots were recorded on elevated oil production platforms in coastal waters. The NOAA-NOS station at Pilots Station near Southwest Pass recorded a minimum pressure of 969.8 millibars on the evening of the 28th shortly after the first landfall. ||A storm surge of 5 to 9 feet above normal was observed around Lakes Pontchartrain and Maurepas. The highest storm surge, 9 to 12 feet, occurred in eastern Plaquemines Parish and St. Bernard Parish.",NA,CSV
201208,28,300,201208,30,1500,67742,410850,GULF OF MEXICO,85,2012,August,Marine Hurricane/Typhoon,Z,532,MISSISSIPPI SOUND,85532,LIX,28-AUG-12 03:00:00,CST-6,30-AUG-12 15:00:00,0,0,0,0,0.00K,0.00K,Buoy,NA,NA,NA,NA,NA,NA,NA,NA,NA,NA,NA,NA,NA,NA,NA,NA,NA,NA,NA,NA,NA,"Hurricane Isaac entered the Gulf of Mexico as a tropical storm on August 26, moving northwest after crossing Haiti, Cuba and the Florida Straits. Isaac strengthened into a hurricane on the morning of the 28th when it was 75 miles south southeast of the mouth of the Mississippi River. Isaac made landfall in Plaquemines Parish as a Category 1 hurricane near Southwest Pass of the Mississippi River on the evening of the 28th. A second landfall occurred near Port Fourchon the following morning. The storm weakened to a tropical storm on the afternoon of the 29th about 50 miles west southwest of New Orleans, and weakened further to a tropical depression on the afternoon of the 30th near Monroe, Louisiana. ||The NOAA-NOS observation site at Pilot Station at the Southwest Pass of the Mississippi River recorded a sustained wind of 65 knots with gust to 82 knots shortly after midnight, early on August 29th. Observation height of this instruments is 24 meter above sea surface. Wind gusts of 85 and 92 knots were recorded on elevated oil production platforms in coastal waters. The NOAA-NOS station at Pilots Station near Southwest Pass recorded a minimum pressure of 969.8 millibars on the evening of the 28th shortly after the first landfall. ||A storm surge of 5 to 9 feet above normal was observed around Lakes Pontchartrain and Maurepas. The highest storm surge, 9 to 12 feet, occurred in eastern Plaquemines Parish and St. Bernard Parish.",NA,CSV
201208,28,900,201208,30,1500,67742,410851,GULF OF MEXICO,85,2012,August,Marine Hurricane/Typhoon,Z,530,LAKE PONCHARTRAIN AND LAKE MAUREPAS,85530,LIX,28-AUG-12 09:00:00,CST-6,30-AUG-12 15:00:00,0,0,0,0,3.00M,0.00K,Buoy,NA,NA,NA,NA,NA,NA,NA,NA,NA,NA,NA,NA,NA,NA,NA,NA,NA,NA,NA,NA,NA,"Hurricane Isaac entered the Gulf of Mexico as a tropical storm on August 26, moving northwest after crossing Haiti, Cuba and the Florida Straits. Isaac strengthened into a hurricane on the morning of the 28th when it was 75 miles south southeast of the mouth of the Mississippi River. Isaac made landfall in Plaquemines Parish as a Category 1 hurricane near Southwest Pass of the Mississippi River on the evening of the 28th. A second landfall occurred near Port Fourchon the following morning. The storm weakened to a tropical storm on the afternoon of the 29th about 50 miles west southwest of New Orleans, and weakened further to a tropical depression on the afternoon of the 30th near Monroe, Louisiana. ||The NOAA-NOS observation site at Pilot Station at the Southwest Pass of the Mississippi River recorded a sustained wind of 65 knots with gust to 82 knots shortly after midnight, early on August 29th. Observation height of this instruments is 24 meter above sea surface. Wind gusts of 85 and 92 knots were recorded on elevated oil production platforms in coastal waters. The NOAA-NOS station at Pilots Station near Southwest Pass recorded a minimum pressure of 969.8 millibars on the evening of the 28th shortly after the first landfall. ||A storm surge of 5 to 9 feet above normal was observed around Lakes Pontchartrain and Maurepas. The highest storm surge, 9 to 12 feet, occurred in eastern Plaquemines Parish and St. Bernard Parish.",The Lake Pontchartrain Causeway Commission reported about $3 million worth of damage to the bridge across Lake Pontchartrain and supporting infrastructure. Tropical storm force winds were reported for approximately 36 hours over the lake.,CSV
201208,28,300,201208,30,900,67742,410636,GULF OF MEXICO,85,2012,August,Marine Hurricane/Typhoon,Z,538,BRETON SOUND,85538,LIX,28-AUG-12 03:00:00,CST-6,30-AUG-12 09:00:00,0,0,0,0,NA,0.00K,Buoy,NA,NA,NA,NA,NA,NA,NA,NA,NA,NA,NA,NA,NA,NA,NA,NA,NA,NA,NA,NA,NA,"Hurricane Isaac entered the Gulf of Mexico as a tropical storm on August 26, moving northwest after crossing Haiti, Cuba and the Florida Straits. Isaac strengthened into a hurricane on the morning of the 28th when it was 75 miles south southeast of the mouth of the Mississippi River. Isaac made landfall in Plaquemines Parish as a Category 1 hurricane near Southwest Pass of the Mississippi River on the evening of the 28th. A second landfall occurred near Port Fourchon the following morning. The storm weakened to a tropical storm on the afternoon of the 29th about 50 miles west southwest of New Orleans, and weakened further to a tropical depression on the afternoon of the 30th near Monroe, Louisiana. ||The NOAA-NOS observation site at Pilot Station at the Southwest Pass of the Mississippi River recorded a sustained wind of 65 knots with gust to 82 knots shortly after midnight, early on August 29th. Observation height of this instruments is 24 meter above sea surface. Wind gusts of 85 and 92 knots were recorded on elevated oil production platforms in coastal waters. The NOAA-NOS station at Pilots Station near Southwest Pass recorded a minimum pressure of 969.8 millibars on the evening of the 28th shortly after the first landfall. ||A storm surge of 5 to 9 feet above normal was observed around Lakes Pontchartrain and Maurepas. The highest storm surge, 9 to 12 feet, occurred in eastern Plaquemines Parish and St. Bernard Parish.",NA,CSV
201208,27,2100,201208,30,300,67742,410638,GULF OF MEXICO,85,2012,August,Marine Hurricane/Typhoon,Z,555,COASTAL WATERS FROM BOOTHVILLE LOUISIANA TO SOUTHWEST PASS OF THE MISSISSIPPI RIVER OUT 20 NM,85555,LIX,27-AUG-12 21:00:00,CST-6,30-AUG-12 03:00:00,0,0,0,0,NA,0.00K,Buoy,NA,NA,NA,NA,NA,NA,NA,NA,NA,NA,NA,NA,NA,NA,NA,NA,NA,NA,NA,NA,NA,"Hurricane Isaac entered the Gulf of Mexico as a tropical storm on August 26, moving northwest after crossing Haiti, Cuba and the Florida Straits. Isaac strengthened into a hurricane on the morning of the 28th when it was 75 miles south southeast of the mouth of the Mississippi River. Isaac made landfall in Plaquemines Parish as a Category 1 hurricane near Southwest Pass of the Mississippi River on the evening of the 28th. A second landfall occurred near Port Fourchon the following morning. The storm weakened to a tropical storm on the afternoon of the 29th about 50 miles west southwest of New Orleans, and weakened further to a tropical depression on the afternoon of the 30th near Monroe, Louisiana. ||The NOAA-NOS observation site at Pilot Station at the Southwest Pass of the Mississippi River recorded a sustained wind of 65 knots with gust to 82 knots shortly after midnight, early on August 29th. Observation height of this instruments is 24 meter above sea surface. Wind gusts of 85 and 92 knots were recorded on elevated oil production platforms in coastal waters. The NOAA-NOS station at Pilots Station near Southwest Pass recorded a minimum pressure of 969.8 millibars on the evening of the 28th shortly after the first landfall. ||A storm surge of 5 to 9 feet above normal was observed around Lakes Pontchartrain and Maurepas. The highest storm surge, 9 to 12 feet, occurred in eastern Plaquemines Parish and St. Bernard Parish.",PILL1 reported a 69 knot wind gust at 2354 CDT on the night of the 28th.,CSV
201208,27,2100,201208,30,1500,67742,410642,GULF OF MEXICO,85,2012,August,Marine Hurricane/Typhoon,Z,550,COASTAL WATERS FROM PORT FOURCHON LOUISIANA TO LOWER ATCHAFALAYA RIVER LOUISIANA OUT 20 NM,85550,LIX,27-AUG-12 21:00:00,CST-6,30-AUG-12 15:00:00,0,0,0,0,NA,0.00K,Buoy,NA,NA,NA,NA,NA,NA,NA,NA,NA,NA,NA,NA,NA,NA,NA,NA,NA,NA,NA,NA,NA,"Hurricane Isaac entered the Gulf of Mexico as a tropical storm on August 26, moving northwest after crossing Haiti, Cuba and the Florida Straits. Isaac strengthened into a hurricane on the morning of the 28th when it was 75 miles south southeast of the mouth of the Mississippi River. Isaac made landfall in Plaquemines Parish as a Category 1 hurricane near Southwest Pass of the Mississippi River on the evening of the 28th. A second landfall occurred near Port Fourchon the following morning. The storm weakened to a tropical storm on the afternoon of the 29th about 50 miles west southwest of New Orleans, and weakened further to a tropical depression on the afternoon of the 30th near Monroe, Louisiana. ||The NOAA-NOS observation site at Pilot Station at the Southwest Pass of the Mississippi River recorded a sustained wind of 65 knots with gust to 82 knots shortly after midnight, early on August 29th. Observation height of this instruments is 24 meter above sea surface. Wind gusts of 85 and 92 knots were recorded on elevated oil production platforms in coastal waters. The NOAA-NOS station at Pilots Station near Southwest Pass recorded a minimum pressure of 969.8 millibars on the evening of the 28th shortly after the first landfall. ||A storm surge of 5 to 9 feet above normal was observed around Lakes Pontchartrain and Maurepas. The highest storm surge, 9 to 12 feet, occurred in eastern Plaquemines Parish and St. Bernard Parish.",NA,CSV
201208,27,2100,201208,30,300,67742,410643,GULF OF MEXICO,85,2012,August,Marine Hurricane/Typhoon,Z,570,COASTAL WATERS FROM PORT FOURCHON LOUISIANA TO LOWER ATCHAFALAYA RIVER LOUISIANA FROM 20 TO 60 NM,85570,LIX,27-AUG-12 21:00:00,CST-6,30-AUG-12 03:00:00,0,0,0,0,NA,0.00K,Buoy,NA,NA,NA,NA,NA,NA,NA,NA,NA,NA,NA,NA,NA,NA,NA,NA,NA,NA,NA,NA,NA,"Hurricane Isaac entered the Gulf of Mexico as a tropical storm on August 26, moving northwest after crossing Haiti, Cuba and the Florida Straits. Isaac strengthened into a hurricane on the morning of the 28th when it was 75 miles south southeast of the mouth of the Mississippi River. Isaac made landfall in Plaquemines Parish as a Category 1 hurricane near Southwest Pass of the Mississippi River on the evening of the 28th. A second landfall occurred near Port Fourchon the following morning. The storm weakened to a tropical storm on the afternoon of the 29th about 50 miles west southwest of New Orleans, and weakened further to a tropical depression on the afternoon of the 30th near Monroe, Louisiana. ||The NOAA-NOS observation site at Pilot Station at the Southwest Pass of the Mississippi River recorded a sustained wind of 65 knots with gust to 82 knots shortly after midnight, early on August 29th. Observation height of this instruments is 24 meter above sea surface. Wind gusts of 85 and 92 knots were recorded on elevated oil production platforms in coastal waters. The NOAA-NOS station at Pilots Station near Southwest Pass recorded a minimum pressure of 969.8 millibars on the evening of the 28th shortly after the first landfall. ||A storm surge of 5 to 9 feet above normal was observed around Lakes Pontchartrain and Maurepas. The highest storm surge, 9 to 12 feet, occurred in eastern Plaquemines Parish and St. Bernard Parish.",NA,CSV
201208,27,2100,201208,30,300,67742,410644,GULF OF MEXICO,85,2012,August,Marine Hurricane/Typhoon,Z,572,COASTAL WATERS FROM SOUTHWEST PASS OF THE MISSISSIPPI RIVER TO PORT FOURCHON LOUISIANA FROM 20 TO 60 NM,85572,LIX,27-AUG-12 21:00:00,CST-6,30-AUG-12 03:00:00,0,0,0,0,NA,0.00K,Buoy,NA,NA,NA,NA,NA,NA,NA,NA,NA,NA,NA,NA,NA,NA,NA,NA,NA,NA,NA,NA,NA,"Hurricane Isaac entered the Gulf of Mexico as a tropical storm on August 26, moving northwest after crossing Haiti, Cuba and the Florida Straits. Isaac strengthened into a hurricane on the morning of the 28th when it was 75 miles south southeast of the mouth of the Mississippi River. Isaac made landfall in Plaquemines Parish as a Category 1 hurricane near Southwest Pass of the Mississippi River on the evening of the 28th. A second landfall occurred near Port Fourchon the following morning. The storm weakened to a tropical storm on the afternoon of the 29th about 50 miles west southwest of New Orleans, and weakened further to a tropical depression on the afternoon of the 30th near Monroe, Louisiana. ||The NOAA-NOS observation site at Pilot Station at the Southwest Pass of the Mississippi River recorded a sustained wind of 65 knots with gust to 82 knots shortly after midnight, early on August 29th. Observation height of this instruments is 24 meter above sea surface. Wind gusts of 85 and 92 knots were recorded on elevated oil production platforms in coastal waters. The NOAA-NOS station at Pilots Station near Southwest Pass recorded a minimum pressure of 969.8 millibars on the evening of the 28th shortly after the first landfall. ||A storm surge of 5 to 9 feet above normal was observed around Lakes Pontchartrain and Maurepas. The highest storm surge, 9 to 12 feet, occurred in eastern Plaquemines Parish and St. Bernard Parish.",Buoy 42363 reported a sustained 66 knot wind at 830 pm CDT on the evening of the 29th. Anemometer height is 122 meters.,CSV
201208,27,2100,201208,30,1500,67742,410645,GULF OF MEXICO,85,2012,August,Marine Hurricane/Typhoon,Z,552,COASTAL WATERS FROM SOUTHWEST PASS OF THE MISSISSIPPI RIVER TO PORT FOURCHON LOUISIANA OUT 20 NM,85552,LIX,27-AUG-12 21:00:00,CST-6,30-AUG-12 15:00:00,0,0,0,0,NA,0.00K,Buoy,NA,NA,NA,NA,NA,NA,NA,NA,NA,NA,NA,NA,NA,NA,NA,NA,NA,NA,NA,NA,NA,"Hurricane Isaac entered the Gulf of Mexico as a tropical storm on August 26, moving northwest after crossing Haiti, Cuba and the Florida Straits. Isaac strengthened into a hurricane on the morning of the 28th when it was 75 miles south southeast of the mouth of the Mississippi River. Isaac made landfall in Plaquemines Parish as a Category 1 hurricane near Southwest Pass of the Mississippi River on the evening of the 28th. A second landfall occurred near Port Fourchon the following morning. The storm weakened to a tropical storm on the afternoon of the 29th about 50 miles west southwest of New Orleans, and weakened further to a tropical depression on the afternoon of the 30th near Monroe, Louisiana. ||The NOAA-NOS observation site at Pilot Station at the Southwest Pass of the Mississippi River recorded a sustained wind of 65 knots with gust to 82 knots shortly after midnight, early on August 29th. Observation height of this instruments is 24 meter above sea surface. Wind gusts of 85 and 92 knots were recorded on elevated oil production platforms in coastal waters. The NOAA-NOS station at Pilots Station near Southwest Pass recorded a minimum pressure of 969.8 millibars on the evening of the 28th shortly after the first landfall. ||A storm surge of 5 to 9 feet above normal was observed around Lakes Pontchartrain and Maurepas. The highest storm surge, 9 to 12 feet, occurred in eastern Plaquemines Parish and St. Bernard Parish.",Station LOPL1 reported a peak wind gust of 86 knots at 0545 CDT on the morning of the 29th. Anemometer height is 58 meters.,CSV
201208,27,2100,201208,30,300,67742,410646,GULF OF MEXICO,85,2012,August,Marine Hurricane/Typhoon,Z,575,COASTAL WATERS FROM STAKE ISLAND LOUISIANA TO SOUTHWEST PASS OF THE MISSISSIPPI RIVER FROM 20 TO 60 NM,85575,LIX,27-AUG-12 21:00:00,CST-6,30-AUG-12 03:00:00,0,0,0,0,NA,0.00K,Buoy,NA,NA,NA,NA,NA,NA,NA,NA,NA,NA,NA,NA,NA,NA,NA,NA,NA,NA,NA,NA,NA,"Hurricane Isaac entered the Gulf of Mexico as a tropical storm on August 26, moving northwest after crossing Haiti, Cuba and the Florida Straits. Isaac strengthened into a hurricane on the morning of the 28th when it was 75 miles south southeast of the mouth of the Mississippi River. Isaac made landfall in Plaquemines Parish as a Category 1 hurricane near Southwest Pass of the Mississippi River on the evening of the 28th. A second landfall occurred near Port Fourchon the following morning. The storm weakened to a tropical storm on the afternoon of the 29th about 50 miles west southwest of New Orleans, and weakened further to a tropical depression on the afternoon of the 30th near Monroe, Louisiana. ||The NOAA-NOS observation site at Pilot Station at the Southwest Pass of the Mississippi River recorded a sustained wind of 65 knots with gust to 82 knots shortly after midnight, early on August 29th. Observation height of this instruments is 24 meter above sea surface. Wind gusts of 85 and 92 knots were recorded on elevated oil production platforms in coastal waters. The NOAA-NOS station at Pilots Station near Southwest Pass recorded a minimum pressure of 969.8 millibars on the evening of the 28th shortly after the first landfall. ||A storm surge of 5 to 9 feet above normal was observed around Lakes Pontchartrain and Maurepas. The highest storm surge, 9 to 12 feet, occurred in eastern Plaquemines Parish and St. Bernard Parish.",NA,CSV
201208,27,2100,201208,30,300,67742,410846,GULF OF MEXICO,85,2012,August,Marine Hurricane/Typhoon,Z,577,COASTAL WATERS FROM PASCAGOULA MISSISSIPPI TO STAKE ISLAND LOUISIANA FROM 20 TO 60 NM,85577,LIX,27-AUG-12 21:00:00,CST-6,30-AUG-12 03:00:00,0,0,0,0,0.00K,0.00K,Buoy,NA,NA,NA,NA,NA,NA,NA,NA,NA,NA,NA,NA,NA,NA,NA,NA,NA,NA,NA,NA,NA,"Hurricane Isaac entered the Gulf of Mexico as a tropical storm on August 26, moving northwest after crossing Haiti, Cuba and the Florida Straits. Isaac strengthened into a hurricane on the morning of the 28th when it was 75 miles south southeast of the mouth of the Mississippi River. Isaac made landfall in Plaquemines Parish as a Category 1 hurricane near Southwest Pass of the Mississippi River on the evening of the 28th. A second landfall occurred near Port Fourchon the following morning. The storm weakened to a tropical storm on the afternoon of the 29th about 50 miles west southwest of New Orleans, and weakened further to a tropical depression on the afternoon of the 30th near Monroe, Louisiana. ||The NOAA-NOS observation site at Pilot Station at the Southwest Pass of the Mississippi River recorded a sustained wind of 65 knots with gust to 82 knots shortly after midnight, early on August 29th. Observation height of this instruments is 24 meter above sea surface. Wind gusts of 85 and 92 knots were recorded on elevated oil production platforms in coastal waters. The NOAA-NOS station at Pilots Station near Southwest Pass recorded a minimum pressure of 969.8 millibars on the evening of the 28th shortly after the first landfall. ||A storm surge of 5 to 9 feet above normal was observed around Lakes Pontchartrain and Maurepas. The highest storm surge, 9 to 12 feet, occurred in eastern Plaquemines Parish and St. Bernard Parish.",NA,CSV
201208,28,300,201208,30,900,67742,410847,GULF OF MEXICO,85,2012,August,Marine Hurricane/Typhoon,Z,536,CHANDELEUR SOUND,85536,LIX,28-AUG-12 03:00:00,CST-6,30-AUG-12 09:00:00,0,0,0,0,0.00K,0.00K,Buoy,NA,NA,NA,NA,NA,NA,NA,NA,NA,NA,NA,NA,NA,NA,NA,NA,NA,NA,NA,NA,NA,"Hurricane Isaac entered the Gulf of Mexico as a tropical storm on August 26, moving northwest after crossing Haiti, Cuba and the Florida Straits. Isaac strengthened into a hurricane on the morning of the 28th when it was 75 miles south southeast of the mouth of the Mississippi River. Isaac made landfall in Plaquemines Parish as a Category 1 hurricane near Southwest Pass of the Mississippi River on the evening of the 28th. A second landfall occurred near Port Fourchon the following morning. The storm weakened to a tropical storm on the afternoon of the 29th about 50 miles west southwest of New Orleans, and weakened further to a tropical depression on the afternoon of the 30th near Monroe, Louisiana. ||The NOAA-NOS observation site at Pilot Station at the Southwest Pass of the Mississippi River recorded a sustained wind of 65 knots with gust to 82 knots shortly after midnight, early on August 29th. Observation height of this instruments is 24 meter above sea surface. Wind gusts of 85 and 92 knots were recorded on elevated oil production platforms in coastal waters. The NOAA-NOS station at Pilots Station near Southwest Pass recorded a minimum pressure of 969.8 millibars on the evening of the 28th shortly after the first landfall. ||A storm surge of 5 to 9 feet above normal was observed around Lakes Pontchartrain and Maurepas. The highest storm surge, 9 to 12 feet, occurred in eastern Plaquemines Parish and St. Bernard Parish.",NA,CSV
201208,28,300,201208,30,300,67742,410848,GULF OF MEXICO,85,2012,August,Marine Hurricane/Typhoon,Z,557,COASTAL WATERS FROM PASCAGOULA MISSISSIPPI TO STAKE ISLAND LOUISIANA OUT 20 NM,85557,LIX,28-AUG-12 03:00:00,CST-6,30-AUG-12 03:00:00,0,0,0,0,0.00K,0.00K,Buoy,NA,NA,NA,NA,NA,NA,NA,NA,NA,NA,NA,NA,NA,NA,NA,NA,NA,NA,NA,NA,NA,"Hurricane Isaac entered the Gulf of Mexico as a tropical storm on August 26, moving northwest after crossing Haiti, Cuba and the Florida Straits. Isaac strengthened into a hurricane on the morning of the 28th when it was 75 miles south southeast of the mouth of the Mississippi River. Isaac made landfall in Plaquemines Parish as a Category 1 hurricane near Southwest Pass of the Mississippi River on the evening of the 28th. A second landfall occurred near Port Fourchon the following morning. The storm weakened to a tropical storm on the afternoon of the 29th about 50 miles west southwest of New Orleans, and weakened further to a tropical depression on the afternoon of the 30th near Monroe, Louisiana. ||The NOAA-NOS observation site at Pilot Station at the Southwest Pass of the Mississippi River recorded a sustained wind of 65 knots with gust to 82 knots shortly after midnight, early on August 29th. Observation height of this instruments is 24 meter above sea surface. Wind gusts of 85 and 92 knots were recorded on elevated oil production platforms in coastal waters. The NOAA-NOS station at Pilots Station near Southwest Pass recorded a minimum pressure of 969.8 millibars on the evening of the 28th shortly after the first landfall. ||A storm surge of 5 to 9 feet above normal was observed around Lakes Pontchartrain and Maurepas. The highest storm surge, 9 to 12 feet, occurred in eastern Plaquemines Parish and St. Bernard Parish.",NA,CSV
201609,1,1600,201609,2,400,108555,655867,GULF OF MEXICO,85,2016,September,Marine Hurricane/Typhoon,Z,730,APALACHEE BAY OR COASTAL WATERS FROM KEATON BEACH TO OCHLOCKONEE RIVER FL OUT TO 20 NM,85730,TAE,01-SEP-16 16:00:00,EST-5,02-SEP-16 04:00:00,0,0,0,0,0.00K,0.00K,Official NWS Observations,NA,NA,NA,NA,NA,NA,NA,NA,NA,NA,NA,NA,NA,NA,NA,NA,NA,NA,NA,NA,NA,"Hurricane Hermine moved through the northeast Gulf of Mexico in early September, bringing with it both tropical storm and hurricane conditions.  The C-Tower measured a peak gust of 69 knots.",NA,CSV
201609,1,1600,201609,2,400,108555,655868,GULF OF MEXICO,85,2016,September,Marine Hurricane/Typhoon,Z,755,COASTAL WATERS FROM OCHLOCKONEE RIVER TO APALACHICOLA FL OUT TO 20 NM,85755,TAE,01-SEP-16 16:00:00,EST-5,02-SEP-16 04:00:00,0,0,0,0,0.00K,0.00K,Official NWS Observations,NA,NA,NA,NA,NA,NA,NA,NA,NA,NA,NA,NA,NA,NA,NA,NA,NA,NA,NA,NA,NA,"Hurricane Hermine moved through the northeast Gulf of Mexico in early September, bringing with it both tropical storm and hurricane conditions.  The C-Tower measured a peak gust of 69 knots.",NA,CSV
201609,1,1600,201609,2,400,108555,655869,GULF OF MEXICO,85,2016,September,Marine Hurricane/Typhoon,Z,765,COASTAL WATERS FROM SUWANNEE RIVER TO KEATON BEACH OUT TO 20 NM,85765,TAE,01-SEP-16 16:00:00,EST-5,02-SEP-16 04:00:00,0,0,0,0,0.00K,0.00K,Official NWS Observations,NA,NA,NA,NA,NA,NA,NA,NA,NA,NA,NA,NA,NA,NA,NA,NA,NA,NA,NA,NA,NA,"Hurricane Hermine moved through the northeast Gulf of Mexico in early September, bringing with it both tropical storm and hurricane conditions.  The C-Tower measured a peak gust of 69 knots.",NA,CSV
201609,1,1600,201609,2,400,108555,655870,GULF OF MEXICO,85,2016,September,Marine Hurricane/Typhoon,Z,775,SUWANNEE R TO APALACHICOLA FL 20 TO 60NM,85775,TAE,01-SEP-16 16:00:00,EST-5,02-SEP-16 04:00:00,0,0,0,0,0.00K,0.00K,Official NWS Observations,NA,NA,NA,NA,NA,NA,NA,NA,NA,NA,NA,NA,NA,NA,NA,NA,NA,NA,NA,NA,NA,"Hurricane Hermine moved through the northeast Gulf of Mexico in early September, bringing with it both tropical storm and hurricane conditions.  The C-Tower measured a peak gust of 69 knots.",NA,CSV
201610,6,1800,201610,7,1800,110831,661832,ATLANTIC SOUTH,87,2016,October,Marine Hurricane/Typhoon,Z,552,VOLUSIA-BREVARD COUNTY LINE TO SEBASTIAN INLET 0-20NM,87552,MLB,06-OCT-16 18:00:00,EST-5,07-OCT-16 18:00:00,0,0,0,0,0.00K,0.00K,Other Federal Agency,NA,NA,NA,NA,NA,NA,NA,NA,NA,NA,NA,NA,NA,NA,NA,NA,NA,NA,NA,NA,NA,"Major Hurricane Matthew moved northwest across the east-central Florida coastal waters late on October 6 through late on October 7 with category 3-4 winds associated with the inner rainbands. Hurricane force winds extended roughly 60 miles from the center, with weather radar observations indicating the presence of concentric eyewalls. These winds drove seas of 30 to 40 feet.","Category 3 Hurricane Matthew moved northwest across the coastal waters, approximately 25 miles offshore, from the early evening of October 6 through the early evening of October 7. USAF wind tower 0403 located on the barrier island, 3 miles north of Port Canaveral, measured sustained winds of 48 knots from the northwest at 0550LST October 7 and a maximum gust of 75 knots from the north at 0520LST. Category 1-2 winds likely occurred over the nearshore coastal waters, with category 3 winds a little farther offshore. Seas likely peaked in the 30 to 40 foot range as the hurricane passed.",CSV
201610,6,1600,201610,7,1100,110831,661838,ATLANTIC SOUTH,87,2016,October,Marine Hurricane/Typhoon,Z,575,SEBASTIAN INLET TO JUPITER INLET 20-60NM,87575,MLB,06-OCT-16 16:00:00,EST-5,07-OCT-16 11:00:00,0,0,0,0,0.00K,0.00K,Official NWS Observations,NA,NA,NA,NA,NA,NA,NA,NA,NA,NA,NA,NA,NA,NA,NA,NA,NA,NA,NA,NA,NA,"Major Hurricane Matthew moved northwest across the east-central Florida coastal waters late on October 6 through late on October 7 with category 3-4 winds associated with the inner rainbands. Hurricane force winds extended roughly 60 miles from the center, with weather radar observations indicating the presence of concentric eyewalls. These winds drove seas of 30 to 40 feet.","Category 3-4 Hurricane Matthew moved northwest across the offshore waters, approximately 30 miles east of the coast, from mid day on October 6 through mid day on October 7. USAF reconnaissance aircraft estimated winds of 109 knots within the eyewall, based on Stepped-Frequency Microwave Radiometer measurements over the southern offshore waters. Seas likely peaked in the 30 to 40 foot range as the hurricane passed.",CSV
201610,6,1600,201610,7,1100,110831,661835,ATLANTIC SOUTH,87,2016,October,Marine Hurricane/Typhoon,Z,555,SEBASTIAN INLET TO JUPITER INLET 0-20NM,87555,MLB,06-OCT-16 16:00:00,EST-5,07-OCT-16 11:00:00,0,0,0,0,0.00K,0.00K,ASOS,NA,NA,NA,NA,NA,NA,NA,NA,NA,NA,NA,NA,NA,NA,NA,NA,NA,NA,NA,NA,NA,"Major Hurricane Matthew moved northwest across the east-central Florida coastal waters late on October 6 through late on October 7 with category 3-4 winds associated with the inner rainbands. Hurricane force winds extended roughly 60 miles from the center, with weather radar observations indicating the presence of concentric eyewalls. These winds drove seas of 30 to 40 feet.","Category 4 Hurricane Matthew moved northwest across the coastal waters, approximately 30-40 miles offshore, from mid day on October 6 through mid day on October 7. The ASOS at Vero Beach Municipal Airport measured sustained winds of 48 knots from the northwest at 0050LST October 7 and a maximum gust of 64 knots from the west at 0151LST. Category 1-2 winds likely occurred over the nearshore coastal waters, with category 3-4 winds a little farther offshore. Seas likely peaked in the 30 to 40 foot range as the hurricane passed.",CSV
201610,7,0,201610,7,2200,110831,661840,ATLANTIC SOUTH,87,2016,October,Marine Hurricane/Typhoon,Z,570,FLAGLER BEACH TO VOLUSIA-BREVARD COUNTY LINE 20-60NM,87570,MLB,07-OCT-16 00:00:00,EST-5,07-OCT-16 22:00:00,0,0,0,0,0.00K,0.00K,Airplane Pilot,NA,NA,NA,NA,NA,NA,NA,NA,NA,NA,NA,NA,NA,NA,NA,NA,NA,NA,NA,NA,NA,"Major Hurricane Matthew moved northwest across the east-central Florida coastal waters late on October 6 through late on October 7 with category 3-4 winds associated with the inner rainbands. Hurricane force winds extended roughly 60 miles from the center, with weather radar observations indicating the presence of concentric eyewalls. These winds drove seas of 30 to 40 feet.","Category 3 Hurricane Matthew moved northwest across the offshore waters, approximately 30 miles east of the coast, from late on October 6 through late on October 7. Based on data from USAF reconnaissance aircraft and NWS Melbourne radar data, maximum winds within the inner rainbands located over the offshore waters were estimated near 105 knots. Seas likely peaked in the 30 to 40 foot range as the hurricane passed.",CSV
201610,7,0,201610,7,2200,110831,661665,ATLANTIC SOUTH,87,2016,October,Marine Hurricane/Typhoon,Z,550,FLAGLER BEACH TO VOLUSIA-BREVARD COUNTY LINE 0-20NM,87550,MLB,07-OCT-16 00:00:00,EST-5,07-OCT-16 22:00:00,0,0,0,0,0.00K,0.00K,Mesonet,NA,NA,NA,NA,NA,NA,NA,NA,NA,NA,NA,NA,NA,NA,NA,NA,NA,NA,NA,NA,NA,"Major Hurricane Matthew moved northwest across the east-central Florida coastal waters late on October 6 through late on October 7 with category 3-4 winds associated with the inner rainbands. Hurricane force winds extended roughly 60 miles from the center, with weather radar observations indicating the presence of concentric eyewalls. These winds drove seas of 30 to 40 feet.","Category 3 Hurricane Matthew moved northwest across the coastal waters, approximately 30 miles offshore, from late on October 6 through late on October 7. A Weatherflow mesonet site at New Smyrna Beach measured sustained winds of 61 knots from the north at 0702LST October 7 and a maximum gust of 72 knots from the north at 0803LST. Category 1-2 winds likely occurred over the nearshore coastal waters, with category 3 winds a little farther offshore. Seas likely peaked in the 30 to 40 foot range as the hurricane passed.",CSV
201610,6,1800,201610,7,1800,110831,661839,ATLANTIC SOUTH,87,2016,October,Marine Hurricane/Typhoon,Z,572,VOLUSIA-BREVARD COUNTY LINE TO SEBASTIAN INLET 20-60NM,87572,MLB,06-OCT-16 18:00:00,EST-5,07-OCT-16 18:00:00,0,0,0,0,0.00K,0.00K,Buoy,NA,NA,NA,NA,NA,NA,NA,NA,NA,NA,NA,NA,NA,NA,NA,NA,NA,NA,NA,NA,NA,"Major Hurricane Matthew moved northwest across the east-central Florida coastal waters late on October 6 through late on October 7 with category 3-4 winds associated with the inner rainbands. Hurricane force winds extended roughly 60 miles from the center, with weather radar observations indicating the presence of concentric eyewalls. These winds drove seas of 30 to 40 feet.","Category 3 Hurricane Matthew moved northwest across the offshore waters, approximately 25 miles east of the coast, from early evening on October 6 through early evening on October 7. At 0220LST on October 7, Buoy 41009, located 26 miles east-northeast of Port Canaveral reported sustained winds of 57 knots from the northeast with gusts to 69 knots, and seas of 30 feet. This was the last observation before the buoy stopped reporting data. At that time, the center of Hurricane Matthew was located approximately 60 miles to the south-southeast of the buoy. The lowest pressure measured by the buoy prior to the data failure was 975.4 millibars. Seas likely peaked in the 30 to 40 foot range as the hurricane passed.",CSV
201708,25,1800,201708,26,900,120417,721483,GULF OF MEXICO,85,2017,August,Marine Hurricane/Typhoon,Z,230,CORPUS CHRISTI TO BAFFIN BAY,85230,CRP,25-AUG-17 18:00:00,CST-6,26-AUG-17 09:00:00,0,0,0,0,0.00K,0.00K,Official NWS Observations,NA,NA,NA,NA,NA,NA,NA,NA,NA,NA,NA,NA,NA,NA,NA,NA,NA,NA,NA,NA,NA,"Major Hurricane Harvey impacted the Middle Texas coast on August 25th and 26th. Harvey was the first category 4 hurricane to strike Texas since Hurricane Carla in 1961. Harvey severely affected the cities of Rockport, Fulton, Port Aransas, Aransas Pass, Holiday Beach, and Refugio. Minor to moderate damage occurred in cities of Portland, Ingleside, Corpus Christi, Seadrift, Port Lavaca, Goliad, and Victoria. ||Harvey weakened to a tropical wave as the system moved across the Caribbean Sea and the Yucatan peninsula from August 18th until the 22nd. Harvey formed into a tropical depression over the southern Gulf of Mexico on the morning of August 23rd. Harvey rapidly intensified from a tropical depression to a major hurricane in 40 hours as it moved northwest toward the Texas coast. Harvey continued to intensify as it approached the Middle Texas coast on August 25th and made landfall as a Category 4 hurricane during the evening hours. Harvey was the first major hurricane to make landfall on the Middle Texas coast since Hurricane Celia in August of 1970. ||Hurricane Harvey slowed down after landfall and weakened into a Tropical Storm on the afternoon of the 26th. Harvey became nearly stationary west of Cuero from the evening of the 26th through the morning of the 27th. Harvey drifted southeastward across the Victoria Crossroads on the afternoon of the 27th. Harvey then moved into Matagorda Bay during the morning hours of the 28th and back into northwest Gulf of Mexico later that afternoon. Tropical storm conditions persisted near the northern portion of the Middle Texas coast into the early morning hours of the 29th. ||Hurricane Harvey moved inland in Aransas County on San Jose Island around 830 PM CDT August 25th. Harvey had a minimum central pressure of 938 millibars and produced a maximum storm surge of 12.5 feet. Maximum sustained winds were estimated at 130 mph (115 knots) with gusts to 160 mph (140 knots).",Satellite and radar data showed Hurricane Harvey moved across the coastal waters during the afternoon of the 25th until the early morning hours of the 26th.  NOAA reconnaissance aircraft data indicated Harvey increased to a category 4 storm with maximum winds of 115 knots with gusts to 140 knots during the evening hours of the 25th as Harvey moved inland at San Jose Island north of Port Aransas. A gust to 72 knots was recorded by a mesonet site at Packery Channel. A gust to 69 knots was recorded at Port Aransas before data from the sensor was lost.,CSV
201708,25,1200,201708,26,900,120417,721363,GULF OF MEXICO,85,2017,August,Marine Hurricane/Typhoon,Z,270,PT ARANSAS TO BAFFIN BAY TX 20 TO 60NM,85270,CRP,25-AUG-17 12:00:00,CST-6,26-AUG-17 09:00:00,0,0,0,0,0.00K,0.00K,Official NWS Observations,NA,NA,NA,NA,NA,NA,NA,NA,NA,NA,NA,NA,NA,NA,NA,NA,NA,NA,NA,NA,NA,"Major Hurricane Harvey impacted the Middle Texas coast on August 25th and 26th. Harvey was the first category 4 hurricane to strike Texas since Hurricane Carla in 1961. Harvey severely affected the cities of Rockport, Fulton, Port Aransas, Aransas Pass, Holiday Beach, and Refugio. Minor to moderate damage occurred in cities of Portland, Ingleside, Corpus Christi, Seadrift, Port Lavaca, Goliad, and Victoria. ||Harvey weakened to a tropical wave as the system moved across the Caribbean Sea and the Yucatan peninsula from August 18th until the 22nd. Harvey formed into a tropical depression over the southern Gulf of Mexico on the morning of August 23rd. Harvey rapidly intensified from a tropical depression to a major hurricane in 40 hours as it moved northwest toward the Texas coast. Harvey continued to intensify as it approached the Middle Texas coast on August 25th and made landfall as a Category 4 hurricane during the evening hours. Harvey was the first major hurricane to make landfall on the Middle Texas coast since Hurricane Celia in August of 1970. ||Hurricane Harvey slowed down after landfall and weakened into a Tropical Storm on the afternoon of the 26th. Harvey became nearly stationary west of Cuero from the evening of the 26th through the morning of the 27th. Harvey drifted southeastward across the Victoria Crossroads on the afternoon of the 27th. Harvey then moved into Matagorda Bay during the morning hours of the 28th and back into northwest Gulf of Mexico later that afternoon. Tropical storm conditions persisted near the northern portion of the Middle Texas coast into the early morning hours of the 29th. ||Hurricane Harvey moved inland in Aransas County on San Jose Island around 830 PM CDT August 25th. Harvey had a minimum central pressure of 938 millibars and produced a maximum storm surge of 12.5 feet. Maximum sustained winds were estimated at 130 mph (115 knots) with gusts to 160 mph (140 knots).",Satellite and radar data showed Hurricane Harvey moved across the coastal waters during the afternoon of the 25th until the early morning hours of the 26th.  NOAA reconnaissance aircraft data indicated Harvey increased to a category 4 storm with maximum winds of 115 knots with gusts to 140 knots during the evening hours of the 25th.,CSV
201708,25,1500,201708,26,1000,120417,721481,GULF OF MEXICO,85,2017,August,Marine Hurricane/Typhoon,Z,255,MATAGORDA SHIP CHNL TO PT ARANSAS OUT 20NM,85255,CRP,25-AUG-17 15:00:00,CST-6,26-AUG-17 10:00:00,0,0,0,0,0.00K,0.00K,Official NWS Observations,NA,NA,NA,NA,NA,NA,NA,NA,NA,NA,NA,NA,NA,NA,NA,NA,NA,NA,NA,NA,NA,"Major Hurricane Harvey impacted the Middle Texas coast on August 25th and 26th. Harvey was the first category 4 hurricane to strike Texas since Hurricane Carla in 1961. Harvey severely affected the cities of Rockport, Fulton, Port Aransas, Aransas Pass, Holiday Beach, and Refugio. Minor to moderate damage occurred in cities of Portland, Ingleside, Corpus Christi, Seadrift, Port Lavaca, Goliad, and Victoria. ||Harvey weakened to a tropical wave as the system moved across the Caribbean Sea and the Yucatan peninsula from August 18th until the 22nd. Harvey formed into a tropical depression over the southern Gulf of Mexico on the morning of August 23rd. Harvey rapidly intensified from a tropical depression to a major hurricane in 40 hours as it moved northwest toward the Texas coast. Harvey continued to intensify as it approached the Middle Texas coast on August 25th and made landfall as a Category 4 hurricane during the evening hours. Harvey was the first major hurricane to make landfall on the Middle Texas coast since Hurricane Celia in August of 1970. ||Hurricane Harvey slowed down after landfall and weakened into a Tropical Storm on the afternoon of the 26th. Harvey became nearly stationary west of Cuero from the evening of the 26th through the morning of the 27th. Harvey drifted southeastward across the Victoria Crossroads on the afternoon of the 27th. Harvey then moved into Matagorda Bay during the morning hours of the 28th and back into northwest Gulf of Mexico later that afternoon. Tropical storm conditions persisted near the northern portion of the Middle Texas coast into the early morning hours of the 29th. ||Hurricane Harvey moved inland in Aransas County on San Jose Island around 830 PM CDT August 25th. Harvey had a minimum central pressure of 938 millibars and produced a maximum storm surge of 12.5 feet. Maximum sustained winds were estimated at 130 mph (115 knots) with gusts to 160 mph (140 knots).",Satellite and radar data showed Hurricane Harvey moved across the coastal waters during the afternoon of the 25th until the early morning hours of the 26th.  NOAA reconnaissance aircraft data indicated Harvey increased to a category 4 storm with maximum winds of 115 knots with gusts to 140 knots during the evening hours of the 25th. A gust to 115 knots occurred at the Aransas Pass Sentinel station near Port Aransas from the southwest during the evening hours of the 25th before communications was lost from the sensor.,CSV
201708,25,1800,201708,26,1000,120417,721484,GULF OF MEXICO,85,2017,August,Marine Hurricane/Typhoon,Z,235,PT O'CONNOR TO ARANSAS PASS,85235,CRP,25-AUG-17 18:00:00,CST-6,26-AUG-17 10:00:00,0,0,0,0,0.00K,0.00K,Official NWS Observations,NA,NA,NA,NA,NA,NA,NA,NA,NA,NA,NA,NA,NA,NA,NA,NA,NA,NA,NA,NA,NA,"Major Hurricane Harvey impacted the Middle Texas coast on August 25th and 26th. Harvey was the first category 4 hurricane to strike Texas since Hurricane Carla in 1961. Harvey severely affected the cities of Rockport, Fulton, Port Aransas, Aransas Pass, Holiday Beach, and Refugio. Minor to moderate damage occurred in cities of Portland, Ingleside, Corpus Christi, Seadrift, Port Lavaca, Goliad, and Victoria. ||Harvey weakened to a tropical wave as the system moved across the Caribbean Sea and the Yucatan peninsula from August 18th until the 22nd. Harvey formed into a tropical depression over the southern Gulf of Mexico on the morning of August 23rd. Harvey rapidly intensified from a tropical depression to a major hurricane in 40 hours as it moved northwest toward the Texas coast. Harvey continued to intensify as it approached the Middle Texas coast on August 25th and made landfall as a Category 4 hurricane during the evening hours. Harvey was the first major hurricane to make landfall on the Middle Texas coast since Hurricane Celia in August of 1970. ||Hurricane Harvey slowed down after landfall and weakened into a Tropical Storm on the afternoon of the 26th. Harvey became nearly stationary west of Cuero from the evening of the 26th through the morning of the 27th. Harvey drifted southeastward across the Victoria Crossroads on the afternoon of the 27th. Harvey then moved into Matagorda Bay during the morning hours of the 28th and back into northwest Gulf of Mexico later that afternoon. Tropical storm conditions persisted near the northern portion of the Middle Texas coast into the early morning hours of the 29th. ||Hurricane Harvey moved inland in Aransas County on San Jose Island around 830 PM CDT August 25th. Harvey had a minimum central pressure of 938 millibars and produced a maximum storm surge of 12.5 feet. Maximum sustained winds were estimated at 130 mph (115 knots) with gusts to 160 mph (140 knots).",Satellite and radar data showed Hurricane Harvey moved across the coastal waters during the afternoon of the 25th until the early morning hours of the 26th.  NOAA reconnaissance aircraft data indicated Harvey increased to a category 4 storm with maximum winds of 115 knots with gusts to 140 knots during the evening hours of the 25th as Harvey moved inland at San Jose Island north of Port Aransas. A gust to 102 knots was recorded by a mesonet site at Copano Bay East before data from the sensor was lost.,CSV
201708,25,1500,201708,26,900,120417,721482,GULF OF MEXICO,85,2017,August,Marine Hurricane/Typhoon,Z,250,PT ARANSAS TO BAFFIN BAY TX OUT 20NM,85250,CRP,25-AUG-17 15:00:00,CST-6,26-AUG-17 09:00:00,0,0,0,0,0.00K,0.00K,Official NWS Observations,NA,NA,NA,NA,NA,NA,NA,NA,NA,NA,NA,NA,NA,NA,NA,NA,NA,NA,NA,NA,NA,"Major Hurricane Harvey impacted the Middle Texas coast on August 25th and 26th. Harvey was the first category 4 hurricane to strike Texas since Hurricane Carla in 1961. Harvey severely affected the cities of Rockport, Fulton, Port Aransas, Aransas Pass, Holiday Beach, and Refugio. Minor to moderate damage occurred in cities of Portland, Ingleside, Corpus Christi, Seadrift, Port Lavaca, Goliad, and Victoria. ||Harvey weakened to a tropical wave as the system moved across the Caribbean Sea and the Yucatan peninsula from August 18th until the 22nd. Harvey formed into a tropical depression over the southern Gulf of Mexico on the morning of August 23rd. Harvey rapidly intensified from a tropical depression to a major hurricane in 40 hours as it moved northwest toward the Texas coast. Harvey continued to intensify as it approached the Middle Texas coast on August 25th and made landfall as a Category 4 hurricane during the evening hours. Harvey was the first major hurricane to make landfall on the Middle Texas coast since Hurricane Celia in August of 1970. ||Hurricane Harvey slowed down after landfall and weakened into a Tropical Storm on the afternoon of the 26th. Harvey became nearly stationary west of Cuero from the evening of the 26th through the morning of the 27th. Harvey drifted southeastward across the Victoria Crossroads on the afternoon of the 27th. Harvey then moved into Matagorda Bay during the morning hours of the 28th and back into northwest Gulf of Mexico later that afternoon. Tropical storm conditions persisted near the northern portion of the Middle Texas coast into the early morning hours of the 29th. ||Hurricane Harvey moved inland in Aransas County on San Jose Island around 830 PM CDT August 25th. Harvey had a minimum central pressure of 938 millibars and produced a maximum storm surge of 12.5 feet. Maximum sustained winds were estimated at 130 mph (115 knots) with gusts to 160 mph (140 knots).",Satellite and radar data showed Hurricane Harvey moved across the coastal waters during the afternoon of the 25th until the early morning hours of the 26th.  NOAA reconnaissance aircraft data indicated Harvey increased to a category 4 storm with maximum winds of 115 knots with gusts to 140 knots during the evening hours of the 25th. A gust to 108 knots occurred at the Port Aransas C-MAN station from the northwest during the evening hours of the 25th before communications was lost from the sensor.,CSV
201708,25,1200,201708,26,900,120417,721362,GULF OF MEXICO,85,2017,August,Marine Hurricane/Typhoon,Z,275,MATAGORDA SHIP CHNL TO PT ARANSAS TX 20 TO 60NM,85275,CRP,25-AUG-17 12:00:00,CST-6,26-AUG-17 09:00:00,0,0,0,0,0.00K,0.00K,Official NWS Observations,NA,NA,NA,NA,NA,NA,NA,NA,NA,NA,NA,NA,NA,NA,NA,NA,NA,NA,NA,NA,NA,"Major Hurricane Harvey impacted the Middle Texas coast on August 25th and 26th. Harvey was the first category 4 hurricane to strike Texas since Hurricane Carla in 1961. Harvey severely affected the cities of Rockport, Fulton, Port Aransas, Aransas Pass, Holiday Beach, and Refugio. Minor to moderate damage occurred in cities of Portland, Ingleside, Corpus Christi, Seadrift, Port Lavaca, Goliad, and Victoria. ||Harvey weakened to a tropical wave as the system moved across the Caribbean Sea and the Yucatan peninsula from August 18th until the 22nd. Harvey formed into a tropical depression over the southern Gulf of Mexico on the morning of August 23rd. Harvey rapidly intensified from a tropical depression to a major hurricane in 40 hours as it moved northwest toward the Texas coast. Harvey continued to intensify as it approached the Middle Texas coast on August 25th and made landfall as a Category 4 hurricane during the evening hours. Harvey was the first major hurricane to make landfall on the Middle Texas coast since Hurricane Celia in August of 1970. ||Hurricane Harvey slowed down after landfall and weakened into a Tropical Storm on the afternoon of the 26th. Harvey became nearly stationary west of Cuero from the evening of the 26th through the morning of the 27th. Harvey drifted southeastward across the Victoria Crossroads on the afternoon of the 27th. Harvey then moved into Matagorda Bay during the morning hours of the 28th and back into northwest Gulf of Mexico later that afternoon. Tropical storm conditions persisted near the northern portion of the Middle Texas coast into the early morning hours of the 29th. ||Hurricane Harvey moved inland in Aransas County on San Jose Island around 830 PM CDT August 25th. Harvey had a minimum central pressure of 938 millibars and produced a maximum storm surge of 12.5 feet. Maximum sustained winds were estimated at 130 mph (115 knots) with gusts to 160 mph (140 knots).",Satellite and radar data showed Hurricane Harvey moved across the coastal waters during the afternoon of the 25th until the early morning hours of the 26th. NOAA reconnaissance aircraft data indicated Harvey increased to a category 4 storm with maximum winds of 115 knots with gusts to 140 knots during the evening hours of the 25th.,CSV
201709,9,0,201709,11,0,120709,723024,GULF OF MEXICO,85,2017,September,Marine Hurricane/Typhoon,Z,676,CHOKOLOSKEE TO BONITA BEACH FL 20 TO 60NM,85676,MFL,09-SEP-17 00:00:00,EST-5,11-SEP-17 00:00:00,0,0,0,0,0.00K,0.00K,Official NWS Observations,NA,NA,NA,NA,NA,NA,NA,NA,NA,NA,NA,NA,NA,NA,NA,NA,NA,NA,NA,NA,NA,"Major Hurricane Irma made landfall in southwest Florida on Marco Island as a category 3 hurricane in the afternoon on September 10th. The storm traveled north through southwest Florida through the morning on September 11th. Effects from Irma were felt across South Florida from September 9th through September 11th. Irma had reached a Category 5 strength and a minimum central pressure of 914mb before weakening before landfall.||The strength and size of Hurricane Irma allowed the effects to expand across all of South Florida waters. The wind, waves, surge created dangerous life-threatening marine conditions.",Satellite and radar velocity data support hurricane force sustained winds between 75 to 85 knots in Gulf waters with frequent higher wind gust.,CSV
201709,9,0,201709,11,0,120709,723022,GULF OF MEXICO,85,2017,September,Marine Hurricane/Typhoon,Z,656,CHOKOLOSKEE TO BONITA BEACH FL OUT 20NM,85656,MFL,09-SEP-17 00:00:00,EST-5,11-SEP-17 00:00:00,0,0,0,0,NA,NA,Official NWS Observations,NA,NA,NA,NA,NA,NA,NA,NA,NA,NA,NA,NA,NA,NA,NA,NA,NA,NA,NA,NA,NA,"Major Hurricane Irma made landfall in southwest Florida on Marco Island as a category 3 hurricane in the afternoon on September 10th. The storm traveled north through southwest Florida through the morning on September 11th. Effects from Irma were felt across South Florida from September 9th through September 11th. Irma had reached a Category 5 strength and a minimum central pressure of 914mb before weakening before landfall.||The strength and size of Hurricane Irma allowed the effects to expand across all of South Florida waters. The wind, waves, surge created dangerous life-threatening marine conditions.",Multiple mesonet stations along with satellite and radar velocity data support hurricane force sustained winds between 75 to 100 knots in Gulf waters with frequent higher wind gust.,CSV
201709,9,0,201709,11,0,120709,723023,GULF OF MEXICO,85,2017,September,Marine Hurricane/Typhoon,Z,657,E CP SABLE TO CHOKOLOSKEE FL OUT 20NM,85657,MFL,09-SEP-17 00:00:00,EST-5,11-SEP-17 00:00:00,0,0,0,0,NA,NA,Official NWS Observations,NA,NA,NA,NA,NA,NA,NA,NA,NA,NA,NA,NA,NA,NA,NA,NA,NA,NA,NA,NA,NA,"Major Hurricane Irma made landfall in southwest Florida on Marco Island as a category 3 hurricane in the afternoon on September 10th. The storm traveled north through southwest Florida through the morning on September 11th. Effects from Irma were felt across South Florida from September 9th through September 11th. Irma had reached a Category 5 strength and a minimum central pressure of 914mb before weakening before landfall.||The strength and size of Hurricane Irma allowed the effects to expand across all of South Florida waters. The wind, waves, surge created dangerous life-threatening marine conditions.",Satellite and radar velocity data support hurricane force sustained winds between 75 to 100 knots in Gulf waters with frequent higher wind gust.,CSV
201710,7,1400,201710,8,400,120173,725100,GULF OF MEXICO,85,2017,October,Marine Hurricane/Typhoon,Z,532,MISSISSIPPI SOUND,85532,LIX,07-OCT-17 14:00:00,CST-6,08-OCT-17 04:00:00,0,0,0,0,0.00K,0.00K,AWOS,NA,NA,NA,NA,NA,NA,NA,NA,NA,NA,NA,NA,NA,NA,NA,NA,NA,NA,NA,NA,NA,"Hurricane Nate began as a tropical depression over the northwest Caribbean Sea on the morning of October 4th and moved fairly rapidly northward, with forward speeds in excess of 20 mph, for the next several days while gaining strength. The storm moved north-northwestward through much of the day on the 7th and moved across the coastal marine areas as a minimal hurricane from the afternoon of Oct 7th into the early morning hours of Oct 8th.  As the hurricane approached southeast Louisiana and coastal Mississippi, it became asymmetrical with much of shower and thunderstorm activity along with the stronger winds primarily on the east side of the system.||Two landfalls occurred in the CWA. The first was near the mouth of the Mississippi River at 7 pm CDT as a Category 1 hurricane. The second landfall was near Biloxi, Mississippi at 1230 am CDT October 8th, also as a Category 1 hurricane.  The storm continued moving rapidly to the north and north-northeast, and had weakened to a tropical depression near Birmingham, Alabama by 10 am CDT on the 8th.||The lowest measured barometric pressure was 984.4 mb at a Weatherflow station near Biloxi.  Keesler Air Force Base in Biloxi recorded a maximum sustained wind of 46 kt (53 mph) and a 61 knot (70 mph) gust at 2253CST on Aug 7.  A shipyard at Pascagoula Mississippi recorded a wind gust 71 kts (82 mph) on an anemometer with height of 19 meters. ||In Louisiana, the lowest pressure was recorded at the Southwest Pass NOAA CMAN station (BURL1) with a reading of 989.5mb. Maximum winds were recorded at the Pilot Station automated weather station (PSTL1) with a maximum sustained wind of 46 kt (53 mph) gusting to 57 Kts (66 mph) at 1554CST on Aug 7.  Anemometer height of 20.3 meters. ||Over the coastal waters along and east of the Mississippi River, tropical storm force winds occurred with occasional hurricane force winds. The maximum wind observed in the coastal waters was at an AWOS station at Main Pass Block 140B (KMIS) with a sustained wind of 62 kt and a gust to 77 knots.  Anemometer height 85 meters.","Tropical storm force winds occurred, and occasional hurricane force wind gust over eastern areas as Hurricane Nate impacted the areas. Some representative observations included: the Weatherflow site at Ship Island in Mississippi Sound reported a 63 knot wind gust.  The station at Petit Bois Island (PTBM6) reported a sustained wind of 46 knots and a peak gust of 58 knots. The Port of Pascagoula Range A Rear WLON station (RARM6) reported a sustained wind of 44 knots and a peak wind gust of 61 knots.",CSV
201710,7,1400,201710,8,400,120173,725106,GULF OF MEXICO,85,2017,October,Marine Hurricane/Typhoon,Z,557,COASTAL WATERS FROM PASCAGOULA MISSISSIPPI TO STAKE ISLAND LOUISIANA OUT 20 NM,85557,LIX,07-OCT-17 14:00:00,CST-6,08-OCT-17 04:00:00,0,0,0,0,0.00K,0.00K,C-MAN Station,NA,NA,NA,NA,NA,NA,NA,NA,NA,NA,NA,NA,NA,NA,NA,NA,NA,NA,NA,NA,NA,"Hurricane Nate began as a tropical depression over the northwest Caribbean Sea on the morning of October 4th and moved fairly rapidly northward, with forward speeds in excess of 20 mph, for the next several days while gaining strength. The storm moved north-northwestward through much of the day on the 7th and moved across the coastal marine areas as a minimal hurricane from the afternoon of Oct 7th into the early morning hours of Oct 8th.  As the hurricane approached southeast Louisiana and coastal Mississippi, it became asymmetrical with much of shower and thunderstorm activity along with the stronger winds primarily on the east side of the system.||Two landfalls occurred in the CWA. The first was near the mouth of the Mississippi River at 7 pm CDT as a Category 1 hurricane. The second landfall was near Biloxi, Mississippi at 1230 am CDT October 8th, also as a Category 1 hurricane.  The storm continued moving rapidly to the north and north-northeast, and had weakened to a tropical depression near Birmingham, Alabama by 10 am CDT on the 8th.||The lowest measured barometric pressure was 984.4 mb at a Weatherflow station near Biloxi.  Keesler Air Force Base in Biloxi recorded a maximum sustained wind of 46 kt (53 mph) and a 61 knot (70 mph) gust at 2253CST on Aug 7.  A shipyard at Pascagoula Mississippi recorded a wind gust 71 kts (82 mph) on an anemometer with height of 19 meters. ||In Louisiana, the lowest pressure was recorded at the Southwest Pass NOAA CMAN station (BURL1) with a reading of 989.5mb. Maximum winds were recorded at the Pilot Station automated weather station (PSTL1) with a maximum sustained wind of 46 kt (53 mph) gusting to 57 Kts (66 mph) at 1554CST on Aug 7.  Anemometer height of 20.3 meters. ||Over the coastal waters along and east of the Mississippi River, tropical storm force winds occurred with occasional hurricane force winds. The maximum wind observed in the coastal waters was at an AWOS station at Main Pass Block 140B (KMIS) with a sustained wind of 62 kt and a gust to 77 knots.  Anemometer height 85 meters.",Tropical storm force winds and occasional hurricane force winds occurred over the marine areas as Hurricane Nate moved through the area.,CSV
201710,7,1400,201710,8,400,120173,725109,GULF OF MEXICO,85,2017,October,Marine Hurricane/Typhoon,Z,536,CHANDELEUR SOUND,85536,LIX,07-OCT-17 14:00:00,CST-6,08-OCT-17 04:00:00,0,0,0,0,0.00K,0.00K,Unknown,NA,NA,NA,NA,NA,NA,NA,NA,NA,NA,NA,NA,NA,NA,NA,NA,NA,NA,NA,NA,NA,"Hurricane Nate began as a tropical depression over the northwest Caribbean Sea on the morning of October 4th and moved fairly rapidly northward, with forward speeds in excess of 20 mph, for the next several days while gaining strength. The storm moved north-northwestward through much of the day on the 7th and moved across the coastal marine areas as a minimal hurricane from the afternoon of Oct 7th into the early morning hours of Oct 8th.  As the hurricane approached southeast Louisiana and coastal Mississippi, it became asymmetrical with much of shower and thunderstorm activity along with the stronger winds primarily on the east side of the system.||Two landfalls occurred in the CWA. The first was near the mouth of the Mississippi River at 7 pm CDT as a Category 1 hurricane. The second landfall was near Biloxi, Mississippi at 1230 am CDT October 8th, also as a Category 1 hurricane.  The storm continued moving rapidly to the north and north-northeast, and had weakened to a tropical depression near Birmingham, Alabama by 10 am CDT on the 8th.||The lowest measured barometric pressure was 984.4 mb at a Weatherflow station near Biloxi.  Keesler Air Force Base in Biloxi recorded a maximum sustained wind of 46 kt (53 mph) and a 61 knot (70 mph) gust at 2253CST on Aug 7.  A shipyard at Pascagoula Mississippi recorded a wind gust 71 kts (82 mph) on an anemometer with height of 19 meters. ||In Louisiana, the lowest pressure was recorded at the Southwest Pass NOAA CMAN station (BURL1) with a reading of 989.5mb. Maximum winds were recorded at the Pilot Station automated weather station (PSTL1) with a maximum sustained wind of 46 kt (53 mph) gusting to 57 Kts (66 mph) at 1554CST on Aug 7.  Anemometer height of 20.3 meters. ||Over the coastal waters along and east of the Mississippi River, tropical storm force winds occurred with occasional hurricane force winds. The maximum wind observed in the coastal waters was at an AWOS station at Main Pass Block 140B (KMIS) with a sustained wind of 62 kt and a gust to 77 knots.  Anemometer height 85 meters.","Tropical Storm Force winds occurred over the marine area with a occasional hurricane hurricane force wind gusts likely as Hurricane Nate passed over the area. At nearby Ship Island, as wind gust of 63 knots was recorded at a WeatherFlow site.",CSV
201710,7,1200,201710,8,400,120173,725102,GULF OF MEXICO,85,2017,October,Marine Hurricane/Typhoon,Z,577,COASTAL WATERS FROM PASCAGOULA MISSISSIPPI TO STAKE ISLAND LOUISIANA FROM 20 TO 60 NM,85577,LIX,07-OCT-17 12:00:00,CST-6,08-OCT-17 04:00:00,0,0,0,0,0.00K,0.00K,AWOS,NA,NA,NA,NA,NA,NA,NA,NA,NA,NA,NA,NA,NA,NA,NA,NA,NA,NA,NA,NA,NA,"Hurricane Nate began as a tropical depression over the northwest Caribbean Sea on the morning of October 4th and moved fairly rapidly northward, with forward speeds in excess of 20 mph, for the next several days while gaining strength. The storm moved north-northwestward through much of the day on the 7th and moved across the coastal marine areas as a minimal hurricane from the afternoon of Oct 7th into the early morning hours of Oct 8th.  As the hurricane approached southeast Louisiana and coastal Mississippi, it became asymmetrical with much of shower and thunderstorm activity along with the stronger winds primarily on the east side of the system.||Two landfalls occurred in the CWA. The first was near the mouth of the Mississippi River at 7 pm CDT as a Category 1 hurricane. The second landfall was near Biloxi, Mississippi at 1230 am CDT October 8th, also as a Category 1 hurricane.  The storm continued moving rapidly to the north and north-northeast, and had weakened to a tropical depression near Birmingham, Alabama by 10 am CDT on the 8th.||The lowest measured barometric pressure was 984.4 mb at a Weatherflow station near Biloxi.  Keesler Air Force Base in Biloxi recorded a maximum sustained wind of 46 kt (53 mph) and a 61 knot (70 mph) gust at 2253CST on Aug 7.  A shipyard at Pascagoula Mississippi recorded a wind gust 71 kts (82 mph) on an anemometer with height of 19 meters. ||In Louisiana, the lowest pressure was recorded at the Southwest Pass NOAA CMAN station (BURL1) with a reading of 989.5mb. Maximum winds were recorded at the Pilot Station automated weather station (PSTL1) with a maximum sustained wind of 46 kt (53 mph) gusting to 57 Kts (66 mph) at 1554CST on Aug 7.  Anemometer height of 20.3 meters. ||Over the coastal waters along and east of the Mississippi River, tropical storm force winds occurred with occasional hurricane force winds. The maximum wind observed in the coastal waters was at an AWOS station at Main Pass Block 140B (KMIS) with a sustained wind of 62 kt and a gust to 77 knots.  Anemometer height 85 meters.","Tropical storm force winds occurred over the marine area with hurricane force likely as Hurricane Nate moved over the region.  The AWOS observation at KVKY at 29.25N, 88.44W reported a sustained wind of 38 knots with a gust to 50 knots. Anemometer height is 115 meters. A 39 knot sustained wind and 52 knot wind gust was reported at Buoy 42040.",CSV
201710,7,1200,201710,8,400,120173,725104,GULF OF MEXICO,85,2017,October,Marine Hurricane/Typhoon,Z,555,COASTAL WATERS FROM BOOTHVILLE LOUISIANA TO SOUTHWEST PASS OF THE MISSISSIPPI RIVER OUT 20 NM,85555,LIX,07-OCT-17 12:00:00,CST-6,08-OCT-17 04:00:00,0,0,0,0,0.00K,0.00K,AWOS,NA,NA,NA,NA,NA,NA,NA,NA,NA,NA,NA,NA,NA,NA,NA,NA,NA,NA,NA,NA,NA,"Hurricane Nate began as a tropical depression over the northwest Caribbean Sea on the morning of October 4th and moved fairly rapidly northward, with forward speeds in excess of 20 mph, for the next several days while gaining strength. The storm moved north-northwestward through much of the day on the 7th and moved across the coastal marine areas as a minimal hurricane from the afternoon of Oct 7th into the early morning hours of Oct 8th.  As the hurricane approached southeast Louisiana and coastal Mississippi, it became asymmetrical with much of shower and thunderstorm activity along with the stronger winds primarily on the east side of the system.||Two landfalls occurred in the CWA. The first was near the mouth of the Mississippi River at 7 pm CDT as a Category 1 hurricane. The second landfall was near Biloxi, Mississippi at 1230 am CDT October 8th, also as a Category 1 hurricane.  The storm continued moving rapidly to the north and north-northeast, and had weakened to a tropical depression near Birmingham, Alabama by 10 am CDT on the 8th.||The lowest measured barometric pressure was 984.4 mb at a Weatherflow station near Biloxi.  Keesler Air Force Base in Biloxi recorded a maximum sustained wind of 46 kt (53 mph) and a 61 knot (70 mph) gust at 2253CST on Aug 7.  A shipyard at Pascagoula Mississippi recorded a wind gust 71 kts (82 mph) on an anemometer with height of 19 meters. ||In Louisiana, the lowest pressure was recorded at the Southwest Pass NOAA CMAN station (BURL1) with a reading of 989.5mb. Maximum winds were recorded at the Pilot Station automated weather station (PSTL1) with a maximum sustained wind of 46 kt (53 mph) gusting to 57 Kts (66 mph) at 1554CST on Aug 7.  Anemometer height of 20.3 meters. ||Over the coastal waters along and east of the Mississippi River, tropical storm force winds occurred with occasional hurricane force winds. The maximum wind observed in the coastal waters was at an AWOS station at Main Pass Block 140B (KMIS) with a sustained wind of 62 kt and a gust to 77 knots.  Anemometer height 85 meters.",Tropical Storm force winds occurred over the area with occasional hurricane force wind gusts as Hurricane Nate moved over the area.  The C-MAN station at Pilots Station East at the Southwest Pass of the Mississippi River reported a 37 knot sustained wind with a gust to 44 knots. Station anemometer height is 20 meters above the water. Pilot's Station East at Southwest Pass reported a 46 knot sustained wind and a 57 knot wind gust. The oil platform at Viosca Knoll (Station 42364) reported a sustained wind of 47 knots. Anemometer height is 122 meters. The AWOS site in Main Pass Block 140B (KMIS) reported a 62 knot sustained wind and a 77 knot wind gust. Anemometer height is at 85 meters.,CSV
201710,7,1400,201710,8,400,120173,725108,GULF OF MEXICO,85,2017,October,Marine Hurricane/Typhoon,Z,538,BRETON SOUND,85538,LIX,07-OCT-17 14:00:00,CST-6,08-OCT-17 04:00:00,0,0,0,0,0.00K,0.00K,Other Federal Agency,NA,NA,NA,NA,NA,NA,NA,NA,NA,NA,NA,NA,NA,NA,NA,NA,NA,NA,NA,NA,NA,"Hurricane Nate began as a tropical depression over the northwest Caribbean Sea on the morning of October 4th and moved fairly rapidly northward, with forward speeds in excess of 20 mph, for the next several days while gaining strength. The storm moved north-northwestward through much of the day on the 7th and moved across the coastal marine areas as a minimal hurricane from the afternoon of Oct 7th into the early morning hours of Oct 8th.  As the hurricane approached southeast Louisiana and coastal Mississippi, it became asymmetrical with much of shower and thunderstorm activity along with the stronger winds primarily on the east side of the system.||Two landfalls occurred in the CWA. The first was near the mouth of the Mississippi River at 7 pm CDT as a Category 1 hurricane. The second landfall was near Biloxi, Mississippi at 1230 am CDT October 8th, also as a Category 1 hurricane.  The storm continued moving rapidly to the north and north-northeast, and had weakened to a tropical depression near Birmingham, Alabama by 10 am CDT on the 8th.||The lowest measured barometric pressure was 984.4 mb at a Weatherflow station near Biloxi.  Keesler Air Force Base in Biloxi recorded a maximum sustained wind of 46 kt (53 mph) and a 61 knot (70 mph) gust at 2253CST on Aug 7.  A shipyard at Pascagoula Mississippi recorded a wind gust 71 kts (82 mph) on an anemometer with height of 19 meters. ||In Louisiana, the lowest pressure was recorded at the Southwest Pass NOAA CMAN station (BURL1) with a reading of 989.5mb. Maximum winds were recorded at the Pilot Station automated weather station (PSTL1) with a maximum sustained wind of 46 kt (53 mph) gusting to 57 Kts (66 mph) at 1554CST on Aug 7.  Anemometer height of 20.3 meters. ||Over the coastal waters along and east of the Mississippi River, tropical storm force winds occurred with occasional hurricane force winds. The maximum wind observed in the coastal waters was at an AWOS station at Main Pass Block 140B (KMIS) with a sustained wind of 62 kt and a gust to 77 knots.  Anemometer height 85 meters.",Tropical storm force winds occurred over Breton Sound as Nate moved through the area. A wind gust of 42 mph was recorded on a USGS weather/tide station in Northeast  Bay Gardene.,CSV
201810,9,2300,201810,10,2000,130187,789469,GULF OF MEXICO,85,2018,October,Marine Hurricane/Typhoon,Z,752,COASTAL WATERS FROM MEXICO BEACH TO APALACHICOLA OUT 20 NM,85752,TAE,09-OCT-18 23:00:00,EST-5,10-OCT-18 20:00:00,0,0,0,0,0.00K,0.00K,Official NWS Observations,NA,NA,NA,NA,NA,NA,NA,NA,NA,NA,NA,NA,NA,NA,NA,NA,NA,NA,NA,NA,NA,"Hurricane Michael started as typical weak October Caribbean tropical system. However, after approximately a week of slow development, the system moved into warm Gulf of Mexico waters and rapidly intensified into a major hurricane as it moved north towards the Florida Panhandle. After a 2-day long intensification period over the eastern Gulf, Michael made landfall as an unprecedented (for the region) high-end category 4 hurricane on the Saffir-Simpson Hurricane Wind Scale in the Florida Panhandle with maximum sustained wind speed of 155 mph and a minimum pressure 919 mb. Based on wind, Michael is the fourth most powerful hurricane to hit the United States, behind the Labor Day Hurricane (1935), Hurricane Camille (1969) and Hurricane Andrew (1992), and the most powerful storm to impact the Florida Panhandle in recorded history. Based on central pressure, Michael is the third most powerful hurricane to hit the United States, behind only the Labor Day Hurricane (1935) and Hurricane Camille (1969). The storm caused catastrophic damage from wind and storm surge, particularly in the Panama City Beach to Mexico Beach to Cape San Blas areas.",NA,CSV
201810,9,2300,201810,10,2000,130187,789467,GULF OF MEXICO,85,2018,October,Marine Hurricane/Typhoon,Z,750,COASTAL WATERS FROM OKLALOOSA-WALTON COUNTY LINE TO MEXICO BEACH OUT 20 NM,85750,TAE,09-OCT-18 23:00:00,EST-5,10-OCT-18 20:00:00,0,0,0,0,0.00K,0.00K,Official NWS Observations,NA,NA,NA,NA,NA,NA,NA,NA,NA,NA,NA,NA,NA,NA,NA,NA,NA,NA,NA,NA,NA,"Hurricane Michael started as typical weak October Caribbean tropical system. However, after approximately a week of slow development, the system moved into warm Gulf of Mexico waters and rapidly intensified into a major hurricane as it moved north towards the Florida Panhandle. After a 2-day long intensification period over the eastern Gulf, Michael made landfall as an unprecedented (for the region) high-end category 4 hurricane on the Saffir-Simpson Hurricane Wind Scale in the Florida Panhandle with maximum sustained wind speed of 155 mph and a minimum pressure 919 mb. Based on wind, Michael is the fourth most powerful hurricane to hit the United States, behind the Labor Day Hurricane (1935), Hurricane Camille (1969) and Hurricane Andrew (1992), and the most powerful storm to impact the Florida Panhandle in recorded history. Based on central pressure, Michael is the third most powerful hurricane to hit the United States, behind only the Labor Day Hurricane (1935) and Hurricane Camille (1969). The storm caused catastrophic damage from wind and storm surge, particularly in the Panama City Beach to Mexico Beach to Cape San Blas areas.",NA,CSV
201810,9,2300,201810,10,2000,130187,789468,GULF OF MEXICO,85,2018,October,Marine Hurricane/Typhoon,Z,770,WATERS FROM OKALOOSA-WALTON COUNTY LINE TO MEXICO BEACH FL 20 TO 60 NM,85770,TAE,09-OCT-18 23:00:00,EST-5,10-OCT-18 20:00:00,0,0,0,0,0.00K,0.00K,Official NWS Observations,NA,NA,NA,NA,NA,NA,NA,NA,NA,NA,NA,NA,NA,NA,NA,NA,NA,NA,NA,NA,NA,"Hurricane Michael started as typical weak October Caribbean tropical system. However, after approximately a week of slow development, the system moved into warm Gulf of Mexico waters and rapidly intensified into a major hurricane as it moved north towards the Florida Panhandle. After a 2-day long intensification period over the eastern Gulf, Michael made landfall as an unprecedented (for the region) high-end category 4 hurricane on the Saffir-Simpson Hurricane Wind Scale in the Florida Panhandle with maximum sustained wind speed of 155 mph and a minimum pressure 919 mb. Based on wind, Michael is the fourth most powerful hurricane to hit the United States, behind the Labor Day Hurricane (1935), Hurricane Camille (1969) and Hurricane Andrew (1992), and the most powerful storm to impact the Florida Panhandle in recorded history. Based on central pressure, Michael is the third most powerful hurricane to hit the United States, behind only the Labor Day Hurricane (1935) and Hurricane Camille (1969). The storm caused catastrophic damage from wind and storm surge, particularly in the Panama City Beach to Mexico Beach to Cape San Blas areas.",NA,CSV
201810,9,2300,201810,10,2000,130187,789470,GULF OF MEXICO,85,2018,October,Marine Hurricane/Typhoon,Z,772,WATERS FROM MEXICO BEACH TO APALACHICOLA FL 20 TO 60 NM,85772,TAE,09-OCT-18 23:00:00,EST-5,10-OCT-18 20:00:00,0,0,0,0,0.00K,0.00K,Official NWS Observations,NA,NA,NA,NA,NA,NA,NA,NA,NA,NA,NA,NA,NA,NA,NA,NA,NA,NA,NA,NA,NA,"Hurricane Michael started as typical weak October Caribbean tropical system. However, after approximately a week of slow development, the system moved into warm Gulf of Mexico waters and rapidly intensified into a major hurricane as it moved north towards the Florida Panhandle. After a 2-day long intensification period over the eastern Gulf, Michael made landfall as an unprecedented (for the region) high-end category 4 hurricane on the Saffir-Simpson Hurricane Wind Scale in the Florida Panhandle with maximum sustained wind speed of 155 mph and a minimum pressure 919 mb. Based on wind, Michael is the fourth most powerful hurricane to hit the United States, behind the Labor Day Hurricane (1935), Hurricane Camille (1969) and Hurricane Andrew (1992), and the most powerful storm to impact the Florida Panhandle in recorded history. Based on central pressure, Michael is the third most powerful hurricane to hit the United States, behind only the Labor Day Hurricane (1935) and Hurricane Camille (1969). The storm caused catastrophic damage from wind and storm surge, particularly in the Panama City Beach to Mexico Beach to Cape San Blas areas.",NA,CSV
201810,9,2300,201810,10,2000,130187,789471,GULF OF MEXICO,85,2018,October,Marine Hurricane/Typhoon,Z,755,COASTAL WATERS FROM OCHLOCKONEE RIVER TO APALACHICOLA FL OUT TO 20 NM,85755,TAE,09-OCT-18 23:00:00,EST-5,10-OCT-18 20:00:00,0,0,0,0,0.00K,0.00K,Official NWS Observations,NA,NA,NA,NA,NA,NA,NA,NA,NA,NA,NA,NA,NA,NA,NA,NA,NA,NA,NA,NA,NA,"Hurricane Michael started as typical weak October Caribbean tropical system. However, after approximately a week of slow development, the system moved into warm Gulf of Mexico waters and rapidly intensified into a major hurricane as it moved north towards the Florida Panhandle. After a 2-day long intensification period over the eastern Gulf, Michael made landfall as an unprecedented (for the region) high-end category 4 hurricane on the Saffir-Simpson Hurricane Wind Scale in the Florida Panhandle with maximum sustained wind speed of 155 mph and a minimum pressure 919 mb. Based on wind, Michael is the fourth most powerful hurricane to hit the United States, behind the Labor Day Hurricane (1935), Hurricane Camille (1969) and Hurricane Andrew (1992), and the most powerful storm to impact the Florida Panhandle in recorded history. Based on central pressure, Michael is the third most powerful hurricane to hit the United States, behind only the Labor Day Hurricane (1935) and Hurricane Camille (1969). The storm caused catastrophic damage from wind and storm surge, particularly in the Panama City Beach to Mexico Beach to Cape San Blas areas.",NA,CSV
201810,9,2300,201810,10,2000,130187,789472,GULF OF MEXICO,85,2018,October,Marine Hurricane/Typhoon,Z,775,SUWANNEE R TO APALACHICOLA FL 20 TO 60NM,85775,TAE,09-OCT-18 23:00:00,EST-5,10-OCT-18 20:00:00,0,0,0,0,0.00K,0.00K,Official NWS Observations,NA,NA,NA,NA,NA,NA,NA,NA,NA,NA,NA,NA,NA,NA,NA,NA,NA,NA,NA,NA,NA,"Hurricane Michael started as typical weak October Caribbean tropical system. However, after approximately a week of slow development, the system moved into warm Gulf of Mexico waters and rapidly intensified into a major hurricane as it moved north towards the Florida Panhandle. After a 2-day long intensification period over the eastern Gulf, Michael made landfall as an unprecedented (for the region) high-end category 4 hurricane on the Saffir-Simpson Hurricane Wind Scale in the Florida Panhandle with maximum sustained wind speed of 155 mph and a minimum pressure 919 mb. Based on wind, Michael is the fourth most powerful hurricane to hit the United States, behind the Labor Day Hurricane (1935), Hurricane Camille (1969) and Hurricane Andrew (1992), and the most powerful storm to impact the Florida Panhandle in recorded history. Based on central pressure, Michael is the third most powerful hurricane to hit the United States, behind only the Labor Day Hurricane (1935) and Hurricane Camille (1969). The storm caused catastrophic damage from wind and storm surge, particularly in the Panama City Beach to Mexico Beach to Cape San Blas areas.",NA,CSV
201907,13,318,201907,14,1500,141037,847369,GULF OF MEXICO,85,2019,July,Marine Hurricane/Typhoon,Z,435,VERMILION BAY,85435,LCH,13-JUL-19 03:18:00,CST-6,14-JUL-19 15:00:00,0,0,0,0,0.00K,0.00K,AWOS,NA,NA,NA,NA,NA,NA,NA,NA,NA,NA,NA,NA,NA,NA,NA,NA,NA,NA,NA,NA,NA,Barry gained strength as it moved toward the Louisiana coast and obtained minimal hurricane status on the 13th before landfall. Mostly tropical storm force winds were recorded however hurricane force gusts were also reported.,"Sustained tropical storm force winds were common around Vermilion Bay. Cypremort Point recorded a wind gust of 64 knots, however observations were spotty.",CSV
201907,13,300,201907,14,1000,141037,847370,GULF OF MEXICO,85,2019,July,Marine Hurricane/Typhoon,Z,475,ATCHAFALAYA R TO INTRACOASTAL CITY LA 20 TO 60NM,85475,LCH,13-JUL-19 03:00:00,CST-6,14-JUL-19 10:00:00,0,0,0,0,0.00K,0.00K,AWOS,NA,NA,NA,NA,NA,NA,NA,NA,NA,NA,NA,NA,NA,NA,NA,NA,NA,NA,NA,NA,NA,Barry gained strength as it moved toward the Louisiana coast and obtained minimal hurricane status on the 13th before landfall. Mostly tropical storm force winds were recorded however hurricane force gusts were also reported.,KEIR recorded a sustained wind of 62 knots with a peak gust of 74 knots.,CSV
201907,11,1800,201907,13,1800,140762,846138,GULF OF MEXICO,85,2019,July,Marine Hurricane/Typhoon,Z,572,COASTAL WATERS FROM SOUTHWEST PASS OF THE MISSISSIPPI RIVER TO PORT FOURCHON LOUISIANA FROM 20 TO 60 NM,85572,LIX,11-JUL-19 18:00:00,CST-6,13-JUL-19 18:00:00,0,0,0,0,0.00K,0.00K,AWOS,NA,NA,NA,NA,NA,NA,NA,NA,NA,NA,NA,NA,NA,NA,NA,NA,NA,NA,NA,NA,NA,"Hurricane Barry initially developed from a disturbance that moved from Georgia southwest to the northeast Gulf of Mexico on July 8-9, 2019. The weak low pressure system continued to move west-southwest and strengthen, and was eventually classified as Tropical Storm Barry on the morning of July 11th, 95 miles south southeast of the Mouth of the Mississippi River.||Barry continued to move slowly west then northwest and briefly reached hurricane strength on the morning of July 13th before landfall in south-central Louisiana near Intracoastal City, LA, in Vermillion Parish. Tropical storm force winds, reached the southeast Louisiana coast by midday on Friday, July 12th and spread slowly northwest reaching the Baton Rouge area during the evening of July 12th. Tropical storm wind impacts had ended across all of southeast Louisiana by midday on July 14th. Tropical storm force winds were primarily measured in gusts across southeast Louisiana. The|exception was in Terrebonne and Assumption Parishes, close to the landfall location, where sustained tropical storm force winds and frequent gusts caused more significant power line and tree damage. A few tropical storm wind gusts were recorded in the metro New Orleans area but were not very impactful. No hurricane force wind gusts were recorded in southeast Louisiana. A WeatherFlow site at Dulac, Terrebonne Parish, recorded both the maximum sustained wind and highest wind gust on 07/13/2019 at 0739CST: 42kt/48 mph and 59kt/ 68 mph, respectively. The lowest minimum pressure measured in southeast Louisiana was at the Bootheville, LA ASOS with a pressure of 999.3mb on July 12th, at 1706CST.||Mostly minor to moderate storm surge flooding occurred across coastal southeast Louisiana, including Lake Pontchartrain, and a small part of the Mississippi Coast. Terrebonne Parish had significant storm surge flooding in the lower portion of the parish with storm tides of 5 to 8 feet, locally up to 9 feet. Several local levees were overtopped on the morning of July 13th, flooding roads and a few houses. The highest storm tide reading was 9.11 feet NAVD88 at a USGS tide gage at Caillou Lake near Dulac, Terrebonne Parish. The remainder of the area had storm tide readings in the 3 to 5 foot range.||Storm total rainfall was generally between 4 and 8 inches with a maximum rainfall of 8.83 inches recorded northeast of Denham Springs, Livingston Parish. Isolated flash flooding of streets and secondary roadways occurred on Sunday, July 13th in the greater Baton Rouge area, but flash flooding was not widespread or significant.",AWOS platform KMDJ in Mississippi Canyon Block 311A reported a 66 knot sustained wind at 12:15 CDT on the 12th and a 78 knot wind gust at 16:35 CDT on the 12th.,CSV
201907,11,1800,201907,13,1800,140762,846149,GULF OF MEXICO,85,2019,July,Marine Hurricane/Typhoon,Z,550,COASTAL WATERS FROM PORT FOURCHON LOUISIANA TO LOWER ATCHAFALAYA RIVER LOUISIANA OUT 20 NM,85550,LIX,11-JUL-19 18:00:00,CST-6,13-JUL-19 18:00:00,0,0,0,0,0.00K,0.00K,C-MAN Station,NA,NA,NA,NA,NA,NA,NA,NA,NA,NA,NA,NA,NA,NA,NA,NA,NA,NA,NA,NA,NA,"Hurricane Barry initially developed from a disturbance that moved from Georgia southwest to the northeast Gulf of Mexico on July 8-9, 2019. The weak low pressure system continued to move west-southwest and strengthen, and was eventually classified as Tropical Storm Barry on the morning of July 11th, 95 miles south southeast of the Mouth of the Mississippi River.||Barry continued to move slowly west then northwest and briefly reached hurricane strength on the morning of July 13th before landfall in south-central Louisiana near Intracoastal City, LA, in Vermillion Parish. Tropical storm force winds, reached the southeast Louisiana coast by midday on Friday, July 12th and spread slowly northwest reaching the Baton Rouge area during the evening of July 12th. Tropical storm wind impacts had ended across all of southeast Louisiana by midday on July 14th. Tropical storm force winds were primarily measured in gusts across southeast Louisiana. The|exception was in Terrebonne and Assumption Parishes, close to the landfall location, where sustained tropical storm force winds and frequent gusts caused more significant power line and tree damage. A few tropical storm wind gusts were recorded in the metro New Orleans area but were not very impactful. No hurricane force wind gusts were recorded in southeast Louisiana. A WeatherFlow site at Dulac, Terrebonne Parish, recorded both the maximum sustained wind and highest wind gust on 07/13/2019 at 0739CST: 42kt/48 mph and 59kt/ 68 mph, respectively. The lowest minimum pressure measured in southeast Louisiana was at the Bootheville, LA ASOS with a pressure of 999.3mb on July 12th, at 1706CST.||Mostly minor to moderate storm surge flooding occurred across coastal southeast Louisiana, including Lake Pontchartrain, and a small part of the Mississippi Coast. Terrebonne Parish had significant storm surge flooding in the lower portion of the parish with storm tides of 5 to 8 feet, locally up to 9 feet. Several local levees were overtopped on the morning of July 13th, flooding roads and a few houses. The highest storm tide reading was 9.11 feet NAVD88 at a USGS tide gage at Caillou Lake near Dulac, Terrebonne Parish. The remainder of the area had storm tide readings in the 3 to 5 foot range.||Storm total rainfall was generally between 4 and 8 inches with a maximum rainfall of 8.83 inches recorded northeast of Denham Springs, Livingston Parish. Isolated flash flooding of streets and secondary roadways occurred on Sunday, July 13th in the greater Baton Rouge area, but flash flooding was not widespread or significant.",Platform SPLL1 in South Timbalier Block 52 reported a 59 knot sustained wind and a 69 knot gust at 22:00 CDT on the 12th.,CSV
201909,6,1024,201909,6,1024,142941,857703,ATLANTIC NORTH,88,2019,September,Marine Hurricane/Typhoon,Z,658,NC-VA BDR TO CURRITUCK BEACH LT OUT 20NM,88658,AKQ,06-SEP-19 10:24:00,EST-5,06-SEP-19 10:24:00,0,0,0,0,0.00K,0.00K,C-MAN Station,NA,NA,NA,NA,NA,NA,NA,NA,NA,NA,NA,NA,NA,NA,NA,NA,NA,NA,NA,NA,NA,Hurricane Dorian tracking northeast along the North Carolina coast and just off the Virginia coast produced hurricane force wind gusts across portions of the northeast North Carolina Coastal Waters.,Wind gust of 76 knots was measured at Duck Pier.,CSV
201909,6,911,201909,6,911,142943,857709,ATLANTIC NORTH,88,2019,September,Marine Hurricane/Typhoon,Z,656,CP CHARLES LT VA TO NC-VA BDR OUT 20NM,88656,AKQ,06-SEP-19 09:11:00,EST-5,06-SEP-19 09:11:00,0,0,0,0,0.00K,0.00K,C-MAN Station,NA,NA,NA,NA,NA,NA,NA,NA,NA,NA,NA,NA,NA,NA,NA,NA,NA,NA,NA,NA,NA,Hurricane Dorian tracking northeast along the North Carolina coast and just off the Virginia coast produced hurricane force wind gusts across portions of the Virginia Coastal Waters.,Wind gust of 72 knots was measured at Chesapeake Light.,CSV
202007,25,1200,202007,25,2200,151469,912760,GULF OF MEXICO,85,2020,July,Marine Hurricane/Typhoon,Z,230,CORPUS CHRISTI TO BAFFIN BAY,85230,CRP,25-JUL-20 12:00:00,CST-6,25-JUL-20 22:00:00,0,0,0,0,500.00K,0.00K,Mesonet,NA,NA,NA,NA,NA,NA,NA,NA,NA,NA,NA,NA,NA,NA,NA,NA,NA,NA,NA,NA,NA,"Hurricane Hanna was the first hurricane of the 2020 Atlantic Basin hurricane season and made landfall on the lower Texas coast north of Port Mansfield on the afternoon of the 25th. Hanna was the first hurricane to make landfall in Texas since Hurricane Harvey.||Hanna began as a tropical wave, first noted for possible development when it was near Hispaniola on the 19th. The tropical wave moved northwest across Cuba into the central Gulf of Mexico where it became a tropical depression on the morning of the 22nd. Tropical Storm Hanna formed late in the evening on the 23rd as it moved west-northwest over the central Gulf of Mexico. Hanna continued to strengthen and became a hurricane on the morning of the 25th around 100 miles east of the Middle Texas coast. Hurricane Hanna turned to the southwest and made landfall north of Port Mansfield, late in the afternoon on the 25th with a peak intensity of 90 mph and a central pressure of 973 millibars.||Hurricane force winds moved across the coastal waters south of Port Aransas while tropical storm force winds occurred over the coastal waters north of Port Aransas. Wave heights rose to 20 feet over the Gulf waters according to offshore buoys. Surge damaged the navigation markers and aids along the Corpus Christi ship channel.",Mesonet data along the coast and radar data observed hurricane conditions south of Corpus Christi. Surge associated with Hurricane Hanna damaged navigation markers in the Corpus Christi ship channel.,CSV
202007,25,1200,202007,25,2200,151469,912761,GULF OF MEXICO,85,2020,July,Marine Hurricane/Typhoon,Z,250,PT ARANSAS TO BAFFIN BAY TX OUT 20NM,85250,CRP,25-JUL-20 12:00:00,CST-6,25-JUL-20 22:00:00,0,0,0,0,0.00K,0.00K,Mesonet,NA,NA,NA,NA,NA,NA,NA,NA,NA,NA,NA,NA,NA,NA,NA,NA,NA,NA,NA,NA,NA,"Hurricane Hanna was the first hurricane of the 2020 Atlantic Basin hurricane season and made landfall on the lower Texas coast north of Port Mansfield on the afternoon of the 25th. Hanna was the first hurricane to make landfall in Texas since Hurricane Harvey.||Hanna began as a tropical wave, first noted for possible development when it was near Hispaniola on the 19th. The tropical wave moved northwest across Cuba into the central Gulf of Mexico where it became a tropical depression on the morning of the 22nd. Tropical Storm Hanna formed late in the evening on the 23rd as it moved west-northwest over the central Gulf of Mexico. Hanna continued to strengthen and became a hurricane on the morning of the 25th around 100 miles east of the Middle Texas coast. Hurricane Hanna turned to the southwest and made landfall north of Port Mansfield, late in the afternoon on the 25th with a peak intensity of 90 mph and a central pressure of 973 millibars.||Hurricane force winds moved across the coastal waters south of Port Aransas while tropical storm force winds occurred over the coastal waters north of Port Aransas. Wave heights rose to 20 feet over the Gulf waters according to offshore buoys. Surge damaged the navigation markers and aids along the Corpus Christi ship channel.",Mesonet data along the coast and radar data observed hurricane conditions south of Corpus Christi.,CSV
202007,25,1200,202007,25,2200,151469,912762,GULF OF MEXICO,85,2020,July,Marine Hurricane/Typhoon,Z,270,PT ARANSAS TO BAFFIN BAY TX 20 TO 60NM,85270,CRP,25-JUL-20 12:00:00,CST-6,25-JUL-20 22:00:00,0,0,0,0,0.00K,0.00K,Other Federal Agency,NA,NA,NA,NA,NA,NA,NA,NA,NA,NA,NA,NA,NA,NA,NA,NA,NA,NA,NA,NA,NA,"Hurricane Hanna was the first hurricane of the 2020 Atlantic Basin hurricane season and made landfall on the lower Texas coast north of Port Mansfield on the afternoon of the 25th. Hanna was the first hurricane to make landfall in Texas since Hurricane Harvey.||Hanna began as a tropical wave, first noted for possible development when it was near Hispaniola on the 19th. The tropical wave moved northwest across Cuba into the central Gulf of Mexico where it became a tropical depression on the morning of the 22nd. Tropical Storm Hanna formed late in the evening on the 23rd as it moved west-northwest over the central Gulf of Mexico. Hanna continued to strengthen and became a hurricane on the morning of the 25th around 100 miles east of the Middle Texas coast. Hurricane Hanna turned to the southwest and made landfall north of Port Mansfield, late in the afternoon on the 25th with a peak intensity of 90 mph and a central pressure of 973 millibars.||Hurricane force winds moved across the coastal waters south of Port Aransas while tropical storm force winds occurred over the coastal waters north of Port Aransas. Wave heights rose to 20 feet over the Gulf waters according to offshore buoys. Surge damaged the navigation markers and aids along the Corpus Christi ship channel.",Offshore buoy and radar data observed hurricane conditions over the offshore waters south of Corpus Christi.,CSV
202009,15,100,202009,15,1718,153108,921992,GULF OF MEXICO,85,2020,September,Marine Hurricane/Typhoon,Z,555,COASTAL WATERS FROM BOOTHVILLE LOUISIANA TO SOUTHWEST PASS OF THE MISSISSIPPI RIVER OUT 20 NM,85555,LIX,15-SEP-20 01:00:00,CST-6,15-SEP-20 17:18:00,0,0,0,0,0.00K,0.00K,AWOS,NA,NA,NA,NA,NA,NA,NA,NA,NA,NA,NA,NA,NA,NA,NA,NA,NA,NA,NA,NA,NA,"Hurricane Sally initially formed as an area of disturbed weather over the Bahamas late on September 10th, 2020. Over the next few days, the system became better organized and became Tropical Depression Nineteen in the afternoon hours on September 11th. Later that night around midnight CDT on September 12th, TD Nineteen made landfall at Key Biscayne with peak winds of 35 mph and a central pressure of 1007mb (29.74 inHg). The system continued west emerging into the east-central Gulf of Mexico and quickly strengthened into a Tropical Storm later in the day on the 12th. This system continued to drift northwestward with time and strengthened into a hurricane in the morning hours on September 14th with maximum sustained winds of 85 mph and a central pressure of 985 mb (29.09 inHg) and continued to strengthen becoming a category 2 hurricane shortly after. Sally would then eventually weaken some, and slow down in forward speed before turning very slowly northwards making landfall near Gulf Shores, Alabama as a strong Category 2 hurricane with peak winds of 105 mph and a central pressure of 965mb (28.50 inHg) early in the morning hours on September 16th. ||Impacts to southeastern Louisiana and southern Mississippi was mostly confined to coastal counties of southern Mississippi, southeastern Louisiana and adjacent marine areas. Main impacts included storm surge inundation for coastal areas, as well as some wind damage across portions of Jackson and Harrison County, MS.","AWOS KMIS - Main Platform 140B measured sustained winds of 65 knots on the 15th at 0935 CDT with a peak gust of 80 knots on the 14th 2155 CDT. PSTL1 - Pilot Station East measured sustained winds of 43 knots on the 15th at 10:00 CDT with a peak gust of 52 knots on the 15th at 01:00 CDT. NOS site PILL1 Pilottown, LA measured sustained winds of 38 knots on the 15th at 15:00 CDT with a peak wind gust of 44 knots on the 15th at 17:18 CDT.",CSV
202009,14,1100,202009,16,1200,152944,921167,GULF OF MEXICO,85,2020,September,Marine Hurricane/Typhoon,Z,650,COASTAL WATERS FROM PENSACOLA FL TO PASCAGOULA MS OUT 20 NM,85650,MOB,14-SEP-20 11:00:00,CST-6,16-SEP-20 12:00:00,0,0,0,0,0.00K,0.00K,Official NWS Observations,NA,NA,NA,NA,NA,NA,NA,NA,NA,NA,NA,NA,NA,NA,NA,NA,NA,NA,NA,NA,NA,"Hurricane Sally made landfall in Gulf Shores, AL at 5am on Wednesday, September 16th as a strong Category 2 hurricane with maximum sustained winds of 105 mph. Due to the very slow movement of the hurricane, a long duration of tropical storm force and hurricane force winds impacted a large majority of the Alabama and northwest Florida coastal waters. Tropical storm conditions extended as far east as Choctawhatchee Bay.",NA,CSV
202009,14,1100,202009,16,1200,152944,921168,GULF OF MEXICO,85,2020,September,Marine Hurricane/Typhoon,Z,670,WATERS FROM PENSACOLA FL TO PASCAGOULA MS FROM 20 TO 60 NM,85670,MOB,14-SEP-20 11:00:00,CST-6,16-SEP-20 12:00:00,0,0,0,0,0.00K,0.00K,Official NWS Observations,NA,NA,NA,NA,NA,NA,NA,NA,NA,NA,NA,NA,NA,NA,NA,NA,NA,NA,NA,NA,NA,"Hurricane Sally made landfall in Gulf Shores, AL at 5am on Wednesday, September 16th as a strong Category 2 hurricane with maximum sustained winds of 105 mph. Due to the very slow movement of the hurricane, a long duration of tropical storm force and hurricane force winds impacted a large majority of the Alabama and northwest Florida coastal waters. Tropical storm conditions extended as far east as Choctawhatchee Bay.",NA,CSV
202009,15,300,202009,16,1100,152944,921172,GULF OF MEXICO,85,2020,September,Marine Hurricane/Typhoon,Z,632,MISSISSIPPI SOUND,85632,MOB,15-SEP-20 03:00:00,CST-6,16-SEP-20 11:00:00,0,0,0,0,0.00K,0.00K,Official NWS Observations,NA,NA,NA,NA,NA,NA,NA,NA,NA,NA,NA,NA,NA,NA,NA,NA,NA,NA,NA,NA,NA,"Hurricane Sally made landfall in Gulf Shores, AL at 5am on Wednesday, September 16th as a strong Category 2 hurricane with maximum sustained winds of 105 mph. Due to the very slow movement of the hurricane, a long duration of tropical storm force and hurricane force winds impacted a large majority of the Alabama and northwest Florida coastal waters. Tropical storm conditions extended as far east as Choctawhatchee Bay.",NA,CSV
202009,15,300,202009,16,1100,152944,921173,GULF OF MEXICO,85,2020,September,Marine Hurricane/Typhoon,Z,630,NORTH MOBILE BAY,85630,MOB,15-SEP-20 03:00:00,CST-6,16-SEP-20 11:00:00,0,0,0,0,0.00K,0.00K,Official NWS Observations,NA,NA,NA,NA,NA,NA,NA,NA,NA,NA,NA,NA,NA,NA,NA,NA,NA,NA,NA,NA,NA,"Hurricane Sally made landfall in Gulf Shores, AL at 5am on Wednesday, September 16th as a strong Category 2 hurricane with maximum sustained winds of 105 mph. Due to the very slow movement of the hurricane, a long duration of tropical storm force and hurricane force winds impacted a large majority of the Alabama and northwest Florida coastal waters. Tropical storm conditions extended as far east as Choctawhatchee Bay.",NA,CSV
202009,15,300,202009,16,1100,152944,921174,GULF OF MEXICO,85,2020,September,Marine Hurricane/Typhoon,Z,631,SOUTH MOBILE BAY,85631,MOB,15-SEP-20 03:00:00,CST-6,16-SEP-20 11:00:00,0,0,0,0,0.00K,0.00K,Official NWS Observations,NA,NA,NA,NA,NA,NA,NA,NA,NA,NA,NA,NA,NA,NA,NA,NA,NA,NA,NA,NA,NA,"Hurricane Sally made landfall in Gulf Shores, AL at 5am on Wednesday, September 16th as a strong Category 2 hurricane with maximum sustained winds of 105 mph. Due to the very slow movement of the hurricane, a long duration of tropical storm force and hurricane force winds impacted a large majority of the Alabama and northwest Florida coastal waters. Tropical storm conditions extended as far east as Choctawhatchee Bay.",NA,CSV
202009,15,300,202009,16,1100,152944,921175,GULF OF MEXICO,85,2020,September,Marine Hurricane/Typhoon,Z,633,PERDIDO BAY AREA,85633,MOB,15-SEP-20 03:00:00,CST-6,16-SEP-20 11:00:00,0,0,0,0,0.00K,0.00K,Official NWS Observations,NA,NA,NA,NA,NA,NA,NA,NA,NA,NA,NA,NA,NA,NA,NA,NA,NA,NA,NA,NA,NA,"Hurricane Sally made landfall in Gulf Shores, AL at 5am on Wednesday, September 16th as a strong Category 2 hurricane with maximum sustained winds of 105 mph. Due to the very slow movement of the hurricane, a long duration of tropical storm force and hurricane force winds impacted a large majority of the Alabama and northwest Florida coastal waters. Tropical storm conditions extended as far east as Choctawhatchee Bay.",NA,CSV
202009,15,300,202009,16,1100,152944,921176,GULF OF MEXICO,85,2020,September,Marine Hurricane/Typhoon,Z,634,PENSACOLA BAY AREA INCLUDING SANTA ROSA SOUND,85634,MOB,15-SEP-20 03:00:00,CST-6,16-SEP-20 11:00:00,0,0,0,0,0.00K,0.00K,Official NWS Observations,NA,NA,NA,NA,NA,NA,NA,NA,NA,NA,NA,NA,NA,NA,NA,NA,NA,NA,NA,NA,NA,"Hurricane Sally made landfall in Gulf Shores, AL at 5am on Wednesday, September 16th as a strong Category 2 hurricane with maximum sustained winds of 105 mph. Due to the very slow movement of the hurricane, a long duration of tropical storm force and hurricane force winds impacted a large majority of the Alabama and northwest Florida coastal waters. Tropical storm conditions extended as far east as Choctawhatchee Bay.",NA,CSV
202009,14,1100,202009,16,1200,152944,921441,GULF OF MEXICO,85,2020,September,Marine Hurricane/Typhoon,Z,655,COASTAL WATERS FROM OKALOOSA-WALTON COUNTY LINE TO PENSACOLA FL OUT 20 NM,85655,MOB,14-SEP-20 11:00:00,CST-6,16-SEP-20 12:00:00,0,0,0,0,0.00K,0.00K,Official NWS Observations,NA,NA,NA,NA,NA,NA,NA,NA,NA,NA,NA,NA,NA,NA,NA,NA,NA,NA,NA,NA,NA,"Hurricane Sally made landfall in Gulf Shores, AL at 5am on Wednesday, September 16th as a strong Category 2 hurricane with maximum sustained winds of 105 mph. Due to the very slow movement of the hurricane, a long duration of tropical storm force and hurricane force winds impacted a large majority of the Alabama and northwest Florida coastal waters. Tropical storm conditions extended as far east as Choctawhatchee Bay.",NA,CSV
202009,14,1100,202009,16,1200,152944,921442,GULF OF MEXICO,85,2020,September,Marine Hurricane/Typhoon,Z,675,WATERS FROM OKALOOSA-WALTON COUNTY LINE TO PENSACOLA FL 20 TO 60 NM,85675,MOB,14-SEP-20 11:00:00,CST-6,16-SEP-20 12:00:00,0,0,0,0,0.00K,0.00K,Official NWS Observations,NA,NA,NA,NA,NA,NA,NA,NA,NA,NA,NA,NA,NA,NA,NA,NA,NA,NA,NA,NA,NA,"Hurricane Sally made landfall in Gulf Shores, AL at 5am on Wednesday, September 16th as a strong Category 2 hurricane with maximum sustained winds of 105 mph. Due to the very slow movement of the hurricane, a long duration of tropical storm force and hurricane force winds impacted a large majority of the Alabama and northwest Florida coastal waters. Tropical storm conditions extended as far east as Choctawhatchee Bay.",NA,CSV
202010,9,700,202010,9,2200,153807,926046,GULF OF MEXICO,85,2020,October,Marine Hurricane/Typhoon,Z,450,COASTAL WATERS FROM CAMERON LA TO HIGH ISLAND TX OUT 20 NM,85450,LCH,09-OCT-20 07:00:00,CST-6,09-OCT-20 22:00:00,0,0,0,0,0.00K,0.00K,C-MAN Station,NA,NA,NA,NA,NA,NA,NA,NA,NA,NA,NA,NA,NA,NA,NA,NA,NA,NA,NA,NA,NA,"A tropical wave moved into the Caribbean in early October and became a tropical depression by the 5th. The system quickly gained strength and obtained category 4 status before shear weakened it back to a category 2. The hurricane weakened farther while over the Yucatan Peninsula, however after moving into the southern gulf and toward Louisiana it again obtained category 2 status. Delta made landfall on the 9th near where Hurricane Laura did just 6 weeks prior in Cameron Parish.",Hurricane force winds were sustained across the coastal waters off of Jefferson County and west Cameron Parish. The highest sustained winds occurred at Texas Point at 81 mph with a peak gust at 101 mph.,CSV
202010,9,700,202010,9,2200,153807,926047,GULF OF MEXICO,85,2020,October,Marine Hurricane/Typhoon,Z,452,COASTAL WATERS FROM INTRACOASTAL CITY TO CAMERON LA OUT 20 NM,85452,LCH,09-OCT-20 07:00:00,CST-6,09-OCT-20 22:00:00,0,0,0,0,0.00K,0.00K,C-MAN Station,NA,NA,NA,NA,NA,NA,NA,NA,NA,NA,NA,NA,NA,NA,NA,NA,NA,NA,NA,NA,NA,"A tropical wave moved into the Caribbean in early October and became a tropical depression by the 5th. The system quickly gained strength and obtained category 4 status before shear weakened it back to a category 2. The hurricane weakened farther while over the Yucatan Peninsula, however after moving into the southern gulf and toward Louisiana it again obtained category 2 status. Delta made landfall on the 9th near where Hurricane Laura did just 6 weeks prior in Cameron Parish.",Hurricane conditions spread across the coastal waters of Cameron and Vermilion Parishes during the 9th. The highest wind gust associated in the hurricane at Cameron was 90 mph.,CSV
202010,9,900,202010,9,2200,153807,926051,GULF OF MEXICO,85,2020,October,Marine Hurricane/Typhoon,Z,455,ATCHAFALAYA R TO INTRACOASTAL CITY LA OUT 20NM,85455,LCH,09-OCT-20 09:00:00,CST-6,09-OCT-20 22:00:00,0,0,0,0,0.00K,0.00K,C-MAN Station,NA,NA,NA,NA,NA,NA,NA,NA,NA,NA,NA,NA,NA,NA,NA,NA,NA,NA,NA,NA,NA,"A tropical wave moved into the Caribbean in early October and became a tropical depression by the 5th. The system quickly gained strength and obtained category 4 status before shear weakened it back to a category 2. The hurricane weakened farther while over the Yucatan Peninsula, however after moving into the southern gulf and toward Louisiana it again obtained category 2 status. Delta made landfall on the 9th near where Hurricane Laura did just 6 weeks prior in Cameron Parish.",Hurricane force wind gusts occurred at Intracoastal City. The highest wind gusts recorded at the mouth of the Atchafalaya was 54 knots.,CSV
202007,25,1400,202007,25,1630,150373,913678,GULF OF MEXICO,85,2020,July,Marine Hurricane/Typhoon,Z,132,LAGUNA MADRE FROM ARROYO COLORADO TO 5NM N OF PT MANSFIELD TX,85132,BRO,25-JUL-20 14:00:00,CST-6,25-JUL-20 16:30:00,0,0,0,0,NA,NA,Buoy,NA,NA,NA,NA,NA,NA,NA,NA,NA,NA,NA,NA,NA,NA,NA,NA,NA,NA,NA,NA,NA,"As Hurricane Hanna moved across the western Gulf of Mexico and towards the South Texas coast on July 25th, it brought a period of tropical storm force and hurricane force winds and hazardous seas to the lower Texas coastal waters. The strongest winds were reported at the NDBC buoys 42020 and RSJT2, which are both in the coastal waters off of Kenedy County in Deep South Texas. The stronger winds were reported at these locations because they were closer to the center of Hurricane Hanna, which made landfall around 5 PM CDT midway down the coast of Kenedy County on July 25th. No injuries, fatalities, or damages to vessels have been reported at this time.","As Hurricane Hanna passed over the Lower Texas coastal waters on July 25th, this portion of the Laguna Madre was estimated to have seen hurricane-force winds between 14:00 and 16:30 CST. While there are no observations in this portion of waters, with landfall just a few miles north of this zone, combined with the hurricane-force winds reported at RSJT2, it is reasonable to conclude that the northern portions of this marine zone experienced hurricane-force winds around the estimated time-frame.",CSV
202007,25,1312,202007,25,1554,150373,913656,GULF OF MEXICO,85,2020,July,Marine Hurricane/Typhoon,Z,135,LAGUNA MADRE FROM 5NM N OF PT MANSFIELD TO BAFFIN BAY TX,85135,BRO,25-JUL-20 13:12:00,CST-6,25-JUL-20 15:54:00,0,0,0,0,NA,NA,Buoy,NA,NA,NA,NA,NA,NA,NA,NA,NA,NA,NA,NA,NA,NA,NA,NA,NA,NA,NA,NA,NA,"As Hurricane Hanna moved across the western Gulf of Mexico and towards the South Texas coast on July 25th, it brought a period of tropical storm force and hurricane force winds and hazardous seas to the lower Texas coastal waters. The strongest winds were reported at the NDBC buoys 42020 and RSJT2, which are both in the coastal waters off of Kenedy County in Deep South Texas. The stronger winds were reported at these locations because they were closer to the center of Hurricane Hanna, which made landfall around 5 PM CDT midway down the coast of Kenedy County on July 25th. No injuries, fatalities, or damages to vessels have been reported at this time.","As Hurricane Hanna passed over the Lower Texas coastal waters on July 25th, this portion of the Laguna Madre saw hurricane-force winds between 13:12 and 15:54 CST, the time-frame captured by the RSJT2 buoy. Tropical storm-force winds preceded and followed this period of hurricane-force winds, starting at 10:48 CST and ending at 16:54 CST.",CSV
202007,25,1350,202007,25,1600,150373,913646,GULF OF MEXICO,85,2020,July,Marine Hurricane/Typhoon,Z,175,WATERS FROM BAFFIN BAY TO PT MANSFIELD TX EXT FROM 20 TO 60NM,85175,BRO,25-JUL-20 13:50:00,CST-6,25-JUL-20 16:00:00,0,0,0,0,NA,NA,Buoy,NA,NA,NA,NA,NA,NA,NA,NA,NA,NA,NA,NA,NA,NA,NA,NA,NA,NA,NA,NA,NA,"As Hurricane Hanna moved across the western Gulf of Mexico and towards the South Texas coast on July 25th, it brought a period of tropical storm force and hurricane force winds and hazardous seas to the lower Texas coastal waters. The strongest winds were reported at the NDBC buoys 42020 and RSJT2, which are both in the coastal waters off of Kenedy County in Deep South Texas. The stronger winds were reported at these locations because they were closer to the center of Hurricane Hanna, which made landfall around 5 PM CDT midway down the coast of Kenedy County on July 25th. No injuries, fatalities, or damages to vessels have been reported at this time.","As Hurricane Hanna passed over the Lower Texas coastal waters on July 25th, buoy 42020 reported sustained winds and frequent gusts to hurricane strength for a period of a little more than 2 hours, with the max reported gust recorded at 73 knots. Tropical storm force winds preceded and followed this period of hurricane-force winds. The first onset of tropical storm force winds started at 4:50 CST on July 25th and then persisted for almost 6 hours, before a brief lull and then the onset of hurricane force winds. Following the hurricane-force winds, tropical storm-force persisted for almost 4 more hours, ending at 20:00 CST.",CSV
202007,25,1330,202007,25,1600,150373,913654,GULF OF MEXICO,85,2020,July,Marine Hurricane/Typhoon,Z,155,COASTAL WATERS FROM BAFFIN BAY TO PT MANSFIELD TX OUT 20 NM,85155,BRO,25-JUL-20 13:30:00,CST-6,25-JUL-20 16:00:00,0,0,0,0,NA,NA,Buoy,NA,NA,NA,NA,NA,NA,NA,NA,NA,NA,NA,NA,NA,NA,NA,NA,NA,NA,NA,NA,NA,"As Hurricane Hanna moved across the western Gulf of Mexico and towards the South Texas coast on July 25th, it brought a period of tropical storm force and hurricane force winds and hazardous seas to the lower Texas coastal waters. The strongest winds were reported at the NDBC buoys 42020 and RSJT2, which are both in the coastal waters off of Kenedy County in Deep South Texas. The stronger winds were reported at these locations because they were closer to the center of Hurricane Hanna, which made landfall around 5 PM CDT midway down the coast of Kenedy County on July 25th. No injuries, fatalities, or damages to vessels have been reported at this time.","As Hurricane Hanna passed over the Lower Texas coastal waters on July 25th, this portion of Gulf waters saw hurricane-force winds between 13:30 and 16:00 CST. While there are no observations in this portion of waters, both buoy 42020 and RSJT2 reported sustained winds and frequent gusts to hurricane strength for a period of a little more than 2 hours, and these stations surround this coastal zone. Tropical storm force winds preceded and followed this period of hurricane-force winds.",CSV
202010,28,2100,202010,28,2100,153880,926647,GULF OF MEXICO,85,2020,October,Marine Hurricane/Typhoon,Z,555,COASTAL WATERS FROM BOOTHVILLE LOUISIANA TO SOUTHWEST PASS OF THE MISSISSIPPI RIVER OUT 20 NM,85555,LIX,28-OCT-20 21:00:00,CST-6,28-OCT-20 21:00:00,0,0,0,0,0.00K,0.00K,C-MAN Station,NA,NA,NA,NA,NA,NA,NA,NA,NA,NA,NA,NA,NA,NA,NA,NA,NA,NA,NA,NA,NA,"A tropical depression formed in the northwestern Caribbean on the afternoon of October 24th. 9 hours later, it became the twenty-seventh named storm and eleventh hurricane of the exceptionally active 2020 Atlantic hurricane season. After meandering virtually in the same place, it finally began moving northwest and slowly strengthening before making its first landfall on the Yucatan Peninsula on October 26th. Zeta exited the Yucantan Peninsula weaker but still a strong tropical storm. The path of the storm began shifting from northwest to northeast, and heading straight towards Louisiana. In terms of intensity, Zeta slowly but steadily strengthened from this point all the way up until landfall. It reached the highest wind speed possible of a Category 2 storm, 110 mph. Hurricane Zeta caused approximately $1billion worth of damage. ||Zeta was the record-tying sixth hurricane to make landfall in the United States and the record fifth named storm to strike Louisiana in 2020.",The Pilot Station East (PSTL1) anemometer measured a peak gust of 67 knots. The C-MAN (BURL1) at Southwest Pass measured a peak wind gust of 65 knots. The Pilottown (PILL1) anemometer measured a peak wind gust of 59 knots.,CSV
202010,28,2100,202010,28,2100,153880,926641,GULF OF MEXICO,85,2020,October,Marine Hurricane/Typhoon,Z,538,BRETON SOUND,85538,LIX,28-OCT-20 21:00:00,CST-6,28-OCT-20 21:00:00,0,0,0,0,0.00K,0.00K,Mesonet,NA,NA,NA,NA,NA,NA,NA,NA,NA,NA,NA,NA,NA,NA,NA,NA,NA,NA,NA,NA,NA,"A tropical depression formed in the northwestern Caribbean on the afternoon of October 24th. 9 hours later, it became the twenty-seventh named storm and eleventh hurricane of the exceptionally active 2020 Atlantic hurricane season. After meandering virtually in the same place, it finally began moving northwest and slowly strengthening before making its first landfall on the Yucatan Peninsula on October 26th. Zeta exited the Yucantan Peninsula weaker but still a strong tropical storm. The path of the storm began shifting from northwest to northeast, and heading straight towards Louisiana. In terms of intensity, Zeta slowly but steadily strengthened from this point all the way up until landfall. It reached the highest wind speed possible of a Category 2 storm, 110 mph. Hurricane Zeta caused approximately $1billion worth of damage. ||Zeta was the record-tying sixth hurricane to make landfall in the United States and the record fifth named storm to strike Louisiana in 2020.",The Bay Waveland Yacht Club (WYCM6) anemometer measured a peak gust of 90 knots. The Weatherflow anemometer on Ship Island measured a peak wind gust of 75 knots.  The anemometer on  Petit Bois measured a peak wind gust of 67 knots.,CSV
202010,28,2100,202010,28,2100,153880,926646,GULF OF MEXICO,85,2020,October,Marine Hurricane/Typhoon,Z,572,COASTAL WATERS FROM SOUTHWEST PASS OF THE MISSISSIPPI RIVER TO PORT FOURCHON LOUISIANA FROM 20 TO 60 NM,85572,LIX,28-OCT-20 21:00:00,CST-6,28-OCT-20 21:00:00,0,0,0,0,0.00K,0.00K,Mesonet,NA,NA,NA,NA,NA,NA,NA,NA,NA,NA,NA,NA,NA,NA,NA,NA,NA,NA,NA,NA,NA,"A tropical depression formed in the northwestern Caribbean on the afternoon of October 24th. 9 hours later, it became the twenty-seventh named storm and eleventh hurricane of the exceptionally active 2020 Atlantic hurricane season. After meandering virtually in the same place, it finally began moving northwest and slowly strengthening before making its first landfall on the Yucatan Peninsula on October 26th. Zeta exited the Yucantan Peninsula weaker but still a strong tropical storm. The path of the storm began shifting from northwest to northeast, and heading straight towards Louisiana. In terms of intensity, Zeta slowly but steadily strengthened from this point all the way up until landfall. It reached the highest wind speed possible of a Category 2 storm, 110 mph. Hurricane Zeta caused approximately $1billion worth of damage. ||Zeta was the record-tying sixth hurricane to make landfall in the United States and the record fifth named storm to strike Louisiana in 2020.",The West Delta 27A (KDLP) anemometer measured a peak gust of 73 knots.,CSV
202010,28,2100,202010,28,2100,153880,926648,GULF OF MEXICO,85,2020,October,Marine Hurricane/Typhoon,Z,552,COASTAL WATERS FROM SOUTHWEST PASS OF THE MISSISSIPPI RIVER TO PORT FOURCHON LOUISIANA OUT 20 NM,85552,LIX,28-OCT-20 21:00:00,CST-6,28-OCT-20 21:00:00,0,0,0,0,0.00K,0.00K,Other Federal Agency,NA,NA,NA,NA,NA,NA,NA,NA,NA,NA,NA,NA,NA,NA,NA,NA,NA,NA,NA,NA,NA,"A tropical depression formed in the northwestern Caribbean on the afternoon of October 24th. 9 hours later, it became the twenty-seventh named storm and eleventh hurricane of the exceptionally active 2020 Atlantic hurricane season. After meandering virtually in the same place, it finally began moving northwest and slowly strengthening before making its first landfall on the Yucatan Peninsula on October 26th. Zeta exited the Yucantan Peninsula weaker but still a strong tropical storm. The path of the storm began shifting from northwest to northeast, and heading straight towards Louisiana. In terms of intensity, Zeta slowly but steadily strengthened from this point all the way up until landfall. It reached the highest wind speed possible of a Category 2 storm, 110 mph. Hurricane Zeta caused approximately $1billion worth of damage. ||Zeta was the record-tying sixth hurricane to make landfall in the United States and the record fifth named storm to strike Louisiana in 2020.","The Grand Isle (GISL1) anemometer measured a peak wind gust of 60 knots. The Louisiana Offshore Oil Port (LOPL1) anemometer measured a peak wind gust of 60 knots. However, damage observed in these locations were indicative of hurricane force wind gusts.",CSV
202010,28,2100,202010,28,2100,153880,926650,GULF OF MEXICO,85,2020,October,Marine Hurricane/Typhoon,Z,577,COASTAL WATERS FROM PASCAGOULA MISSISSIPPI TO STAKE ISLAND LOUISIANA FROM 20 TO 60 NM,85577,LIX,28-OCT-20 21:00:00,CST-6,28-OCT-20 21:00:00,0,0,0,0,0.00K,0.00K,Mesonet,NA,NA,NA,NA,NA,NA,NA,NA,NA,NA,NA,NA,NA,NA,NA,NA,NA,NA,NA,NA,NA,"A tropical depression formed in the northwestern Caribbean on the afternoon of October 24th. 9 hours later, it became the twenty-seventh named storm and eleventh hurricane of the exceptionally active 2020 Atlantic hurricane season. After meandering virtually in the same place, it finally began moving northwest and slowly strengthening before making its first landfall on the Yucatan Peninsula on October 26th. Zeta exited the Yucantan Peninsula weaker but still a strong tropical storm. The path of the storm began shifting from northwest to northeast, and heading straight towards Louisiana. In terms of intensity, Zeta slowly but steadily strengthened from this point all the way up until landfall. It reached the highest wind speed possible of a Category 2 storm, 110 mph. Hurricane Zeta caused approximately $1billion worth of damage. ||Zeta was the record-tying sixth hurricane to make landfall in the United States and the record fifth named storm to strike Louisiana in 2020.",The Main Pass 289C (KVKY) anemometer measured a peak wind gust of 64 knots.,CSV
202010,28,2100,202010,28,2100,153880,926643,GULF OF MEXICO,85,2020,October,Marine Hurricane/Typhoon,Z,534,LAKE BORGNE,85534,LIX,28-OCT-20 21:00:00,CST-6,28-OCT-20 21:00:00,0,0,0,0,0.00K,0.00K,Other Federal Agency,NA,NA,NA,NA,NA,NA,NA,NA,NA,NA,NA,NA,NA,NA,NA,NA,NA,NA,NA,NA,NA,"A tropical depression formed in the northwestern Caribbean on the afternoon of October 24th. 9 hours later, it became the twenty-seventh named storm and eleventh hurricane of the exceptionally active 2020 Atlantic hurricane season. After meandering virtually in the same place, it finally began moving northwest and slowly strengthening before making its first landfall on the Yucatan Peninsula on October 26th. Zeta exited the Yucantan Peninsula weaker but still a strong tropical storm. The path of the storm began shifting from northwest to northeast, and heading straight towards Louisiana. In terms of intensity, Zeta slowly but steadily strengthened from this point all the way up until landfall. It reached the highest wind speed possible of a Category 2 storm, 110 mph. Hurricane Zeta caused approximately $1billion worth of damage. ||Zeta was the record-tying sixth hurricane to make landfall in the United States and the record fifth named storm to strike Louisiana in 2020.",The NOS gauge at Shell Beach (SHBL1)measured a peak gust of 88 knots.,CSV
202010,28,2100,202010,28,2100,153880,926644,GULF OF MEXICO,85,2020,October,Marine Hurricane/Typhoon,Z,530,LAKE PONCHARTRAIN AND LAKE MAUREPAS,85530,LIX,28-OCT-20 21:00:00,CST-6,28-OCT-20 21:00:00,0,0,0,0,0.00K,0.00K,Other Federal Agency,NA,NA,NA,NA,NA,NA,NA,NA,NA,NA,NA,NA,NA,NA,NA,NA,NA,NA,NA,NA,NA,"A tropical depression formed in the northwestern Caribbean on the afternoon of October 24th. 9 hours later, it became the twenty-seventh named storm and eleventh hurricane of the exceptionally active 2020 Atlantic hurricane season. After meandering virtually in the same place, it finally began moving northwest and slowly strengthening before making its first landfall on the Yucatan Peninsula on October 26th. Zeta exited the Yucantan Peninsula weaker but still a strong tropical storm. The path of the storm began shifting from northwest to northeast, and heading straight towards Louisiana. In terms of intensity, Zeta slowly but steadily strengthened from this point all the way up until landfall. It reached the highest wind speed possible of a Category 2 storm, 110 mph. Hurricane Zeta caused approximately $1billion worth of damage. ||Zeta was the record-tying sixth hurricane to make landfall in the United States and the record fifth named storm to strike Louisiana in 2020.",The New Canal (NWCL1) NOS anemometer measured a peak wind gust of 85 knots. The Mid Lake Pontchartrain Weatherflow measonet anemometer measured a peak wind gust of 64 knots. The Frenier Landing (FREL1) anemometer measured a peak wind gust of 52 knots.,CSV
202109,13,1400,202109,14,400,161221,987249,GULF OF MEXICO,85,2021,September,Marine Hurricane/Typhoon,Z,350,FREEPORT TO MATAGORDA SHIP CHNL OUT 20NM,85350,HGX,13-SEP-21 14:00:00,CST-6,14-SEP-21 04:00:00,0,0,0,0,NA,NA,Mesonet,NA,NA,NA,NA,NA,NA,NA,NA,NA,NA,NA,NA,NA,NA,NA,NA,NA,NA,NA,NA,NA,"Nicholas formed on September 12 in the Southwestern Gulf of Mexico, slowly advancing northeastward along the Middle Texas Coast. It eventually made landfall 10 miles west of Sargent just after midnight on September 14, with maximum sustained wind speeds of 75 mph. Heavy rain bands associated with Nicholas brought widespread rainfall totals of 6 to 10 inches to the Southeast Texas Coast, while strong wind gusts resulted in tree and structural damage as well as widespread power outages across the area. Additionally, Nicholas's surge resulted in flooding along the coast, particularly around Matagorda Bay.",Hurricane Nicholas produced several hours of strong tropical storm force sustained winds and gusts. Winds briefly exceeded hurricane thresholds at a wind sensor near Matagorda Beach.,CSV
202108,29,1112,202108,29,1112,162127,980597,GULF OF MEXICO,85,2021,August,Marine Hurricane/Typhoon,Z,552,COASTAL WATERS FROM SOUTHWEST PASS OF THE MISSISSIPPI RIVER TO PORT FOURCHON LOUISIANA OUT 20 NM,85552,LIX,29-AUG-21 11:12:00,CST-6,29-AUG-21 11:12:00,0,0,0,0,0.00K,0.00K,Mesonet,NA,NA,NA,NA,NA,NA,NA,NA,NA,NA,NA,NA,NA,NA,NA,NA,NA,NA,NA,NA,NA,"The ninth named storm, fourth hurricane, and second major hurricane of the 2021 Atlantic hurricane season, Ida originated from a tropical wave in the Caribbean Sea on August 23rd. On August 26th, the wave developed into a tropical depression, which organized further and became Tropical Storm Ida later that day, near Grand Cayman. On a northwestward track, Ida intensified into a hurricane on August 27, just before moving over western Cuba. A day later, the hurricane underwent rapid intensification over the Gulf of Mexico as it passed over a warm core eddy and reached major hurricane strength. It was just under 72 hours from tropical depression formation to category 4 strength with 150 mph winds. Ida remained at its peak intensity of 150 mph winds and a minimum central pressure of 929 millibars as it made landfall near Port Fourchon midday on August 29th.",The Grand Isle (GISL1) anemometer measured a peak sustained wind of 63 knots or 73 MPH and a peak gust of 85 knots or 98 mph at a height of 7 meters.,CSV
202108,29,731,202108,29,731,162127,980588,GULF OF MEXICO,85,2021,August,Marine Hurricane/Typhoon,Z,552,COASTAL WATERS FROM SOUTHWEST PASS OF THE MISSISSIPPI RIVER TO PORT FOURCHON LOUISIANA OUT 20 NM,85552,LIX,29-AUG-21 07:31:00,CST-6,29-AUG-21 07:31:00,0,0,0,0,0.00K,0.00K,C-MAN Station,NA,NA,NA,NA,NA,NA,NA,NA,NA,NA,NA,NA,NA,NA,NA,NA,NA,NA,NA,NA,NA,"The ninth named storm, fourth hurricane, and second major hurricane of the 2021 Atlantic hurricane season, Ida originated from a tropical wave in the Caribbean Sea on August 23rd. On August 26th, the wave developed into a tropical depression, which organized further and became Tropical Storm Ida later that day, near Grand Cayman. On a northwestward track, Ida intensified into a hurricane on August 27, just before moving over western Cuba. A day later, the hurricane underwent rapid intensification over the Gulf of Mexico as it passed over a warm core eddy and reached major hurricane strength. It was just under 72 hours from tropical depression formation to category 4 strength with 150 mph winds. Ida remained at its peak intensity of 150 mph winds and a minimum central pressure of 929 millibars as it made landfall near Port Fourchon midday on August 29th.",The C-MAN station at Southwest Pass (BURL1) anemometer measured a peak sustained wind of 90 knots or 104 MPH and a peak gust of 114 knots or 131 mph at a height of 38 meters.,CSV
202108,29,748,202108,29,748,162127,980589,GULF OF MEXICO,85,2021,August,Marine Hurricane/Typhoon,Z,552,COASTAL WATERS FROM SOUTHWEST PASS OF THE MISSISSIPPI RIVER TO PORT FOURCHON LOUISIANA OUT 20 NM,85552,LIX,29-AUG-21 07:48:00,CST-6,29-AUG-21 07:48:00,0,0,0,0,0.00K,0.00K,Other Federal Agency,NA,NA,NA,NA,NA,NA,NA,NA,NA,NA,NA,NA,NA,NA,NA,NA,NA,NA,NA,NA,NA,"The ninth named storm, fourth hurricane, and second major hurricane of the 2021 Atlantic hurricane season, Ida originated from a tropical wave in the Caribbean Sea on August 23rd. On August 26th, the wave developed into a tropical depression, which organized further and became Tropical Storm Ida later that day, near Grand Cayman. On a northwestward track, Ida intensified into a hurricane on August 27, just before moving over western Cuba. A day later, the hurricane underwent rapid intensification over the Gulf of Mexico as it passed over a warm core eddy and reached major hurricane strength. It was just under 72 hours from tropical depression formation to category 4 strength with 150 mph winds. Ida remained at its peak intensity of 150 mph winds and a minimum central pressure of 929 millibars as it made landfall near Port Fourchon midday on August 29th.",Pilots Station East (PSTL1) anemometer measured a peak sustained wind of 92 knots or 106 MPH and a peak gust of 111 knots or 128 mph at a height of 20 meters.,CSV
202108,29,650,202108,29,650,162127,980591,GULF OF MEXICO,85,2021,August,Marine Hurricane/Typhoon,Z,572,COASTAL WATERS FROM SOUTHWEST PASS OF THE MISSISSIPPI RIVER TO PORT FOURCHON LOUISIANA FROM 20 TO 60 NM,85572,LIX,29-AUG-21 06:50:00,CST-6,29-AUG-21 06:50:00,0,0,0,0,0.00K,0.00K,Mesonet,NA,NA,NA,NA,NA,NA,NA,NA,NA,NA,NA,NA,NA,NA,NA,NA,NA,NA,NA,NA,NA,"The ninth named storm, fourth hurricane, and second major hurricane of the 2021 Atlantic hurricane season, Ida originated from a tropical wave in the Caribbean Sea on August 23rd. On August 26th, the wave developed into a tropical depression, which organized further and became Tropical Storm Ida later that day, near Grand Cayman. On a northwestward track, Ida intensified into a hurricane on August 27, just before moving over western Cuba. A day later, the hurricane underwent rapid intensification over the Gulf of Mexico as it passed over a warm core eddy and reached major hurricane strength. It was just under 72 hours from tropical depression formation to category 4 strength with 150 mph winds. Ida remained at its peak intensity of 150 mph winds and a minimum central pressure of 929 millibars as it made landfall near Port Fourchon midday on August 29th.",The Mississippi Canyon 311A (KMDJ) anemometer measured a peak sustained wind of 83 knots or 96 MPH and a peak gust of 102 knots or 117 mph at a height of 90 meters.,CSV
202108,29,835,202108,29,835,162127,980592,GULF OF MEXICO,85,2021,August,Marine Hurricane/Typhoon,Z,575,COASTAL WATERS FROM STAKE ISLAND LOUISIANA TO SOUTHWEST PASS OF THE MISSISSIPPI RIVER FROM 20 TO 60 NM,85575,LIX,29-AUG-21 08:35:00,CST-6,29-AUG-21 08:35:00,0,0,0,0,0.00K,0.00K,Mesonet,NA,NA,NA,NA,NA,NA,NA,NA,NA,NA,NA,NA,NA,NA,NA,NA,NA,NA,NA,NA,NA,"The ninth named storm, fourth hurricane, and second major hurricane of the 2021 Atlantic hurricane season, Ida originated from a tropical wave in the Caribbean Sea on August 23rd. On August 26th, the wave developed into a tropical depression, which organized further and became Tropical Storm Ida later that day, near Grand Cayman. On a northwestward track, Ida intensified into a hurricane on August 27, just before moving over western Cuba. A day later, the hurricane underwent rapid intensification over the Gulf of Mexico as it passed over a warm core eddy and reached major hurricane strength. It was just under 72 hours from tropical depression formation to category 4 strength with 150 mph winds. Ida remained at its peak intensity of 150 mph winds and a minimum central pressure of 929 millibars as it made landfall near Port Fourchon midday on August 29th.",The West Delta 27A (KDLP) anemometer measured a peak sustained wind of 76 knots or 88 MPH and a peak gust of 97 knots or 112 mph at a height of 35 meters.,CSV
202108,29,731,202108,29,731,162127,980595,GULF OF MEXICO,85,2021,August,Marine Hurricane/Typhoon,Z,552,COASTAL WATERS FROM SOUTHWEST PASS OF THE MISSISSIPPI RIVER TO PORT FOURCHON LOUISIANA OUT 20 NM,85552,LIX,29-AUG-21 07:31:00,CST-6,29-AUG-21 07:31:00,0,0,0,0,0.00K,0.00K,Mesonet,NA,NA,NA,NA,NA,NA,NA,NA,NA,NA,NA,NA,NA,NA,NA,NA,NA,NA,NA,NA,NA,"The ninth named storm, fourth hurricane, and second major hurricane of the 2021 Atlantic hurricane season, Ida originated from a tropical wave in the Caribbean Sea on August 23rd. On August 26th, the wave developed into a tropical depression, which organized further and became Tropical Storm Ida later that day, near Grand Cayman. On a northwestward track, Ida intensified into a hurricane on August 27, just before moving over western Cuba. A day later, the hurricane underwent rapid intensification over the Gulf of Mexico as it passed over a warm core eddy and reached major hurricane strength. It was just under 72 hours from tropical depression formation to category 4 strength with 150 mph winds. Ida remained at its peak intensity of 150 mph winds and a minimum central pressure of 929 millibars as it made landfall near Port Fourchon midday on August 29th.",The Louisiana Offshore Oil Port (LOPL1) anemometer measured a peak 2-min wind of 74 knots or 85 mph at a height of 58 meters.,CSV
202108,29,1800,202108,29,1800,162127,980598,GULF OF MEXICO,85,2021,August,Marine Hurricane/Typhoon,Z,530,LAKE PONCHARTRAIN AND LAKE MAUREPAS,85530,LIX,29-AUG-21 18:00:00,CST-6,29-AUG-21 18:00:00,0,0,0,0,0.00K,0.00K,Mesonet,NA,NA,NA,NA,NA,NA,NA,NA,NA,NA,NA,NA,NA,NA,NA,NA,NA,NA,NA,NA,NA,"The ninth named storm, fourth hurricane, and second major hurricane of the 2021 Atlantic hurricane season, Ida originated from a tropical wave in the Caribbean Sea on August 23rd. On August 26th, the wave developed into a tropical depression, which organized further and became Tropical Storm Ida later that day, near Grand Cayman. On a northwestward track, Ida intensified into a hurricane on August 27, just before moving over western Cuba. A day later, the hurricane underwent rapid intensification over the Gulf of Mexico as it passed over a warm core eddy and reached major hurricane strength. It was just under 72 hours from tropical depression formation to category 4 strength with 150 mph winds. Ida remained at its peak intensity of 150 mph winds and a minimum central pressure of 929 millibars as it made landfall near Port Fourchon midday on August 29th.",The Frenier Landing (FREL1) anemometer measured a peak sustained wind of 57 knots or  66 MPH and a peak gust of 77 knots or 89 mph at a height of 10 meters.,CSV
202108,29,1902,202108,29,1902,162127,980596,GULF OF MEXICO,85,2021,August,Marine Hurricane/Typhoon,Z,530,LAKE PONCHARTRAIN AND LAKE MAUREPAS,85530,LIX,29-AUG-21 19:02:00,CST-6,29-AUG-21 19:02:00,0,0,0,0,0.00K,0.00K,Mesonet,NA,NA,NA,NA,NA,NA,NA,NA,NA,NA,NA,NA,NA,NA,NA,NA,NA,NA,NA,NA,NA,"The ninth named storm, fourth hurricane, and second major hurricane of the 2021 Atlantic hurricane season, Ida originated from a tropical wave in the Caribbean Sea on August 23rd. On August 26th, the wave developed into a tropical depression, which organized further and became Tropical Storm Ida later that day, near Grand Cayman. On a northwestward track, Ida intensified into a hurricane on August 27, just before moving over western Cuba. A day later, the hurricane underwent rapid intensification over the Gulf of Mexico as it passed over a warm core eddy and reached major hurricane strength. It was just under 72 hours from tropical depression formation to category 4 strength with 150 mph winds. Ida remained at its peak intensity of 150 mph winds and a minimum central pressure of 929 millibars as it made landfall near Port Fourchon midday on August 29th.",The Mid Lake Pontchartrain Weatherflow (XPTN-WX) anemometer measured a peak sustained wind of 57 knots or 66 MPH and a peak gust of 76 knots or 87 mph at a height of 13 meters.,CSV
202108,29,1918,202108,29,1918,162127,980600,GULF OF MEXICO,85,2021,August,Marine Hurricane/Typhoon,Z,534,LAKE BORGNE,85534,LIX,29-AUG-21 19:18:00,CST-6,29-AUG-21 19:18:00,0,0,0,0,0.00K,0.00K,Other Federal Agency,NA,NA,NA,NA,NA,NA,NA,NA,NA,NA,NA,NA,NA,NA,NA,NA,NA,NA,NA,NA,NA,"The ninth named storm, fourth hurricane, and second major hurricane of the 2021 Atlantic hurricane season, Ida originated from a tropical wave in the Caribbean Sea on August 23rd. On August 26th, the wave developed into a tropical depression, which organized further and became Tropical Storm Ida later that day, near Grand Cayman. On a northwestward track, Ida intensified into a hurricane on August 27, just before moving over western Cuba. A day later, the hurricane underwent rapid intensification over the Gulf of Mexico as it passed over a warm core eddy and reached major hurricane strength. It was just under 72 hours from tropical depression formation to category 4 strength with 150 mph winds. Ida remained at its peak intensity of 150 mph winds and a minimum central pressure of 929 millibars as it made landfall near Port Fourchon midday on August 29th.",The Shell Beach (SHBL1) anemometer measured a peak sustained wind of 58 knots or 67 MPH and a peak gust of 73 knots or 84 mph at a height of 16 meters.,CSV
202108,29,1106,202108,29,1106,162127,980599,GULF OF MEXICO,85,2021,August,Marine Hurricane/Typhoon,Z,555,COASTAL WATERS FROM BOOTHVILLE LOUISIANA TO SOUTHWEST PASS OF THE MISSISSIPPI RIVER OUT 20 NM,85555,LIX,29-AUG-21 11:06:00,CST-6,29-AUG-21 11:06:00,0,0,0,0,0.00K,0.00K,Mesonet,NA,NA,NA,NA,NA,NA,NA,NA,NA,NA,NA,NA,NA,NA,NA,NA,NA,NA,NA,NA,NA,"The ninth named storm, fourth hurricane, and second major hurricane of the 2021 Atlantic hurricane season, Ida originated from a tropical wave in the Caribbean Sea on August 23rd. On August 26th, the wave developed into a tropical depression, which organized further and became Tropical Storm Ida later that day, near Grand Cayman. On a northwestward track, Ida intensified into a hurricane on August 27, just before moving over western Cuba. A day later, the hurricane underwent rapid intensification over the Gulf of Mexico as it passed over a warm core eddy and reached major hurricane strength. It was just under 72 hours from tropical depression formation to category 4 strength with 150 mph winds. Ida remained at its peak intensity of 150 mph winds and a minimum central pressure of 929 millibars as it made landfall near Port Fourchon midday on August 29th.",The Pilottown (PILL1) anemometer measured a peak sustained wind of 55 knots or 63 MPH and a peak gust of 74 knots or 85 mph at a height of 10 meters.,CSV
202108,29,1336,202108,29,1336,162127,980601,GULF OF MEXICO,85,2021,August,Marine Hurricane/Typhoon,Z,530,LAKE PONCHARTRAIN AND LAKE MAUREPAS,85530,LIX,29-AUG-21 13:36:00,CST-6,29-AUG-21 13:36:00,0,0,0,0,0.00K,0.00K,Other Federal Agency,NA,NA,NA,NA,NA,NA,NA,NA,NA,NA,NA,NA,NA,NA,NA,NA,NA,NA,NA,NA,NA,"The ninth named storm, fourth hurricane, and second major hurricane of the 2021 Atlantic hurricane season, Ida originated from a tropical wave in the Caribbean Sea on August 23rd. On August 26th, the wave developed into a tropical depression, which organized further and became Tropical Storm Ida later that day, near Grand Cayman. On a northwestward track, Ida intensified into a hurricane on August 27, just before moving over western Cuba. A day later, the hurricane underwent rapid intensification over the Gulf of Mexico as it passed over a warm core eddy and reached major hurricane strength. It was just under 72 hours from tropical depression formation to category 4 strength with 150 mph winds. Ida remained at its peak intensity of 150 mph winds and a minimum central pressure of 929 millibars as it made landfall near Port Fourchon midday on August 29th.",The New Canal (NWCL1) anemometer measured a peak sustained wind of 44 knots or 51 MPH and a peak gust of 66 knots or 76 mph at a height of 10 meters.,CSV
202211,9,2300,202211,10,200,175901,1067888,ATLANTIC SOUTH,87,2022,November,Marine Hurricane/Typhoon,Z,670,JUPITER INLET TO DEERFIELD BEACH FL 20 TO 60NM,87670,MFL,09-NOV-22 23:00:00,EST-5,10-NOV-22 02:00:00,0,0,0,0,0.00K,0.00K,Other Federal Agency,NA,NA,NA,NA,NA,NA,NA,NA,NA,NA,NA,NA,NA,NA,NA,NA,NA,NA,NA,NA,NA,"Nicole formed as a subtropical storm about 600 miles east of the Bahamas on November 7th, then moved northwest. Nicole gained tropical characteristics and became a tropical storm on November 8th as it turned west and west-southwest. Nicole strengthened into a Category 1 hurricane on November 9th as it moved over Great Abaco and Grand Bahama islands. Nicole then turned to the northwest as it approached Florida, making landfall just south of Vero Beach at 3 AM on November 10th as a Category 1 hurricane with lowest central pressure of 981 mb. Nicole then was downgraded to a tropical storm while moving inland across Central Florida.||Nicole's large wind field west of the storm center led to tropical storm force winds over the local Atlantic waters and the SE Florida coast beginning on the afternoon of November 8th and continuing until the pre-dawn hours of November 10th. Tropical storm force winds also spread across Lake Okeechobee during the late night of November 9th and early morning of November 10th.","Data from hurricane hunter aircraft indicated that sustained hurricane force winds near 65 knots/75 mph occurred for a brief time between 20 and 60 nm offshore Jupiter Inlet. Otherwise, Winds over the Palm Beach County waters between 20 and 60 nm offshore were in the 35-50 knot/40-60 mph range.",CSV
202209,28,700,202209,29,400,174307,1057070,GULF OF MEXICO,85,2022,September,Marine Hurricane/Typhoon,Z,656,CHOKOLOSKEE TO BONITA BEACH FL OUT 20NM,85656,MFL,28-SEP-22 07:00:00,EST-5,29-SEP-22 04:00:00,0,0,0,0,0.00K,0.00K,Other Federal Agency,NA,NA,NA,NA,NA,NA,NA,NA,NA,NA,NA,NA,NA,NA,NA,NA,NA,NA,NA,NA,NA,"A tropical depression formed in the central Caribbean Sea on September 23rd, then was upgraded to Tropical Storm Ian at 11 PM on September 23rd. Ian moved westward, then turned northwest on September 25th, passing just west of Jamaica and near the Cayman Islands. Ian became a hurricane on Monday, September 26th south of western Cuba, then moved north and made landfall in Pinar Del Rio Province, Cuba early on Tuesday, September 27th as a Category 3 hurricane with maximum sustained winds of 125 mph.||Ian moved into the SE Gulf of Mexico around midday on Tuesday, September 27th, then moved over Dry Tortugas as a Category 3 hurricane later that evening. Ian strengthened over the SE Gulf of Mexico as it approached Southwest Florida, becoming a Category 4 hurricane at 7 AM on Wednesday, September 28th with maximum sustained winds of 155 mph and a lowest central pressure of 936 mb. Ian moved N-NE and made landfall in Cayo Costa west of Fort Myers at 3:05 PM on Wednesday, September 28th with maximum sustained winds of 150 mph and minimum central pressure of 940 mb.||Ian moved NE across the central Florida peninsula during the evening and night of Wednesday, September 28th, finally being downgraded to a tropical storm about 20 miles west of Melbourne at 5 AM Thursday, September 29th. Ian moved off the east coast of Florida just north of Cape Canaveral during the mid-morning hours of Thursday, September 29th.||The highest measured wind gust in the coastal areas was 97 knots/112 mph well above the surface at Naples Grande Beach Resort about a half-mile inland. A peak gust of 61 knots/70 mph was measured at Naples Pier before the instrument failed as the strongest winds of Ian were approaching. The center of Ian passed about 60 nm west of Naples, and major hurricane force winds likely occurred over most of the offshore waters of Collier and Mainland Monroe counties.",Sustained hurricane force winds of 75 to 105 mph/64 to 90 knots likely occurred over the coastal waters of Collier County out to 20 nautical miles from shore. Peak wind gusts at coastal locations in Collier County were in the 90-110 mph range before the instruments stopped transmitting data.,CSV
202209,28,200,202209,29,0,174307,1057071,GULF OF MEXICO,85,2022,September,Marine Hurricane/Typhoon,Z,676,CHOKOLOSKEE TO BONITA BEACH FL 20 TO 60NM,85676,MFL,28-SEP-22 02:00:00,EST-5,29-SEP-22 00:00:00,0,0,0,0,0.00K,0.00K,Other Federal Agency,NA,NA,NA,NA,NA,NA,NA,NA,NA,NA,NA,NA,NA,NA,NA,NA,NA,NA,NA,NA,NA,"A tropical depression formed in the central Caribbean Sea on September 23rd, then was upgraded to Tropical Storm Ian at 11 PM on September 23rd. Ian moved westward, then turned northwest on September 25th, passing just west of Jamaica and near the Cayman Islands. Ian became a hurricane on Monday, September 26th south of western Cuba, then moved north and made landfall in Pinar Del Rio Province, Cuba early on Tuesday, September 27th as a Category 3 hurricane with maximum sustained winds of 125 mph.||Ian moved into the SE Gulf of Mexico around midday on Tuesday, September 27th, then moved over Dry Tortugas as a Category 3 hurricane later that evening. Ian strengthened over the SE Gulf of Mexico as it approached Southwest Florida, becoming a Category 4 hurricane at 7 AM on Wednesday, September 28th with maximum sustained winds of 155 mph and a lowest central pressure of 936 mb. Ian moved N-NE and made landfall in Cayo Costa west of Fort Myers at 3:05 PM on Wednesday, September 28th with maximum sustained winds of 150 mph and minimum central pressure of 940 mb.||Ian moved NE across the central Florida peninsula during the evening and night of Wednesday, September 28th, finally being downgraded to a tropical storm about 20 miles west of Melbourne at 5 AM Thursday, September 29th. Ian moved off the east coast of Florida just north of Cape Canaveral during the mid-morning hours of Thursday, September 29th.||The highest measured wind gust in the coastal areas was 97 knots/112 mph well above the surface at Naples Grande Beach Resort about a half-mile inland. A peak gust of 61 knots/70 mph was measured at Naples Pier before the instrument failed as the strongest winds of Ian were approaching. The center of Ian passed about 60 nm west of Naples, and major hurricane force winds likely occurred over most of the offshore waters of Collier and Mainland Monroe counties.",Sustained hurricane force winds of up to 155 mph/135 knots likely occurred over the coastal waters of Collier County from 20 to 60 nautical miles from shore as the center of Hurricane Ian moved over the western portion of this zone.,CSV
202209,30,1000,202209,30,1000,174193,1056497,ATLANTIC SOUTH,87,2022,September,Marine Hurricane/Typhoon,Z,256,MURRELLS INLET TO S SANTEE R SC OUT 20NM,87256,ILM,30-SEP-22 10:00:00,EST-5,30-SEP-22 10:00:00,0,0,0,0,0.00K,0.00K,Mesonet,NA,NA,NA,NA,NA,NA,NA,NA,NA,NA,NA,NA,NA,NA,NA,NA,NA,NA,NA,NA,NA,"Hurricane Ian made landfall along the west coast of Florida on September 28, 2022, then moved across the Florida peninsula and exited off the east coast of Florida on September 29, 2022 then made a second landfall near Georgetown, SC on September 30, 2022.  Ian resulted in strong wind gusts and rough seas across the adjacent coastal waters as it impacted the area.",The WeatherFlow weather station at the Winyah Bay Entrance measured a sustained wind of 69 knots and gust to 73 knots. The anemometer height is at 50 feet.,CSV
202308,30,200,202308,30,1000,184688,1133525,GULF OF MEXICO,85,2023,August,Marine Hurricane/Typhoon,Z,772,WATERS FROM MEXICO BEACH TO APALACHICOLA FL 20 TO 60 NM,85772,TAE,30-AUG-23 02:00:00,EST-5,30-AUG-23 10:00:00,0,0,0,0,0.00K,0.00K,Official NWS Observations,NA,NA,NA,NA,NA,NA,NA,NA,NA,NA,NA,NA,NA,NA,NA,NA,NA,NA,NA,NA,NA,"Hurricane Idalia made landfall on the morning of August 30th along the coast of Taylor County Florida near Keaton Beach at approximately 745 am EDT. The hurricane made landfall with estimated sustained winds of 125 mph, making it a Category 3 hurricane on the Saffir-Simpson Hurricane Wind Scale, the first major hurricane on record to make landfall in this portion of Florida. Hurricane conditions occurred in Apalachee Bay with tropical storm conditions occurring farther west.",NA,CSV
202308,30,200,202308,30,1000,184688,1133526,GULF OF MEXICO,85,2023,August,Marine Hurricane/Typhoon,Z,775,SUWANNEE R TO APALACHICOLA FL 20 TO 60NM,85775,TAE,30-AUG-23 02:00:00,EST-5,30-AUG-23 10:00:00,0,0,0,0,0.00K,0.00K,Official NWS Observations,NA,NA,NA,NA,NA,NA,NA,NA,NA,NA,NA,NA,NA,NA,NA,NA,NA,NA,NA,NA,NA,"Hurricane Idalia made landfall on the morning of August 30th along the coast of Taylor County Florida near Keaton Beach at approximately 745 am EDT. The hurricane made landfall with estimated sustained winds of 125 mph, making it a Category 3 hurricane on the Saffir-Simpson Hurricane Wind Scale, the first major hurricane on record to make landfall in this portion of Florida. Hurricane conditions occurred in Apalachee Bay with tropical storm conditions occurring farther west.",NA,CSV
202308,30,200,202308,30,1000,184688,1133527,GULF OF MEXICO,85,2023,August,Marine Hurricane/Typhoon,Z,765,COASTAL WATERS FROM SUWANNEE RIVER TO KEATON BEACH OUT TO 20 NM,85765,TAE,30-AUG-23 02:00:00,EST-5,30-AUG-23 10:00:00,0,0,0,0,0.00K,0.00K,Official NWS Observations,NA,NA,NA,NA,NA,NA,NA,NA,NA,NA,NA,NA,NA,NA,NA,NA,NA,NA,NA,NA,NA,"Hurricane Idalia made landfall on the morning of August 30th along the coast of Taylor County Florida near Keaton Beach at approximately 745 am EDT. The hurricane made landfall with estimated sustained winds of 125 mph, making it a Category 3 hurricane on the Saffir-Simpson Hurricane Wind Scale, the first major hurricane on record to make landfall in this portion of Florida. Hurricane conditions occurred in Apalachee Bay with tropical storm conditions occurring farther west.",NA,CSV
202308,30,200,202308,30,1000,184688,1133528,GULF OF MEXICO,85,2023,August,Marine Hurricane/Typhoon,Z,730,APALACHEE BAY OR COASTAL WATERS FROM KEATON BEACH TO OCHLOCKONEE RIVER FL OUT TO 20 NM,85730,TAE,30-AUG-23 02:00:00,EST-5,30-AUG-23 10:00:00,0,0,0,0,0.00K,0.00K,Official NWS Observations,NA,NA,NA,NA,NA,NA,NA,NA,NA,NA,NA,NA,NA,NA,NA,NA,NA,NA,NA,NA,NA,"Hurricane Idalia made landfall on the morning of August 30th along the coast of Taylor County Florida near Keaton Beach at approximately 745 am EDT. The hurricane made landfall with estimated sustained winds of 125 mph, making it a Category 3 hurricane on the Saffir-Simpson Hurricane Wind Scale, the first major hurricane on record to make landfall in this portion of Florida. Hurricane conditions occurred in Apalachee Bay with tropical storm conditions occurring farther west.",NA,CSV
202308,30,200,202308,30,1000,184688,1133529,GULF OF MEXICO,85,2023,August,Marine Hurricane/Typhoon,Z,755,COASTAL WATERS FROM OCHLOCKONEE RIVER TO APALACHICOLA FL OUT TO 20 NM,85755,TAE,30-AUG-23 02:00:00,EST-5,30-AUG-23 10:00:00,0,0,0,0,0.00K,0.00K,Official NWS Observations,NA,NA,NA,NA,NA,NA,NA,NA,NA,NA,NA,NA,NA,NA,NA,NA,NA,NA,NA,NA,NA,"Hurricane Idalia made landfall on the morning of August 30th along the coast of Taylor County Florida near Keaton Beach at approximately 745 am EDT. The hurricane made landfall with estimated sustained winds of 125 mph, making it a Category 3 hurricane on the Saffir-Simpson Hurricane Wind Scale, the first major hurricane on record to make landfall in this portion of Florida. Hurricane conditions occurred in Apalachee Bay with tropical storm conditions occurring farther west.",NA,CSV
202409,11,1215,202409,11,1215,196953,1218691,GULF OF MEXICO,85,2024,September,Marine Hurricane/Typhoon,Z,570,COASTAL WATERS FROM PORT FOURCHON LOUISIANA TO LOWER ATCHAFALAYA RIVER LOUISIANA FROM 20 TO 60 NM,85570,LIX,11-SEP-24 12:15:00,CST-6,11-SEP-24 12:15:00,0,0,0,0,0.00K,0.00K,AWOS,NA,NA,NA,NA,NA,NA,NA,NA,NA,NA,NA,NA,NA,NA,NA,NA,NA,NA,NA,NA,NA,"Hurricane Francine formed as a tropical storm in the Gulf of Mexico on September 9, 2024, and intensified into a Category 2 hurricane before making landfall near Houma, Louisiana, on the morning of September 11. With sustained winds of 100 mph and gusts peaking at 105 mph, Francine brought widespread damage to southeastern Louisiana and southern Mississippi. A storm surge of 6-9 feet inundated low-lying coastal areas, while torrential rainfall of 10-15 inches caused significant flash flooding, including in the New Orleans metro area. Over 400,000 residents experienced power outages, and extensive wind damage was reported, with numerous trees and powerlines downed.",A 66 mph sustained/83 mph wind gust was measured at AWOS station KPZZ 60 SSW Cocodrie/Ship Shoal 241.,CSV
202409,11,1315,202409,11,1315,196953,1218696,GULF OF MEXICO,85,2024,September,Marine Hurricane/Typhoon,Z,570,COASTAL WATERS FROM PORT FOURCHON LOUISIANA TO LOWER ATCHAFALAYA RIVER LOUISIANA FROM 20 TO 60 NM,85570,LIX,11-SEP-24 13:15:00,CST-6,11-SEP-24 13:15:00,0,0,0,0,0.00K,0.00K,AWOS,NA,NA,NA,NA,NA,NA,NA,NA,NA,NA,NA,NA,NA,NA,NA,NA,NA,NA,NA,NA,NA,"Hurricane Francine formed as a tropical storm in the Gulf of Mexico on September 9, 2024, and intensified into a Category 2 hurricane before making landfall near Houma, Louisiana, on the morning of September 11. With sustained winds of 100 mph and gusts peaking at 105 mph, Francine brought widespread damage to southeastern Louisiana and southern Mississippi. A storm surge of 6-9 feet inundated low-lying coastal areas, while torrential rainfall of 10-15 inches caused significant flash flooding, including in the New Orleans metro area. Over 400,000 residents experienced power outages, and extensive wind damage was reported, with numerous trees and powerlines downed.",Sustained 74 mph/gust of 91 mph measured at AWOS station KPZZ 60 SSW Cocodrie/Ship Shoal 241.,CSV
202409,26,1400,202409,27,400,195639,1209372,GULF OF MEXICO,85,2024,September,Marine Hurricane/Typhoon,Z,772,WATERS FROM MEXICO BEACH TO APALACHICOLA FL 20 TO 60 NM,85772,TAE,26-SEP-24 14:00:00,EST-5,27-SEP-24 04:00:00,0,0,0,0,0.00K,0.00K,Official NWS Observations,NA,NA,NA,NA,NA,NA,NA,NA,NA,NA,NA,NA,NA,NA,NA,NA,NA,NA,NA,NA,NA,"Hurricane Helene made landfall as a Category 4 hurricane with maximum sustained winds of 140 mph and a minimum central pressure of 938 mb (27.70 inches) at about 11:10 PM EDT on Thursday, September 26th, in Taylor County Florida just east of the Aucilla River. Helene brought hurricane conditions to the coastal waters east of Mexico Beach and tropical storms conditions to the coastal waters west of Mexico Beach.",NA,CSV
202409,26,1400,202409,27,400,195639,1209373,GULF OF MEXICO,85,2024,September,Marine Hurricane/Typhoon,Z,775,SUWANNEE R TO APALACHICOLA FL 20 TO 60NM,85775,TAE,26-SEP-24 14:00:00,EST-5,27-SEP-24 04:00:00,0,0,0,0,0.00K,0.00K,Official NWS Observations,NA,NA,NA,NA,NA,NA,NA,NA,NA,NA,NA,NA,NA,NA,NA,NA,NA,NA,NA,NA,NA,"Hurricane Helene made landfall as a Category 4 hurricane with maximum sustained winds of 140 mph and a minimum central pressure of 938 mb (27.70 inches) at about 11:10 PM EDT on Thursday, September 26th, in Taylor County Florida just east of the Aucilla River. Helene brought hurricane conditions to the coastal waters east of Mexico Beach and tropical storms conditions to the coastal waters west of Mexico Beach.",NA,CSV
202409,26,1400,202409,27,400,195639,1209374,GULF OF MEXICO,85,2024,September,Marine Hurricane/Typhoon,Z,755,COASTAL WATERS FROM OCHLOCKONEE RIVER TO APALACHICOLA FL OUT TO 20 NM,85755,TAE,26-SEP-24 14:00:00,EST-5,27-SEP-24 04:00:00,0,0,0,0,0.00K,0.00K,Official NWS Observations,NA,NA,NA,NA,NA,NA,NA,NA,NA,NA,NA,NA,NA,NA,NA,NA,NA,NA,NA,NA,NA,"Hurricane Helene made landfall as a Category 4 hurricane with maximum sustained winds of 140 mph and a minimum central pressure of 938 mb (27.70 inches) at about 11:10 PM EDT on Thursday, September 26th, in Taylor County Florida just east of the Aucilla River. Helene brought hurricane conditions to the coastal waters east of Mexico Beach and tropical storms conditions to the coastal waters west of Mexico Beach.",NA,CSV
202409,26,1400,202409,27,400,195639,1209375,GULF OF MEXICO,85,2024,September,Marine Hurricane/Typhoon,Z,730,APALACHEE BAY OR COASTAL WATERS FROM KEATON BEACH TO OCHLOCKONEE RIVER FL OUT TO 20 NM,85730,TAE,26-SEP-24 14:00:00,EST-5,27-SEP-24 04:00:00,0,0,0,0,0.00K,0.00K,Official NWS Observations,NA,NA,NA,NA,NA,NA,NA,NA,NA,NA,NA,NA,NA,NA,NA,NA,NA,NA,NA,NA,NA,"Hurricane Helene made landfall as a Category 4 hurricane with maximum sustained winds of 140 mph and a minimum central pressure of 938 mb (27.70 inches) at about 11:10 PM EDT on Thursday, September 26th, in Taylor County Florida just east of the Aucilla River. Helene brought hurricane conditions to the coastal waters east of Mexico Beach and tropical storms conditions to the coastal waters west of Mexico Beach.",NA,CSV
202409,26,1400,202409,27,400,195639,1209376,GULF OF MEXICO,85,2024,September,Marine Hurricane/Typhoon,Z,765,COASTAL WATERS FROM SUWANNEE RIVER TO KEATON BEACH OUT TO 20 NM,85765,TAE,26-SEP-24 14:00:00,EST-5,27-SEP-24 04:00:00,0,0,0,0,0.00K,0.00K,Official NWS Observations,NA,NA,NA,NA,NA,NA,NA,NA,NA,NA,NA,NA,NA,NA,NA,NA,NA,NA,NA,NA,NA,"Hurricane Helene made landfall as a Category 4 hurricane with maximum sustained winds of 140 mph and a minimum central pressure of 938 mb (27.70 inches) at about 11:10 PM EDT on Thursday, September 26th, in Taylor County Florida just east of the Aucilla River. Helene brought hurricane conditions to the coastal waters east of Mexico Beach and tropical storms conditions to the coastal waters west of Mexico Beach.",NA,CSV
202409,11,300,202409,12,0,196912,1218070,GULF OF MEXICO,85,2024,September,Marine Hurricane/Typhoon,Z,436,ATCHAFALAYA AND EAST COTE BLANCHE BAYS,85436,LCH,11-SEP-24 03:00:00,CST-6,12-SEP-24 00:00:00,0,0,0,0,0.00K,0.00K,C-MAN Station,NA,NA,NA,NA,NA,NA,NA,NA,NA,NA,NA,NA,NA,NA,NA,NA,NA,NA,NA,NA,NA,Hurricane Francine moved across the coastal gulf waters to make landfall near the Saint Mary and Terrebonne Parish line. High wind gusts were recorded at a couple sites.,North Eugene Island (EINL1) recorded a sustained wind of 66 knots with a peak gust of 91 knots as the eyewall brushed the station.,CSV
202410,9,2000,202410,10,1500,196054,1217542,ATLANTIC SOUTH,87,2024,October,Marine Hurricane/Typhoon,Z,454,ST AUGUSTINE TO FLAGLER BEACH FL OUT 20NM,87454,JAX,09-OCT-24 20:00:00,EST-5,10-OCT-24 15:00:00,0,0,0,0,0.00K,0.00K,Official NWS Observations,NA,NA,NA,NA,NA,NA,NA,NA,NA,NA,NA,NA,NA,NA,NA,NA,NA,NA,NA,NA,NA,"A tropical disturbance over the southwest Gulf of Mexico quickly developed into Tropical Storm |Milton on Saturday, October 5th. Milton then moved slowly east-southeastward, strengthening into a |hurricane the following day. On Monday, October 7th, the storm underwent rapid intensification, |reaching Category 5 strength as it neared the northwestern coast of Mexico's Yucat��n Peninsula. Late |on Monday and into Tuesday, Milton shifted eastward and then northeastward across the |southeastern Gulf of Mexico.| As Milton approached Florida���s Gulf coast on Wednesday, October 9th, it began to gradually weaken, |but still maintained major hurricane status. The storm made landfall that evening near Siesta Key on |Florida���s west coast as a strong Category 3 hurricane on the Saffir-Simpson Hurricane Wind Scale. |While it weakened further as it crossed central Florida overnight, Milton remained a hurricane. By |early Thursday morning, October 10th, it emerged off Florida���s Atlantic coast as a Category 1 storm.| Milton caused widespread impacts across north-central and northeast Florida, as well as coastal |southeast Georgia. Flagler County, along with large portions of St. Johns, Putnam, and Marion |counties, experienced sustained tropical storm-force winds and hurricane-force gusts. Rainfall |amounts ranged from 7 to 11 inches as outer rainbands and the storm's powerful northern side |swept through these areas late Wednesday night into early Thursday morning.| This heavy rainfall caused Deep Creek, a tributary of the St. Johns River in St. Johns County, to reach |record levels on Thursday, October 10th, surpassing the previous record set during Hurricane Irma in |2017. This led to extensive flooding throughout the southern half of St. Johns County, particularly in |the Flagler Estates community and the towns of Hastings and Spuds. Additionally, record flooding was |observed along Haw Creek in western Flagler County, exceeding the previous record set in the |aftermath of Hurricane Ian in 2022.| Storm surge flooding of around 3 feet above Mean Higher High Water (MHHW) was recorded along |the St. Johns River and the northeast Florida coast. Significant inundation was reported along the |lower St. Johns River, with widespread flooding in areas such as Welaka, FL.","On 10/9 at 9:20 PM, FSWN St. Johns County Fire Station reported wind gusts of 51 mph with sustained winds of 40 mph. At 11 pm, the C-man station SAUF1 measured sustained winds of 44 mph with gusts to 49 mph. At 11:20 pm, a mesonet site at JFRD fire station reported sustained winds of 44 mph with gusts to 60 mph. At 11:20 pm, a mesonet site in the City of St. Augustine measured a wind gust of 52 mph. At 11:56 pm, the AWOS at the St. Augustine Airport measured a wind gust of 52 mph. ||On 10/10, at 12 am, a mesonet site at the St. Johns County Fire Station 2 miles SSE of South Ponte Vedra measured a wind gust of 62 mph. Also at 12 am, the C-Man station SAUF1 measured sustained winds o f46 mph with a gust of 54 mph. At 12:38 am, the AWOS at the St. Augustine airport measured a gust of 55 mph. At 1:25 am, the airport AWOS measured a wind gust of 59 mph. At 1:50 am, a mesonet site in the City of St. Augustine measured a wind gust of 55 mph.  At 1:55 am, a mesonet site 2 miles NW of St. Augustine called Lewis measured a gust of 60 mph. At 1:56 am, the St. Augustine airport AWOS  measured a sustained wind of 52 mph with a gust of 60 mph. Also at 1:56 am, a mesonet site 1 mile SSE of Crescent Beach called Summerhouse measured a gust of 55 mph. At 2 AM, AWOS station KSGJ St Augustine measured a sustained wind of 52 mph with a wind gust of 60 mph. At 2:10 am, a mesonet site 2 miles NW of St. Augustine called Lewis measured a wind gust of 63 mph. At 2:20 am, a mesonet site 2 miles SSE of South Ponte Vedra Beach measured a wind gust of 67 mph. At 2:30 AM, FSWN St. Johns County Fire Station measured a peak wind gust of 70 mph. At 2:40 am, a mesonet site in the City of St. Augustine measured a wind gust of 59 mph. At 2:41 am, a mesonet site 1 mile SSE of Crescent Beach called Summerhouse measured a wind gust of 63 mph. At 2:55 AM, XLWS Lewis reported a sustained wind of 44 mph with a gust to 64 mph. At 3 AM, SAUF1 1 NNE Saint Augustine Beach reported sustained winds of 56 mph with a wind gust of 67 mph. At 3:30 am, a mesonet site in the City of St. Augustine measured a sustained wind of 55 mph with a gust of 61 mph.||The first rainband came through on the morning of Oct. 9th at 1000 am with 1423W Fswn Flagler County Em Marineland measuring a gust of 41 mph.  At 12:40 pm, the same station measured a wind gust of 47 mph. ||Winds begin to ramp up in the evening of Oct. 9th with peak winds occurring on Oct. 10th between 12-4 AM EDT. ||Between 7-8 PM EDT on Oct. 9th, 1423W Fswn Flagler County Em Marineland measures gusts beginning with 50 mph to 56 mph. At 9 PM, Fswn Flagler County Em Marineland reported 59 mph wind gusts with sustained winds of 49 mph. At 9:15 PM, FW7349 Flagler Beach observation site reported a wind gust of 50 mph with sustained wind speed of 31 mph. At 9:50 PM, Fswn Flagler County Em Marineland reported a wind gust of 64 mph. At 11 pm, the Marineland mesonet had a gust of 67 mph.  At 11:50 pm, a mesonet site 1 mile ESE of Flagler Beach measured a gust of 60 mph.  At 12 am on 10/10, the Marineland mesonet site reported a gust of 69 mph. At 12:20 am, the Marineland mesonet site measured a sustained wind of 57 mph with a gust of 73 mph. At 12:56 am, a spotter in Flagler Beach reported a measured wind gust of 72 mph.  At 1:37 am, a spotter in Flagler Beach measured a sustained wind of 48 mph with a gust of 76 mph.  At 1:40 am, the Marineland mesonet station measured a wind gust of 76 mph and then at 1:50 am the site reported a wind gust of 84 mph. ||NOTE: The Marineland mesonet site was on the higher end of observations, even higher than some gusts reported near the eyewall closer to Cape Canaveral. The data is suspect.",CSV
202408,4,1600,202408,5,700,193053,1197202,GULF OF MEXICO,85,2024,August,Marine Hurricane/Typhoon,Z,775,SUWANNEE R TO APALACHICOLA FL 20 TO 60NM,85775,TAE,04-AUG-24 16:00:00,EST-5,05-AUG-24 07:00:00,0,0,0,0,0.00K,0.00K,Official NWS Observations,NA,NA,NA,NA,NA,NA,NA,NA,NA,NA,NA,NA,NA,NA,NA,NA,NA,NA,NA,NA,NA,"Hurricane Debby moved northward into Apalachee Bay in early August, bringing tropical storm or hurricane force winds to areas east of Apalachicola.",NA,CSV
202408,4,1600,202408,5,700,193053,1197203,GULF OF MEXICO,85,2024,August,Marine Hurricane/Typhoon,Z,765,COASTAL WATERS FROM SUWANNEE RIVER TO KEATON BEACH OUT TO 20 NM,85765,TAE,04-AUG-24 16:00:00,EST-5,05-AUG-24 07:00:00,0,0,0,0,0.00K,0.00K,Official NWS Observations,NA,NA,NA,NA,NA,NA,NA,NA,NA,NA,NA,NA,NA,NA,NA,NA,NA,NA,NA,NA,NA,"Hurricane Debby moved northward into Apalachee Bay in early August, bringing tropical storm or hurricane force winds to areas east of Apalachicola.",NA,CSV
