BEGIN_YEARMONTH,BEGIN_DAY,BEGIN_TIME,END_YEARMONTH,END_DAY,END_TIME,EPISODE_ID,EVENT_ID,STATE,STATE_FIPS,YEAR,MONTH_NAME,EVENT_TYPE,CZ_TYPE,CZ_FIPS,CZ_NAME,cty_fips,WFO,BEGIN_DATE_TIME,CZ_TIMEZONE,END_DATE_TIME,INJURIES_DIRECT,INJURIES_INDIRECT,DEATHS_DIRECT,DEATHS_INDIRECT,DAMAGE_PROPERTY,DAMAGE_CROPS,SOURCE,MAGNITUDE,MAGNITUDE_TYPE,FLOOD_CAUSE,CATEGORY,TOR_F_SCALE,TOR_LENGTH,TOR_WIDTH,TOR_OTHER_WFO,TOR_OTHER_CZ_STATE,TOR_OTHER_CZ_FIPS,TOR_OTHER_CZ_NAME,BEGIN_RANGE,BEGIN_AZIMUTH,BEGIN_LOCATION,END_RANGE,END_AZIMUTH,END_LOCATION,BEGIN_LAT,BEGIN_LON,END_LAT,END_LON,EPISODE_NARRATIVE,EVENT_NARRATIVE,DATA_SOURCE
201208,29,724,201208,29,1224,68209,409183,GULF OF MEXICO,85,2012,August,Marine Tropical Storm,Z,435,VERMILION BAY,85435,LCH,29-AUG-12 07:24:00,CST-6,29-AUG-12 12:24:00,0,0,0,0,0.00K,0.00K,C-MAN Station,NA,NA,NA,NA,NA,NA,NA,NA,NA,NA,NA,NA,NA,NA,NA,NA,NA,NA,NA,NA,NA,As Hurricane Issac made landfall well east of the area tropical storm conditions were felt across the coastal waters south of Southwest and South Central Louisiana.,Winds at Amerada Pass became sustained at 40 knots with a peak gust of 51 knots during Issac.,CSV
201208,29,1330,201208,29,1554,68209,409185,GULF OF MEXICO,85,2012,August,Marine Tropical Storm,Z,450,COASTAL WATERS FROM CAMERON LA TO HIGH ISLAND TX OUT 20 NM,85450,LCH,29-AUG-12 13:30:00,CST-6,29-AUG-12 15:54:00,0,0,0,0,0.00K,0.00K,Mesonet,NA,NA,NA,NA,NA,NA,NA,NA,NA,NA,NA,NA,NA,NA,NA,NA,NA,NA,NA,NA,NA,As Hurricane Issac made landfall well east of the area tropical storm conditions were felt across the coastal waters south of Southwest and South Central Louisiana.,The winds at Freshwater Lock during Issac became sustained at 36 knots and had a peak gust of 51 knots.,CSV
201208,30,235,201208,30,255,68209,409186,GULF OF MEXICO,85,2012,August,Marine Tropical Storm,Z,450,COASTAL WATERS FROM CAMERON LA TO HIGH ISLAND TX OUT 20 NM,85450,LCH,30-AUG-12 02:35:00,CST-6,30-AUG-12 02:55:00,0,0,0,0,0.00K,0.00K,AWOS,NA,NA,NA,NA,NA,NA,NA,NA,NA,NA,NA,NA,NA,NA,NA,NA,NA,NA,NA,NA,NA,As Hurricane Issac made landfall well east of the area tropical storm conditions were felt across the coastal waters south of Southwest and South Central Louisiana.,At KVBS winds became sustained at 35 knots and gusted to 40 knots during Issac. Winds at Texas point also reached tropical storm force.,CSV
201208,29,755,201208,29,755,68209,409187,GULF OF MEXICO,85,2012,August,Marine Tropical Storm,Z,475,ATCHAFALAYA R TO INTRACOASTAL CITY LA 20 TO 60NM,85475,LCH,29-AUG-12 07:55:00,CST-6,29-AUG-12 07:55:00,0,0,0,0,0.00K,0.00K,AWOS,NA,NA,NA,NA,NA,NA,NA,NA,NA,NA,NA,NA,NA,NA,NA,NA,NA,NA,NA,NA,NA,As Hurricane Issac made landfall well east of the area tropical storm conditions were felt across the coastal waters south of Southwest and South Central Louisiana.,Winds at KEIR became sustained at 42 knots and gusted to 53 knots during Issac.,CSV
201210,26,0,201210,27,1800,68608,411527,ATLANTIC SOUTH,87,2012,October,Marine Tropical Storm,Z,550,FLAGLER BEACH TO VOLUSIA-BREVARD COUNTY LINE 0-20NM,87550,MLB,26-OCT-12 00:00:00,EST-5,27-OCT-12 18:00:00,0,0,0,0,0.00K,0.00K,Buoy,NA,NA,NA,NA,NA,NA,NA,NA,NA,NA,NA,NA,NA,NA,NA,NA,NA,NA,NA,NA,NA,"As Hurricane Sandy passed 200-250 miles offshore the east-central Florida coast, an expansive wind field brought over 24 hours of tropical storm conditions to the coastal waters.",Tropical storm conditions occurred across the near-shore coastal waters in association with the far western periphery of Hurricane Sandy.,CSV
201210,26,0,201210,27,1800,68608,411528,ATLANTIC SOUTH,87,2012,October,Marine Tropical Storm,Z,570,FLAGLER BEACH TO VOLUSIA-BREVARD COUNTY LINE 20-60NM,87570,MLB,26-OCT-12 00:00:00,EST-5,27-OCT-12 18:00:00,0,0,0,0,0.00K,0.00K,Buoy,NA,NA,NA,NA,NA,NA,NA,NA,NA,NA,NA,NA,NA,NA,NA,NA,NA,NA,NA,NA,NA,"As Hurricane Sandy passed 200-250 miles offshore the east-central Florida coast, an expansive wind field brought over 24 hours of tropical storm conditions to the coastal waters.",Tropical storm conditions occurred across the offshore coastal waters in association with the far western periphery of Hurricane Sandy.,CSV
201210,26,0,201210,27,1800,68608,411529,ATLANTIC SOUTH,87,2012,October,Marine Tropical Storm,Z,555,SEBASTIAN INLET TO JUPITER INLET 0-20NM,87555,MLB,26-OCT-12 00:00:00,EST-5,27-OCT-12 18:00:00,0,0,0,0,0.00K,0.00K,Buoy,NA,NA,NA,NA,NA,NA,NA,NA,NA,NA,NA,NA,NA,NA,NA,NA,NA,NA,NA,NA,NA,"As Hurricane Sandy passed 200-250 miles offshore the east-central Florida coast, an expansive wind field brought over 24 hours of tropical storm conditions to the coastal waters.",Tropical storm conditions occurred across the near-shore coastal waters in association with the far western periphery of Hurricane Sandy.,CSV
201210,26,0,201210,27,1800,68608,411530,ATLANTIC SOUTH,87,2012,October,Marine Tropical Storm,Z,575,SEBASTIAN INLET TO JUPITER INLET 20-60NM,87575,MLB,26-OCT-12 00:00:00,EST-5,27-OCT-12 18:00:00,0,0,0,0,0.00K,0.00K,Buoy,NA,NA,NA,NA,NA,NA,NA,NA,NA,NA,NA,NA,NA,NA,NA,NA,NA,NA,NA,NA,NA,"As Hurricane Sandy passed 200-250 miles offshore the east-central Florida coast, an expansive wind field brought over 24 hours of tropical storm conditions to the coastal waters.",Tropical storm conditions occurred across the offshore coastal waters in association with the far western periphery of Hurricane Sandy.,CSV
201210,26,0,201210,27,1800,68608,411531,ATLANTIC SOUTH,87,2012,October,Marine Tropical Storm,Z,552,VOLUSIA-BREVARD COUNTY LINE TO SEBASTIAN INLET 0-20NM,87552,MLB,26-OCT-12 00:00:00,EST-5,27-OCT-12 18:00:00,0,0,0,0,0.00K,0.00K,Buoy,NA,NA,NA,NA,NA,NA,NA,NA,NA,NA,NA,NA,NA,NA,NA,NA,NA,NA,NA,NA,NA,"As Hurricane Sandy passed 200-250 miles offshore the east-central Florida coast, an expansive wind field brought over 24 hours of tropical storm conditions to the coastal waters.",Tropical storm conditions occurred across the near-shore coastal waters in association with the far western periphery of Hurricane Sandy.,CSV
201210,26,0,201210,27,1800,68608,411532,ATLANTIC SOUTH,87,2012,October,Marine Tropical Storm,Z,572,VOLUSIA-BREVARD COUNTY LINE TO SEBASTIAN INLET 20-60NM,87572,MLB,26-OCT-12 00:00:00,EST-5,27-OCT-12 18:00:00,0,0,0,0,0.00K,0.00K,Buoy,NA,NA,NA,NA,NA,NA,NA,NA,NA,NA,NA,NA,NA,NA,NA,NA,NA,NA,NA,NA,NA,"As Hurricane Sandy passed 200-250 miles offshore the east-central Florida coast, an expansive wind field brought over 24 hours of tropical storm conditions to the coastal waters.",Tropical storm conditions occurred across the offshore coastal waters in association with the far western periphery of Hurricane Sandy.,CSV
201208,29,1400,201208,29,1615,68209,409184,GULF OF MEXICO,85,2012,August,Marine Tropical Storm,Z,455,ATCHAFALAYA R TO INTRACOASTAL CITY LA OUT 20NM,85455,LCH,29-AUG-12 14:00:00,CST-6,29-AUG-12 16:15:00,0,0,0,0,0.00K,0.00K,AWOS,NA,NA,NA,NA,NA,NA,NA,NA,NA,NA,NA,NA,NA,NA,NA,NA,NA,NA,NA,NA,NA,As Hurricane Issac made landfall well east of the area tropical storm conditions were felt across the coastal waters south of Southwest and South Central Louisiana.,Winds at MRSL1 became sustained at 45 knots with a peak gust of 59 knots during Issac. Winds at KSCF became sustained at 52 knots and gusted to 63 knots.,CSV
201407,4,840,201407,4,840,89253,537964,ATLANTIC NORTH,88,2014,July,Marine Tropical Storm,Z,652,CHINCOTEAGUE TO PARRAMORE IS VA OUT 20NM,88652,AKQ,04-JUL-14 08:40:00,EST-5,04-JUL-14 08:40:00,0,0,0,0,0.00K,0.00K,ASOS,NA,NA,NA,NA,NA,NA,NA,NA,NA,NA,NA,NA,NA,NA,NA,NA,NA,NA,NA,NA,NA,"Hurricane Arthur moving northward along the East Coast produced tropical storm force winds across portions of the Virginia Coastal Waters from late Thursday night, July 3rd into midday Friday, July 4th.",Wind gust of 39 knots was measured at Wallops Island (WAL).,CSV
201407,4,913,201407,4,942,89254,537965,ATLANTIC NORTH,88,2014,July,Marine Tropical Storm,Z,650,FENWICK IS DE TO CHINCOTEAGUE VA OUT 20NM,88650,AKQ,04-JUL-14 09:13:00,EST-5,04-JUL-14 09:42:00,0,0,0,0,0.00K,0.00K,C-MAN Station,NA,NA,NA,NA,NA,NA,NA,NA,NA,NA,NA,NA,NA,NA,NA,NA,NA,NA,NA,NA,NA,"Hurricane Arthur moving northward along the East Coast produced tropical storm force winds across portions of the Maryland Coastal Waters from late Thursday night, July 3rd into midday Friday, July 4th.",Wind gust of 36 knots was measured at Ocean City Airport (OXB). Wind gust of 39 knots was measured at Ocean City Inlet (OCIM2).,CSV
201407,4,648,201407,4,815,89252,537962,ATLANTIC NORTH,88,2014,July,Marine Tropical Storm,Z,634,"CHESAPEAKE BAY FROM LITTLE CREEK, VA, TO CAPE HENRY, VA, INCLUDING THE CHESAPEAKE BAY BRIDGE TUNNEL",88634,AKQ,04-JUL-14 06:48:00,EST-5,04-JUL-14 08:15:00,0,0,0,0,0.00K,0.00K,C-MAN Station,NA,NA,NA,NA,NA,NA,NA,NA,NA,NA,NA,NA,NA,NA,NA,NA,NA,NA,NA,NA,NA,"Hurricane Arthur moving northward along the East Coast produced tropical storm force winds across portions of the Mouth of the Chesapeake Bay from late Thursday night, July 3rd into midday Friday, July 4th.",The highest sustained wind of 40 knots with a peak gust of 52 knots was recorded at the Chesapeake Bay Bridge Tunnel Station (CBBV2). The highest sustained wind of 53 knots with a peak gust of 61 knots was recorded at the 3rd Island Chesapeake Bay Bridge Tunnel.,CSV
201407,4,735,201407,4,915,89253,537963,ATLANTIC NORTH,88,2014,July,Marine Tropical Storm,Z,656,CP CHARLES LT VA TO NC-VA BDR OUT 20NM,88656,AKQ,04-JUL-14 07:35:00,EST-5,04-JUL-14 09:15:00,0,0,0,0,0.00K,0.00K,C-MAN Station,NA,NA,NA,NA,NA,NA,NA,NA,NA,NA,NA,NA,NA,NA,NA,NA,NA,NA,NA,NA,NA,"Hurricane Arthur moving northward along the East Coast produced tropical storm force winds across portions of the Virginia Coastal Waters from late Thursday night, July 3rd into midday Friday, July 4th.",The highest sustained wind of 41 knots with a peak gust of 49 knots was recorded at Cape Henry. The highest sustained wind of 47 knots with a peak gust of 51 knots was recorded at Chesapeake Light Station (CHLV2). Wind gust of 38 knots was measured at Sandbridge.,CSV
201407,4,430,201407,4,442,89250,537779,ATLANTIC NORTH,88,2014,July,Marine Tropical Storm,Z,658,NC-VA BDR TO CURRITUCK BEACH LT OUT 20NM,88658,AKQ,04-JUL-14 04:30:00,EST-5,04-JUL-14 04:42:00,0,0,0,0,0.00K,0.00K,C-MAN Station,NA,NA,NA,NA,NA,NA,NA,NA,NA,NA,NA,NA,NA,NA,NA,NA,NA,NA,NA,NA,NA,"Hurricane Arthur moving northward along the East Coast produced tropical storm force winds across portions of the northeast North Carolina Coastal Waters from late Thursday night, July 3rd into midday Friday, July 4th.",The highest sustained wind of 47 knots with a peak gust of 55 knots was recorded at Duck Pier.,CSV
201609,3,100,201609,3,1700,110695,661083,ATLANTIC NORTH,88,2016,September,Marine Tropical Storm,Z,632,"MOUTH OF CHESAPEAKE BAY FROM NEW POINT COMFORT TO LITTLE CREEK, VA",88632,AKQ,03-SEP-16 01:00:00,EST-5,03-SEP-16 17:00:00,0,0,0,0,0.00K,0.00K,C-MAN Station,NA,NA,NA,NA,NA,NA,NA,NA,NA,NA,NA,NA,NA,NA,NA,NA,NA,NA,NA,NA,NA,"Tropical Storm Hermine moving northeast along the Southeast Coast then off the Mid Atlantic Coast produced tropical storm force winds across portions of the Chesapeake Bay from Friday night, September 2nd into Saturday night, September 3rd.",The highest sustained wind of 41 knots with a peak wind gust of 49 knots was measured at York River East Rear Range Light. A peak wind gust of 38 knots was measured at Kiptopeke. A peak wind gust of 45 knots was measured at Lynnhaven Inlet. A peak wind gust of 44 knots was measured at Thimble Shoals.,CSV
201609,3,900,201609,3,1400,110698,661126,ATLANTIC NORTH,88,2016,September,Marine Tropical Storm,Z,650,FENWICK IS DE TO CHINCOTEAGUE VA OUT 20NM,88650,AKQ,03-SEP-16 09:00:00,EST-5,03-SEP-16 14:00:00,0,0,0,0,0.00K,0.00K,Mesonet,NA,NA,NA,NA,NA,NA,NA,NA,NA,NA,NA,NA,NA,NA,NA,NA,NA,NA,NA,NA,NA,"Tropical Storm Hermine moving northeast along the Southeast Coast then off the Mid Atlantic Coast produced tropical storm force winds across portions of the Maryland Coastal Waters during Saturday, September 3rd.",A peak wind gust of 47 knots was measured at Public Landing (6 SE). A peak wind gust of 36 knots was measured at Ocean City Inlet.,CSV
201609,3,200,201609,3,1100,110697,661125,ATLANTIC NORTH,88,2016,September,Marine Tropical Storm,Z,636,YORK RIVER,88636,AKQ,03-SEP-16 02:00:00,EST-5,03-SEP-16 11:00:00,0,0,0,0,0.00K,0.00K,C-MAN Station,NA,NA,NA,NA,NA,NA,NA,NA,NA,NA,NA,NA,NA,NA,NA,NA,NA,NA,NA,NA,NA,"Tropical Storm Hermine moving northeast along the Southeast Coast then off the Mid Atlantic Coast produced tropical storm force winds across portions of the York River from Friday night, September 2nd into Saturday night, September 3rd.",A peak wind gust of 40 knots was measured at Yorktown USCG Station.,CSV
201609,3,930,201609,3,954,110693,661000,ATLANTIC NORTH,88,2016,September,Marine Tropical Storm,Z,652,CHINCOTEAGUE TO PARRAMORE IS VA OUT 20NM,88652,AKQ,03-SEP-16 09:30:00,EST-5,03-SEP-16 09:54:00,0,0,0,0,0.00K,0.00K,C-MAN Station,NA,NA,NA,NA,NA,NA,NA,NA,NA,NA,NA,NA,NA,NA,NA,NA,NA,NA,NA,NA,NA,"Tropical Storm Hermine moving northeast along the Southeast Coast then off the Mid Atlantic Coast produced tropical storm force winds across portions of the Virginia Coastal Waters from Friday night, September 2nd into Saturday night, September 3rd.",The highest sustained wind of 40 knots with a peak wind gust of 47 knots was measured at Wachapreague.,CSV
201609,3,900,201609,3,1000,110694,661001,ATLANTIC NORTH,88,2016,September,Marine Tropical Storm,Z,658,NC-VA BDR TO CURRITUCK BEACH LT OUT 20NM,88658,AKQ,03-SEP-16 09:00:00,EST-5,03-SEP-16 10:00:00,0,0,0,0,0.00K,0.00K,C-MAN Station,NA,NA,NA,NA,NA,NA,NA,NA,NA,NA,NA,NA,NA,NA,NA,NA,NA,NA,NA,NA,NA,"Tropical Storm Hermine moving northeast along the Southeast Coast then off the Mid Atlantic Coast produced tropical storm force winds across portions of the northeast North Carolina Coastal Waters from Friday night, September 2nd into Saturday night, September 3rd.",The highest sustained wind of 63 knots with a peak wind gust of 73 knots was measured at Duck Pier.,CSV
201609,3,100,201609,3,1900,110695,661090,ATLANTIC NORTH,88,2016,September,Marine Tropical Storm,Z,634,"CHESAPEAKE BAY FROM LITTLE CREEK, VA, TO CAPE HENRY, VA, INCLUDING THE CHESAPEAKE BAY BRIDGE TUNNEL",88634,AKQ,03-SEP-16 01:00:00,EST-5,03-SEP-16 19:00:00,0,0,0,0,0.00K,0.00K,C-MAN Station,NA,NA,NA,NA,NA,NA,NA,NA,NA,NA,NA,NA,NA,NA,NA,NA,NA,NA,NA,NA,NA,"Tropical Storm Hermine moving northeast along the Southeast Coast then off the Mid Atlantic Coast produced tropical storm force winds across portions of the Chesapeake Bay from Friday night, September 2nd into Saturday night, September 3rd.",The highest sustained wind of 40 knots with a peak wind gust of 47 knots was measured at the Chesapeake Bay Bridge Tunnel Station (CBBV2). A peak wind gust of 48 knots was measured at the Chesapeake Bay Bridge Tunnel 3rd Island.,CSV
201609,3,100,201609,3,1900,110696,661124,ATLANTIC NORTH,88,2016,September,Marine Tropical Storm,Z,638,JAMES RIVER FROM JAMES RIVER BRIDGE TO HAMPTON ROADS BRIDGE-TUNNEL,88638,AKQ,03-SEP-16 01:00:00,EST-5,03-SEP-16 19:00:00,0,0,0,0,0.00K,0.00K,Buoy,NA,NA,NA,NA,NA,NA,NA,NA,NA,NA,NA,NA,NA,NA,NA,NA,NA,NA,NA,NA,NA,"Tropical Storm Hermine moving northeast along the Southeast Coast then off the Mid Atlantic Coast produced tropical storm force winds across portions of the James River from Friday night, September 2nd into Saturday night, September 3rd.",A peak wind gust of 52 knots was measured at Middle Ground Lighthouse. The highest sustained wind of 39 knots with a peak wind gust of 46 knots was measured at Willoughby Degaussing Station.,CSV
201609,1,1000,201609,2,400,108555,655865,GULF OF MEXICO,85,2016,September,Marine Tropical Storm,Z,750,APALACHICOLA TO DESTIN FL OUT 20NM,85750,TAE,01-SEP-16 10:00:00,EST-5,02-SEP-16 04:00:00,0,0,0,0,0.00K,0.00K,Official NWS Observations,NA,NA,NA,NA,NA,NA,NA,NA,NA,NA,NA,NA,NA,NA,NA,NA,NA,NA,NA,NA,NA,"Hurricane Hermine moved through the northeast Gulf of Mexico in early September, bringing with it both tropical storm and hurricane conditions.  The C-Tower measured a peak gust of 69 knots.",NA,CSV
201609,1,1000,201609,2,400,108555,655866,GULF OF MEXICO,85,2016,September,Marine Tropical Storm,Z,770,APALACHICOLA TO DESTIN FL 20 TO 60NM,85770,TAE,01-SEP-16 10:00:00,EST-5,02-SEP-16 04:00:00,0,0,0,0,0.00K,0.00K,Official NWS Observations,NA,NA,NA,NA,NA,NA,NA,NA,NA,NA,NA,NA,NA,NA,NA,NA,NA,NA,NA,NA,NA,"Hurricane Hermine moved through the northeast Gulf of Mexico in early September, bringing with it both tropical storm and hurricane conditions.  The C-Tower measured a peak gust of 69 knots.",NA,CSV
201609,5,1606,201609,5,1706,110624,660543,ATLANTIC NORTH,88,2016,September,Marine Tropical Storm,Z,236,NARRAGANSETT BAY,88236,BOX,05-SEP-16 16:06:00,EST-5,05-SEP-16 17:06:00,0,0,0,0,0.00K,0.00K,Other Federal Agency,NA,NA,NA,NA,NA,NA,NA,NA,NA,NA,NA,NA,NA,NA,NA,NA,NA,NA,NA,NA,NA,"Hermine was named on August 31st as it intensified to a tropical storm in the Gulf of Mexico. She meandered about in the eastern Gulf of Mexico before moving northeastward across the Florida panhandle, through Georgia and then along the coast of North and South Carolina. She was a hurricane as she made landfall in Florida, then weakened to a tropical storm and finally a tropical depression as she moved off the coast of North Carolina. After moving off the coast of North Carolina, Hermine moved northeast, then north, then west, meandering south of southern New England for several days in early September. ||While classified as a tropical system, Hermine's effects on southern New England were rather minimal. Rainfall added up to less than an inch for most locations and winds were generally below tropical storm force. Because trees were still fully leaved and we had higher wind gusts, there was some wind damage. Storm surge was highest during low tide so we had minimal coastal flooding impacts.",The National Ocean Service's Physical Oceanographic Real Time System at Conimicut Light recorded sustained winds of 34 knots.  No damage was reported.,CSV
201609,5,1400,201609,5,1500,110624,660542,ATLANTIC NORTH,88,2016,September,Marine Tropical Storm,Z,235,RHODE ISLAND SOUND,88235,BOX,05-SEP-16 14:00:00,EST-5,05-SEP-16 15:00:00,0,0,0,0,0.00K,0.00K,Buoy,NA,NA,NA,NA,NA,NA,NA,NA,NA,NA,NA,NA,NA,NA,NA,NA,NA,NA,NA,NA,NA,"Hermine was named on August 31st as it intensified to a tropical storm in the Gulf of Mexico. She meandered about in the eastern Gulf of Mexico before moving northeastward across the Florida panhandle, through Georgia and then along the coast of North and South Carolina. She was a hurricane as she made landfall in Florida, then weakened to a tropical storm and finally a tropical depression as she moved off the coast of North Carolina. After moving off the coast of North Carolina, Hermine moved northeast, then north, then west, meandering south of southern New England for several days in early September. ||While classified as a tropical system, Hermine's effects on southern New England were rather minimal. Rainfall added up to less than an inch for most locations and winds were generally below tropical storm force. Because trees were still fully leaved and we had higher wind gusts, there was some wind damage. Storm surge was highest during low tide so we had minimal coastal flooding impacts.",The Buzzards Bay buoy (BUZM3) recorded sustained winds of 43 knots.  No damage was reported.,CSV
201609,3,900,201609,3,1800,110695,661002,ATLANTIC NORTH,88,2016,September,Marine Tropical Storm,Z,631,CHESAPEAKE BAY WINDMILL PT TO NEW PT COMFORT VA,88631,AKQ,03-SEP-16 09:00:00,EST-5,03-SEP-16 18:00:00,0,0,0,0,0.00K,0.00K,C-MAN Station,NA,NA,NA,NA,NA,NA,NA,NA,NA,NA,NA,NA,NA,NA,NA,NA,NA,NA,NA,NA,NA,"Tropical Storm Hermine moving northeast along the Southeast Coast then off the Mid Atlantic Coast produced tropical storm force winds across portions of the Chesapeake Bay from Friday night, September 2nd into Saturday night, September 3rd.",The highest sustained wind of 38 knots with a peak wind gust of 44 knots was measured at Rappahannock Light. A peak wind gust of 41 knots was measured at Silver Beach. A peak wind gust of 38 knots was measured at Stingray Point.,CSV
201609,3,501,201609,3,1132,110693,660999,ATLANTIC NORTH,88,2016,September,Marine Tropical Storm,Z,656,CP CHARLES LT VA TO NC-VA BDR OUT 20NM,88656,AKQ,03-SEP-16 05:01:00,EST-5,03-SEP-16 11:32:00,0,0,0,0,0.00K,0.00K,C-MAN Station,NA,NA,NA,NA,NA,NA,NA,NA,NA,NA,NA,NA,NA,NA,NA,NA,NA,NA,NA,NA,NA,"Tropical Storm Hermine moving northeast along the Southeast Coast then off the Mid Atlantic Coast produced tropical storm force winds across portions of the Virginia Coastal Waters from Friday night, September 2nd into Saturday night, September 3rd.",The highest sustained wind of 47 knots with a peak wind gust of 58 knots was measured at Cape Henry. A peak wind gust of 63 knots was measured at Chesapeake Light. A peak wind gust of 51 knots was measured at Sandbridge Beach (3 SSE). A peak wind gust of 53 knots was measured at Rudee Inlet.,CSV
201709,19,1130,201709,19,1145,119282,716254,ATLANTIC NORTH,88,2017,September,Marine Tropical Storm,Z,451,MANASQUAN INLET TO LITTLE EGG INLET NJ OUT 20NM,88451,PHI,19-SEP-17 11:30:00,EST-5,19-SEP-17 11:45:00,0,0,0,0,NA,NA,Mesonet,NA,NA,NA,NA,NA,NA,NA,NA,NA,NA,NA,NA,NA,NA,NA,NA,NA,NA,NA,NA,NA,Hurricane Jose meandered offshore for several days. Portions of the offshore waters saw high surf and tropical storm force winds.,Weatherflow sustained 34 knot wind for the 15 minutes.,CSV
201709,19,1220,201709,19,1220,119282,716255,ATLANTIC NORTH,88,2017,September,Marine Tropical Storm,Z,470,SANDY HOOK NJ TO MANASQUAN INLET NJ OUT 20 TO 40 NM,88470,PHI,19-SEP-17 12:20:00,EST-5,19-SEP-17 12:20:00,0,0,0,0,NA,NA,Buoy,NA,NA,NA,NA,NA,NA,NA,NA,NA,NA,NA,NA,NA,NA,NA,NA,NA,NA,NA,NA,NA,Hurricane Jose meandered offshore for several days. Portions of the offshore waters saw high surf and tropical storm force winds.,Buoy 44009 sustained a 34 knot wind.,CSV
201706,20,2000,201706,20,2330,118171,710161,GULF OF MEXICO,85,2017,June,Marine Tropical Storm,Z,632,MISSISSIPPI SOUND,85632,MOB,20-JUN-17 20:00:00,CST-6,20-JUN-17 23:30:00,0,0,0,0,0.00K,0.00K,C-MAN Station,NA,NA,NA,NA,NA,NA,NA,NA,NA,NA,NA,NA,NA,NA,NA,NA,NA,NA,NA,NA,NA,"Tropical Storm Cindy first developed in the central Gulf of Mexico on the afternoon of Tuesday, June 20th and made landfall between Cameron, LA and Port Arthur, TX during the early morning hours of Thursday, June 22nd. Despite the center of the storm being far removed from the north central Gulf Coast, the effects of Cindy extended several hundred miles to the east of the center and impacted the local area starting late Tuesday and persisting through the end of the week.",Katrina Cut recorded sustained winds of 34 knots during this time with a peak gust of 39 knots.,CSV
201709,10,2200,201709,11,2200,119914,719470,GULF OF MEXICO,85,2017,September,Marine Tropical Storm,Z,730,APALACHEE BAY OR COASTAL WATERS FROM KEATON BEACH TO OCHLOCKONEE RIVER FL OUT TO 20 NM,85730,TAE,10-SEP-17 22:00:00,EST-5,11-SEP-17 22:00:00,0,0,0,0,0.00K,0.00K,Official NWS Observations,NA,NA,NA,NA,NA,NA,NA,NA,NA,NA,NA,NA,NA,NA,NA,NA,NA,NA,NA,NA,NA,Hurricane Irma weakened to a tropical storm as it moved northward across the western portions of the Florida peninsula.  The large size of the storm resulted in tropical storm conditions across all of the coastal waters from Destin to the Suwannee River out to 60 nautical miles.,NA,CSV
201709,10,2200,201709,11,2200,119914,719471,GULF OF MEXICO,85,2017,September,Marine Tropical Storm,Z,770,APALACHICOLA TO DESTIN FL 20 TO 60NM,85770,TAE,10-SEP-17 22:00:00,EST-5,11-SEP-17 22:00:00,0,0,0,0,0.00K,0.00K,Official NWS Observations,NA,NA,NA,NA,NA,NA,NA,NA,NA,NA,NA,NA,NA,NA,NA,NA,NA,NA,NA,NA,NA,Hurricane Irma weakened to a tropical storm as it moved northward across the western portions of the Florida peninsula.  The large size of the storm resulted in tropical storm conditions across all of the coastal waters from Destin to the Suwannee River out to 60 nautical miles.,NA,CSV
201709,10,2200,201709,11,2200,119914,719472,GULF OF MEXICO,85,2017,September,Marine Tropical Storm,Z,750,APALACHICOLA TO DESTIN FL OUT 20NM,85750,TAE,10-SEP-17 22:00:00,EST-5,11-SEP-17 22:00:00,0,0,0,0,0.00K,0.00K,Official NWS Observations,NA,NA,NA,NA,NA,NA,NA,NA,NA,NA,NA,NA,NA,NA,NA,NA,NA,NA,NA,NA,NA,Hurricane Irma weakened to a tropical storm as it moved northward across the western portions of the Florida peninsula.  The large size of the storm resulted in tropical storm conditions across all of the coastal waters from Destin to the Suwannee River out to 60 nautical miles.,NA,CSV
201709,10,2200,201709,11,2200,119914,719473,GULF OF MEXICO,85,2017,September,Marine Tropical Storm,Z,755,COASTAL WATERS FROM OCHLOCKONEE RIVER TO APALACHICOLA FL OUT TO 20 NM,85755,TAE,10-SEP-17 22:00:00,EST-5,11-SEP-17 22:00:00,0,0,0,0,0.00K,0.00K,Official NWS Observations,NA,NA,NA,NA,NA,NA,NA,NA,NA,NA,NA,NA,NA,NA,NA,NA,NA,NA,NA,NA,NA,Hurricane Irma weakened to a tropical storm as it moved northward across the western portions of the Florida peninsula.  The large size of the storm resulted in tropical storm conditions across all of the coastal waters from Destin to the Suwannee River out to 60 nautical miles.,NA,CSV
201709,10,2200,201709,11,2200,119914,719474,GULF OF MEXICO,85,2017,September,Marine Tropical Storm,Z,765,COASTAL WATERS FROM SUWANNEE RIVER TO KEATON BEACH OUT TO 20 NM,85765,TAE,10-SEP-17 22:00:00,EST-5,11-SEP-17 22:00:00,0,0,0,0,0.00K,0.00K,Official NWS Observations,NA,NA,NA,NA,NA,NA,NA,NA,NA,NA,NA,NA,NA,NA,NA,NA,NA,NA,NA,NA,NA,Hurricane Irma weakened to a tropical storm as it moved northward across the western portions of the Florida peninsula.  The large size of the storm resulted in tropical storm conditions across all of the coastal waters from Destin to the Suwannee River out to 60 nautical miles.,NA,CSV
201709,10,2200,201709,11,2200,119914,719475,GULF OF MEXICO,85,2017,September,Marine Tropical Storm,Z,775,SUWANNEE R TO APALACHICOLA FL 20 TO 60NM,85775,TAE,10-SEP-17 22:00:00,EST-5,11-SEP-17 22:00:00,0,0,0,0,0.00K,0.00K,Official NWS Observations,NA,NA,NA,NA,NA,NA,NA,NA,NA,NA,NA,NA,NA,NA,NA,NA,NA,NA,NA,NA,NA,Hurricane Irma weakened to a tropical storm as it moved northward across the western portions of the Florida peninsula.  The large size of the storm resulted in tropical storm conditions across all of the coastal waters from Destin to the Suwannee River out to 60 nautical miles.,NA,CSV
201709,21,2050,201709,21,2050,120509,721990,ATLANTIC NORTH,88,2017,September,Marine Tropical Storm,Z,232,NANTUCKET SOUND,88232,BOX,21-SEP-17 20:50:00,EST-5,21-SEP-17 20:50:00,0,0,0,0,0.00K,0.00K,Buoy,NA,NA,NA,NA,NA,NA,NA,NA,NA,NA,NA,NA,NA,NA,NA,NA,NA,NA,NA,NA,NA,"Named storm Jose formed over the Tropical Atlantic, moving west and growing to become a Major Hurricane. Jose passed north of the Leeward Islands, then turned on a northward path north of the Dominican Republic. As he moved north, Jose diminished to a Tropical Storm during Tuesday the 19th and then stalled about 150 miles southeast of Nantucket. The storm then slowly drifted south by Friday the 22nd and started to dissipate. ||Jose brought strong wind gusts and heavy downpours, primarily to the islands and south coasts of Massachusetts. Rainfall reached about 6 inches on Nantucket, wind gusts reached 62 mph at Nantucket and Aquinnah, and storm surge brought minor coastal flooding to parts of Nantucket.","At 850 PM EST, the data buoy in Nantucket Sound recorded a sustained wind of 40 mph.",CSV
201709,21,2059,201709,21,2059,120509,721992,ATLANTIC NORTH,88,2017,September,Marine Tropical Storm,Z,236,NARRAGANSETT BAY,88236,BOX,21-SEP-17 20:59:00,EST-5,21-SEP-17 20:59:00,0,0,0,0,0.00K,0.00K,Mesonet,NA,NA,NA,NA,NA,NA,NA,NA,NA,NA,NA,NA,NA,NA,NA,NA,NA,NA,NA,NA,NA,"Named storm Jose formed over the Tropical Atlantic, moving west and growing to become a Major Hurricane. Jose passed north of the Leeward Islands, then turned on a northward path north of the Dominican Republic. As he moved north, Jose diminished to a Tropical Storm during Tuesday the 19th and then stalled about 150 miles southeast of Nantucket. The storm then slowly drifted south by Friday the 22nd and started to dissipate. ||Jose brought strong wind gusts and heavy downpours, primarily to the islands and south coasts of Massachusetts. Rainfall reached about 6 inches on Nantucket, wind gusts reached 62 mph at Nantucket and Aquinnah, and storm surge brought minor coastal flooding to parts of Nantucket.","At 859 PM EST, the University of Rhode Island marine mesonet measured a sustained wind of 43 mph over Narragansett Bay near Narragansett Rhode Island.",CSV
201709,21,2136,201709,21,2136,120509,721994,ATLANTIC NORTH,88,2017,September,Marine Tropical Storm,Z,236,NARRAGANSETT BAY,88236,BOX,21-SEP-17 21:36:00,EST-5,21-SEP-17 21:36:00,0,0,0,0,0.00K,0.00K,Buoy,NA,NA,NA,NA,NA,NA,NA,NA,NA,NA,NA,NA,NA,NA,NA,NA,NA,NA,NA,NA,NA,"Named storm Jose formed over the Tropical Atlantic, moving west and growing to become a Major Hurricane. Jose passed north of the Leeward Islands, then turned on a northward path north of the Dominican Republic. As he moved north, Jose diminished to a Tropical Storm during Tuesday the 19th and then stalled about 150 miles southeast of Nantucket. The storm then slowly drifted south by Friday the 22nd and started to dissipate. ||Jose brought strong wind gusts and heavy downpours, primarily to the islands and south coasts of Massachusetts. Rainfall reached about 6 inches on Nantucket, wind gusts reached 62 mph at Nantucket and Aquinnah, and storm surge brought minor coastal flooding to parts of Nantucket.","At 936 PM EST, the National Ocean Service buoy near Quonset Point measured a sustained wind of 40 mph.",CSV
201709,22,635,201709,22,635,120509,721995,ATLANTIC NORTH,88,2017,September,Marine Tropical Storm,Z,251,MASSACHUSETTS BAY AND IPSWICH BAY,88251,BOX,22-SEP-17 06:35:00,EST-5,22-SEP-17 06:35:00,0,0,0,0,0.00K,0.00K,Mesonet,NA,NA,NA,NA,NA,NA,NA,NA,NA,NA,NA,NA,NA,NA,NA,NA,NA,NA,NA,NA,NA,"Named storm Jose formed over the Tropical Atlantic, moving west and growing to become a Major Hurricane. Jose passed north of the Leeward Islands, then turned on a northward path north of the Dominican Republic. As he moved north, Jose diminished to a Tropical Storm during Tuesday the 19th and then stalled about 150 miles southeast of Nantucket. The storm then slowly drifted south by Friday the 22nd and started to dissipate. ||Jose brought strong wind gusts and heavy downpours, primarily to the islands and south coasts of Massachusetts. Rainfall reached about 6 inches on Nantucket, wind gusts reached 62 mph at Nantucket and Aquinnah, and storm surge brought minor coastal flooding to parts of Nantucket.","At 635 AM EST on Sept 22, a marine mesonet station one mile east of Duxbury measured a sustained wind of 40 mph.",CSV
201709,21,2124,201709,21,2224,120509,722823,ATLANTIC NORTH,88,2017,September,Marine Tropical Storm,Z,236,NARRAGANSETT BAY,88236,BOX,21-SEP-17 21:24:00,EST-5,21-SEP-17 22:24:00,0,0,0,0,0.00K,0.00K,Mesonet,NA,NA,NA,NA,NA,NA,NA,NA,NA,NA,NA,NA,NA,NA,NA,NA,NA,NA,NA,NA,NA,"Named storm Jose formed over the Tropical Atlantic, moving west and growing to become a Major Hurricane. Jose passed north of the Leeward Islands, then turned on a northward path north of the Dominican Republic. As he moved north, Jose diminished to a Tropical Storm during Tuesday the 19th and then stalled about 150 miles southeast of Nantucket. The storm then slowly drifted south by Friday the 22nd and started to dissipate. ||Jose brought strong wind gusts and heavy downpours, primarily to the islands and south coasts of Massachusetts. Rainfall reached about 6 inches on Nantucket, wind gusts reached 62 mph at Nantucket and Aquinnah, and storm surge brought minor coastal flooding to parts of Nantucket.","At 924 PM EST, the National Ocean Service PORTS buoy near Prudence Island measured a sustained wind of 40 mph.",CSV
201709,21,1340,201709,21,2259,120509,721989,ATLANTIC NORTH,88,2017,September,Marine Tropical Storm,Z,235,RHODE ISLAND SOUND,88235,BOX,21-SEP-17 13:40:00,EST-5,21-SEP-17 22:59:00,0,0,0,0,0.00K,0.00K,C-MAN Station,NA,NA,NA,NA,NA,NA,NA,NA,NA,NA,NA,NA,NA,NA,NA,NA,NA,NA,NA,NA,NA,"Named storm Jose formed over the Tropical Atlantic, moving west and growing to become a Major Hurricane. Jose passed north of the Leeward Islands, then turned on a northward path north of the Dominican Republic. As he moved north, Jose diminished to a Tropical Storm during Tuesday the 19th and then stalled about 150 miles southeast of Nantucket. The storm then slowly drifted south by Friday the 22nd and started to dissipate. ||Jose brought strong wind gusts and heavy downpours, primarily to the islands and south coasts of Massachusetts. Rainfall reached about 6 inches on Nantucket, wind gusts reached 62 mph at Nantucket and Aquinnah, and storm surge brought minor coastal flooding to parts of Nantucket.","At 140 PM EST, the coastal marine station at Buzzards Bay, 6 miles west-southwest of Cuttyhunk, measured a sustained wind of 43 mph. At 1059 PM EST, the same station measured a sustained wind of 53 mph and a gust to 59 mph.",CSV
201709,10,1200,201709,11,1000,119707,720123,ATLANTIC SOUTH,87,2017,September,Marine Tropical Storm,Z,555,SEBASTIAN INLET TO JUPITER INLET 0-20NM,87555,MLB,10-SEP-17 12:00:00,EST-5,11-SEP-17 10:00:00,0,0,0,0,0.00K,0.00K,Buoy,NA,NA,NA,NA,NA,NA,NA,NA,NA,NA,NA,NA,NA,NA,NA,NA,NA,NA,NA,NA,NA,Hurricane Irma moved northward over the western Florida peninsula and produced a long duration of sustained tropical storm force winds with frequent gusts to hurricane force over the Atlantic coastal waters due to its very expansive wind field. These winds drove seas of at least 20 to 25 feet.,"Hurricane Irma moved north near and parallel to the Florida west coast from the afternoon of September 10 through the morning of September 11. The large wind field of the hurricane brought a long duration of sustained tropical storm winds to the coastal waters with frequent gusts to hurricane force, especially within squalls. Seas reached 20 to 25 feet according to the Scripps buoy offshore Ft. Pierce.",CSV
201709,10,1200,201709,11,1000,119707,720124,ATLANTIC SOUTH,87,2017,September,Marine Tropical Storm,Z,575,SEBASTIAN INLET TO JUPITER INLET 20-60NM,87575,MLB,10-SEP-17 12:00:00,EST-5,11-SEP-17 10:00:00,0,0,0,0,0.00K,0.00K,Buoy,NA,NA,NA,NA,NA,NA,NA,NA,NA,NA,NA,NA,NA,NA,NA,NA,NA,NA,NA,NA,NA,Hurricane Irma moved northward over the western Florida peninsula and produced a long duration of sustained tropical storm force winds with frequent gusts to hurricane force over the Atlantic coastal waters due to its very expansive wind field. These winds drove seas of at least 20 to 25 feet.,"Hurricane Irma moved north near and parallel to the Florida west coast from the afternoon of September 10 through the morning of September 11. The large wind field of the hurricane brought a long duration of sustained tropical storm winds to the offshore waters with frequent gusts to hurricane force, especially within squalls. The Scripps buoy just offshore Ft. Pierce measured seas of 20 to 25 feet nearshore. Seas were likely at or above this range across the offshore waters.",CSV
201709,10,1300,201709,11,1000,119707,720125,ATLANTIC SOUTH,87,2017,September,Marine Tropical Storm,Z,552,VOLUSIA-BREVARD COUNTY LINE TO SEBASTIAN INLET 0-20NM,87552,MLB,10-SEP-17 13:00:00,EST-5,11-SEP-17 10:00:00,0,0,0,0,0.00K,0.00K,Buoy,NA,NA,NA,NA,NA,NA,NA,NA,NA,NA,NA,NA,NA,NA,NA,NA,NA,NA,NA,NA,NA,Hurricane Irma moved northward over the western Florida peninsula and produced a long duration of sustained tropical storm force winds with frequent gusts to hurricane force over the Atlantic coastal waters due to its very expansive wind field. These winds drove seas of at least 20 to 25 feet.,"Hurricane Irma moved north near and parallel to the Florida west coast from the afternoon of September 10 through the morning of September 11. The large wind field of the hurricane brought a long duration of sustained tropical storm winds to the offshore waters with frequent gusts to hurricane force, especially within squalls. NOAA buoy 41009, located 20 miles east of Port Canaveral measured a maximum sustained wind of 49 knots with a peak gust to 66 knots at 2150LST on September 10. Seas reached 20 to 25 feet.",CSV
201709,10,1300,201709,11,1000,119707,720126,ATLANTIC SOUTH,87,2017,September,Marine Tropical Storm,Z,572,VOLUSIA-BREVARD COUNTY LINE TO SEBASTIAN INLET 20-60NM,87572,MLB,10-SEP-17 13:00:00,EST-5,11-SEP-17 10:00:00,0,0,0,0,0.00K,0.00K,Buoy,NA,NA,NA,NA,NA,NA,NA,NA,NA,NA,NA,NA,NA,NA,NA,NA,NA,NA,NA,NA,NA,Hurricane Irma moved northward over the western Florida peninsula and produced a long duration of sustained tropical storm force winds with frequent gusts to hurricane force over the Atlantic coastal waters due to its very expansive wind field. These winds drove seas of at least 20 to 25 feet.,"Hurricane Irma moved north near and parallel to the Florida west coast from the afternoon of September 10 through the morning of September 11. The large wind field of the hurricane brought a long duration of sustained tropical storm winds to the offshore waters with frequent gusts to hurricane force, especially within squalls. NOAA buoy 41009, located 20 miles east of Port Canaveral measured a maximum sustained wind of 49 knots with a peak gust to 66 knots at 2150LST on September 10. Seas reached 20 to 25 feet.",CSV
201709,10,1400,201709,11,1200,119707,720127,ATLANTIC SOUTH,87,2017,September,Marine Tropical Storm,Z,550,FLAGLER BEACH TO VOLUSIA-BREVARD COUNTY LINE 0-20NM,87550,MLB,10-SEP-17 14:00:00,EST-5,11-SEP-17 12:00:00,0,0,0,0,0.00K,0.00K,Buoy,NA,NA,NA,NA,NA,NA,NA,NA,NA,NA,NA,NA,NA,NA,NA,NA,NA,NA,NA,NA,NA,Hurricane Irma moved northward over the western Florida peninsula and produced a long duration of sustained tropical storm force winds with frequent gusts to hurricane force over the Atlantic coastal waters due to its very expansive wind field. These winds drove seas of at least 20 to 25 feet.,"Hurricane Irma moved north near and parallel to the Florida west coast from the afternoon of September 10 through the morning of September 11. The large wind field of the hurricane brought a long duration of sustained tropical storm winds to the coastal waters with frequent gusts to hurricane force, especially within squalls. A Scripps buoy just east of Port Canaveral measured seas up to 17 feet.",CSV
201709,10,1400,201709,11,1200,119707,720128,ATLANTIC SOUTH,87,2017,September,Marine Tropical Storm,Z,570,FLAGLER BEACH TO VOLUSIA-BREVARD COUNTY LINE 20-60NM,87570,MLB,10-SEP-17 14:00:00,EST-5,11-SEP-17 12:00:00,0,0,0,0,0.00K,0.00K,Buoy,NA,NA,NA,NA,NA,NA,NA,NA,NA,NA,NA,NA,NA,NA,NA,NA,NA,NA,NA,NA,NA,Hurricane Irma moved northward over the western Florida peninsula and produced a long duration of sustained tropical storm force winds with frequent gusts to hurricane force over the Atlantic coastal waters due to its very expansive wind field. These winds drove seas of at least 20 to 25 feet.,"Hurricane Irma moved north near and parallel to the Florida west coast from the afternoon of September 10 through the morning of September 11. The large wind field of the hurricane brought a long duration of sustained tropical storm winds to the offshore waters with frequent gusts to hurricane force, especially within squalls. A Scripps buoy just east of Port Canaveral measured seas up to 17 feet and NOAA buoy 41009 located 20 miles offshore Port Canaveral measured seas of 20 to 25 feet. Similar seas likely occurred across the waters farther offshore the Volusia County coast.",CSV
201709,19,1403,201709,19,1405,119282,716256,ATLANTIC NORTH,88,2017,September,Marine Tropical Storm,Z,451,MANASQUAN INLET TO LITTLE EGG INLET NJ OUT 20NM,88451,PHI,19-SEP-17 14:03:00,EST-5,19-SEP-17 14:05:00,0,0,0,0,NA,NA,Mesonet,NA,NA,NA,NA,NA,NA,NA,NA,NA,NA,NA,NA,NA,NA,NA,NA,NA,NA,NA,NA,NA,Hurricane Jose meandered offshore for several days. Portions of the offshore waters saw high surf and tropical storm force winds.,Two Weatherflow stations between 3:03 and 3:05 pm reported sustained winds of 34 knots at Ship Bottom and Kite Island.,CSV
201710,7,1300,201710,8,1000,119937,718810,GULF OF MEXICO,85,2017,October,Marine Tropical Storm,Z,750,APALACHICOLA TO DESTIN FL OUT 20NM,85750,TAE,07-OCT-17 13:00:00,EST-5,08-OCT-17 10:00:00,0,0,0,0,0.00K,0.00K,Official NWS Observations,NA,NA,NA,NA,NA,NA,NA,NA,NA,NA,NA,NA,NA,NA,NA,NA,NA,NA,NA,NA,NA,Hurricane Nate affected the coastal waters west of Apalachicola with tropical storm force winds during the October 7-8 period.,NA,CSV
201710,7,1300,201710,8,1000,119937,718811,GULF OF MEXICO,85,2017,October,Marine Tropical Storm,Z,770,APALACHICOLA TO DESTIN FL 20 TO 60NM,85770,TAE,07-OCT-17 13:00:00,EST-5,08-OCT-17 10:00:00,0,0,0,0,0.00K,0.00K,Official NWS Observations,NA,NA,NA,NA,NA,NA,NA,NA,NA,NA,NA,NA,NA,NA,NA,NA,NA,NA,NA,NA,NA,Hurricane Nate affected the coastal waters west of Apalachicola with tropical storm force winds during the October 7-8 period.,NA,CSV
201710,28,2055,201710,28,2100,121238,725806,GULF OF MEXICO,85,2017,October,Marine Tropical Storm,Z,42,HAWK CHANNEL FROM OCEAN REEF TO CRAIG KEY OUT TO THE REEF,85042,KEY,28-OCT-17 20:55:00,EST-5,28-OCT-17 21:00:00,0,0,0,0,0.00K,0.00K,C-MAN Station,NA,NA,NA,NA,NA,NA,NA,NA,NA,NA,NA,NA,NA,NA,NA,NA,NA,NA,NA,NA,NA,"Tropical Storm Philippe produced a brief spell of tropical-storm force wind gusts along the Reef offshore the Upper Florida Keys.  In spite of a complex circulation centroid over the western Straits of Florida, direct impacts from Philippe were limited to a wind band located well-removed over the eastern Straits of Florida.   No coastal flooding or rainfall flooding was observed.","Tropical storm-force wind gusts peaking at 44 knots, or 51 mph, were observed from the Molasses Reef Light C-MAN station as the general center of circulation of Tropical Storm Philippe passed to the west of the Florida Keys.  The duration was brief, about 5 minutes, and associated with a rain-band well to the east of the circulation center.",CSV
201710,28,2200,201710,29,100,120991,724216,ATLANTIC SOUTH,87,2017,October,Marine Tropical Storm,Z,651,DEERFIELD BEACH TO OCEAN REEF FL,87651,MFL,28-OCT-17 22:00:00,EST-5,29-OCT-17 01:00:00,0,0,0,0,NA,NA,Mesonet,NA,NA,NA,NA,NA,NA,NA,NA,NA,NA,NA,NA,NA,NA,NA,NA,NA,NA,NA,NA,NA,"Tropical Storm Philippe was a very disorganized storm as it moved across the Florida Straits on October 28th, making landfall in extreme South Florida along the Florida Bay on October 29th as a minimal tropical storm. ||The storm lead to hazardous marine conditions on the local Atlantic waters as it crossed the region.","Tropical Storm Philippe produced maximum sustained winds generally between 30 and 40 knots (35 and 45 mph) across the nearshore Atlantic waters of Broward and Miami-Dade counties for around 3 hours during the late evening hours of October 28th. A highest sustained wind of 40 knots (46 mph) and peak gust of 54 knots (62 mph) was measured at C-MAN station FWFY1, located at Fowey Rocks shortly after 11 PM EDT. This site is significantly elevated at 144 feet. Other sites in the vicinity measured peak gusts of 40 to 50 mph.",CSV
201710,7,1700,201710,8,500,121084,724850,GULF OF MEXICO,85,2017,October,Marine Tropical Storm,Z,635,CHOCTAWHATCHEE BAY,85635,MOB,07-OCT-17 17:00:00,CST-6,08-OCT-17 05:00:00,0,0,0,0,0.00K,0.00K,Official NWS Observations,NA,NA,NA,NA,NA,NA,NA,NA,NA,NA,NA,NA,NA,NA,NA,NA,NA,NA,NA,NA,NA,"Hurricane Nate quickly moved north northwest out of the northwest Caribbean Sea and across the Gulf of Mexico, making landfall near Biloxi, MS just after midnight on October 8th as a Category 1 hurricane with maximum winds of 85 mph. Nate quickly weakened as it moved inland across inland southeast Mississippi and southwest Alabama and was downgraded to a tropical depression over central Alabama by 10am CDT on October 8th. ||A sustained period of tropical storm force winds were experienced across the Alabama and Florida Gulf waters, as well as the bays and sounds, during the evening of October 7th and the early morning hours of October 8th. ||The highest winds measured occurred at Middle Bay Light and Katrina Cut, which measured peak sustained winds of 47 knots. Sustained winds of 34 to 40 knots were recorded at several marine stations, including as far east as western Chotawhatchee Bay. The buoy 12 miles south of Orange Beach, AL measured a peak sustained wind of 39 knots with a gust to 47 knots.",NA,CSV
201710,7,1700,201710,8,500,121084,724851,GULF OF MEXICO,85,2017,October,Marine Tropical Storm,Z,655,COASTAL WATERS FROM DESTIN FL TO PENSACOLA FL OUT 20 NM,85655,MOB,07-OCT-17 17:00:00,CST-6,08-OCT-17 05:00:00,0,0,0,0,0.00K,0.00K,Official NWS Observations,NA,NA,NA,NA,NA,NA,NA,NA,NA,NA,NA,NA,NA,NA,NA,NA,NA,NA,NA,NA,NA,"Hurricane Nate quickly moved north northwest out of the northwest Caribbean Sea and across the Gulf of Mexico, making landfall near Biloxi, MS just after midnight on October 8th as a Category 1 hurricane with maximum winds of 85 mph. Nate quickly weakened as it moved inland across inland southeast Mississippi and southwest Alabama and was downgraded to a tropical depression over central Alabama by 10am CDT on October 8th. ||A sustained period of tropical storm force winds were experienced across the Alabama and Florida Gulf waters, as well as the bays and sounds, during the evening of October 7th and the early morning hours of October 8th. ||The highest winds measured occurred at Middle Bay Light and Katrina Cut, which measured peak sustained winds of 47 knots. Sustained winds of 34 to 40 knots were recorded at several marine stations, including as far east as western Chotawhatchee Bay. The buoy 12 miles south of Orange Beach, AL measured a peak sustained wind of 39 knots with a gust to 47 knots.",NA,CSV
201710,7,1700,201710,8,500,121084,724852,GULF OF MEXICO,85,2017,October,Marine Tropical Storm,Z,650,COASTAL WATERS FROM PENSACOLA FL TO PASCAGOULA MS OUT 20 NM,85650,MOB,07-OCT-17 17:00:00,CST-6,08-OCT-17 05:00:00,0,0,0,0,0.00K,0.00K,Official NWS Observations,NA,NA,NA,NA,NA,NA,NA,NA,NA,NA,NA,NA,NA,NA,NA,NA,NA,NA,NA,NA,NA,"Hurricane Nate quickly moved north northwest out of the northwest Caribbean Sea and across the Gulf of Mexico, making landfall near Biloxi, MS just after midnight on October 8th as a Category 1 hurricane with maximum winds of 85 mph. Nate quickly weakened as it moved inland across inland southeast Mississippi and southwest Alabama and was downgraded to a tropical depression over central Alabama by 10am CDT on October 8th. ||A sustained period of tropical storm force winds were experienced across the Alabama and Florida Gulf waters, as well as the bays and sounds, during the evening of October 7th and the early morning hours of October 8th. ||The highest winds measured occurred at Middle Bay Light and Katrina Cut, which measured peak sustained winds of 47 knots. Sustained winds of 34 to 40 knots were recorded at several marine stations, including as far east as western Chotawhatchee Bay. The buoy 12 miles south of Orange Beach, AL measured a peak sustained wind of 39 knots with a gust to 47 knots.",NA,CSV
201710,7,1700,201710,8,500,121084,724846,GULF OF MEXICO,85,2017,October,Marine Tropical Storm,Z,630,NORTH MOBILE BAY,85630,MOB,07-OCT-17 17:00:00,CST-6,08-OCT-17 05:00:00,0,0,0,0,0.00K,0.00K,Official NWS Observations,NA,NA,NA,NA,NA,NA,NA,NA,NA,NA,NA,NA,NA,NA,NA,NA,NA,NA,NA,NA,NA,"Hurricane Nate quickly moved north northwest out of the northwest Caribbean Sea and across the Gulf of Mexico, making landfall near Biloxi, MS just after midnight on October 8th as a Category 1 hurricane with maximum winds of 85 mph. Nate quickly weakened as it moved inland across inland southeast Mississippi and southwest Alabama and was downgraded to a tropical depression over central Alabama by 10am CDT on October 8th. ||A sustained period of tropical storm force winds were experienced across the Alabama and Florida Gulf waters, as well as the bays and sounds, during the evening of October 7th and the early morning hours of October 8th. ||The highest winds measured occurred at Middle Bay Light and Katrina Cut, which measured peak sustained winds of 47 knots. Sustained winds of 34 to 40 knots were recorded at several marine stations, including as far east as western Chotawhatchee Bay. The buoy 12 miles south of Orange Beach, AL measured a peak sustained wind of 39 knots with a gust to 47 knots.",NA,CSV
201710,7,1700,201710,8,500,121084,724847,GULF OF MEXICO,85,2017,October,Marine Tropical Storm,Z,631,SOUTH MOBILE BAY,85631,MOB,07-OCT-17 17:00:00,CST-6,08-OCT-17 05:00:00,0,0,0,0,0.00K,0.00K,Official NWS Observations,NA,NA,NA,NA,NA,NA,NA,NA,NA,NA,NA,NA,NA,NA,NA,NA,NA,NA,NA,NA,NA,"Hurricane Nate quickly moved north northwest out of the northwest Caribbean Sea and across the Gulf of Mexico, making landfall near Biloxi, MS just after midnight on October 8th as a Category 1 hurricane with maximum winds of 85 mph. Nate quickly weakened as it moved inland across inland southeast Mississippi and southwest Alabama and was downgraded to a tropical depression over central Alabama by 10am CDT on October 8th. ||A sustained period of tropical storm force winds were experienced across the Alabama and Florida Gulf waters, as well as the bays and sounds, during the evening of October 7th and the early morning hours of October 8th. ||The highest winds measured occurred at Middle Bay Light and Katrina Cut, which measured peak sustained winds of 47 knots. Sustained winds of 34 to 40 knots were recorded at several marine stations, including as far east as western Chotawhatchee Bay. The buoy 12 miles south of Orange Beach, AL measured a peak sustained wind of 39 knots with a gust to 47 knots.",NA,CSV
201710,7,1700,201710,8,500,121084,724849,GULF OF MEXICO,85,2017,October,Marine Tropical Storm,Z,634,PENSACOLA BAY AREA INCLUDING SANTA ROSA SOUND,85634,MOB,07-OCT-17 17:00:00,CST-6,08-OCT-17 05:00:00,0,0,0,0,0.00K,0.00K,Official NWS Observations,NA,NA,NA,NA,NA,NA,NA,NA,NA,NA,NA,NA,NA,NA,NA,NA,NA,NA,NA,NA,NA,"Hurricane Nate quickly moved north northwest out of the northwest Caribbean Sea and across the Gulf of Mexico, making landfall near Biloxi, MS just after midnight on October 8th as a Category 1 hurricane with maximum winds of 85 mph. Nate quickly weakened as it moved inland across inland southeast Mississippi and southwest Alabama and was downgraded to a tropical depression over central Alabama by 10am CDT on October 8th. ||A sustained period of tropical storm force winds were experienced across the Alabama and Florida Gulf waters, as well as the bays and sounds, during the evening of October 7th and the early morning hours of October 8th. ||The highest winds measured occurred at Middle Bay Light and Katrina Cut, which measured peak sustained winds of 47 knots. Sustained winds of 34 to 40 knots were recorded at several marine stations, including as far east as western Chotawhatchee Bay. The buoy 12 miles south of Orange Beach, AL measured a peak sustained wind of 39 knots with a gust to 47 knots.",NA,CSV
201710,7,1700,201710,8,500,121084,724848,GULF OF MEXICO,85,2017,October,Marine Tropical Storm,Z,633,PERDIDO BAY AREA,85633,MOB,07-OCT-17 17:00:00,CST-6,08-OCT-17 05:00:00,0,0,0,0,0.00K,0.00K,Official NWS Observations,NA,NA,NA,NA,NA,NA,NA,NA,NA,NA,NA,NA,NA,NA,NA,NA,NA,NA,NA,NA,NA,"Hurricane Nate quickly moved north northwest out of the northwest Caribbean Sea and across the Gulf of Mexico, making landfall near Biloxi, MS just after midnight on October 8th as a Category 1 hurricane with maximum winds of 85 mph. Nate quickly weakened as it moved inland across inland southeast Mississippi and southwest Alabama and was downgraded to a tropical depression over central Alabama by 10am CDT on October 8th. ||A sustained period of tropical storm force winds were experienced across the Alabama and Florida Gulf waters, as well as the bays and sounds, during the evening of October 7th and the early morning hours of October 8th. ||The highest winds measured occurred at Middle Bay Light and Katrina Cut, which measured peak sustained winds of 47 knots. Sustained winds of 34 to 40 knots were recorded at several marine stations, including as far east as western Chotawhatchee Bay. The buoy 12 miles south of Orange Beach, AL measured a peak sustained wind of 39 knots with a gust to 47 knots.",NA,CSV
201710,7,1700,201710,8,500,121084,724853,GULF OF MEXICO,85,2017,October,Marine Tropical Storm,Z,675,WATERS FROM DESTIN FL TO PENSACOLA FL FROM 20 TO 60 NM,85675,MOB,07-OCT-17 17:00:00,CST-6,08-OCT-17 05:00:00,0,0,0,0,0.00K,0.00K,Official NWS Observations,NA,NA,NA,NA,NA,NA,NA,NA,NA,NA,NA,NA,NA,NA,NA,NA,NA,NA,NA,NA,NA,"Hurricane Nate quickly moved north northwest out of the northwest Caribbean Sea and across the Gulf of Mexico, making landfall near Biloxi, MS just after midnight on October 8th as a Category 1 hurricane with maximum winds of 85 mph. Nate quickly weakened as it moved inland across inland southeast Mississippi and southwest Alabama and was downgraded to a tropical depression over central Alabama by 10am CDT on October 8th. ||A sustained period of tropical storm force winds were experienced across the Alabama and Florida Gulf waters, as well as the bays and sounds, during the evening of October 7th and the early morning hours of October 8th. ||The highest winds measured occurred at Middle Bay Light and Katrina Cut, which measured peak sustained winds of 47 knots. Sustained winds of 34 to 40 knots were recorded at several marine stations, including as far east as western Chotawhatchee Bay. The buoy 12 miles south of Orange Beach, AL measured a peak sustained wind of 39 knots with a gust to 47 knots.",NA,CSV
201710,7,1700,201710,8,500,121084,724854,GULF OF MEXICO,85,2017,October,Marine Tropical Storm,Z,670,WATERS FROM PENSACOLA FL TO PASCAGOULA MS FROM 20 TO 60 NM,85670,MOB,07-OCT-17 17:00:00,CST-6,08-OCT-17 05:00:00,0,0,0,0,0.00K,0.00K,Official NWS Observations,NA,NA,NA,NA,NA,NA,NA,NA,NA,NA,NA,NA,NA,NA,NA,NA,NA,NA,NA,NA,NA,"Hurricane Nate quickly moved north northwest out of the northwest Caribbean Sea and across the Gulf of Mexico, making landfall near Biloxi, MS just after midnight on October 8th as a Category 1 hurricane with maximum winds of 85 mph. Nate quickly weakened as it moved inland across inland southeast Mississippi and southwest Alabama and was downgraded to a tropical depression over central Alabama by 10am CDT on October 8th. ||A sustained period of tropical storm force winds were experienced across the Alabama and Florida Gulf waters, as well as the bays and sounds, during the evening of October 7th and the early morning hours of October 8th. ||The highest winds measured occurred at Middle Bay Light and Katrina Cut, which measured peak sustained winds of 47 knots. Sustained winds of 34 to 40 knots were recorded at several marine stations, including as far east as western Chotawhatchee Bay. The buoy 12 miles south of Orange Beach, AL measured a peak sustained wind of 39 knots with a gust to 47 knots.",NA,CSV
201710,7,1700,201710,8,500,121084,724845,GULF OF MEXICO,85,2017,October,Marine Tropical Storm,Z,632,MISSISSIPPI SOUND,85632,MOB,07-OCT-17 17:00:00,CST-6,08-OCT-17 05:00:00,0,0,0,0,0.00K,0.00K,Official NWS Observations,NA,NA,NA,NA,NA,NA,NA,NA,NA,NA,NA,NA,NA,NA,NA,NA,NA,NA,NA,NA,NA,"Hurricane Nate quickly moved north northwest out of the northwest Caribbean Sea and across the Gulf of Mexico, making landfall near Biloxi, MS just after midnight on October 8th as a Category 1 hurricane with maximum winds of 85 mph. Nate quickly weakened as it moved inland across inland southeast Mississippi and southwest Alabama and was downgraded to a tropical depression over central Alabama by 10am CDT on October 8th. ||A sustained period of tropical storm force winds were experienced across the Alabama and Florida Gulf waters, as well as the bays and sounds, during the evening of October 7th and the early morning hours of October 8th. ||The highest winds measured occurred at Middle Bay Light and Katrina Cut, which measured peak sustained winds of 47 knots. Sustained winds of 34 to 40 knots were recorded at several marine stations, including as far east as western Chotawhatchee Bay. The buoy 12 miles south of Orange Beach, AL measured a peak sustained wind of 39 knots with a gust to 47 knots.",NA,CSV
201708,29,700,201708,30,500,120167,720015,GULF OF MEXICO,85,2017,August,Marine Tropical Storm,Z,452,COASTAL WATERS FROM INTRACOASTAL CITY TO CAMERON LA OUT 20 NM,85452,LCH,29-AUG-17 07:00:00,CST-6,30-AUG-17 05:00:00,0,0,0,0,0.00K,0.00K,C-MAN Station,NA,NA,NA,NA,NA,NA,NA,NA,NA,NA,NA,NA,NA,NA,NA,NA,NA,NA,NA,NA,NA,As Tropical Harvey moved across the gulf winds increased. Minimal Tropical Storm conditions were observed.,Winds along the Cameron Parish coast winds were generally sustained  right at or slightly below tropical storm strength. The highest sustained wind reported was 33 knots at Cameron with a peak gust of 44 knots.,CSV
201708,30,300,201708,30,1000,120167,720184,GULF OF MEXICO,85,2017,August,Marine Tropical Storm,Z,475,ATCHAFALAYA R TO INTRACOASTAL CITY LA 20 TO 60NM,85475,LCH,30-AUG-17 03:00:00,CST-6,30-AUG-17 10:00:00,0,0,0,0,0.00K,0.00K,AWOS,NA,NA,NA,NA,NA,NA,NA,NA,NA,NA,NA,NA,NA,NA,NA,NA,NA,NA,NA,NA,NA,As Tropical Harvey moved across the gulf winds increased. Minimal Tropical Storm conditions were observed.,A sustained wind of 34 knots with a peak gust of 41 knots was reported by KEIR AWOS.,CSV
201708,29,400,201708,30,400,120167,720014,GULF OF MEXICO,85,2017,August,Marine Tropical Storm,Z,450,COASTAL WATERS FROM CAMERON LA TO HIGH ISLAND TX OUT 20 NM,85450,LCH,29-AUG-17 04:00:00,CST-6,30-AUG-17 04:00:00,0,0,0,0,0.00K,0.00K,C-MAN Station,NA,NA,NA,NA,NA,NA,NA,NA,NA,NA,NA,NA,NA,NA,NA,NA,NA,NA,NA,NA,NA,As Tropical Harvey moved across the gulf winds increased. Minimal Tropical Storm conditions were observed.,Multiple observations along the coast of Jefferson County recorded sustained winds of 33 to 42 knots with wind gusts ranging from 36 to 52 knots. The highest wind gust was recorded at Texas Point (TXPT2). Along the Cameron Parish coast winds were slightly less. The highest sustained wind reported was 33 knots at Cameron with a peak gust of 44 knots.,CSV
201709,9,0,201709,11,0,120708,723017,ATLANTIC SOUTH,87,2017,September,Marine Tropical Storm,Z,651,DEERFIELD BEACH TO OCEAN REEF FL,87651,MFL,09-SEP-17 00:00:00,EST-5,11-SEP-17 00:00:00,0,0,0,0,NA,NA,Mesonet,NA,NA,NA,NA,NA,NA,NA,NA,NA,NA,NA,NA,NA,NA,NA,NA,NA,NA,NA,NA,NA,"Major Hurricane Irma made landfall in southwest Florida on Marco Island as a category 3 hurricane in the afternoon on September 10th. The storm traveled north through southwest Florida through the morning on September 11th. Effects from Irma were felt across South Florida from September 9th through September 11th. Irma had reached a Category 5 strength and a minimum central pressure of 914mb before weakening before landfall.||The strength and size of Hurricane Irma allowed the effects to expand across all of South Florida waters. The wind, waves, surge created dangerous life-threatening marine conditions.",Multiple mesonet stations reported tropical storm force sustained winds between 55 to 70 knots in the nearshore Atlantic waters. Stations also had hurricane force wind gust.,CSV
201709,9,0,201709,11,0,120708,723018,ATLANTIC SOUTH,87,2017,September,Marine Tropical Storm,Z,671,DEERFIELD BEACH TO OCEAN REEF FL 20 TO 60NM,87671,MFL,09-SEP-17 00:00:00,EST-5,11-SEP-17 00:00:00,0,0,0,0,NA,NA,Official NWS Observations,NA,NA,NA,NA,NA,NA,NA,NA,NA,NA,NA,NA,NA,NA,NA,NA,NA,NA,NA,NA,NA,"Major Hurricane Irma made landfall in southwest Florida on Marco Island as a category 3 hurricane in the afternoon on September 10th. The storm traveled north through southwest Florida through the morning on September 11th. Effects from Irma were felt across South Florida from September 9th through September 11th. Irma had reached a Category 5 strength and a minimum central pressure of 914mb before weakening before landfall.||The strength and size of Hurricane Irma allowed the effects to expand across all of South Florida waters. The wind, waves, surge created dangerous life-threatening marine conditions.",Satellite and radar velocity data support tropical storm force sustained winds between 50 to 70 knots in offshore Atlantic waters.,CSV
201709,9,0,201709,11,0,120708,723019,ATLANTIC SOUTH,87,2017,September,Marine Tropical Storm,Z,670,JUPITER INLET TO DEERFIELD BEACH FL 20 TO 60NM,87670,MFL,09-SEP-17 00:00:00,EST-5,11-SEP-17 00:00:00,0,0,0,0,NA,NA,Official NWS Observations,NA,NA,NA,NA,NA,NA,NA,NA,NA,NA,NA,NA,NA,NA,NA,NA,NA,NA,NA,NA,NA,"Major Hurricane Irma made landfall in southwest Florida on Marco Island as a category 3 hurricane in the afternoon on September 10th. The storm traveled north through southwest Florida through the morning on September 11th. Effects from Irma were felt across South Florida from September 9th through September 11th. Irma had reached a Category 5 strength and a minimum central pressure of 914mb before weakening before landfall.||The strength and size of Hurricane Irma allowed the effects to expand across all of South Florida waters. The wind, waves, surge created dangerous life-threatening marine conditions.",Satellite and radar velocity data support tropical storm force sustained winds between 50 to 60 knots in offshore Atlantic waters.,CSV
201709,9,0,201709,11,0,120708,723020,ATLANTIC SOUTH,87,2017,September,Marine Tropical Storm,Z,650,JUPITER INLET TO DEERFIELD BEACH FL OUT 20NM,87650,MFL,09-SEP-17 00:00:00,EST-5,11-SEP-17 00:00:00,0,0,0,0,0.00K,0.00K,Mesonet,NA,NA,NA,NA,NA,NA,NA,NA,NA,NA,NA,NA,NA,NA,NA,NA,NA,NA,NA,NA,NA,"Major Hurricane Irma made landfall in southwest Florida on Marco Island as a category 3 hurricane in the afternoon on September 10th. The storm traveled north through southwest Florida through the morning on September 11th. Effects from Irma were felt across South Florida from September 9th through September 11th. Irma had reached a Category 5 strength and a minimum central pressure of 914mb before weakening before landfall.||The strength and size of Hurricane Irma allowed the effects to expand across all of South Florida waters. The wind, waves, surge created dangerous life-threatening marine conditions.",Multiple mesonet stations reported tropical storm force sustained winds between 45 to 60 knots in nearshore Atlantic waters offshore Palm Beach County. Stations also had frequent hurricane force gusts.,CSV
201709,9,0,201709,11,0,120708,723016,ATLANTIC SOUTH,87,2017,September,Marine Tropical Storm,Z,630,BISCAYNE BAY,87630,MFL,09-SEP-17 00:00:00,EST-5,11-SEP-17 00:00:00,0,0,0,0,NA,NA,Mesonet,NA,NA,NA,NA,NA,NA,NA,NA,NA,NA,NA,NA,NA,NA,NA,NA,NA,NA,NA,NA,NA,"Major Hurricane Irma made landfall in southwest Florida on Marco Island as a category 3 hurricane in the afternoon on September 10th. The storm traveled north through southwest Florida through the morning on September 11th. Effects from Irma were felt across South Florida from September 9th through September 11th. Irma had reached a Category 5 strength and a minimum central pressure of 914mb before weakening before landfall.||The strength and size of Hurricane Irma allowed the effects to expand across all of South Florida waters. The wind, waves, surge created dangerous life-threatening marine conditions.",Multiple mesonet stations reported tropical storm force sustained winds between 50 to 60 knots in Biscayne Bay. Stations also had hurricane force wind gust.,CSV
201709,9,0,201709,11,0,120708,723021,ATLANTIC SOUTH,87,2017,September,Marine Tropical Storm,Z,610,LAKE OKEECHOBEE,87610,MFL,09-SEP-17 00:00:00,EST-5,11-SEP-17 00:00:00,0,0,0,0,0.00K,0.00K,Mesonet,NA,NA,NA,NA,NA,NA,NA,NA,NA,NA,NA,NA,NA,NA,NA,NA,NA,NA,NA,NA,NA,"Major Hurricane Irma made landfall in southwest Florida on Marco Island as a category 3 hurricane in the afternoon on September 10th. The storm traveled north through southwest Florida through the morning on September 11th. Effects from Irma were felt across South Florida from September 9th through September 11th. Irma had reached a Category 5 strength and a minimum central pressure of 914mb before weakening before landfall.||The strength and size of Hurricane Irma allowed the effects to expand across all of South Florida waters. The wind, waves, surge created dangerous life-threatening marine conditions.",Multiple mesonet stations reported tropical storm force sustained winds between 50 to 65 knots on Lake Okeechobee.,CSV
201706,20,900,201706,20,2200,118837,715564,GULF OF MEXICO,85,2017,June,Marine Tropical Storm,Z,550,COASTAL WATERS FROM PORT FOURCHON LOUISIANA TO LOWER ATCHAFALAYA RIVER LOUISIANA OUT 20 NM,85550,LIX,20-JUN-17 09:00:00,CST-6,20-JUN-17 22:00:00,0,0,0,0,0.00K,0.00K,AWOS,NA,NA,NA,NA,NA,NA,NA,NA,NA,NA,NA,NA,NA,NA,NA,NA,NA,NA,NA,NA,NA,"Tropical Storm Cindy developed over the central Gulf of Mexico on June 20th and moved generally northwest for the next few days before making landfall in southwest Louisiana near the Louisiana and Texas state line. ||Cindy was an asymmetric system as it moved through the central Gulf toward southwest Louisiana, resulting widespread tropical storm force winds across the Gulf waters of southeast Louisiana and Mississippi.||The minimum sea level pressure in the coastal waters of Southeast Louisiana and Mississippi (1002.1 mb) was recorded by the Louisiana Offshore Oil Port site at 5:34 pm CST on the 20th, though that barometer is about 40 meters above sea level. The Grand Isle Blocks site which is owned and maintained by Louisiana State University, reported a minimum sea level pressure of 1003.4 mb at 6pm CST on the 21st. That site's barometer is only 3 meters above sea level. ||Frequent tropical storm force wind gusts were recorded throughout the coastal waters, with occasional reports of sustained tropical storm force winds.  The anemometer at the Louisiana Offshore Oil Port recorded the area's highest sustained wind and wind gust, though the anemometer at that site is nearly 60 meters above sea level. The maximum gust reported was 57 kts, or 66 mph, at 3:34pm CST on the 20th.  The maximum sustained wind reported was 46 kts, or 53 mph, at 4:34 pm CST on the 20th.||The highest sustained wind and wind gust reported by a station with an anemometer at the standard height of 10 meters above sea level were recorded by the Grand Isle Blocks site.  Here, the maximum recorded gust was 55 kts, or 63 mph, at 6pm CST on the 21st.  The maximum sustained wind was 43 kts, or 49 mph, also at 6pm CST on the 21st.","Frequent tropical storm force gusts and occasional sustained tropical storm force winds were common across the marine zone. A maximum wind gust of 43 kts, or 50 mph, was measured by the South Timbalier Block station (SPLL1) at 12pm CST on the 20th. A maximum sustained wind of 50 kts, or 58 mph, was also measured at 12pm CST on the 20th.",CSV
201706,20,900,201706,20,2200,118837,715566,GULF OF MEXICO,85,2017,June,Marine Tropical Storm,Z,552,COASTAL WATERS FROM SOUTHWEST PASS OF THE MISSISSIPPI RIVER TO PORT FOURCHON LOUISIANA OUT 20 NM,85552,LIX,20-JUN-17 09:00:00,CST-6,20-JUN-17 22:00:00,0,0,0,0,0.00K,0.00K,C-MAN Station,NA,NA,NA,NA,NA,NA,NA,NA,NA,NA,NA,NA,NA,NA,NA,NA,NA,NA,NA,NA,NA,"Tropical Storm Cindy developed over the central Gulf of Mexico on June 20th and moved generally northwest for the next few days before making landfall in southwest Louisiana near the Louisiana and Texas state line. ||Cindy was an asymmetric system as it moved through the central Gulf toward southwest Louisiana, resulting widespread tropical storm force winds across the Gulf waters of southeast Louisiana and Mississippi.||The minimum sea level pressure in the coastal waters of Southeast Louisiana and Mississippi (1002.1 mb) was recorded by the Louisiana Offshore Oil Port site at 5:34 pm CST on the 20th, though that barometer is about 40 meters above sea level. The Grand Isle Blocks site which is owned and maintained by Louisiana State University, reported a minimum sea level pressure of 1003.4 mb at 6pm CST on the 21st. That site's barometer is only 3 meters above sea level. ||Frequent tropical storm force wind gusts were recorded throughout the coastal waters, with occasional reports of sustained tropical storm force winds.  The anemometer at the Louisiana Offshore Oil Port recorded the area's highest sustained wind and wind gust, though the anemometer at that site is nearly 60 meters above sea level. The maximum gust reported was 57 kts, or 66 mph, at 3:34pm CST on the 20th.  The maximum sustained wind reported was 46 kts, or 53 mph, at 4:34 pm CST on the 20th.||The highest sustained wind and wind gust reported by a station with an anemometer at the standard height of 10 meters above sea level were recorded by the Grand Isle Blocks site.  Here, the maximum recorded gust was 55 kts, or 63 mph, at 6pm CST on the 21st.  The maximum sustained wind was 43 kts, or 49 mph, also at 6pm CST on the 21st.","Frequent tropical storm force gusts and occasional sustained tropical storm force winds were common across the marine zone.  A maximum gust of 47 kts, or 54 mph, was reported by the Southwest Pass C-Man station (BURL1) at 12:00pm CST on the 20th. The same station reported a maximum sustained wind of 41 kts, or 47 mph at the same time. The anemometer for this station is approximately 38 meters above sea level. The Grand Isle C-Man (GISL1), which has an anemometer height of just 6.6 meters above sea level, reported a maximum gust of 43 kts, or 49 mph, at 6pm CST on the 20th. It reported a maximum sustained wind speed of 34 kts, or 39 mph, at 5:42pm CST on the 20th.",CSV
201706,20,900,201706,20,2200,118837,715565,GULF OF MEXICO,85,2017,June,Marine Tropical Storm,Z,572,COASTAL WATERS FROM SOUTHWEST PASS OF THE MISSISSIPPI RIVER TO PORT FOURCHON LOUISIANA FROM 20 TO 60 NM,85572,LIX,20-JUN-17 09:00:00,CST-6,20-JUN-17 22:00:00,0,0,0,0,0.00K,0.00K,AWOS,NA,NA,NA,NA,NA,NA,NA,NA,NA,NA,NA,NA,NA,NA,NA,NA,NA,NA,NA,NA,NA,"Tropical Storm Cindy developed over the central Gulf of Mexico on June 20th and moved generally northwest for the next few days before making landfall in southwest Louisiana near the Louisiana and Texas state line. ||Cindy was an asymmetric system as it moved through the central Gulf toward southwest Louisiana, resulting widespread tropical storm force winds across the Gulf waters of southeast Louisiana and Mississippi.||The minimum sea level pressure in the coastal waters of Southeast Louisiana and Mississippi (1002.1 mb) was recorded by the Louisiana Offshore Oil Port site at 5:34 pm CST on the 20th, though that barometer is about 40 meters above sea level. The Grand Isle Blocks site which is owned and maintained by Louisiana State University, reported a minimum sea level pressure of 1003.4 mb at 6pm CST on the 21st. That site's barometer is only 3 meters above sea level. ||Frequent tropical storm force wind gusts were recorded throughout the coastal waters, with occasional reports of sustained tropical storm force winds.  The anemometer at the Louisiana Offshore Oil Port recorded the area's highest sustained wind and wind gust, though the anemometer at that site is nearly 60 meters above sea level. The maximum gust reported was 57 kts, or 66 mph, at 3:34pm CST on the 20th.  The maximum sustained wind reported was 46 kts, or 53 mph, at 4:34 pm CST on the 20th.||The highest sustained wind and wind gust reported by a station with an anemometer at the standard height of 10 meters above sea level were recorded by the Grand Isle Blocks site.  Here, the maximum recorded gust was 55 kts, or 63 mph, at 6pm CST on the 21st.  The maximum sustained wind was 43 kts, or 49 mph, also at 6pm CST on the 21st.","Frequent tropical storm force gusts and occasional sustained tropical storm force winds were common across the marine zone. A maximum wind gust of 52 kts, or 60 mph, was measured by the Mississippi Canyon 311 A AWOS (KMDJ) at 12:55pm CST on the 20th. A maximum sustained wind of 43 kts, or 49 mph, was reported at the same time. It should be noted the anemometer for this site is approximately 90 meters above sea level.",CSV
201706,20,900,201706,20,2200,118837,715563,GULF OF MEXICO,85,2017,June,Marine Tropical Storm,Z,570,COASTAL WATERS FROM PORT FOURCHON LOUISIANA TO LOWER ATCHAFALAYA RIVER LOUISIANA FROM 20 TO 60 NM,85570,LIX,20-JUN-17 09:00:00,CST-6,20-JUN-17 22:00:00,0,0,0,0,0.00K,0.00K,AWOS,NA,NA,NA,NA,NA,NA,NA,NA,NA,NA,NA,NA,NA,NA,NA,NA,NA,NA,NA,NA,NA,"Tropical Storm Cindy developed over the central Gulf of Mexico on June 20th and moved generally northwest for the next few days before making landfall in southwest Louisiana near the Louisiana and Texas state line. ||Cindy was an asymmetric system as it moved through the central Gulf toward southwest Louisiana, resulting widespread tropical storm force winds across the Gulf waters of southeast Louisiana and Mississippi.||The minimum sea level pressure in the coastal waters of Southeast Louisiana and Mississippi (1002.1 mb) was recorded by the Louisiana Offshore Oil Port site at 5:34 pm CST on the 20th, though that barometer is about 40 meters above sea level. The Grand Isle Blocks site which is owned and maintained by Louisiana State University, reported a minimum sea level pressure of 1003.4 mb at 6pm CST on the 21st. That site's barometer is only 3 meters above sea level. ||Frequent tropical storm force wind gusts were recorded throughout the coastal waters, with occasional reports of sustained tropical storm force winds.  The anemometer at the Louisiana Offshore Oil Port recorded the area's highest sustained wind and wind gust, though the anemometer at that site is nearly 60 meters above sea level. The maximum gust reported was 57 kts, or 66 mph, at 3:34pm CST on the 20th.  The maximum sustained wind reported was 46 kts, or 53 mph, at 4:34 pm CST on the 20th.||The highest sustained wind and wind gust reported by a station with an anemometer at the standard height of 10 meters above sea level were recorded by the Grand Isle Blocks site.  Here, the maximum recorded gust was 55 kts, or 63 mph, at 6pm CST on the 21st.  The maximum sustained wind was 43 kts, or 49 mph, also at 6pm CST on the 21st.","Frequent sustained tropical storm force winds with higher gusts were common across the marine zone. A maximum wind gust of 65 kts, or 75 mph, was measured by the Ship Shoal 178 AWOS (KSPR) at 1:55pm CST on the 20th. A maximum sustained wind of 55 kts, or 63 mph, was also measured at 1:55pm CST on the 20th. It should be noted the anemometer height at this site is approximately 75m above sea level.",CSV
201706,20,1300,201706,21,100,118837,715544,GULF OF MEXICO,85,2017,June,Marine Tropical Storm,Z,538,BRETON SOUND,85538,LIX,20-JUN-17 13:00:00,CST-6,21-JUN-17 01:00:00,0,0,0,0,0.00K,0.00K,Other Federal Agency,NA,NA,NA,NA,NA,NA,NA,NA,NA,NA,NA,NA,NA,NA,NA,NA,NA,NA,NA,NA,NA,"Tropical Storm Cindy developed over the central Gulf of Mexico on June 20th and moved generally northwest for the next few days before making landfall in southwest Louisiana near the Louisiana and Texas state line. ||Cindy was an asymmetric system as it moved through the central Gulf toward southwest Louisiana, resulting widespread tropical storm force winds across the Gulf waters of southeast Louisiana and Mississippi.||The minimum sea level pressure in the coastal waters of Southeast Louisiana and Mississippi (1002.1 mb) was recorded by the Louisiana Offshore Oil Port site at 5:34 pm CST on the 20th, though that barometer is about 40 meters above sea level. The Grand Isle Blocks site which is owned and maintained by Louisiana State University, reported a minimum sea level pressure of 1003.4 mb at 6pm CST on the 21st. That site's barometer is only 3 meters above sea level. ||Frequent tropical storm force wind gusts were recorded throughout the coastal waters, with occasional reports of sustained tropical storm force winds.  The anemometer at the Louisiana Offshore Oil Port recorded the area's highest sustained wind and wind gust, though the anemometer at that site is nearly 60 meters above sea level. The maximum gust reported was 57 kts, or 66 mph, at 3:34pm CST on the 20th.  The maximum sustained wind reported was 46 kts, or 53 mph, at 4:34 pm CST on the 20th.||The highest sustained wind and wind gust reported by a station with an anemometer at the standard height of 10 meters above sea level were recorded by the Grand Isle Blocks site.  Here, the maximum recorded gust was 55 kts, or 63 mph, at 6pm CST on the 21st.  The maximum sustained wind was 43 kts, or 49 mph, also at 6pm CST on the 21st.","Occasional sustained winds of tropical storm force with frequent tropical storm force gusts were common across the marine zone. The USGS gauge at Bay Gardene near Point A La Hache recorded a maximum sustained wind of 42 kts, or 48 mph, at 5pm CST on the 20th.",CSV
201706,20,1600,201706,21,700,118837,715562,GULF OF MEXICO,85,2017,June,Marine Tropical Storm,Z,557,COASTAL WATERS FROM PASCAGOULA MISSISSIPPI TO STAKE ISLAND LOUISIANA OUT 20 NM,85557,LIX,20-JUN-17 16:00:00,CST-6,21-JUN-17 07:00:00,0,0,0,0,0.00K,0.00K,Buoy,NA,NA,NA,NA,NA,NA,NA,NA,NA,NA,NA,NA,NA,NA,NA,NA,NA,NA,NA,NA,NA,"Tropical Storm Cindy developed over the central Gulf of Mexico on June 20th and moved generally northwest for the next few days before making landfall in southwest Louisiana near the Louisiana and Texas state line. ||Cindy was an asymmetric system as it moved through the central Gulf toward southwest Louisiana, resulting widespread tropical storm force winds across the Gulf waters of southeast Louisiana and Mississippi.||The minimum sea level pressure in the coastal waters of Southeast Louisiana and Mississippi (1002.1 mb) was recorded by the Louisiana Offshore Oil Port site at 5:34 pm CST on the 20th, though that barometer is about 40 meters above sea level. The Grand Isle Blocks site which is owned and maintained by Louisiana State University, reported a minimum sea level pressure of 1003.4 mb at 6pm CST on the 21st. That site's barometer is only 3 meters above sea level. ||Frequent tropical storm force wind gusts were recorded throughout the coastal waters, with occasional reports of sustained tropical storm force winds.  The anemometer at the Louisiana Offshore Oil Port recorded the area's highest sustained wind and wind gust, though the anemometer at that site is nearly 60 meters above sea level. The maximum gust reported was 57 kts, or 66 mph, at 3:34pm CST on the 20th.  The maximum sustained wind reported was 46 kts, or 53 mph, at 4:34 pm CST on the 20th.||The highest sustained wind and wind gust reported by a station with an anemometer at the standard height of 10 meters above sea level were recorded by the Grand Isle Blocks site.  Here, the maximum recorded gust was 55 kts, or 63 mph, at 6pm CST on the 21st.  The maximum sustained wind was 43 kts, or 49 mph, also at 6pm CST on the 21st.","Frequent tropical storm force gusts were common across the marine zone. A maximum wind gust of 37 kts, or 43 mph, was measured by buoy 42067 at 4:40pm CST on the 20th.",CSV
201706,20,1500,201706,21,100,118837,715560,GULF OF MEXICO,85,2017,June,Marine Tropical Storm,Z,555,COASTAL WATERS FROM BOOTHVILLE LOUISIANA TO SOUTHWEST PASS OF THE MISSISSIPPI RIVER OUT 20 NM,85555,LIX,20-JUN-17 15:00:00,CST-6,21-JUN-17 01:00:00,0,0,0,0,0.00K,0.00K,AWOS,NA,NA,NA,NA,NA,NA,NA,NA,NA,NA,NA,NA,NA,NA,NA,NA,NA,NA,NA,NA,NA,"Tropical Storm Cindy developed over the central Gulf of Mexico on June 20th and moved generally northwest for the next few days before making landfall in southwest Louisiana near the Louisiana and Texas state line. ||Cindy was an asymmetric system as it moved through the central Gulf toward southwest Louisiana, resulting widespread tropical storm force winds across the Gulf waters of southeast Louisiana and Mississippi.||The minimum sea level pressure in the coastal waters of Southeast Louisiana and Mississippi (1002.1 mb) was recorded by the Louisiana Offshore Oil Port site at 5:34 pm CST on the 20th, though that barometer is about 40 meters above sea level. The Grand Isle Blocks site which is owned and maintained by Louisiana State University, reported a minimum sea level pressure of 1003.4 mb at 6pm CST on the 21st. That site's barometer is only 3 meters above sea level. ||Frequent tropical storm force wind gusts were recorded throughout the coastal waters, with occasional reports of sustained tropical storm force winds.  The anemometer at the Louisiana Offshore Oil Port recorded the area's highest sustained wind and wind gust, though the anemometer at that site is nearly 60 meters above sea level. The maximum gust reported was 57 kts, or 66 mph, at 3:34pm CST on the 20th.  The maximum sustained wind reported was 46 kts, or 53 mph, at 4:34 pm CST on the 20th.||The highest sustained wind and wind gust reported by a station with an anemometer at the standard height of 10 meters above sea level were recorded by the Grand Isle Blocks site.  Here, the maximum recorded gust was 55 kts, or 63 mph, at 6pm CST on the 21st.  The maximum sustained wind was 43 kts, or 49 mph, also at 6pm CST on the 21st.","Occasional sustained winds of tropical storm force with frequent tropical storm force gusts were common across the marine zone. A maximum wind gust of 50 kts, or 58 mph, was measured by the MP 104B AWOS (KMIS) at 2:35 pm CST on the 20th. The highest sustained wind at the same site was 38 kts, or 44 mph, at 4:35pm CST on the 20th. It should be noted that the anemometer at this site is 85 meters above sea level.",CSV
201706,20,900,201706,20,2200,118837,715567,GULF OF MEXICO,85,2017,June,Marine Tropical Storm,Z,575,COASTAL WATERS FROM STAKE ISLAND LOUISIANA TO SOUTHWEST PASS OF THE MISSISSIPPI RIVER FROM 20 TO 60 NM,85575,LIX,20-JUN-17 09:00:00,CST-6,20-JUN-17 22:00:00,0,0,0,0,0.00K,0.00K,AWOS,NA,NA,NA,NA,NA,NA,NA,NA,NA,NA,NA,NA,NA,NA,NA,NA,NA,NA,NA,NA,NA,"Tropical Storm Cindy developed over the central Gulf of Mexico on June 20th and moved generally northwest for the next few days before making landfall in southwest Louisiana near the Louisiana and Texas state line. ||Cindy was an asymmetric system as it moved through the central Gulf toward southwest Louisiana, resulting widespread tropical storm force winds across the Gulf waters of southeast Louisiana and Mississippi.||The minimum sea level pressure in the coastal waters of Southeast Louisiana and Mississippi (1002.1 mb) was recorded by the Louisiana Offshore Oil Port site at 5:34 pm CST on the 20th, though that barometer is about 40 meters above sea level. The Grand Isle Blocks site which is owned and maintained by Louisiana State University, reported a minimum sea level pressure of 1003.4 mb at 6pm CST on the 21st. That site's barometer is only 3 meters above sea level. ||Frequent tropical storm force wind gusts were recorded throughout the coastal waters, with occasional reports of sustained tropical storm force winds.  The anemometer at the Louisiana Offshore Oil Port recorded the area's highest sustained wind and wind gust, though the anemometer at that site is nearly 60 meters above sea level. The maximum gust reported was 57 kts, or 66 mph, at 3:34pm CST on the 20th.  The maximum sustained wind reported was 46 kts, or 53 mph, at 4:34 pm CST on the 20th.||The highest sustained wind and wind gust reported by a station with an anemometer at the standard height of 10 meters above sea level were recorded by the Grand Isle Blocks site.  Here, the maximum recorded gust was 55 kts, or 63 mph, at 6pm CST on the 21st.  The maximum sustained wind was 43 kts, or 49 mph, also at 6pm CST on the 21st.","Frequent sustained tropical storm force winds with higher gusts were common across the marine zone. A maximum wind gust of 53 kts, or 61 mph, was measured by the Mississippi Canyon 474 AWOS (KIKT) at 11:55am CST on the 20th. A maximum sustained wind of 46 kts, or 53 mph, was measured at 11:35am CST on the 20th. It should be noted the anemometer height at this site is approximately 124m above sea level.",CSV
201706,20,1300,201706,21,100,118837,715557,GULF OF MEXICO,85,2017,June,Marine Tropical Storm,Z,536,CHANDELEUR SOUND,85536,LIX,20-JUN-17 13:00:00,CST-6,21-JUN-17 01:00:00,0,0,0,0,0.00K,0.00K,AWOS,NA,NA,NA,NA,NA,NA,NA,NA,NA,NA,NA,NA,NA,NA,NA,NA,NA,NA,NA,NA,NA,"Tropical Storm Cindy developed over the central Gulf of Mexico on June 20th and moved generally northwest for the next few days before making landfall in southwest Louisiana near the Louisiana and Texas state line. ||Cindy was an asymmetric system as it moved through the central Gulf toward southwest Louisiana, resulting widespread tropical storm force winds across the Gulf waters of southeast Louisiana and Mississippi.||The minimum sea level pressure in the coastal waters of Southeast Louisiana and Mississippi (1002.1 mb) was recorded by the Louisiana Offshore Oil Port site at 5:34 pm CST on the 20th, though that barometer is about 40 meters above sea level. The Grand Isle Blocks site which is owned and maintained by Louisiana State University, reported a minimum sea level pressure of 1003.4 mb at 6pm CST on the 21st. That site's barometer is only 3 meters above sea level. ||Frequent tropical storm force wind gusts were recorded throughout the coastal waters, with occasional reports of sustained tropical storm force winds.  The anemometer at the Louisiana Offshore Oil Port recorded the area's highest sustained wind and wind gust, though the anemometer at that site is nearly 60 meters above sea level. The maximum gust reported was 57 kts, or 66 mph, at 3:34pm CST on the 20th.  The maximum sustained wind reported was 46 kts, or 53 mph, at 4:34 pm CST on the 20th.||The highest sustained wind and wind gust reported by a station with an anemometer at the standard height of 10 meters above sea level were recorded by the Grand Isle Blocks site.  Here, the maximum recorded gust was 55 kts, or 63 mph, at 6pm CST on the 21st.  The maximum sustained wind was 43 kts, or 49 mph, also at 6pm CST on the 21st.","Though there are no observations within the zone, based on surrounding observations it is likely that occasional sustained winds of tropical storm force with frequent tropical storm force gusts were common across the marine zone. Nearby observations include a USGS gauge at Bay Gardene, and a Weatherflow mesonet site at Ship Island.",CSV
201706,20,1200,201706,21,100,118837,715568,GULF OF MEXICO,85,2017,June,Marine Tropical Storm,Z,534,LAKE BORGNE,85534,LIX,20-JUN-17 12:00:00,CST-6,21-JUN-17 01:00:00,0,0,0,0,0.00K,0.00K,WLON,NA,NA,NA,NA,NA,NA,NA,NA,NA,NA,NA,NA,NA,NA,NA,NA,NA,NA,NA,NA,NA,"Tropical Storm Cindy developed over the central Gulf of Mexico on June 20th and moved generally northwest for the next few days before making landfall in southwest Louisiana near the Louisiana and Texas state line. ||Cindy was an asymmetric system as it moved through the central Gulf toward southwest Louisiana, resulting widespread tropical storm force winds across the Gulf waters of southeast Louisiana and Mississippi.||The minimum sea level pressure in the coastal waters of Southeast Louisiana and Mississippi (1002.1 mb) was recorded by the Louisiana Offshore Oil Port site at 5:34 pm CST on the 20th, though that barometer is about 40 meters above sea level. The Grand Isle Blocks site which is owned and maintained by Louisiana State University, reported a minimum sea level pressure of 1003.4 mb at 6pm CST on the 21st. That site's barometer is only 3 meters above sea level. ||Frequent tropical storm force wind gusts were recorded throughout the coastal waters, with occasional reports of sustained tropical storm force winds.  The anemometer at the Louisiana Offshore Oil Port recorded the area's highest sustained wind and wind gust, though the anemometer at that site is nearly 60 meters above sea level. The maximum gust reported was 57 kts, or 66 mph, at 3:34pm CST on the 20th.  The maximum sustained wind reported was 46 kts, or 53 mph, at 4:34 pm CST on the 20th.||The highest sustained wind and wind gust reported by a station with an anemometer at the standard height of 10 meters above sea level were recorded by the Grand Isle Blocks site.  Here, the maximum recorded gust was 55 kts, or 63 mph, at 6pm CST on the 21st.  The maximum sustained wind was 43 kts, or 49 mph, also at 6pm CST on the 21st.","Frequent sustained tropical storm force winds with higher gusts were common across the marine zone. A maximum wind gust of 46 kts, or 53 mph, was measured by the Shell Beach WLON station (SHBL1) at 6:12pm CST on the 20th. A maximum sustained wind of 40 kts, or 46 mph, was measured at the same time. The anemometer for this station is 15.6 meters above sea level.",CSV
201706,20,1600,201706,21,700,118837,715570,GULF OF MEXICO,85,2017,June,Marine Tropical Storm,Z,530,LAKE PONCHARTRAIN AND LAKE MAUREPAS,85530,LIX,20-JUN-17 16:00:00,CST-6,21-JUN-17 07:00:00,0,0,0,0,0.00K,0.00K,WLON,NA,NA,NA,NA,NA,NA,NA,NA,NA,NA,NA,NA,NA,NA,NA,NA,NA,NA,NA,NA,NA,"Tropical Storm Cindy developed over the central Gulf of Mexico on June 20th and moved generally northwest for the next few days before making landfall in southwest Louisiana near the Louisiana and Texas state line. ||Cindy was an asymmetric system as it moved through the central Gulf toward southwest Louisiana, resulting widespread tropical storm force winds across the Gulf waters of southeast Louisiana and Mississippi.||The minimum sea level pressure in the coastal waters of Southeast Louisiana and Mississippi (1002.1 mb) was recorded by the Louisiana Offshore Oil Port site at 5:34 pm CST on the 20th, though that barometer is about 40 meters above sea level. The Grand Isle Blocks site which is owned and maintained by Louisiana State University, reported a minimum sea level pressure of 1003.4 mb at 6pm CST on the 21st. That site's barometer is only 3 meters above sea level. ||Frequent tropical storm force wind gusts were recorded throughout the coastal waters, with occasional reports of sustained tropical storm force winds.  The anemometer at the Louisiana Offshore Oil Port recorded the area's highest sustained wind and wind gust, though the anemometer at that site is nearly 60 meters above sea level. The maximum gust reported was 57 kts, or 66 mph, at 3:34pm CST on the 20th.  The maximum sustained wind reported was 46 kts, or 53 mph, at 4:34 pm CST on the 20th.||The highest sustained wind and wind gust reported by a station with an anemometer at the standard height of 10 meters above sea level were recorded by the Grand Isle Blocks site.  Here, the maximum recorded gust was 55 kts, or 63 mph, at 6pm CST on the 21st.  The maximum sustained wind was 43 kts, or 49 mph, also at 6pm CST on the 21st.","Frequent sustained tropical storm force winds with higher gusts were common across the marine zone. A maximum wind gust of 45 kts, or 52 mph, was measured by the New Canal WLON station (NWCL1) at 11:00pm CST on the 20th. A maximum sustained wind of 38 kts, or 44 mph, was measured at the same time. Similar observations were also recorded by a Weatherflow mesonet site on the Lake Pontchartrain Causeway.",CSV
201706,20,1600,201706,21,700,118837,715572,GULF OF MEXICO,85,2017,June,Marine Tropical Storm,Z,532,MISSISSIPPI SOUND,85532,LIX,20-JUN-17 16:00:00,CST-6,21-JUN-17 07:00:00,0,0,0,0,0.00K,0.00K,WLON,NA,NA,NA,NA,NA,NA,NA,NA,NA,NA,NA,NA,NA,NA,NA,NA,NA,NA,NA,NA,NA,"Tropical Storm Cindy developed over the central Gulf of Mexico on June 20th and moved generally northwest for the next few days before making landfall in southwest Louisiana near the Louisiana and Texas state line. ||Cindy was an asymmetric system as it moved through the central Gulf toward southwest Louisiana, resulting widespread tropical storm force winds across the Gulf waters of southeast Louisiana and Mississippi.||The minimum sea level pressure in the coastal waters of Southeast Louisiana and Mississippi (1002.1 mb) was recorded by the Louisiana Offshore Oil Port site at 5:34 pm CST on the 20th, though that barometer is about 40 meters above sea level. The Grand Isle Blocks site which is owned and maintained by Louisiana State University, reported a minimum sea level pressure of 1003.4 mb at 6pm CST on the 21st. That site's barometer is only 3 meters above sea level. ||Frequent tropical storm force wind gusts were recorded throughout the coastal waters, with occasional reports of sustained tropical storm force winds.  The anemometer at the Louisiana Offshore Oil Port recorded the area's highest sustained wind and wind gust, though the anemometer at that site is nearly 60 meters above sea level. The maximum gust reported was 57 kts, or 66 mph, at 3:34pm CST on the 20th.  The maximum sustained wind reported was 46 kts, or 53 mph, at 4:34 pm CST on the 20th.||The highest sustained wind and wind gust reported by a station with an anemometer at the standard height of 10 meters above sea level were recorded by the Grand Isle Blocks site.  Here, the maximum recorded gust was 55 kts, or 63 mph, at 6pm CST on the 21st.  The maximum sustained wind was 43 kts, or 49 mph, also at 6pm CST on the 21st.","Frequent sustained tropical storm force winds with higher gusts were common across the marine zone. A maximum wind gust of 48 kts, or 55 mph, was measured by the Petit Bois Island WLON station (PTBM6) at 2:54pm CST on the 20th. A maximum sustained wind of 38 kts, or 44 mph, was measured at the same time. Similar observations were also recorded by the Bay Waveland Yacht Club WLON station (WYCM6), with slightly lower values recorded at the Port of Pascagoula Dock C WLON station (DKCM6).",CSV
201706,20,1000,201706,21,2100,118837,715561,GULF OF MEXICO,85,2017,June,Marine Tropical Storm,Z,577,COASTAL WATERS FROM PASCAGOULA MISSISSIPPI TO STAKE ISLAND LOUISIANA FROM 20 TO 60 NM,85577,LIX,20-JUN-17 10:00:00,CST-6,21-JUN-17 21:00:00,0,0,0,0,0.00K,0.00K,AWOS,NA,NA,NA,NA,NA,NA,NA,NA,NA,NA,NA,NA,NA,NA,NA,NA,NA,NA,NA,NA,NA,"Tropical Storm Cindy developed over the central Gulf of Mexico on June 20th and moved generally northwest for the next few days before making landfall in southwest Louisiana near the Louisiana and Texas state line. ||Cindy was an asymmetric system as it moved through the central Gulf toward southwest Louisiana, resulting widespread tropical storm force winds across the Gulf waters of southeast Louisiana and Mississippi.||The minimum sea level pressure in the coastal waters of Southeast Louisiana and Mississippi (1002.1 mb) was recorded by the Louisiana Offshore Oil Port site at 5:34 pm CST on the 20th, though that barometer is about 40 meters above sea level. The Grand Isle Blocks site which is owned and maintained by Louisiana State University, reported a minimum sea level pressure of 1003.4 mb at 6pm CST on the 21st. That site's barometer is only 3 meters above sea level. ||Frequent tropical storm force wind gusts were recorded throughout the coastal waters, with occasional reports of sustained tropical storm force winds.  The anemometer at the Louisiana Offshore Oil Port recorded the area's highest sustained wind and wind gust, though the anemometer at that site is nearly 60 meters above sea level. The maximum gust reported was 57 kts, or 66 mph, at 3:34pm CST on the 20th.  The maximum sustained wind reported was 46 kts, or 53 mph, at 4:34 pm CST on the 20th.||The highest sustained wind and wind gust reported by a station with an anemometer at the standard height of 10 meters above sea level were recorded by the Grand Isle Blocks site.  Here, the maximum recorded gust was 55 kts, or 63 mph, at 6pm CST on the 21st.  The maximum sustained wind was 43 kts, or 49 mph, also at 6pm CST on the 21st.","Occasional sustained winds of tropical storm force with frequent tropical storm force gusts were common across the marine zone. A maximum wind gust of 55 kts, or 63 mph was measured by the Main Pass 289C AWOS at 3:15pm CST on the 20th. The highest sustained wind at the same site was 46 kts, or 53 mph, also at 3:15pm CST on the 20th. It should be noted the anemometer at this site is approximately 115 meters above sea level. Buoy 42040, which has a standard height anemometer, measure a maximum gust of 45 kts, or 52 mph, at 5:40pm CST on the 20th.  The same site measured a maximum sustained wind of 34 kts, or 39 mph, at 2:40pm CST on the 20th.",CSV
201710,7,1200,201710,8,400,120173,720060,GULF OF MEXICO,85,2017,October,Marine Tropical Storm,Z,575,COASTAL WATERS FROM STAKE ISLAND LOUISIANA TO SOUTHWEST PASS OF THE MISSISSIPPI RIVER FROM 20 TO 60 NM,85575,LIX,07-OCT-17 12:00:00,CST-6,08-OCT-17 04:00:00,0,0,0,0,0.00K,0.00K,WLON,NA,NA,NA,NA,NA,NA,NA,NA,NA,NA,NA,NA,NA,NA,NA,NA,NA,NA,NA,NA,NA,"Hurricane Nate began as a tropical depression over the northwest Caribbean Sea on the morning of October 4th and moved fairly rapidly northward, with forward speeds in excess of 20 mph, for the next several days while gaining strength. The storm moved north-northwestward through much of the day on the 7th and moved across the coastal marine areas as a minimal hurricane from the afternoon of Oct 7th into the early morning hours of Oct 8th.  As the hurricane approached southeast Louisiana and coastal Mississippi, it became asymmetrical with much of shower and thunderstorm activity along with the stronger winds primarily on the east side of the system.||Two landfalls occurred in the CWA. The first was near the mouth of the Mississippi River at 7 pm CDT as a Category 1 hurricane. The second landfall was near Biloxi, Mississippi at 1230 am CDT October 8th, also as a Category 1 hurricane.  The storm continued moving rapidly to the north and north-northeast, and had weakened to a tropical depression near Birmingham, Alabama by 10 am CDT on the 8th.||The lowest measured barometric pressure was 984.4 mb at a Weatherflow station near Biloxi.  Keesler Air Force Base in Biloxi recorded a maximum sustained wind of 46 kt (53 mph) and a 61 knot (70 mph) gust at 2253CST on Aug 7.  A shipyard at Pascagoula Mississippi recorded a wind gust 71 kts (82 mph) on an anemometer with height of 19 meters. ||In Louisiana, the lowest pressure was recorded at the Southwest Pass NOAA CMAN station (BURL1) with a reading of 989.5mb. Maximum winds were recorded at the Pilot Station automated weather station (PSTL1) with a maximum sustained wind of 46 kt (53 mph) gusting to 57 Kts (66 mph) at 1554CST on Aug 7.  Anemometer height of 20.3 meters. ||Over the coastal waters along and east of the Mississippi River, tropical storm force winds occurred with occasional hurricane force winds. The maximum wind observed in the coastal waters was at an AWOS station at Main Pass Block 140B (KMIS) with a sustained wind of 62 kt and a gust to 77 knots.  Anemometer height 85 meters.",Tropical storm and occasional hurricane force winds occurred over the marine area The Ursa drilling platform in Mississippi Canyon Block 809 reported a sustained wind of 45 knots. Anemometer height is 122 meters.,CSV
201710,7,1400,201710,8,400,120173,720069,GULF OF MEXICO,85,2017,October,Marine Tropical Storm,Z,534,LAKE BORGNE,85534,LIX,07-OCT-17 14:00:00,CST-6,08-OCT-17 04:00:00,0,0,0,0,0.00K,0.00K,C-MAN Station,NA,NA,NA,NA,NA,NA,NA,NA,NA,NA,NA,NA,NA,NA,NA,NA,NA,NA,NA,NA,NA,"Hurricane Nate began as a tropical depression over the northwest Caribbean Sea on the morning of October 4th and moved fairly rapidly northward, with forward speeds in excess of 20 mph, for the next several days while gaining strength. The storm moved north-northwestward through much of the day on the 7th and moved across the coastal marine areas as a minimal hurricane from the afternoon of Oct 7th into the early morning hours of Oct 8th.  As the hurricane approached southeast Louisiana and coastal Mississippi, it became asymmetrical with much of shower and thunderstorm activity along with the stronger winds primarily on the east side of the system.||Two landfalls occurred in the CWA. The first was near the mouth of the Mississippi River at 7 pm CDT as a Category 1 hurricane. The second landfall was near Biloxi, Mississippi at 1230 am CDT October 8th, also as a Category 1 hurricane.  The storm continued moving rapidly to the north and north-northeast, and had weakened to a tropical depression near Birmingham, Alabama by 10 am CDT on the 8th.||The lowest measured barometric pressure was 984.4 mb at a Weatherflow station near Biloxi.  Keesler Air Force Base in Biloxi recorded a maximum sustained wind of 46 kt (53 mph) and a 61 knot (70 mph) gust at 2253CST on Aug 7.  A shipyard at Pascagoula Mississippi recorded a wind gust 71 kts (82 mph) on an anemometer with height of 19 meters. ||In Louisiana, the lowest pressure was recorded at the Southwest Pass NOAA CMAN station (BURL1) with a reading of 989.5mb. Maximum winds were recorded at the Pilot Station automated weather station (PSTL1) with a maximum sustained wind of 46 kt (53 mph) gusting to 57 Kts (66 mph) at 1554CST on Aug 7.  Anemometer height of 20.3 meters. ||Over the coastal waters along and east of the Mississippi River, tropical storm force winds occurred with occasional hurricane force winds. The maximum wind observed in the coastal waters was at an AWOS station at Main Pass Block 140B (KMIS) with a sustained wind of 62 kt and a gust to 77 knots.  Anemometer height 85 meters.",Tropical storm force winds occurred over the marine areas. The station at Shell Beach recorded a 35 knot sustained wind. A 41 knot wind gust was measured at 1824 CDT.,CSV
201710,7,1200,201710,8,200,120173,720071,GULF OF MEXICO,85,2017,October,Marine Tropical Storm,Z,552,COASTAL WATERS FROM SOUTHWEST PASS OF THE MISSISSIPPI RIVER TO PORT FOURCHON LOUISIANA OUT 20 NM,85552,LIX,07-OCT-17 12:00:00,CST-6,08-OCT-17 02:00:00,0,0,0,0,0.00K,0.00K,AWOS,NA,NA,NA,NA,NA,NA,NA,NA,NA,NA,NA,NA,NA,NA,NA,NA,NA,NA,NA,NA,NA,"Hurricane Nate began as a tropical depression over the northwest Caribbean Sea on the morning of October 4th and moved fairly rapidly northward, with forward speeds in excess of 20 mph, for the next several days while gaining strength. The storm moved north-northwestward through much of the day on the 7th and moved across the coastal marine areas as a minimal hurricane from the afternoon of Oct 7th into the early morning hours of Oct 8th.  As the hurricane approached southeast Louisiana and coastal Mississippi, it became asymmetrical with much of shower and thunderstorm activity along with the stronger winds primarily on the east side of the system.||Two landfalls occurred in the CWA. The first was near the mouth of the Mississippi River at 7 pm CDT as a Category 1 hurricane. The second landfall was near Biloxi, Mississippi at 1230 am CDT October 8th, also as a Category 1 hurricane.  The storm continued moving rapidly to the north and north-northeast, and had weakened to a tropical depression near Birmingham, Alabama by 10 am CDT on the 8th.||The lowest measured barometric pressure was 984.4 mb at a Weatherflow station near Biloxi.  Keesler Air Force Base in Biloxi recorded a maximum sustained wind of 46 kt (53 mph) and a 61 knot (70 mph) gust at 2253CST on Aug 7.  A shipyard at Pascagoula Mississippi recorded a wind gust 71 kts (82 mph) on an anemometer with height of 19 meters. ||In Louisiana, the lowest pressure was recorded at the Southwest Pass NOAA CMAN station (BURL1) with a reading of 989.5mb. Maximum winds were recorded at the Pilot Station automated weather station (PSTL1) with a maximum sustained wind of 46 kt (53 mph) gusting to 57 Kts (66 mph) at 1554CST on Aug 7.  Anemometer height of 20.3 meters. ||Over the coastal waters along and east of the Mississippi River, tropical storm force winds occurred with occasional hurricane force winds. The maximum wind observed in the coastal waters was at an AWOS station at Main Pass Block 140B (KMIS) with a sustained wind of 62 kt and a gust to 77 knots.  Anemometer height 85 meters.",Tropical storm force winds occurred over the marine area as Hurricane Nate moved just to the east of marine area. The station at the Louisiana Offshore Oil Port reported a 37 knot wind gust.  The Southwest Pass C-MAN station (BURL1) reported a 46 knot sustained wind and a 52 knot wind gust. The AWOS station (KDLP) in West Delta Block 27A reported a 39 knot sustained wind. A 48 knot wind gust was reported earlier at 1415 CDT.,CSV
201710,7,1200,201710,8,400,120173,725112,GULF OF MEXICO,85,2017,October,Marine Tropical Storm,Z,572,COASTAL WATERS FROM SOUTHWEST PASS OF THE MISSISSIPPI RIVER TO PORT FOURCHON LOUISIANA FROM 20 TO 60 NM,85572,LIX,07-OCT-17 12:00:00,CST-6,08-OCT-17 04:00:00,0,0,0,0,0.00K,0.00K,Unknown,NA,NA,NA,NA,NA,NA,NA,NA,NA,NA,NA,NA,NA,NA,NA,NA,NA,NA,NA,NA,NA,"Hurricane Nate began as a tropical depression over the northwest Caribbean Sea on the morning of October 4th and moved fairly rapidly northward, with forward speeds in excess of 20 mph, for the next several days while gaining strength. The storm moved north-northwestward through much of the day on the 7th and moved across the coastal marine areas as a minimal hurricane from the afternoon of Oct 7th into the early morning hours of Oct 8th.  As the hurricane approached southeast Louisiana and coastal Mississippi, it became asymmetrical with much of shower and thunderstorm activity along with the stronger winds primarily on the east side of the system.||Two landfalls occurred in the CWA. The first was near the mouth of the Mississippi River at 7 pm CDT as a Category 1 hurricane. The second landfall was near Biloxi, Mississippi at 1230 am CDT October 8th, also as a Category 1 hurricane.  The storm continued moving rapidly to the north and north-northeast, and had weakened to a tropical depression near Birmingham, Alabama by 10 am CDT on the 8th.||The lowest measured barometric pressure was 984.4 mb at a Weatherflow station near Biloxi.  Keesler Air Force Base in Biloxi recorded a maximum sustained wind of 46 kt (53 mph) and a 61 knot (70 mph) gust at 2253CST on Aug 7.  A shipyard at Pascagoula Mississippi recorded a wind gust 71 kts (82 mph) on an anemometer with height of 19 meters. ||In Louisiana, the lowest pressure was recorded at the Southwest Pass NOAA CMAN station (BURL1) with a reading of 989.5mb. Maximum winds were recorded at the Pilot Station automated weather station (PSTL1) with a maximum sustained wind of 46 kt (53 mph) gusting to 57 Kts (66 mph) at 1554CST on Aug 7.  Anemometer height of 20.3 meters. ||Over the coastal waters along and east of the Mississippi River, tropical storm force winds occurred with occasional hurricane force winds. The maximum wind observed in the coastal waters was at an AWOS station at Main Pass Block 140B (KMIS) with a sustained wind of 62 kt and a gust to 77 knots.  Anemometer height 85 meters.",Tropical storm force winds occurred over the marine area as Hurricane Nate passed just east of the region.,CSV
201809,3,750,201809,3,750,131628,787463,ATLANTIC SOUTH,87,2018,September,Marine Tropical Storm,Z,651,DEERFIELD BEACH TO OCEAN REEF FL,87651,MFL,03-SEP-18 07:50:00,EST-5,03-SEP-18 07:50:00,0,0,0,0,0.00K,0.00K,Mesonet,NA,NA,NA,NA,NA,NA,NA,NA,NA,NA,NA,NA,NA,NA,NA,NA,NA,NA,NA,NA,NA,"A low pressure system moving across the tropical Atlantic into the Bahamas formed into Tropical Storm Gordon near the South Florida peninsula. Although the effects from Tropical Storm Gordon were fairly minor for South Florida, there were sustained Tropical Storm force winds over the Atlantic waters creating hazardous marine conditions.",Sustained tropical storm force winds of 42 knots were recorded by the C-Man station FWYF1 located at Fowey Rocks. A wind gust of 54 knots was recorded at 716 AM EDT.,CSV
201809,3,812,201809,3,812,131628,787465,ATLANTIC SOUTH,87,2018,September,Marine Tropical Storm,Z,651,DEERFIELD BEACH TO OCEAN REEF FL,87651,MFL,03-SEP-18 08:12:00,EST-5,03-SEP-18 08:12:00,0,0,0,0,0.00K,0.00K,Mesonet,NA,NA,NA,NA,NA,NA,NA,NA,NA,NA,NA,NA,NA,NA,NA,NA,NA,NA,NA,NA,NA,"A low pressure system moving across the tropical Atlantic into the Bahamas formed into Tropical Storm Gordon near the South Florida peninsula. Although the effects from Tropical Storm Gordon were fairly minor for South Florida, there were sustained Tropical Storm force winds over the Atlantic waters creating hazardous marine conditions.",Sustained tropical storm force winds of 42 knots were recorded by the mesonet site PEGF1 located at South Port Everglades. A wind gust of 49 knots was recorded at 818 AM EDT.,CSV
201809,3,821,201809,3,821,131628,787481,ATLANTIC SOUTH,87,2018,September,Marine Tropical Storm,Z,651,DEERFIELD BEACH TO OCEAN REEF FL,87651,MFL,03-SEP-18 08:21:00,EST-5,03-SEP-18 08:21:00,0,0,0,0,0.00K,0.00K,Mesonet,NA,NA,NA,NA,NA,NA,NA,NA,NA,NA,NA,NA,NA,NA,NA,NA,NA,NA,NA,NA,NA,"A low pressure system moving across the tropical Atlantic into the Bahamas formed into Tropical Storm Gordon near the South Florida peninsula. Although the effects from Tropical Storm Gordon were fairly minor for South Florida, there were sustained Tropical Storm force winds over the Atlantic waters creating hazardous marine conditions.",Sustained tropical storm force winds of 37 knots were recorded by the mesonet site XGVT located at Government Cut. A wind gust of 55 knots was recorded at 746 AM EDT.,CSV
201809,3,749,201809,3,749,131628,787491,ATLANTIC SOUTH,87,2018,September,Marine Tropical Storm,Z,630,BISCAYNE BAY,87630,MFL,03-SEP-18 07:49:00,EST-5,03-SEP-18 07:49:00,0,0,0,0,0.00K,0.00K,Mesonet,NA,NA,NA,NA,NA,NA,NA,NA,NA,NA,NA,NA,NA,NA,NA,NA,NA,NA,NA,NA,NA,"A low pressure system moving across the tropical Atlantic into the Bahamas formed into Tropical Storm Gordon near the South Florida peninsula. Although the effects from Tropical Storm Gordon were fairly minor for South Florida, there were sustained Tropical Storm force winds over the Atlantic waters creating hazardous marine conditions.",Sustained tropical storm force winds of 36 knots were recorded by the mesonet site XKBS located at Biscayne Bay Light. A wind gust of 48 knots was recorded at 729 AM EDT.,CSV
201809,3,815,201809,3,815,131628,787493,ATLANTIC SOUTH,87,2018,September,Marine Tropical Storm,Z,651,DEERFIELD BEACH TO OCEAN REEF FL,87651,MFL,03-SEP-18 08:15:00,EST-5,03-SEP-18 08:15:00,0,0,0,0,0.00K,0.00K,Mesonet,NA,NA,NA,NA,NA,NA,NA,NA,NA,NA,NA,NA,NA,NA,NA,NA,NA,NA,NA,NA,NA,"A low pressure system moving across the tropical Atlantic into the Bahamas formed into Tropical Storm Gordon near the South Florida peninsula. Although the effects from Tropical Storm Gordon were fairly minor for South Florida, there were sustained Tropical Storm force winds over the Atlantic waters creating hazardous marine conditions.",Sustained tropical storm force winds of 39 knots were recorded by the mesonet site XPEG located at Port Everglades. A wind gust of 47 knots was recorded at 815 AM EDT.,CSV
201809,4,1700,201809,5,0,131253,785315,GULF OF MEXICO,85,2018,September,Marine Tropical Storm,Z,633,PERDIDO BAY AREA,85633,MOB,04-SEP-18 17:00:00,CST-6,05-SEP-18 00:00:00,0,0,0,0,0.00K,0.00K,Official NWS Observations,NA,NA,NA,NA,NA,NA,NA,NA,NA,NA,NA,NA,NA,NA,NA,NA,NA,NA,NA,NA,NA,"Tropical Storm Gordon moved across the Alabama and northwest Florida Gulf waters during the afternoon and evening of September 4, 2018. Gordon made landfall just west of the Alabama-Mississippi at 1015 PM CDT on September 4 with estimated maximum sustained winds of 70 mph. Gordon then tracked northwest into portions of inland southeast Mississippi late on the night of September 4th into the early morning of September 5th. ||The highest winds measured were at the Dauphin Island CMAN station, which was impacted by the northern eyewall, with sustained winds of 62 mph with gusts to 74 mph. Buoy 42012, 12 miles south of Orange Beach, recorded sustained winds of 47 mph with gusts to 60 mph. In Mobile Bay, the highest winds measured were at Buccanneer Yacht Club Weatherflow station, which is near the mouth of the Dog River. At this location, sustained winds peaked at 45 mph with gusts to 57 mph.",NA,CSV
201809,3,335,201809,3,1402,131709,787933,GULF OF MEXICO,85,2018,September,Marine Tropical Storm,Z,42,HAWK CHANNEL FROM OCEAN REEF TO CRAIG KEY OUT TO THE REEF,85042,KEY,03-SEP-18 03:35:00,EST-5,03-SEP-18 14:02:00,0,0,0,0,0.00K,0.00K,Mesonet,NA,NA,NA,NA,NA,NA,NA,NA,NA,NA,NA,NA,NA,NA,NA,NA,NA,NA,NA,NA,NA,"Tropical Storm Gordon developed rapidly in the coastal waters offshore Key Largo and Ocean Reef, Florida, moving quickly northwest through eastern Florida Bay onto mainland south Florida.  A brief episode of tropical-storm force winds occurred in a small area along the Reef offshore Key Largo and Ocean Reef, with isolated tropical-storm force wind gusts occurring elsewhere offshore Islamorada.","Tropical storm force winds occurred at Carysfort Reef Light, peaking at sustained 49 knots with gusts to 56 knots at 0620 EST.  An isolated gust to 34 knots occurred at Alligator Reef Light at 1402 EST.",CSV
201809,4,1200,201809,5,0,131253,785307,GULF OF MEXICO,85,2018,September,Marine Tropical Storm,Z,655,COASTAL WATERS FROM OKALOOSA-WALTON COUNTY LINE TO PENSACOLA FL OUT 20 NM,85655,MOB,04-SEP-18 12:00:00,CST-6,05-SEP-18 00:00:00,0,0,0,0,0.00K,0.00K,Official NWS Observations,NA,NA,NA,NA,NA,NA,NA,NA,NA,NA,NA,NA,NA,NA,NA,NA,NA,NA,NA,NA,NA,"Tropical Storm Gordon moved across the Alabama and northwest Florida Gulf waters during the afternoon and evening of September 4, 2018. Gordon made landfall just west of the Alabama-Mississippi at 1015 PM CDT on September 4 with estimated maximum sustained winds of 70 mph. Gordon then tracked northwest into portions of inland southeast Mississippi late on the night of September 4th into the early morning of September 5th. ||The highest winds measured were at the Dauphin Island CMAN station, which was impacted by the northern eyewall, with sustained winds of 62 mph with gusts to 74 mph. Buoy 42012, 12 miles south of Orange Beach, recorded sustained winds of 47 mph with gusts to 60 mph. In Mobile Bay, the highest winds measured were at Buccanneer Yacht Club Weatherflow station, which is near the mouth of the Dog River. At this location, sustained winds peaked at 45 mph with gusts to 57 mph.",NA,CSV
201809,4,1200,201809,5,0,131253,785308,GULF OF MEXICO,85,2018,September,Marine Tropical Storm,Z,675,WATERS FROM OKALOOSA-WALTON COUNTY LINE TO PENSACOLA FL 20 TO 60 NM,85675,MOB,04-SEP-18 12:00:00,CST-6,05-SEP-18 00:00:00,0,0,0,0,0.00K,0.00K,Official NWS Observations,NA,NA,NA,NA,NA,NA,NA,NA,NA,NA,NA,NA,NA,NA,NA,NA,NA,NA,NA,NA,NA,"Tropical Storm Gordon moved across the Alabama and northwest Florida Gulf waters during the afternoon and evening of September 4, 2018. Gordon made landfall just west of the Alabama-Mississippi at 1015 PM CDT on September 4 with estimated maximum sustained winds of 70 mph. Gordon then tracked northwest into portions of inland southeast Mississippi late on the night of September 4th into the early morning of September 5th. ||The highest winds measured were at the Dauphin Island CMAN station, which was impacted by the northern eyewall, with sustained winds of 62 mph with gusts to 74 mph. Buoy 42012, 12 miles south of Orange Beach, recorded sustained winds of 47 mph with gusts to 60 mph. In Mobile Bay, the highest winds measured were at Buccanneer Yacht Club Weatherflow station, which is near the mouth of the Dog River. At this location, sustained winds peaked at 45 mph with gusts to 57 mph.",NA,CSV
201809,4,1200,201809,5,0,131253,785309,GULF OF MEXICO,85,2018,September,Marine Tropical Storm,Z,650,COASTAL WATERS FROM PENSACOLA FL TO PASCAGOULA MS OUT 20 NM,85650,MOB,04-SEP-18 12:00:00,CST-6,05-SEP-18 00:00:00,0,0,0,0,0.00K,0.00K,Official NWS Observations,NA,NA,NA,NA,NA,NA,NA,NA,NA,NA,NA,NA,NA,NA,NA,NA,NA,NA,NA,NA,NA,"Tropical Storm Gordon moved across the Alabama and northwest Florida Gulf waters during the afternoon and evening of September 4, 2018. Gordon made landfall just west of the Alabama-Mississippi at 1015 PM CDT on September 4 with estimated maximum sustained winds of 70 mph. Gordon then tracked northwest into portions of inland southeast Mississippi late on the night of September 4th into the early morning of September 5th. ||The highest winds measured were at the Dauphin Island CMAN station, which was impacted by the northern eyewall, with sustained winds of 62 mph with gusts to 74 mph. Buoy 42012, 12 miles south of Orange Beach, recorded sustained winds of 47 mph with gusts to 60 mph. In Mobile Bay, the highest winds measured were at Buccanneer Yacht Club Weatherflow station, which is near the mouth of the Dog River. At this location, sustained winds peaked at 45 mph with gusts to 57 mph.",NA,CSV
201809,4,1200,201809,5,0,131253,785310,GULF OF MEXICO,85,2018,September,Marine Tropical Storm,Z,670,WATERS FROM PENSACOLA FL TO PASCAGOULA MS FROM 20 TO 60 NM,85670,MOB,04-SEP-18 12:00:00,CST-6,05-SEP-18 00:00:00,0,0,0,0,0.00K,0.00K,Official NWS Observations,NA,NA,NA,NA,NA,NA,NA,NA,NA,NA,NA,NA,NA,NA,NA,NA,NA,NA,NA,NA,NA,"Tropical Storm Gordon moved across the Alabama and northwest Florida Gulf waters during the afternoon and evening of September 4, 2018. Gordon made landfall just west of the Alabama-Mississippi at 1015 PM CDT on September 4 with estimated maximum sustained winds of 70 mph. Gordon then tracked northwest into portions of inland southeast Mississippi late on the night of September 4th into the early morning of September 5th. ||The highest winds measured were at the Dauphin Island CMAN station, which was impacted by the northern eyewall, with sustained winds of 62 mph with gusts to 74 mph. Buoy 42012, 12 miles south of Orange Beach, recorded sustained winds of 47 mph with gusts to 60 mph. In Mobile Bay, the highest winds measured were at Buccanneer Yacht Club Weatherflow station, which is near the mouth of the Dog River. At this location, sustained winds peaked at 45 mph with gusts to 57 mph.",NA,CSV
201809,4,1700,201809,5,0,131253,785314,GULF OF MEXICO,85,2018,September,Marine Tropical Storm,Z,634,PENSACOLA BAY AREA INCLUDING SANTA ROSA SOUND,85634,MOB,04-SEP-18 17:00:00,CST-6,05-SEP-18 00:00:00,0,0,0,0,0.00K,0.00K,Official NWS Observations,NA,NA,NA,NA,NA,NA,NA,NA,NA,NA,NA,NA,NA,NA,NA,NA,NA,NA,NA,NA,NA,"Tropical Storm Gordon moved across the Alabama and northwest Florida Gulf waters during the afternoon and evening of September 4, 2018. Gordon made landfall just west of the Alabama-Mississippi at 1015 PM CDT on September 4 with estimated maximum sustained winds of 70 mph. Gordon then tracked northwest into portions of inland southeast Mississippi late on the night of September 4th into the early morning of September 5th. ||The highest winds measured were at the Dauphin Island CMAN station, which was impacted by the northern eyewall, with sustained winds of 62 mph with gusts to 74 mph. Buoy 42012, 12 miles south of Orange Beach, recorded sustained winds of 47 mph with gusts to 60 mph. In Mobile Bay, the highest winds measured were at Buccanneer Yacht Club Weatherflow station, which is near the mouth of the Dog River. At this location, sustained winds peaked at 45 mph with gusts to 57 mph.",NA,CSV
201809,4,1700,201809,5,0,131253,785311,GULF OF MEXICO,85,2018,September,Marine Tropical Storm,Z,632,MISSISSIPPI SOUND,85632,MOB,04-SEP-18 17:00:00,CST-6,05-SEP-18 00:00:00,0,0,0,0,0.00K,0.00K,Official NWS Observations,NA,NA,NA,NA,NA,NA,NA,NA,NA,NA,NA,NA,NA,NA,NA,NA,NA,NA,NA,NA,NA,"Tropical Storm Gordon moved across the Alabama and northwest Florida Gulf waters during the afternoon and evening of September 4, 2018. Gordon made landfall just west of the Alabama-Mississippi at 1015 PM CDT on September 4 with estimated maximum sustained winds of 70 mph. Gordon then tracked northwest into portions of inland southeast Mississippi late on the night of September 4th into the early morning of September 5th. ||The highest winds measured were at the Dauphin Island CMAN station, which was impacted by the northern eyewall, with sustained winds of 62 mph with gusts to 74 mph. Buoy 42012, 12 miles south of Orange Beach, recorded sustained winds of 47 mph with gusts to 60 mph. In Mobile Bay, the highest winds measured were at Buccanneer Yacht Club Weatherflow station, which is near the mouth of the Dog River. At this location, sustained winds peaked at 45 mph with gusts to 57 mph.",NA,CSV
201805,26,1816,201805,27,126,127093,761582,GULF OF MEXICO,85,2018,May,Marine Tropical Storm,Z,33,GULF OF MEXICO FROM EAST CAPE SABLE TO CHOKOLOSKEE 20 TO 60 NM OUT AND BEYOND 5 FATHOMS,85033,KEY,26-MAY-18 18:16:00,EST-5,27-MAY-18 01:26:00,0,0,0,0,0.00K,0.00K,Mesonet,NA,NA,NA,NA,NA,NA,NA,NA,NA,NA,NA,NA,NA,NA,NA,NA,NA,NA,NA,NA,NA,Subtropical Storm Alberto passed well west of Key West and the Dry Tortugas.  Occasional gale-force wind gusts occurred over the open southeast Gulf of Mexico waters and western Straits of Florida.,"Occasional subtropical storm force wind gusts occurred at Smith Shoal Light, located outside the Northwest Channel out of Key West in the southeast Gulf of Mexico.  The maximum wind gust recorded was 40 knots at 6:46 pm EST on May 26, 2018.  No sustained subtropical storm force wind gusts were recorded at Smith Shoal Light, nor Pulaski Shoal Light near Dry Tortugas National Park.",CSV
201805,27,700,201805,27,700,124929,749317,GULF OF MEXICO,85,2018,May,Marine Tropical Storm,Z,853,ENGLEWOOD TO TARPON SPRINGS FL OUT 20NM,85853,TBW,27-MAY-18 07:00:00,EST-5,27-MAY-18 07:00:00,0,0,0,0,0.00K,0.00K,Buoy,NA,NA,NA,NA,NA,NA,NA,NA,NA,NA,NA,NA,NA,NA,NA,NA,NA,NA,NA,NA,NA,Subtropical Storm Alberto formed in the northwestern Caribbean Sea on the morning of May 25th and moved north through through the eastern Gulf before making landfall near Laguna Beach Florida on the afternoon of the 28th with a minimum central pressure of 990mb. The highest wind gusts over the Gulf Waters off of West Central and Southwest Florida was a gust to 57 knots at the COMPS buoy C10 southwest of Longboat key.,Subtropical Storm Alberto formed in the northwestern Caribbean Sea on the morning of May 25th and moved north through through the eastern Gulf before making landfall near Laguna Beach Florida on the afternoon of the 28th with a minimum central pressure of 990mb. ||COMPS Buoy 20 miles southwest of Longboat Key recorded a wind gust of 57 knots...65 mph.,CSV
201809,4,1800,201809,5,600,129185,774218,GULF OF MEXICO,85,2018,September,Marine Tropical Storm,Z,532,MISSISSIPPI SOUND,85532,LIX,04-SEP-18 18:00:00,CST-6,05-SEP-18 06:00:00,0,0,0,0,0.00K,0.00K,C-MAN Station,NA,NA,NA,NA,NA,NA,NA,NA,NA,NA,NA,NA,NA,NA,NA,NA,NA,NA,NA,NA,NA,"Tropical Storm Gordon was first classified as a Potential Tropical Cyclone as a tropical wave between Cuba and the Bahamas on September 2nd. It became Tropical Storm Gordon over the Florida Keys on the morning of September 3rd. The storm continued to move northwestward and made landfall just west of the Alabama-Mississippi border around 1015 pm CDT on September 4th as a tropical storm with maximum sustained winds of 70 mph. The storm was downgraded to a tropical depression over central Mississippi on the morning of September 5th, and was declared a remnant low near the Arkansas-Missouri border on the evening of the 7th.||Tide levels of 1 to 2.5 feet above normal were reported with minimal if any impacts. ||Tropical storm force winds were reported over portions of the coastal waters. A sustained wind of 51 knots (59 mph) and a gust to 64 knots (74 mph) was measured at the Petit Bois CMAN Station in Mississippi Sound. On land, the strongest sustained wind was 33 knots (38 mph) with a gust to 49 knots (56 mph) at Pascagoula Trent Lott International Airport.   In Jackson County Mississippi, several mobile homes were damaged by falling trees. Approximately 6,000 people were affected by power outages, and 88 citizens needed to be housed in shelters.   No tropical storm force winds were observed in the other coastal counties of Harrison or Hancock.",Tropical Storm Gordon produced a 51 knot sustained wind with a 64 knot gust at the Petit Bois CMAN station (PTBM6) at 952 pm CDT on the 4th.||A 34 knot sustained wind was observed at Grand Bay Reserve at 1015 pm CDT.,CSV
201809,4,600,201809,5,600,129185,774221,GULF OF MEXICO,85,2018,September,Marine Tropical Storm,Z,577,COASTAL WATERS FROM PASCAGOULA MISSISSIPPI TO STAKE ISLAND LOUISIANA FROM 20 TO 60 NM,85577,LIX,04-SEP-18 06:00:00,CST-6,05-SEP-18 06:00:00,0,0,0,0,0.00K,0.00K,Buoy,NA,NA,NA,NA,NA,NA,NA,NA,NA,NA,NA,NA,NA,NA,NA,NA,NA,NA,NA,NA,NA,"Tropical Storm Gordon was first classified as a Potential Tropical Cyclone as a tropical wave between Cuba and the Bahamas on September 2nd. It became Tropical Storm Gordon over the Florida Keys on the morning of September 3rd. The storm continued to move northwestward and made landfall just west of the Alabama-Mississippi border around 1015 pm CDT on September 4th as a tropical storm with maximum sustained winds of 70 mph. The storm was downgraded to a tropical depression over central Mississippi on the morning of September 5th, and was declared a remnant low near the Arkansas-Missouri border on the evening of the 7th.||Tide levels of 1 to 2.5 feet above normal were reported with minimal if any impacts. ||Tropical storm force winds were reported over portions of the coastal waters. A sustained wind of 51 knots (59 mph) and a gust to 64 knots (74 mph) was measured at the Petit Bois CMAN Station in Mississippi Sound. On land, the strongest sustained wind was 33 knots (38 mph) with a gust to 49 knots (56 mph) at Pascagoula Trent Lott International Airport.   In Jackson County Mississippi, several mobile homes were damaged by falling trees. Approximately 6,000 people were affected by power outages, and 88 citizens needed to be housed in shelters.   No tropical storm force winds were observed in the other coastal counties of Harrison or Hancock.",Buoy 42040 reported a 35 knot wind gust during Tropical Storm Gordon at 930 am CDT on September 4th. ||The AWOS platform in Main Pass Block 289C (KVKY) reported a 35 knot wind gust at 1035 am CDT on the 4th in association with Tropical Storm Gordon.,CSV
201809,4,600,201809,5,600,129185,774225,GULF OF MEXICO,85,2018,September,Marine Tropical Storm,Z,555,COASTAL WATERS FROM BOOTHVILLE LOUISIANA TO SOUTHWEST PASS OF THE MISSISSIPPI RIVER OUT 20 NM,85555,LIX,04-SEP-18 06:00:00,CST-6,05-SEP-18 06:00:00,0,0,0,0,0.00K,0.00K,AWOS,NA,NA,NA,NA,NA,NA,NA,NA,NA,NA,NA,NA,NA,NA,NA,NA,NA,NA,NA,NA,NA,"Tropical Storm Gordon was first classified as a Potential Tropical Cyclone as a tropical wave between Cuba and the Bahamas on September 2nd. It became Tropical Storm Gordon over the Florida Keys on the morning of September 3rd. The storm continued to move northwestward and made landfall just west of the Alabama-Mississippi border around 1015 pm CDT on September 4th as a tropical storm with maximum sustained winds of 70 mph. The storm was downgraded to a tropical depression over central Mississippi on the morning of September 5th, and was declared a remnant low near the Arkansas-Missouri border on the evening of the 7th.||Tide levels of 1 to 2.5 feet above normal were reported with minimal if any impacts. ||Tropical storm force winds were reported over portions of the coastal waters. A sustained wind of 51 knots (59 mph) and a gust to 64 knots (74 mph) was measured at the Petit Bois CMAN Station in Mississippi Sound. On land, the strongest sustained wind was 33 knots (38 mph) with a gust to 49 knots (56 mph) at Pascagoula Trent Lott International Airport.   In Jackson County Mississippi, several mobile homes were damaged by falling trees. Approximately 6,000 people were affected by power outages, and 88 citizens needed to be housed in shelters.   No tropical storm force winds were observed in the other coastal counties of Harrison or Hancock.",The AWOS platform in Main Pass Block 140B (KMIS) reported a 35 knot wind gust at 715 am CDT on September 4th during Tropical Storm Gordon.,CSV
201810,10,1200,201810,11,0,131943,790315,GULF OF MEXICO,85,2018,October,Marine Tropical Storm,Z,650,COASTAL WATERS FROM PENSACOLA FL TO PASCAGOULA MS OUT 20 NM,85650,MOB,10-OCT-18 12:00:00,CST-6,11-OCT-18 00:00:00,0,0,0,0,0.00K,0.00K,Official NWS Observations,NA,NA,NA,NA,NA,NA,NA,NA,NA,NA,NA,NA,NA,NA,NA,NA,NA,NA,NA,NA,NA,"Major Hurricane Michael made landfall near Mexico Beach, FL around 1 PM CDT on October 10, 2018 with estimated maximum winds on 155 mph. Michael then tracked northeast in southern Georgia by that evening.||Michael produced tropical storm force winds over the open Gulf waters of Alabama and northwest Florida, as well as in Choctawhatchee Bay. ||The highest winds measured were at bouy 42012 south of Orange Beach which measured 43 mph with gusts to 52 mph. A Choctawhatchee Bay Weatherflow site recorded winds of 40 mph with gusts to 53 mph. A Weatherflow site on the Okaloosa Pier recorded winds of 37 mph with gusts to 52 mph.",NA,CSV
201810,10,1200,201810,11,0,131943,790319,GULF OF MEXICO,85,2018,October,Marine Tropical Storm,Z,670,WATERS FROM PENSACOLA FL TO PASCAGOULA MS FROM 20 TO 60 NM,85670,MOB,10-OCT-18 12:00:00,CST-6,11-OCT-18 00:00:00,0,0,0,0,0.00K,0.00K,Official NWS Observations,NA,NA,NA,NA,NA,NA,NA,NA,NA,NA,NA,NA,NA,NA,NA,NA,NA,NA,NA,NA,NA,"Major Hurricane Michael made landfall near Mexico Beach, FL around 1 PM CDT on October 10, 2018 with estimated maximum winds on 155 mph. Michael then tracked northeast in southern Georgia by that evening.||Michael produced tropical storm force winds over the open Gulf waters of Alabama and northwest Florida, as well as in Choctawhatchee Bay. ||The highest winds measured were at bouy 42012 south of Orange Beach which measured 43 mph with gusts to 52 mph. A Choctawhatchee Bay Weatherflow site recorded winds of 40 mph with gusts to 53 mph. A Weatherflow site on the Okaloosa Pier recorded winds of 37 mph with gusts to 52 mph.",NA,CSV
201810,10,1200,201810,11,0,131943,790322,GULF OF MEXICO,85,2018,October,Marine Tropical Storm,Z,670,WATERS FROM PENSACOLA FL TO PASCAGOULA MS FROM 20 TO 60 NM,85670,MOB,10-OCT-18 12:00:00,CST-6,11-OCT-18 00:00:00,0,0,0,0,0.00K,0.00K,Official NWS Observations,NA,NA,NA,NA,NA,NA,NA,NA,NA,NA,NA,NA,NA,NA,NA,NA,NA,NA,NA,NA,NA,"Major Hurricane Michael made landfall near Mexico Beach, FL around 1 PM CDT on October 10, 2018 with estimated maximum winds on 155 mph. Michael then tracked northeast in southern Georgia by that evening.||Michael produced tropical storm force winds over the open Gulf waters of Alabama and northwest Florida, as well as in Choctawhatchee Bay. ||The highest winds measured were at bouy 42012 south of Orange Beach which measured 43 mph with gusts to 52 mph. A Choctawhatchee Bay Weatherflow site recorded winds of 40 mph with gusts to 53 mph. A Weatherflow site on the Okaloosa Pier recorded winds of 37 mph with gusts to 52 mph.",NA,CSV
201810,10,1200,201810,11,0,131943,790313,GULF OF MEXICO,85,2018,October,Marine Tropical Storm,Z,635,WESTERN CHOCTAWATCHEE BAY,85635,MOB,10-OCT-18 12:00:00,CST-6,11-OCT-18 00:00:00,0,0,0,0,0.00K,0.00K,Official NWS Observations,NA,NA,NA,NA,NA,NA,NA,NA,NA,NA,NA,NA,NA,NA,NA,NA,NA,NA,NA,NA,NA,"Major Hurricane Michael made landfall near Mexico Beach, FL around 1 PM CDT on October 10, 2018 with estimated maximum winds on 155 mph. Michael then tracked northeast in southern Georgia by that evening.||Michael produced tropical storm force winds over the open Gulf waters of Alabama and northwest Florida, as well as in Choctawhatchee Bay. ||The highest winds measured were at bouy 42012 south of Orange Beach which measured 43 mph with gusts to 52 mph. A Choctawhatchee Bay Weatherflow site recorded winds of 40 mph with gusts to 53 mph. A Weatherflow site on the Okaloosa Pier recorded winds of 37 mph with gusts to 52 mph.",NA,CSV
201810,10,1200,201810,11,0,131943,790314,GULF OF MEXICO,85,2018,October,Marine Tropical Storm,Z,655,COASTAL WATERS FROM OKALOOSA-WALTON COUNTY LINE TO PENSACOLA FL OUT 20 NM,85655,MOB,10-OCT-18 12:00:00,CST-6,11-OCT-18 00:00:00,0,0,0,0,0.00K,0.00K,Official NWS Observations,NA,NA,NA,NA,NA,NA,NA,NA,NA,NA,NA,NA,NA,NA,NA,NA,NA,NA,NA,NA,NA,"Major Hurricane Michael made landfall near Mexico Beach, FL around 1 PM CDT on October 10, 2018 with estimated maximum winds on 155 mph. Michael then tracked northeast in southern Georgia by that evening.||Michael produced tropical storm force winds over the open Gulf waters of Alabama and northwest Florida, as well as in Choctawhatchee Bay. ||The highest winds measured were at bouy 42012 south of Orange Beach which measured 43 mph with gusts to 52 mph. A Choctawhatchee Bay Weatherflow site recorded winds of 40 mph with gusts to 53 mph. A Weatherflow site on the Okaloosa Pier recorded winds of 37 mph with gusts to 52 mph.",NA,CSV
201809,4,1700,201809,5,0,131253,785312,GULF OF MEXICO,85,2018,September,Marine Tropical Storm,Z,631,SOUTH MOBILE BAY,85631,MOB,04-SEP-18 17:00:00,CST-6,05-SEP-18 00:00:00,0,0,0,0,0.00K,0.00K,Official NWS Observations,NA,NA,NA,NA,NA,NA,NA,NA,NA,NA,NA,NA,NA,NA,NA,NA,NA,NA,NA,NA,NA,"Tropical Storm Gordon moved across the Alabama and northwest Florida Gulf waters during the afternoon and evening of September 4, 2018. Gordon made landfall just west of the Alabama-Mississippi at 1015 PM CDT on September 4 with estimated maximum sustained winds of 70 mph. Gordon then tracked northwest into portions of inland southeast Mississippi late on the night of September 4th into the early morning of September 5th. ||The highest winds measured were at the Dauphin Island CMAN station, which was impacted by the northern eyewall, with sustained winds of 62 mph with gusts to 74 mph. Buoy 42012, 12 miles south of Orange Beach, recorded sustained winds of 47 mph with gusts to 60 mph. In Mobile Bay, the highest winds measured were at Buccanneer Yacht Club Weatherflow station, which is near the mouth of the Dog River. At this location, sustained winds peaked at 45 mph with gusts to 57 mph.",NA,CSV
201809,4,1700,201809,5,0,131253,785313,GULF OF MEXICO,85,2018,September,Marine Tropical Storm,Z,630,NORTH MOBILE BAY,85630,MOB,04-SEP-18 17:00:00,CST-6,05-SEP-18 00:00:00,0,0,0,0,0.00K,0.00K,Official NWS Observations,NA,NA,NA,NA,NA,NA,NA,NA,NA,NA,NA,NA,NA,NA,NA,NA,NA,NA,NA,NA,NA,"Tropical Storm Gordon moved across the Alabama and northwest Florida Gulf waters during the afternoon and evening of September 4, 2018. Gordon made landfall just west of the Alabama-Mississippi at 1015 PM CDT on September 4 with estimated maximum sustained winds of 70 mph. Gordon then tracked northwest into portions of inland southeast Mississippi late on the night of September 4th into the early morning of September 5th. ||The highest winds measured were at the Dauphin Island CMAN station, which was impacted by the northern eyewall, with sustained winds of 62 mph with gusts to 74 mph. Buoy 42012, 12 miles south of Orange Beach, recorded sustained winds of 47 mph with gusts to 60 mph. In Mobile Bay, the highest winds measured were at Buccanneer Yacht Club Weatherflow station, which is near the mouth of the Dog River. At this location, sustained winds peaked at 45 mph with gusts to 57 mph.",NA,CSV
201810,10,1200,201810,11,0,131943,790316,GULF OF MEXICO,85,2018,October,Marine Tropical Storm,Z,634,PENSACOLA BAY AREA INCLUDING SANTA ROSA SOUND,85634,MOB,10-OCT-18 12:00:00,CST-6,11-OCT-18 00:00:00,0,0,0,0,0.00K,0.00K,Official NWS Observations,NA,NA,NA,NA,NA,NA,NA,NA,NA,NA,NA,NA,NA,NA,NA,NA,NA,NA,NA,NA,NA,"Major Hurricane Michael made landfall near Mexico Beach, FL around 1 PM CDT on October 10, 2018 with estimated maximum winds on 155 mph. Michael then tracked northeast in southern Georgia by that evening.||Michael produced tropical storm force winds over the open Gulf waters of Alabama and northwest Florida, as well as in Choctawhatchee Bay. ||The highest winds measured were at bouy 42012 south of Orange Beach which measured 43 mph with gusts to 52 mph. A Choctawhatchee Bay Weatherflow site recorded winds of 40 mph with gusts to 53 mph. A Weatherflow site on the Okaloosa Pier recorded winds of 37 mph with gusts to 52 mph.",NA,CSV
201810,10,1200,201810,11,0,131943,790320,GULF OF MEXICO,85,2018,October,Marine Tropical Storm,Z,650,COASTAL WATERS FROM PENSACOLA FL TO PASCAGOULA MS OUT 20 NM,85650,MOB,10-OCT-18 12:00:00,CST-6,11-OCT-18 00:00:00,0,0,0,0,0.00K,0.00K,Official NWS Observations,NA,NA,NA,NA,NA,NA,NA,NA,NA,NA,NA,NA,NA,NA,NA,NA,NA,NA,NA,NA,NA,"Major Hurricane Michael made landfall near Mexico Beach, FL around 1 PM CDT on October 10, 2018 with estimated maximum winds on 155 mph. Michael then tracked northeast in southern Georgia by that evening.||Michael produced tropical storm force winds over the open Gulf waters of Alabama and northwest Florida, as well as in Choctawhatchee Bay. ||The highest winds measured were at bouy 42012 south of Orange Beach which measured 43 mph with gusts to 52 mph. A Choctawhatchee Bay Weatherflow site recorded winds of 40 mph with gusts to 53 mph. A Weatherflow site on the Okaloosa Pier recorded winds of 37 mph with gusts to 52 mph.",NA,CSV
201810,9,2310,201810,10,10,131000,783710,GULF OF MEXICO,85,2018,October,Marine Tropical Storm,Z,577,COASTAL WATERS FROM PASCAGOULA MISSISSIPPI TO STAKE ISLAND LOUISIANA FROM 20 TO 60 NM,85577,LIX,09-OCT-18 23:10:00,CST-6,10-OCT-18 00:10:00,0,0,0,0,0.00K,0.00K,Buoy,NA,NA,NA,NA,NA,NA,NA,NA,NA,NA,NA,NA,NA,NA,NA,NA,NA,NA,NA,NA,NA,"Hurricane Michael was first classified as a Potential Tropical Cyclone on October 6th in the northwest Caribbean Sea. It became a Tropical Storm at midday on the 7th, and a Hurricane on the morning of the 8th as it passed by the western tip of Cuba. Michael continued to strengthen to a Category 4 hurricane before making landfall near Panama City, Florida during the afternoon of the 9th. ||Impacts over the local area were limited to marine wind and minor coastal flooding issues.",A 39 knot wind gust was noted at Buoy 42040 (Luke Offshore Test Platform). A sustained 41 knot wind with a gust to 52 knots was measured at AWOS platform KVKY in Main Pass Block 289C.,CSV
201810,9,2300,201810,10,100,131000,783712,GULF OF MEXICO,85,2018,October,Marine Tropical Storm,Z,555,COASTAL WATERS FROM BOOTHVILLE LOUISIANA TO SOUTHWEST PASS OF THE MISSISSIPPI RIVER OUT 20 NM,85555,LIX,09-OCT-18 23:00:00,CST-6,10-OCT-18 01:00:00,0,0,0,0,0.00K,0.00K,AWOS,NA,NA,NA,NA,NA,NA,NA,NA,NA,NA,NA,NA,NA,NA,NA,NA,NA,NA,NA,NA,NA,"Hurricane Michael was first classified as a Potential Tropical Cyclone on October 6th in the northwest Caribbean Sea. It became a Tropical Storm at midday on the 7th, and a Hurricane on the morning of the 8th as it passed by the western tip of Cuba. Michael continued to strengthen to a Category 4 hurricane before making landfall near Panama City, Florida during the afternoon of the 9th. ||Impacts over the local area were limited to marine wind and minor coastal flooding issues.",The AWOS platform in Main Pass Block 140B (KMIS) reported a sustained wind of 33 knots with gusts to 45 knots.,CSV
201810,8,2000,201810,9,200,131000,783713,GULF OF MEXICO,85,2018,October,Marine Tropical Storm,Z,532,MISSISSIPPI SOUND,85532,LIX,08-OCT-18 20:00:00,CST-6,09-OCT-18 02:00:00,0,0,0,0,0.00K,0.00K,C-MAN Station,NA,NA,NA,NA,NA,NA,NA,NA,NA,NA,NA,NA,NA,NA,NA,NA,NA,NA,NA,NA,NA,"Hurricane Michael was first classified as a Potential Tropical Cyclone on October 6th in the northwest Caribbean Sea. It became a Tropical Storm at midday on the 7th, and a Hurricane on the morning of the 8th as it passed by the western tip of Cuba. Michael continued to strengthen to a Category 4 hurricane before making landfall near Panama City, Florida during the afternoon of the 9th. ||Impacts over the local area were limited to marine wind and minor coastal flooding issues.",The CMAN station at Bay Waveland Yacht Club reported a 38 knot wind gust. The CMAN station at Petit Bois Island reported a 39 knot wind gust.,CSV
201810,7,2200,201810,7,2300,131000,783715,GULF OF MEXICO,85,2018,October,Marine Tropical Storm,Z,534,LAKE BORGNE,85534,LIX,07-OCT-18 22:00:00,CST-6,07-OCT-18 23:00:00,0,0,0,0,0.00K,0.00K,C-MAN Station,NA,NA,NA,NA,NA,NA,NA,NA,NA,NA,NA,NA,NA,NA,NA,NA,NA,NA,NA,NA,NA,"Hurricane Michael was first classified as a Potential Tropical Cyclone on October 6th in the northwest Caribbean Sea. It became a Tropical Storm at midday on the 7th, and a Hurricane on the morning of the 8th as it passed by the western tip of Cuba. Michael continued to strengthen to a Category 4 hurricane before making landfall near Panama City, Florida during the afternoon of the 9th. ||Impacts over the local area were limited to marine wind and minor coastal flooding issues.",A 42 knot wind gust was noted at Shell Beach.,CSV
201810,8,2300,201810,9,0,131000,783717,GULF OF MEXICO,85,2018,October,Marine Tropical Storm,Z,534,LAKE BORGNE,85534,LIX,08-OCT-18 23:00:00,CST-6,09-OCT-18 00:00:00,0,0,0,0,0.00K,0.00K,C-MAN Station,NA,NA,NA,NA,NA,NA,NA,NA,NA,NA,NA,NA,NA,NA,NA,NA,NA,NA,NA,NA,NA,"Hurricane Michael was first classified as a Potential Tropical Cyclone on October 6th in the northwest Caribbean Sea. It became a Tropical Storm at midday on the 7th, and a Hurricane on the morning of the 8th as it passed by the western tip of Cuba. Michael continued to strengthen to a Category 4 hurricane before making landfall near Panama City, Florida during the afternoon of the 9th. ||Impacts over the local area were limited to marine wind and minor coastal flooding issues.",A 40 knot wind gust was noted at Shell Beach.,CSV
201810,9,500,201810,9,600,131000,783718,GULF OF MEXICO,85,2018,October,Marine Tropical Storm,Z,550,COASTAL WATERS FROM PORT FOURCHON LOUISIANA TO LOWER ATCHAFALAYA RIVER LOUISIANA OUT 20 NM,85550,LIX,09-OCT-18 05:00:00,CST-6,09-OCT-18 06:00:00,0,0,0,0,0.00K,0.00K,C-MAN Station,NA,NA,NA,NA,NA,NA,NA,NA,NA,NA,NA,NA,NA,NA,NA,NA,NA,NA,NA,NA,NA,"Hurricane Michael was first classified as a Potential Tropical Cyclone on October 6th in the northwest Caribbean Sea. It became a Tropical Storm at midday on the 7th, and a Hurricane on the morning of the 8th as it passed by the western tip of Cuba. Michael continued to strengthen to a Category 4 hurricane before making landfall near Panama City, Florida during the afternoon of the 9th. ||Impacts over the local area were limited to marine wind and minor coastal flooding issues.",A 40 knot wind gust was noted at the CMAN station in South Timbalier Block 52 (SPLL1).,CSV
201810,8,1700,201810,8,2200,131000,783720,GULF OF MEXICO,85,2018,October,Marine Tropical Storm,Z,555,COASTAL WATERS FROM BOOTHVILLE LOUISIANA TO SOUTHWEST PASS OF THE MISSISSIPPI RIVER OUT 20 NM,85555,LIX,08-OCT-18 17:00:00,CST-6,08-OCT-18 22:00:00,0,0,0,0,0.00K,0.00K,C-MAN Station,NA,NA,NA,NA,NA,NA,NA,NA,NA,NA,NA,NA,NA,NA,NA,NA,NA,NA,NA,NA,NA,"Hurricane Michael was first classified as a Potential Tropical Cyclone on October 6th in the northwest Caribbean Sea. It became a Tropical Storm at midday on the 7th, and a Hurricane on the morning of the 8th as it passed by the western tip of Cuba. Michael continued to strengthen to a Category 4 hurricane before making landfall near Panama City, Florida during the afternoon of the 9th. ||Impacts over the local area were limited to marine wind and minor coastal flooding issues.",Wind gusts as high as 41 knots were noted at Pilots Station East at Southwest Pass.,CSV
201810,9,2300,201810,10,2000,130187,789473,GULF OF MEXICO,85,2018,October,Marine Tropical Storm,Z,730,APALACHEE BAY OR COASTAL WATERS FROM KEATON BEACH TO OCHLOCKONEE RIVER FL OUT TO 20 NM,85730,TAE,09-OCT-18 23:00:00,EST-5,10-OCT-18 20:00:00,0,0,0,0,0.00K,0.00K,Official NWS Observations,NA,NA,NA,NA,NA,NA,NA,NA,NA,NA,NA,NA,NA,NA,NA,NA,NA,NA,NA,NA,NA,"Hurricane Michael started as typical weak October Caribbean tropical system. However, after approximately a week of slow development, the system moved into warm Gulf of Mexico waters and rapidly intensified into a major hurricane as it moved north towards the Florida Panhandle. After a 2-day long intensification period over the eastern Gulf, Michael made landfall as an unprecedented (for the region) high-end category 4 hurricane on the Saffir-Simpson Hurricane Wind Scale in the Florida Panhandle with maximum sustained wind speed of 155 mph and a minimum pressure 919 mb. Based on wind, Michael is the fourth most powerful hurricane to hit the United States, behind the Labor Day Hurricane (1935), Hurricane Camille (1969) and Hurricane Andrew (1992), and the most powerful storm to impact the Florida Panhandle in recorded history. Based on central pressure, Michael is the third most powerful hurricane to hit the United States, behind only the Labor Day Hurricane (1935) and Hurricane Camille (1969). The storm caused catastrophic damage from wind and storm surge, particularly in the Panama City Beach to Mexico Beach to Cape San Blas areas.",NA,CSV
201810,9,2300,201810,10,2000,130187,789474,GULF OF MEXICO,85,2018,October,Marine Tropical Storm,Z,765,COASTAL WATERS FROM SUWANNEE RIVER TO KEATON BEACH OUT TO 20 NM,85765,TAE,09-OCT-18 23:00:00,EST-5,10-OCT-18 20:00:00,0,0,0,0,0.00K,0.00K,Official NWS Observations,NA,NA,NA,NA,NA,NA,NA,NA,NA,NA,NA,NA,NA,NA,NA,NA,NA,NA,NA,NA,NA,"Hurricane Michael started as typical weak October Caribbean tropical system. However, after approximately a week of slow development, the system moved into warm Gulf of Mexico waters and rapidly intensified into a major hurricane as it moved north towards the Florida Panhandle. After a 2-day long intensification period over the eastern Gulf, Michael made landfall as an unprecedented (for the region) high-end category 4 hurricane on the Saffir-Simpson Hurricane Wind Scale in the Florida Panhandle with maximum sustained wind speed of 155 mph and a minimum pressure 919 mb. Based on wind, Michael is the fourth most powerful hurricane to hit the United States, behind the Labor Day Hurricane (1935), Hurricane Camille (1969) and Hurricane Andrew (1992), and the most powerful storm to impact the Florida Panhandle in recorded history. Based on central pressure, Michael is the third most powerful hurricane to hit the United States, behind only the Labor Day Hurricane (1935) and Hurricane Camille (1969). The storm caused catastrophic damage from wind and storm surge, particularly in the Panama City Beach to Mexico Beach to Cape San Blas areas.",NA,CSV
201810,9,1800,201810,9,1800,130735,782461,GULF OF MEXICO,85,2018,October,Marine Tropical Storm,Z,876,BONITA BEACH TO ENGLEWOOD FL 20 TO 60NM,85876,TBW,09-OCT-18 18:00:00,EST-5,09-OCT-18 18:00:00,0,0,0,0,0.00K,0.00K,Mesonet,NA,NA,NA,NA,NA,NA,NA,NA,NA,NA,NA,NA,NA,NA,NA,NA,NA,NA,NA,NA,NA,"Hurricane Michael developed as a tropical depression in the western Caribbean on October 7th and strengthened into a major hurricane as it moved north through the Gulf of Mexico before making landfall near Mexico Beach on October 10th. Across west central and southwest Florida, Hurricane Michael caused isolated spots of tropical storm force winds on the 9th and 10th, as well as some minor storm surge along the coast. The peak wind report in west central and southwest Florida was 46 knots at the NOS station in Cedar Key on the afternoon of the 10th. Storm total rainfall was less than 2 inches across the area. At least 4 waterspouts developed in the outer rain bands, one of which made landfall as a brief tornado in Sarasota County. The total damage cost across west central and southwest Florida was estimated to be around $100,000, mostly from storm surge.",The WeatherFlow station XDUN on Honeymoon Island recorded a 40 knot wind gust.,CSV
201810,9,2116,201810,9,2116,130735,782462,GULF OF MEXICO,85,2018,October,Marine Tropical Storm,Z,876,BONITA BEACH TO ENGLEWOOD FL 20 TO 60NM,85876,TBW,09-OCT-18 21:16:00,EST-5,09-OCT-18 21:16:00,0,0,0,0,0.00K,0.00K,Mesonet,NA,NA,NA,NA,NA,NA,NA,NA,NA,NA,NA,NA,NA,NA,NA,NA,NA,NA,NA,NA,NA,"Hurricane Michael developed as a tropical depression in the western Caribbean on October 7th and strengthened into a major hurricane as it moved north through the Gulf of Mexico before making landfall near Mexico Beach on October 10th. Across west central and southwest Florida, Hurricane Michael caused isolated spots of tropical storm force winds on the 9th and 10th, as well as some minor storm surge along the coast. The peak wind report in west central and southwest Florida was 46 knots at the NOS station in Cedar Key on the afternoon of the 10th. Storm total rainfall was less than 2 inches across the area. At least 4 waterspouts developed in the outer rain bands, one of which made landfall as a brief tornado in Sarasota County. The total damage cost across west central and southwest Florida was estimated to be around $100,000, mostly from storm surge.",The WeatherFlow station XEGM on Egmont Key recorded a 42 knot wind gust.,CSV
201810,9,2030,201810,9,2030,130735,782464,GULF OF MEXICO,85,2018,October,Marine Tropical Storm,Z,876,BONITA BEACH TO ENGLEWOOD FL 20 TO 60NM,85876,TBW,09-OCT-18 20:30:00,EST-5,09-OCT-18 20:30:00,0,0,0,0,0.00K,0.00K,Buoy,NA,NA,NA,NA,NA,NA,NA,NA,NA,NA,NA,NA,NA,NA,NA,NA,NA,NA,NA,NA,NA,"Hurricane Michael developed as a tropical depression in the western Caribbean on October 7th and strengthened into a major hurricane as it moved north through the Gulf of Mexico before making landfall near Mexico Beach on October 10th. Across west central and southwest Florida, Hurricane Michael caused isolated spots of tropical storm force winds on the 9th and 10th, as well as some minor storm surge along the coast. The peak wind report in west central and southwest Florida was 46 knots at the NOS station in Cedar Key on the afternoon of the 10th. Storm total rainfall was less than 2 inches across the area. At least 4 waterspouts developed in the outer rain bands, one of which made landfall as a brief tornado in Sarasota County. The total damage cost across west central and southwest Florida was estimated to be around $100,000, mostly from storm surge.",The buoy station 42013 located 20 miles southwest of Longboat Key recorded a 35 knot wind gust.,CSV
201810,9,2221,201810,9,2221,130735,782465,GULF OF MEXICO,85,2018,October,Marine Tropical Storm,Z,830,TAMPA BAY,85830,TBW,09-OCT-18 22:21:00,EST-5,09-OCT-18 22:21:00,0,0,0,0,0.00K,0.00K,Mesonet,NA,NA,NA,NA,NA,NA,NA,NA,NA,NA,NA,NA,NA,NA,NA,NA,NA,NA,NA,NA,NA,"Hurricane Michael developed as a tropical depression in the western Caribbean on October 7th and strengthened into a major hurricane as it moved north through the Gulf of Mexico before making landfall near Mexico Beach on October 10th. Across west central and southwest Florida, Hurricane Michael caused isolated spots of tropical storm force winds on the 9th and 10th, as well as some minor storm surge along the coast. The peak wind report in west central and southwest Florida was 46 knots at the NOS station in Cedar Key on the afternoon of the 10th. Storm total rainfall was less than 2 inches across the area. At least 4 waterspouts developed in the outer rain bands, one of which made landfall as a brief tornado in Sarasota County. The total damage cost across west central and southwest Florida was estimated to be around $100,000, mostly from storm surge.",The WeatherFlow station XSKY located on the Skyway Fishing Pier recorded a 35 knot wind gust.,CSV
201810,9,2153,201810,9,2153,130735,782466,GULF OF MEXICO,85,2018,October,Marine Tropical Storm,Z,830,TAMPA BAY,85830,TBW,09-OCT-18 21:53:00,EST-5,09-OCT-18 21:53:00,0,0,0,0,0.00K,0.00K,AWOS,NA,NA,NA,NA,NA,NA,NA,NA,NA,NA,NA,NA,NA,NA,NA,NA,NA,NA,NA,NA,NA,"Hurricane Michael developed as a tropical depression in the western Caribbean on October 7th and strengthened into a major hurricane as it moved north through the Gulf of Mexico before making landfall near Mexico Beach on October 10th. Across west central and southwest Florida, Hurricane Michael caused isolated spots of tropical storm force winds on the 9th and 10th, as well as some minor storm surge along the coast. The peak wind report in west central and southwest Florida was 46 knots at the NOS station in Cedar Key on the afternoon of the 10th. Storm total rainfall was less than 2 inches across the area. At least 4 waterspouts developed in the outer rain bands, one of which made landfall as a brief tornado in Sarasota County. The total damage cost across west central and southwest Florida was estimated to be around $100,000, mostly from storm surge.",The AWOS station at MacDill Air Force Base (KMCF) recorded a 35 knot wind gust.,CSV
201810,10,1245,201810,10,1245,130735,782467,GULF OF MEXICO,85,2018,October,Marine Tropical Storm,Z,850,TARPON SPRINGS TO SUWANNEE RIVER FL OUT 20NM,85850,TBW,10-OCT-18 12:45:00,EST-5,10-OCT-18 12:45:00,0,0,0,0,0.00K,0.00K,Mesonet,NA,NA,NA,NA,NA,NA,NA,NA,NA,NA,NA,NA,NA,NA,NA,NA,NA,NA,NA,NA,NA,"Hurricane Michael developed as a tropical depression in the western Caribbean on October 7th and strengthened into a major hurricane as it moved north through the Gulf of Mexico before making landfall near Mexico Beach on October 10th. Across west central and southwest Florida, Hurricane Michael caused isolated spots of tropical storm force winds on the 9th and 10th, as well as some minor storm surge along the coast. The peak wind report in west central and southwest Florida was 46 knots at the NOS station in Cedar Key on the afternoon of the 10th. Storm total rainfall was less than 2 inches across the area. At least 4 waterspouts developed in the outer rain bands, one of which made landfall as a brief tornado in Sarasota County. The total damage cost across west central and southwest Florida was estimated to be around $100,000, mostly from storm surge.",The NOS station at Cedar Key (CKYF1) recorded a 46 knot wind gust.,CSV
201907,11,1800,201907,13,1800,140762,846162,GULF OF MEXICO,85,2019,July,Marine Tropical Storm,Z,577,COASTAL WATERS FROM PASCAGOULA MISSISSIPPI TO STAKE ISLAND LOUISIANA FROM 20 TO 60 NM,85577,LIX,11-JUL-19 18:00:00,CST-6,13-JUL-19 18:00:00,0,0,0,0,0.00K,0.00K,NWS Storm Survey,NA,NA,NA,NA,NA,NA,NA,NA,NA,NA,NA,NA,NA,NA,NA,NA,NA,NA,NA,NA,NA,"Hurricane Barry initially developed from a disturbance that moved from Georgia southwest to the northeast Gulf of Mexico on July 8-9, 2019. The weak low pressure system continued to move west-southwest and strengthen, and was eventually classified as Tropical Storm Barry on the morning of July 11th, 95 miles south southeast of the Mouth of the Mississippi River.||Barry continued to move slowly west then northwest and briefly reached hurricane strength on the morning of July 13th before landfall in south-central Louisiana near Intracoastal City, LA, in Vermillion Parish. Tropical storm force winds, reached the southeast Louisiana coast by midday on Friday, July 12th and spread slowly northwest reaching the Baton Rouge area during the evening of July 12th. Tropical storm wind impacts had ended across all of southeast Louisiana by midday on July 14th. Tropical storm force winds were primarily measured in gusts across southeast Louisiana. The|exception was in Terrebonne and Assumption Parishes, close to the landfall location, where sustained tropical storm force winds and frequent gusts caused more significant power line and tree damage. A few tropical storm wind gusts were recorded in the metro New Orleans area but were not very impactful. No hurricane force wind gusts were recorded in southeast Louisiana. A WeatherFlow site at Dulac, Terrebonne Parish, recorded both the maximum sustained wind and highest wind gust on 07/13/2019 at 0739CST: 42kt/48 mph and 59kt/ 68 mph, respectively. The lowest minimum pressure measured in southeast Louisiana was at the Bootheville, LA ASOS with a pressure of 999.3mb on July 12th, at 1706CST.||Mostly minor to moderate storm surge flooding occurred across coastal southeast Louisiana, including Lake Pontchartrain, and a small part of the Mississippi Coast. Terrebonne Parish had significant storm surge flooding in the lower portion of the parish with storm tides of 5 to 8 feet, locally up to 9 feet. Several local levees were overtopped on the morning of July 13th, flooding roads and a few houses. The highest storm tide reading was 9.11 feet NAVD88 at a USGS tide gage at Caillou Lake near Dulac, Terrebonne Parish. The remainder of the area had storm tide readings in the 3 to 5 foot range.||Storm total rainfall was generally between 4 and 8 inches with a maximum rainfall of 8.83 inches recorded northeast of Denham Springs, Livingston Parish. Isolated flash flooding of streets and secondary roadways occurred on Sunday, July 13th in the greater Baton Rouge area, but flash flooding was not widespread or significant.","AWOS platform KVKY in Main Pass Block 289C reported a 39 knot sustained wind at 19:55 CDT on the 11th, and a 43 knot gust at 18:35 CDT on the 12th.",CSV
201907,11,1800,201907,14,1200,140762,846172,GULF OF MEXICO,85,2019,July,Marine Tropical Storm,Z,530,LAKE PONCHARTRAIN AND LAKE MAUREPAS,85530,LIX,11-JUL-19 18:00:00,CST-6,14-JUL-19 12:00:00,0,0,0,0,0.00K,0.00K,NWS Storm Survey,NA,NA,NA,NA,NA,NA,NA,NA,NA,NA,NA,NA,NA,NA,NA,NA,NA,NA,NA,NA,NA,"Hurricane Barry initially developed from a disturbance that moved from Georgia southwest to the northeast Gulf of Mexico on July 8-9, 2019. The weak low pressure system continued to move west-southwest and strengthen, and was eventually classified as Tropical Storm Barry on the morning of July 11th, 95 miles south southeast of the Mouth of the Mississippi River.||Barry continued to move slowly west then northwest and briefly reached hurricane strength on the morning of July 13th before landfall in south-central Louisiana near Intracoastal City, LA, in Vermillion Parish. Tropical storm force winds, reached the southeast Louisiana coast by midday on Friday, July 12th and spread slowly northwest reaching the Baton Rouge area during the evening of July 12th. Tropical storm wind impacts had ended across all of southeast Louisiana by midday on July 14th. Tropical storm force winds were primarily measured in gusts across southeast Louisiana. The|exception was in Terrebonne and Assumption Parishes, close to the landfall location, where sustained tropical storm force winds and frequent gusts caused more significant power line and tree damage. A few tropical storm wind gusts were recorded in the metro New Orleans area but were not very impactful. No hurricane force wind gusts were recorded in southeast Louisiana. A WeatherFlow site at Dulac, Terrebonne Parish, recorded both the maximum sustained wind and highest wind gust on 07/13/2019 at 0739CST: 42kt/48 mph and 59kt/ 68 mph, respectively. The lowest minimum pressure measured in southeast Louisiana was at the Bootheville, LA ASOS with a pressure of 999.3mb on July 12th, at 1706CST.||Mostly minor to moderate storm surge flooding occurred across coastal southeast Louisiana, including Lake Pontchartrain, and a small part of the Mississippi Coast. Terrebonne Parish had significant storm surge flooding in the lower portion of the parish with storm tides of 5 to 8 feet, locally up to 9 feet. Several local levees were overtopped on the morning of July 13th, flooding roads and a few houses. The highest storm tide reading was 9.11 feet NAVD88 at a USGS tide gage at Caillou Lake near Dulac, Terrebonne Parish. The remainder of the area had storm tide readings in the 3 to 5 foot range.||Storm total rainfall was generally between 4 and 8 inches with a maximum rainfall of 8.83 inches recorded northeast of Denham Springs, Livingston Parish. Isolated flash flooding of streets and secondary roadways occurred on Sunday, July 13th in the greater Baton Rouge area, but flash flooding was not widespread or significant.",The WeatherFlow tower at Mid-Lake reported a 35 knot sustained wind at 23:29 CDT on the 12th and a 45 knot gust at 11:14 CDT on the 13th. The NOS station at New Canal (NWCL1) reported a 39 knot gust at 3:12 CDT on the 12th. The ASOS at Lakefront Airport reported a 41 knot wind gust at 13:58 CDT on the 13th. The WeatherFlow site at Mandeville reported a 34 knot wind sustained wind and 44 knot gust shortly before 5:00 CDT on the 13th. The WeatherFlow site at Bayou Bienvenue reported a 38 knot sustained wind and 47 knot gust at 7:51 CDT on the 12th.,CSV
201907,11,1800,201907,13,1800,140762,846173,GULF OF MEXICO,85,2019,July,Marine Tropical Storm,Z,534,LAKE BORGNE,85534,LIX,11-JUL-19 18:00:00,CST-6,13-JUL-19 18:00:00,0,0,0,0,0.00K,0.00K,C-MAN Station,NA,NA,NA,NA,NA,NA,NA,NA,NA,NA,NA,NA,NA,NA,NA,NA,NA,NA,NA,NA,NA,"Hurricane Barry initially developed from a disturbance that moved from Georgia southwest to the northeast Gulf of Mexico on July 8-9, 2019. The weak low pressure system continued to move west-southwest and strengthen, and was eventually classified as Tropical Storm Barry on the morning of July 11th, 95 miles south southeast of the Mouth of the Mississippi River.||Barry continued to move slowly west then northwest and briefly reached hurricane strength on the morning of July 13th before landfall in south-central Louisiana near Intracoastal City, LA, in Vermillion Parish. Tropical storm force winds, reached the southeast Louisiana coast by midday on Friday, July 12th and spread slowly northwest reaching the Baton Rouge area during the evening of July 12th. Tropical storm wind impacts had ended across all of southeast Louisiana by midday on July 14th. Tropical storm force winds were primarily measured in gusts across southeast Louisiana. The|exception was in Terrebonne and Assumption Parishes, close to the landfall location, where sustained tropical storm force winds and frequent gusts caused more significant power line and tree damage. A few tropical storm wind gusts were recorded in the metro New Orleans area but were not very impactful. No hurricane force wind gusts were recorded in southeast Louisiana. A WeatherFlow site at Dulac, Terrebonne Parish, recorded both the maximum sustained wind and highest wind gust on 07/13/2019 at 0739CST: 42kt/48 mph and 59kt/ 68 mph, respectively. The lowest minimum pressure measured in southeast Louisiana was at the Bootheville, LA ASOS with a pressure of 999.3mb on July 12th, at 1706CST.||Mostly minor to moderate storm surge flooding occurred across coastal southeast Louisiana, including Lake Pontchartrain, and a small part of the Mississippi Coast. Terrebonne Parish had significant storm surge flooding in the lower portion of the parish with storm tides of 5 to 8 feet, locally up to 9 feet. Several local levees were overtopped on the morning of July 13th, flooding roads and a few houses. The highest storm tide reading was 9.11 feet NAVD88 at a USGS tide gage at Caillou Lake near Dulac, Terrebonne Parish. The remainder of the area had storm tide readings in the 3 to 5 foot range.||Storm total rainfall was generally between 4 and 8 inches with a maximum rainfall of 8.83 inches recorded northeast of Denham Springs, Livingston Parish. Isolated flash flooding of streets and secondary roadways occurred on Sunday, July 13th in the greater Baton Rouge area, but flash flooding was not widespread or significant.",The station at Shell Beach (SHBL1) reported a 35 knot sustained wind at 9:24 CDT and a 41 knot gust at 7:30 CDT on the 12th.,CSV
201907,11,1800,201907,13,1800,140762,846174,GULF OF MEXICO,85,2019,July,Marine Tropical Storm,Z,532,MISSISSIPPI SOUND,85532,LIX,11-JUL-19 18:00:00,CST-6,13-JUL-19 18:00:00,0,0,0,0,0.00K,0.00K,NWS Storm Survey,NA,NA,NA,NA,NA,NA,NA,NA,NA,NA,NA,NA,NA,NA,NA,NA,NA,NA,NA,NA,NA,"Hurricane Barry initially developed from a disturbance that moved from Georgia southwest to the northeast Gulf of Mexico on July 8-9, 2019. The weak low pressure system continued to move west-southwest and strengthen, and was eventually classified as Tropical Storm Barry on the morning of July 11th, 95 miles south southeast of the Mouth of the Mississippi River.||Barry continued to move slowly west then northwest and briefly reached hurricane strength on the morning of July 13th before landfall in south-central Louisiana near Intracoastal City, LA, in Vermillion Parish. Tropical storm force winds, reached the southeast Louisiana coast by midday on Friday, July 12th and spread slowly northwest reaching the Baton Rouge area during the evening of July 12th. Tropical storm wind impacts had ended across all of southeast Louisiana by midday on July 14th. Tropical storm force winds were primarily measured in gusts across southeast Louisiana. The|exception was in Terrebonne and Assumption Parishes, close to the landfall location, where sustained tropical storm force winds and frequent gusts caused more significant power line and tree damage. A few tropical storm wind gusts were recorded in the metro New Orleans area but were not very impactful. No hurricane force wind gusts were recorded in southeast Louisiana. A WeatherFlow site at Dulac, Terrebonne Parish, recorded both the maximum sustained wind and highest wind gust on 07/13/2019 at 0739CST: 42kt/48 mph and 59kt/ 68 mph, respectively. The lowest minimum pressure measured in southeast Louisiana was at the Bootheville, LA ASOS with a pressure of 999.3mb on July 12th, at 1706CST.||Mostly minor to moderate storm surge flooding occurred across coastal southeast Louisiana, including Lake Pontchartrain, and a small part of the Mississippi Coast. Terrebonne Parish had significant storm surge flooding in the lower portion of the parish with storm tides of 5 to 8 feet, locally up to 9 feet. Several local levees were overtopped on the morning of July 13th, flooding roads and a few houses. The highest storm tide reading was 9.11 feet NAVD88 at a USGS tide gage at Caillou Lake near Dulac, Terrebonne Parish. The remainder of the area had storm tide readings in the 3 to 5 foot range.||Storm total rainfall was generally between 4 and 8 inches with a maximum rainfall of 8.83 inches recorded northeast of Denham Springs, Livingston Parish. Isolated flash flooding of streets and secondary roadways occurred on Sunday, July 13th in the greater Baton Rouge area, but flash flooding was not widespread or significant.",The WeatherFlow platform at Ship Island reported a 34 knot sustained wind at 7:01 CDT on the 12th and a 40 knot gust at 2:01 CDT on the 13th. The C-MAN station at Bay Waveland Yacht Club reported a 37 knot gust at 9:42 CDT on the 12th. Wind gusts to 40 knots were noted at Gulfport ASOS at 5:22 CDT and to 43 knots at the Gulfport WeatherFlow site at 5:20 CDT on the 13th. A 37 knot gust was noted at Keesler AFB at 5:49 CDT on the 13th.,CSV
201910,19,0,201910,19,2000,141831,861986,GULF OF MEXICO,85,2019,October,Marine Tropical Storm,Z,750,COASTAL WATERS FROM OKLALOOSA-WALTON COUNTY LINE TO MEXICO BEACH OUT 20 NM,85750,TAE,19-OCT-19 00:00:00,EST-5,19-OCT-19 20:00:00,0,0,0,0,0.00K,0.00K,Official NWS Observations,NA,NA,NA,NA,NA,NA,NA,NA,NA,NA,NA,NA,NA,NA,NA,NA,NA,NA,NA,NA,NA,Tropical Storm Nestor moved through the coast waters of the Florida panhandle and big bend on October 18-19.  Sustained tropical storm force winds were measured at the C-Tower with a peak gust of 52 knots.,NA,CSV
201910,19,0,201910,19,2000,141831,861987,GULF OF MEXICO,85,2019,October,Marine Tropical Storm,Z,770,WATERS FROM OKALOOSA-WALTON COUNTY LINE TO MEXICO BEACH FL 20 TO 60 NM,85770,TAE,19-OCT-19 00:00:00,EST-5,19-OCT-19 20:00:00,0,0,0,0,0.00K,0.00K,Official NWS Observations,NA,NA,NA,NA,NA,NA,NA,NA,NA,NA,NA,NA,NA,NA,NA,NA,NA,NA,NA,NA,NA,Tropical Storm Nestor moved through the coast waters of the Florida panhandle and big bend on October 18-19.  Sustained tropical storm force winds were measured at the C-Tower with a peak gust of 52 knots.,NA,CSV
201910,19,0,201910,19,2000,141831,861988,GULF OF MEXICO,85,2019,October,Marine Tropical Storm,Z,752,COASTAL WATERS FROM MEXICO BEACH TO APALACHICOLA OUT 20 NM,85752,TAE,19-OCT-19 00:00:00,EST-5,19-OCT-19 20:00:00,0,0,0,0,0.00K,0.00K,Official NWS Observations,NA,NA,NA,NA,NA,NA,NA,NA,NA,NA,NA,NA,NA,NA,NA,NA,NA,NA,NA,NA,NA,Tropical Storm Nestor moved through the coast waters of the Florida panhandle and big bend on October 18-19.  Sustained tropical storm force winds were measured at the C-Tower with a peak gust of 52 knots.,NA,CSV
201910,19,0,201910,19,2000,141831,861989,GULF OF MEXICO,85,2019,October,Marine Tropical Storm,Z,772,WATERS FROM MEXICO BEACH TO APALACHICOLA FL 20 TO 60 NM,85772,TAE,19-OCT-19 00:00:00,EST-5,19-OCT-19 20:00:00,0,0,0,0,0.00K,0.00K,Official NWS Observations,NA,NA,NA,NA,NA,NA,NA,NA,NA,NA,NA,NA,NA,NA,NA,NA,NA,NA,NA,NA,NA,Tropical Storm Nestor moved through the coast waters of the Florida panhandle and big bend on October 18-19.  Sustained tropical storm force winds were measured at the C-Tower with a peak gust of 52 knots.,NA,CSV
201910,19,0,201910,19,2000,141831,861990,GULF OF MEXICO,85,2019,October,Marine Tropical Storm,Z,755,COASTAL WATERS FROM OCHLOCKONEE RIVER TO APALACHICOLA FL OUT TO 20 NM,85755,TAE,19-OCT-19 00:00:00,EST-5,19-OCT-19 20:00:00,0,0,0,0,0.00K,0.00K,Official NWS Observations,NA,NA,NA,NA,NA,NA,NA,NA,NA,NA,NA,NA,NA,NA,NA,NA,NA,NA,NA,NA,NA,Tropical Storm Nestor moved through the coast waters of the Florida panhandle and big bend on October 18-19.  Sustained tropical storm force winds were measured at the C-Tower with a peak gust of 52 knots.,NA,CSV
201910,19,0,201910,19,2000,141831,861991,GULF OF MEXICO,85,2019,October,Marine Tropical Storm,Z,775,SUWANNEE R TO APALACHICOLA FL 20 TO 60NM,85775,TAE,19-OCT-19 00:00:00,EST-5,19-OCT-19 20:00:00,0,0,0,0,0.00K,0.00K,Official NWS Observations,NA,NA,NA,NA,NA,NA,NA,NA,NA,NA,NA,NA,NA,NA,NA,NA,NA,NA,NA,NA,NA,Tropical Storm Nestor moved through the coast waters of the Florida panhandle and big bend on October 18-19.  Sustained tropical storm force winds were measured at the C-Tower with a peak gust of 52 knots.,NA,CSV
201910,19,0,201910,19,2000,141831,861992,GULF OF MEXICO,85,2019,October,Marine Tropical Storm,Z,730,APALACHEE BAY OR COASTAL WATERS FROM KEATON BEACH TO OCHLOCKONEE RIVER FL OUT TO 20 NM,85730,TAE,19-OCT-19 00:00:00,EST-5,19-OCT-19 20:00:00,0,0,0,0,0.00K,0.00K,Official NWS Observations,NA,NA,NA,NA,NA,NA,NA,NA,NA,NA,NA,NA,NA,NA,NA,NA,NA,NA,NA,NA,NA,Tropical Storm Nestor moved through the coast waters of the Florida panhandle and big bend on October 18-19.  Sustained tropical storm force winds were measured at the C-Tower with a peak gust of 52 knots.,NA,CSV
201910,19,0,201910,19,2000,141831,861993,GULF OF MEXICO,85,2019,October,Marine Tropical Storm,Z,765,COASTAL WATERS FROM SUWANNEE RIVER TO KEATON BEACH OUT TO 20 NM,85765,TAE,19-OCT-19 00:00:00,EST-5,19-OCT-19 20:00:00,0,0,0,0,0.00K,0.00K,Official NWS Observations,NA,NA,NA,NA,NA,NA,NA,NA,NA,NA,NA,NA,NA,NA,NA,NA,NA,NA,NA,NA,NA,Tropical Storm Nestor moved through the coast waters of the Florida panhandle and big bend on October 18-19.  Sustained tropical storm force winds were measured at the C-Tower with a peak gust of 52 knots.,NA,CSV
201909,6,859,201909,6,859,142942,857725,ATLANTIC NORTH,88,2019,September,Marine Tropical Storm,Z,633,CURRITUCK SOUND,88633,AKQ,06-SEP-19 08:59:00,EST-5,06-SEP-19 08:59:00,0,0,0,0,0.00K,0.00K,Mesonet,NA,NA,NA,NA,NA,NA,NA,NA,NA,NA,NA,NA,NA,NA,NA,NA,NA,NA,NA,NA,NA,Hurricane Dorian tracking northeast along the North Carolina coast and just off the Virginia coast produced tropical storm force wind gusts across portions of the Currituck Sound.,Wind gust of 56 knots was at Mesonet Station XSBR Sandbridge.,CSV
201909,6,936,201909,6,936,142944,857777,ATLANTIC NORTH,88,2019,September,Marine Tropical Storm,Z,656,CP CHARLES LT VA TO NC-VA BDR OUT 20NM,88656,AKQ,06-SEP-19 09:36:00,EST-5,06-SEP-19 09:36:00,0,0,0,0,0.00K,0.00K,Mesonet,NA,NA,NA,NA,NA,NA,NA,NA,NA,NA,NA,NA,NA,NA,NA,NA,NA,NA,NA,NA,NA,Hurricane Dorian tracking northeast along the North Carolina coast and just off the Virginia coast produced tropical storm force wind gusts across portions of the Virginia Coastal Waters.,Wind gust of 61 knots was measured at Cape Henry. Wind gust of 56 knots was measured at Rudee Inlet.,CSV
201909,6,1116,201909,6,1116,142959,857780,ATLANTIC NORTH,88,2019,September,Marine Tropical Storm,Z,630,CHESAPEAKE BAY SMITH PT TO WINDMILL PT VA,88630,AKQ,06-SEP-19 11:16:00,EST-5,06-SEP-19 11:16:00,0,0,0,0,0.00K,0.00K,Mesonet,NA,NA,NA,NA,NA,NA,NA,NA,NA,NA,NA,NA,NA,NA,NA,NA,NA,NA,NA,NA,NA,Hurricane Dorian tracking northeast along the North Carolina coast and just off the Virginia coast produced tropical storm force wind gusts across portions of the Chesapeake Bay.,Wind gust of 43 knots was measured at Tangier Sound Light. Wind gust of 37 knots was measured at Tangier Island.,CSV
201909,6,1049,201909,6,1049,142961,857782,ATLANTIC NORTH,88,2019,September,Marine Tropical Storm,Z,632,"MOUTH OF CHESAPEAKE BAY FROM NEW POINT COMFORT TO LITTLE CREEK, VA",88632,AKQ,06-SEP-19 10:49:00,EST-5,06-SEP-19 10:49:00,0,0,0,0,0.00K,0.00K,Mesonet,NA,NA,NA,NA,NA,NA,NA,NA,NA,NA,NA,NA,NA,NA,NA,NA,NA,NA,NA,NA,NA,Hurricane Dorian tracking northeast along the North Carolina coast and just off the Virginia coast produced tropical storm force wind gusts across portions of the Chesapeake Bay.,Wind gust of 45 knots was measured at Thimble Shoals. Wind gust of 45 knots was measured at York River East Rear Range Light. Wind gust of 42 knots was measured at Kiptopeke. Wind gust of 41 knots was measured at Poquoson River Light. Wind gust of 41 knots was measured at Plantation Flats.,CSV
201907,13,348,201907,14,1642,141037,847360,GULF OF MEXICO,85,2019,July,Marine Tropical Storm,Z,450,COASTAL WATERS FROM CAMERON LA TO HIGH ISLAND TX OUT 20 NM,85450,LCH,13-JUL-19 03:48:00,CST-6,14-JUL-19 16:42:00,0,0,0,0,0.00K,0.00K,C-MAN Station,NA,NA,NA,NA,NA,NA,NA,NA,NA,NA,NA,NA,NA,NA,NA,NA,NA,NA,NA,NA,NA,Barry gained strength as it moved toward the Louisiana coast and obtained minimal hurricane status on the 13th before landfall. Mostly tropical storm force winds were recorded however hurricane force gusts were also reported.,A sustained wind of 36 knots was recorded at Texas Point on the 13th while a max wind gust of 49 knots was recorded on the 14th.,CSV
201907,13,524,201907,14,1000,141037,847364,GULF OF MEXICO,85,2019,July,Marine Tropical Storm,Z,452,COASTAL WATERS FROM INTRACOASTAL CITY TO CAMERON LA OUT 20 NM,85452,LCH,13-JUL-19 05:24:00,CST-6,14-JUL-19 10:00:00,0,0,0,0,0.00K,0.00K,C-MAN Station,NA,NA,NA,NA,NA,NA,NA,NA,NA,NA,NA,NA,NA,NA,NA,NA,NA,NA,NA,NA,NA,Barry gained strength as it moved toward the Louisiana coast and obtained minimal hurricane status on the 13th before landfall. Mostly tropical storm force winds were recorded however hurricane force gusts were also reported.,A sustained wind of 40 knots was recorded at CAPL1 on the 13th while a max wind gust of 48 knots was recorded on the 14th.,CSV
201909,2,0,201909,4,400,140865,846629,ATLANTIC SOUTH,87,2019,September,Marine Tropical Storm,Z,575,SEBASTIAN INLET TO JUPITER INLET 20-60NM,87575,MLB,02-SEP-19 00:00:00,EST-5,04-SEP-19 04:00:00,0,0,0,0,0.00K,0.00K,Buoy,NA,NA,NA,NA,NA,NA,NA,NA,NA,NA,NA,NA,NA,NA,NA,NA,NA,NA,NA,NA,NA,"Hurricane Dorian moved slowly northwest away from Grand Bahama Island late in the evening September 2. Dorian tracked parallel to the eastern Florida coast over the next 36-48 hours at Category 2-3 strength, making its closest approach when the center was approximately 80 miles east of the tip of Cape Canaveral. Dorian produced a long duration of sustained tropical storm force winds with gusts to hurricane force over the Atlantic coastal waters. These winds drove seas of at least 20 to 24 feet.","A long duration of sustained tropical storm winds impacted the coastal waters, with frequent gusts to hurricane force, especially within squalls. These winds lasted from the early morning hours on September 2 through early morning September 4. Seas reached in excess of 25 feet according to NOAA Buoy 41009, located 20 miles east of Port Canaveral and Buoy 41010, located approximately 140 miles northeast of Port Canaveral.",CSV
201907,11,1800,201907,13,1800,140762,846154,GULF OF MEXICO,85,2019,July,Marine Tropical Storm,Z,552,COASTAL WATERS FROM SOUTHWEST PASS OF THE MISSISSIPPI RIVER TO PORT FOURCHON LOUISIANA OUT 20 NM,85552,LIX,11-JUL-19 18:00:00,CST-6,13-JUL-19 18:00:00,0,0,0,0,0.00K,0.00K,NWS Storm Survey,NA,NA,NA,NA,NA,NA,NA,NA,NA,NA,NA,NA,NA,NA,NA,NA,NA,NA,NA,NA,NA,"Hurricane Barry initially developed from a disturbance that moved from Georgia southwest to the northeast Gulf of Mexico on July 8-9, 2019. The weak low pressure system continued to move west-southwest and strengthen, and was eventually classified as Tropical Storm Barry on the morning of July 11th, 95 miles south southeast of the Mouth of the Mississippi River.||Barry continued to move slowly west then northwest and briefly reached hurricane strength on the morning of July 13th before landfall in south-central Louisiana near Intracoastal City, LA, in Vermillion Parish. Tropical storm force winds, reached the southeast Louisiana coast by midday on Friday, July 12th and spread slowly northwest reaching the Baton Rouge area during the evening of July 12th. Tropical storm wind impacts had ended across all of southeast Louisiana by midday on July 14th. Tropical storm force winds were primarily measured in gusts across southeast Louisiana. The|exception was in Terrebonne and Assumption Parishes, close to the landfall location, where sustained tropical storm force winds and frequent gusts caused more significant power line and tree damage. A few tropical storm wind gusts were recorded in the metro New Orleans area but were not very impactful. No hurricane force wind gusts were recorded in southeast Louisiana. A WeatherFlow site at Dulac, Terrebonne Parish, recorded both the maximum sustained wind and highest wind gust on 07/13/2019 at 0739CST: 42kt/48 mph and 59kt/ 68 mph, respectively. The lowest minimum pressure measured in southeast Louisiana was at the Bootheville, LA ASOS with a pressure of 999.3mb on July 12th, at 1706CST.||Mostly minor to moderate storm surge flooding occurred across coastal southeast Louisiana, including Lake Pontchartrain, and a small part of the Mississippi Coast. Terrebonne Parish had significant storm surge flooding in the lower portion of the parish with storm tides of 5 to 8 feet, locally up to 9 feet. Several local levees were overtopped on the morning of July 13th, flooding roads and a few houses. The highest storm tide reading was 9.11 feet NAVD88 at a USGS tide gage at Caillou Lake near Dulac, Terrebonne Parish. The remainder of the area had storm tide readings in the 3 to 5 foot range.||Storm total rainfall was generally between 4 and 8 inches with a maximum rainfall of 8.83 inches recorded northeast of Denham Springs, Livingston Parish. Isolated flash flooding of streets and secondary roadways occurred on Sunday, July 13th in the greater Baton Rouge area, but flash flooding was not widespread or significant.",The C-MAN station at Southwest Pass reported a 50 knot sustained wind at 10:15 CDT and a 60 knot gust at 14:25 CDT on the 12th. The Louisiana Offshore Oil Port (LOPL1) reported a 51 knot sustained wind and 59 knot gust at 16:42 CDT on the 12th. The C-MAN station at Grand Isle (GISL1) reported a 45 knot gust at 18:12 CDT on the 12th.,CSV
201907,11,1800,201907,13,1800,140762,846158,GULF OF MEXICO,85,2019,July,Marine Tropical Storm,Z,555,COASTAL WATERS FROM BOOTHVILLE LOUISIANA TO SOUTHWEST PASS OF THE MISSISSIPPI RIVER OUT 20 NM,85555,LIX,11-JUL-19 18:00:00,CST-6,13-JUL-19 18:00:00,0,0,0,0,0.00K,0.00K,NWS Storm Survey,NA,NA,NA,NA,NA,NA,NA,NA,NA,NA,NA,NA,NA,NA,NA,NA,NA,NA,NA,NA,NA,"Hurricane Barry initially developed from a disturbance that moved from Georgia southwest to the northeast Gulf of Mexico on July 8-9, 2019. The weak low pressure system continued to move west-southwest and strengthen, and was eventually classified as Tropical Storm Barry on the morning of July 11th, 95 miles south southeast of the Mouth of the Mississippi River.||Barry continued to move slowly west then northwest and briefly reached hurricane strength on the morning of July 13th before landfall in south-central Louisiana near Intracoastal City, LA, in Vermillion Parish. Tropical storm force winds, reached the southeast Louisiana coast by midday on Friday, July 12th and spread slowly northwest reaching the Baton Rouge area during the evening of July 12th. Tropical storm wind impacts had ended across all of southeast Louisiana by midday on July 14th. Tropical storm force winds were primarily measured in gusts across southeast Louisiana. The|exception was in Terrebonne and Assumption Parishes, close to the landfall location, where sustained tropical storm force winds and frequent gusts caused more significant power line and tree damage. A few tropical storm wind gusts were recorded in the metro New Orleans area but were not very impactful. No hurricane force wind gusts were recorded in southeast Louisiana. A WeatherFlow site at Dulac, Terrebonne Parish, recorded both the maximum sustained wind and highest wind gust on 07/13/2019 at 0739CST: 42kt/48 mph and 59kt/ 68 mph, respectively. The lowest minimum pressure measured in southeast Louisiana was at the Bootheville, LA ASOS with a pressure of 999.3mb on July 12th, at 1706CST.||Mostly minor to moderate storm surge flooding occurred across coastal southeast Louisiana, including Lake Pontchartrain, and a small part of the Mississippi Coast. Terrebonne Parish had significant storm surge flooding in the lower portion of the parish with storm tides of 5 to 8 feet, locally up to 9 feet. Several local levees were overtopped on the morning of July 13th, flooding roads and a few houses. The highest storm tide reading was 9.11 feet NAVD88 at a USGS tide gage at Caillou Lake near Dulac, Terrebonne Parish. The remainder of the area had storm tide readings in the 3 to 5 foot range.||Storm total rainfall was generally between 4 and 8 inches with a maximum rainfall of 8.83 inches recorded northeast of Denham Springs, Livingston Parish. Isolated flash flooding of streets and secondary roadways occurred on Sunday, July 13th in the greater Baton Rouge area, but flash flooding was not widespread or significant.",Observations at Pilots Station East (PSTL1) reported 45 knot sustained wind and 57 knot gusts at 17:42 CDT on the 12th. The WeatherFlow observation from the East Bay Tower reported a 43 knot sustained wind and 56 knot gust around 10 am CDT on the 12th. The AWOS platform KMIS in Main Pass Block 140B reported a 44 knot sustained wind and 54 knot gust at 4:35 CDT on the 13th.,CSV
201908,15,1815,201908,15,1815,142347,854610,GULF OF MEXICO,85,2019,August,Marine Tropical Storm,Z,44,HAWK CHANNEL FROM WEST END OF SEVEN MILE BRIDGE TO HALFMOON SHOAL OUT TO THE REEF,85044,KEY,15-AUG-19 18:15:00,EST-5,15-AUG-19 18:15:00,0,0,0,0,0.00K,0.00K,Official NWS Observations,NA,NA,NA,NA,NA,NA,NA,NA,NA,NA,NA,NA,NA,NA,NA,NA,NA,NA,NA,NA,NA,High pressure to the east of the Florida Keys in combination of an upper level trough through the Bahamas and central Cuba enhanced convection along several outflow boundaries moving northeast through the Straits of Florida.  Scattered gale-force wind gusts occurred with these thunderstorms as they spread from the Lower to Middle Florida Keys.,A wind gust of 36 knots was measured at the National Weather Service Office in Key West.,CSV
201909,2,1900,201909,4,400,140865,846638,ATLANTIC SOUTH,87,2019,September,Marine Tropical Storm,Z,555,SEBASTIAN INLET TO JUPITER INLET 0-20NM,87555,MLB,02-SEP-19 19:00:00,EST-5,04-SEP-19 04:00:00,0,0,0,0,0.00K,0.00K,Buoy,NA,NA,NA,NA,NA,NA,NA,NA,NA,NA,NA,NA,NA,NA,NA,NA,NA,NA,NA,NA,NA,"Hurricane Dorian moved slowly northwest away from Grand Bahama Island late in the evening September 2. Dorian tracked parallel to the eastern Florida coast over the next 36-48 hours at Category 2-3 strength, making its closest approach when the center was approximately 80 miles east of the tip of Cape Canaveral. Dorian produced a long duration of sustained tropical storm force winds with gusts to hurricane force over the Atlantic coastal waters. These winds drove seas of at least 20 to 24 feet.","A long duration of sustained tropical storm winds impacted the coastal waters, with frequent gusts to hurricane force, especially within squalls. These winds lasted from the evening hours on September 2 through early morning September 4. Seas reached up to 15 feet according to the Scripps buoy offshore Fort Pierce.",CSV
201909,3,100,201909,4,1300,140865,846639,ATLANTIC SOUTH,87,2019,September,Marine Tropical Storm,Z,572,VOLUSIA-BREVARD COUNTY LINE TO SEBASTIAN INLET 20-60NM,87572,MLB,03-SEP-19 01:00:00,EST-5,04-SEP-19 13:00:00,0,0,0,0,0.00K,0.00K,Buoy,NA,NA,NA,NA,NA,NA,NA,NA,NA,NA,NA,NA,NA,NA,NA,NA,NA,NA,NA,NA,NA,"Hurricane Dorian moved slowly northwest away from Grand Bahama Island late in the evening September 2. Dorian tracked parallel to the eastern Florida coast over the next 36-48 hours at Category 2-3 strength, making its closest approach when the center was approximately 80 miles east of the tip of Cape Canaveral. Dorian produced a long duration of sustained tropical storm force winds with gusts to hurricane force over the Atlantic coastal waters. These winds drove seas of at least 20 to 24 feet.","A long duration of sustained tropical storm winds impacted the coastal waters, with frequent gusts to hurricane force, especially within squalls. These winds lasted from the early morning hours on September 3 through the afternoon on September 4. Seas reached in excess of 25 feet according to NOAA Buoy 41009, located 20 miles east of Port Canaveral and Buoy 41010, located approximately 140 miles northeast of Port Canaveral.",CSV
201909,3,400,201909,4,1900,140865,846641,ATLANTIC SOUTH,87,2019,September,Marine Tropical Storm,Z,570,FLAGLER BEACH TO VOLUSIA-BREVARD COUNTY LINE 20-60NM,87570,MLB,03-SEP-19 04:00:00,EST-5,04-SEP-19 19:00:00,0,0,0,0,0.00K,0.00K,Buoy,NA,NA,NA,NA,NA,NA,NA,NA,NA,NA,NA,NA,NA,NA,NA,NA,NA,NA,NA,NA,NA,"Hurricane Dorian moved slowly northwest away from Grand Bahama Island late in the evening September 2. Dorian tracked parallel to the eastern Florida coast over the next 36-48 hours at Category 2-3 strength, making its closest approach when the center was approximately 80 miles east of the tip of Cape Canaveral. Dorian produced a long duration of sustained tropical storm force winds with gusts to hurricane force over the Atlantic coastal waters. These winds drove seas of at least 20 to 24 feet.","A long duration of sustained tropical storm winds impacted the coastal waters, with frequent gusts to hurricane force, especially within squalls. These winds lasted from the early morning on September 3 through the late evening on September 4. Seas reached in excess of 25 feet according to NOAA Buoy 41009, located 20 miles east of Port Canaveral and Buoy 41010, located approximately 140 miles northeast of Port Canaveral.",CSV
201909,3,900,201909,4,1300,140865,846652,ATLANTIC SOUTH,87,2019,September,Marine Tropical Storm,Z,552,VOLUSIA-BREVARD COUNTY LINE TO SEBASTIAN INLET 0-20NM,87552,MLB,03-SEP-19 09:00:00,EST-5,04-SEP-19 13:00:00,0,0,0,0,0.00K,0.00K,Buoy,NA,NA,NA,NA,NA,NA,NA,NA,NA,NA,NA,NA,NA,NA,NA,NA,NA,NA,NA,NA,NA,"Hurricane Dorian moved slowly northwest away from Grand Bahama Island late in the evening September 2. Dorian tracked parallel to the eastern Florida coast over the next 36-48 hours at Category 2-3 strength, making its closest approach when the center was approximately 80 miles east of the tip of Cape Canaveral. Dorian produced a long duration of sustained tropical storm force winds with gusts to hurricane force over the Atlantic coastal waters. These winds drove seas of at least 20 to 24 feet.","A long duration of sustained tropical storm winds impacted the coastal waters, with frequent gusts to hurricane force, especially within squalls. These winds lasted from the late morning hours on September 3 through the afternoon on September 4. Seas reached up to 15 feet.",CSV
201909,3,1600,201909,4,1900,140865,846655,ATLANTIC SOUTH,87,2019,September,Marine Tropical Storm,Z,550,FLAGLER BEACH TO VOLUSIA-BREVARD COUNTY LINE 0-20NM,87550,MLB,03-SEP-19 16:00:00,EST-5,04-SEP-19 19:00:00,0,0,0,0,0.00K,0.00K,Buoy,NA,NA,NA,NA,NA,NA,NA,NA,NA,NA,NA,NA,NA,NA,NA,NA,NA,NA,NA,NA,NA,"Hurricane Dorian moved slowly northwest away from Grand Bahama Island late in the evening September 2. Dorian tracked parallel to the eastern Florida coast over the next 36-48 hours at Category 2-3 strength, making its closest approach when the center was approximately 80 miles east of the tip of Cape Canaveral. Dorian produced a long duration of sustained tropical storm force winds with gusts to hurricane force over the Atlantic coastal waters. These winds drove seas of at least 20 to 24 feet.","A long duration of sustained tropical storm winds impacted the coastal waters, with frequent gusts to hurricane force, especially within squalls. These winds lasted from the late afternoon on September 3 through the late evening on September 4. Seas reached up to 15 feet.",CSV
201909,2,100,201909,3,1600,142679,856981,ATLANTIC SOUTH,87,2019,September,Marine Tropical Storm,Z,650,JUPITER INLET TO DEERFIELD BEACH FL OUT 20NM,87650,MFL,02-SEP-19 01:00:00,EST-5,03-SEP-19 16:00:00,0,0,0,0,0.00K,0.00K,Mesonet,NA,NA,NA,NA,NA,NA,NA,NA,NA,NA,NA,NA,NA,NA,NA,NA,NA,NA,NA,NA,NA,"Powerful Hurricane Dorian passed 100 miles to the east of Palm Beach County over the northwestern Bahamas. As Dorian tracked very slowly through Abaco and Grand Bahama islands, it brought hazardous and life-threatening conditions to the local waters of South Florida. Sustained tropical storm force winds were observed over the offshore Atlantic waters and northern nearshore waters of Palm Beach. Southern coastal waters and Lake Okeechobee experienced sustained tropical depression winds with some gusts to tropical storm force.",Satellite and radar velocity data support tropical storm force sustained winds between 40 to 50 knots in nearshore Atlantic waters off the Palm Beach County coast. The highest measure value was located at Juno Beach Pier at the WxFlow mesonet site XJUP. This site recorded a maximum sustained winds of 43 knots from the north at 11:59 PM on September 2nd.,CSV
201909,1,2300,201909,3,1600,142679,856480,ATLANTIC SOUTH,87,2019,September,Marine Tropical Storm,Z,670,JUPITER INLET TO DEERFIELD BEACH FL 20 TO 60NM,87670,MFL,01-SEP-19 23:00:00,EST-5,03-SEP-19 16:00:00,0,0,0,0,0.00K,0.00K,Official NWS Observations,NA,NA,NA,NA,NA,NA,NA,NA,NA,NA,NA,NA,NA,NA,NA,NA,NA,NA,NA,NA,NA,"Powerful Hurricane Dorian passed 100 miles to the east of Palm Beach County over the northwestern Bahamas. As Dorian tracked very slowly through Abaco and Grand Bahama islands, it brought hazardous and life-threatening conditions to the local waters of South Florida. Sustained tropical storm force winds were observed over the offshore Atlantic waters and northern nearshore waters of Palm Beach. Southern coastal waters and Lake Okeechobee experienced sustained tropical depression winds with some gusts to tropical storm force.",Satellite and radar velocity data support tropical storm force sustained winds between 50 to 60 knots in offshore Atlantic waters.,CSV
201909,1,2300,201909,3,1300,142679,857287,ATLANTIC SOUTH,87,2019,September,Marine Tropical Storm,Z,671,DEERFIELD BEACH TO OCEAN REEF FL 20 TO 60NM,87671,MFL,01-SEP-19 23:00:00,EST-5,03-SEP-19 13:00:00,0,0,0,0,0.00K,0.00K,Official NWS Observations,NA,NA,NA,NA,NA,NA,NA,NA,NA,NA,NA,NA,NA,NA,NA,NA,NA,NA,NA,NA,NA,"Powerful Hurricane Dorian passed 100 miles to the east of Palm Beach County over the northwestern Bahamas. As Dorian tracked very slowly through Abaco and Grand Bahama islands, it brought hazardous and life-threatening conditions to the local waters of South Florida. Sustained tropical storm force winds were observed over the offshore Atlantic waters and northern nearshore waters of Palm Beach. Southern coastal waters and Lake Okeechobee experienced sustained tropical depression winds with some gusts to tropical storm force.",Satellite and radar velocity data support tropical storm force sustained winds between 35 to 45 knots in offshore Atlantic waters.,CSV
201909,6,1536,201909,6,1536,142947,857746,ATLANTIC NORTH,88,2019,September,Marine Tropical Storm,Z,650,FENWICK IS DE TO CHINCOTEAGUE VA OUT 20NM,88650,AKQ,06-SEP-19 15:36:00,EST-5,06-SEP-19 15:36:00,0,0,0,0,0.00K,0.00K,C-MAN Station,NA,NA,NA,NA,NA,NA,NA,NA,NA,NA,NA,NA,NA,NA,NA,NA,NA,NA,NA,NA,NA,Hurricane Dorian tracking northeast along the North Carolina coast and just off the Virginia coast produced tropical storm force wind gusts across portions of the Maryland Coastal Waters.,Wind gust of 39 knots was measured at Ocean City Inlet.,CSV
201909,6,1048,201909,6,1048,142958,857778,ATLANTIC NORTH,88,2019,September,Marine Tropical Storm,Z,652,CHINCOTEAGUE TO PARRAMORE IS VA OUT 20NM,88652,AKQ,06-SEP-19 10:48:00,EST-5,06-SEP-19 10:48:00,0,0,0,0,0.00K,0.00K,C-MAN Station,NA,NA,NA,NA,NA,NA,NA,NA,NA,NA,NA,NA,NA,NA,NA,NA,NA,NA,NA,NA,NA,Hurricane Dorian tracking northeast along the North Carolina coast and just off the Virginia coast produced tropical storm force wind gusts across portions of the Virginia Coastal Waters.,Wind gust of 43 knots was measured at Wachapreague.,CSV
201909,6,751,201909,6,751,142946,857775,ATLANTIC NORTH,88,2019,September,Marine Tropical Storm,Z,638,JAMES RIVER FROM JAMES RIVER BRIDGE TO HAMPTON ROADS BRIDGE-TUNNEL,88638,AKQ,06-SEP-19 07:51:00,EST-5,06-SEP-19 07:51:00,0,0,0,0,0.00K,0.00K,Mesonet,NA,NA,NA,NA,NA,NA,NA,NA,NA,NA,NA,NA,NA,NA,NA,NA,NA,NA,NA,NA,NA,Hurricane Dorian tracking northeast along the North Carolina coast and just off the Virginia coast produced tropical storm force wind gusts across portions of the James River.,Wind gust of 52 knots was measured at Middle Ground Lighthouse. Wind gust of 49 knots was measured at Willoughby Degaussing Station. Wind gust of 47 knots was measured at Hampton Flats. Wind gust of 46 knots was measured at South Craney Island.,CSV
201909,6,934,201909,6,934,142945,857779,ATLANTIC NORTH,88,2019,September,Marine Tropical Storm,Z,634,"CHESAPEAKE BAY FROM LITTLE CREEK, VA, TO CAPE HENRY, VA, INCLUDING THE CHESAPEAKE BAY BRIDGE TUNNEL",88634,AKQ,06-SEP-19 09:34:00,EST-5,06-SEP-19 09:34:00,0,0,0,0,0.00K,0.00K,Mesonet,NA,NA,NA,NA,NA,NA,NA,NA,NA,NA,NA,NA,NA,NA,NA,NA,NA,NA,NA,NA,NA,Hurricane Dorian tracking northeast along the North Carolina coast and just off the Virginia coast produced tropical storm force wind gusts across portions of the Chesapeake Bay.,Wind gust of 59 knots was measured at the Chesapeake Bay Bridge Tunnel 3rd Island.,CSV
201909,6,840,201909,6,840,142960,857781,ATLANTIC NORTH,88,2019,September,Marine Tropical Storm,Z,631,CHESAPEAKE BAY WINDMILL PT TO NEW PT COMFORT VA,88631,AKQ,06-SEP-19 08:40:00,EST-5,06-SEP-19 08:40:00,0,0,0,0,0.00K,0.00K,Mesonet,NA,NA,NA,NA,NA,NA,NA,NA,NA,NA,NA,NA,NA,NA,NA,NA,NA,NA,NA,NA,NA,Hurricane Dorian tracking northeast along the North Carolina coast and just off the Virginia coast produced tropical storm force wind gusts across portions of the Chesapeake Bay.,Wind gust of 46 knots was measured at New Point Comfort. Wind gust of 44 knots was measured at Rappahannock Light. Wind gust of 40 knots was measured at Deltaville. Wind gust of 38 knots was measured at Machipongo.,CSV
201910,18,1815,201910,18,1815,142744,856817,GULF OF MEXICO,85,2019,October,Marine Tropical Storm,Z,555,COASTAL WATERS FROM BOOTHVILLE LOUISIANA TO SOUTHWEST PASS OF THE MISSISSIPPI RIVER OUT 20 NM,85555,LIX,18-OCT-19 18:15:00,CST-6,18-OCT-19 18:15:00,0,0,0,0,0.00K,0.00K,AWOS,NA,NA,NA,NA,NA,NA,NA,NA,NA,NA,NA,NA,NA,NA,NA,NA,NA,NA,NA,NA,NA,"Tropical Storm Nestor originated as a tropical disturbance in the southwestern Gulf of Mexico as Potential Tropical Cyclone Sixteen. The storm quickly picked up speed and drifted north, then northeast well offshore coastal southeastern Louisiana. The storm continued its movement to the northeast making landfall along the Florida Peninsula on Saturday, October 19th. Main impacts to Louisiana marine zones were strong winds, with far outer gulf marine zones reaching sustained winds of tropical storm force. Near coastal marine zones did experience gusts at or above tropical storm force.",AWOS station KMIS Main Pass 140B measured sustained winds of 36 knots at 2315Z with several hours of gusts above tropical storm force throughout the marine zone. Instrument height of 279 ft AGL.,CSV
201910,18,2035,201910,18,2035,142744,856818,GULF OF MEXICO,85,2019,October,Marine Tropical Storm,Z,577,COASTAL WATERS FROM PASCAGOULA MISSISSIPPI TO STAKE ISLAND LOUISIANA FROM 20 TO 60 NM,85577,LIX,18-OCT-19 20:35:00,CST-6,18-OCT-19 20:35:00,0,0,0,0,0.00K,0.00K,AWOS,NA,NA,NA,NA,NA,NA,NA,NA,NA,NA,NA,NA,NA,NA,NA,NA,NA,NA,NA,NA,NA,"Tropical Storm Nestor originated as a tropical disturbance in the southwestern Gulf of Mexico as Potential Tropical Cyclone Sixteen. The storm quickly picked up speed and drifted north, then northeast well offshore coastal southeastern Louisiana. The storm continued its movement to the northeast making landfall along the Florida Peninsula on Saturday, October 19th. Main impacts to Louisiana marine zones were strong winds, with far outer gulf marine zones reaching sustained winds of tropical storm force. Near coastal marine zones did experience gusts at or above tropical storm force.",AWOS station KVKY Main Pass 289C measured sustained winds of 42 knots with frequent gusts above tropical storm force throughout the marine zone. Instrument height: 33 ft agl.,CSV
202008,2,2200,202008,3,700,150390,906915,ATLANTIC SOUTH,87,2020,August,Marine Tropical Storm,Z,550,FLAGLER BEACH TO VOLUSIA-BREVARD COUNTY LINE 0-20NM,87550,MLB,02-AUG-20 22:00:00,EST-5,03-AUG-20 07:00:00,0,0,0,0,0.00K,0.00K,Buoy,NA,NA,NA,NA,NA,NA,NA,NA,NA,NA,NA,NA,NA,NA,NA,NA,NA,NA,NA,NA,NA,"Tropical Storm Isaias moved between Grand Bahama and Southeast Florida in the morning of August 2. Isaias tracked north, moving nearly parallel to the eastern Florida coast over the next 24-36 hours, making its closest approach when the center was approximately 36 miles east-southeast of Fort Pierce Inlet. Isaias produced a short duration of tropical storm force winds, with numerous gusts to tropical storm force in rain bands over the Atlantic coastal waters. These winds drove seas of at least 15 to 19 feet.","A short duration of sustained tropical storm winds impacted the coastal waters, with most of the tropical storm conditions experienced in the passing rain bands of Tropical Storm Isaias. These winds lasted from late evening August 2 to mid morning August 3.",CSV
202008,4,600,202008,4,600,151762,914311,ATLANTIC NORTH,88,2020,August,Marine Tropical Storm,Z,633,CURRITUCK SOUND,88633,AKQ,04-AUG-20 06:00:00,EST-5,04-AUG-20 06:00:00,0,0,0,0,0.00K,0.00K,Mesonet,NA,NA,NA,NA,NA,NA,NA,NA,NA,NA,NA,NA,NA,NA,NA,NA,NA,NA,NA,NA,NA,"The center of Tropical Storm Isaias tracked north just inland of the Middle Atlantic Coast from late Monday night, August 3rd through Tuesday morning, August 4th. The tropical storm produced tropical storm force wind gusts across portions of the Currituck Sound.",Wind gust of 48 knots was measured at Corolla.,CSV
202008,4,924,202008,4,924,151768,914454,ATLANTIC NORTH,88,2020,August,Marine Tropical Storm,Z,650,FENWICK IS DE TO CHINCOTEAGUE VA OUT 20NM,88650,AKQ,04-AUG-20 09:24:00,EST-5,04-AUG-20 09:24:00,0,0,0,0,0.00K,0.00K,C-MAN Station,NA,NA,NA,NA,NA,NA,NA,NA,NA,NA,NA,NA,NA,NA,NA,NA,NA,NA,NA,NA,NA,"The center of Tropical Storm Isaias tracked north just inland of the Middle Atlantic Coast from late Monday night, August 3rd through Tuesday morning, August 4th. The tropical storm produced tropical storm force wind gusts across portions of the Maryland Coastal Waters.",Wind gust of 56 knots was measured at Ocean City Inlet (OCIM2).,CSV
202008,4,829,202008,4,829,151768,914461,ATLANTIC NORTH,88,2020,August,Marine Tropical Storm,Z,650,FENWICK IS DE TO CHINCOTEAGUE VA OUT 20NM,88650,AKQ,04-AUG-20 08:29:00,EST-5,04-AUG-20 08:29:00,0,0,0,0,0.00K,0.00K,Mesonet,NA,NA,NA,NA,NA,NA,NA,NA,NA,NA,NA,NA,NA,NA,NA,NA,NA,NA,NA,NA,NA,"The center of Tropical Storm Isaias tracked north just inland of the Middle Atlantic Coast from late Monday night, August 3rd through Tuesday morning, August 4th. The tropical storm produced tropical storm force wind gusts across portions of the Maryland Coastal Waters.",Wind gust of 54 knots was measured at Assateague South Point.,CSV
202008,4,829,202008,4,829,151809,914465,ATLANTIC NORTH,88,2020,August,Marine Tropical Storm,Z,630,CHESAPEAKE BAY SMITH PT TO WINDMILL PT VA,88630,AKQ,04-AUG-20 08:29:00,EST-5,04-AUG-20 08:29:00,0,0,0,0,0.00K,0.00K,Mesonet,NA,NA,NA,NA,NA,NA,NA,NA,NA,NA,NA,NA,NA,NA,NA,NA,NA,NA,NA,NA,NA,"The center of Tropical Storm Isaias tracked north just inland of the Middle Atlantic Coast from late Monday night, August 3rd through Tuesday morning, August 4th. The tropical storm produced tropical storm force wind gusts across portions of the Chesapeake Bay.",Wind gust of 61 knots was measured at Onancock.,CSV
202008,4,523,202008,4,523,151809,914472,ATLANTIC NORTH,88,2020,August,Marine Tropical Storm,Z,630,CHESAPEAKE BAY SMITH PT TO WINDMILL PT VA,88630,AKQ,04-AUG-20 05:23:00,EST-5,04-AUG-20 05:23:00,0,0,0,0,0.00K,0.00K,Mesonet,NA,NA,NA,NA,NA,NA,NA,NA,NA,NA,NA,NA,NA,NA,NA,NA,NA,NA,NA,NA,NA,"The center of Tropical Storm Isaias tracked north just inland of the Middle Atlantic Coast from late Monday night, August 3rd through Tuesday morning, August 4th. The tropical storm produced tropical storm force wind gusts across portions of the Chesapeake Bay.",Wind gust of 61 knots was measured at Tangier Sound Light.,CSV
202008,4,557,202008,4,557,151809,914482,ATLANTIC NORTH,88,2020,August,Marine Tropical Storm,Z,631,CHESAPEAKE BAY WINDMILL PT TO NEW PT COMFORT VA,88631,AKQ,04-AUG-20 05:57:00,EST-5,04-AUG-20 05:57:00,0,0,0,0,0.00K,0.00K,Mesonet,NA,NA,NA,NA,NA,NA,NA,NA,NA,NA,NA,NA,NA,NA,NA,NA,NA,NA,NA,NA,NA,"The center of Tropical Storm Isaias tracked north just inland of the Middle Atlantic Coast from late Monday night, August 3rd through Tuesday morning, August 4th. The tropical storm produced tropical storm force wind gusts across portions of the Chesapeake Bay.",Wind gust of 53 knots was measured at New Point Comfort.,CSV
202008,4,630,202008,4,630,151809,914487,ATLANTIC NORTH,88,2020,August,Marine Tropical Storm,Z,632,"MOUTH OF CHESAPEAKE BAY FROM NEW POINT COMFORT TO LITTLE CREEK, VA",88632,AKQ,04-AUG-20 06:30:00,EST-5,04-AUG-20 06:30:00,0,0,0,0,0.00K,0.00K,C-MAN Station,NA,NA,NA,NA,NA,NA,NA,NA,NA,NA,NA,NA,NA,NA,NA,NA,NA,NA,NA,NA,NA,"The center of Tropical Storm Isaias tracked north just inland of the Middle Atlantic Coast from late Monday night, August 3rd through Tuesday morning, August 4th. The tropical storm produced tropical storm force wind gusts across portions of the Chesapeake Bay.",Wind gust of 60 knots was measured at Kiptopeke.,CSV
202008,4,712,202008,4,712,151809,914494,ATLANTIC NORTH,88,2020,August,Marine Tropical Storm,Z,631,CHESAPEAKE BAY WINDMILL PT TO NEW PT COMFORT VA,88631,AKQ,04-AUG-20 07:12:00,EST-5,04-AUG-20 07:12:00,0,0,0,0,0.00K,0.00K,C-MAN Station,NA,NA,NA,NA,NA,NA,NA,NA,NA,NA,NA,NA,NA,NA,NA,NA,NA,NA,NA,NA,NA,"The center of Tropical Storm Isaias tracked north just inland of the Middle Atlantic Coast from late Monday night, August 3rd through Tuesday morning, August 4th. The tropical storm produced tropical storm force wind gusts across portions of the Chesapeake Bay.",Wind gust of 62 knots was measured at Rappahannock Light.,CSV
202008,4,710,202008,4,710,151809,914495,ATLANTIC NORTH,88,2020,August,Marine Tropical Storm,Z,632,"MOUTH OF CHESAPEAKE BAY FROM NEW POINT COMFORT TO LITTLE CREEK, VA",88632,AKQ,04-AUG-20 07:10:00,EST-5,04-AUG-20 07:10:00,0,0,0,0,0.00K,0.00K,Mesonet,NA,NA,NA,NA,NA,NA,NA,NA,NA,NA,NA,NA,NA,NA,NA,NA,NA,NA,NA,NA,NA,"The center of Tropical Storm Isaias tracked north just inland of the Middle Atlantic Coast from late Monday night, August 3rd through Tuesday morning, August 4th. The tropical storm produced tropical storm force wind gusts across portions of the Chesapeake Bay.",Wind gust of 58 knots was measured at Thimble Shoals.,CSV
202008,4,701,202008,4,701,151809,914497,ATLANTIC NORTH,88,2020,August,Marine Tropical Storm,Z,632,"MOUTH OF CHESAPEAKE BAY FROM NEW POINT COMFORT TO LITTLE CREEK, VA",88632,AKQ,04-AUG-20 07:01:00,EST-5,04-AUG-20 07:01:00,0,0,0,0,0.00K,0.00K,Mesonet,NA,NA,NA,NA,NA,NA,NA,NA,NA,NA,NA,NA,NA,NA,NA,NA,NA,NA,NA,NA,NA,"The center of Tropical Storm Isaias tracked north just inland of the Middle Atlantic Coast from late Monday night, August 3rd through Tuesday morning, August 4th. The tropical storm produced tropical storm force wind gusts across portions of the Chesapeake Bay.",Wind gust of 57 knots was measured at Plantation Flats.,CSV
202008,4,633,202008,4,633,151809,914498,ATLANTIC NORTH,88,2020,August,Marine Tropical Storm,Z,634,"CHESAPEAKE BAY FROM LITTLE CREEK, VA, TO CAPE HENRY, VA, INCLUDING THE CHESAPEAKE BAY BRIDGE TUNNEL",88634,AKQ,04-AUG-20 06:33:00,EST-5,04-AUG-20 06:33:00,0,0,0,0,0.00K,0.00K,Mesonet,NA,NA,NA,NA,NA,NA,NA,NA,NA,NA,NA,NA,NA,NA,NA,NA,NA,NA,NA,NA,NA,"The center of Tropical Storm Isaias tracked north just inland of the Middle Atlantic Coast from late Monday night, August 3rd through Tuesday morning, August 4th. The tropical storm produced tropical storm force wind gusts across portions of the Chesapeake Bay.",Wind gust of 55 knots was measured at Lynnhaven Inlet.,CSV
202008,4,802,202008,4,802,151809,914500,ATLANTIC NORTH,88,2020,August,Marine Tropical Storm,Z,631,CHESAPEAKE BAY WINDMILL PT TO NEW PT COMFORT VA,88631,AKQ,04-AUG-20 08:02:00,EST-5,04-AUG-20 08:02:00,0,0,0,0,0.00K,0.00K,Mesonet,NA,NA,NA,NA,NA,NA,NA,NA,NA,NA,NA,NA,NA,NA,NA,NA,NA,NA,NA,NA,NA,"The center of Tropical Storm Isaias tracked north just inland of the Middle Atlantic Coast from late Monday night, August 3rd through Tuesday morning, August 4th. The tropical storm produced tropical storm force wind gusts across portions of the Chesapeake Bay.",Wind gust of 51 knots was measured at Deltaville.,CSV
202007,10,800,202007,10,1035,149864,903174,ATLANTIC NORTH,88,2020,July,Marine Tropical Storm,Z,431,DE BAY WATERS S OF E PT NJ TO SLAUGHTER BEACH DE,88431,PHI,10-JUL-20 08:00:00,EST-5,10-JUL-20 10:35:00,0,0,0,0,NA,NA,Buoy,NA,NA,NA,NA,NA,NA,NA,NA,NA,NA,NA,NA,NA,NA,NA,NA,NA,NA,NA,NA,NA,Tropical Storm Fay moved northward along the coasts of Delaware and New Jersey on the afternoon and evening of July 10. The storm brought Tropical Storm force wind gusts to the Atlantic coastal waters and Delaware Bay.,Tropical Storm Fay brought tropical storm force wind gusts up to 55 mph to the lower Delaware Bay at Brandywine Shoal as it moved northeast along the New Jersey Coast.,CSV
202008,4,336,202008,4,336,151809,914501,ATLANTIC NORTH,88,2020,August,Marine Tropical Storm,Z,632,"MOUTH OF CHESAPEAKE BAY FROM NEW POINT COMFORT TO LITTLE CREEK, VA",88632,AKQ,04-AUG-20 03:36:00,EST-5,04-AUG-20 03:36:00,0,0,0,0,0.00K,0.00K,Mesonet,NA,NA,NA,NA,NA,NA,NA,NA,NA,NA,NA,NA,NA,NA,NA,NA,NA,NA,NA,NA,NA,"The center of Tropical Storm Isaias tracked north just inland of the Middle Atlantic Coast from late Monday night, August 3rd through Tuesday morning, August 4th. The tropical storm produced tropical storm force wind gusts across portions of the Chesapeake Bay.",Wind gust of 49 knots was measured at Poquoson River Light.,CSV
202008,4,436,202008,4,436,151809,914502,ATLANTIC NORTH,88,2020,August,Marine Tropical Storm,Z,631,CHESAPEAKE BAY WINDMILL PT TO NEW PT COMFORT VA,88631,AKQ,04-AUG-20 04:36:00,EST-5,04-AUG-20 04:36:00,0,0,0,0,0.00K,0.00K,Buoy,NA,NA,NA,NA,NA,NA,NA,NA,NA,NA,NA,NA,NA,NA,NA,NA,NA,NA,NA,NA,NA,"The center of Tropical Storm Isaias tracked north just inland of the Middle Atlantic Coast from late Monday night, August 3rd through Tuesday morning, August 4th. The tropical storm produced tropical storm force wind gusts across portions of the Chesapeake Bay.",Wind gust of 44 knots was measured at (2 E) Stingray Point.,CSV
202008,4,705,202008,4,705,151809,914504,ATLANTIC NORTH,88,2020,August,Marine Tropical Storm,Z,631,CHESAPEAKE BAY WINDMILL PT TO NEW PT COMFORT VA,88631,AKQ,04-AUG-20 07:05:00,EST-5,04-AUG-20 07:05:00,0,0,0,0,0.00K,0.00K,Mesonet,NA,NA,NA,NA,NA,NA,NA,NA,NA,NA,NA,NA,NA,NA,NA,NA,NA,NA,NA,NA,NA,"The center of Tropical Storm Isaias tracked north just inland of the Middle Atlantic Coast from late Monday night, August 3rd through Tuesday morning, August 4th. The tropical storm produced tropical storm force wind gusts across portions of the Chesapeake Bay.",Wind gust of 42 knots was measured at Silver Beach.,CSV
202008,4,548,202008,4,548,151810,914822,ATLANTIC NORTH,88,2020,August,Marine Tropical Storm,Z,638,JAMES RIVER FROM JAMES RIVER BRIDGE TO HAMPTON ROADS BRIDGE-TUNNEL,88638,AKQ,04-AUG-20 05:48:00,EST-5,04-AUG-20 05:48:00,0,0,0,0,0.00K,0.00K,Mesonet,NA,NA,NA,NA,NA,NA,NA,NA,NA,NA,NA,NA,NA,NA,NA,NA,NA,NA,NA,NA,NA,"The center of Tropical Storm Isaias tracked north just inland of the Middle Atlantic Coast from late Monday night, August 3rd through Tuesday morning, August 4th. The tropical storm produced tropical storm force wind gusts across portions of the James River.",Wind gust of 63 knots was measured at Willoughby Degaussing Station.,CSV
202008,4,523,202008,4,523,151810,914824,ATLANTIC NORTH,88,2020,August,Marine Tropical Storm,Z,638,JAMES RIVER FROM JAMES RIVER BRIDGE TO HAMPTON ROADS BRIDGE-TUNNEL,88638,AKQ,04-AUG-20 05:23:00,EST-5,04-AUG-20 05:23:00,0,0,0,0,0.00K,0.00K,Mesonet,NA,NA,NA,NA,NA,NA,NA,NA,NA,NA,NA,NA,NA,NA,NA,NA,NA,NA,NA,NA,NA,"The center of Tropical Storm Isaias tracked north just inland of the Middle Atlantic Coast from late Monday night, August 3rd through Tuesday morning, August 4th. The tropical storm produced tropical storm force wind gusts across portions of the James River.",Wind gust of 60 knots was measured at Middle Ground Lighthouse.,CSV
202008,4,324,202008,4,324,151810,914826,ATLANTIC NORTH,88,2020,August,Marine Tropical Storm,Z,638,JAMES RIVER FROM JAMES RIVER BRIDGE TO HAMPTON ROADS BRIDGE-TUNNEL,88638,AKQ,04-AUG-20 03:24:00,EST-5,04-AUG-20 03:24:00,0,0,0,0,0.00K,0.00K,Mesonet,NA,NA,NA,NA,NA,NA,NA,NA,NA,NA,NA,NA,NA,NA,NA,NA,NA,NA,NA,NA,NA,"The center of Tropical Storm Isaias tracked north just inland of the Middle Atlantic Coast from late Monday night, August 3rd through Tuesday morning, August 4th. The tropical storm produced tropical storm force wind gusts across portions of the James River.",Wind gust of 59 knots was measured at Hampton Flats.,CSV
202008,4,700,202008,4,700,151810,914827,ATLANTIC NORTH,88,2020,August,Marine Tropical Storm,Z,638,JAMES RIVER FROM JAMES RIVER BRIDGE TO HAMPTON ROADS BRIDGE-TUNNEL,88638,AKQ,04-AUG-20 07:00:00,EST-5,04-AUG-20 07:00:00,0,0,0,0,0.00K,0.00K,Mesonet,NA,NA,NA,NA,NA,NA,NA,NA,NA,NA,NA,NA,NA,NA,NA,NA,NA,NA,NA,NA,NA,"The center of Tropical Storm Isaias tracked north just inland of the Middle Atlantic Coast from late Monday night, August 3rd through Tuesday morning, August 4th. The tropical storm produced tropical storm force wind gusts across portions of the James River.",Wind gust of 56 knots was measured at James River Bridge.,CSV
202008,4,600,202008,4,600,151810,914828,ATLANTIC NORTH,88,2020,August,Marine Tropical Storm,Z,638,JAMES RIVER FROM JAMES RIVER BRIDGE TO HAMPTON ROADS BRIDGE-TUNNEL,88638,AKQ,04-AUG-20 06:00:00,EST-5,04-AUG-20 06:00:00,0,0,0,0,0.00K,0.00K,Mesonet,NA,NA,NA,NA,NA,NA,NA,NA,NA,NA,NA,NA,NA,NA,NA,NA,NA,NA,NA,NA,NA,"The center of Tropical Storm Isaias tracked north just inland of the Middle Atlantic Coast from late Monday night, August 3rd through Tuesday morning, August 4th. The tropical storm produced tropical storm force wind gusts across portions of the James River.",Wind gust of 55 knots was measured at the Monitor Merrimac Memorial Bridge Tunnel.,CSV
202008,4,542,202008,4,542,151810,914829,ATLANTIC NORTH,88,2020,August,Marine Tropical Storm,Z,638,JAMES RIVER FROM JAMES RIVER BRIDGE TO HAMPTON ROADS BRIDGE-TUNNEL,88638,AKQ,04-AUG-20 05:42:00,EST-5,04-AUG-20 05:42:00,0,0,0,0,0.00K,0.00K,C-MAN Station,NA,NA,NA,NA,NA,NA,NA,NA,NA,NA,NA,NA,NA,NA,NA,NA,NA,NA,NA,NA,NA,"The center of Tropical Storm Isaias tracked north just inland of the Middle Atlantic Coast from late Monday night, August 3rd through Tuesday morning, August 4th. The tropical storm produced tropical storm force wind gusts across portions of the James River.",Wind gust of 54 knots was measured at Dominion Terminal Associates.,CSV
202007,25,300,202007,25,1200,151469,912766,GULF OF MEXICO,85,2020,July,Marine Tropical Storm,Z,250,PT ARANSAS TO BAFFIN BAY TX OUT 20NM,85250,CRP,25-JUL-20 03:00:00,CST-6,25-JUL-20 12:00:00,0,0,0,0,0.00K,0.00K,Mesonet,NA,NA,NA,NA,NA,NA,NA,NA,NA,NA,NA,NA,NA,NA,NA,NA,NA,NA,NA,NA,NA,"Hurricane Hanna was the first hurricane of the 2020 Atlantic Basin hurricane season and made landfall on the lower Texas coast north of Port Mansfield on the afternoon of the 25th. Hanna was the first hurricane to make landfall in Texas since Hurricane Harvey.||Hanna began as a tropical wave, first noted for possible development when it was near Hispaniola on the 19th. The tropical wave moved northwest across Cuba into the central Gulf of Mexico where it became a tropical depression on the morning of the 22nd. Tropical Storm Hanna formed late in the evening on the 23rd as it moved west-northwest over the central Gulf of Mexico. Hanna continued to strengthen and became a hurricane on the morning of the 25th around 100 miles east of the Middle Texas coast. Hurricane Hanna turned to the southwest and made landfall north of Port Mansfield, late in the afternoon on the 25th with a peak intensity of 90 mph and a central pressure of 973 millibars.||Hurricane force winds moved across the coastal waters south of Port Aransas while tropical storm force winds occurred over the coastal waters north of Port Aransas. Wave heights rose to 20 feet over the Gulf waters according to offshore buoys. Surge damaged the navigation markers and aids along the Corpus Christi ship channel.",Mesonet data and radar data indicated tropical storm winds.,CSV
202007,25,2200,202007,26,600,151469,912767,GULF OF MEXICO,85,2020,July,Marine Tropical Storm,Z,270,PT ARANSAS TO BAFFIN BAY TX 20 TO 60NM,85270,CRP,25-JUL-20 22:00:00,CST-6,26-JUL-20 06:00:00,0,0,0,0,0.00K,0.00K,Other Federal Agency,NA,NA,NA,NA,NA,NA,NA,NA,NA,NA,NA,NA,NA,NA,NA,NA,NA,NA,NA,NA,NA,"Hurricane Hanna was the first hurricane of the 2020 Atlantic Basin hurricane season and made landfall on the lower Texas coast north of Port Mansfield on the afternoon of the 25th. Hanna was the first hurricane to make landfall in Texas since Hurricane Harvey.||Hanna began as a tropical wave, first noted for possible development when it was near Hispaniola on the 19th. The tropical wave moved northwest across Cuba into the central Gulf of Mexico where it became a tropical depression on the morning of the 22nd. Tropical Storm Hanna formed late in the evening on the 23rd as it moved west-northwest over the central Gulf of Mexico. Hanna continued to strengthen and became a hurricane on the morning of the 25th around 100 miles east of the Middle Texas coast. Hurricane Hanna turned to the southwest and made landfall north of Port Mansfield, late in the afternoon on the 25th with a peak intensity of 90 mph and a central pressure of 973 millibars.||Hurricane force winds moved across the coastal waters south of Port Aransas while tropical storm force winds occurred over the coastal waters north of Port Aransas. Wave heights rose to 20 feet over the Gulf waters according to offshore buoys. Surge damaged the navigation markers and aids along the Corpus Christi ship channel.",Offshore buoy and radar data indicated tropical storm winds.,CSV
202007,25,2200,202007,26,600,151469,912768,GULF OF MEXICO,85,2020,July,Marine Tropical Storm,Z,250,PT ARANSAS TO BAFFIN BAY TX OUT 20NM,85250,CRP,25-JUL-20 22:00:00,CST-6,26-JUL-20 06:00:00,0,0,0,0,0.00K,0.00K,Mesonet,NA,NA,NA,NA,NA,NA,NA,NA,NA,NA,NA,NA,NA,NA,NA,NA,NA,NA,NA,NA,NA,"Hurricane Hanna was the first hurricane of the 2020 Atlantic Basin hurricane season and made landfall on the lower Texas coast north of Port Mansfield on the afternoon of the 25th. Hanna was the first hurricane to make landfall in Texas since Hurricane Harvey.||Hanna began as a tropical wave, first noted for possible development when it was near Hispaniola on the 19th. The tropical wave moved northwest across Cuba into the central Gulf of Mexico where it became a tropical depression on the morning of the 22nd. Tropical Storm Hanna formed late in the evening on the 23rd as it moved west-northwest over the central Gulf of Mexico. Hanna continued to strengthen and became a hurricane on the morning of the 25th around 100 miles east of the Middle Texas coast. Hurricane Hanna turned to the southwest and made landfall north of Port Mansfield, late in the afternoon on the 25th with a peak intensity of 90 mph and a central pressure of 973 millibars.||Hurricane force winds moved across the coastal waters south of Port Aransas while tropical storm force winds occurred over the coastal waters north of Port Aransas. Wave heights rose to 20 feet over the Gulf waters according to offshore buoys. Surge damaged the navigation markers and aids along the Corpus Christi ship channel.",Mesonet data and radar data indicated tropical storm winds.,CSV
202007,25,2200,202007,26,600,151469,912769,GULF OF MEXICO,85,2020,July,Marine Tropical Storm,Z,230,CORPUS CHRISTI TO BAFFIN BAY,85230,CRP,25-JUL-20 22:00:00,CST-6,26-JUL-20 06:00:00,0,0,0,0,0.00K,0.00K,Mesonet,NA,NA,NA,NA,NA,NA,NA,NA,NA,NA,NA,NA,NA,NA,NA,NA,NA,NA,NA,NA,NA,"Hurricane Hanna was the first hurricane of the 2020 Atlantic Basin hurricane season and made landfall on the lower Texas coast north of Port Mansfield on the afternoon of the 25th. Hanna was the first hurricane to make landfall in Texas since Hurricane Harvey.||Hanna began as a tropical wave, first noted for possible development when it was near Hispaniola on the 19th. The tropical wave moved northwest across Cuba into the central Gulf of Mexico where it became a tropical depression on the morning of the 22nd. Tropical Storm Hanna formed late in the evening on the 23rd as it moved west-northwest over the central Gulf of Mexico. Hanna continued to strengthen and became a hurricane on the morning of the 25th around 100 miles east of the Middle Texas coast. Hurricane Hanna turned to the southwest and made landfall north of Port Mansfield, late in the afternoon on the 25th with a peak intensity of 90 mph and a central pressure of 973 millibars.||Hurricane force winds moved across the coastal waters south of Port Aransas while tropical storm force winds occurred over the coastal waters north of Port Aransas. Wave heights rose to 20 feet over the Gulf waters according to offshore buoys. Surge damaged the navigation markers and aids along the Corpus Christi ship channel.",Mesonet data and radar data indicated tropical storm winds.,CSV
202007,25,300,202007,25,1200,151469,912770,GULF OF MEXICO,85,2020,July,Marine Tropical Storm,Z,230,CORPUS CHRISTI TO BAFFIN BAY,85230,CRP,25-JUL-20 03:00:00,CST-6,25-JUL-20 12:00:00,0,0,0,0,0.00K,0.00K,Mesonet,NA,NA,NA,NA,NA,NA,NA,NA,NA,NA,NA,NA,NA,NA,NA,NA,NA,NA,NA,NA,NA,"Hurricane Hanna was the first hurricane of the 2020 Atlantic Basin hurricane season and made landfall on the lower Texas coast north of Port Mansfield on the afternoon of the 25th. Hanna was the first hurricane to make landfall in Texas since Hurricane Harvey.||Hanna began as a tropical wave, first noted for possible development when it was near Hispaniola on the 19th. The tropical wave moved northwest across Cuba into the central Gulf of Mexico where it became a tropical depression on the morning of the 22nd. Tropical Storm Hanna formed late in the evening on the 23rd as it moved west-northwest over the central Gulf of Mexico. Hanna continued to strengthen and became a hurricane on the morning of the 25th around 100 miles east of the Middle Texas coast. Hurricane Hanna turned to the southwest and made landfall north of Port Mansfield, late in the afternoon on the 25th with a peak intensity of 90 mph and a central pressure of 973 millibars.||Hurricane force winds moved across the coastal waters south of Port Aransas while tropical storm force winds occurred over the coastal waters north of Port Aransas. Wave heights rose to 20 feet over the Gulf waters according to offshore buoys. Surge damaged the navigation markers and aids along the Corpus Christi ship channel.",Mesonet data and radar data indicated tropical storm winds.,CSV
202007,25,300,202007,25,1200,151469,912771,GULF OF MEXICO,85,2020,July,Marine Tropical Storm,Z,270,PT ARANSAS TO BAFFIN BAY TX 20 TO 60NM,85270,CRP,25-JUL-20 03:00:00,CST-6,25-JUL-20 12:00:00,0,0,0,0,0.00K,0.00K,Other Federal Agency,NA,NA,NA,NA,NA,NA,NA,NA,NA,NA,NA,NA,NA,NA,NA,NA,NA,NA,NA,NA,NA,"Hurricane Hanna was the first hurricane of the 2020 Atlantic Basin hurricane season and made landfall on the lower Texas coast north of Port Mansfield on the afternoon of the 25th. Hanna was the first hurricane to make landfall in Texas since Hurricane Harvey.||Hanna began as a tropical wave, first noted for possible development when it was near Hispaniola on the 19th. The tropical wave moved northwest across Cuba into the central Gulf of Mexico where it became a tropical depression on the morning of the 22nd. Tropical Storm Hanna formed late in the evening on the 23rd as it moved west-northwest over the central Gulf of Mexico. Hanna continued to strengthen and became a hurricane on the morning of the 25th around 100 miles east of the Middle Texas coast. Hurricane Hanna turned to the southwest and made landfall north of Port Mansfield, late in the afternoon on the 25th with a peak intensity of 90 mph and a central pressure of 973 millibars.||Hurricane force winds moved across the coastal waters south of Port Aransas while tropical storm force winds occurred over the coastal waters north of Port Aransas. Wave heights rose to 20 feet over the Gulf waters according to offshore buoys. Surge damaged the navigation markers and aids along the Corpus Christi ship channel.",Offshore buoy and radar data indicated tropical storm winds.,CSV
202007,25,300,202007,26,500,151469,912763,GULF OF MEXICO,85,2020,July,Marine Tropical Storm,Z,235,PT O'CONNOR TO ARANSAS PASS,85235,CRP,25-JUL-20 03:00:00,CST-6,26-JUL-20 05:00:00,0,0,0,0,0.00K,0.00K,Mesonet,NA,NA,NA,NA,NA,NA,NA,NA,NA,NA,NA,NA,NA,NA,NA,NA,NA,NA,NA,NA,NA,"Hurricane Hanna was the first hurricane of the 2020 Atlantic Basin hurricane season and made landfall on the lower Texas coast north of Port Mansfield on the afternoon of the 25th. Hanna was the first hurricane to make landfall in Texas since Hurricane Harvey.||Hanna began as a tropical wave, first noted for possible development when it was near Hispaniola on the 19th. The tropical wave moved northwest across Cuba into the central Gulf of Mexico where it became a tropical depression on the morning of the 22nd. Tropical Storm Hanna formed late in the evening on the 23rd as it moved west-northwest over the central Gulf of Mexico. Hanna continued to strengthen and became a hurricane on the morning of the 25th around 100 miles east of the Middle Texas coast. Hurricane Hanna turned to the southwest and made landfall north of Port Mansfield, late in the afternoon on the 25th with a peak intensity of 90 mph and a central pressure of 973 millibars.||Hurricane force winds moved across the coastal waters south of Port Aransas while tropical storm force winds occurred over the coastal waters north of Port Aransas. Wave heights rose to 20 feet over the Gulf waters according to offshore buoys. Surge damaged the navigation markers and aids along the Corpus Christi ship channel.",Mesonet data and radar data indicated tropical storm winds.,CSV
202007,25,300,202007,26,500,151469,912764,GULF OF MEXICO,85,2020,July,Marine Tropical Storm,Z,255,MATAGORDA SHIP CHNL TO PT ARANSAS OUT 20NM,85255,CRP,25-JUL-20 03:00:00,CST-6,26-JUL-20 05:00:00,0,0,0,0,0.00K,0.00K,Mesonet,NA,NA,NA,NA,NA,NA,NA,NA,NA,NA,NA,NA,NA,NA,NA,NA,NA,NA,NA,NA,NA,"Hurricane Hanna was the first hurricane of the 2020 Atlantic Basin hurricane season and made landfall on the lower Texas coast north of Port Mansfield on the afternoon of the 25th. Hanna was the first hurricane to make landfall in Texas since Hurricane Harvey.||Hanna began as a tropical wave, first noted for possible development when it was near Hispaniola on the 19th. The tropical wave moved northwest across Cuba into the central Gulf of Mexico where it became a tropical depression on the morning of the 22nd. Tropical Storm Hanna formed late in the evening on the 23rd as it moved west-northwest over the central Gulf of Mexico. Hanna continued to strengthen and became a hurricane on the morning of the 25th around 100 miles east of the Middle Texas coast. Hurricane Hanna turned to the southwest and made landfall north of Port Mansfield, late in the afternoon on the 25th with a peak intensity of 90 mph and a central pressure of 973 millibars.||Hurricane force winds moved across the coastal waters south of Port Aransas while tropical storm force winds occurred over the coastal waters north of Port Aransas. Wave heights rose to 20 feet over the Gulf waters according to offshore buoys. Surge damaged the navigation markers and aids along the Corpus Christi ship channel.",Mesonet data and radar data indicated tropical storm winds.,CSV
202007,25,300,202007,26,500,151469,912765,GULF OF MEXICO,85,2020,July,Marine Tropical Storm,Z,275,MATAGORDA SHIP CHNL TO PT ARANSAS TX 20NM to 60NM,85275,CRP,25-JUL-20 03:00:00,CST-6,26-JUL-20 05:00:00,0,0,0,0,0.00K,0.00K,Other Federal Agency,NA,NA,NA,NA,NA,NA,NA,NA,NA,NA,NA,NA,NA,NA,NA,NA,NA,NA,NA,NA,NA,"Hurricane Hanna was the first hurricane of the 2020 Atlantic Basin hurricane season and made landfall on the lower Texas coast north of Port Mansfield on the afternoon of the 25th. Hanna was the first hurricane to make landfall in Texas since Hurricane Harvey.||Hanna began as a tropical wave, first noted for possible development when it was near Hispaniola on the 19th. The tropical wave moved northwest across Cuba into the central Gulf of Mexico where it became a tropical depression on the morning of the 22nd. Tropical Storm Hanna formed late in the evening on the 23rd as it moved west-northwest over the central Gulf of Mexico. Hanna continued to strengthen and became a hurricane on the morning of the 25th around 100 miles east of the Middle Texas coast. Hurricane Hanna turned to the southwest and made landfall north of Port Mansfield, late in the afternoon on the 25th with a peak intensity of 90 mph and a central pressure of 973 millibars.||Hurricane force winds moved across the coastal waters south of Port Aransas while tropical storm force winds occurred over the coastal waters north of Port Aransas. Wave heights rose to 20 feet over the Gulf waters according to offshore buoys. Surge damaged the navigation markers and aids along the Corpus Christi ship channel.",Offshore buoy and radar data indicated tropical storm winds.,CSV
202011,7,230,202011,9,1110,154560,931154,GULF OF MEXICO,85,2020,November,Marine Tropical Storm,Z,42,HAWK CHANNEL FROM OCEAN REEF TO CRAIG KEY OUT TO THE REEF,85042,KEY,07-NOV-20 02:30:00,EST-5,09-NOV-20 11:10:00,0,0,0,0,0.00K,0.00K,Mesonet,NA,NA,NA,NA,NA,NA,NA,NA,NA,NA,NA,NA,NA,NA,NA,NA,NA,NA,NA,NA,NA,"Tropical Storm Eta passed northwest through the middle Florida Keys on November 8 through 9, 2020.  Primary impacts from wind occurred as result of a primary rain band which drifted very slowly north through the Upper Florida Keys.  Peak wind gusts were mostly in the 50 to 60 mph range, downing trees and large tree limbs, utility lines, and a billboard. One residence was destroyed by a fallen tree resulting in 1 minor injury. Two other residential structures were significantly damaged, with three inaccessible  due to blocked streets. About 20 separate power outages affected about 1,000 customers, mostly in Key Largo. Storm Surge flooding was generally in the 1.5 to 2.5 foot range, producing significant street flooding in oceanside Key Largo neighborhoods.  The northbound right-of-way was damaged including major erosion, loss of riprap, and about 3,000 feet of fencing along northbound U.S. Highway 1 along the west end of Barnes Sound and Manatee Bay.  Minor overwash occurred in the middle Florida Keys at Key Colony Beach, along with yard and dock flooding along the Florida Bay side of Marathon. Widespread rainfall of 3.5 to over 8 inches was measured throughout the Keys, with the highest totals in Key Largo.  Damages were estimated near $500K due to mostly from homes damaged by falling trees and tree limbs, as well as utility damage. Storm Surge damage near $100K due to wave action on top of a minor storm surge to the U.S Highway 1 right-of-way.","Tropical Storm Eta produced a prolonged duration of tropical storm force winds along the Upper Keys reef tract, with peak sustained winds of 59 mph with gusts to 70 mph at Carysfort Reef Light, and sustained 45 mph with gusts to 58 mph at Alligator Reef Light.",CSV
202011,7,510,202011,8,1220,154560,931155,GULF OF MEXICO,85,2020,November,Marine Tropical Storm,Z,44,HAWK CHANNEL FROM WEST END OF SEVEN MILE BRIDGE TO HALFMOON SHOAL OUT TO THE REEF,85044,KEY,07-NOV-20 05:10:00,EST-5,08-NOV-20 12:20:00,0,0,0,0,0.00K,0.00K,C-MAN Station,NA,NA,NA,NA,NA,NA,NA,NA,NA,NA,NA,NA,NA,NA,NA,NA,NA,NA,NA,NA,NA,"Tropical Storm Eta passed northwest through the middle Florida Keys on November 8 through 9, 2020.  Primary impacts from wind occurred as result of a primary rain band which drifted very slowly north through the Upper Florida Keys.  Peak wind gusts were mostly in the 50 to 60 mph range, downing trees and large tree limbs, utility lines, and a billboard. One residence was destroyed by a fallen tree resulting in 1 minor injury. Two other residential structures were significantly damaged, with three inaccessible  due to blocked streets. About 20 separate power outages affected about 1,000 customers, mostly in Key Largo. Storm Surge flooding was generally in the 1.5 to 2.5 foot range, producing significant street flooding in oceanside Key Largo neighborhoods.  The northbound right-of-way was damaged including major erosion, loss of riprap, and about 3,000 feet of fencing along northbound U.S. Highway 1 along the west end of Barnes Sound and Manatee Bay.  Minor overwash occurred in the middle Florida Keys at Key Colony Beach, along with yard and dock flooding along the Florida Bay side of Marathon. Widespread rainfall of 3.5 to over 8 inches was measured throughout the Keys, with the highest totals in Key Largo.  Damages were estimated near $500K due to mostly from homes damaged by falling trees and tree limbs, as well as utility damage. Storm Surge damage near $100K due to wave action on top of a minor storm surge to the U.S Highway 1 right-of-way.","Tropical Storm Eta passed to the east and north of the Lower Keys reef tract, producing only sporadic tropical storm force wind gusts at Sand Key.  Maximum sustained winds were measured at Sand Key Light at 45 mph with gusts to 49 mph.",CSV
202011,7,610,202011,9,130,154560,931157,GULF OF MEXICO,85,2020,November,Marine Tropical Storm,Z,33,GULF OF MEXICO FROM EAST CAPE SABLE TO CHOKOLOSKEE 20 TO 60 NM OUT AND BEYOND 5 FATHOMS,85033,KEY,07-NOV-20 06:10:00,EST-5,09-NOV-20 01:30:00,0,0,0,0,0.00K,0.00K,Mesonet,NA,NA,NA,NA,NA,NA,NA,NA,NA,NA,NA,NA,NA,NA,NA,NA,NA,NA,NA,NA,NA,"Tropical Storm Eta passed northwest through the middle Florida Keys on November 8 through 9, 2020.  Primary impacts from wind occurred as result of a primary rain band which drifted very slowly north through the Upper Florida Keys.  Peak wind gusts were mostly in the 50 to 60 mph range, downing trees and large tree limbs, utility lines, and a billboard. One residence was destroyed by a fallen tree resulting in 1 minor injury. Two other residential structures were significantly damaged, with three inaccessible  due to blocked streets. About 20 separate power outages affected about 1,000 customers, mostly in Key Largo. Storm Surge flooding was generally in the 1.5 to 2.5 foot range, producing significant street flooding in oceanside Key Largo neighborhoods.  The northbound right-of-way was damaged including major erosion, loss of riprap, and about 3,000 feet of fencing along northbound U.S. Highway 1 along the west end of Barnes Sound and Manatee Bay.  Minor overwash occurred in the middle Florida Keys at Key Colony Beach, along with yard and dock flooding along the Florida Bay side of Marathon. Widespread rainfall of 3.5 to over 8 inches was measured throughout the Keys, with the highest totals in Key Largo.  Damages were estimated near $500K due to mostly from homes damaged by falling trees and tree limbs, as well as utility damage. Storm Surge damage near $100K due to wave action on top of a minor storm surge to the U.S Highway 1 right-of-way.","Tropical Storm Eta passed north of the Gulf of Mexico waters north of the Lower Keys and beyond 5 fathoms, with peak sustained winds of 40 mph and gusts to 47 mph measured at Smith Shoal Light.",CSV
202011,11,50,202011,11,1500,154562,931166,GULF OF MEXICO,85,2020,November,Marine Tropical Storm,Z,44,HAWK CHANNEL FROM WEST END OF SEVEN MILE BRIDGE TO HALFMOON SHOAL OUT TO THE REEF,85044,KEY,11-NOV-20 00:50:00,EST-5,11-NOV-20 15:00:00,0,0,0,0,0.00K,0.00K,C-MAN Station,NA,NA,NA,NA,NA,NA,NA,NA,NA,NA,NA,NA,NA,NA,NA,NA,NA,NA,NA,NA,NA,"Tropical Storm Eta moved northeast and gradually intensified west of Dry Tortugas.  An expanding wind field brought tropical-storm force wind gusts to the extreme Lower Keys and Dry Tortugas.  While water levels remained below coastal flood thresholds, heavy wave action produced extensive overwash along the oceanfront of Key West, resulting in closed streets.  Minor power outages occurred primarily in Key West.","As Tropical Storm Eta passed well to the west, strong south winds peaked with a sustained measurement of 49 mph with gusts to 56 mph at Sand Key Light.",CSV
202011,11,110,202011,11,1615,154562,931172,GULF OF MEXICO,85,2020,November,Marine Tropical Storm,Z,33,GULF OF MEXICO FROM EAST CAPE SABLE TO CHOKOLOSKEE 20 TO 60 NM OUT AND BEYOND 5 FATHOMS,85033,KEY,11-NOV-20 01:10:00,EST-5,11-NOV-20 16:15:00,0,0,0,0,0.00K,0.00K,Mesonet,NA,NA,NA,NA,NA,NA,NA,NA,NA,NA,NA,NA,NA,NA,NA,NA,NA,NA,NA,NA,NA,"Tropical Storm Eta moved northeast and gradually intensified west of Dry Tortugas.  An expanding wind field brought tropical-storm force wind gusts to the extreme Lower Keys and Dry Tortugas.  While water levels remained below coastal flood thresholds, heavy wave action produced extensive overwash along the oceanfront of Key West, resulting in closed streets.  Minor power outages occurred primarily in Key West.","As Tropical Storm Eta passed well to the west, strong south winds peaked at a sustained measurement of 43 mph with gusts to 53 mph at Smith Shoal Light.",CSV
202009,13,130,202009,13,130,151779,914416,GULF OF MEXICO,85,2020,September,Marine Tropical Storm,Z,873,ENGLEWOOD TO TARPON SPRINGS FL 20 TO 60NM,85873,TBW,13-SEP-20 01:30:00,EST-5,13-SEP-20 01:30:00,0,0,0,0,0.00K,0.00K,Buoy,NA,NA,NA,NA,NA,NA,NA,NA,NA,NA,NA,NA,NA,NA,NA,NA,NA,NA,NA,NA,NA,Tropical Storm Sally emerged from Southwest Florida and starting heading NNW producing tropical storm force winds in the Gulf of Mexico.,Buoy 42013 located 22 miles SW of Longboat Key produced wind speed of 44 knots.,CSV
202009,13,230,202009,13,230,151779,914417,GULF OF MEXICO,85,2020,September,Marine Tropical Storm,Z,873,ENGLEWOOD TO TARPON SPRINGS FL 20 TO 60NM,85873,TBW,13-SEP-20 02:30:00,EST-5,13-SEP-20 02:30:00,0,0,0,0,0.00K,0.00K,Buoy,NA,NA,NA,NA,NA,NA,NA,NA,NA,NA,NA,NA,NA,NA,NA,NA,NA,NA,NA,NA,NA,Tropical Storm Sally emerged from Southwest Florida and starting heading NNW producing tropical storm force winds in the Gulf of Mexico.,Buoy 42013 located 22 miles SW of Longboat Key produced wind speed of 49 knots.,CSV
202009,13,1030,202009,13,1030,151779,914420,GULF OF MEXICO,85,2020,September,Marine Tropical Storm,Z,873,ENGLEWOOD TO TARPON SPRINGS FL 20 TO 60NM,85873,TBW,13-SEP-20 10:30:00,EST-5,13-SEP-20 10:30:00,0,0,0,0,0.00K,0.00K,Buoy,NA,NA,NA,NA,NA,NA,NA,NA,NA,NA,NA,NA,NA,NA,NA,NA,NA,NA,NA,NA,NA,Tropical Storm Sally emerged from Southwest Florida and starting heading NNW producing tropical storm force winds in the Gulf of Mexico.,Buoy 42013 located 22 miles SW of Longboat Key produced wind speed of 39 knots.,CSV
202008,1,1321,202008,1,1546,152668,919715,GULF OF MEXICO,85,2020,August,Marine Tropical Storm,Z,52,STRAITS OF FLORIDA FROM OCEAN REEF TO CRAIG KEY OUT 20 NM,85052,KEY,01-AUG-20 13:21:00,EST-5,01-AUG-20 15:46:00,0,0,0,0,0.00K,0.00K,Mesonet,NA,NA,NA,NA,NA,NA,NA,NA,NA,NA,NA,NA,NA,NA,NA,NA,NA,NA,NA,NA,NA,"Tropical Cyclone Isaias, at tropical storm strength, passed about 100 miles east of Ocean Reef.  Several squalls with tropical storm force wind gusts were observed offshore the Upper Florida Keys.",Two passing squalls associated with Tropical Storm Isaias produced a peak wind gust of 43 knots at an automated WeatherFlow station at Carysfort Reef Light.,CSV
202009,13,424,202009,13,424,151779,914422,GULF OF MEXICO,85,2020,September,Marine Tropical Storm,Z,853,ENGLEWOOD TO TARPON SPRINGS FL OUT 20NM,85853,TBW,13-SEP-20 04:24:00,EST-5,13-SEP-20 04:24:00,0,0,0,0,0.00K,0.00K,Mesonet,NA,NA,NA,NA,NA,NA,NA,NA,NA,NA,NA,NA,NA,NA,NA,NA,NA,NA,NA,NA,NA,Tropical Storm Sally emerged from Southwest Florida and starting heading NNW producing tropical storm force winds in the Gulf of Mexico.,Mesonet station located 4 miles west of Clearwater Beach reported a wind speed of 43 knots.,CSV
202009,13,708,202009,13,708,151779,914424,GULF OF MEXICO,85,2020,September,Marine Tropical Storm,Z,853,ENGLEWOOD TO TARPON SPRINGS FL OUT 20NM,85853,TBW,13-SEP-20 07:08:00,EST-5,13-SEP-20 07:08:00,0,0,0,0,0.00K,0.00K,Mesonet,NA,NA,NA,NA,NA,NA,NA,NA,NA,NA,NA,NA,NA,NA,NA,NA,NA,NA,NA,NA,NA,Tropical Storm Sally emerged from Southwest Florida and starting heading NNW producing tropical storm force winds in the Gulf of Mexico.,Mesonet station located 4 miles west of Clearwater Beach reported a wind speed of 40 knots.,CSV
202008,24,945,202008,25,230,152683,919745,GULF OF MEXICO,85,2020,August,Marine Tropical Storm,Z,33,GULF OF MEXICO FROM EAST CAPE SABLE TO CHOKOLOSKEE 20 TO 60 NM OUT AND BEYOND 5 FATHOMS,85033,KEY,24-AUG-20 09:45:00,EST-5,25-AUG-20 02:30:00,0,0,0,0,0.00K,0.00K,Mesonet,NA,NA,NA,NA,NA,NA,NA,NA,NA,NA,NA,NA,NA,NA,NA,NA,NA,NA,NA,NA,NA,"Hurricane Laura, while passing offshore the south coast of Cuba and later crossing western Cuba while still at tropical storm intensity, produced a prolonged tropical storm force wind event over the Straits of Florida and Gulf of Mexico waters beyond 5 fathoms to the northwest of Key West, Florida.","Widespread tropical storm force winds in association with Hurricane Laura, which was passing along the south coast of Cuba and later turning northwest across western Cuba while at tropical storm intensity, occurred in Gulf of Mexico waters beyond 5 fathoms to the northwest of Key West.  Peak sustained winds were measured at 41 knots (47 mph) with gusts to 54 knots (62 mph) at an automated WeatherFlow station at Smith Shoal Light.",CSV
202009,13,1230,202009,13,1230,151779,914421,GULF OF MEXICO,85,2020,September,Marine Tropical Storm,Z,873,ENGLEWOOD TO TARPON SPRINGS FL 20 TO 60NM,85873,TBW,13-SEP-20 12:30:00,EST-5,13-SEP-20 12:30:00,0,0,0,0,0.00K,0.00K,Buoy,NA,NA,NA,NA,NA,NA,NA,NA,NA,NA,NA,NA,NA,NA,NA,NA,NA,NA,NA,NA,NA,Tropical Storm Sally emerged from Southwest Florida and starting heading NNW producing tropical storm force winds in the Gulf of Mexico.,Buoy 42013 located 22 miles SW of Longboat Key produced wind speed of 37 knots.,CSV
202008,1,100,202008,2,1200,151265,912546,ATLANTIC SOUTH,87,2020,August,Marine Tropical Storm,Z,650,JUPITER INLET TO DEERFIELD BEACH FL OUT 20NM,87650,MFL,01-AUG-20 01:00:00,EST-5,02-AUG-20 12:00:00,0,0,0,0,0.00K,0.00K,C-MAN Station,NA,NA,NA,NA,NA,NA,NA,NA,NA,NA,NA,NA,NA,NA,NA,NA,NA,NA,NA,NA,NA,"A low pressure system moving across the tropical Atlantic into the eastern Caribbean Sea formed into Tropical Storm Isaias on July 28th. While the system briefly became a hurricane near Great Inagua Island on July 30th, it was downgraded back to a Tropical Storm as it moved over Andros Island on August 1st with a minimum central pressure of 993 mb. Isaias gradually turned to the N-NW and the center passed about 30-40 miles east of the Palm Beach County coast during the morning of August 2nd with a minimum central pressure of 995 mb and maximum sustained winds of 65 to 70 mph. Lowest surface pressure measured along the coast of South Florida was 1003.1 mb at Lake Worth Pier on August 2nd. At Settlement Point/West End, Grand Bahama Island, lowest measured surface pressure was 1000.5 mb on August 2nd. ||Although the effects from Tropical Storm Isaias were fairly minor for South Florida, there were sustained Tropical Storm force winds over the Atlantic waters and Biscayne Bay which created hazardous marine conditions.","Sustained tropical storm force winds around 35 knots were recorded in the nearshore Atlantic waters of Palm Beach County, with speeds likely as high as 40-50 knots offshore based on data from hurricane hunter aircraft. A peak wind gust of 52 mph (45 kt) was recorded at the coast by the NOAA/NDBC C-MAN station at Lake Worth Pier at 3:12 PM EDT on August 1st.",CSV
202008,1,100,202008,2,1000,151265,912549,ATLANTIC SOUTH,87,2020,August,Marine Tropical Storm,Z,651,DEERFIELD BEACH TO OCEAN REEF FL,87651,MFL,01-AUG-20 01:00:00,EST-5,02-AUG-20 10:00:00,0,0,0,0,0.00K,0.00K,Mesonet,NA,NA,NA,NA,NA,NA,NA,NA,NA,NA,NA,NA,NA,NA,NA,NA,NA,NA,NA,NA,NA,"A low pressure system moving across the tropical Atlantic into the eastern Caribbean Sea formed into Tropical Storm Isaias on July 28th. While the system briefly became a hurricane near Great Inagua Island on July 30th, it was downgraded back to a Tropical Storm as it moved over Andros Island on August 1st with a minimum central pressure of 993 mb. Isaias gradually turned to the N-NW and the center passed about 30-40 miles east of the Palm Beach County coast during the morning of August 2nd with a minimum central pressure of 995 mb and maximum sustained winds of 65 to 70 mph. Lowest surface pressure measured along the coast of South Florida was 1003.1 mb at Lake Worth Pier on August 2nd. At Settlement Point/West End, Grand Bahama Island, lowest measured surface pressure was 1000.5 mb on August 2nd. ||Although the effects from Tropical Storm Isaias were fairly minor for South Florida, there were sustained Tropical Storm force winds over the Atlantic waters and Biscayne Bay which created hazardous marine conditions.","Sustained tropical storm force winds around 35 knots were recorded in the nearshore Atlantic waters of Miami-Dade and Broward counties, with speeds likely as high as 40-50 knots offshore based on data from hurricane hunter aircraft. A peak wind gust of 58 mph (50 kt) was recorded at the coast by a Wxflow mesonet station XDAN, Dania Pier in association with a strong outer rain band emanating from Isaias at 2:22 PM EDT on August 1st.",CSV
202009,13,818,202009,13,818,151779,914426,GULF OF MEXICO,85,2020,September,Marine Tropical Storm,Z,853,ENGLEWOOD TO TARPON SPRINGS FL OUT 20NM,85853,TBW,13-SEP-20 08:18:00,EST-5,13-SEP-20 08:18:00,0,0,0,0,0.00K,0.00K,Mesonet,NA,NA,NA,NA,NA,NA,NA,NA,NA,NA,NA,NA,NA,NA,NA,NA,NA,NA,NA,NA,NA,Tropical Storm Sally emerged from Southwest Florida and starting heading NNW producing tropical storm force winds in the Gulf of Mexico.,Mesonet station located 4 miles west of Clearwater Beach reported a wind speed of 41 knots.,CSV
202009,13,412,202009,13,412,151779,914427,GULF OF MEXICO,85,2020,September,Marine Tropical Storm,Z,853,ENGLEWOOD TO TARPON SPRINGS FL OUT 20NM,85853,TBW,13-SEP-20 04:12:00,EST-5,13-SEP-20 04:12:00,0,0,0,0,0.00K,0.00K,Mesonet,NA,NA,NA,NA,NA,NA,NA,NA,NA,NA,NA,NA,NA,NA,NA,NA,NA,NA,NA,NA,NA,Tropical Storm Sally emerged from Southwest Florida and starting heading NNW producing tropical storm force winds in the Gulf of Mexico.,Mesonet station in the Egmont Channel reported a wind speed of 38 knots.,CSV
202009,13,557,202009,13,557,151779,914428,GULF OF MEXICO,85,2020,September,Marine Tropical Storm,Z,853,ENGLEWOOD TO TARPON SPRINGS FL OUT 20NM,85853,TBW,13-SEP-20 05:57:00,EST-5,13-SEP-20 05:57:00,0,0,0,0,0.00K,0.00K,Mesonet,NA,NA,NA,NA,NA,NA,NA,NA,NA,NA,NA,NA,NA,NA,NA,NA,NA,NA,NA,NA,NA,Tropical Storm Sally emerged from Southwest Florida and starting heading NNW producing tropical storm force winds in the Gulf of Mexico.,Mesonet station in the Egmont Channel reported a wind speed of 37 knots.,CSV
202008,1,100,202008,2,1000,151265,913998,ATLANTIC SOUTH,87,2020,August,Marine Tropical Storm,Z,671,DEERFIELD BEACH TO OCEAN REEF FL 20 TO 60NM,87671,MFL,01-AUG-20 01:00:00,EST-5,02-AUG-20 10:00:00,0,0,0,0,0.00K,0.00K,Mesonet,NA,NA,NA,NA,NA,NA,NA,NA,NA,NA,NA,NA,NA,NA,NA,NA,NA,NA,NA,NA,NA,"A low pressure system moving across the tropical Atlantic into the eastern Caribbean Sea formed into Tropical Storm Isaias on July 28th. While the system briefly became a hurricane near Great Inagua Island on July 30th, it was downgraded back to a Tropical Storm as it moved over Andros Island on August 1st with a minimum central pressure of 993 mb. Isaias gradually turned to the N-NW and the center passed about 30-40 miles east of the Palm Beach County coast during the morning of August 2nd with a minimum central pressure of 995 mb and maximum sustained winds of 65 to 70 mph. Lowest surface pressure measured along the coast of South Florida was 1003.1 mb at Lake Worth Pier on August 2nd. At Settlement Point/West End, Grand Bahama Island, lowest measured surface pressure was 1000.5 mb on August 2nd. ||Although the effects from Tropical Storm Isaias were fairly minor for South Florida, there were sustained Tropical Storm force winds over the Atlantic waters and Biscayne Bay which created hazardous marine conditions.","Sustained tropical storm force winds over the offshore waters were probably in the 40-50 knot range based on data from hurricane hunter aircraft, with gusts possibly as high as 60 knots.",CSV
202009,13,330,202009,13,330,151779,914418,GULF OF MEXICO,85,2020,September,Marine Tropical Storm,Z,873,ENGLEWOOD TO TARPON SPRINGS FL 20 TO 60NM,85873,TBW,13-SEP-20 03:30:00,EST-5,13-SEP-20 03:30:00,0,0,0,0,0.00K,0.00K,Buoy,NA,NA,NA,NA,NA,NA,NA,NA,NA,NA,NA,NA,NA,NA,NA,NA,NA,NA,NA,NA,NA,Tropical Storm Sally emerged from Southwest Florida and starting heading NNW producing tropical storm force winds in the Gulf of Mexico.,Buoy 42013 located 22 miles SW of Longboat Key produced wind speed of 51 knots.,CSV
202008,1,100,202008,2,1400,151265,913999,ATLANTIC SOUTH,87,2020,August,Marine Tropical Storm,Z,670,JUPITER INLET TO DEERFIELD BEACH FL 20 TO 60NM,87670,MFL,01-AUG-20 01:00:00,EST-5,02-AUG-20 14:00:00,0,0,0,0,0.00K,0.00K,Other Federal Agency,NA,NA,NA,NA,NA,NA,NA,NA,NA,NA,NA,NA,NA,NA,NA,NA,NA,NA,NA,NA,NA,"A low pressure system moving across the tropical Atlantic into the eastern Caribbean Sea formed into Tropical Storm Isaias on July 28th. While the system briefly became a hurricane near Great Inagua Island on July 30th, it was downgraded back to a Tropical Storm as it moved over Andros Island on August 1st with a minimum central pressure of 993 mb. Isaias gradually turned to the N-NW and the center passed about 30-40 miles east of the Palm Beach County coast during the morning of August 2nd with a minimum central pressure of 995 mb and maximum sustained winds of 65 to 70 mph. Lowest surface pressure measured along the coast of South Florida was 1003.1 mb at Lake Worth Pier on August 2nd. At Settlement Point/West End, Grand Bahama Island, lowest measured surface pressure was 1000.5 mb on August 2nd. ||Although the effects from Tropical Storm Isaias were fairly minor for South Florida, there were sustained Tropical Storm force winds over the Atlantic waters and Biscayne Bay which created hazardous marine conditions.","Sustained tropical storm force winds over the offshore waters were probably in the 45-55 knot range based on data from hurricane hunter aircraft, with gusts possibly as high as 60 knots. ||East of the center of Isaias, the NOAA/NDBC C-MAN station at Settlement Point/West End, Grand Bahama Island recorded a maximum sustained wind of 44 knots at 1030 AM EDT on August 2nd, and a peak wind gust of 56 knots at 9:51 AM EDT.",CSV
202009,13,414,202009,13,414,151779,914429,GULF OF MEXICO,85,2020,September,Marine Tropical Storm,Z,853,ENGLEWOOD TO TARPON SPRINGS FL OUT 20NM,85853,TBW,13-SEP-20 04:14:00,EST-5,13-SEP-20 04:14:00,0,0,0,0,0.00K,0.00K,Mesonet,NA,NA,NA,NA,NA,NA,NA,NA,NA,NA,NA,NA,NA,NA,NA,NA,NA,NA,NA,NA,NA,Tropical Storm Sally emerged from Southwest Florida and starting heading NNW producing tropical storm force winds in the Gulf of Mexico.,Mesonet station located on the Skyway Fishing Pier reported a wind speed of 36 knots.,CSV
202009,13,530,202009,13,530,151779,914419,GULF OF MEXICO,85,2020,September,Marine Tropical Storm,Z,873,ENGLEWOOD TO TARPON SPRINGS FL 20 TO 60NM,85873,TBW,13-SEP-20 05:30:00,EST-5,13-SEP-20 05:30:00,0,0,0,0,0.00K,0.00K,Buoy,NA,NA,NA,NA,NA,NA,NA,NA,NA,NA,NA,NA,NA,NA,NA,NA,NA,NA,NA,NA,NA,Tropical Storm Sally emerged from Southwest Florida and starting heading NNW producing tropical storm force winds in the Gulf of Mexico.,Buoy 42013 located 22 miles SW of Longboat Key produced wind speed of 44 knots.,CSV
202009,13,629,202009,13,629,151779,914423,GULF OF MEXICO,85,2020,September,Marine Tropical Storm,Z,853,ENGLEWOOD TO TARPON SPRINGS FL OUT 20NM,85853,TBW,13-SEP-20 06:29:00,EST-5,13-SEP-20 06:29:00,0,0,0,0,0.00K,0.00K,Mesonet,NA,NA,NA,NA,NA,NA,NA,NA,NA,NA,NA,NA,NA,NA,NA,NA,NA,NA,NA,NA,NA,Tropical Storm Sally emerged from Southwest Florida and starting heading NNW producing tropical storm force winds in the Gulf of Mexico.,Mesonet station located 4 miles west of Clearwater Beach reported a wind speed of 36 knots.,CSV
202008,4,700,202008,4,900,149508,918787,ATLANTIC NORTH,88,2020,August,Marine Tropical Storm,Z,531,CHESAPEAKE BAY POOLES IS TO SANDY PT MD,88531,LWX,04-AUG-20 07:00:00,EST-5,04-AUG-20 09:00:00,0,0,0,0,0.00K,0.00K,Buoy,NA,NA,NA,NA,NA,NA,NA,NA,NA,NA,NA,NA,NA,NA,NA,NA,NA,NA,NA,NA,NA,A waterspout produced by Tropical Cyclone Isaias moved onshore in Calvert County. There were also several sustained tropical storm force wind measurements from buoys.,"Multiple reports of tropical storm force sustained winds between 34 and 41 knots, as well as gusts between 40 0and 52 knots. Observations scattered around the entire zone.",CSV
202008,4,700,202008,4,900,149508,918786,ATLANTIC NORTH,88,2020,August,Marine Tropical Storm,Z,530,CHESAPEAKE BAY N OF POOLES IS MD,88530,LWX,04-AUG-20 07:00:00,EST-5,04-AUG-20 09:00:00,0,0,0,0,0.00K,0.00K,Buoy,NA,NA,NA,NA,NA,NA,NA,NA,NA,NA,NA,NA,NA,NA,NA,NA,NA,NA,NA,NA,NA,A waterspout produced by Tropical Cyclone Isaias moved onshore in Calvert County. There were also several sustained tropical storm force wind measurements from buoys.,Peak wind gust of 51 knots at 9:42 AM EST and 49 knots at 7:14 AM EST at Grove Point (GVP) and Cobb Point (COB) respectively. Sustained winds at both locations were 43 knots and 37 knots respectively.,CSV
202008,4,800,202008,4,930,149508,918788,ATLANTIC NORTH,88,2020,August,Marine Tropical Storm,Z,532,CHESAPEAKE BAY SANDY PT TO N BEACH MD,88532,LWX,04-AUG-20 08:00:00,EST-5,04-AUG-20 09:30:00,0,0,0,0,0.00K,0.00K,Buoy,NA,NA,NA,NA,NA,NA,NA,NA,NA,NA,NA,NA,NA,NA,NA,NA,NA,NA,NA,NA,NA,A waterspout produced by Tropical Cyclone Isaias moved onshore in Calvert County. There were also several sustained tropical storm force wind measurements from buoys.,"Multiple reports of tropical storm force sustained winds between 34 and 40 knots, as well as gusts between 38 0and 56 knots. Reports were scattered around the entire zone.",CSV
202008,4,700,202008,4,900,149508,918796,ATLANTIC NORTH,88,2020,August,Marine Tropical Storm,Z,537,TIDAL POTOMAC COBB IS MD TO SMITH PT VA,88537,LWX,04-AUG-20 07:00:00,EST-5,04-AUG-20 09:00:00,0,0,0,0,0.00K,0.00K,Buoy,NA,NA,NA,NA,NA,NA,NA,NA,NA,NA,NA,NA,NA,NA,NA,NA,NA,NA,NA,NA,NA,A waterspout produced by Tropical Cyclone Isaias moved onshore in Calvert County. There were also several sustained tropical storm force wind measurements from buoys.,"Multiple reports of sustained tropical storm force winds of 35-45 knots, with many peak wind gusts in the 50-60 knot range.",CSV
202008,4,730,202008,4,930,149508,918797,ATLANTIC NORTH,88,2020,August,Marine Tropical Storm,Z,541,CHOPTANK RIVER TO CAMBRIDGE MD AND THE LITTLE CHOPTANK RIVER,88541,LWX,04-AUG-20 07:30:00,EST-5,04-AUG-20 09:30:00,0,0,0,0,0.00K,0.00K,Buoy,NA,NA,NA,NA,NA,NA,NA,NA,NA,NA,NA,NA,NA,NA,NA,NA,NA,NA,NA,NA,NA,A waterspout produced by Tropical Cyclone Isaias moved onshore in Calvert County. There were also several sustained tropical storm force wind measurements from buoys.,"Multiple reports of sustained tropical storm force winds of 40-45 knots, with many peak wind gusts in the 50-60 knot range.",CSV
202011,9,200,202011,11,1500,153629,924961,GULF OF MEXICO,85,2020,November,Marine Tropical Storm,Z,657,E CP SABLE TO CHOKOLOSKEE FL OUT 20NM,85657,MFL,09-NOV-20 02:00:00,EST-5,11-NOV-20 15:00:00,0,0,0,0,0.00K,0.00K,C-MAN Station,NA,NA,NA,NA,NA,NA,NA,NA,NA,NA,NA,NA,NA,NA,NA,NA,NA,NA,NA,NA,NA,"A tropical wave, turned tropical depression, moving westward across the western Caribbean Sea abruptly formed into an intense Category 4 hurricane before making landfall over western Nicaragua on November 3rd, with a minimum central pressure of 923 mb just before landfall, and a minimum central pressure of 940 mb at landfall. Eta then weakened into a Tropical Depression as it moved across Central America and before it re-entered the western Caribbean Sea. Eta maintained Tropical Depression status for a few days before restrengthening into a Tropical Storm on November 7th, just west of the Cayman Islands. Tropical Storm Eta continued moving northward while intensifying into a strong Tropical Storm just before making landfall over Cuba early morning on November 8th. Tropical Storm Eta then began to move northwestward and towards FL on November 8th, with the center passing about 70 to 80 miles southwest of Miami, Florida and about 100 to 110 miles southeast of Naples, Florida. Strong Tropical Storm Eta made landfall on Lower Matecumbe Key in the Florida Keys with maximum winds estimated to be near 65 mph and a minimum central pressure of 991 mb.||As Tropical Storm Eta moved westward towards the Gulf of Mexico, it maintained Tropical Storm intensity. Lowest surface pressure recorded over the South Florida Gulf Coast was 1001.6  mb at Naples Municipal Airport and 1002.4 mb at Naples Pier, with maximum sustained winds of 32 knots/37 mph at Naples Municipal Airport during the morning hours on November 9th. Estimated Tropical Storm force sustained winds were measured across the Gulf waters ranging from 50 to 65 mph, with higher gusts. Tropical Storm Eta then meandered offshore southwest Florida the next couple of days before making landfall yet again near Cedar Key, Florida on November 12th.||Although the effects from Tropical Storm Eta were generally minor for wind, there were sustained Tropical Storm force winds over the Gulf waters, which created hazardous marine conditions.","Sustained tropical storm force winds over the offshore waters were probably in the 40 to 60 mph/35 to 50 knot range based on data from hurricane hunter aircraft, with gusts possibly as high as 70 mph/60 knots.",CSV
202008,24,600,202008,25,345,152683,919744,GULF OF MEXICO,85,2020,August,Marine Tropical Storm,Z,54,STRAITS OF FLORIDA FROM WEST END OF SEVEN MILE BRIDGE TO SOUTH OF HALFMOON SHOAL OUT 20 NM,85054,KEY,24-AUG-20 06:00:00,EST-5,25-AUG-20 03:45:00,0,0,0,0,0.00K,0.00K,C-MAN Station,NA,NA,NA,NA,NA,NA,NA,NA,NA,NA,NA,NA,NA,NA,NA,NA,NA,NA,NA,NA,NA,"Hurricane Laura, while passing offshore the south coast of Cuba and later crossing western Cuba while still at tropical storm intensity, produced a prolonged tropical storm force wind event over the Straits of Florida and Gulf of Mexico waters beyond 5 fathoms to the northwest of Key West, Florida.","Widespread tropical storm force winds in association with Hurricane Laura, which was passing along the south coast of Cuba and later turning northwest across western Cuba while at tropical storm intensity, occurred in the Straits of Florida offshore the Lower Florida Keys.  Peak sustained winds were measured at 45 knots (52 mph) with gusts to 50 knots (58 mph) at the new Sand Key Light C-MAN station.",CSV
202009,20,1200,202009,21,2100,153060,921733,GULF OF MEXICO,85,2020,September,Marine Tropical Storm,Z,275,MATAGORDA SHIP CHNL TO PT ARANSAS TX 20NM to 60NM,85275,CRP,20-SEP-20 12:00:00,CST-6,21-SEP-20 21:00:00,0,0,0,0,0.00K,0.00K,Official NWS Observations,NA,NA,NA,NA,NA,NA,NA,NA,NA,NA,NA,NA,NA,NA,NA,NA,NA,NA,NA,NA,NA,Tropical Storm Beta began as a low pressure area over the southwest Gulf of Mexico on September 16th. This system organized into a tropical depression on the 17th as it moved slowly northward. It became Tropical Storm Beta on the 18th while moving north into the northwest Gulf of Mexico. It became stationary on the 19th as steering flow collapsed. Beta moved on a slow and steady course to the west-northwest toward the Middle Texas coast on the 20th and 21st and made landfall on the southern end of the Matagorda Peninsula late on the evening of 21st.,Radar data showed tropical storm force winds from Tropical Storm Beta from the afternoon of the 20th until the late evening hours of the 21st.,CSV
202011,8,800,202011,9,1600,153628,924953,ATLANTIC SOUTH,87,2020,November,Marine Tropical Storm,Z,651,DEERFIELD BEACH TO OCEAN REEF FL,87651,MFL,08-NOV-20 08:00:00,EST-5,09-NOV-20 16:00:00,0,0,0,0,0.00K,0.00K,Mesonet,NA,NA,NA,NA,NA,NA,NA,NA,NA,NA,NA,NA,NA,NA,NA,NA,NA,NA,NA,NA,NA,"A tropical wave, turned tropical depression, moving westward across the western Caribbean Sea abruptly formed into an intense Category 4 hurricane before making landfall over western Nicaragua on November 3rd, with a minimum central pressure of 923 mb just before landfall, and a minimum central pressure of 940 mb at landfall. Eta then weakened into a Tropical Depression as it moved across Central America and before it re-entered the western Caribbean Sea. Eta maintained Tropical Depression status for a few days before restrengthening into a Tropical Storm on November 7th, just west of the Cayman Islands. Tropical Storm Eta continued moving northward while intensifying into a strong Tropical Storm just before making landfall over Cuba early morning on November 8th. Tropical Storm Eta then began to move northwestward and towards FL on November 8th, with the center passing about 70 to 80 miles southwest of Miami, Florida and about 100 to 110 miles southeast of Naples, Florida. Strong Tropical Storm Eta made landfall on Lower Matecumbe Key in the Florida Keys with maximum winds estimated to be near 65 mph and a minimum central pressure of 991 mb.||As Tropical Storm Eta moved westward towards Florida, it maintained Tropical Storm intensity. Lowest surface pressure recorded over the South Florida Atlantic Coast was 1002.3 mb at Fowey Rocks and maximum sustained winds of 49 knots/56 mph at Government Cut during the early morning hours on November 9th. Tropical Storm Eta then meandered offshore southwest Florida the next couple of days before making landfall yet again near Cedar Key, Florida on November 12th.||Although the effects from Tropical Storm Eta were generally minor for wind, there were sustained Tropical Storm force winds across Biscayne Bay and the Atlantic waters, which created hazardous marine conditions.",Sustained tropical storm force winds around 50 to 56 mph/44 to 49 knots were recorded in the near-shore Atlantic waters. A peak wind gust of 69 mph/60 knots was recorded by the NOAA mesonet at Port Everglades (PEGF1) at a height of 130 feet at 02:30 PM EST in association with a strong outer rain band emanating from TS Eta on November 8th.,CSV
202011,8,800,202011,9,1600,153628,924954,ATLANTIC SOUTH,87,2020,November,Marine Tropical Storm,Z,671,DEERFIELD BEACH TO OCEAN REEF FL 20 TO 60NM,87671,MFL,08-NOV-20 08:00:00,EST-5,09-NOV-20 16:00:00,0,0,0,0,0.00K,0.00K,Mesonet,NA,NA,NA,NA,NA,NA,NA,NA,NA,NA,NA,NA,NA,NA,NA,NA,NA,NA,NA,NA,NA,"A tropical wave, turned tropical depression, moving westward across the western Caribbean Sea abruptly formed into an intense Category 4 hurricane before making landfall over western Nicaragua on November 3rd, with a minimum central pressure of 923 mb just before landfall, and a minimum central pressure of 940 mb at landfall. Eta then weakened into a Tropical Depression as it moved across Central America and before it re-entered the western Caribbean Sea. Eta maintained Tropical Depression status for a few days before restrengthening into a Tropical Storm on November 7th, just west of the Cayman Islands. Tropical Storm Eta continued moving northward while intensifying into a strong Tropical Storm just before making landfall over Cuba early morning on November 8th. Tropical Storm Eta then began to move northwestward and towards FL on November 8th, with the center passing about 70 to 80 miles southwest of Miami, Florida and about 100 to 110 miles southeast of Naples, Florida. Strong Tropical Storm Eta made landfall on Lower Matecumbe Key in the Florida Keys with maximum winds estimated to be near 65 mph and a minimum central pressure of 991 mb.||As Tropical Storm Eta moved westward towards Florida, it maintained Tropical Storm intensity. Lowest surface pressure recorded over the South Florida Atlantic Coast was 1002.3 mb at Fowey Rocks and maximum sustained winds of 49 knots/56 mph at Government Cut during the early morning hours on November 9th. Tropical Storm Eta then meandered offshore southwest Florida the next couple of days before making landfall yet again near Cedar Key, Florida on November 12th.||Although the effects from Tropical Storm Eta were generally minor for wind, there were sustained Tropical Storm force winds across Biscayne Bay and the Atlantic waters, which created hazardous marine conditions.","Sustained tropical storm force winds over the offshore waters were probably in the 50 to 60 mph/40 to 50 knot range based on data from hurricane hunter aircraft and the National Hurricane Center, with gusts possibly as high as 75 mph/65 knots.",CSV
202008,4,645,202008,4,845,149508,918789,ATLANTIC NORTH,88,2020,August,Marine Tropical Storm,Z,533,CHESAPEAKE BAY N BEACH TO DRUM PT MD,88533,LWX,04-AUG-20 06:45:00,EST-5,04-AUG-20 08:45:00,0,0,0,0,0.00K,0.00K,Buoy,NA,NA,NA,NA,NA,NA,NA,NA,NA,NA,NA,NA,NA,NA,NA,NA,NA,NA,NA,NA,NA,A waterspout produced by Tropical Cyclone Isaias moved onshore in Calvert County. There were also several sustained tropical storm force wind measurements from buoys.,"Sustained winds of 35 knots reported at Herring Bay (HRB), with a peak gust of 45 knots at 6:50 AM EST. Sustained winds of 32 knots at Cove Piont NOS Station (COVM2), with peak gust of 49 knots at 8:42 AM EST.",CSV
202008,4,600,202008,4,800,149508,918792,ATLANTIC NORTH,88,2020,August,Marine Tropical Storm,Z,534,CHESAPEAKE BAY DRUM PT TO SMITH PT VA,88534,LWX,04-AUG-20 06:00:00,EST-5,04-AUG-20 08:00:00,0,0,0,0,0.00K,0.00K,Buoy,NA,NA,NA,NA,NA,NA,NA,NA,NA,NA,NA,NA,NA,NA,NA,NA,NA,NA,NA,NA,NA,A waterspout produced by Tropical Cyclone Isaias moved onshore in Calvert County. There were also several sustained tropical storm force wind measurements from buoys.,"Estimated wind gusts of 40-60 knots across the zone, based on observations from surrounding zones, and some observations that can be used to cover both zones.",CSV
202008,4,700,202008,4,830,149508,918795,ATLANTIC NORTH,88,2020,August,Marine Tropical Storm,Z,536,TIDAL POTOMAC INDIAN HD TO COBB IS MD,88536,LWX,04-AUG-20 07:00:00,EST-5,04-AUG-20 08:30:00,0,0,0,0,0.00K,0.00K,Buoy,NA,NA,NA,NA,NA,NA,NA,NA,NA,NA,NA,NA,NA,NA,NA,NA,NA,NA,NA,NA,NA,A waterspout produced by Tropical Cyclone Isaias moved onshore in Calvert County. There were also several sustained tropical storm force wind measurements from buoys.,"Multiple reports of sustained tropical storm force winds around 35 knots, with many peak wind gusts in the 35-50 knot range.",CSV
202011,8,800,202011,9,1600,153628,924955,ATLANTIC SOUTH,87,2020,November,Marine Tropical Storm,Z,670,JUPITER INLET TO DEERFIELD BEACH FL 20 TO 60NM,87670,MFL,08-NOV-20 08:00:00,EST-5,09-NOV-20 16:00:00,0,0,0,0,0.00K,0.00K,Mesonet,NA,NA,NA,NA,NA,NA,NA,NA,NA,NA,NA,NA,NA,NA,NA,NA,NA,NA,NA,NA,NA,"A tropical wave, turned tropical depression, moving westward across the western Caribbean Sea abruptly formed into an intense Category 4 hurricane before making landfall over western Nicaragua on November 3rd, with a minimum central pressure of 923 mb just before landfall, and a minimum central pressure of 940 mb at landfall. Eta then weakened into a Tropical Depression as it moved across Central America and before it re-entered the western Caribbean Sea. Eta maintained Tropical Depression status for a few days before restrengthening into a Tropical Storm on November 7th, just west of the Cayman Islands. Tropical Storm Eta continued moving northward while intensifying into a strong Tropical Storm just before making landfall over Cuba early morning on November 8th. Tropical Storm Eta then began to move northwestward and towards FL on November 8th, with the center passing about 70 to 80 miles southwest of Miami, Florida and about 100 to 110 miles southeast of Naples, Florida. Strong Tropical Storm Eta made landfall on Lower Matecumbe Key in the Florida Keys with maximum winds estimated to be near 65 mph and a minimum central pressure of 991 mb.||As Tropical Storm Eta moved westward towards Florida, it maintained Tropical Storm intensity. Lowest surface pressure recorded over the South Florida Atlantic Coast was 1002.3 mb at Fowey Rocks and maximum sustained winds of 49 knots/56 mph at Government Cut during the early morning hours on November 9th. Tropical Storm Eta then meandered offshore southwest Florida the next couple of days before making landfall yet again near Cedar Key, Florida on November 12th.||Although the effects from Tropical Storm Eta were generally minor for wind, there were sustained Tropical Storm force winds across Biscayne Bay and the Atlantic waters, which created hazardous marine conditions.","Sustained tropical storm force winds over the offshore waters were probably in the 50 to 55 mph/40 to 45 knot range based on data from hurricane hunter aircraft and the National Hurricane Center, with gusts possibly as high as 65 mph/55 knots.",CSV
202011,9,200,202011,11,1500,153629,924959,GULF OF MEXICO,85,2020,November,Marine Tropical Storm,Z,676,CHOKOLOSKEE TO BONITA BEACH FL 20 TO 60NM,85676,MFL,09-NOV-20 02:00:00,EST-5,11-NOV-20 15:00:00,0,0,0,0,0.00K,0.00K,Mesonet,NA,NA,NA,NA,NA,NA,NA,NA,NA,NA,NA,NA,NA,NA,NA,NA,NA,NA,NA,NA,NA,"A tropical wave, turned tropical depression, moving westward across the western Caribbean Sea abruptly formed into an intense Category 4 hurricane before making landfall over western Nicaragua on November 3rd, with a minimum central pressure of 923 mb just before landfall, and a minimum central pressure of 940 mb at landfall. Eta then weakened into a Tropical Depression as it moved across Central America and before it re-entered the western Caribbean Sea. Eta maintained Tropical Depression status for a few days before restrengthening into a Tropical Storm on November 7th, just west of the Cayman Islands. Tropical Storm Eta continued moving northward while intensifying into a strong Tropical Storm just before making landfall over Cuba early morning on November 8th. Tropical Storm Eta then began to move northwestward and towards FL on November 8th, with the center passing about 70 to 80 miles southwest of Miami, Florida and about 100 to 110 miles southeast of Naples, Florida. Strong Tropical Storm Eta made landfall on Lower Matecumbe Key in the Florida Keys with maximum winds estimated to be near 65 mph and a minimum central pressure of 991 mb.||As Tropical Storm Eta moved westward towards the Gulf of Mexico, it maintained Tropical Storm intensity. Lowest surface pressure recorded over the South Florida Gulf Coast was 1001.6  mb at Naples Municipal Airport and 1002.4 mb at Naples Pier, with maximum sustained winds of 32 knots/37 mph at Naples Municipal Airport during the morning hours on November 9th. Estimated Tropical Storm force sustained winds were measured across the Gulf waters ranging from 50 to 65 mph, with higher gusts. Tropical Storm Eta then meandered offshore southwest Florida the next couple of days before making landfall yet again near Cedar Key, Florida on November 12th.||Although the effects from Tropical Storm Eta were generally minor for wind, there were sustained Tropical Storm force winds over the Gulf waters, which created hazardous marine conditions.","Sustained tropical storm force winds over the offshore waters were probably in the 35 to 45 mph/30 to 40 knot range based on data from hurricane hunter aircraft, with gusts possibly as high as 55 to 75 mph/45 to 65 knots.",CSV
202011,9,200,202011,11,1500,153629,924960,GULF OF MEXICO,85,2020,November,Marine Tropical Storm,Z,656,CHOKOLOSKEE TO BONITA BEACH FL OUT 20NM,85656,MFL,09-NOV-20 02:00:00,EST-5,11-NOV-20 15:00:00,0,0,0,0,0.00K,0.00K,Mesonet,NA,NA,NA,NA,NA,NA,NA,NA,NA,NA,NA,NA,NA,NA,NA,NA,NA,NA,NA,NA,NA,"A tropical wave, turned tropical depression, moving westward across the western Caribbean Sea abruptly formed into an intense Category 4 hurricane before making landfall over western Nicaragua on November 3rd, with a minimum central pressure of 923 mb just before landfall, and a minimum central pressure of 940 mb at landfall. Eta then weakened into a Tropical Depression as it moved across Central America and before it re-entered the western Caribbean Sea. Eta maintained Tropical Depression status for a few days before restrengthening into a Tropical Storm on November 7th, just west of the Cayman Islands. Tropical Storm Eta continued moving northward while intensifying into a strong Tropical Storm just before making landfall over Cuba early morning on November 8th. Tropical Storm Eta then began to move northwestward and towards FL on November 8th, with the center passing about 70 to 80 miles southwest of Miami, Florida and about 100 to 110 miles southeast of Naples, Florida. Strong Tropical Storm Eta made landfall on Lower Matecumbe Key in the Florida Keys with maximum winds estimated to be near 65 mph and a minimum central pressure of 991 mb.||As Tropical Storm Eta moved westward towards the Gulf of Mexico, it maintained Tropical Storm intensity. Lowest surface pressure recorded over the South Florida Gulf Coast was 1001.6  mb at Naples Municipal Airport and 1002.4 mb at Naples Pier, with maximum sustained winds of 32 knots/37 mph at Naples Municipal Airport during the morning hours on November 9th. Estimated Tropical Storm force sustained winds were measured across the Gulf waters ranging from 50 to 65 mph, with higher gusts. Tropical Storm Eta then meandered offshore southwest Florida the next couple of days before making landfall yet again near Cedar Key, Florida on November 12th.||Although the effects from Tropical Storm Eta were generally minor for wind, there were sustained Tropical Storm force winds over the Gulf waters, which created hazardous marine conditions.","Sustained tropical storm force winds over the offshore waters were estimated in the 35 to 45 mph/30 to 40 knot range based on data from hurricane hunter aircraft, with gusts possibly as high as 50 to 65 mph/45 to 55 knots. ||A measured wind gust of 50 knots/58 mph was recorded at Kalea Bay in North Naples at 11:19 AM on November 11th, and a 38 knot/44 mph gust was recorded in Marco Island at 12:01 PM on November 11th.",CSV
202008,4,800,202008,4,1000,149508,918799,ATLANTIC NORTH,88,2020,August,Marine Tropical Storm,Z,534,CHESAPEAKE BAY DRUM PT TO SMITH PT VA,88534,LWX,04-AUG-20 08:00:00,EST-5,04-AUG-20 10:00:00,0,0,0,0,0.00K,0.00K,Buoy,NA,NA,NA,NA,NA,NA,NA,NA,NA,NA,NA,NA,NA,NA,NA,NA,NA,NA,NA,NA,NA,A waterspout produced by Tropical Cyclone Isaias moved onshore in Calvert County. There were also several sustained tropical storm force wind measurements from buoys.,"Sustained winds of 36 knots reported at the Francis Scott Key Bridge NOS Station (FSKM2), with a peak gust of 41 knots at 9:18 AM EST. Peak gust at the Baltimore NOS Station (BLTM2) was 37 knots at 9:48 AM EST.",CSV
202008,4,700,202008,4,900,149508,918800,ATLANTIC NORTH,88,2020,August,Marine Tropical Storm,Z,542,PATUXENT RIVER TO BROOMES ISLAND MD,88542,LWX,04-AUG-20 07:00:00,EST-5,04-AUG-20 09:00:00,0,0,0,0,0.00K,0.00K,Buoy,NA,NA,NA,NA,NA,NA,NA,NA,NA,NA,NA,NA,NA,NA,NA,NA,NA,NA,NA,NA,NA,A waterspout produced by Tropical Cyclone Isaias moved onshore in Calvert County. There were also several sustained tropical storm force wind measurements from buoys.,"Peak sustained winds of 36 knots, with a peak gust to 45 knots observed at 5:48 AM EST. This occurred with a storm in an outer band. Strong Tropical Storm force wind gusts continued for a few of hours after this.",CSV
202009,14,1930,202009,15,655,153108,921993,GULF OF MEXICO,85,2020,September,Marine Tropical Storm,Z,577,COASTAL WATERS FROM PASCAGOULA MISSISSIPPI TO STAKE ISLAND LOUISIANA FROM 20 TO 60 NM,85577,LIX,14-SEP-20 19:30:00,CST-6,15-SEP-20 06:55:00,0,0,0,0,0.00K,0.00K,AWOS,NA,NA,NA,NA,NA,NA,NA,NA,NA,NA,NA,NA,NA,NA,NA,NA,NA,NA,NA,NA,NA,"Hurricane Sally initially formed as an area of disturbed weather over the Bahamas late on September 10th, 2020. Over the next few days, the system became better organized and became Tropical Depression Nineteen in the afternoon hours on September 11th. Later that night around midnight CDT on September 12th, TD Nineteen made landfall at Key Biscayne with peak winds of 35 mph and a central pressure of 1007mb (29.74 inHg). The system continued west emerging into the east-central Gulf of Mexico and quickly strengthened into a Tropical Storm later in the day on the 12th. This system continued to drift northwestward with time and strengthened into a hurricane in the morning hours on September 14th with maximum sustained winds of 85 mph and a central pressure of 985 mb (29.09 inHg) and continued to strengthen becoming a category 2 hurricane shortly after. Sally would then eventually weaken some, and slow down in forward speed before turning very slowly northwards making landfall near Gulf Shores, Alabama as a strong Category 2 hurricane with peak winds of 105 mph and a central pressure of 965mb (28.50 inHg) early in the morning hours on September 16th. ||Impacts to southeastern Louisiana and southern Mississippi was mostly confined to coastal counties of southern Mississippi, southeastern Louisiana and adjacent marine areas. Main impacts included storm surge inundation for coastal areas, as well as some wind damage across portions of Jackson and Harrison County, MS.",AWOS site KVKY - Main Pass 289C reported sustained winds of 60 knots with peak gust of 69 knots on the 15th at 06:55 CDT. NOAA Buoy Mobile South 42040 measured sustained winds of 51 knots on the 14th at 19:30 CDT with a peak gust of 64 knots on the 14th at 20:40CDT.,CSV
202009,15,2018,202009,16,318,153108,921994,GULF OF MEXICO,85,2020,September,Marine Tropical Storm,Z,532,MISSISSIPPI SOUND,85532,LIX,15-SEP-20 20:18:00,CST-6,16-SEP-20 03:18:00,0,0,0,0,0.00K,0.00K,Mesonet,NA,NA,NA,NA,NA,NA,NA,NA,NA,NA,NA,NA,NA,NA,NA,NA,NA,NA,NA,NA,NA,"Hurricane Sally initially formed as an area of disturbed weather over the Bahamas late on September 10th, 2020. Over the next few days, the system became better organized and became Tropical Depression Nineteen in the afternoon hours on September 11th. Later that night around midnight CDT on September 12th, TD Nineteen made landfall at Key Biscayne with peak winds of 35 mph and a central pressure of 1007mb (29.74 inHg). The system continued west emerging into the east-central Gulf of Mexico and quickly strengthened into a Tropical Storm later in the day on the 12th. This system continued to drift northwestward with time and strengthened into a hurricane in the morning hours on September 14th with maximum sustained winds of 85 mph and a central pressure of 985 mb (29.09 inHg) and continued to strengthen becoming a category 2 hurricane shortly after. Sally would then eventually weaken some, and slow down in forward speed before turning very slowly northwards making landfall near Gulf Shores, Alabama as a strong Category 2 hurricane with peak winds of 105 mph and a central pressure of 965mb (28.50 inHg) early in the morning hours on September 16th. ||Impacts to southeastern Louisiana and southern Mississippi was mostly confined to coastal counties of southern Mississippi, southeastern Louisiana and adjacent marine areas. Main impacts included storm surge inundation for coastal areas, as well as some wind damage across portions of Jackson and Harrison County, MS.",NOS COOPS Station PTBM6 Petit Bois Island measured sustained winds of 50 knots on the 15th at 20:18 CDT with a peak gust of 65 knots on the 16th at 03:18 CDT. Mesonet Wx Flow on Ship Island measured sustained winds of 43 knots on the 15th at 18:39 CDT with a peak wind gust of 52 knots on the 15th at 09:21 CDT.,CSV
202009,15,0,202009,16,1435,153108,921995,GULF OF MEXICO,85,2020,September,Marine Tropical Storm,Z,552,COASTAL WATERS FROM SOUTHWEST PASS OF THE MISSISSIPPI RIVER TO PORT FOURCHON LOUISIANA OUT 20 NM,85552,LIX,15-SEP-20 00:00:00,CST-6,16-SEP-20 14:35:00,0,0,0,0,0.00K,0.00K,AWOS,NA,NA,NA,NA,NA,NA,NA,NA,NA,NA,NA,NA,NA,NA,NA,NA,NA,NA,NA,NA,NA,"Hurricane Sally initially formed as an area of disturbed weather over the Bahamas late on September 10th, 2020. Over the next few days, the system became better organized and became Tropical Depression Nineteen in the afternoon hours on September 11th. Later that night around midnight CDT on September 12th, TD Nineteen made landfall at Key Biscayne with peak winds of 35 mph and a central pressure of 1007mb (29.74 inHg). The system continued west emerging into the east-central Gulf of Mexico and quickly strengthened into a Tropical Storm later in the day on the 12th. This system continued to drift northwestward with time and strengthened into a hurricane in the morning hours on September 14th with maximum sustained winds of 85 mph and a central pressure of 985 mb (29.09 inHg) and continued to strengthen becoming a category 2 hurricane shortly after. Sally would then eventually weaken some, and slow down in forward speed before turning very slowly northwards making landfall near Gulf Shores, Alabama as a strong Category 2 hurricane with peak winds of 105 mph and a central pressure of 965mb (28.50 inHg) early in the morning hours on September 16th. ||Impacts to southeastern Louisiana and southern Mississippi was mostly confined to coastal counties of southern Mississippi, southeastern Louisiana and adjacent marine areas. Main impacts included storm surge inundation for coastal areas, as well as some wind damage across portions of Jackson and Harrison County, MS.",AWOS site KDLP - West Delta 27A measured sustained winds of 43 knots on the 16th at 14:35 CDT with a peak wind gust of 50 knots on the 15th at 06:15 CDT. NOAA C-MAN BURL1 SW Pass measured sustained winds of 40 knots on the 15th at 11:00 CDT with a peak wind gust of 45 knots on the 15th at 05:00 CDT. Mesonet WxFlow site at East Bay Tower recorded sustained winds of 34 knots on the 15th at 00:00 CDT with a peak wind gust of 43 knots on the 15th at 00:55 CDT.,CSV
202009,15,1600,202009,15,1600,153108,921996,GULF OF MEXICO,85,2020,September,Marine Tropical Storm,Z,536,CHANDELEUR SOUND,85536,LIX,15-SEP-20 16:00:00,CST-6,15-SEP-20 16:00:00,0,0,0,0,0.00K,0.00K,Unknown,NA,NA,NA,NA,NA,NA,NA,NA,NA,NA,NA,NA,NA,NA,NA,NA,NA,NA,NA,NA,NA,"Hurricane Sally initially formed as an area of disturbed weather over the Bahamas late on September 10th, 2020. Over the next few days, the system became better organized and became Tropical Depression Nineteen in the afternoon hours on September 11th. Later that night around midnight CDT on September 12th, TD Nineteen made landfall at Key Biscayne with peak winds of 35 mph and a central pressure of 1007mb (29.74 inHg). The system continued west emerging into the east-central Gulf of Mexico and quickly strengthened into a Tropical Storm later in the day on the 12th. This system continued to drift northwestward with time and strengthened into a hurricane in the morning hours on September 14th with maximum sustained winds of 85 mph and a central pressure of 985 mb (29.09 inHg) and continued to strengthen becoming a category 2 hurricane shortly after. Sally would then eventually weaken some, and slow down in forward speed before turning very slowly northwards making landfall near Gulf Shores, Alabama as a strong Category 2 hurricane with peak winds of 105 mph and a central pressure of 965mb (28.50 inHg) early in the morning hours on September 16th. ||Impacts to southeastern Louisiana and southern Mississippi was mostly confined to coastal counties of southern Mississippi, southeastern Louisiana and adjacent marine areas. Main impacts included storm surge inundation for coastal areas, as well as some wind damage across portions of Jackson and Harrison County, MS.",Site GRPL1 MS Sound Grand Pass measured sustained winds of 37 knots on the 15th at 16:00 CDT.,CSV
202008,4,620,202008,4,620,151758,914305,ATLANTIC NORTH,88,2020,August,Marine Tropical Storm,Z,658,NC-VA BDR TO CURRITUCK BEACH LT OUT 20NM,88658,AKQ,04-AUG-20 06:20:00,EST-5,04-AUG-20 06:20:00,0,0,0,0,0.00K,0.00K,Mesonet,NA,NA,NA,NA,NA,NA,NA,NA,NA,NA,NA,NA,NA,NA,NA,NA,NA,NA,NA,NA,NA,"The center of Tropical Storm Isaias tracked north just inland of the Middle Atlantic Coast from late Monday night, August 3rd through Tuesday morning, August 4th. The tropical storm produced tropical storm force wind gusts across portions of the northeast North Carolina Coastal Waters.",Wind gust of 50 knots was measured at (3 E) Knotts Island.,CSV
202009,20,1854,202009,20,1906,153092,921972,GULF OF MEXICO,85,2020,September,Marine Tropical Storm,Z,555,COASTAL WATERS FROM BOOTHVILLE LOUISIANA TO SOUTHWEST PASS OF THE MISSISSIPPI RIVER OUT 20 NM,85555,LIX,20-SEP-20 18:54:00,CST-6,20-SEP-20 19:06:00,0,0,0,0,0.00K,0.00K,C-MAN Station,NA,NA,NA,NA,NA,NA,NA,NA,NA,NA,NA,NA,NA,NA,NA,NA,NA,NA,NA,NA,NA,Tropical Storm Beta initially developed as a disturbance in the Bay of Campeche early on September 10th. The system drifting around the Bay of Campeche for several days as development was unlikely due to unfavorable upper-level winds produced by nearby Hurricane Sally. This system eventually began to organize and became Tropical Depression Twenty-Two on September 17th and became Tropical Storm Beta on September 18th. The storm continued to intensify reaching a peak of 60mph winds and a central pressure of 994mb (29.36 inHg) on September 19th as the storm became nearly stationary after turning westward over the Gulf of Mexico. Tropical Storm Beta approached the Texas coast and weakened before making landfall on the Matagorda Peninsula on September 22nd with maximum sustained winds of 45mph and a pressure of 999mb (29.50 inHg). ||A tight pressure gradient between Beta and an area of high pressure to the northeast resulted in persistent moderate to strong onshore east and northeast winds across the area. This caused an extended duration of impacts to the area between the days of September 19th and September 23rd. The strongest winds and highest water levels occurred when Beta's center of circulation was well removed from the local area and thus much of the local impacts were mainly confined to marine and coastal areas where tropical storm watches and warnings were in effect.,CMAN stateion PSTL1 - Pilots Station East measured sustained winds of 45 knots on the 20th at 1906 CDT with a peak gust of 54 knots on the 20th at 1854 CDT.,CSV
202008,2,200,202008,2,1800,150390,906883,ATLANTIC SOUTH,87,2020,August,Marine Tropical Storm,Z,555,SEBASTIAN INLET TO JUPITER INLET 0-20NM,87555,MLB,02-AUG-20 02:00:00,EST-5,02-AUG-20 18:00:00,0,0,0,0,0.00K,0.00K,Buoy,NA,NA,NA,NA,NA,NA,NA,NA,NA,NA,NA,NA,NA,NA,NA,NA,NA,NA,NA,NA,NA,"Tropical Storm Isaias moved between Grand Bahama and Southeast Florida in the morning of August 2. Isaias tracked north, moving nearly parallel to the eastern Florida coast over the next 24-36 hours, making its closest approach when the center was approximately 36 miles east-southeast of Fort Pierce Inlet. Isaias produced a short duration of tropical storm force winds, with numerous gusts to tropical storm force in rain bands over the Atlantic coastal waters. These winds drove seas of at least 15 to 19 feet.","A short duration of sustained tropical storm winds impacted the coastal waters, with most of the tropical storm conditions experienced in the passing rain bands of Isaias. These winds lasted from very early morning to early evening on August 2. Seas reached up to 12 feet, according to the Scripps buoy 41114 offshore of Fort Pierce.",CSV
202008,2,100,202008,2,2200,150390,906889,ATLANTIC SOUTH,87,2020,August,Marine Tropical Storm,Z,575,SEBASTIAN INLET TO JUPITER INLET 20-60NM,87575,MLB,02-AUG-20 01:00:00,EST-5,02-AUG-20 22:00:00,0,0,0,0,0.00K,0.00K,Buoy,NA,NA,NA,NA,NA,NA,NA,NA,NA,NA,NA,NA,NA,NA,NA,NA,NA,NA,NA,NA,NA,"Tropical Storm Isaias moved between Grand Bahama and Southeast Florida in the morning of August 2. Isaias tracked north, moving nearly parallel to the eastern Florida coast over the next 24-36 hours, making its closest approach when the center was approximately 36 miles east-southeast of Fort Pierce Inlet. Isaias produced a short duration of tropical storm force winds, with numerous gusts to tropical storm force in rain bands over the Atlantic coastal waters. These winds drove seas of at least 15 to 19 feet.","A short duration of sustained tropical storm winds impacted the coastal waters, with most of the tropical storm conditions experienced in the passing rain bands of Tropical Storm Isaias. These winds lasted from very early morning to late evening on August 2. Seas reached up to at least 12 feet, according to the Scripps buoy 41114 offshore of Fort Pierce.",CSV
202008,2,1900,202008,3,1000,150390,906914,ATLANTIC SOUTH,87,2020,August,Marine Tropical Storm,Z,570,FLAGLER BEACH TO VOLUSIA-BREVARD COUNTY LINE 20-60NM,87570,MLB,02-AUG-20 19:00:00,EST-5,03-AUG-20 10:00:00,0,0,0,0,0.00K,0.00K,Buoy,NA,NA,NA,NA,NA,NA,NA,NA,NA,NA,NA,NA,NA,NA,NA,NA,NA,NA,NA,NA,NA,"Tropical Storm Isaias moved between Grand Bahama and Southeast Florida in the morning of August 2. Isaias tracked north, moving nearly parallel to the eastern Florida coast over the next 24-36 hours, making its closest approach when the center was approximately 36 miles east-southeast of Fort Pierce Inlet. Isaias produced a short duration of tropical storm force winds, with numerous gusts to tropical storm force in rain bands over the Atlantic coastal waters. These winds drove seas of at least 15 to 19 feet.","A short duration of sustained tropical storm winds impacted the coastal waters, with most of the tropical storm conditions experienced in the passing rain bands of Tropical Storm Isaias. These winds lasted from early evening August 2 to late morning August 3. Seas reached in excess of 16 to 19 feet according to NOAA Buoy 41009, located 20 miles east of Port Canaveral and Buoy 41010, located approximately 140 miles northeast of Port Canaveral.",CSV
202009,16,500,202009,16,2000,151834,920074,GULF OF MEXICO,85,2020,September,Marine Tropical Storm,Z,750,COASTAL WATERS FROM OKLALOOSA-WALTON COUNTY LINE TO MEXICO BEACH OUT 20 NM,85750,TAE,16-SEP-20 05:00:00,EST-5,16-SEP-20 20:00:00,0,0,0,0,0.00K,0.00K,Official NWS Observations,NA,NA,NA,NA,NA,NA,NA,NA,NA,NA,NA,NA,NA,NA,NA,NA,NA,NA,NA,NA,NA,Hurricane Sally made landfall early on the morning of September 16 across Gulf Shores Alabama. The greatest impacts to the tri-state area came in the form of very heavy rain and significant flooding on and away from area rivers.  Record river flooding occurred on the Shoal River at Mossy Head as well as Holmes Creek at Vernon.,"Hurricane Sally made landfall early on the morning of September 16 across Gulf Shores Alabama with tropical storm force winds affecting the coastal waters, generally west of Apalachicola.",CSV
202009,16,500,202009,16,2000,151834,920075,GULF OF MEXICO,85,2020,September,Marine Tropical Storm,Z,752,COASTAL WATERS FROM MEXICO BEACH TO APALACHICOLA OUT 20 NM,85752,TAE,16-SEP-20 05:00:00,EST-5,16-SEP-20 20:00:00,0,0,0,0,0.00K,0.00K,Official NWS Observations,NA,NA,NA,NA,NA,NA,NA,NA,NA,NA,NA,NA,NA,NA,NA,NA,NA,NA,NA,NA,NA,Hurricane Sally made landfall early on the morning of September 16 across Gulf Shores Alabama. The greatest impacts to the tri-state area came in the form of very heavy rain and significant flooding on and away from area rivers.  Record river flooding occurred on the Shoal River at Mossy Head as well as Holmes Creek at Vernon.,"Hurricane Sally made landfall early on the morning of September 16 across Gulf Shores Alabama with tropical storm force winds affecting the coastal waters, generally west of Apalachicola.",CSV
202009,21,1900,202009,22,300,153060,921730,GULF OF MEXICO,85,2020,September,Marine Tropical Storm,Z,235,PT O'CONNOR TO ARANSAS PASS,85235,CRP,21-SEP-20 19:00:00,CST-6,22-SEP-20 03:00:00,0,0,0,0,0.00K,0.00K,Official NWS Observations,NA,NA,NA,NA,NA,NA,NA,NA,NA,NA,NA,NA,NA,NA,NA,NA,NA,NA,NA,NA,NA,Tropical Storm Beta began as a low pressure area over the southwest Gulf of Mexico on September 16th. This system organized into a tropical depression on the 17th as it moved slowly northward. It became Tropical Storm Beta on the 18th while moving north into the northwest Gulf of Mexico. It became stationary on the 19th as steering flow collapsed. Beta moved on a slow and steady course to the west-northwest toward the Middle Texas coast on the 20th and 21st and made landfall on the southern end of the Matagorda Peninsula late on the evening of 21st.,Mesonet observations and radar data showed tropical storm force winds from Tropical Storm Beta during the evening of the 21st until the early morning hours of the 22nd.,CSV
202009,21,15,202009,21,1935,153092,921973,GULF OF MEXICO,85,2020,September,Marine Tropical Storm,Z,552,COASTAL WATERS FROM SOUTHWEST PASS OF THE MISSISSIPPI RIVER TO PORT FOURCHON LOUISIANA OUT 20 NM,85552,LIX,21-SEP-20 00:15:00,CST-6,21-SEP-20 19:35:00,0,0,0,0,0.00K,0.00K,AWOS,NA,NA,NA,NA,NA,NA,NA,NA,NA,NA,NA,NA,NA,NA,NA,NA,NA,NA,NA,NA,NA,Tropical Storm Beta initially developed as a disturbance in the Bay of Campeche early on September 10th. The system drifting around the Bay of Campeche for several days as development was unlikely due to unfavorable upper-level winds produced by nearby Hurricane Sally. This system eventually began to organize and became Tropical Depression Twenty-Two on September 17th and became Tropical Storm Beta on September 18th. The storm continued to intensify reaching a peak of 60mph winds and a central pressure of 994mb (29.36 inHg) on September 19th as the storm became nearly stationary after turning westward over the Gulf of Mexico. Tropical Storm Beta approached the Texas coast and weakened before making landfall on the Matagorda Peninsula on September 22nd with maximum sustained winds of 45mph and a pressure of 999mb (29.50 inHg). ||A tight pressure gradient between Beta and an area of high pressure to the northeast resulted in persistent moderate to strong onshore east and northeast winds across the area. This caused an extended duration of impacts to the area between the days of September 19th and September 23rd. The strongest winds and highest water levels occurred when Beta's center of circulation was well removed from the local area and thus much of the local impacts were mainly confined to marine and coastal areas where tropical storm watches and warnings were in effect.,KXPY - Port Fourchon AWOS reported sustained winds of 30kt on the 21st at 0015 CDT with a peak gust of 44kt on the 21st at 1935 CDT. LOPL1- Louisiana Offshore Oil Port measured sustained winds of of 41 knots on the 19th at 2319 CDT with a peak gust of 49 knots on the 19th at 1619 CDT. BURL1 - NOAA C-MAN SW PASS measured sustained winds of 44 knots on the 20th at 1900 CDT with a peak wind gust of 50 knots on the 20th at 1900 CDT. KDLP - West Delta 27A Platform measured sustained winds of 42 knots on the 19th at 2015 CDT and peak wind gust of 48 knots on the 20th at 2015 CDT.,CSV
202009,16,500,202009,16,2000,151834,920076,GULF OF MEXICO,85,2020,September,Marine Tropical Storm,Z,770,WATERS FROM OKALOOSA-WALTON COUNTY LINE TO MEXICO BEACH FL 20 TO 60 NM,85770,TAE,16-SEP-20 05:00:00,EST-5,16-SEP-20 20:00:00,0,0,0,0,0.00K,0.00K,Official NWS Observations,NA,NA,NA,NA,NA,NA,NA,NA,NA,NA,NA,NA,NA,NA,NA,NA,NA,NA,NA,NA,NA,Hurricane Sally made landfall early on the morning of September 16 across Gulf Shores Alabama. The greatest impacts to the tri-state area came in the form of very heavy rain and significant flooding on and away from area rivers.  Record river flooding occurred on the Shoal River at Mossy Head as well as Holmes Creek at Vernon.,"Hurricane Sally made landfall early on the morning of September 16 across Gulf Shores Alabama with tropical storm force winds affecting the coastal waters, generally west of Apalachicola.",CSV
202009,16,500,202009,16,2000,151834,920077,GULF OF MEXICO,85,2020,September,Marine Tropical Storm,Z,772,WATERS FROM MEXICO BEACH TO APALACHICOLA FL 20 TO 60 NM,85772,TAE,16-SEP-20 05:00:00,EST-5,16-SEP-20 20:00:00,0,0,0,0,0.00K,0.00K,Official NWS Observations,NA,NA,NA,NA,NA,NA,NA,NA,NA,NA,NA,NA,NA,NA,NA,NA,NA,NA,NA,NA,NA,Hurricane Sally made landfall early on the morning of September 16 across Gulf Shores Alabama. The greatest impacts to the tri-state area came in the form of very heavy rain and significant flooding on and away from area rivers.  Record river flooding occurred on the Shoal River at Mossy Head as well as Holmes Creek at Vernon.,"Hurricane Sally made landfall early on the morning of September 16 across Gulf Shores Alabama with tropical storm force winds affecting the coastal waters, generally west of Apalachicola.",CSV
202009,21,1500,202009,22,300,153060,921731,GULF OF MEXICO,85,2020,September,Marine Tropical Storm,Z,255,MATAGORDA SHIP CHNL TO PT ARANSAS OUT 20NM,85255,CRP,21-SEP-20 15:00:00,CST-6,22-SEP-20 03:00:00,0,0,0,0,0.00K,0.00K,Official NWS Observations,NA,NA,NA,NA,NA,NA,NA,NA,NA,NA,NA,NA,NA,NA,NA,NA,NA,NA,NA,NA,NA,Tropical Storm Beta began as a low pressure area over the southwest Gulf of Mexico on September 16th. This system organized into a tropical depression on the 17th as it moved slowly northward. It became Tropical Storm Beta on the 18th while moving north into the northwest Gulf of Mexico. It became stationary on the 19th as steering flow collapsed. Beta moved on a slow and steady course to the west-northwest toward the Middle Texas coast on the 20th and 21st and made landfall on the southern end of the Matagorda Peninsula late on the evening of 21st.,Mesonet observations and radar data showed tropical storm force winds from Tropical Storm Beta from the afternoon of the 21st until the early morning hours of the 22nd.,CSV
202009,19,2030,202009,20,1155,153092,921974,GULF OF MEXICO,85,2020,September,Marine Tropical Storm,Z,577,COASTAL WATERS FROM PASCAGOULA MISSISSIPPI TO STAKE ISLAND LOUISIANA FROM 20 TO 60 NM,85577,LIX,19-SEP-20 20:30:00,CST-6,20-SEP-20 11:55:00,0,0,0,0,NA,NA,AWOS,NA,NA,NA,NA,NA,NA,NA,NA,NA,NA,NA,NA,NA,NA,NA,NA,NA,NA,NA,NA,NA,Tropical Storm Beta initially developed as a disturbance in the Bay of Campeche early on September 10th. The system drifting around the Bay of Campeche for several days as development was unlikely due to unfavorable upper-level winds produced by nearby Hurricane Sally. This system eventually began to organize and became Tropical Depression Twenty-Two on September 17th and became Tropical Storm Beta on September 18th. The storm continued to intensify reaching a peak of 60mph winds and a central pressure of 994mb (29.36 inHg) on September 19th as the storm became nearly stationary after turning westward over the Gulf of Mexico. Tropical Storm Beta approached the Texas coast and weakened before making landfall on the Matagorda Peninsula on September 22nd with maximum sustained winds of 45mph and a pressure of 999mb (29.50 inHg). ||A tight pressure gradient between Beta and an area of high pressure to the northeast resulted in persistent moderate to strong onshore east and northeast winds across the area. This caused an extended duration of impacts to the area between the days of September 19th and September 23rd. The strongest winds and highest water levels occurred when Beta's center of circulation was well removed from the local area and thus much of the local impacts were mainly confined to marine and coastal areas where tropical storm watches and warnings were in effect.,KVKY - Main Pass 289C measured sustained winds of 39 knots on the 19th at 2030 CDT with a peak wind gust of 48 knots on the 20th at 1115 CDT.,CSV
202009,20,1312,202009,21,1030,153092,921975,GULF OF MEXICO,85,2020,September,Marine Tropical Storm,Z,534,LAKE BORGNE,85534,LIX,20-SEP-20 13:12:00,CST-6,21-SEP-20 10:30:00,0,0,0,0,0.00K,0.00K,Mesonet,NA,NA,NA,NA,NA,NA,NA,NA,NA,NA,NA,NA,NA,NA,NA,NA,NA,NA,NA,NA,NA,Tropical Storm Beta initially developed as a disturbance in the Bay of Campeche early on September 10th. The system drifting around the Bay of Campeche for several days as development was unlikely due to unfavorable upper-level winds produced by nearby Hurricane Sally. This system eventually began to organize and became Tropical Depression Twenty-Two on September 17th and became Tropical Storm Beta on September 18th. The storm continued to intensify reaching a peak of 60mph winds and a central pressure of 994mb (29.36 inHg) on September 19th as the storm became nearly stationary after turning westward over the Gulf of Mexico. Tropical Storm Beta approached the Texas coast and weakened before making landfall on the Matagorda Peninsula on September 22nd with maximum sustained winds of 45mph and a pressure of 999mb (29.50 inHg). ||A tight pressure gradient between Beta and an area of high pressure to the northeast resulted in persistent moderate to strong onshore east and northeast winds across the area. This caused an extended duration of impacts to the area between the days of September 19th and September 23rd. The strongest winds and highest water levels occurred when Beta's center of circulation was well removed from the local area and thus much of the local impacts were mainly confined to marine and coastal areas where tropical storm watches and warnings were in effect.,Wx Flow Mesonet station at Bayou Bienvenue measured sustained winds of 34 knots with a peak wind gust of 40 knots on the 21st at 1030 CDT. NOAA NOS station SHBL1 - Shell Beach measured sustained winds of 34 knots on the 20th at 1312 CDT with a peak wind gust of 41 knots on the 20th at 1230 CDT.,CSV
202009,12,0,202009,13,100,152468,918361,ATLANTIC SOUTH,87,2020,September,Marine Tropical Storm,Z,630,BISCAYNE BAY,87630,MFL,12-SEP-20 00:00:00,EST-5,13-SEP-20 01:00:00,0,0,0,0,0.00K,0.00K,Mesonet,NA,NA,NA,NA,NA,NA,NA,NA,NA,NA,NA,NA,NA,NA,NA,NA,NA,NA,NA,NA,NA,"A low pressure system, turned tropical disturbance, moving across the western Atlantic and over the Bahamas abruptly formed into Tropical Depression Nineteen on September 11th. Tropical Depression Nineteen gradually continued westward and the center passed about 10 to 20 miles SSE of Miami, Florida during the morning of September 12th with a minimum central pressure of 1007 mb and maximum sustained winds of 35 mph. As Tropical Depression Nineteen moved westward over the South Florida peninsula, it continued to strengthen into a Tropical Storm known as Tropical Storm Sally. Lowest surface pressure recorded over the South Florida Atlantic Coast was 1005.5 mb at Fowey Rocks and maximum sustained winds of 46 mph/40 knots at Fowey Rocks on September 12. ||Although the effects from Tropical Depression Nineteen were generally minor for wind, there were sustained Tropical Storm force winds across Biscayne Bay and the near-shore Atlantic waters with sustained Tropical Depression force winds over the outer Atlantic waters, which created hazardous marine conditions.",Sustained tropical storm force winds around 40 to 43 mph/35 to 37 knots were recorded in Biscayne Bay. A peak wind gust of 52 mph/45 knots was recorded by the WxFlow mesonet (XGVT) at Government Cut at 11:27 AM EDT in association with a strong outer rain band emanating from TD Nineteen on September 12th.,CSV
202009,12,0,202009,13,100,152468,918362,ATLANTIC SOUTH,87,2020,September,Marine Tropical Storm,Z,651,DEERFIELD BEACH TO OCEAN REEF FL,87651,MFL,12-SEP-20 00:00:00,EST-5,13-SEP-20 01:00:00,0,0,0,0,0.00K,0.00K,Buoy,NA,NA,NA,NA,NA,NA,NA,NA,NA,NA,NA,NA,NA,NA,NA,NA,NA,NA,NA,NA,NA,"A low pressure system, turned tropical disturbance, moving across the western Atlantic and over the Bahamas abruptly formed into Tropical Depression Nineteen on September 11th. Tropical Depression Nineteen gradually continued westward and the center passed about 10 to 20 miles SSE of Miami, Florida during the morning of September 12th with a minimum central pressure of 1007 mb and maximum sustained winds of 35 mph. As Tropical Depression Nineteen moved westward over the South Florida peninsula, it continued to strengthen into a Tropical Storm known as Tropical Storm Sally. Lowest surface pressure recorded over the South Florida Atlantic Coast was 1005.5 mb at Fowey Rocks and maximum sustained winds of 46 mph/40 knots at Fowey Rocks on September 12. ||Although the effects from Tropical Depression Nineteen were generally minor for wind, there were sustained Tropical Storm force winds across Biscayne Bay and the near-shore Atlantic waters with sustained Tropical Depression force winds over the outer Atlantic waters, which created hazardous marine conditions.",Sustained tropical storm force winds around 40 to 46 mph/35 to 40 knots were recorded in the near-shore Atlantic waters. A peak wind gust of 55 mph/48 knots was recorded by the NDBC C-MAN station (FWYF1) at Fowey Rocks at 11:09 AM EDT in association with a strong outer rain band emanating from TD Nineteen on September 12th.,CSV
202009,12,0,202009,13,100,152468,918363,ATLANTIC SOUTH,87,2020,September,Marine Tropical Storm,Z,650,JUPITER INLET TO DEERFIELD BEACH FL OUT 20NM,87650,MFL,12-SEP-20 00:00:00,EST-5,13-SEP-20 01:00:00,0,0,0,0,0.00K,0.00K,Mesonet,NA,NA,NA,NA,NA,NA,NA,NA,NA,NA,NA,NA,NA,NA,NA,NA,NA,NA,NA,NA,NA,"A low pressure system, turned tropical disturbance, moving across the western Atlantic and over the Bahamas abruptly formed into Tropical Depression Nineteen on September 11th. Tropical Depression Nineteen gradually continued westward and the center passed about 10 to 20 miles SSE of Miami, Florida during the morning of September 12th with a minimum central pressure of 1007 mb and maximum sustained winds of 35 mph. As Tropical Depression Nineteen moved westward over the South Florida peninsula, it continued to strengthen into a Tropical Storm known as Tropical Storm Sally. Lowest surface pressure recorded over the South Florida Atlantic Coast was 1005.5 mb at Fowey Rocks and maximum sustained winds of 46 mph/40 knots at Fowey Rocks on September 12. ||Although the effects from Tropical Depression Nineteen were generally minor for wind, there were sustained Tropical Storm force winds across Biscayne Bay and the near-shore Atlantic waters with sustained Tropical Depression force winds over the outer Atlantic waters, which created hazardous marine conditions.",Sustained tropical storm force winds around 40 to 46 mph/35 to 40 knots were recorded in the near-shore Atlantic waters. A peak wind gust of 45 mph/39 knots was recorded by the WxFlow mesonet (XJUP) at Juno Beach Pier at 12:48 PM EDT and by the NOAA C-MAN station (LKWF1) at Lake Worth at 9:48 PM EDT on September 12th.,CSV
202008,2,1000,202008,3,500,150390,906912,ATLANTIC SOUTH,87,2020,August,Marine Tropical Storm,Z,552,VOLUSIA-BREVARD COUNTY LINE TO SEBASTIAN INLET 0-20NM,87552,MLB,02-AUG-20 10:00:00,EST-5,03-AUG-20 05:00:00,0,0,0,0,0.00K,0.00K,Buoy,NA,NA,NA,NA,NA,NA,NA,NA,NA,NA,NA,NA,NA,NA,NA,NA,NA,NA,NA,NA,NA,"Tropical Storm Isaias moved between Grand Bahama and Southeast Florida in the morning of August 2. Isaias tracked north, moving nearly parallel to the eastern Florida coast over the next 24-36 hours, making its closest approach when the center was approximately 36 miles east-southeast of Fort Pierce Inlet. Isaias produced a short duration of tropical storm force winds, with numerous gusts to tropical storm force in rain bands over the Atlantic coastal waters. These winds drove seas of at least 15 to 19 feet.","A moderate duration of sustained tropical storm winds impacted the coastal waters, with most of the tropical storm conditions experienced in the passing rain bands of Tropical Storm Isaias. These winds lasted from late morning August 2 to early morning August 3. Seas reached up to at least 10 feet, according to the Scripps buoy 41113 offshore of Port Canaveral.",CSV
202009,12,1600,202009,13,400,152469,918366,GULF OF MEXICO,85,2020,September,Marine Tropical Storm,Z,657,E CP SABLE TO CHOKOLOSKEE FL OUT 20NM,85657,MFL,12-SEP-20 16:00:00,EST-5,13-SEP-20 04:00:00,0,0,0,0,0.00K,0.00K,Mesonet,NA,NA,NA,NA,NA,NA,NA,NA,NA,NA,NA,NA,NA,NA,NA,NA,NA,NA,NA,NA,NA,"A low pressure system, turned tropical disturbance, moving across the western Atlantic and over the Bahamas abruptly formed into Tropical Depression Nineteen on September 11th. Tropical Depression Nineteen gradually continued westward and the center passed about 10 to 20 miles SSE of Miami, Florida during the morning of September 12th with a minimum central pressure of 1007 mb and maximum sustained winds of 35 mph. As Tropical Depression Nineteen moved westward over the South Florida peninsula, it continued to strengthen into a Tropical Storm known as Tropical Storm Sally. Lowest surface pressure recorded over the South Florida Gulf Coast was 1002.9 mb at Naples Municipal Airport and maximum sustained winds of 31 mph at Marco Island Airport on September 12.  Estimated Tropical Storm force sustained winds were measured across the Gulf waters ranging from 40 to 46 mph, with higher gusts.||Although the effects from Tropical Depression Nineteen were generally minor for wind, there were sustained Tropical Storm force winds over the Gulf waters which created hazardous marine conditions.","Sustained tropical storm force winds over the near-shore waters were probably in the 34 to 40 knot range based on data from hurricane hunter aircraft, with gusts possibly as high as 45 to 50 knots.",CSV
202008,2,900,202008,3,700,150390,906913,ATLANTIC SOUTH,87,2020,August,Marine Tropical Storm,Z,572,VOLUSIA-BREVARD COUNTY LINE TO SEBASTIAN INLET 20-60NM,87572,MLB,02-AUG-20 09:00:00,EST-5,03-AUG-20 07:00:00,0,0,0,0,0.00K,0.00K,Buoy,NA,NA,NA,NA,NA,NA,NA,NA,NA,NA,NA,NA,NA,NA,NA,NA,NA,NA,NA,NA,NA,"Tropical Storm Isaias moved between Grand Bahama and Southeast Florida in the morning of August 2. Isaias tracked north, moving nearly parallel to the eastern Florida coast over the next 24-36 hours, making its closest approach when the center was approximately 36 miles east-southeast of Fort Pierce Inlet. Isaias produced a short duration of tropical storm force winds, with numerous gusts to tropical storm force in rain bands over the Atlantic coastal waters. These winds drove seas of at least 15 to 19 feet.","A moderate duration of sustained tropical storm winds impacted the coastal waters, with most of the tropical storm conditions experienced in the passing rain bands of Tropical Storm Isaias. These winds lasted from late morning August 2 to mid morning August 3. Seas reached in excess of 16 to 19 feet according to NOAA Buoy 41009, located 20 miles east of Port Canaveral and Buoy 41010, located approximately 140 miles northeast of Port Canaveral. The highest sustained winds at Buoy 9 were 45 mph from the northeast at 1738LST on August 2, and the peak wind gust at Buoy 9 was 54 mph from the northeast at 1710LST on August 2.",CSV
202009,12,1600,202009,13,400,152469,918367,GULF OF MEXICO,85,2020,September,Marine Tropical Storm,Z,656,CHOKOLOSKEE TO BONITA BEACH FL OUT 20NM,85656,MFL,12-SEP-20 16:00:00,EST-5,13-SEP-20 04:00:00,0,0,0,0,0.00K,0.00K,Mesonet,NA,NA,NA,NA,NA,NA,NA,NA,NA,NA,NA,NA,NA,NA,NA,NA,NA,NA,NA,NA,NA,"A low pressure system, turned tropical disturbance, moving across the western Atlantic and over the Bahamas abruptly formed into Tropical Depression Nineteen on September 11th. Tropical Depression Nineteen gradually continued westward and the center passed about 10 to 20 miles SSE of Miami, Florida during the morning of September 12th with a minimum central pressure of 1007 mb and maximum sustained winds of 35 mph. As Tropical Depression Nineteen moved westward over the South Florida peninsula, it continued to strengthen into a Tropical Storm known as Tropical Storm Sally. Lowest surface pressure recorded over the South Florida Gulf Coast was 1002.9 mb at Naples Municipal Airport and maximum sustained winds of 31 mph at Marco Island Airport on September 12.  Estimated Tropical Storm force sustained winds were measured across the Gulf waters ranging from 40 to 46 mph, with higher gusts.||Although the effects from Tropical Depression Nineteen were generally minor for wind, there were sustained Tropical Storm force winds over the Gulf waters which created hazardous marine conditions.","Sustained tropical storm force winds over the near-shore waters were probably in the 34 to 40 knot range based on data from hurricane hunter aircraft, with gusts possibly as high as 45 to 50 knots.",CSV
202009,15,1400,202009,16,1700,152944,921443,GULF OF MEXICO,85,2020,September,Marine Tropical Storm,Z,635,WESTERN CHOCTAWATCHEE BAY,85635,MOB,15-SEP-20 14:00:00,CST-6,16-SEP-20 17:00:00,0,0,0,0,0.00K,0.00K,Official NWS Observations,NA,NA,NA,NA,NA,NA,NA,NA,NA,NA,NA,NA,NA,NA,NA,NA,NA,NA,NA,NA,NA,"Hurricane Sally made landfall in Gulf Shores, AL at 5am on Wednesday, September 16th as a strong Category 2 hurricane with maximum sustained winds of 105 mph. Due to the very slow movement of the hurricane, a long duration of tropical storm force and hurricane force winds impacted a large majority of the Alabama and northwest Florida coastal waters. Tropical storm conditions extended as far east as Choctawhatchee Bay.",NA,CSV
202009,15,1400,202009,16,1700,152944,921444,GULF OF MEXICO,85,2020,September,Marine Tropical Storm,Z,636,EASTERN CHOCTAWATCHEE BAY,85636,MOB,15-SEP-20 14:00:00,CST-6,16-SEP-20 17:00:00,0,0,0,0,0.00K,0.00K,Official NWS Observations,NA,NA,NA,NA,NA,NA,NA,NA,NA,NA,NA,NA,NA,NA,NA,NA,NA,NA,NA,NA,NA,"Hurricane Sally made landfall in Gulf Shores, AL at 5am on Wednesday, September 16th as a strong Category 2 hurricane with maximum sustained winds of 105 mph. Due to the very slow movement of the hurricane, a long duration of tropical storm force and hurricane force winds impacted a large majority of the Alabama and northwest Florida coastal waters. Tropical storm conditions extended as far east as Choctawhatchee Bay.",NA,CSV
202009,12,1600,202009,13,400,152469,918368,GULF OF MEXICO,85,2020,September,Marine Tropical Storm,Z,676,CHOKOLOSKEE TO BONITA BEACH FL 20 TO 60NM,85676,MFL,12-SEP-20 16:00:00,EST-5,13-SEP-20 04:00:00,0,0,0,0,0.00K,0.00K,Mesonet,NA,NA,NA,NA,NA,NA,NA,NA,NA,NA,NA,NA,NA,NA,NA,NA,NA,NA,NA,NA,NA,"A low pressure system, turned tropical disturbance, moving across the western Atlantic and over the Bahamas abruptly formed into Tropical Depression Nineteen on September 11th. Tropical Depression Nineteen gradually continued westward and the center passed about 10 to 20 miles SSE of Miami, Florida during the morning of September 12th with a minimum central pressure of 1007 mb and maximum sustained winds of 35 mph. As Tropical Depression Nineteen moved westward over the South Florida peninsula, it continued to strengthen into a Tropical Storm known as Tropical Storm Sally. Lowest surface pressure recorded over the South Florida Gulf Coast was 1002.9 mb at Naples Municipal Airport and maximum sustained winds of 31 mph at Marco Island Airport on September 12.  Estimated Tropical Storm force sustained winds were measured across the Gulf waters ranging from 40 to 46 mph, with higher gusts.||Although the effects from Tropical Depression Nineteen were generally minor for wind, there were sustained Tropical Storm force winds over the Gulf waters which created hazardous marine conditions.","Sustained tropical storm force winds over the offshore waters were probably in the 34 to 40 knot range based on data from hurricane hunter aircraft, with gusts possibly as high as 45 to 50 knots.",CSV
202011,8,500,202011,9,1100,153669,925121,ATLANTIC SOUTH,87,2020,November,Marine Tropical Storm,Z,555,SEBASTIAN INLET TO JUPITER INLET 0-20NM,87555,MLB,08-NOV-20 05:00:00,EST-5,09-NOV-20 11:00:00,0,0,0,0,0.00K,0.00K,Buoy,NA,NA,NA,NA,NA,NA,NA,NA,NA,NA,NA,NA,NA,NA,NA,NA,NA,NA,NA,NA,NA,"Tropical Storm Eta moved across Cuba and into the Florida Straits on the morning of November 8. Eta tracked northwest through the day and then made landfall along the Central Florida Keys early during the morning of November 9. Eta produced a short to moderate duration of sustained tropical storm force winds. These winds drove seas of at least 14 to 19 feet. After the sustained tropical storm winds lessened, squalls with convective gusts to tropical storm force occurred over the coastal waters and spread onshore the beaches near Cape Canaveral and along southern Hutchinson Island.","A moderate duration of sustained tropical storm winds impacted the coastal waters, with the strongest tropical storm conditions experienced in the passing rain bands of Tropical Storm Eta. These winds lasted from early morning on November 8 to late morning on November 9. Seas reached up to at least 14 feet, according to the Scripps buoy 41114 offshore of Fort Pierce.",CSV
202011,8,500,202011,9,1100,153669,925123,ATLANTIC SOUTH,87,2020,November,Marine Tropical Storm,Z,575,SEBASTIAN INLET TO JUPITER INLET 20-60NM,87575,MLB,08-NOV-20 05:00:00,EST-5,09-NOV-20 11:00:00,0,0,0,0,0.00K,0.00K,Buoy,NA,NA,NA,NA,NA,NA,NA,NA,NA,NA,NA,NA,NA,NA,NA,NA,NA,NA,NA,NA,NA,"Tropical Storm Eta moved across Cuba and into the Florida Straits on the morning of November 8. Eta tracked northwest through the day and then made landfall along the Central Florida Keys early during the morning of November 9. Eta produced a short to moderate duration of sustained tropical storm force winds. These winds drove seas of at least 14 to 19 feet. After the sustained tropical storm winds lessened, squalls with convective gusts to tropical storm force occurred over the coastal waters and spread onshore the beaches near Cape Canaveral and along southern Hutchinson Island.","A moderate duration of sustained tropical storm winds impacted the coastal waters, with the strongest tropical storm conditions experienced in the passing rain bands of Tropical Storm Eta. These winds lasted from early morning on November 8 to late morning on November 9. Seas reached up to at least 14 feet, according to the Scripps buoy 41114 offshore of Fort Pierce.",CSV
202011,8,1400,202011,9,1100,153669,925125,ATLANTIC SOUTH,87,2020,November,Marine Tropical Storm,Z,552,VOLUSIA-BREVARD COUNTY LINE TO SEBASTIAN INLET 0-20NM,87552,MLB,08-NOV-20 14:00:00,EST-5,09-NOV-20 11:00:00,0,0,0,0,0.00K,0.00K,Buoy,NA,NA,NA,NA,NA,NA,NA,NA,NA,NA,NA,NA,NA,NA,NA,NA,NA,NA,NA,NA,NA,"Tropical Storm Eta moved across Cuba and into the Florida Straits on the morning of November 8. Eta tracked northwest through the day and then made landfall along the Central Florida Keys early during the morning of November 9. Eta produced a short to moderate duration of sustained tropical storm force winds. These winds drove seas of at least 14 to 19 feet. After the sustained tropical storm winds lessened, squalls with convective gusts to tropical storm force occurred over the coastal waters and spread onshore the beaches near Cape Canaveral and along southern Hutchinson Island.","A moderate duration of sustained tropical storm winds impacted the coastal waters, with the strongest tropical storm conditions experienced in the passing rain bands of Tropical Storm Eta. These winds lasted from early afternoon on November 8 to late morning on November 09. Seas reached up to at least 9 feet, according to the Scripps buoy 41113 offshore of Port Canaveral.",CSV
202011,8,1400,202011,9,1100,153669,925134,ATLANTIC SOUTH,87,2020,November,Marine Tropical Storm,Z,572,VOLUSIA-BREVARD COUNTY LINE TO SEBASTIAN INLET 20-60NM,87572,MLB,08-NOV-20 14:00:00,EST-5,09-NOV-20 11:00:00,0,0,0,0,0.00K,0.00K,Buoy,NA,NA,NA,NA,NA,NA,NA,NA,NA,NA,NA,NA,NA,NA,NA,NA,NA,NA,NA,NA,NA,"Tropical Storm Eta moved across Cuba and into the Florida Straits on the morning of November 8. Eta tracked northwest through the day and then made landfall along the Central Florida Keys early during the morning of November 9. Eta produced a short to moderate duration of sustained tropical storm force winds. These winds drove seas of at least 14 to 19 feet. After the sustained tropical storm winds lessened, squalls with convective gusts to tropical storm force occurred over the coastal waters and spread onshore the beaches near Cape Canaveral and along southern Hutchinson Island.","A moderate duration of sustained tropical storm winds impacted the coastal waters, with the strongest tropical storm conditions experienced in the passing rain bands of Tropical Storm Eta. These winds lasted from early afternoon on November 8 to late morning on November 09. Seas reached in excess of 18 to 19 feet according to NOAA Buoy 41009, located 20 miles east of Port Canaveral and Buoy 41010, located approximately 140 miles northeast of Port Canaveral. The peak wind gust at Buoy 41009 was 51 mph from the east at 0420LST on November 9.",CSV
202008,4,348,202008,4,348,151811,914462,ATLANTIC NORTH,88,2020,August,Marine Tropical Storm,Z,636,YORK RIVER,88636,AKQ,04-AUG-20 03:48:00,EST-5,04-AUG-20 03:48:00,0,0,0,0,0.00K,0.00K,C-MAN Station,NA,NA,NA,NA,NA,NA,NA,NA,NA,NA,NA,NA,NA,NA,NA,NA,NA,NA,NA,NA,NA,"The center of Tropical Storm Isaias tracked north just inland of the Middle Atlantic Coast from late Monday night, August 3rd through Tuesday morning, August 4th. The tropical storm produced tropical storm force wind gusts across portions of the York River.",Wind gust of 52 knots was measured at Yorktown USCG Station.,CSV
202008,4,348,202008,4,348,151764,914313,ATLANTIC NORTH,88,2020,August,Marine Tropical Storm,Z,656,CP CHARLES LT VA TO NC-VA BDR OUT 20NM,88656,AKQ,04-AUG-20 03:48:00,EST-5,04-AUG-20 03:48:00,0,0,0,0,0.00K,0.00K,Mesonet,NA,NA,NA,NA,NA,NA,NA,NA,NA,NA,NA,NA,NA,NA,NA,NA,NA,NA,NA,NA,NA,"The center of Tropical Storm Isaias tracked north just inland of the Middle Atlantic Coast from late Monday night, August 3rd through Tuesday morning, August 4th. The tropical storm produced tropical storm force wind gusts across portions of the Virginia Coastal Waters.",Wind gust of 63 knots was measured at Rudee Inlet.,CSV
202011,8,800,202011,9,1600,153628,924952,ATLANTIC SOUTH,87,2020,November,Marine Tropical Storm,Z,630,BISCAYNE BAY,87630,MFL,08-NOV-20 08:00:00,EST-5,09-NOV-20 16:00:00,0,0,0,0,0.00K,0.00K,Mesonet,NA,NA,NA,NA,NA,NA,NA,NA,NA,NA,NA,NA,NA,NA,NA,NA,NA,NA,NA,NA,NA,"A tropical wave, turned tropical depression, moving westward across the western Caribbean Sea abruptly formed into an intense Category 4 hurricane before making landfall over western Nicaragua on November 3rd, with a minimum central pressure of 923 mb just before landfall, and a minimum central pressure of 940 mb at landfall. Eta then weakened into a Tropical Depression as it moved across Central America and before it re-entered the western Caribbean Sea. Eta maintained Tropical Depression status for a few days before restrengthening into a Tropical Storm on November 7th, just west of the Cayman Islands. Tropical Storm Eta continued moving northward while intensifying into a strong Tropical Storm just before making landfall over Cuba early morning on November 8th. Tropical Storm Eta then began to move northwestward and towards FL on November 8th, with the center passing about 70 to 80 miles southwest of Miami, Florida and about 100 to 110 miles southeast of Naples, Florida. Strong Tropical Storm Eta made landfall on Lower Matecumbe Key in the Florida Keys with maximum winds estimated to be near 65 mph and a minimum central pressure of 991 mb.||As Tropical Storm Eta moved westward towards Florida, it maintained Tropical Storm intensity. Lowest surface pressure recorded over the South Florida Atlantic Coast was 1002.3 mb at Fowey Rocks and maximum sustained winds of 49 knots/56 mph at Government Cut during the early morning hours on November 9th. Tropical Storm Eta then meandered offshore southwest Florida the next couple of days before making landfall yet again near Cedar Key, Florida on November 12th.||Although the effects from Tropical Storm Eta were generally minor for wind, there were sustained Tropical Storm force winds across Biscayne Bay and the Atlantic waters, which created hazardous marine conditions.",Sustained tropical storm force winds around 40 to 50 mph/40 to 43 knots were recorded in Biscayne Bay. A peak wind gust of 55 mph/48 knots was recorded by the WeatherFlow mesonet site at Dinner Key Lighthouse (XDIN) at 05:13 PM EST in association with a strong outer rain band emanating from TS Eta on November 8th.,CSV
202008,4,528,202008,4,528,151764,914457,ATLANTIC NORTH,88,2020,August,Marine Tropical Storm,Z,656,CP CHARLES LT VA TO NC-VA BDR OUT 20NM,88656,AKQ,04-AUG-20 05:28:00,EST-5,04-AUG-20 05:28:00,0,0,0,0,0.00K,0.00K,Mesonet,NA,NA,NA,NA,NA,NA,NA,NA,NA,NA,NA,NA,NA,NA,NA,NA,NA,NA,NA,NA,NA,"The center of Tropical Storm Isaias tracked north just inland of the Middle Atlantic Coast from late Monday night, August 3rd through Tuesday morning, August 4th. The tropical storm produced tropical storm force wind gusts across portions of the Virginia Coastal Waters.",Wind gust of 57 knots was measured at Sandbridge.,CSV
202008,4,642,202008,4,642,151764,914458,ATLANTIC NORTH,88,2020,August,Marine Tropical Storm,Z,656,CP CHARLES LT VA TO NC-VA BDR OUT 20NM,88656,AKQ,04-AUG-20 06:42:00,EST-5,04-AUG-20 06:42:00,0,0,0,0,0.00K,0.00K,Mesonet,NA,NA,NA,NA,NA,NA,NA,NA,NA,NA,NA,NA,NA,NA,NA,NA,NA,NA,NA,NA,NA,"The center of Tropical Storm Isaias tracked north just inland of the Middle Atlantic Coast from late Monday night, August 3rd through Tuesday morning, August 4th. The tropical storm produced tropical storm force wind gusts across portions of the Virginia Coastal Waters.",Wind gust of 59 knots was measured at Cape Henry.,CSV
202008,4,748,202008,4,748,151764,914460,ATLANTIC NORTH,88,2020,August,Marine Tropical Storm,Z,652,CHINCOTEAGUE TO PARRAMORE IS VA OUT 20NM,88652,AKQ,04-AUG-20 07:48:00,EST-5,04-AUG-20 07:48:00,0,0,0,0,0.00K,0.00K,C-MAN Station,NA,NA,NA,NA,NA,NA,NA,NA,NA,NA,NA,NA,NA,NA,NA,NA,NA,NA,NA,NA,NA,"The center of Tropical Storm Isaias tracked north just inland of the Middle Atlantic Coast from late Monday night, August 3rd through Tuesday morning, August 4th. The tropical storm produced tropical storm force wind gusts across portions of the Virginia Coastal Waters.",Wind gust of 57 knots was measured at Wachapreague.,CSV
202011,8,800,202011,9,1600,153628,924956,ATLANTIC SOUTH,87,2020,November,Marine Tropical Storm,Z,650,JUPITER INLET TO DEERFIELD BEACH FL OUT 20NM,87650,MFL,08-NOV-20 08:00:00,EST-5,09-NOV-20 16:00:00,0,0,0,0,0.00K,0.00K,Mesonet,NA,NA,NA,NA,NA,NA,NA,NA,NA,NA,NA,NA,NA,NA,NA,NA,NA,NA,NA,NA,NA,"A tropical wave, turned tropical depression, moving westward across the western Caribbean Sea abruptly formed into an intense Category 4 hurricane before making landfall over western Nicaragua on November 3rd, with a minimum central pressure of 923 mb just before landfall, and a minimum central pressure of 940 mb at landfall. Eta then weakened into a Tropical Depression as it moved across Central America and before it re-entered the western Caribbean Sea. Eta maintained Tropical Depression status for a few days before restrengthening into a Tropical Storm on November 7th, just west of the Cayman Islands. Tropical Storm Eta continued moving northward while intensifying into a strong Tropical Storm just before making landfall over Cuba early morning on November 8th. Tropical Storm Eta then began to move northwestward and towards FL on November 8th, with the center passing about 70 to 80 miles southwest of Miami, Florida and about 100 to 110 miles southeast of Naples, Florida. Strong Tropical Storm Eta made landfall on Lower Matecumbe Key in the Florida Keys with maximum winds estimated to be near 65 mph and a minimum central pressure of 991 mb.||As Tropical Storm Eta moved westward towards Florida, it maintained Tropical Storm intensity. Lowest surface pressure recorded over the South Florida Atlantic Coast was 1002.3 mb at Fowey Rocks and maximum sustained winds of 49 knots/56 mph at Government Cut during the early morning hours on November 9th. Tropical Storm Eta then meandered offshore southwest Florida the next couple of days before making landfall yet again near Cedar Key, Florida on November 12th.||Although the effects from Tropical Storm Eta were generally minor for wind, there were sustained Tropical Storm force winds across Biscayne Bay and the Atlantic waters, which created hazardous marine conditions.",Sustained tropical storm force winds around 40 to 50 mph/35 to 45 knots were recorded in the near-shore Atlantic waters. A peak wind gust of 59 mph/51 knots was recorded by the WeatherFlow mesonet site at Boynton Beach (XBOY) at 03:25 PM EST in association with a strong outer rain band emanating from TS Eta on November 9th.,CSV
202010,28,1000,202010,28,1500,153808,926056,GULF OF MEXICO,85,2020,October,Marine Tropical Storm,Z,455,ATCHAFALAYA R TO INTRACOASTAL CITY LA OUT 20NM,85455,LCH,28-OCT-20 10:00:00,CST-6,28-OCT-20 15:00:00,0,0,0,0,0.00K,0.00K,C-MAN Station,NA,NA,NA,NA,NA,NA,NA,NA,NA,NA,NA,NA,NA,NA,NA,NA,NA,NA,NA,NA,NA,Zeta developed in the Caribbean Sea and moved across the Yucatan Peninsula then into the Gulf of Mexico. The hurricane strengthened into a category 2 before moving into Southeast Louisiana. The western periphery affected affected the coastal waters off South Central Louisiana.,Tropical Storm force wind gusts were recorded in the coastal waters south of Saint Mary Parish and Vermilion Bay. A sustained wind of 39 mph with a gust of 48 was recorded at the mouth of the Atchafalaya while a wind gust of 60 mph was recorded at South Marsh Island 268A.,CSV
202010,9,900,202010,9,1600,153518,925564,GULF OF MEXICO,85,2020,October,Marine Tropical Storm,Z,335,GALVESTON BAY,85335,HGX,09-OCT-20 09:00:00,CST-6,09-OCT-20 16:00:00,0,0,0,0,0.00K,0.00K,Official NWS Observations,NA,NA,NA,NA,NA,NA,NA,NA,NA,NA,NA,NA,NA,NA,NA,NA,NA,NA,NA,NA,NA,"Hurricane Delta made landfall along the southwest Louisiana coast. The hurricane brought high surf, elevated tides and some sustained winds and wind gusts to tropical storm and hurricane force over Galveston Bay, along the SE Texas coast,  and the adjacent coastal waters.",Hurricane Delta produced sustained tropical storm force winds for several hours across the marine areas including the Galveston Bay and coastal waters. Peak winds at Chesapeake Bay Entrance Buoy 45 knots and 57 knots respectively.,CSV
202010,9,900,202010,9,1600,153518,925558,GULF OF MEXICO,85,2020,October,Marine Tropical Storm,Z,375,HIGH IS TO FREEPORT TX 20 TO 60NM,85375,HGX,09-OCT-20 09:00:00,CST-6,09-OCT-20 16:00:00,0,0,0,0,0.00K,0.00K,C-MAN Station,NA,NA,NA,NA,NA,NA,NA,NA,NA,NA,NA,NA,NA,NA,NA,NA,NA,NA,NA,NA,NA,"Hurricane Delta made landfall along the southwest Louisiana coast. The hurricane brought high surf, elevated tides and some sustained winds and wind gusts to tropical storm and hurricane force over Galveston Bay, along the SE Texas coast,  and the adjacent coastal waters.",Hurricane Delta produced sustained tropical storm force winds across the marine areas including the bays and coastal waters. Gusts to near hurricane force occurred across NE zones. Hurricane force winds may have occurred in the High Island to Freeport zone beyond 20 nm but no observations there.  Tropical storm force winds were observed at several sites for several hours. The highest observed winds were at Buoy 42035 with max sustained winds 47 knots and maximum wind gusts 63.3 knots.,CSV
202010,9,900,202010,9,1600,153518,925551,GULF OF MEXICO,85,2020,October,Marine Tropical Storm,Z,355,HIGH IS TO FREEPORT TX OUT 20NM,85355,HGX,09-OCT-20 09:00:00,CST-6,09-OCT-20 16:00:00,0,0,0,0,0.00K,0.00K,Official NWS Observations,NA,NA,NA,NA,NA,NA,NA,NA,NA,NA,NA,NA,NA,NA,NA,NA,NA,NA,NA,NA,NA,"Hurricane Delta made landfall along the southwest Louisiana coast. The hurricane brought high surf, elevated tides and some sustained winds and wind gusts to tropical storm and hurricane force over Galveston Bay, along the SE Texas coast,  and the adjacent coastal waters.",Hurricane Delta produced sustained tropical storm force winds across the marine areas including the bays and coastal waters. Gusts to near hurricane force occurred across NE zones. Hurricane force winds may have occurred in the High Island to Freeport zone beyond 20 nm but no observations there.  Tropical storm force winds were observed at several sites for several hours. The highest observed winds were at Buoy 42035 with max sustained winds 47 knots and maximum wind gusts 63.3 knots.,CSV
202010,9,400,202010,9,800,153518,925562,GULF OF MEXICO,85,2020,October,Marine Tropical Storm,Z,370,FREEPORT TO MATAGORDA SHIP CHNL 20 TO 60NM,85370,HGX,09-OCT-20 04:00:00,CST-6,09-OCT-20 08:00:00,0,0,0,0,0.00K,0.00K,C-MAN Station,NA,NA,NA,NA,NA,NA,NA,NA,NA,NA,NA,NA,NA,NA,NA,NA,NA,NA,NA,NA,NA,"Hurricane Delta made landfall along the southwest Louisiana coast. The hurricane brought high surf, elevated tides and some sustained winds and wind gusts to tropical storm and hurricane force over Galveston Bay, along the SE Texas coast,  and the adjacent coastal waters.",Hurricane Delta produced sustained tropical storm force winds across the marine areas including the coastal waters. Gusts to near hurricane force occurred across NE zones.  Tropical storm force sustained winds were observed at Buoy 42019. The highest observed winds at Buoy 42019 were max sustained winds 36 knots and maximum wind gusts 52 knots.,CSV
202010,9,500,202010,9,1000,153518,925573,GULF OF MEXICO,85,2020,October,Marine Tropical Storm,Z,350,FREEPORT TO MATAGORDA SHIP CHNL OUT 20NM,85350,HGX,09-OCT-20 05:00:00,CST-6,09-OCT-20 10:00:00,0,0,0,0,0.00K,0.00K,Mesonet,NA,NA,NA,NA,NA,NA,NA,NA,NA,NA,NA,NA,NA,NA,NA,NA,NA,NA,NA,NA,NA,"Hurricane Delta made landfall along the southwest Louisiana coast. The hurricane brought high surf, elevated tides and some sustained winds and wind gusts to tropical storm and hurricane force over Galveston Bay, along the SE Texas coast,  and the adjacent coastal waters.","Hurricane Delta produced sustained tropical storm force winds across the marine areas including the coastal waters. Gusts to near hurricane force occurred across NE zones east of High Island.  Tropical storm force sustained winds were observed at Buoy 42019. The highest observed winds at Buoy 42019 were max sustained winds 36 knots and maximum wind gusts 52 knots. Tropical Storm force winds were also observed in the nearshore waters at the Brazos buoy, KBQX.",CSV
202006,7,800,202006,7,1900,150048,904723,GULF OF MEXICO,85,2020,June,Marine Tropical Storm,Z,630,NORTH MOBILE BAY,85630,MOB,07-JUN-20 08:00:00,CST-6,07-JUN-20 19:00:00,0,0,0,0,NA,0.00K,Official NWS Observations,NA,NA,NA,NA,NA,NA,NA,NA,NA,NA,NA,NA,NA,NA,NA,NA,NA,NA,NA,NA,NA,"Tropical Storm Cristobal moved west of the Alabama coastal waters on the afternoon of June 7th, 2020. Cristobal made landfall in southeast Louisiana at 5 pm CDT on June 7th. Cristobal then tracked northwest into inland Louisiana late on the night of June 7th into the morning of June 8th.||The highest winds recorded were sustained winds of 45 mph with gusts to 50 mph at the Dauphin Island CMAN station, 40 mph with gusts to 56 mph at buoy 42012, 44 mph with gists to 53 mph at Katrina Cut and 39 mph with gusts to 50 mph at the Okaloosa Island fishing pier. In Mobile Bay, 47 mph at Middle Bay Light with gusts to 52 mph and 40 mph with gusts to 52 mph at Buccaneer Yacht Club.",NA,CSV
202006,7,800,202006,7,1900,150048,904724,GULF OF MEXICO,85,2020,June,Marine Tropical Storm,Z,655,COASTAL WATERS FROM OKALOOSA-WALTON COUNTY LINE TO PENSACOLA FL OUT 20 NM,85655,MOB,07-JUN-20 08:00:00,CST-6,07-JUN-20 19:00:00,0,0,0,0,NA,0.00K,Official NWS Observations,NA,NA,NA,NA,NA,NA,NA,NA,NA,NA,NA,NA,NA,NA,NA,NA,NA,NA,NA,NA,NA,"Tropical Storm Cristobal moved west of the Alabama coastal waters on the afternoon of June 7th, 2020. Cristobal made landfall in southeast Louisiana at 5 pm CDT on June 7th. Cristobal then tracked northwest into inland Louisiana late on the night of June 7th into the morning of June 8th.||The highest winds recorded were sustained winds of 45 mph with gusts to 50 mph at the Dauphin Island CMAN station, 40 mph with gusts to 56 mph at buoy 42012, 44 mph with gists to 53 mph at Katrina Cut and 39 mph with gusts to 50 mph at the Okaloosa Island fishing pier. In Mobile Bay, 47 mph at Middle Bay Light with gusts to 52 mph and 40 mph with gusts to 52 mph at Buccaneer Yacht Club.",NA,CSV
202006,7,800,202006,7,1900,150048,904725,GULF OF MEXICO,85,2020,June,Marine Tropical Storm,Z,650,COASTAL WATERS FROM PENSACOLA FL TO PASCAGOULA MS OUT 20 NM,85650,MOB,07-JUN-20 08:00:00,CST-6,07-JUN-20 19:00:00,0,0,0,0,NA,0.00K,Official NWS Observations,NA,NA,NA,NA,NA,NA,NA,NA,NA,NA,NA,NA,NA,NA,NA,NA,NA,NA,NA,NA,NA,"Tropical Storm Cristobal moved west of the Alabama coastal waters on the afternoon of June 7th, 2020. Cristobal made landfall in southeast Louisiana at 5 pm CDT on June 7th. Cristobal then tracked northwest into inland Louisiana late on the night of June 7th into the morning of June 8th.||The highest winds recorded were sustained winds of 45 mph with gusts to 50 mph at the Dauphin Island CMAN station, 40 mph with gusts to 56 mph at buoy 42012, 44 mph with gists to 53 mph at Katrina Cut and 39 mph with gusts to 50 mph at the Okaloosa Island fishing pier. In Mobile Bay, 47 mph at Middle Bay Light with gusts to 52 mph and 40 mph with gusts to 52 mph at Buccaneer Yacht Club.",NA,CSV
202006,7,800,202006,7,1900,150048,904726,GULF OF MEXICO,85,2020,June,Marine Tropical Storm,Z,631,SOUTH MOBILE BAY,85631,MOB,07-JUN-20 08:00:00,CST-6,07-JUN-20 19:00:00,0,0,0,0,NA,0.00K,Official NWS Observations,NA,NA,NA,NA,NA,NA,NA,NA,NA,NA,NA,NA,NA,NA,NA,NA,NA,NA,NA,NA,NA,"Tropical Storm Cristobal moved west of the Alabama coastal waters on the afternoon of June 7th, 2020. Cristobal made landfall in southeast Louisiana at 5 pm CDT on June 7th. Cristobal then tracked northwest into inland Louisiana late on the night of June 7th into the morning of June 8th.||The highest winds recorded were sustained winds of 45 mph with gusts to 50 mph at the Dauphin Island CMAN station, 40 mph with gusts to 56 mph at buoy 42012, 44 mph with gists to 53 mph at Katrina Cut and 39 mph with gusts to 50 mph at the Okaloosa Island fishing pier. In Mobile Bay, 47 mph at Middle Bay Light with gusts to 52 mph and 40 mph with gusts to 52 mph at Buccaneer Yacht Club.",NA,CSV
202010,28,1700,202010,28,2200,153475,924398,GULF OF MEXICO,85,2020,October,Marine Tropical Storm,Z,655,COASTAL WATERS FROM OKALOOSA-WALTON COUNTY LINE TO PENSACOLA FL OUT 20 NM,85655,MOB,28-OCT-20 17:00:00,CST-6,28-OCT-20 22:00:00,0,0,0,0,NA,0.00K,Official NWS Observations,NA,NA,NA,NA,NA,NA,NA,NA,NA,NA,NA,NA,NA,NA,NA,NA,NA,NA,NA,NA,NA,"Hurricane Zeta made landfall in southeast Louisiana during the late afternoon hours of Wednesday, October 28th as a strong category 2 hurricane with maximum sustained winds of 110 mph. Zeta quickly raced northeast and moved across inland southeast Mississippi and inland southwest Alabama during the evening hours. Shortly after midnight, Thursday, October 29th, Zeta weakened to a tropical storm while moving across central Alabama. Since Zeta was moving at a rapid 25-30 mph across the area, it brought frequent hurricane force wind gusts and  extensive wind damage to inland southeast Mississippi and inland southwest Alabama. Hurricane force gusts extended as far east as coastal Alabama, which contributed to a significant storm surge that impacted portions of Mobile and Baldwin Counties. Sustained minimal tropical storm force winds extended as far east as portions of the western Florida Panhandle.   ||Widespread tree and power line damage was reported across inland southeast Mississippi into inland southwest Alabama as these areas experienced sustained moderate to strong tropical storm force winds and frequent hurricane force wind gusts. Despite a lack of observations, peak gusts of 80 to 100 mph very likely occurred. In fact, the Mobile Regional Airport measured the highest wind gust in the local area of 91 mph. A station in Grove Hill measured a peak gust of 80 mph. Several counties in this area experienced near or 100% power outages. Many homes also suffered minor roof damage, with numerous homes suffering moderate to major damage, many of which were the result of trees falling onto homes.||The highest storm surge occurred in Mobile Bay, along the immediate shores of Baldwin County, as well as southern Mobile County along the Mississippi Sound, as well as Dauphin Island. Peak storm surge inundation was surveyed to be 7 to 9 feet across parts of Bayou La Batre and Coden, as well as the Baldwin County side of Mobile Bay from the Mobile Bay Causeway to south of Point Clear. A few isolated areas approached 10 feet, but these heights could have been contributed to by wave action. ||Flooding reports were isolated as the fast movement of the storm precluded excessive rainfall amounts. Rainfall totals of 3 to 6 inches were reported along and just to the right of the center across inland southeast Mississippi into inland southwest Alabama.  ||At the time of publication, there was not enough data available to calculate an estimate to storm total monetary damages.",NA,CSV
202010,28,1700,202010,28,2200,153475,924400,GULF OF MEXICO,85,2020,October,Marine Tropical Storm,Z,675,WATERS FROM OKALOOSA-WALTON COUNTY LINE TO PENSACOLA FL 20 TO 60 NM,85675,MOB,28-OCT-20 17:00:00,CST-6,28-OCT-20 22:00:00,0,0,0,0,NA,0.00K,Official NWS Observations,NA,NA,NA,NA,NA,NA,NA,NA,NA,NA,NA,NA,NA,NA,NA,NA,NA,NA,NA,NA,NA,"Hurricane Zeta made landfall in southeast Louisiana during the late afternoon hours of Wednesday, October 28th as a strong category 2 hurricane with maximum sustained winds of 110 mph. Zeta quickly raced northeast and moved across inland southeast Mississippi and inland southwest Alabama during the evening hours. Shortly after midnight, Thursday, October 29th, Zeta weakened to a tropical storm while moving across central Alabama. Since Zeta was moving at a rapid 25-30 mph across the area, it brought frequent hurricane force wind gusts and  extensive wind damage to inland southeast Mississippi and inland southwest Alabama. Hurricane force gusts extended as far east as coastal Alabama, which contributed to a significant storm surge that impacted portions of Mobile and Baldwin Counties. Sustained minimal tropical storm force winds extended as far east as portions of the western Florida Panhandle.   ||Widespread tree and power line damage was reported across inland southeast Mississippi into inland southwest Alabama as these areas experienced sustained moderate to strong tropical storm force winds and frequent hurricane force wind gusts. Despite a lack of observations, peak gusts of 80 to 100 mph very likely occurred. In fact, the Mobile Regional Airport measured the highest wind gust in the local area of 91 mph. A station in Grove Hill measured a peak gust of 80 mph. Several counties in this area experienced near or 100% power outages. Many homes also suffered minor roof damage, with numerous homes suffering moderate to major damage, many of which were the result of trees falling onto homes.||The highest storm surge occurred in Mobile Bay, along the immediate shores of Baldwin County, as well as southern Mobile County along the Mississippi Sound, as well as Dauphin Island. Peak storm surge inundation was surveyed to be 7 to 9 feet across parts of Bayou La Batre and Coden, as well as the Baldwin County side of Mobile Bay from the Mobile Bay Causeway to south of Point Clear. A few isolated areas approached 10 feet, but these heights could have been contributed to by wave action. ||Flooding reports were isolated as the fast movement of the storm precluded excessive rainfall amounts. Rainfall totals of 3 to 6 inches were reported along and just to the right of the center across inland southeast Mississippi into inland southwest Alabama.  ||At the time of publication, there was not enough data available to calculate an estimate to storm total monetary damages.",NA,CSV
202007,25,930,202007,25,1830,150373,913661,GULF OF MEXICO,85,2020,July,Marine Tropical Storm,Z,170,WATERS FROM PT MANSFIELD TO RIO GRANDE TX EXT FROM 20 TO 60NM,85170,BRO,25-JUL-20 09:30:00,CST-6,25-JUL-20 18:30:00,0,0,0,0,NA,NA,Buoy,NA,NA,NA,NA,NA,NA,NA,NA,NA,NA,NA,NA,NA,NA,NA,NA,NA,NA,NA,NA,NA,"As Hurricane Hanna moved across the western Gulf of Mexico and towards the South Texas coast on July 25th, it brought a period of tropical storm force and hurricane force winds and hazardous seas to the lower Texas coastal waters. The strongest winds were reported at the NDBC buoys 42020 and RSJT2, which are both in the coastal waters off of Kenedy County in Deep South Texas. The stronger winds were reported at these locations because they were closer to the center of Hurricane Hanna, which made landfall around 5 PM CDT midway down the coast of Kenedy County on July 25th. No injuries, fatalities, or damages to vessels have been reported at this time.","As Hurricane Hanna moved across the western Gulf of Mexico towards the South Texas coast, it brought a period of tropical storm-force winds to the Lower Texas coastal waters on July 25th. TABS Buoy K, which is located in this coastal zone, reported consistent tropical storm-force gusts from 9:30 CST to 18:30 CST.",CSV
202010,28,1700,202010,28,2200,153475,924399,GULF OF MEXICO,85,2020,October,Marine Tropical Storm,Z,650,COASTAL WATERS FROM PENSACOLA FL TO PASCAGOULA MS OUT 20 NM,85650,MOB,28-OCT-20 17:00:00,CST-6,28-OCT-20 22:00:00,0,0,0,0,NA,0.00K,Official NWS Observations,NA,NA,NA,NA,NA,NA,NA,NA,NA,NA,NA,NA,NA,NA,NA,NA,NA,NA,NA,NA,NA,"Hurricane Zeta made landfall in southeast Louisiana during the late afternoon hours of Wednesday, October 28th as a strong category 2 hurricane with maximum sustained winds of 110 mph. Zeta quickly raced northeast and moved across inland southeast Mississippi and inland southwest Alabama during the evening hours. Shortly after midnight, Thursday, October 29th, Zeta weakened to a tropical storm while moving across central Alabama. Since Zeta was moving at a rapid 25-30 mph across the area, it brought frequent hurricane force wind gusts and  extensive wind damage to inland southeast Mississippi and inland southwest Alabama. Hurricane force gusts extended as far east as coastal Alabama, which contributed to a significant storm surge that impacted portions of Mobile and Baldwin Counties. Sustained minimal tropical storm force winds extended as far east as portions of the western Florida Panhandle.   ||Widespread tree and power line damage was reported across inland southeast Mississippi into inland southwest Alabama as these areas experienced sustained moderate to strong tropical storm force winds and frequent hurricane force wind gusts. Despite a lack of observations, peak gusts of 80 to 100 mph very likely occurred. In fact, the Mobile Regional Airport measured the highest wind gust in the local area of 91 mph. A station in Grove Hill measured a peak gust of 80 mph. Several counties in this area experienced near or 100% power outages. Many homes also suffered minor roof damage, with numerous homes suffering moderate to major damage, many of which were the result of trees falling onto homes.||The highest storm surge occurred in Mobile Bay, along the immediate shores of Baldwin County, as well as southern Mobile County along the Mississippi Sound, as well as Dauphin Island. Peak storm surge inundation was surveyed to be 7 to 9 feet across parts of Bayou La Batre and Coden, as well as the Baldwin County side of Mobile Bay from the Mobile Bay Causeway to south of Point Clear. A few isolated areas approached 10 feet, but these heights could have been contributed to by wave action. ||Flooding reports were isolated as the fast movement of the storm precluded excessive rainfall amounts. Rainfall totals of 3 to 6 inches were reported along and just to the right of the center across inland southeast Mississippi into inland southwest Alabama.  ||At the time of publication, there was not enough data available to calculate an estimate to storm total monetary damages.",NA,CSV
202010,28,1700,202010,28,2200,153475,924401,GULF OF MEXICO,85,2020,October,Marine Tropical Storm,Z,670,WATERS FROM PENSACOLA FL TO PASCAGOULA MS FROM 20 TO 60 NM,85670,MOB,28-OCT-20 17:00:00,CST-6,28-OCT-20 22:00:00,0,0,0,0,NA,0.00K,Official NWS Observations,NA,NA,NA,NA,NA,NA,NA,NA,NA,NA,NA,NA,NA,NA,NA,NA,NA,NA,NA,NA,NA,"Hurricane Zeta made landfall in southeast Louisiana during the late afternoon hours of Wednesday, October 28th as a strong category 2 hurricane with maximum sustained winds of 110 mph. Zeta quickly raced northeast and moved across inland southeast Mississippi and inland southwest Alabama during the evening hours. Shortly after midnight, Thursday, October 29th, Zeta weakened to a tropical storm while moving across central Alabama. Since Zeta was moving at a rapid 25-30 mph across the area, it brought frequent hurricane force wind gusts and  extensive wind damage to inland southeast Mississippi and inland southwest Alabama. Hurricane force gusts extended as far east as coastal Alabama, which contributed to a significant storm surge that impacted portions of Mobile and Baldwin Counties. Sustained minimal tropical storm force winds extended as far east as portions of the western Florida Panhandle.   ||Widespread tree and power line damage was reported across inland southeast Mississippi into inland southwest Alabama as these areas experienced sustained moderate to strong tropical storm force winds and frequent hurricane force wind gusts. Despite a lack of observations, peak gusts of 80 to 100 mph very likely occurred. In fact, the Mobile Regional Airport measured the highest wind gust in the local area of 91 mph. A station in Grove Hill measured a peak gust of 80 mph. Several counties in this area experienced near or 100% power outages. Many homes also suffered minor roof damage, with numerous homes suffering moderate to major damage, many of which were the result of trees falling onto homes.||The highest storm surge occurred in Mobile Bay, along the immediate shores of Baldwin County, as well as southern Mobile County along the Mississippi Sound, as well as Dauphin Island. Peak storm surge inundation was surveyed to be 7 to 9 feet across parts of Bayou La Batre and Coden, as well as the Baldwin County side of Mobile Bay from the Mobile Bay Causeway to south of Point Clear. A few isolated areas approached 10 feet, but these heights could have been contributed to by wave action. ||Flooding reports were isolated as the fast movement of the storm precluded excessive rainfall amounts. Rainfall totals of 3 to 6 inches were reported along and just to the right of the center across inland southeast Mississippi into inland southwest Alabama.  ||At the time of publication, there was not enough data available to calculate an estimate to storm total monetary damages.",NA,CSV
202010,28,1700,202010,29,0,153475,924403,GULF OF MEXICO,85,2020,October,Marine Tropical Storm,Z,632,MISSISSIPPI SOUND,85632,MOB,28-OCT-20 17:00:00,CST-6,29-OCT-20 00:00:00,0,0,0,0,NA,0.00K,Official NWS Observations,NA,NA,NA,NA,NA,NA,NA,NA,NA,NA,NA,NA,NA,NA,NA,NA,NA,NA,NA,NA,NA,"Hurricane Zeta made landfall in southeast Louisiana during the late afternoon hours of Wednesday, October 28th as a strong category 2 hurricane with maximum sustained winds of 110 mph. Zeta quickly raced northeast and moved across inland southeast Mississippi and inland southwest Alabama during the evening hours. Shortly after midnight, Thursday, October 29th, Zeta weakened to a tropical storm while moving across central Alabama. Since Zeta was moving at a rapid 25-30 mph across the area, it brought frequent hurricane force wind gusts and  extensive wind damage to inland southeast Mississippi and inland southwest Alabama. Hurricane force gusts extended as far east as coastal Alabama, which contributed to a significant storm surge that impacted portions of Mobile and Baldwin Counties. Sustained minimal tropical storm force winds extended as far east as portions of the western Florida Panhandle.   ||Widespread tree and power line damage was reported across inland southeast Mississippi into inland southwest Alabama as these areas experienced sustained moderate to strong tropical storm force winds and frequent hurricane force wind gusts. Despite a lack of observations, peak gusts of 80 to 100 mph very likely occurred. In fact, the Mobile Regional Airport measured the highest wind gust in the local area of 91 mph. A station in Grove Hill measured a peak gust of 80 mph. Several counties in this area experienced near or 100% power outages. Many homes also suffered minor roof damage, with numerous homes suffering moderate to major damage, many of which were the result of trees falling onto homes.||The highest storm surge occurred in Mobile Bay, along the immediate shores of Baldwin County, as well as southern Mobile County along the Mississippi Sound, as well as Dauphin Island. Peak storm surge inundation was surveyed to be 7 to 9 feet across parts of Bayou La Batre and Coden, as well as the Baldwin County side of Mobile Bay from the Mobile Bay Causeway to south of Point Clear. A few isolated areas approached 10 feet, but these heights could have been contributed to by wave action. ||Flooding reports were isolated as the fast movement of the storm precluded excessive rainfall amounts. Rainfall totals of 3 to 6 inches were reported along and just to the right of the center across inland southeast Mississippi into inland southwest Alabama.  ||At the time of publication, there was not enough data available to calculate an estimate to storm total monetary damages.",NA,CSV
202010,28,1700,202010,29,0,153475,924404,GULF OF MEXICO,85,2020,October,Marine Tropical Storm,Z,630,NORTH MOBILE BAY,85630,MOB,28-OCT-20 17:00:00,CST-6,29-OCT-20 00:00:00,0,0,0,0,NA,0.00K,Official NWS Observations,NA,NA,NA,NA,NA,NA,NA,NA,NA,NA,NA,NA,NA,NA,NA,NA,NA,NA,NA,NA,NA,"Hurricane Zeta made landfall in southeast Louisiana during the late afternoon hours of Wednesday, October 28th as a strong category 2 hurricane with maximum sustained winds of 110 mph. Zeta quickly raced northeast and moved across inland southeast Mississippi and inland southwest Alabama during the evening hours. Shortly after midnight, Thursday, October 29th, Zeta weakened to a tropical storm while moving across central Alabama. Since Zeta was moving at a rapid 25-30 mph across the area, it brought frequent hurricane force wind gusts and  extensive wind damage to inland southeast Mississippi and inland southwest Alabama. Hurricane force gusts extended as far east as coastal Alabama, which contributed to a significant storm surge that impacted portions of Mobile and Baldwin Counties. Sustained minimal tropical storm force winds extended as far east as portions of the western Florida Panhandle.   ||Widespread tree and power line damage was reported across inland southeast Mississippi into inland southwest Alabama as these areas experienced sustained moderate to strong tropical storm force winds and frequent hurricane force wind gusts. Despite a lack of observations, peak gusts of 80 to 100 mph very likely occurred. In fact, the Mobile Regional Airport measured the highest wind gust in the local area of 91 mph. A station in Grove Hill measured a peak gust of 80 mph. Several counties in this area experienced near or 100% power outages. Many homes also suffered minor roof damage, with numerous homes suffering moderate to major damage, many of which were the result of trees falling onto homes.||The highest storm surge occurred in Mobile Bay, along the immediate shores of Baldwin County, as well as southern Mobile County along the Mississippi Sound, as well as Dauphin Island. Peak storm surge inundation was surveyed to be 7 to 9 feet across parts of Bayou La Batre and Coden, as well as the Baldwin County side of Mobile Bay from the Mobile Bay Causeway to south of Point Clear. A few isolated areas approached 10 feet, but these heights could have been contributed to by wave action. ||Flooding reports were isolated as the fast movement of the storm precluded excessive rainfall amounts. Rainfall totals of 3 to 6 inches were reported along and just to the right of the center across inland southeast Mississippi into inland southwest Alabama.  ||At the time of publication, there was not enough data available to calculate an estimate to storm total monetary damages.",NA,CSV
202010,28,1700,202010,29,0,153475,924405,GULF OF MEXICO,85,2020,October,Marine Tropical Storm,Z,631,SOUTH MOBILE BAY,85631,MOB,28-OCT-20 17:00:00,CST-6,29-OCT-20 00:00:00,0,0,0,0,NA,0.00K,Official NWS Observations,NA,NA,NA,NA,NA,NA,NA,NA,NA,NA,NA,NA,NA,NA,NA,NA,NA,NA,NA,NA,NA,"Hurricane Zeta made landfall in southeast Louisiana during the late afternoon hours of Wednesday, October 28th as a strong category 2 hurricane with maximum sustained winds of 110 mph. Zeta quickly raced northeast and moved across inland southeast Mississippi and inland southwest Alabama during the evening hours. Shortly after midnight, Thursday, October 29th, Zeta weakened to a tropical storm while moving across central Alabama. Since Zeta was moving at a rapid 25-30 mph across the area, it brought frequent hurricane force wind gusts and  extensive wind damage to inland southeast Mississippi and inland southwest Alabama. Hurricane force gusts extended as far east as coastal Alabama, which contributed to a significant storm surge that impacted portions of Mobile and Baldwin Counties. Sustained minimal tropical storm force winds extended as far east as portions of the western Florida Panhandle.   ||Widespread tree and power line damage was reported across inland southeast Mississippi into inland southwest Alabama as these areas experienced sustained moderate to strong tropical storm force winds and frequent hurricane force wind gusts. Despite a lack of observations, peak gusts of 80 to 100 mph very likely occurred. In fact, the Mobile Regional Airport measured the highest wind gust in the local area of 91 mph. A station in Grove Hill measured a peak gust of 80 mph. Several counties in this area experienced near or 100% power outages. Many homes also suffered minor roof damage, with numerous homes suffering moderate to major damage, many of which were the result of trees falling onto homes.||The highest storm surge occurred in Mobile Bay, along the immediate shores of Baldwin County, as well as southern Mobile County along the Mississippi Sound, as well as Dauphin Island. Peak storm surge inundation was surveyed to be 7 to 9 feet across parts of Bayou La Batre and Coden, as well as the Baldwin County side of Mobile Bay from the Mobile Bay Causeway to south of Point Clear. A few isolated areas approached 10 feet, but these heights could have been contributed to by wave action. ||Flooding reports were isolated as the fast movement of the storm precluded excessive rainfall amounts. Rainfall totals of 3 to 6 inches were reported along and just to the right of the center across inland southeast Mississippi into inland southwest Alabama.  ||At the time of publication, there was not enough data available to calculate an estimate to storm total monetary damages.",NA,CSV
202010,28,2000,202010,29,100,153475,924408,GULF OF MEXICO,85,2020,October,Marine Tropical Storm,Z,636,EASTERN CHOCTAWATCHEE BAY,85636,MOB,28-OCT-20 20:00:00,CST-6,29-OCT-20 01:00:00,0,0,0,0,NA,0.00K,Official NWS Observations,NA,NA,NA,NA,NA,NA,NA,NA,NA,NA,NA,NA,NA,NA,NA,NA,NA,NA,NA,NA,NA,"Hurricane Zeta made landfall in southeast Louisiana during the late afternoon hours of Wednesday, October 28th as a strong category 2 hurricane with maximum sustained winds of 110 mph. Zeta quickly raced northeast and moved across inland southeast Mississippi and inland southwest Alabama during the evening hours. Shortly after midnight, Thursday, October 29th, Zeta weakened to a tropical storm while moving across central Alabama. Since Zeta was moving at a rapid 25-30 mph across the area, it brought frequent hurricane force wind gusts and  extensive wind damage to inland southeast Mississippi and inland southwest Alabama. Hurricane force gusts extended as far east as coastal Alabama, which contributed to a significant storm surge that impacted portions of Mobile and Baldwin Counties. Sustained minimal tropical storm force winds extended as far east as portions of the western Florida Panhandle.   ||Widespread tree and power line damage was reported across inland southeast Mississippi into inland southwest Alabama as these areas experienced sustained moderate to strong tropical storm force winds and frequent hurricane force wind gusts. Despite a lack of observations, peak gusts of 80 to 100 mph very likely occurred. In fact, the Mobile Regional Airport measured the highest wind gust in the local area of 91 mph. A station in Grove Hill measured a peak gust of 80 mph. Several counties in this area experienced near or 100% power outages. Many homes also suffered minor roof damage, with numerous homes suffering moderate to major damage, many of which were the result of trees falling onto homes.||The highest storm surge occurred in Mobile Bay, along the immediate shores of Baldwin County, as well as southern Mobile County along the Mississippi Sound, as well as Dauphin Island. Peak storm surge inundation was surveyed to be 7 to 9 feet across parts of Bayou La Batre and Coden, as well as the Baldwin County side of Mobile Bay from the Mobile Bay Causeway to south of Point Clear. A few isolated areas approached 10 feet, but these heights could have been contributed to by wave action. ||Flooding reports were isolated as the fast movement of the storm precluded excessive rainfall amounts. Rainfall totals of 3 to 6 inches were reported along and just to the right of the center across inland southeast Mississippi into inland southwest Alabama.  ||At the time of publication, there was not enough data available to calculate an estimate to storm total monetary damages.",NA,CSV
202010,28,2000,202010,29,100,153475,924409,GULF OF MEXICO,85,2020,October,Marine Tropical Storm,Z,635,WESTERN CHOCTAWATCHEE BAY,85635,MOB,28-OCT-20 20:00:00,CST-6,29-OCT-20 01:00:00,0,0,0,0,NA,0.00K,Official NWS Observations,NA,NA,NA,NA,NA,NA,NA,NA,NA,NA,NA,NA,NA,NA,NA,NA,NA,NA,NA,NA,NA,"Hurricane Zeta made landfall in southeast Louisiana during the late afternoon hours of Wednesday, October 28th as a strong category 2 hurricane with maximum sustained winds of 110 mph. Zeta quickly raced northeast and moved across inland southeast Mississippi and inland southwest Alabama during the evening hours. Shortly after midnight, Thursday, October 29th, Zeta weakened to a tropical storm while moving across central Alabama. Since Zeta was moving at a rapid 25-30 mph across the area, it brought frequent hurricane force wind gusts and  extensive wind damage to inland southeast Mississippi and inland southwest Alabama. Hurricane force gusts extended as far east as coastal Alabama, which contributed to a significant storm surge that impacted portions of Mobile and Baldwin Counties. Sustained minimal tropical storm force winds extended as far east as portions of the western Florida Panhandle.   ||Widespread tree and power line damage was reported across inland southeast Mississippi into inland southwest Alabama as these areas experienced sustained moderate to strong tropical storm force winds and frequent hurricane force wind gusts. Despite a lack of observations, peak gusts of 80 to 100 mph very likely occurred. In fact, the Mobile Regional Airport measured the highest wind gust in the local area of 91 mph. A station in Grove Hill measured a peak gust of 80 mph. Several counties in this area experienced near or 100% power outages. Many homes also suffered minor roof damage, with numerous homes suffering moderate to major damage, many of which were the result of trees falling onto homes.||The highest storm surge occurred in Mobile Bay, along the immediate shores of Baldwin County, as well as southern Mobile County along the Mississippi Sound, as well as Dauphin Island. Peak storm surge inundation was surveyed to be 7 to 9 feet across parts of Bayou La Batre and Coden, as well as the Baldwin County side of Mobile Bay from the Mobile Bay Causeway to south of Point Clear. A few isolated areas approached 10 feet, but these heights could have been contributed to by wave action. ||Flooding reports were isolated as the fast movement of the storm precluded excessive rainfall amounts. Rainfall totals of 3 to 6 inches were reported along and just to the right of the center across inland southeast Mississippi into inland southwest Alabama.  ||At the time of publication, there was not enough data available to calculate an estimate to storm total monetary damages.",NA,CSV
202010,28,2000,202010,28,2200,153475,924464,GULF OF MEXICO,85,2020,October,Marine Tropical Storm,Z,634,PENSACOLA BAY AREA INCLUDING SANTA ROSA SOUND,85634,MOB,28-OCT-20 20:00:00,CST-6,28-OCT-20 22:00:00,0,0,0,0,NA,0.00K,Official NWS Observations,NA,NA,NA,NA,NA,NA,NA,NA,NA,NA,NA,NA,NA,NA,NA,NA,NA,NA,NA,NA,NA,"Hurricane Zeta made landfall in southeast Louisiana during the late afternoon hours of Wednesday, October 28th as a strong category 2 hurricane with maximum sustained winds of 110 mph. Zeta quickly raced northeast and moved across inland southeast Mississippi and inland southwest Alabama during the evening hours. Shortly after midnight, Thursday, October 29th, Zeta weakened to a tropical storm while moving across central Alabama. Since Zeta was moving at a rapid 25-30 mph across the area, it brought frequent hurricane force wind gusts and  extensive wind damage to inland southeast Mississippi and inland southwest Alabama. Hurricane force gusts extended as far east as coastal Alabama, which contributed to a significant storm surge that impacted portions of Mobile and Baldwin Counties. Sustained minimal tropical storm force winds extended as far east as portions of the western Florida Panhandle.   ||Widespread tree and power line damage was reported across inland southeast Mississippi into inland southwest Alabama as these areas experienced sustained moderate to strong tropical storm force winds and frequent hurricane force wind gusts. Despite a lack of observations, peak gusts of 80 to 100 mph very likely occurred. In fact, the Mobile Regional Airport measured the highest wind gust in the local area of 91 mph. A station in Grove Hill measured a peak gust of 80 mph. Several counties in this area experienced near or 100% power outages. Many homes also suffered minor roof damage, with numerous homes suffering moderate to major damage, many of which were the result of trees falling onto homes.||The highest storm surge occurred in Mobile Bay, along the immediate shores of Baldwin County, as well as southern Mobile County along the Mississippi Sound, as well as Dauphin Island. Peak storm surge inundation was surveyed to be 7 to 9 feet across parts of Bayou La Batre and Coden, as well as the Baldwin County side of Mobile Bay from the Mobile Bay Causeway to south of Point Clear. A few isolated areas approached 10 feet, but these heights could have been contributed to by wave action. ||Flooding reports were isolated as the fast movement of the storm precluded excessive rainfall amounts. Rainfall totals of 3 to 6 inches were reported along and just to the right of the center across inland southeast Mississippi into inland southwest Alabama.  ||At the time of publication, there was not enough data available to calculate an estimate to storm total monetary damages.",NA,CSV
202010,28,2000,202010,28,2200,153475,924465,GULF OF MEXICO,85,2020,October,Marine Tropical Storm,Z,633,PERDIDO BAY AREA,85633,MOB,28-OCT-20 20:00:00,CST-6,28-OCT-20 22:00:00,0,0,0,0,NA,0.00K,Official NWS Observations,NA,NA,NA,NA,NA,NA,NA,NA,NA,NA,NA,NA,NA,NA,NA,NA,NA,NA,NA,NA,NA,"Hurricane Zeta made landfall in southeast Louisiana during the late afternoon hours of Wednesday, October 28th as a strong category 2 hurricane with maximum sustained winds of 110 mph. Zeta quickly raced northeast and moved across inland southeast Mississippi and inland southwest Alabama during the evening hours. Shortly after midnight, Thursday, October 29th, Zeta weakened to a tropical storm while moving across central Alabama. Since Zeta was moving at a rapid 25-30 mph across the area, it brought frequent hurricane force wind gusts and  extensive wind damage to inland southeast Mississippi and inland southwest Alabama. Hurricane force gusts extended as far east as coastal Alabama, which contributed to a significant storm surge that impacted portions of Mobile and Baldwin Counties. Sustained minimal tropical storm force winds extended as far east as portions of the western Florida Panhandle.   ||Widespread tree and power line damage was reported across inland southeast Mississippi into inland southwest Alabama as these areas experienced sustained moderate to strong tropical storm force winds and frequent hurricane force wind gusts. Despite a lack of observations, peak gusts of 80 to 100 mph very likely occurred. In fact, the Mobile Regional Airport measured the highest wind gust in the local area of 91 mph. A station in Grove Hill measured a peak gust of 80 mph. Several counties in this area experienced near or 100% power outages. Many homes also suffered minor roof damage, with numerous homes suffering moderate to major damage, many of which were the result of trees falling onto homes.||The highest storm surge occurred in Mobile Bay, along the immediate shores of Baldwin County, as well as southern Mobile County along the Mississippi Sound, as well as Dauphin Island. Peak storm surge inundation was surveyed to be 7 to 9 feet across parts of Bayou La Batre and Coden, as well as the Baldwin County side of Mobile Bay from the Mobile Bay Causeway to south of Point Clear. A few isolated areas approached 10 feet, but these heights could have been contributed to by wave action. ||Flooding reports were isolated as the fast movement of the storm precluded excessive rainfall amounts. Rainfall totals of 3 to 6 inches were reported along and just to the right of the center across inland southeast Mississippi into inland southwest Alabama.  ||At the time of publication, there was not enough data available to calculate an estimate to storm total monetary damages.",NA,CSV
202007,25,1100,202007,25,2100,150373,913665,GULF OF MEXICO,85,2020,July,Marine Tropical Storm,Z,150,COASTAL WATERS FROM PT MANSFIELD TO RIO GRANDE RIVER TX OUT 20NM,85150,BRO,25-JUL-20 11:00:00,CST-6,25-JUL-20 21:00:00,0,0,0,0,NA,NA,Buoy,NA,NA,NA,NA,NA,NA,NA,NA,NA,NA,NA,NA,NA,NA,NA,NA,NA,NA,NA,NA,NA,"As Hurricane Hanna moved across the western Gulf of Mexico and towards the South Texas coast on July 25th, it brought a period of tropical storm force and hurricane force winds and hazardous seas to the lower Texas coastal waters. The strongest winds were reported at the NDBC buoys 42020 and RSJT2, which are both in the coastal waters off of Kenedy County in Deep South Texas. The stronger winds were reported at these locations because they were closer to the center of Hurricane Hanna, which made landfall around 5 PM CDT midway down the coast of Kenedy County on July 25th. No injuries, fatalities, or damages to vessels have been reported at this time.","As Hurricane Hanna moved across the western Gulf of Mexico towards the South Texas coast, it brought a period of tropical storm-force winds to the Lower Texas coastal waters on July 25th. TABS Buoy K, which is located to the east of this coastal zone, reported consistent tropical storm-force gusts from 9:30 CST to 18:30 CST, and RLIT2 located to west reported tropical storm-force winds from 12:42 CST tp 23:06. Therefore, by proxy, the estimated time-frame that tropical storm-force winds occurred in this marine zone is from 11:00 CST to 21:00 CST.",CSV
202007,25,1242,202007,25,2306,150373,913671,GULF OF MEXICO,85,2020,July,Marine Tropical Storm,Z,130,LAGUNA MADRE FROM PORT OF BROWNSVILLE TO ARROYO COLORADO,85130,BRO,25-JUL-20 12:42:00,CST-6,25-JUL-20 23:06:00,0,0,0,0,NA,NA,Buoy,NA,NA,NA,NA,NA,NA,NA,NA,NA,NA,NA,NA,NA,NA,NA,NA,NA,NA,NA,NA,NA,"As Hurricane Hanna moved across the western Gulf of Mexico and towards the South Texas coast on July 25th, it brought a period of tropical storm force and hurricane force winds and hazardous seas to the lower Texas coastal waters. The strongest winds were reported at the NDBC buoys 42020 and RSJT2, which are both in the coastal waters off of Kenedy County in Deep South Texas. The stronger winds were reported at these locations because they were closer to the center of Hurricane Hanna, which made landfall around 5 PM CDT midway down the coast of Kenedy County on July 25th. No injuries, fatalities, or damages to vessels have been reported at this time.","As Hurricane Hanna moved across the western Gulf of Mexico towards the South Texas coast, it brought a period of tropical storm-force winds to the Lower Texas coastal waters on July 25th. Buoy RLIT2, which is located in this coastal zone, reported sustained tropical storm-force winds and gusts from 12:42 CST to 23:06 CST. Buoys PCGT2 and BZST2 also reported tropical storm-force winds for at least 2 consecutive hours at some point in this time range, but were not as strong or long lasting at RLIT2 due to their more southern locations, which were located further away from the center of the storm.",CSV
202011,8,2054,202011,9,1439,153602,927541,GULF OF MEXICO,85,2020,November,Marine Tropical Storm,Z,836,CHARLOTTE HARBOR AND PINE ISLAND SOUND,85836,TBW,08-NOV-20 20:54:00,EST-5,09-NOV-20 14:39:00,0,0,0,0,0.00K,0.00K,Mesonet,NA,NA,NA,NA,NA,NA,NA,NA,NA,NA,NA,NA,NA,NA,NA,NA,NA,NA,NA,NA,NA,"Hurricane Eta originated from a tropical depression that formed in the central Caribbean Sea on October 31st. The depression strengthened into Tropical Storm Eta later that day and continued rapid intensification to major hurricane status on November 2nd while moving westward across the western Caribbean, reaching peak intensity of 150 mph and 923 mb on November 3rd, before making landfall near Puerto Cabezas, Nicaragua. Eta meandered across Nicaragua and Honduras while weakening to a tropical depression through November 5th before emerging over the northwest Caribbean Sea while gradually turning northeast. Eta regained tropical storm status on November 6th and made landfall in Cuba on the 7th, emerged in the Florida Straits and turned westward on the 8th before making landfall in the Florida Keys later that day. The storm made a southwest jog into the southeastern Gulf of Mexico on the 9th before it briefly stalled then turned northward on the 10th. Eta accelerated north-northeast across the eastern Gulf toward the western Florida coast and briefly strengthened to a minimal hurricane during the early morning hours on the 11th, reaching a second peak of 75 mph and 983 mb while centered about 170 miles south-southwest of Tampa. Eta then weakened to a tropical storm as it approached the peninsula and made landfall on November 12th near Cedar Key around 4 AM EST with maximum sustained winds of 50 mph and a minimum central pressure of 996 mb.||The highest measured wind gust in west central Florida was 60 mph at Punta Gorda (KPGD) in Charlotte County. Greatest water level rises occurred at Old Port Tampa in Hillsborough County, where a peak of 3.87 ft MHHW was observed. Area rainfall amounts were generally in the 5- to 10-inch range, with a maximum storm total rainfall amount of 10.39 inches recorded near Sun City Center in Hillsborough County.||Levy County- In Levy County the highest wind reported from Hurricane Eta was a gust of 50 mph at a mesonet site on Cedar Key. Rainfall was below 5 inches across the area with no significant damage being reported. The maximum storm surge was 2.10 ft MHHW in Cedar Key.||Citrus County- In Citrus County the highest wind reported from Hurricane Eta was a gust of 53 mph at a mesonet site in Crystal River. Rainfall was below 5 inches across the area with the highest total being 3.64 inches in Inverness. No significant damage was reported. ||Hernando County- In Hernando County the highest wind reported from Hurricane Eta was a gust of 48 mph at a mesonet site in Weeki Wachee. Rainfall was below 5 inches across the area with the highest total being 3.18 inches at the Brooksville-Tampa Regional Airport.  No significant damage was reported. ||Pasco County- In Pasco County the highest wind reported from Hurricane Eta was a gust of 44 mph at the AWOS located at the Zephyrhills Municipal Airport. Rainfall was generally around 5 inches across the area with the highest total being 5.05 inches in Holiday.  No significant damage was reported.  ||Pinellas County-In Pinellas County the highest wind reported from Hurricane Eta was a gust of 60 mph at the weather flow site on Clearwater Beach. Rainfall was generally above 5 inches with the highest rain total being 9.11 inches at a site in St. Petersburg. The wind resulted in many homes being damaged, as well as knocking over trees and power lines. There was also significant beach erosion along southwest facing beaches from Redington Shore to Pass-a-Grill. Pinellas County Emergency Management reported 88 homes with major damage, 621 homes with minor damage, and 1,496 other homes being affected. The total property damage by Eta in Pinellas County was estimated at $40.1 million. The maximum storm surge was 3.47 ft MHHW at St. Pete Beach. ||Hillsborough County- In Hillsborough County the highest wind reported from Hurricane Eta was a gust of 59 mph at the weather flow site at the Tampa Bay Cut. Rainfall was generally above 5 inches, with the highest rain total being 10.39 inches at a site in Sun City Center. The wind resulted in some homes being damaged, as well as knocking over trees and power lines. Hillsborough County Emergency Management reported  8 homes with major damage, 15 homes with minor damage, and 10 other homes being affected. The total property damage by Eta in Hillsborough county was estimated at $485,00. The maximum storm surge was 3.87 ft MHHW at Old Port Tampa. ||Manatee County-In Manatee County the highest wind reported from Hurricane Eta was a gust of 54 mph at the ASOS site at Sarasota-Bradenton International Airport. Rainfall was generally above 5 inches, with the highest rain total being 8.10 inches at a site in South Bradenton. The wind and salt water flooding resulted in some homes being damaged, as well as knocking over trees and power lines. There was also significant beach erosion along barrier island from Anna Maria Island to Long Key. Manatee County Emergency Management reported 6 homes with major damage, 27 homes with minor damage, and 99 other homes being affected. An EF-0 tornado was also found to have briefly touched down near Myakka causing porch damage to one home. The total property damage by Eta in Manatee County was estimated at $10.3 million.  The maximum storm surge was 3.03 ft MHHW at Port Manatee. There was one indirect fatality reported in Bradenton Beach when a man was electrocuted when he touched an appliance while standing in water that had entered his house.||Sarasota County-In Sarasota County the highest wind reported from Hurricane Eta was a gust of 57 mph at the AWOS site at Venice Municipal Airport. Rainfall was generally around 5 inches, with the highest rain total being 6.23 inches at Sarasota-Bradenton International Airport. The wind caused some damage to homes, as well as knocking over trees and power lines. Also, storm surge caused the first floor of multiple hotels on Lido Key to be evacuated and caused damage to parking lots and jetties in the area.  The National Weather Service estimates about $500,000 in damages in the county.  ||Charlotte County- In Charlotte County the highest wind reported from Hurricane Eta was a gust of 60 mph at the ASOS at Punta Gorda Airport. Rainfall was generally below 5 inches, with the highest rain total being 4.58 inches at a site in Rotonda. The wind caused some damage to homes, as well as knocking down a few trees and power lines. Also, storm surge caused beach erosion and flooded streets and parking lots near Punta Gorda, Manasota Key, and Englewood Beach areas.  The National Weather Service estimates about $100,000 in damages in the county. ||Lee County- In Lee County the highest wind reported from Hurricane Eta was a gust of 52 mph at the ASOS at Southwest Florida International Airport. Rainfall was generally below 5 inches, with the highest rain total being 4.77 at the Southwest Florida International Airport. The wind caused some damage to homes, as well as knocking down a few trees and power lines. Also, salt water flooding was observed on south exposed beaches and nearby homes. The National Weather Service estimates about $100,000 in damages in the county. The maximum storm surge was 2.74 ft MHHW in Fort Myers.||Sumter County- In Sumter County no tropical storm wind speeds were recorded. Rainfall was generally around 5 inches across the area with the highest total being 5.51 inches in Wildwood.  No damage being reports. ||Polk County- In Polk County the highest wind reported from Hurricane Eta was a gust of 44 mph at the ASOS located at the Lakeland Linder Regional Airport. Rainfall was generally below 5 inches across the area with the highest total being 4.31 inches in Lakeland.  No damage being reports. ||Hardee County- In Hardee County there was no tropical storm force winds recorded. Rainfall was generally below 5 inches and no significant damage was reported. ||Desoto County- In Desoto County there was no tropical storm force winds recorded. Rainfall was generally below 5 inches and no significant damage was reported. ||Highlands County- In Highlands County the highest wind reported from Hurricane Eta was a gust of 39 mph at the AWOS located at the Sebring Regional Airport. Rainfall was generally below 5 inches across the area.  No damage being reports.","Hurricane Eta formed in the central Caribbean Sea on October��31st and moved through the Caribbean Sea and the Gulf of Mexico making four separate landfalls. The first landfall was in Puerto Cabezas, Nicaragua��before re emerging and making landfall in Cuba and the Florida Keys. Eta made its final landfall in the early morning hours on Nov��12th in Cedar Key with maximum wind speeds of 50 mph and a pressure of 996mb. A wind gust of 51 mph/44 kts was recorded at a mesonet station DW9045 near Port Charlotte.",CSV
202011,8,2054,202011,9,1439,153602,927542,GULF OF MEXICO,85,2020,November,Marine Tropical Storm,Z,853,ENGLEWOOD TO TARPON SPRINGS FL OUT 20NM,85853,TBW,08-NOV-20 20:54:00,EST-5,09-NOV-20 14:39:00,0,0,0,0,0.00K,0.00K,AWOS,NA,NA,NA,NA,NA,NA,NA,NA,NA,NA,NA,NA,NA,NA,NA,NA,NA,NA,NA,NA,NA,"Hurricane Eta originated from a tropical depression that formed in the central Caribbean Sea on October 31st. The depression strengthened into Tropical Storm Eta later that day and continued rapid intensification to major hurricane status on November 2nd while moving westward across the western Caribbean, reaching peak intensity of 150 mph and 923 mb on November 3rd, before making landfall near Puerto Cabezas, Nicaragua. Eta meandered across Nicaragua and Honduras while weakening to a tropical depression through November 5th before emerging over the northwest Caribbean Sea while gradually turning northeast. Eta regained tropical storm status on November 6th and made landfall in Cuba on the 7th, emerged in the Florida Straits and turned westward on the 8th before making landfall in the Florida Keys later that day. The storm made a southwest jog into the southeastern Gulf of Mexico on the 9th before it briefly stalled then turned northward on the 10th. Eta accelerated north-northeast across the eastern Gulf toward the western Florida coast and briefly strengthened to a minimal hurricane during the early morning hours on the 11th, reaching a second peak of 75 mph and 983 mb while centered about 170 miles south-southwest of Tampa. Eta then weakened to a tropical storm as it approached the peninsula and made landfall on November 12th near Cedar Key around 4 AM EST with maximum sustained winds of 50 mph and a minimum central pressure of 996 mb.||The highest measured wind gust in west central Florida was 60 mph at Punta Gorda (KPGD) in Charlotte County. Greatest water level rises occurred at Old Port Tampa in Hillsborough County, where a peak of 3.87 ft MHHW was observed. Area rainfall amounts were generally in the 5- to 10-inch range, with a maximum storm total rainfall amount of 10.39 inches recorded near Sun City Center in Hillsborough County.||Levy County- In Levy County the highest wind reported from Hurricane Eta was a gust of 50 mph at a mesonet site on Cedar Key. Rainfall was below 5 inches across the area with no significant damage being reported. The maximum storm surge was 2.10 ft MHHW in Cedar Key.||Citrus County- In Citrus County the highest wind reported from Hurricane Eta was a gust of 53 mph at a mesonet site in Crystal River. Rainfall was below 5 inches across the area with the highest total being 3.64 inches in Inverness. No significant damage was reported. ||Hernando County- In Hernando County the highest wind reported from Hurricane Eta was a gust of 48 mph at a mesonet site in Weeki Wachee. Rainfall was below 5 inches across the area with the highest total being 3.18 inches at the Brooksville-Tampa Regional Airport.  No significant damage was reported. ||Pasco County- In Pasco County the highest wind reported from Hurricane Eta was a gust of 44 mph at the AWOS located at the Zephyrhills Municipal Airport. Rainfall was generally around 5 inches across the area with the highest total being 5.05 inches in Holiday.  No significant damage was reported.  ||Pinellas County-In Pinellas County the highest wind reported from Hurricane Eta was a gust of 60 mph at the weather flow site on Clearwater Beach. Rainfall was generally above 5 inches with the highest rain total being 9.11 inches at a site in St. Petersburg. The wind resulted in many homes being damaged, as well as knocking over trees and power lines. There was also significant beach erosion along southwest facing beaches from Redington Shore to Pass-a-Grill. Pinellas County Emergency Management reported 88 homes with major damage, 621 homes with minor damage, and 1,496 other homes being affected. The total property damage by Eta in Pinellas County was estimated at $40.1 million. The maximum storm surge was 3.47 ft MHHW at St. Pete Beach. ||Hillsborough County- In Hillsborough County the highest wind reported from Hurricane Eta was a gust of 59 mph at the weather flow site at the Tampa Bay Cut. Rainfall was generally above 5 inches, with the highest rain total being 10.39 inches at a site in Sun City Center. The wind resulted in some homes being damaged, as well as knocking over trees and power lines. Hillsborough County Emergency Management reported  8 homes with major damage, 15 homes with minor damage, and 10 other homes being affected. The total property damage by Eta in Hillsborough county was estimated at $485,00. The maximum storm surge was 3.87 ft MHHW at Old Port Tampa. ||Manatee County-In Manatee County the highest wind reported from Hurricane Eta was a gust of 54 mph at the ASOS site at Sarasota-Bradenton International Airport. Rainfall was generally above 5 inches, with the highest rain total being 8.10 inches at a site in South Bradenton. The wind and salt water flooding resulted in some homes being damaged, as well as knocking over trees and power lines. There was also significant beach erosion along barrier island from Anna Maria Island to Long Key. Manatee County Emergency Management reported 6 homes with major damage, 27 homes with minor damage, and 99 other homes being affected. An EF-0 tornado was also found to have briefly touched down near Myakka causing porch damage to one home. The total property damage by Eta in Manatee County was estimated at $10.3 million.  The maximum storm surge was 3.03 ft MHHW at Port Manatee. There was one indirect fatality reported in Bradenton Beach when a man was electrocuted when he touched an appliance while standing in water that had entered his house.||Sarasota County-In Sarasota County the highest wind reported from Hurricane Eta was a gust of 57 mph at the AWOS site at Venice Municipal Airport. Rainfall was generally around 5 inches, with the highest rain total being 6.23 inches at Sarasota-Bradenton International Airport. The wind caused some damage to homes, as well as knocking over trees and power lines. Also, storm surge caused the first floor of multiple hotels on Lido Key to be evacuated and caused damage to parking lots and jetties in the area.  The National Weather Service estimates about $500,000 in damages in the county.  ||Charlotte County- In Charlotte County the highest wind reported from Hurricane Eta was a gust of 60 mph at the ASOS at Punta Gorda Airport. Rainfall was generally below 5 inches, with the highest rain total being 4.58 inches at a site in Rotonda. The wind caused some damage to homes, as well as knocking down a few trees and power lines. Also, storm surge caused beach erosion and flooded streets and parking lots near Punta Gorda, Manasota Key, and Englewood Beach areas.  The National Weather Service estimates about $100,000 in damages in the county. ||Lee County- In Lee County the highest wind reported from Hurricane Eta was a gust of 52 mph at the ASOS at Southwest Florida International Airport. Rainfall was generally below 5 inches, with the highest rain total being 4.77 at the Southwest Florida International Airport. The wind caused some damage to homes, as well as knocking down a few trees and power lines. Also, salt water flooding was observed on south exposed beaches and nearby homes. The National Weather Service estimates about $100,000 in damages in the county. The maximum storm surge was 2.74 ft MHHW in Fort Myers.||Sumter County- In Sumter County no tropical storm wind speeds were recorded. Rainfall was generally around 5 inches across the area with the highest total being 5.51 inches in Wildwood.  No damage being reports. ||Polk County- In Polk County the highest wind reported from Hurricane Eta was a gust of 44 mph at the ASOS located at the Lakeland Linder Regional Airport. Rainfall was generally below 5 inches across the area with the highest total being 4.31 inches in Lakeland.  No damage being reports. ||Hardee County- In Hardee County there was no tropical storm force winds recorded. Rainfall was generally below 5 inches and no significant damage was reported. ||Desoto County- In Desoto County there was no tropical storm force winds recorded. Rainfall was generally below 5 inches and no significant damage was reported. ||Highlands County- In Highlands County the highest wind reported from Hurricane Eta was a gust of 39 mph at the AWOS located at the Sebring Regional Airport. Rainfall was generally below 5 inches across the area.  No damage being reports.","Hurricane Eta formed in the central Caribbean Sea on October��31st and moved through the Caribbean Sea and the Gulf of Mexico making four separate landfalls. The first landfall was in Puerto Cabezas, Nicaragua��before re emerging and making landfall in Cuba and the Florida Keys. Eta made its final landfall in the early morning hours on Nov��12th in Cedar Key with maximum wind speeds of 50 mph and a pressure of 996mb. A wind gust of 46 mph/40 kts was recorded as the AWOS site at the Venice Municipal Airport.",CSV
202011,8,2054,202011,9,1439,153602,927543,GULF OF MEXICO,85,2020,November,Marine Tropical Storm,Z,873,ENGLEWOOD TO TARPON SPRINGS FL 20 TO 60NM,85873,TBW,08-NOV-20 20:54:00,EST-5,09-NOV-20 14:39:00,0,0,0,0,0.00K,0.00K,Buoy,NA,NA,NA,NA,NA,NA,NA,NA,NA,NA,NA,NA,NA,NA,NA,NA,NA,NA,NA,NA,NA,"Hurricane Eta originated from a tropical depression that formed in the central Caribbean Sea on October 31st. The depression strengthened into Tropical Storm Eta later that day and continued rapid intensification to major hurricane status on November 2nd while moving westward across the western Caribbean, reaching peak intensity of 150 mph and 923 mb on November 3rd, before making landfall near Puerto Cabezas, Nicaragua. Eta meandered across Nicaragua and Honduras while weakening to a tropical depression through November 5th before emerging over the northwest Caribbean Sea while gradually turning northeast. Eta regained tropical storm status on November 6th and made landfall in Cuba on the 7th, emerged in the Florida Straits and turned westward on the 8th before making landfall in the Florida Keys later that day. The storm made a southwest jog into the southeastern Gulf of Mexico on the 9th before it briefly stalled then turned northward on the 10th. Eta accelerated north-northeast across the eastern Gulf toward the western Florida coast and briefly strengthened to a minimal hurricane during the early morning hours on the 11th, reaching a second peak of 75 mph and 983 mb while centered about 170 miles south-southwest of Tampa. Eta then weakened to a tropical storm as it approached the peninsula and made landfall on November 12th near Cedar Key around 4 AM EST with maximum sustained winds of 50 mph and a minimum central pressure of 996 mb.||The highest measured wind gust in west central Florida was 60 mph at Punta Gorda (KPGD) in Charlotte County. Greatest water level rises occurred at Old Port Tampa in Hillsborough County, where a peak of 3.87 ft MHHW was observed. Area rainfall amounts were generally in the 5- to 10-inch range, with a maximum storm total rainfall amount of 10.39 inches recorded near Sun City Center in Hillsborough County.||Levy County- In Levy County the highest wind reported from Hurricane Eta was a gust of 50 mph at a mesonet site on Cedar Key. Rainfall was below 5 inches across the area with no significant damage being reported. The maximum storm surge was 2.10 ft MHHW in Cedar Key.||Citrus County- In Citrus County the highest wind reported from Hurricane Eta was a gust of 53 mph at a mesonet site in Crystal River. Rainfall was below 5 inches across the area with the highest total being 3.64 inches in Inverness. No significant damage was reported. ||Hernando County- In Hernando County the highest wind reported from Hurricane Eta was a gust of 48 mph at a mesonet site in Weeki Wachee. Rainfall was below 5 inches across the area with the highest total being 3.18 inches at the Brooksville-Tampa Regional Airport.  No significant damage was reported. ||Pasco County- In Pasco County the highest wind reported from Hurricane Eta was a gust of 44 mph at the AWOS located at the Zephyrhills Municipal Airport. Rainfall was generally around 5 inches across the area with the highest total being 5.05 inches in Holiday.  No significant damage was reported.  ||Pinellas County-In Pinellas County the highest wind reported from Hurricane Eta was a gust of 60 mph at the weather flow site on Clearwater Beach. Rainfall was generally above 5 inches with the highest rain total being 9.11 inches at a site in St. Petersburg. The wind resulted in many homes being damaged, as well as knocking over trees and power lines. There was also significant beach erosion along southwest facing beaches from Redington Shore to Pass-a-Grill. Pinellas County Emergency Management reported 88 homes with major damage, 621 homes with minor damage, and 1,496 other homes being affected. The total property damage by Eta in Pinellas County was estimated at $40.1 million. The maximum storm surge was 3.47 ft MHHW at St. Pete Beach. ||Hillsborough County- In Hillsborough County the highest wind reported from Hurricane Eta was a gust of 59 mph at the weather flow site at the Tampa Bay Cut. Rainfall was generally above 5 inches, with the highest rain total being 10.39 inches at a site in Sun City Center. The wind resulted in some homes being damaged, as well as knocking over trees and power lines. Hillsborough County Emergency Management reported  8 homes with major damage, 15 homes with minor damage, and 10 other homes being affected. The total property damage by Eta in Hillsborough county was estimated at $485,00. The maximum storm surge was 3.87 ft MHHW at Old Port Tampa. ||Manatee County-In Manatee County the highest wind reported from Hurricane Eta was a gust of 54 mph at the ASOS site at Sarasota-Bradenton International Airport. Rainfall was generally above 5 inches, with the highest rain total being 8.10 inches at a site in South Bradenton. The wind and salt water flooding resulted in some homes being damaged, as well as knocking over trees and power lines. There was also significant beach erosion along barrier island from Anna Maria Island to Long Key. Manatee County Emergency Management reported 6 homes with major damage, 27 homes with minor damage, and 99 other homes being affected. An EF-0 tornado was also found to have briefly touched down near Myakka causing porch damage to one home. The total property damage by Eta in Manatee County was estimated at $10.3 million.  The maximum storm surge was 3.03 ft MHHW at Port Manatee. There was one indirect fatality reported in Bradenton Beach when a man was electrocuted when he touched an appliance while standing in water that had entered his house.||Sarasota County-In Sarasota County the highest wind reported from Hurricane Eta was a gust of 57 mph at the AWOS site at Venice Municipal Airport. Rainfall was generally around 5 inches, with the highest rain total being 6.23 inches at Sarasota-Bradenton International Airport. The wind caused some damage to homes, as well as knocking over trees and power lines. Also, storm surge caused the first floor of multiple hotels on Lido Key to be evacuated and caused damage to parking lots and jetties in the area.  The National Weather Service estimates about $500,000 in damages in the county.  ||Charlotte County- In Charlotte County the highest wind reported from Hurricane Eta was a gust of 60 mph at the ASOS at Punta Gorda Airport. Rainfall was generally below 5 inches, with the highest rain total being 4.58 inches at a site in Rotonda. The wind caused some damage to homes, as well as knocking down a few trees and power lines. Also, storm surge caused beach erosion and flooded streets and parking lots near Punta Gorda, Manasota Key, and Englewood Beach areas.  The National Weather Service estimates about $100,000 in damages in the county. ||Lee County- In Lee County the highest wind reported from Hurricane Eta was a gust of 52 mph at the ASOS at Southwest Florida International Airport. Rainfall was generally below 5 inches, with the highest rain total being 4.77 at the Southwest Florida International Airport. The wind caused some damage to homes, as well as knocking down a few trees and power lines. Also, salt water flooding was observed on south exposed beaches and nearby homes. The National Weather Service estimates about $100,000 in damages in the county. The maximum storm surge was 2.74 ft MHHW in Fort Myers.||Sumter County- In Sumter County no tropical storm wind speeds were recorded. Rainfall was generally around 5 inches across the area with the highest total being 5.51 inches in Wildwood.  No damage being reports. ||Polk County- In Polk County the highest wind reported from Hurricane Eta was a gust of 44 mph at the ASOS located at the Lakeland Linder Regional Airport. Rainfall was generally below 5 inches across the area with the highest total being 4.31 inches in Lakeland.  No damage being reports. ||Hardee County- In Hardee County there was no tropical storm force winds recorded. Rainfall was generally below 5 inches and no significant damage was reported. ||Desoto County- In Desoto County there was no tropical storm force winds recorded. Rainfall was generally below 5 inches and no significant damage was reported. ||Highlands County- In Highlands County the highest wind reported from Hurricane Eta was a gust of 39 mph at the AWOS located at the Sebring Regional Airport. Rainfall was generally below 5 inches across the area.  No damage being reports.","Hurricane Eta formed in the central Caribbean Sea on October��31st and moved through the Caribbean Sea and the Gulf of Mexico making four separate landfalls. The first landfall was in Puerto Cabezas, Nicaragua��before re emerging and making landfall in Cuba and the Florida Keys. Eta made its final landfall in the early morning hours on Nov��12th in Cedar Key with maximum wind speeds of 50 mph and a pressure of 996mb. Sustained winds of 40 mph/35 knots and wind gust of 47mph/41 knots was recorded at Buoy 42013 SW of Longboat Key.",CSV
202011,8,2054,202011,9,1439,153602,927544,GULF OF MEXICO,85,2020,November,Marine Tropical Storm,Z,830,TAMPA BAY,85830,TBW,08-NOV-20 20:54:00,EST-5,09-NOV-20 14:39:00,0,0,0,0,0.00K,0.00K,AWOS,NA,NA,NA,NA,NA,NA,NA,NA,NA,NA,NA,NA,NA,NA,NA,NA,NA,NA,NA,NA,NA,"Hurricane Eta originated from a tropical depression that formed in the central Caribbean Sea on October 31st. The depression strengthened into Tropical Storm Eta later that day and continued rapid intensification to major hurricane status on November 2nd while moving westward across the western Caribbean, reaching peak intensity of 150 mph and 923 mb on November 3rd, before making landfall near Puerto Cabezas, Nicaragua. Eta meandered across Nicaragua and Honduras while weakening to a tropical depression through November 5th before emerging over the northwest Caribbean Sea while gradually turning northeast. Eta regained tropical storm status on November 6th and made landfall in Cuba on the 7th, emerged in the Florida Straits and turned westward on the 8th before making landfall in the Florida Keys later that day. The storm made a southwest jog into the southeastern Gulf of Mexico on the 9th before it briefly stalled then turned northward on the 10th. Eta accelerated north-northeast across the eastern Gulf toward the western Florida coast and briefly strengthened to a minimal hurricane during the early morning hours on the 11th, reaching a second peak of 75 mph and 983 mb while centered about 170 miles south-southwest of Tampa. Eta then weakened to a tropical storm as it approached the peninsula and made landfall on November 12th near Cedar Key around 4 AM EST with maximum sustained winds of 50 mph and a minimum central pressure of 996 mb.||The highest measured wind gust in west central Florida was 60 mph at Punta Gorda (KPGD) in Charlotte County. Greatest water level rises occurred at Old Port Tampa in Hillsborough County, where a peak of 3.87 ft MHHW was observed. Area rainfall amounts were generally in the 5- to 10-inch range, with a maximum storm total rainfall amount of 10.39 inches recorded near Sun City Center in Hillsborough County.||Levy County- In Levy County the highest wind reported from Hurricane Eta was a gust of 50 mph at a mesonet site on Cedar Key. Rainfall was below 5 inches across the area with no significant damage being reported. The maximum storm surge was 2.10 ft MHHW in Cedar Key.||Citrus County- In Citrus County the highest wind reported from Hurricane Eta was a gust of 53 mph at a mesonet site in Crystal River. Rainfall was below 5 inches across the area with the highest total being 3.64 inches in Inverness. No significant damage was reported. ||Hernando County- In Hernando County the highest wind reported from Hurricane Eta was a gust of 48 mph at a mesonet site in Weeki Wachee. Rainfall was below 5 inches across the area with the highest total being 3.18 inches at the Brooksville-Tampa Regional Airport.  No significant damage was reported. ||Pasco County- In Pasco County the highest wind reported from Hurricane Eta was a gust of 44 mph at the AWOS located at the Zephyrhills Municipal Airport. Rainfall was generally around 5 inches across the area with the highest total being 5.05 inches in Holiday.  No significant damage was reported.  ||Pinellas County-In Pinellas County the highest wind reported from Hurricane Eta was a gust of 60 mph at the weather flow site on Clearwater Beach. Rainfall was generally above 5 inches with the highest rain total being 9.11 inches at a site in St. Petersburg. The wind resulted in many homes being damaged, as well as knocking over trees and power lines. There was also significant beach erosion along southwest facing beaches from Redington Shore to Pass-a-Grill. Pinellas County Emergency Management reported 88 homes with major damage, 621 homes with minor damage, and 1,496 other homes being affected. The total property damage by Eta in Pinellas County was estimated at $40.1 million. The maximum storm surge was 3.47 ft MHHW at St. Pete Beach. ||Hillsborough County- In Hillsborough County the highest wind reported from Hurricane Eta was a gust of 59 mph at the weather flow site at the Tampa Bay Cut. Rainfall was generally above 5 inches, with the highest rain total being 10.39 inches at a site in Sun City Center. The wind resulted in some homes being damaged, as well as knocking over trees and power lines. Hillsborough County Emergency Management reported  8 homes with major damage, 15 homes with minor damage, and 10 other homes being affected. The total property damage by Eta in Hillsborough county was estimated at $485,00. The maximum storm surge was 3.87 ft MHHW at Old Port Tampa. ||Manatee County-In Manatee County the highest wind reported from Hurricane Eta was a gust of 54 mph at the ASOS site at Sarasota-Bradenton International Airport. Rainfall was generally above 5 inches, with the highest rain total being 8.10 inches at a site in South Bradenton. The wind and salt water flooding resulted in some homes being damaged, as well as knocking over trees and power lines. There was also significant beach erosion along barrier island from Anna Maria Island to Long Key. Manatee County Emergency Management reported 6 homes with major damage, 27 homes with minor damage, and 99 other homes being affected. An EF-0 tornado was also found to have briefly touched down near Myakka causing porch damage to one home. The total property damage by Eta in Manatee County was estimated at $10.3 million.  The maximum storm surge was 3.03 ft MHHW at Port Manatee. There was one indirect fatality reported in Bradenton Beach when a man was electrocuted when he touched an appliance while standing in water that had entered his house.||Sarasota County-In Sarasota County the highest wind reported from Hurricane Eta was a gust of 57 mph at the AWOS site at Venice Municipal Airport. Rainfall was generally around 5 inches, with the highest rain total being 6.23 inches at Sarasota-Bradenton International Airport. The wind caused some damage to homes, as well as knocking over trees and power lines. Also, storm surge caused the first floor of multiple hotels on Lido Key to be evacuated and caused damage to parking lots and jetties in the area.  The National Weather Service estimates about $500,000 in damages in the county.  ||Charlotte County- In Charlotte County the highest wind reported from Hurricane Eta was a gust of 60 mph at the ASOS at Punta Gorda Airport. Rainfall was generally below 5 inches, with the highest rain total being 4.58 inches at a site in Rotonda. The wind caused some damage to homes, as well as knocking down a few trees and power lines. Also, storm surge caused beach erosion and flooded streets and parking lots near Punta Gorda, Manasota Key, and Englewood Beach areas.  The National Weather Service estimates about $100,000 in damages in the county. ||Lee County- In Lee County the highest wind reported from Hurricane Eta was a gust of 52 mph at the ASOS at Southwest Florida International Airport. Rainfall was generally below 5 inches, with the highest rain total being 4.77 at the Southwest Florida International Airport. The wind caused some damage to homes, as well as knocking down a few trees and power lines. Also, salt water flooding was observed on south exposed beaches and nearby homes. The National Weather Service estimates about $100,000 in damages in the county. The maximum storm surge was 2.74 ft MHHW in Fort Myers.||Sumter County- In Sumter County no tropical storm wind speeds were recorded. Rainfall was generally around 5 inches across the area with the highest total being 5.51 inches in Wildwood.  No damage being reports. ||Polk County- In Polk County the highest wind reported from Hurricane Eta was a gust of 44 mph at the ASOS located at the Lakeland Linder Regional Airport. Rainfall was generally below 5 inches across the area with the highest total being 4.31 inches in Lakeland.  No damage being reports. ||Hardee County- In Hardee County there was no tropical storm force winds recorded. Rainfall was generally below 5 inches and no significant damage was reported. ||Desoto County- In Desoto County there was no tropical storm force winds recorded. Rainfall was generally below 5 inches and no significant damage was reported. ||Highlands County- In Highlands County the highest wind reported from Hurricane Eta was a gust of 39 mph at the AWOS located at the Sebring Regional Airport. Rainfall was generally below 5 inches across the area.  No damage being reports.","Hurricane Eta formed in the central Caribbean Sea on October��31st and moved through the Caribbean Sea and the Gulf of Mexico making four separate landfalls. The first landfall was in Puerto Cabezas, Nicaragua��before re emerging and making landfall in Cuba and the Florida Keys. Eta made its final landfall in the early morning hours on Nov��12th in Cedar Key with maximum wind speeds of 50 mph and a pressure of 996mb. A wind gust of 41 mph/ 36 kts was recorded at AWOS at KMCF MacDill Air Force Base.",CSV
202011,11,1015,202011,11,1015,153670,927711,GULF OF MEXICO,85,2020,November,Marine Tropical Storm,Z,856,COASTAL WATERS FROM BONITA BEACH TO ENGLEWOOD FL OUT 20 NM,85856,TBW,11-NOV-20 10:15:00,EST-5,11-NOV-20 10:15:00,0,0,0,0,0.00K,0.00K,Mesonet,NA,NA,NA,NA,NA,NA,NA,NA,NA,NA,NA,NA,NA,NA,NA,NA,NA,NA,NA,NA,NA,"Hurricane Eta originated from a tropical depression that formed in the central Caribbean Sea on October 31st. The depression strengthened into Tropical Storm Eta later that day and continued rapid intensification to major hurricane status on November 2nd while moving westward across the western Caribbean, reaching peak intensity of 150 mph and 923 mb on November 3rd, before making landfall near Puerto Cabezas, Nicaragua. Eta meandered across Nicaragua and Honduras while weakening to a tropical depression through November 5th before emerging over the northwest Caribbean Sea while gradually turning northeast. Eta regained tropical storm status on November 6th and made landfall in Cuba on the 7th, emerged in the Florida Straits and turned westward on the 8th before making landfall in the Florida Keys later that day. The storm made a southwest jog into the southeastern Gulf of Mexico on the 9th before it briefly stalled then turned northward on the 10th. Eta accelerated north-northeast across the eastern Gulf toward the western Florida coast and briefly strengthened to a minimal hurricane during the early morning hours on the 11th, reaching a second peak of 75 mph and 983 mb while centered about 170 miles south-southwest of Tampa. Eta then weakened to a tropical storm as it approached the peninsula and made landfall on November 12th near Cedar Key around 4 AM EST with maximum sustained winds of 50 mph and a minimum central pressure of 996 mb.||The highest measured wind gust in west central Florida was 60 mph at Punta Gorda (KPGD) in Charlotte County. Greatest water level rises occurred at Old Port Tampa in Hillsborough County, where a peak of 3.87 ft MHHW was observed. Area rainfall amounts were generally in the 5- to 10-inch range, with a maximum storm total rainfall amount of 10.39 inches recorded near Sun City Center in Hillsborough County.||Levy County- In Levy County the highest wind reported from Hurricane Eta was a gust of 50 mph at a mesonet site on Cedar Key. Rainfall was below 5 inches across the area with no significant damage being reported. The maximum storm surge was 2.10 ft MHHW in Cedar Key.||Citrus County- In Citrus County the highest wind reported from Hurricane Eta was a gust of 53 mph at a mesonet site in Crystal River. Rainfall was below 5 inches across the area with the highest total being 3.64 inches in Inverness. No significant damage was reported. ||Hernando County- In Hernando County the highest wind reported from Hurricane Eta was a gust of 48 mph at a mesonet site in Weeki Wachee. Rainfall was below 5 inches across the area with the highest total being 3.18 inches at the Brooksville-Tampa Regional Airport.  No significant damage was reported. ||Pasco County- In Pasco County the highest wind reported from Hurricane Eta was a gust of 44 mph at the AWOS located at the Zephyrhills Municipal Airport. Rainfall was generally around 5 inches across the area with the highest total being 5.05 inches in Holiday.  No significant damage was reported.  ||Pinellas County-In Pinellas County the highest wind reported from Hurricane Eta was a gust of 60 mph at the weather flow site on Clearwater Beach. Rainfall was generally above 5 inches with the highest rain total being 9.11 inches at a site in St. Petersburg. The wind resulted in many homes being damaged, as well as knocking over trees and power lines. There was also significant beach erosion along southwest facing beaches from Redington Shore to Pass-a-Grill. Pinellas County Emergency Management reported 88 homes with major damage, 621 homes with minor damage, and 1,496 other homes being affected. The total property damage by Eta in Pinellas County was estimated at $40.1 million. The maximum storm surge was 3.47 ft MHHW at St. Pete Beach. ||Hillsborough County- In Hillsborough County the highest wind reported from Hurricane Eta was a gust of 59 mph at the weather flow site at the Tampa Bay Cut. Rainfall was generally above 5 inches, with the highest rain total being 10.39 inches at a site in Sun City Center. The wind resulted in some homes being damaged, as well as knocking over trees and power lines. Hillsborough County Emergency Management reported  8 homes with major damage, 15 homes with minor damage, and 10 other homes being affected. The total property damage by Eta in Hillsborough county was estimated at $485,00. The maximum storm surge was 3.87 ft MHHW at Old Port Tampa. ||Manatee County-In Manatee County the highest wind reported from Hurricane Eta was a gust of 54 mph at the ASOS site at Sarasota-Bradenton International Airport. Rainfall was generally above 5 inches, with the highest rain total being 8.10 inches at a site in South Bradenton. The wind and salt water flooding resulted in some homes being damaged, as well as knocking over trees and power lines. There was also significant beach erosion along barrier island from Anna Maria Island to Long Key. Manatee County Emergency Management reported 6 homes with major damage, 27 homes with minor damage, and 99 other homes being affected. An EF-0 tornado was also found to have briefly touched down near Myakka causing porch damage to one home. The total property damage by Eta in Manatee County was estimated at $10.3 million.  The maximum storm surge was 3.03 ft MHHW at Port Manatee. There was one indirect fatality reported in Bradenton Beach when a man was electrocuted when he touched an appliance while standing in water that had entered his house.||Sarasota County-In Sarasota County the highest wind reported from Hurricane Eta was a gust of 57 mph at the AWOS site at Venice Municipal Airport. Rainfall was generally around 5 inches, with the highest rain total being 6.23 inches at Sarasota-Bradenton International Airport. The wind caused some damage to homes, as well as knocking over trees and power lines. Also, storm surge caused the first floor of multiple hotels on Lido Key to be evacuated and caused damage to parking lots and jetties in the area.  The National Weather Service estimates about $500,000 in damages in the county.  ||Charlotte County- In Charlotte County the highest wind reported from Hurricane Eta was a gust of 60 mph at the ASOS at Punta Gorda Airport. Rainfall was generally below 5 inches, with the highest rain total being 4.58 inches at a site in Rotonda. The wind caused some damage to homes, as well as knocking down a few trees and power lines. Also, storm surge caused beach erosion and flooded streets and parking lots near Punta Gorda, Manasota Key, and Englewood Beach areas.  The National Weather Service estimates about $100,000 in damages in the county. ||Lee County- In Lee County the highest wind reported from Hurricane Eta was a gust of 52 mph at the ASOS at Southwest Florida International Airport. Rainfall was generally below 5 inches, with the highest rain total being 4.77 at the Southwest Florida International Airport. The wind caused some damage to homes, as well as knocking down a few trees and power lines. Also, salt water flooding was observed on south exposed beaches and nearby homes. The National Weather Service estimates about $100,000 in damages in the county. The maximum storm surge was 2.74 ft MHHW in Fort Myers.||Sumter County- In Sumter County no tropical storm wind speeds were recorded. Rainfall was generally around 5 inches across the area with the highest total being 5.51 inches in Wildwood.  No damage being reports. ||Polk County- In Polk County the highest wind reported from Hurricane Eta was a gust of 44 mph at the ASOS located at the Lakeland Linder Regional Airport. Rainfall was generally below 5 inches across the area with the highest total being 4.31 inches in Lakeland.  No damage being reports. ||Hardee County- In Hardee County there was no tropical storm force winds recorded. Rainfall was generally below 5 inches and no significant damage was reported. ||Desoto County- In Desoto County there was no tropical storm force winds recorded. Rainfall was generally below 5 inches and no significant damage was reported. ||Highlands County- In Highlands County the highest wind reported from Hurricane Eta was a gust of 39 mph at the AWOS located at the Sebring Regional Airport. Rainfall was generally below 5 inches across the area.  No damage being reports.","Hurricane Eta formed in the central Caribbean Sea on October 31st and moved through the Caribbean Sea and the Gulf of Mexico making four separate landfalls. The first landfall was in Puerto Cabezas, Nicaragua before re emerging and making landfall in Cuba and the Florida Keys. Eta made its final landfall in the early morning hours on Nov 12th in Cedar Key with maximum wind speeds of 50 mph and a pressure of 996mb. Mesonet station SDBRS near Sanibel reported a wind gust of 44 mph/38 kts.",CSV
202011,11,1205,202011,11,1205,153670,927712,GULF OF MEXICO,85,2020,November,Marine Tropical Storm,Z,836,CHARLOTTE HARBOR AND PINE ISLAND SOUND,85836,TBW,11-NOV-20 12:05:00,EST-5,11-NOV-20 12:05:00,0,0,0,0,0.00K,0.00K,Mesonet,NA,NA,NA,NA,NA,NA,NA,NA,NA,NA,NA,NA,NA,NA,NA,NA,NA,NA,NA,NA,NA,"Hurricane Eta originated from a tropical depression that formed in the central Caribbean Sea on October 31st. The depression strengthened into Tropical Storm Eta later that day and continued rapid intensification to major hurricane status on November 2nd while moving westward across the western Caribbean, reaching peak intensity of 150 mph and 923 mb on November 3rd, before making landfall near Puerto Cabezas, Nicaragua. Eta meandered across Nicaragua and Honduras while weakening to a tropical depression through November 5th before emerging over the northwest Caribbean Sea while gradually turning northeast. Eta regained tropical storm status on November 6th and made landfall in Cuba on the 7th, emerged in the Florida Straits and turned westward on the 8th before making landfall in the Florida Keys later that day. The storm made a southwest jog into the southeastern Gulf of Mexico on the 9th before it briefly stalled then turned northward on the 10th. Eta accelerated north-northeast across the eastern Gulf toward the western Florida coast and briefly strengthened to a minimal hurricane during the early morning hours on the 11th, reaching a second peak of 75 mph and 983 mb while centered about 170 miles south-southwest of Tampa. Eta then weakened to a tropical storm as it approached the peninsula and made landfall on November 12th near Cedar Key around 4 AM EST with maximum sustained winds of 50 mph and a minimum central pressure of 996 mb.||The highest measured wind gust in west central Florida was 60 mph at Punta Gorda (KPGD) in Charlotte County. Greatest water level rises occurred at Old Port Tampa in Hillsborough County, where a peak of 3.87 ft MHHW was observed. Area rainfall amounts were generally in the 5- to 10-inch range, with a maximum storm total rainfall amount of 10.39 inches recorded near Sun City Center in Hillsborough County.||Levy County- In Levy County the highest wind reported from Hurricane Eta was a gust of 50 mph at a mesonet site on Cedar Key. Rainfall was below 5 inches across the area with no significant damage being reported. The maximum storm surge was 2.10 ft MHHW in Cedar Key.||Citrus County- In Citrus County the highest wind reported from Hurricane Eta was a gust of 53 mph at a mesonet site in Crystal River. Rainfall was below 5 inches across the area with the highest total being 3.64 inches in Inverness. No significant damage was reported. ||Hernando County- In Hernando County the highest wind reported from Hurricane Eta was a gust of 48 mph at a mesonet site in Weeki Wachee. Rainfall was below 5 inches across the area with the highest total being 3.18 inches at the Brooksville-Tampa Regional Airport.  No significant damage was reported. ||Pasco County- In Pasco County the highest wind reported from Hurricane Eta was a gust of 44 mph at the AWOS located at the Zephyrhills Municipal Airport. Rainfall was generally around 5 inches across the area with the highest total being 5.05 inches in Holiday.  No significant damage was reported.  ||Pinellas County-In Pinellas County the highest wind reported from Hurricane Eta was a gust of 60 mph at the weather flow site on Clearwater Beach. Rainfall was generally above 5 inches with the highest rain total being 9.11 inches at a site in St. Petersburg. The wind resulted in many homes being damaged, as well as knocking over trees and power lines. There was also significant beach erosion along southwest facing beaches from Redington Shore to Pass-a-Grill. Pinellas County Emergency Management reported 88 homes with major damage, 621 homes with minor damage, and 1,496 other homes being affected. The total property damage by Eta in Pinellas County was estimated at $40.1 million. The maximum storm surge was 3.47 ft MHHW at St. Pete Beach. ||Hillsborough County- In Hillsborough County the highest wind reported from Hurricane Eta was a gust of 59 mph at the weather flow site at the Tampa Bay Cut. Rainfall was generally above 5 inches, with the highest rain total being 10.39 inches at a site in Sun City Center. The wind resulted in some homes being damaged, as well as knocking over trees and power lines. Hillsborough County Emergency Management reported  8 homes with major damage, 15 homes with minor damage, and 10 other homes being affected. The total property damage by Eta in Hillsborough county was estimated at $485,00. The maximum storm surge was 3.87 ft MHHW at Old Port Tampa. ||Manatee County-In Manatee County the highest wind reported from Hurricane Eta was a gust of 54 mph at the ASOS site at Sarasota-Bradenton International Airport. Rainfall was generally above 5 inches, with the highest rain total being 8.10 inches at a site in South Bradenton. The wind and salt water flooding resulted in some homes being damaged, as well as knocking over trees and power lines. There was also significant beach erosion along barrier island from Anna Maria Island to Long Key. Manatee County Emergency Management reported 6 homes with major damage, 27 homes with minor damage, and 99 other homes being affected. An EF-0 tornado was also found to have briefly touched down near Myakka causing porch damage to one home. The total property damage by Eta in Manatee County was estimated at $10.3 million.  The maximum storm surge was 3.03 ft MHHW at Port Manatee. There was one indirect fatality reported in Bradenton Beach when a man was electrocuted when he touched an appliance while standing in water that had entered his house.||Sarasota County-In Sarasota County the highest wind reported from Hurricane Eta was a gust of 57 mph at the AWOS site at Venice Municipal Airport. Rainfall was generally around 5 inches, with the highest rain total being 6.23 inches at Sarasota-Bradenton International Airport. The wind caused some damage to homes, as well as knocking over trees and power lines. Also, storm surge caused the first floor of multiple hotels on Lido Key to be evacuated and caused damage to parking lots and jetties in the area.  The National Weather Service estimates about $500,000 in damages in the county.  ||Charlotte County- In Charlotte County the highest wind reported from Hurricane Eta was a gust of 60 mph at the ASOS at Punta Gorda Airport. Rainfall was generally below 5 inches, with the highest rain total being 4.58 inches at a site in Rotonda. The wind caused some damage to homes, as well as knocking down a few trees and power lines. Also, storm surge caused beach erosion and flooded streets and parking lots near Punta Gorda, Manasota Key, and Englewood Beach areas.  The National Weather Service estimates about $100,000 in damages in the county. ||Lee County- In Lee County the highest wind reported from Hurricane Eta was a gust of 52 mph at the ASOS at Southwest Florida International Airport. Rainfall was generally below 5 inches, with the highest rain total being 4.77 at the Southwest Florida International Airport. The wind caused some damage to homes, as well as knocking down a few trees and power lines. Also, salt water flooding was observed on south exposed beaches and nearby homes. The National Weather Service estimates about $100,000 in damages in the county. The maximum storm surge was 2.74 ft MHHW in Fort Myers.||Sumter County- In Sumter County no tropical storm wind speeds were recorded. Rainfall was generally around 5 inches across the area with the highest total being 5.51 inches in Wildwood.  No damage being reports. ||Polk County- In Polk County the highest wind reported from Hurricane Eta was a gust of 44 mph at the ASOS located at the Lakeland Linder Regional Airport. Rainfall was generally below 5 inches across the area with the highest total being 4.31 inches in Lakeland.  No damage being reports. ||Hardee County- In Hardee County there was no tropical storm force winds recorded. Rainfall was generally below 5 inches and no significant damage was reported. ||Desoto County- In Desoto County there was no tropical storm force winds recorded. Rainfall was generally below 5 inches and no significant damage was reported. ||Highlands County- In Highlands County the highest wind reported from Hurricane Eta was a gust of 39 mph at the AWOS located at the Sebring Regional Airport. Rainfall was generally below 5 inches across the area.  No damage being reports.","Hurricane Eta formed in the central Caribbean Sea on October 31st and moved through the Caribbean Sea and the Gulf of Mexico making four separate landfalls. The first landfall was in Puerto Cabezas, Nicaragua before re emerging and making landfall in Cuba and the Florida Keys. Eta made its final landfall in the early morning hours on Nov 12th in Cedar Key with maximum wind speeds of 50 mph and a pressure of 996mb. Mesonet station DW9045 near Port Charlotte reported a wind gust of 69 mph/60 kts.",CSV
202011,11,2039,202011,11,2039,153670,927714,GULF OF MEXICO,85,2020,November,Marine Tropical Storm,Z,830,TAMPA BAY,85830,TBW,11-NOV-20 20:39:00,EST-5,11-NOV-20 20:39:00,0,0,0,0,0.00K,0.00K,ASOS,NA,NA,NA,NA,NA,NA,NA,NA,NA,NA,NA,NA,NA,NA,NA,NA,NA,NA,NA,NA,NA,"Hurricane Eta originated from a tropical depression that formed in the central Caribbean Sea on October 31st. The depression strengthened into Tropical Storm Eta later that day and continued rapid intensification to major hurricane status on November 2nd while moving westward across the western Caribbean, reaching peak intensity of 150 mph and 923 mb on November 3rd, before making landfall near Puerto Cabezas, Nicaragua. Eta meandered across Nicaragua and Honduras while weakening to a tropical depression through November 5th before emerging over the northwest Caribbean Sea while gradually turning northeast. Eta regained tropical storm status on November 6th and made landfall in Cuba on the 7th, emerged in the Florida Straits and turned westward on the 8th before making landfall in the Florida Keys later that day. The storm made a southwest jog into the southeastern Gulf of Mexico on the 9th before it briefly stalled then turned northward on the 10th. Eta accelerated north-northeast across the eastern Gulf toward the western Florida coast and briefly strengthened to a minimal hurricane during the early morning hours on the 11th, reaching a second peak of 75 mph and 983 mb while centered about 170 miles south-southwest of Tampa. Eta then weakened to a tropical storm as it approached the peninsula and made landfall on November 12th near Cedar Key around 4 AM EST with maximum sustained winds of 50 mph and a minimum central pressure of 996 mb.||The highest measured wind gust in west central Florida was 60 mph at Punta Gorda (KPGD) in Charlotte County. Greatest water level rises occurred at Old Port Tampa in Hillsborough County, where a peak of 3.87 ft MHHW was observed. Area rainfall amounts were generally in the 5- to 10-inch range, with a maximum storm total rainfall amount of 10.39 inches recorded near Sun City Center in Hillsborough County.||Levy County- In Levy County the highest wind reported from Hurricane Eta was a gust of 50 mph at a mesonet site on Cedar Key. Rainfall was below 5 inches across the area with no significant damage being reported. The maximum storm surge was 2.10 ft MHHW in Cedar Key.||Citrus County- In Citrus County the highest wind reported from Hurricane Eta was a gust of 53 mph at a mesonet site in Crystal River. Rainfall was below 5 inches across the area with the highest total being 3.64 inches in Inverness. No significant damage was reported. ||Hernando County- In Hernando County the highest wind reported from Hurricane Eta was a gust of 48 mph at a mesonet site in Weeki Wachee. Rainfall was below 5 inches across the area with the highest total being 3.18 inches at the Brooksville-Tampa Regional Airport.  No significant damage was reported. ||Pasco County- In Pasco County the highest wind reported from Hurricane Eta was a gust of 44 mph at the AWOS located at the Zephyrhills Municipal Airport. Rainfall was generally around 5 inches across the area with the highest total being 5.05 inches in Holiday.  No significant damage was reported.  ||Pinellas County-In Pinellas County the highest wind reported from Hurricane Eta was a gust of 60 mph at the weather flow site on Clearwater Beach. Rainfall was generally above 5 inches with the highest rain total being 9.11 inches at a site in St. Petersburg. The wind resulted in many homes being damaged, as well as knocking over trees and power lines. There was also significant beach erosion along southwest facing beaches from Redington Shore to Pass-a-Grill. Pinellas County Emergency Management reported 88 homes with major damage, 621 homes with minor damage, and 1,496 other homes being affected. The total property damage by Eta in Pinellas County was estimated at $40.1 million. The maximum storm surge was 3.47 ft MHHW at St. Pete Beach. ||Hillsborough County- In Hillsborough County the highest wind reported from Hurricane Eta was a gust of 59 mph at the weather flow site at the Tampa Bay Cut. Rainfall was generally above 5 inches, with the highest rain total being 10.39 inches at a site in Sun City Center. The wind resulted in some homes being damaged, as well as knocking over trees and power lines. Hillsborough County Emergency Management reported  8 homes with major damage, 15 homes with minor damage, and 10 other homes being affected. The total property damage by Eta in Hillsborough county was estimated at $485,00. The maximum storm surge was 3.87 ft MHHW at Old Port Tampa. ||Manatee County-In Manatee County the highest wind reported from Hurricane Eta was a gust of 54 mph at the ASOS site at Sarasota-Bradenton International Airport. Rainfall was generally above 5 inches, with the highest rain total being 8.10 inches at a site in South Bradenton. The wind and salt water flooding resulted in some homes being damaged, as well as knocking over trees and power lines. There was also significant beach erosion along barrier island from Anna Maria Island to Long Key. Manatee County Emergency Management reported 6 homes with major damage, 27 homes with minor damage, and 99 other homes being affected. An EF-0 tornado was also found to have briefly touched down near Myakka causing porch damage to one home. The total property damage by Eta in Manatee County was estimated at $10.3 million.  The maximum storm surge was 3.03 ft MHHW at Port Manatee. There was one indirect fatality reported in Bradenton Beach when a man was electrocuted when he touched an appliance while standing in water that had entered his house.||Sarasota County-In Sarasota County the highest wind reported from Hurricane Eta was a gust of 57 mph at the AWOS site at Venice Municipal Airport. Rainfall was generally around 5 inches, with the highest rain total being 6.23 inches at Sarasota-Bradenton International Airport. The wind caused some damage to homes, as well as knocking over trees and power lines. Also, storm surge caused the first floor of multiple hotels on Lido Key to be evacuated and caused damage to parking lots and jetties in the area.  The National Weather Service estimates about $500,000 in damages in the county.  ||Charlotte County- In Charlotte County the highest wind reported from Hurricane Eta was a gust of 60 mph at the ASOS at Punta Gorda Airport. Rainfall was generally below 5 inches, with the highest rain total being 4.58 inches at a site in Rotonda. The wind caused some damage to homes, as well as knocking down a few trees and power lines. Also, storm surge caused beach erosion and flooded streets and parking lots near Punta Gorda, Manasota Key, and Englewood Beach areas.  The National Weather Service estimates about $100,000 in damages in the county. ||Lee County- In Lee County the highest wind reported from Hurricane Eta was a gust of 52 mph at the ASOS at Southwest Florida International Airport. Rainfall was generally below 5 inches, with the highest rain total being 4.77 at the Southwest Florida International Airport. The wind caused some damage to homes, as well as knocking down a few trees and power lines. Also, salt water flooding was observed on south exposed beaches and nearby homes. The National Weather Service estimates about $100,000 in damages in the county. The maximum storm surge was 2.74 ft MHHW in Fort Myers.||Sumter County- In Sumter County no tropical storm wind speeds were recorded. Rainfall was generally around 5 inches across the area with the highest total being 5.51 inches in Wildwood.  No damage being reports. ||Polk County- In Polk County the highest wind reported from Hurricane Eta was a gust of 44 mph at the ASOS located at the Lakeland Linder Regional Airport. Rainfall was generally below 5 inches across the area with the highest total being 4.31 inches in Lakeland.  No damage being reports. ||Hardee County- In Hardee County there was no tropical storm force winds recorded. Rainfall was generally below 5 inches and no significant damage was reported. ||Desoto County- In Desoto County there was no tropical storm force winds recorded. Rainfall was generally below 5 inches and no significant damage was reported. ||Highlands County- In Highlands County the highest wind reported from Hurricane Eta was a gust of 39 mph at the AWOS located at the Sebring Regional Airport. Rainfall was generally below 5 inches across the area.  No damage being reports.","Hurricane Eta formed in the central Caribbean Sea on October 31st and moved through the Caribbean Sea and the Gulf of Mexico making four separate landfalls. The first landfall was in Puerto Cabezas, Nicaragua before re emerging and making landfall in Cuba and the Florida Keys. Eta made its final landfall in the early morning hours on Nov 12th in Cedar Key with maximum wind speeds of 50 mph and a pressure of 996mb. ASOS site located at the St.Pete-Clearwater International Airport (KPIE) reported a wind gust of 58 mph/50 kts.",CSV
202011,11,1703,202011,11,1703,153670,927715,GULF OF MEXICO,85,2020,November,Marine Tropical Storm,Z,853,ENGLEWOOD TO TARPON SPRINGS FL OUT 20NM,85853,TBW,11-NOV-20 17:03:00,EST-5,11-NOV-20 17:03:00,0,0,0,0,0.00K,0.00K,Mesonet,NA,NA,NA,NA,NA,NA,NA,NA,NA,NA,NA,NA,NA,NA,NA,NA,NA,NA,NA,NA,NA,"Hurricane Eta originated from a tropical depression that formed in the central Caribbean Sea on October 31st. The depression strengthened into Tropical Storm Eta later that day and continued rapid intensification to major hurricane status on November 2nd while moving westward across the western Caribbean, reaching peak intensity of 150 mph and 923 mb on November 3rd, before making landfall near Puerto Cabezas, Nicaragua. Eta meandered across Nicaragua and Honduras while weakening to a tropical depression through November 5th before emerging over the northwest Caribbean Sea while gradually turning northeast. Eta regained tropical storm status on November 6th and made landfall in Cuba on the 7th, emerged in the Florida Straits and turned westward on the 8th before making landfall in the Florida Keys later that day. The storm made a southwest jog into the southeastern Gulf of Mexico on the 9th before it briefly stalled then turned northward on the 10th. Eta accelerated north-northeast across the eastern Gulf toward the western Florida coast and briefly strengthened to a minimal hurricane during the early morning hours on the 11th, reaching a second peak of 75 mph and 983 mb while centered about 170 miles south-southwest of Tampa. Eta then weakened to a tropical storm as it approached the peninsula and made landfall on November 12th near Cedar Key around 4 AM EST with maximum sustained winds of 50 mph and a minimum central pressure of 996 mb.||The highest measured wind gust in west central Florida was 60 mph at Punta Gorda (KPGD) in Charlotte County. Greatest water level rises occurred at Old Port Tampa in Hillsborough County, where a peak of 3.87 ft MHHW was observed. Area rainfall amounts were generally in the 5- to 10-inch range, with a maximum storm total rainfall amount of 10.39 inches recorded near Sun City Center in Hillsborough County.||Levy County- In Levy County the highest wind reported from Hurricane Eta was a gust of 50 mph at a mesonet site on Cedar Key. Rainfall was below 5 inches across the area with no significant damage being reported. The maximum storm surge was 2.10 ft MHHW in Cedar Key.||Citrus County- In Citrus County the highest wind reported from Hurricane Eta was a gust of 53 mph at a mesonet site in Crystal River. Rainfall was below 5 inches across the area with the highest total being 3.64 inches in Inverness. No significant damage was reported. ||Hernando County- In Hernando County the highest wind reported from Hurricane Eta was a gust of 48 mph at a mesonet site in Weeki Wachee. Rainfall was below 5 inches across the area with the highest total being 3.18 inches at the Brooksville-Tampa Regional Airport.  No significant damage was reported. ||Pasco County- In Pasco County the highest wind reported from Hurricane Eta was a gust of 44 mph at the AWOS located at the Zephyrhills Municipal Airport. Rainfall was generally around 5 inches across the area with the highest total being 5.05 inches in Holiday.  No significant damage was reported.  ||Pinellas County-In Pinellas County the highest wind reported from Hurricane Eta was a gust of 60 mph at the weather flow site on Clearwater Beach. Rainfall was generally above 5 inches with the highest rain total being 9.11 inches at a site in St. Petersburg. The wind resulted in many homes being damaged, as well as knocking over trees and power lines. There was also significant beach erosion along southwest facing beaches from Redington Shore to Pass-a-Grill. Pinellas County Emergency Management reported 88 homes with major damage, 621 homes with minor damage, and 1,496 other homes being affected. The total property damage by Eta in Pinellas County was estimated at $40.1 million. The maximum storm surge was 3.47 ft MHHW at St. Pete Beach. ||Hillsborough County- In Hillsborough County the highest wind reported from Hurricane Eta was a gust of 59 mph at the weather flow site at the Tampa Bay Cut. Rainfall was generally above 5 inches, with the highest rain total being 10.39 inches at a site in Sun City Center. The wind resulted in some homes being damaged, as well as knocking over trees and power lines. Hillsborough County Emergency Management reported  8 homes with major damage, 15 homes with minor damage, and 10 other homes being affected. The total property damage by Eta in Hillsborough county was estimated at $485,00. The maximum storm surge was 3.87 ft MHHW at Old Port Tampa. ||Manatee County-In Manatee County the highest wind reported from Hurricane Eta was a gust of 54 mph at the ASOS site at Sarasota-Bradenton International Airport. Rainfall was generally above 5 inches, with the highest rain total being 8.10 inches at a site in South Bradenton. The wind and salt water flooding resulted in some homes being damaged, as well as knocking over trees and power lines. There was also significant beach erosion along barrier island from Anna Maria Island to Long Key. Manatee County Emergency Management reported 6 homes with major damage, 27 homes with minor damage, and 99 other homes being affected. An EF-0 tornado was also found to have briefly touched down near Myakka causing porch damage to one home. The total property damage by Eta in Manatee County was estimated at $10.3 million.  The maximum storm surge was 3.03 ft MHHW at Port Manatee. There was one indirect fatality reported in Bradenton Beach when a man was electrocuted when he touched an appliance while standing in water that had entered his house.||Sarasota County-In Sarasota County the highest wind reported from Hurricane Eta was a gust of 57 mph at the AWOS site at Venice Municipal Airport. Rainfall was generally around 5 inches, with the highest rain total being 6.23 inches at Sarasota-Bradenton International Airport. The wind caused some damage to homes, as well as knocking over trees and power lines. Also, storm surge caused the first floor of multiple hotels on Lido Key to be evacuated and caused damage to parking lots and jetties in the area.  The National Weather Service estimates about $500,000 in damages in the county.  ||Charlotte County- In Charlotte County the highest wind reported from Hurricane Eta was a gust of 60 mph at the ASOS at Punta Gorda Airport. Rainfall was generally below 5 inches, with the highest rain total being 4.58 inches at a site in Rotonda. The wind caused some damage to homes, as well as knocking down a few trees and power lines. Also, storm surge caused beach erosion and flooded streets and parking lots near Punta Gorda, Manasota Key, and Englewood Beach areas.  The National Weather Service estimates about $100,000 in damages in the county. ||Lee County- In Lee County the highest wind reported from Hurricane Eta was a gust of 52 mph at the ASOS at Southwest Florida International Airport. Rainfall was generally below 5 inches, with the highest rain total being 4.77 at the Southwest Florida International Airport. The wind caused some damage to homes, as well as knocking down a few trees and power lines. Also, salt water flooding was observed on south exposed beaches and nearby homes. The National Weather Service estimates about $100,000 in damages in the county. The maximum storm surge was 2.74 ft MHHW in Fort Myers.||Sumter County- In Sumter County no tropical storm wind speeds were recorded. Rainfall was generally around 5 inches across the area with the highest total being 5.51 inches in Wildwood.  No damage being reports. ||Polk County- In Polk County the highest wind reported from Hurricane Eta was a gust of 44 mph at the ASOS located at the Lakeland Linder Regional Airport. Rainfall was generally below 5 inches across the area with the highest total being 4.31 inches in Lakeland.  No damage being reports. ||Hardee County- In Hardee County there was no tropical storm force winds recorded. Rainfall was generally below 5 inches and no significant damage was reported. ||Desoto County- In Desoto County there was no tropical storm force winds recorded. Rainfall was generally below 5 inches and no significant damage was reported. ||Highlands County- In Highlands County the highest wind reported from Hurricane Eta was a gust of 39 mph at the AWOS located at the Sebring Regional Airport. Rainfall was generally below 5 inches across the area.  No damage being reports.","Hurricane Eta formed in the central Caribbean Sea on October 31st and moved through the Caribbean Sea and the Gulf of Mexico making four separate landfalls. The first landfall was in Puerto Cabezas, Nicaragua before re emerging and making landfall in Cuba and the Florida Keys. Eta made its final landfall in the early morning hours on Nov 12th in Cedar Key with maximum wind speeds of 50 mph and a pressure of 996mb. Mesonet station FW1789 near Clearwater Beach reported a wind gust of 60 mph/52 kts.",CSV
202011,11,1630,202011,11,1630,153670,927716,GULF OF MEXICO,85,2020,November,Marine Tropical Storm,Z,873,ENGLEWOOD TO TARPON SPRINGS FL 20 TO 60NM,85873,TBW,11-NOV-20 16:30:00,EST-5,11-NOV-20 16:30:00,0,0,0,0,0.00K,0.00K,Buoy,NA,NA,NA,NA,NA,NA,NA,NA,NA,NA,NA,NA,NA,NA,NA,NA,NA,NA,NA,NA,NA,"Hurricane Eta originated from a tropical depression that formed in the central Caribbean Sea on October 31st. The depression strengthened into Tropical Storm Eta later that day and continued rapid intensification to major hurricane status on November 2nd while moving westward across the western Caribbean, reaching peak intensity of 150 mph and 923 mb on November 3rd, before making landfall near Puerto Cabezas, Nicaragua. Eta meandered across Nicaragua and Honduras while weakening to a tropical depression through November 5th before emerging over the northwest Caribbean Sea while gradually turning northeast. Eta regained tropical storm status on November 6th and made landfall in Cuba on the 7th, emerged in the Florida Straits and turned westward on the 8th before making landfall in the Florida Keys later that day. The storm made a southwest jog into the southeastern Gulf of Mexico on the 9th before it briefly stalled then turned northward on the 10th. Eta accelerated north-northeast across the eastern Gulf toward the western Florida coast and briefly strengthened to a minimal hurricane during the early morning hours on the 11th, reaching a second peak of 75 mph and 983 mb while centered about 170 miles south-southwest of Tampa. Eta then weakened to a tropical storm as it approached the peninsula and made landfall on November 12th near Cedar Key around 4 AM EST with maximum sustained winds of 50 mph and a minimum central pressure of 996 mb.||The highest measured wind gust in west central Florida was 60 mph at Punta Gorda (KPGD) in Charlotte County. Greatest water level rises occurred at Old Port Tampa in Hillsborough County, where a peak of 3.87 ft MHHW was observed. Area rainfall amounts were generally in the 5- to 10-inch range, with a maximum storm total rainfall amount of 10.39 inches recorded near Sun City Center in Hillsborough County.||Levy County- In Levy County the highest wind reported from Hurricane Eta was a gust of 50 mph at a mesonet site on Cedar Key. Rainfall was below 5 inches across the area with no significant damage being reported. The maximum storm surge was 2.10 ft MHHW in Cedar Key.||Citrus County- In Citrus County the highest wind reported from Hurricane Eta was a gust of 53 mph at a mesonet site in Crystal River. Rainfall was below 5 inches across the area with the highest total being 3.64 inches in Inverness. No significant damage was reported. ||Hernando County- In Hernando County the highest wind reported from Hurricane Eta was a gust of 48 mph at a mesonet site in Weeki Wachee. Rainfall was below 5 inches across the area with the highest total being 3.18 inches at the Brooksville-Tampa Regional Airport.  No significant damage was reported. ||Pasco County- In Pasco County the highest wind reported from Hurricane Eta was a gust of 44 mph at the AWOS located at the Zephyrhills Municipal Airport. Rainfall was generally around 5 inches across the area with the highest total being 5.05 inches in Holiday.  No significant damage was reported.  ||Pinellas County-In Pinellas County the highest wind reported from Hurricane Eta was a gust of 60 mph at the weather flow site on Clearwater Beach. Rainfall was generally above 5 inches with the highest rain total being 9.11 inches at a site in St. Petersburg. The wind resulted in many homes being damaged, as well as knocking over trees and power lines. There was also significant beach erosion along southwest facing beaches from Redington Shore to Pass-a-Grill. Pinellas County Emergency Management reported 88 homes with major damage, 621 homes with minor damage, and 1,496 other homes being affected. The total property damage by Eta in Pinellas County was estimated at $40.1 million. The maximum storm surge was 3.47 ft MHHW at St. Pete Beach. ||Hillsborough County- In Hillsborough County the highest wind reported from Hurricane Eta was a gust of 59 mph at the weather flow site at the Tampa Bay Cut. Rainfall was generally above 5 inches, with the highest rain total being 10.39 inches at a site in Sun City Center. The wind resulted in some homes being damaged, as well as knocking over trees and power lines. Hillsborough County Emergency Management reported  8 homes with major damage, 15 homes with minor damage, and 10 other homes being affected. The total property damage by Eta in Hillsborough county was estimated at $485,00. The maximum storm surge was 3.87 ft MHHW at Old Port Tampa. ||Manatee County-In Manatee County the highest wind reported from Hurricane Eta was a gust of 54 mph at the ASOS site at Sarasota-Bradenton International Airport. Rainfall was generally above 5 inches, with the highest rain total being 8.10 inches at a site in South Bradenton. The wind and salt water flooding resulted in some homes being damaged, as well as knocking over trees and power lines. There was also significant beach erosion along barrier island from Anna Maria Island to Long Key. Manatee County Emergency Management reported 6 homes with major damage, 27 homes with minor damage, and 99 other homes being affected. An EF-0 tornado was also found to have briefly touched down near Myakka causing porch damage to one home. The total property damage by Eta in Manatee County was estimated at $10.3 million.  The maximum storm surge was 3.03 ft MHHW at Port Manatee. There was one indirect fatality reported in Bradenton Beach when a man was electrocuted when he touched an appliance while standing in water that had entered his house.||Sarasota County-In Sarasota County the highest wind reported from Hurricane Eta was a gust of 57 mph at the AWOS site at Venice Municipal Airport. Rainfall was generally around 5 inches, with the highest rain total being 6.23 inches at Sarasota-Bradenton International Airport. The wind caused some damage to homes, as well as knocking over trees and power lines. Also, storm surge caused the first floor of multiple hotels on Lido Key to be evacuated and caused damage to parking lots and jetties in the area.  The National Weather Service estimates about $500,000 in damages in the county.  ||Charlotte County- In Charlotte County the highest wind reported from Hurricane Eta was a gust of 60 mph at the ASOS at Punta Gorda Airport. Rainfall was generally below 5 inches, with the highest rain total being 4.58 inches at a site in Rotonda. The wind caused some damage to homes, as well as knocking down a few trees and power lines. Also, storm surge caused beach erosion and flooded streets and parking lots near Punta Gorda, Manasota Key, and Englewood Beach areas.  The National Weather Service estimates about $100,000 in damages in the county. ||Lee County- In Lee County the highest wind reported from Hurricane Eta was a gust of 52 mph at the ASOS at Southwest Florida International Airport. Rainfall was generally below 5 inches, with the highest rain total being 4.77 at the Southwest Florida International Airport. The wind caused some damage to homes, as well as knocking down a few trees and power lines. Also, salt water flooding was observed on south exposed beaches and nearby homes. The National Weather Service estimates about $100,000 in damages in the county. The maximum storm surge was 2.74 ft MHHW in Fort Myers.||Sumter County- In Sumter County no tropical storm wind speeds were recorded. Rainfall was generally around 5 inches across the area with the highest total being 5.51 inches in Wildwood.  No damage being reports. ||Polk County- In Polk County the highest wind reported from Hurricane Eta was a gust of 44 mph at the ASOS located at the Lakeland Linder Regional Airport. Rainfall was generally below 5 inches across the area with the highest total being 4.31 inches in Lakeland.  No damage being reports. ||Hardee County- In Hardee County there was no tropical storm force winds recorded. Rainfall was generally below 5 inches and no significant damage was reported. ||Desoto County- In Desoto County there was no tropical storm force winds recorded. Rainfall was generally below 5 inches and no significant damage was reported. ||Highlands County- In Highlands County the highest wind reported from Hurricane Eta was a gust of 39 mph at the AWOS located at the Sebring Regional Airport. Rainfall was generally below 5 inches across the area.  No damage being reports.","Hurricane Eta formed in the central Caribbean Sea on October 31st and moved through the Caribbean Sea and the Gulf of Mexico making four separate landfalls. The first landfall was in Puerto Cabezas, Nicaragua before re emerging and making landfall in Cuba and the Florida Keys. Eta made its final landfall in the early morning hours on Nov 12th in Cedar Key with maximum wind speeds of 50 mph and a pressure of 996mb. Buoy 42013 SW of Longboat Key reported a wind gust of 54 mph/ 47 kts.",CSV
202011,12,340,202011,12,340,153670,927718,GULF OF MEXICO,85,2020,November,Marine Tropical Storm,Z,850,TARPON SPRINGS TO SUWANNEE RIVER FL OUT 20NM,85850,TBW,12-NOV-20 03:40:00,EST-5,12-NOV-20 03:40:00,0,0,0,0,0.00K,0.00K,Mesonet,NA,NA,NA,NA,NA,NA,NA,NA,NA,NA,NA,NA,NA,NA,NA,NA,NA,NA,NA,NA,NA,"Hurricane Eta originated from a tropical depression that formed in the central Caribbean Sea on October 31st. The depression strengthened into Tropical Storm Eta later that day and continued rapid intensification to major hurricane status on November 2nd while moving westward across the western Caribbean, reaching peak intensity of 150 mph and 923 mb on November 3rd, before making landfall near Puerto Cabezas, Nicaragua. Eta meandered across Nicaragua and Honduras while weakening to a tropical depression through November 5th before emerging over the northwest Caribbean Sea while gradually turning northeast. Eta regained tropical storm status on November 6th and made landfall in Cuba on the 7th, emerged in the Florida Straits and turned westward on the 8th before making landfall in the Florida Keys later that day. The storm made a southwest jog into the southeastern Gulf of Mexico on the 9th before it briefly stalled then turned northward on the 10th. Eta accelerated north-northeast across the eastern Gulf toward the western Florida coast and briefly strengthened to a minimal hurricane during the early morning hours on the 11th, reaching a second peak of 75 mph and 983 mb while centered about 170 miles south-southwest of Tampa. Eta then weakened to a tropical storm as it approached the peninsula and made landfall on November 12th near Cedar Key around 4 AM EST with maximum sustained winds of 50 mph and a minimum central pressure of 996 mb.||The highest measured wind gust in west central Florida was 60 mph at Punta Gorda (KPGD) in Charlotte County. Greatest water level rises occurred at Old Port Tampa in Hillsborough County, where a peak of 3.87 ft MHHW was observed. Area rainfall amounts were generally in the 5- to 10-inch range, with a maximum storm total rainfall amount of 10.39 inches recorded near Sun City Center in Hillsborough County.||Levy County- In Levy County the highest wind reported from Hurricane Eta was a gust of 50 mph at a mesonet site on Cedar Key. Rainfall was below 5 inches across the area with no significant damage being reported. The maximum storm surge was 2.10 ft MHHW in Cedar Key.||Citrus County- In Citrus County the highest wind reported from Hurricane Eta was a gust of 53 mph at a mesonet site in Crystal River. Rainfall was below 5 inches across the area with the highest total being 3.64 inches in Inverness. No significant damage was reported. ||Hernando County- In Hernando County the highest wind reported from Hurricane Eta was a gust of 48 mph at a mesonet site in Weeki Wachee. Rainfall was below 5 inches across the area with the highest total being 3.18 inches at the Brooksville-Tampa Regional Airport.  No significant damage was reported. ||Pasco County- In Pasco County the highest wind reported from Hurricane Eta was a gust of 44 mph at the AWOS located at the Zephyrhills Municipal Airport. Rainfall was generally around 5 inches across the area with the highest total being 5.05 inches in Holiday.  No significant damage was reported.  ||Pinellas County-In Pinellas County the highest wind reported from Hurricane Eta was a gust of 60 mph at the weather flow site on Clearwater Beach. Rainfall was generally above 5 inches with the highest rain total being 9.11 inches at a site in St. Petersburg. The wind resulted in many homes being damaged, as well as knocking over trees and power lines. There was also significant beach erosion along southwest facing beaches from Redington Shore to Pass-a-Grill. Pinellas County Emergency Management reported 88 homes with major damage, 621 homes with minor damage, and 1,496 other homes being affected. The total property damage by Eta in Pinellas County was estimated at $40.1 million. The maximum storm surge was 3.47 ft MHHW at St. Pete Beach. ||Hillsborough County- In Hillsborough County the highest wind reported from Hurricane Eta was a gust of 59 mph at the weather flow site at the Tampa Bay Cut. Rainfall was generally above 5 inches, with the highest rain total being 10.39 inches at a site in Sun City Center. The wind resulted in some homes being damaged, as well as knocking over trees and power lines. Hillsborough County Emergency Management reported  8 homes with major damage, 15 homes with minor damage, and 10 other homes being affected. The total property damage by Eta in Hillsborough county was estimated at $485,00. The maximum storm surge was 3.87 ft MHHW at Old Port Tampa. ||Manatee County-In Manatee County the highest wind reported from Hurricane Eta was a gust of 54 mph at the ASOS site at Sarasota-Bradenton International Airport. Rainfall was generally above 5 inches, with the highest rain total being 8.10 inches at a site in South Bradenton. The wind and salt water flooding resulted in some homes being damaged, as well as knocking over trees and power lines. There was also significant beach erosion along barrier island from Anna Maria Island to Long Key. Manatee County Emergency Management reported 6 homes with major damage, 27 homes with minor damage, and 99 other homes being affected. An EF-0 tornado was also found to have briefly touched down near Myakka causing porch damage to one home. The total property damage by Eta in Manatee County was estimated at $10.3 million.  The maximum storm surge was 3.03 ft MHHW at Port Manatee. There was one indirect fatality reported in Bradenton Beach when a man was electrocuted when he touched an appliance while standing in water that had entered his house.||Sarasota County-In Sarasota County the highest wind reported from Hurricane Eta was a gust of 57 mph at the AWOS site at Venice Municipal Airport. Rainfall was generally around 5 inches, with the highest rain total being 6.23 inches at Sarasota-Bradenton International Airport. The wind caused some damage to homes, as well as knocking over trees and power lines. Also, storm surge caused the first floor of multiple hotels on Lido Key to be evacuated and caused damage to parking lots and jetties in the area.  The National Weather Service estimates about $500,000 in damages in the county.  ||Charlotte County- In Charlotte County the highest wind reported from Hurricane Eta was a gust of 60 mph at the ASOS at Punta Gorda Airport. Rainfall was generally below 5 inches, with the highest rain total being 4.58 inches at a site in Rotonda. The wind caused some damage to homes, as well as knocking down a few trees and power lines. Also, storm surge caused beach erosion and flooded streets and parking lots near Punta Gorda, Manasota Key, and Englewood Beach areas.  The National Weather Service estimates about $100,000 in damages in the county. ||Lee County- In Lee County the highest wind reported from Hurricane Eta was a gust of 52 mph at the ASOS at Southwest Florida International Airport. Rainfall was generally below 5 inches, with the highest rain total being 4.77 at the Southwest Florida International Airport. The wind caused some damage to homes, as well as knocking down a few trees and power lines. Also, salt water flooding was observed on south exposed beaches and nearby homes. The National Weather Service estimates about $100,000 in damages in the county. The maximum storm surge was 2.74 ft MHHW in Fort Myers.||Sumter County- In Sumter County no tropical storm wind speeds were recorded. Rainfall was generally around 5 inches across the area with the highest total being 5.51 inches in Wildwood.  No damage being reports. ||Polk County- In Polk County the highest wind reported from Hurricane Eta was a gust of 44 mph at the ASOS located at the Lakeland Linder Regional Airport. Rainfall was generally below 5 inches across the area with the highest total being 4.31 inches in Lakeland.  No damage being reports. ||Hardee County- In Hardee County there was no tropical storm force winds recorded. Rainfall was generally below 5 inches and no significant damage was reported. ||Desoto County- In Desoto County there was no tropical storm force winds recorded. Rainfall was generally below 5 inches and no significant damage was reported. ||Highlands County- In Highlands County the highest wind reported from Hurricane Eta was a gust of 39 mph at the AWOS located at the Sebring Regional Airport. Rainfall was generally below 5 inches across the area.  No damage being reports.","Hurricane Eta formed in the central Caribbean Sea on October 31st and moved through the Caribbean Sea and the Gulf of Mexico making four separate landfalls. The first landfall was in Puerto Cabezas, Nicaragua before re emerging and making landfall in Cuba and the Florida Keys. Eta made its final landfall in the early morning hours on Nov 12th in Cedar Key with maximum wind speeds of 50 mph and a pressure of 996mb. Mesonet site 0212W located W of Crystal River reported a wind gust of 53 mph/ 46kts.",CSV
202011,8,2054,202011,9,1439,153602,927540,GULF OF MEXICO,85,2020,November,Marine Tropical Storm,Z,856,COASTAL WATERS FROM BONITA BEACH TO ENGLEWOOD FL OUT 20 NM,85856,TBW,08-NOV-20 20:54:00,EST-5,09-NOV-20 14:39:00,0,0,0,0,0.00K,0.00K,Buoy,NA,NA,NA,NA,NA,NA,NA,NA,NA,NA,NA,NA,NA,NA,NA,NA,NA,NA,NA,NA,NA,"Hurricane Eta originated from a tropical depression that formed in the central Caribbean Sea on October 31st. The depression strengthened into Tropical Storm Eta later that day and continued rapid intensification to major hurricane status on November 2nd while moving westward across the western Caribbean, reaching peak intensity of 150 mph and 923 mb on November 3rd, before making landfall near Puerto Cabezas, Nicaragua. Eta meandered across Nicaragua and Honduras while weakening to a tropical depression through November 5th before emerging over the northwest Caribbean Sea while gradually turning northeast. Eta regained tropical storm status on November 6th and made landfall in Cuba on the 7th, emerged in the Florida Straits and turned westward on the 8th before making landfall in the Florida Keys later that day. The storm made a southwest jog into the southeastern Gulf of Mexico on the 9th before it briefly stalled then turned northward on the 10th. Eta accelerated north-northeast across the eastern Gulf toward the western Florida coast and briefly strengthened to a minimal hurricane during the early morning hours on the 11th, reaching a second peak of 75 mph and 983 mb while centered about 170 miles south-southwest of Tampa. Eta then weakened to a tropical storm as it approached the peninsula and made landfall on November 12th near Cedar Key around 4 AM EST with maximum sustained winds of 50 mph and a minimum central pressure of 996 mb.||The highest measured wind gust in west central Florida was 60 mph at Punta Gorda (KPGD) in Charlotte County. Greatest water level rises occurred at Old Port Tampa in Hillsborough County, where a peak of 3.87 ft MHHW was observed. Area rainfall amounts were generally in the 5- to 10-inch range, with a maximum storm total rainfall amount of 10.39 inches recorded near Sun City Center in Hillsborough County.||Levy County- In Levy County the highest wind reported from Hurricane Eta was a gust of 50 mph at a mesonet site on Cedar Key. Rainfall was below 5 inches across the area with no significant damage being reported. The maximum storm surge was 2.10 ft MHHW in Cedar Key.||Citrus County- In Citrus County the highest wind reported from Hurricane Eta was a gust of 53 mph at a mesonet site in Crystal River. Rainfall was below 5 inches across the area with the highest total being 3.64 inches in Inverness. No significant damage was reported. ||Hernando County- In Hernando County the highest wind reported from Hurricane Eta was a gust of 48 mph at a mesonet site in Weeki Wachee. Rainfall was below 5 inches across the area with the highest total being 3.18 inches at the Brooksville-Tampa Regional Airport.  No significant damage was reported. ||Pasco County- In Pasco County the highest wind reported from Hurricane Eta was a gust of 44 mph at the AWOS located at the Zephyrhills Municipal Airport. Rainfall was generally around 5 inches across the area with the highest total being 5.05 inches in Holiday.  No significant damage was reported.  ||Pinellas County-In Pinellas County the highest wind reported from Hurricane Eta was a gust of 60 mph at the weather flow site on Clearwater Beach. Rainfall was generally above 5 inches with the highest rain total being 9.11 inches at a site in St. Petersburg. The wind resulted in many homes being damaged, as well as knocking over trees and power lines. There was also significant beach erosion along southwest facing beaches from Redington Shore to Pass-a-Grill. Pinellas County Emergency Management reported 88 homes with major damage, 621 homes with minor damage, and 1,496 other homes being affected. The total property damage by Eta in Pinellas County was estimated at $40.1 million. The maximum storm surge was 3.47 ft MHHW at St. Pete Beach. ||Hillsborough County- In Hillsborough County the highest wind reported from Hurricane Eta was a gust of 59 mph at the weather flow site at the Tampa Bay Cut. Rainfall was generally above 5 inches, with the highest rain total being 10.39 inches at a site in Sun City Center. The wind resulted in some homes being damaged, as well as knocking over trees and power lines. Hillsborough County Emergency Management reported  8 homes with major damage, 15 homes with minor damage, and 10 other homes being affected. The total property damage by Eta in Hillsborough county was estimated at $485,00. The maximum storm surge was 3.87 ft MHHW at Old Port Tampa. ||Manatee County-In Manatee County the highest wind reported from Hurricane Eta was a gust of 54 mph at the ASOS site at Sarasota-Bradenton International Airport. Rainfall was generally above 5 inches, with the highest rain total being 8.10 inches at a site in South Bradenton. The wind and salt water flooding resulted in some homes being damaged, as well as knocking over trees and power lines. There was also significant beach erosion along barrier island from Anna Maria Island to Long Key. Manatee County Emergency Management reported 6 homes with major damage, 27 homes with minor damage, and 99 other homes being affected. An EF-0 tornado was also found to have briefly touched down near Myakka causing porch damage to one home. The total property damage by Eta in Manatee County was estimated at $10.3 million.  The maximum storm surge was 3.03 ft MHHW at Port Manatee. There was one indirect fatality reported in Bradenton Beach when a man was electrocuted when he touched an appliance while standing in water that had entered his house.||Sarasota County-In Sarasota County the highest wind reported from Hurricane Eta was a gust of 57 mph at the AWOS site at Venice Municipal Airport. Rainfall was generally around 5 inches, with the highest rain total being 6.23 inches at Sarasota-Bradenton International Airport. The wind caused some damage to homes, as well as knocking over trees and power lines. Also, storm surge caused the first floor of multiple hotels on Lido Key to be evacuated and caused damage to parking lots and jetties in the area.  The National Weather Service estimates about $500,000 in damages in the county.  ||Charlotte County- In Charlotte County the highest wind reported from Hurricane Eta was a gust of 60 mph at the ASOS at Punta Gorda Airport. Rainfall was generally below 5 inches, with the highest rain total being 4.58 inches at a site in Rotonda. The wind caused some damage to homes, as well as knocking down a few trees and power lines. Also, storm surge caused beach erosion and flooded streets and parking lots near Punta Gorda, Manasota Key, and Englewood Beach areas.  The National Weather Service estimates about $100,000 in damages in the county. ||Lee County- In Lee County the highest wind reported from Hurricane Eta was a gust of 52 mph at the ASOS at Southwest Florida International Airport. Rainfall was generally below 5 inches, with the highest rain total being 4.77 at the Southwest Florida International Airport. The wind caused some damage to homes, as well as knocking down a few trees and power lines. Also, salt water flooding was observed on south exposed beaches and nearby homes. The National Weather Service estimates about $100,000 in damages in the county. The maximum storm surge was 2.74 ft MHHW in Fort Myers.||Sumter County- In Sumter County no tropical storm wind speeds were recorded. Rainfall was generally around 5 inches across the area with the highest total being 5.51 inches in Wildwood.  No damage being reports. ||Polk County- In Polk County the highest wind reported from Hurricane Eta was a gust of 44 mph at the ASOS located at the Lakeland Linder Regional Airport. Rainfall was generally below 5 inches across the area with the highest total being 4.31 inches in Lakeland.  No damage being reports. ||Hardee County- In Hardee County there was no tropical storm force winds recorded. Rainfall was generally below 5 inches and no significant damage was reported. ||Desoto County- In Desoto County there was no tropical storm force winds recorded. Rainfall was generally below 5 inches and no significant damage was reported. ||Highlands County- In Highlands County the highest wind reported from Hurricane Eta was a gust of 39 mph at the AWOS located at the Sebring Regional Airport. Rainfall was generally below 5 inches across the area.  No damage being reports.","Hurricane Eta formed in the central Caribbean Sea on October��31st and moved through the Caribbean Sea and the Gulf of Mexico making four separate landfalls. The first landfall was in Puerto Cabezas, Nicaragua��before re emerging and making landfall in Cuba and the Florida Keys. Eta made its final landfall in the early morning hours on Nov��12th in Cedar Key with maximum wind speeds of 50 mph and a pressure of 996mb.��Bouy BGCF1 NNW of Bonta Shores reported a wind gust of 43 mph/37 knots.",CSV
202010,9,1600,202010,9,1600,153882,926670,GULF OF MEXICO,85,2020,October,Marine Tropical Storm,Z,552,COASTAL WATERS FROM SOUTHWEST PASS OF THE MISSISSIPPI RIVER TO PORT FOURCHON LOUISIANA OUT 20 NM,85552,LIX,09-OCT-20 16:00:00,CST-6,09-OCT-20 16:00:00,0,0,0,0,0.00K,0.00K,Other Federal Agency,NA,NA,NA,NA,NA,NA,NA,NA,NA,NA,NA,NA,NA,NA,NA,NA,NA,NA,NA,NA,NA,"Delta first developed into a tropical depression in the Caribbean just south of Jamaica on the afternoon of October 4th. As it tracked across the western Caribbean, it rapidly intensified into a Category 4 hurricane. In fact, intensifying from tropical depression to Category strength in 40 hours is the fastest rate of intensification of any storm on record in the Atlantic Basin. Delta quickly weakened to a category 1 hurricane after making its first landfall on the Yucatan Peninsula. It gradually recurved north towards the Louisiana coastline, fluctuating in intensity between Category 2 and 3. Hurricane Delta ultimately arrived with an intensity of 105 mph, strong category 2 storm. Delta first developed into a tropical depression in the Caribbean just south of Jamaica on the afternoon of October 4th. As it tracked across the western Caribbean, it rapidly intensified into a Category 4 hurricane. In fact, intensifying from tropical depression to Category strength in 40 hours is the fastest rate of intensification of any storm on record in the Atlantic Basin. Delta quickly weakened to a category 1 hurricane after making its first landfall on the Yucatan Peninsula. It gradually recurved north towards the Louisiana coastline, fluctuating in intensity between Category 2 and 3. Hurricane Delta ultimately arrived with an intensity of 105 mph, strong category 2 storm. Local impacts include 50 to 70 MPH wind gusts across the area, surge of 2 to 3 feet above ground and widespread tree and structure damage. There were approximately 6 injuries. Delta caused approximately $100 million worth of damage across southeast Louisiana. ||It made landfall around 5 pm east of Cameron LA or about 15 miles east of where Category 4 Hurricane Laura made landfall just a couple months earlier this year. Delta became the 4th named storm to make landfall in Louisiana this hurricane season.",The Mississippi Canyon 311A (KMDJ) anemometer measured a peak gust of 46 knots. The Louisiana Offshore Oil Port (LOPL1) anemometer measured a peak wind gust of 43 knots. The West Delta 27A (KDLP) anemometer measured a peak wind gust of 40 knots.,CSV
202010,9,1600,202010,9,1600,153882,926662,GULF OF MEXICO,85,2020,October,Marine Tropical Storm,Z,530,LAKE PONCHARTRAIN AND LAKE MAUREPAS,85530,LIX,09-OCT-20 16:00:00,CST-6,09-OCT-20 16:00:00,0,0,0,0,0.00K,0.00K,Other Federal Agency,NA,NA,NA,NA,NA,NA,NA,NA,NA,NA,NA,NA,NA,NA,NA,NA,NA,NA,NA,NA,NA,"Delta first developed into a tropical depression in the Caribbean just south of Jamaica on the afternoon of October 4th. As it tracked across the western Caribbean, it rapidly intensified into a Category 4 hurricane. In fact, intensifying from tropical depression to Category strength in 40 hours is the fastest rate of intensification of any storm on record in the Atlantic Basin. Delta quickly weakened to a category 1 hurricane after making its first landfall on the Yucatan Peninsula. It gradually recurved north towards the Louisiana coastline, fluctuating in intensity between Category 2 and 3. Hurricane Delta ultimately arrived with an intensity of 105 mph, strong category 2 storm. Delta first developed into a tropical depression in the Caribbean just south of Jamaica on the afternoon of October 4th. As it tracked across the western Caribbean, it rapidly intensified into a Category 4 hurricane. In fact, intensifying from tropical depression to Category strength in 40 hours is the fastest rate of intensification of any storm on record in the Atlantic Basin. Delta quickly weakened to a category 1 hurricane after making its first landfall on the Yucatan Peninsula. It gradually recurved north towards the Louisiana coastline, fluctuating in intensity between Category 2 and 3. Hurricane Delta ultimately arrived with an intensity of 105 mph, strong category 2 storm. Local impacts include 50 to 70 MPH wind gusts across the area, surge of 2 to 3 feet above ground and widespread tree and structure damage. There were approximately 6 injuries. Delta caused approximately $100 million worth of damage across southeast Louisiana. ||It made landfall around 5 pm east of Cameron LA or about 15 miles east of where Category 4 Hurricane Laura made landfall just a couple months earlier this year. Delta became the 4th named storm to make landfall in Louisiana this hurricane season.",The New Canal (NWCL1) NOS anemometer measured a peak wind gust of 34 knots. The Mid Lake Pontchartrain Weatherflow measonet anemometer measured a peak wind gust of 43 knots. The Frenier Landing (FREL1) anemometer measured a peak wind gust of 44 knots.,CSV
202010,9,1600,202010,9,1600,153882,926665,GULF OF MEXICO,85,2020,October,Marine Tropical Storm,Z,534,LAKE BORGNE,85534,LIX,09-OCT-20 16:00:00,CST-6,09-OCT-20 16:00:00,0,0,0,0,0.00K,0.00K,Other Federal Agency,NA,NA,NA,NA,NA,NA,NA,NA,NA,NA,NA,NA,NA,NA,NA,NA,NA,NA,NA,NA,NA,"Delta first developed into a tropical depression in the Caribbean just south of Jamaica on the afternoon of October 4th. As it tracked across the western Caribbean, it rapidly intensified into a Category 4 hurricane. In fact, intensifying from tropical depression to Category strength in 40 hours is the fastest rate of intensification of any storm on record in the Atlantic Basin. Delta quickly weakened to a category 1 hurricane after making its first landfall on the Yucatan Peninsula. It gradually recurved north towards the Louisiana coastline, fluctuating in intensity between Category 2 and 3. Hurricane Delta ultimately arrived with an intensity of 105 mph, strong category 2 storm. Delta first developed into a tropical depression in the Caribbean just south of Jamaica on the afternoon of October 4th. As it tracked across the western Caribbean, it rapidly intensified into a Category 4 hurricane. In fact, intensifying from tropical depression to Category strength in 40 hours is the fastest rate of intensification of any storm on record in the Atlantic Basin. Delta quickly weakened to a category 1 hurricane after making its first landfall on the Yucatan Peninsula. It gradually recurved north towards the Louisiana coastline, fluctuating in intensity between Category 2 and 3. Hurricane Delta ultimately arrived with an intensity of 105 mph, strong category 2 storm. Local impacts include 50 to 70 MPH wind gusts across the area, surge of 2 to 3 feet above ground and widespread tree and structure damage. There were approximately 6 injuries. Delta caused approximately $100 million worth of damage across southeast Louisiana. ||It made landfall around 5 pm east of Cameron LA or about 15 miles east of where Category 4 Hurricane Laura made landfall just a couple months earlier this year. Delta became the 4th named storm to make landfall in Louisiana this hurricane season.",The NOS gauge at Shell Beach (SHBL1) measured a peak gust of 41 knots.,CSV
202010,9,1600,202010,9,1600,153882,926669,GULF OF MEXICO,85,2020,October,Marine Tropical Storm,Z,555,COASTAL WATERS FROM BOOTHVILLE LOUISIANA TO SOUTHWEST PASS OF THE MISSISSIPPI RIVER OUT 20 NM,85555,LIX,09-OCT-20 16:00:00,CST-6,09-OCT-20 16:00:00,0,0,0,0,0.00K,0.00K,C-MAN Station,NA,NA,NA,NA,NA,NA,NA,NA,NA,NA,NA,NA,NA,NA,NA,NA,NA,NA,NA,NA,NA,"Delta first developed into a tropical depression in the Caribbean just south of Jamaica on the afternoon of October 4th. As it tracked across the western Caribbean, it rapidly intensified into a Category 4 hurricane. In fact, intensifying from tropical depression to Category strength in 40 hours is the fastest rate of intensification of any storm on record in the Atlantic Basin. Delta quickly weakened to a category 1 hurricane after making its first landfall on the Yucatan Peninsula. It gradually recurved north towards the Louisiana coastline, fluctuating in intensity between Category 2 and 3. Hurricane Delta ultimately arrived with an intensity of 105 mph, strong category 2 storm. Delta first developed into a tropical depression in the Caribbean just south of Jamaica on the afternoon of October 4th. As it tracked across the western Caribbean, it rapidly intensified into a Category 4 hurricane. In fact, intensifying from tropical depression to Category strength in 40 hours is the fastest rate of intensification of any storm on record in the Atlantic Basin. Delta quickly weakened to a category 1 hurricane after making its first landfall on the Yucatan Peninsula. It gradually recurved north towards the Louisiana coastline, fluctuating in intensity between Category 2 and 3. Hurricane Delta ultimately arrived with an intensity of 105 mph, strong category 2 storm. Local impacts include 50 to 70 MPH wind gusts across the area, surge of 2 to 3 feet above ground and widespread tree and structure damage. There were approximately 6 injuries. Delta caused approximately $100 million worth of damage across southeast Louisiana. ||It made landfall around 5 pm east of Cameron LA or about 15 miles east of where Category 4 Hurricane Laura made landfall just a couple months earlier this year. Delta became the 4th named storm to make landfall in Louisiana this hurricane season.",The Pilot Station East (PSTL1) anemometer measured a peak gust of 45 knots. The C-MAN (BURL1) at Southwest Pass measured a peak wind gust of 35 knots. The Pilottown (PILL1) anemometer measured a peak wind gust of 36 knots.,CSV
202010,9,1600,202010,9,1600,153882,926659,GULF OF MEXICO,85,2020,October,Marine Tropical Storm,Z,538,BRETON SOUND,85538,LIX,09-OCT-20 16:00:00,CST-6,09-OCT-20 16:00:00,0,0,0,0,0.00K,0.00K,Other Federal Agency,NA,NA,NA,NA,NA,NA,NA,NA,NA,NA,NA,NA,NA,NA,NA,NA,NA,NA,NA,NA,NA,"Delta first developed into a tropical depression in the Caribbean just south of Jamaica on the afternoon of October 4th. As it tracked across the western Caribbean, it rapidly intensified into a Category 4 hurricane. In fact, intensifying from tropical depression to Category strength in 40 hours is the fastest rate of intensification of any storm on record in the Atlantic Basin. Delta quickly weakened to a category 1 hurricane after making its first landfall on the Yucatan Peninsula. It gradually recurved north towards the Louisiana coastline, fluctuating in intensity between Category 2 and 3. Hurricane Delta ultimately arrived with an intensity of 105 mph, strong category 2 storm. Delta first developed into a tropical depression in the Caribbean just south of Jamaica on the afternoon of October 4th. As it tracked across the western Caribbean, it rapidly intensified into a Category 4 hurricane. In fact, intensifying from tropical depression to Category strength in 40 hours is the fastest rate of intensification of any storm on record in the Atlantic Basin. Delta quickly weakened to a category 1 hurricane after making its first landfall on the Yucatan Peninsula. It gradually recurved north towards the Louisiana coastline, fluctuating in intensity between Category 2 and 3. Hurricane Delta ultimately arrived with an intensity of 105 mph, strong category 2 storm. Local impacts include 50 to 70 MPH wind gusts across the area, surge of 2 to 3 feet above ground and widespread tree and structure damage. There were approximately 6 injuries. Delta caused approximately $100 million worth of damage across southeast Louisiana. ||It made landfall around 5 pm east of Cameron LA or about 15 miles east of where Category 4 Hurricane Laura made landfall just a couple months earlier this year. Delta became the 4th named storm to make landfall in Louisiana this hurricane season.",The Bay Waveland Yacht Club (WYCM6) anemometer measured a peak gust of 47 knots. The Weatherflow anemometer on Ship Island measured a peak wind gust of 36 knots. The anemometer on Petit Bois measured a peak wind gust of 41 knots.,CSV
202109,8,1600,202109,9,100,162658,982154,GULF OF MEXICO,85,2021,September,Marine Tropical Storm,Z,770,WATERS FROM OKALOOSA-WALTON COUNTY LINE TO MEXICO BEACH FL 20 TO 60 NM,85770,TAE,08-SEP-21 16:00:00,EST-5,09-SEP-21 01:00:00,0,0,0,0,0.00K,0.00K,Official NWS Observations,NA,NA,NA,NA,NA,NA,NA,NA,NA,NA,NA,NA,NA,NA,NA,NA,NA,NA,NA,NA,NA,"Tropical Storm Mindy developed on the southwestern edge of the coastal waters and moved through the area, bringing tropical storm conditions.  Prior to its development, the area of disturbed weather brought squally conditions with occasional gusty winds.",NA,CSV
202109,8,1600,202109,9,100,162658,982155,GULF OF MEXICO,85,2021,September,Marine Tropical Storm,Z,772,WATERS FROM MEXICO BEACH TO APALACHICOLA FL 20 TO 60 NM,85772,TAE,08-SEP-21 16:00:00,EST-5,09-SEP-21 01:00:00,0,0,0,0,0.00K,0.00K,Official NWS Observations,NA,NA,NA,NA,NA,NA,NA,NA,NA,NA,NA,NA,NA,NA,NA,NA,NA,NA,NA,NA,NA,"Tropical Storm Mindy developed on the southwestern edge of the coastal waters and moved through the area, bringing tropical storm conditions.  Prior to its development, the area of disturbed weather brought squally conditions with occasional gusty winds.",NA,CSV
202109,8,1600,202109,9,100,162658,982156,GULF OF MEXICO,85,2021,September,Marine Tropical Storm,Z,752,COASTAL WATERS FROM MEXICO BEACH TO APALACHICOLA OUT 20 NM,85752,TAE,08-SEP-21 16:00:00,EST-5,09-SEP-21 01:00:00,0,0,0,0,0.00K,0.00K,Official NWS Observations,NA,NA,NA,NA,NA,NA,NA,NA,NA,NA,NA,NA,NA,NA,NA,NA,NA,NA,NA,NA,NA,"Tropical Storm Mindy developed on the southwestern edge of the coastal waters and moved through the area, bringing tropical storm conditions.  Prior to its development, the area of disturbed weather brought squally conditions with occasional gusty winds.",NA,CSV
202109,8,1600,202109,9,100,162658,982157,GULF OF MEXICO,85,2021,September,Marine Tropical Storm,Z,755,COASTAL WATERS FROM OCHLOCKONEE RIVER TO APALACHICOLA FL OUT TO 20 NM,85755,TAE,08-SEP-21 16:00:00,EST-5,09-SEP-21 01:00:00,0,0,0,0,0.00K,0.00K,Official NWS Observations,NA,NA,NA,NA,NA,NA,NA,NA,NA,NA,NA,NA,NA,NA,NA,NA,NA,NA,NA,NA,NA,"Tropical Storm Mindy developed on the southwestern edge of the coastal waters and moved through the area, bringing tropical storm conditions.  Prior to its development, the area of disturbed weather brought squally conditions with occasional gusty winds.",NA,CSV
202109,8,1600,202109,9,100,162658,982158,GULF OF MEXICO,85,2021,September,Marine Tropical Storm,Z,730,APALACHEE BAY OR COASTAL WATERS FROM KEATON BEACH TO OCHLOCKONEE RIVER FL OUT TO 20 NM,85730,TAE,08-SEP-21 16:00:00,EST-5,09-SEP-21 01:00:00,0,0,0,0,0.00K,0.00K,Official NWS Observations,NA,NA,NA,NA,NA,NA,NA,NA,NA,NA,NA,NA,NA,NA,NA,NA,NA,NA,NA,NA,NA,"Tropical Storm Mindy developed on the southwestern edge of the coastal waters and moved through the area, bringing tropical storm conditions.  Prior to its development, the area of disturbed weather brought squally conditions with occasional gusty winds.",NA,CSV
202109,13,600,202109,14,100,163116,984852,GULF OF MEXICO,85,2021,September,Marine Tropical Storm,Z,270,PT ARANSAS TO BAFFIN BAY TX 20 TO 60NM,85270,CRP,13-SEP-21 06:00:00,CST-6,14-SEP-21 01:00:00,0,0,0,0,0.00K,0.00K,Official NWS Observations,NA,NA,NA,NA,NA,NA,NA,NA,NA,NA,NA,NA,NA,NA,NA,NA,NA,NA,NA,NA,NA,An area of low pressure over the western Caribbean Sea on September 9th moved west into the Bay of Campeche by the 11th. The low pressure area strengthened to become Tropical Storm Nicholas over the southern Gulf of Mexico on the morning of the 12th. Nicholas moved northward across the western Gulf of Mexico to the lower Texas coastal waters early on the 13th. Tropical storm force gusts reached southern portions of the Middle Texas coastal waters during the early morning hours of the 13th. Tropical Storm Nicholas moved to the north during the afternoon and evening on the 13th across the coastal waters of the Middle Texas coast. Seas increased to 15 to 20 feet over the Gulf waters during the afternoon. Nicholas moved north-northeast and made landfall east of Matagorda Bay before midnight as a minimal hurricane.,"Doppler radar, satellite imagery, and aircraft reconnaissance indicated Tropical Storm Nicholas moved across the region from the early morning to late evening hours of the 13th. Sustained winds were from 55-60 knots with gusts up to 70 knots. Seas built to 15 to 20 feet in the late morning through the afternoon and evening.",CSV
202109,13,400,202109,13,1800,163116,984855,GULF OF MEXICO,85,2021,September,Marine Tropical Storm,Z,230,CORPUS CHRISTI TO BAFFIN BAY,85230,CRP,13-SEP-21 04:00:00,CST-6,13-SEP-21 18:00:00,0,0,0,0,0.00K,0.00K,Official NWS Observations,NA,NA,NA,NA,NA,NA,NA,NA,NA,NA,NA,NA,NA,NA,NA,NA,NA,NA,NA,NA,NA,An area of low pressure over the western Caribbean Sea on September 9th moved west into the Bay of Campeche by the 11th. The low pressure area strengthened to become Tropical Storm Nicholas over the southern Gulf of Mexico on the morning of the 12th. Nicholas moved northward across the western Gulf of Mexico to the lower Texas coastal waters early on the 13th. Tropical storm force gusts reached southern portions of the Middle Texas coastal waters during the early morning hours of the 13th. Tropical Storm Nicholas moved to the north during the afternoon and evening on the 13th across the coastal waters of the Middle Texas coast. Seas increased to 15 to 20 feet over the Gulf waters during the afternoon. Nicholas moved north-northeast and made landfall east of Matagorda Bay before midnight as a minimal hurricane.,"Doppler radar, satellite imagery, and aircraft reconnaissance indicated Tropical Storm Nicholas moved across the Gulf waters east of the bays from the early morning to late evening hours of the 13th. Squalls produced wind gusts from 35-40 knots.",CSV
202109,13,600,202109,13,2200,163116,984856,GULF OF MEXICO,85,2021,September,Marine Tropical Storm,Z,235,PT O'CONNOR TO ARANSAS PASS,85235,CRP,13-SEP-21 06:00:00,CST-6,13-SEP-21 22:00:00,0,0,0,0,0.00K,0.00K,Official NWS Observations,NA,NA,NA,NA,NA,NA,NA,NA,NA,NA,NA,NA,NA,NA,NA,NA,NA,NA,NA,NA,NA,An area of low pressure over the western Caribbean Sea on September 9th moved west into the Bay of Campeche by the 11th. The low pressure area strengthened to become Tropical Storm Nicholas over the southern Gulf of Mexico on the morning of the 12th. Nicholas moved northward across the western Gulf of Mexico to the lower Texas coastal waters early on the 13th. Tropical storm force gusts reached southern portions of the Middle Texas coastal waters during the early morning hours of the 13th. Tropical Storm Nicholas moved to the north during the afternoon and evening on the 13th across the coastal waters of the Middle Texas coast. Seas increased to 15 to 20 feet over the Gulf waters during the afternoon. Nicholas moved north-northeast and made landfall east of Matagorda Bay before midnight as a minimal hurricane.,"Doppler radar, satellite imagery, and aircraft reconnaissance indicated Tropical Storm Nicholas moved across the Gulf waters east of the bays from the morning to late evening hours of the 13th. Squalls produced wind gusts from 40-45 knots. The wind gust to 56 knots at Port O'Connor at 545 PM was the highest gust recorded.",CSV
202107,7,1830,202107,7,1830,159621,965493,ATLANTIC SOUTH,87,2021,July,Marine Tropical Storm,Z,450,ALTAMAHA SD TO FERNANDINA BEACH FL OUT 20NM,87450,JAX,07-JUL-21 18:30:00,EST-5,07-JUL-21 18:30:00,0,0,0,0,0.00K,0.00K,Official NWS Observations,NA,NA,NA,NA,NA,NA,NA,NA,NA,NA,NA,NA,NA,NA,NA,NA,NA,NA,NA,NA,NA,"Tropical Storm Elsa tracked NNE across the western tier of the local forecast area through the day on Wed, July 7th. The storm made landfall along the FL Big Bend coast. The main impacts from TS Elsa for the local area included 3 confirmed tornadoes, downed trees due to gusty winds, and heavy rainfall which caused river flooding. There was one loss of life due to a tree falling onto a car. Peak rainfall amount was near 7.2 inches in Alachua county and the peak recorded wind gust in a squall was 58 mph in Jekyll Island GA.",The gage at St. Simons Island Village Pier (NOS) measured a sustained wind of 45 mph as TS Elsa impacted the region.,CSV
202109,13,1800,202109,14,500,161221,987275,GULF OF MEXICO,85,2021,September,Marine Tropical Storm,Z,370,FREEPORT TO MATAGORDA SHIP CHNL 20 TO 60NM,85370,HGX,13-SEP-21 18:00:00,CST-6,14-SEP-21 05:00:00,0,0,0,0,NA,NA,Buoy,NA,NA,NA,NA,NA,NA,NA,NA,NA,NA,NA,NA,NA,NA,NA,NA,NA,NA,NA,NA,NA,"Nicholas formed on September 12 in the Southwestern Gulf of Mexico, slowly advancing northeastward along the Middle Texas Coast. It eventually made landfall 10 miles west of Sargent just after midnight on September 14, with maximum sustained wind speeds of 75 mph. Heavy rain bands associated with Nicholas brought widespread rainfall totals of 6 to 10 inches to the Southeast Texas Coast, while strong wind gusts resulted in tree and structural damage as well as widespread power outages across the area. Additionally, Nicholas's surge resulted in flooding along the coast, particularly around Matagorda Bay.",Hurricane Nicholas produced several hours of strong tropical storm force sustained winds and gusts.,CSV
202107,8,1919,202107,8,1919,161855,977361,ATLANTIC NORTH,88,2021,July,Marine Tropical Storm,Z,631,CHESAPEAKE BAY WINDMILL PT TO NEW PT COMFORT VA,88631,AKQ,08-JUL-21 19:19:00,EST-5,08-JUL-21 19:19:00,0,0,0,0,0.00K,0.00K,Mesonet,NA,NA,NA,NA,NA,NA,NA,NA,NA,NA,NA,NA,NA,NA,NA,NA,NA,NA,NA,NA,NA,"The center of Tropical Storm Elsa tracked north just inland of the Middle Atlantic Coast from Thursday morning through Thursday night, July 8th. The Tropical Storm produced tropical storm force wind gusts across portions of the Chesapeake Bay.",Wind gust of 42 knots was measured at New Point Comfort.,CSV
202107,8,1950,202107,8,1950,161855,977365,ATLANTIC NORTH,88,2021,July,Marine Tropical Storm,Z,631,CHESAPEAKE BAY WINDMILL PT TO NEW PT COMFORT VA,88631,AKQ,08-JUL-21 19:50:00,EST-5,08-JUL-21 19:50:00,0,0,0,0,0.00K,0.00K,C-MAN Station,NA,NA,NA,NA,NA,NA,NA,NA,NA,NA,NA,NA,NA,NA,NA,NA,NA,NA,NA,NA,NA,"The center of Tropical Storm Elsa tracked north just inland of the Middle Atlantic Coast from Thursday morning through Thursday night, July 8th. The Tropical Storm produced tropical storm force wind gusts across portions of the Chesapeake Bay.",Wind gust of 37 knots was measured at Stingray Point.,CSV
202107,8,2006,202107,8,2006,161855,977368,ATLANTIC NORTH,88,2021,July,Marine Tropical Storm,Z,632,"MOUTH OF CHESAPEAKE BAY FROM NEW POINT COMFORT TO LITTLE CREEK, VA",88632,AKQ,08-JUL-21 20:06:00,EST-5,08-JUL-21 20:06:00,0,0,0,0,0.00K,0.00K,C-MAN Station,NA,NA,NA,NA,NA,NA,NA,NA,NA,NA,NA,NA,NA,NA,NA,NA,NA,NA,NA,NA,NA,"The center of Tropical Storm Elsa tracked north just inland of the Middle Atlantic Coast from Thursday morning through Thursday night, July 8th. The Tropical Storm produced tropical storm force wind gusts across portions of the Chesapeake Bay.",Wind gust of 44 knots was measured at Kiptopeke.,CSV
202107,8,1956,202107,8,1956,161855,977369,ATLANTIC NORTH,88,2021,July,Marine Tropical Storm,Z,632,"MOUTH OF CHESAPEAKE BAY FROM NEW POINT COMFORT TO LITTLE CREEK, VA",88632,AKQ,08-JUL-21 19:56:00,EST-5,08-JUL-21 19:56:00,0,0,0,0,0.00K,0.00K,Mesonet,NA,NA,NA,NA,NA,NA,NA,NA,NA,NA,NA,NA,NA,NA,NA,NA,NA,NA,NA,NA,NA,"The center of Tropical Storm Elsa tracked north just inland of the Middle Atlantic Coast from Thursday morning through Thursday night, July 8th. The Tropical Storm produced tropical storm force wind gusts across portions of the Chesapeake Bay.",Wind gust of 52 knots was measured at Plantation Flats.,CSV
202107,9,17,202107,9,17,161855,977371,ATLANTIC NORTH,88,2021,July,Marine Tropical Storm,Z,634,"CHESAPEAKE BAY FROM LITTLE CREEK, VA, TO CAPE HENRY, VA, INCLUDING THE CHESAPEAKE BAY BRIDGE TUNNEL",88634,AKQ,09-JUL-21 00:17:00,EST-5,09-JUL-21 00:17:00,0,0,0,0,0.00K,0.00K,Mesonet,NA,NA,NA,NA,NA,NA,NA,NA,NA,NA,NA,NA,NA,NA,NA,NA,NA,NA,NA,NA,NA,"The center of Tropical Storm Elsa tracked north just inland of the Middle Atlantic Coast from Thursday morning through Thursday night, July 8th. The Tropical Storm produced tropical storm force wind gusts across portions of the Chesapeake Bay.",Wind gust of 52 knots was measured at the Chesapeake Bay Bridge Tunnel 3rd Island.,CSV
202107,8,2030,202107,8,2030,161855,977377,ATLANTIC NORTH,88,2021,July,Marine Tropical Storm,Z,631,CHESAPEAKE BAY WINDMILL PT TO NEW PT COMFORT VA,88631,AKQ,08-JUL-21 20:30:00,EST-5,08-JUL-21 20:30:00,0,0,0,0,0.00K,0.00K,C-MAN Station,NA,NA,NA,NA,NA,NA,NA,NA,NA,NA,NA,NA,NA,NA,NA,NA,NA,NA,NA,NA,NA,"The center of Tropical Storm Elsa tracked north just inland of the Middle Atlantic Coast from Thursday morning through Thursday night, July 8th. The Tropical Storm produced tropical storm force wind gusts across portions of the Chesapeake Bay.",Wind gust of 50 knots was measured at Rappahannock Light.,CSV
202107,5,2200,202107,6,1630,161699,976294,GULF OF MEXICO,85,2021,July,Marine Tropical Storm,Z,33,GULF OF MEXICO FROM EAST CAPE SABLE TO CHOKOLOSKEE 20 TO 60 NM OUT AND BEYOND 5 FATHOMS,85033,KEY,05-JUL-21 22:00:00,EST-5,06-JUL-21 16:30:00,0,0,0,0,0.00K,0.00K,Mesonet,NA,NA,NA,NA,NA,NA,NA,NA,NA,NA,NA,NA,NA,NA,NA,NA,NA,NA,NA,NA,NA,"Tropical Storm Elsa moved north-northwest from western Cuba, through the western Straits of Florida, and passed between the Marquesas Keys and Dry Tortugas into the southeast Gulf of Mexico. Numerous rain bands moved northwest and north through the Lower and Middle Florida Keys coastal waters, with strong tropical-storm-force wind gusts measured near Key West from the evening of July 5th through the afternoon of July 6th. Maximum winds over the Florida Keys coastal waters included sustained winds of 48 knots with gusts to 58 knots at Smith Shoal Light northwest of Key West, and sustained 45 knots with gusts to 55 knots at Sand Key Light southwest of Key West. 9 lives were presumed lost at sea after the U.S. Coast Guard and a good samaritan mariner suspended search after rescuing 13 people from a capsized vessel in the Straits of Florida approximately 26 miles southeast of Key West.",Tropical storm marine winds occurred over the southeast Gulf waters beyond 5 fathoms offshore mainland Monroe County. An automated WeatherFlow station at Smith Shoal Light recorded peak winds sustained 48 knots with gusts to 58 knots at a height of 63 feet above mean sea level.,CSV
202107,8,1910,202107,8,1910,161855,977378,ATLANTIC NORTH,88,2021,July,Marine Tropical Storm,Z,632,"MOUTH OF CHESAPEAKE BAY FROM NEW POINT COMFORT TO LITTLE CREEK, VA",88632,AKQ,08-JUL-21 19:10:00,EST-5,08-JUL-21 19:10:00,0,0,0,0,0.00K,0.00K,Mesonet,NA,NA,NA,NA,NA,NA,NA,NA,NA,NA,NA,NA,NA,NA,NA,NA,NA,NA,NA,NA,NA,"The center of Tropical Storm Elsa tracked north just inland of the Middle Atlantic Coast from Thursday morning through Thursday night, July 8th. The Tropical Storm produced tropical storm force wind gusts across portions of the Chesapeake Bay.",Wind gust of 49 knots was measured at Poquoson River Light.,CSV
202107,8,2318,202107,8,2318,161855,977383,ATLANTIC NORTH,88,2021,July,Marine Tropical Storm,Z,634,"CHESAPEAKE BAY FROM LITTLE CREEK, VA, TO CAPE HENRY, VA, INCLUDING THE CHESAPEAKE BAY BRIDGE TUNNEL",88634,AKQ,08-JUL-21 23:18:00,EST-5,08-JUL-21 23:18:00,0,0,0,0,0.00K,0.00K,Mesonet,NA,NA,NA,NA,NA,NA,NA,NA,NA,NA,NA,NA,NA,NA,NA,NA,NA,NA,NA,NA,NA,"The center of Tropical Storm Elsa tracked north just inland of the Middle Atlantic Coast from Thursday morning through Thursday night, July 8th. The Tropical Storm produced tropical storm force wind gusts across portions of the Chesapeake Bay.",Wind gust of 45 knots was measured at the Chesapeake Bay Bridge Tunnel 3rd Island.,CSV
202107,8,1930,202107,8,1930,161855,977385,ATLANTIC NORTH,88,2021,July,Marine Tropical Storm,Z,631,CHESAPEAKE BAY WINDMILL PT TO NEW PT COMFORT VA,88631,AKQ,08-JUL-21 19:30:00,EST-5,08-JUL-21 19:30:00,0,0,0,0,0.00K,0.00K,C-MAN Station,NA,NA,NA,NA,NA,NA,NA,NA,NA,NA,NA,NA,NA,NA,NA,NA,NA,NA,NA,NA,NA,"The center of Tropical Storm Elsa tracked north just inland of the Middle Atlantic Coast from Thursday morning through Thursday night, July 8th. The Tropical Storm produced tropical storm force wind gusts across portions of the Chesapeake Bay.",Wind gust of 43 knots was measured at Stingray Point.,CSV
202107,8,2223,202107,8,2223,161855,977390,ATLANTIC NORTH,88,2021,July,Marine Tropical Storm,Z,632,"MOUTH OF CHESAPEAKE BAY FROM NEW POINT COMFORT TO LITTLE CREEK, VA",88632,AKQ,08-JUL-21 22:23:00,EST-5,08-JUL-21 22:23:00,0,0,0,0,0.00K,0.00K,Mesonet,NA,NA,NA,NA,NA,NA,NA,NA,NA,NA,NA,NA,NA,NA,NA,NA,NA,NA,NA,NA,NA,"The center of Tropical Storm Elsa tracked north just inland of the Middle Atlantic Coast from Thursday morning through Thursday night, July 8th. The Tropical Storm produced tropical storm force wind gusts across portions of the Chesapeake Bay.",Wind gust of 39 knots was measured at Thimble Shoals.,CSV
202107,8,2032,202107,8,2032,161855,977398,ATLANTIC NORTH,88,2021,July,Marine Tropical Storm,Z,631,CHESAPEAKE BAY WINDMILL PT TO NEW PT COMFORT VA,88631,AKQ,08-JUL-21 20:32:00,EST-5,08-JUL-21 20:32:00,0,0,0,0,0.00K,0.00K,Mesonet,NA,NA,NA,NA,NA,NA,NA,NA,NA,NA,NA,NA,NA,NA,NA,NA,NA,NA,NA,NA,NA,"The center of Tropical Storm Elsa tracked north just inland of the Middle Atlantic Coast from Thursday morning through Thursday night, July 8th. The Tropical Storm produced tropical storm force wind gusts across portions of the Chesapeake Bay.",Wind gust of 37 knots was measured at Silver Beach.,CSV
202107,5,2200,202107,6,0,161699,976297,GULF OF MEXICO,85,2021,July,Marine Tropical Storm,Z,43,HAWK CHANNEL FROM CRAIG KEY TO WEST END OF SEVEN MILE BRIDGE OUT TO THE REEF,85043,KEY,05-JUL-21 22:00:00,EST-5,06-JUL-21 00:00:00,0,0,0,0,0.00K,0.00K,C-MAN Station,NA,NA,NA,NA,NA,NA,NA,NA,NA,NA,NA,NA,NA,NA,NA,NA,NA,NA,NA,NA,NA,"Tropical Storm Elsa moved north-northwest from western Cuba, through the western Straits of Florida, and passed between the Marquesas Keys and Dry Tortugas into the southeast Gulf of Mexico. Numerous rain bands moved northwest and north through the Lower and Middle Florida Keys coastal waters, with strong tropical-storm-force wind gusts measured near Key West from the evening of July 5th through the afternoon of July 6th. Maximum winds over the Florida Keys coastal waters included sustained winds of 48 knots with gusts to 58 knots at Smith Shoal Light northwest of Key West, and sustained 45 knots with gusts to 55 knots at Sand Key Light southwest of Key West. 9 lives were presumed lost at sea after the U.S. Coast Guard and a good samaritan mariner suspended search after rescuing 13 people from a capsized vessel in the Straits of Florida approximately 26 miles southeast of Key West.",Tropical storm force wind gusts briefly occurred over Hawk Channel west of Craig Key through the Seven Mile Bridge.  Peak winds measured at Sombrero Key Light were sustained at 28 knots with gusts to 38 knots.,CSV
202107,5,2030,202107,6,1630,161699,976298,GULF OF MEXICO,85,2021,July,Marine Tropical Storm,Z,44,HAWK CHANNEL FROM WEST END OF SEVEN MILE BRIDGE TO HALFMOON SHOAL OUT TO THE REEF,85044,KEY,05-JUL-21 20:30:00,EST-5,06-JUL-21 16:30:00,0,0,0,0,0.00K,0.00K,C-MAN Station,NA,NA,NA,NA,NA,NA,NA,NA,NA,NA,NA,NA,NA,NA,NA,NA,NA,NA,NA,NA,NA,"Tropical Storm Elsa moved north-northwest from western Cuba, through the western Straits of Florida, and passed between the Marquesas Keys and Dry Tortugas into the southeast Gulf of Mexico. Numerous rain bands moved northwest and north through the Lower and Middle Florida Keys coastal waters, with strong tropical-storm-force wind gusts measured near Key West from the evening of July 5th through the afternoon of July 6th. Maximum winds over the Florida Keys coastal waters included sustained winds of 48 knots with gusts to 58 knots at Smith Shoal Light northwest of Key West, and sustained 45 knots with gusts to 55 knots at Sand Key Light southwest of Key West. 9 lives were presumed lost at sea after the U.S. Coast Guard and a good samaritan mariner suspended search after rescuing 13 people from a capsized vessel in the Straits of Florida approximately 26 miles southeast of Key West.","Tropical storm force marine winds occurred over Hawk Channel west of Seven Mile Bridge through Halfmoon Shoal, with peak measurements at Sand Key Light sustained at 45 knots with gusts to 55 knots.",CSV
202107,4,1930,202107,5,830,161699,976304,GULF OF MEXICO,85,2021,July,Marine Tropical Storm,Z,54,STRAITS OF FLORIDA FROM WEST END OF SEVEN MILE BRIDGE TO SOUTH OF HALFMOON SHOAL OUT 20 NM,85054,KEY,04-JUL-21 19:30:00,EST-5,05-JUL-21 08:30:00,0,0,9,0,0.00K,0.00K,Coast Guard,NA,NA,NA,NA,NA,NA,NA,NA,NA,NA,NA,NA,NA,NA,NA,NA,NA,NA,NA,NA,NA,"Tropical Storm Elsa moved north-northwest from western Cuba, through the western Straits of Florida, and passed between the Marquesas Keys and Dry Tortugas into the southeast Gulf of Mexico. Numerous rain bands moved northwest and north through the Lower and Middle Florida Keys coastal waters, with strong tropical-storm-force wind gusts measured near Key West from the evening of July 5th through the afternoon of July 6th. Maximum winds over the Florida Keys coastal waters included sustained winds of 48 knots with gusts to 58 knots at Smith Shoal Light northwest of Key West, and sustained 45 knots with gusts to 55 knots at Sand Key Light southwest of Key West. 9 lives were presumed lost at sea after the U.S. Coast Guard and a good samaritan mariner suspended search after rescuing 13 people from a capsized vessel in the Straits of Florida approximately 26 miles southeast of Key West.","Per a U.S. Coast Guard media release, the U.S. Coast Guard suspended search for 9 souls missing at sea approximately 23 nautical miles southeast of Key West. A vessel with 22 souls on board departed Cuba and capsized approximately 1900 EST July 4th.  A good samaritan motor vessel and U.S. Coast Guard assets were able to rescue 13 survivors in the water.  Date of fatalities were assigned to the suspension of the search upon official presumption of lives lost at sea.",CSV
202107,8,1915,202107,8,1915,161852,977322,ATLANTIC NORTH,88,2021,July,Marine Tropical Storm,Z,633,CURRITUCK SOUND,88633,AKQ,08-JUL-21 19:15:00,EST-5,08-JUL-21 19:15:00,0,0,0,0,0.00K,0.00K,Mesonet,NA,NA,NA,NA,NA,NA,NA,NA,NA,NA,NA,NA,NA,NA,NA,NA,NA,NA,NA,NA,NA,"The center of Tropical Storm Elsa tracked north just inland of the Middle Atlantic Coast from Thursday morning through Thursday night, July 8th. The Tropical Storm produced tropical storm force wind gusts across portions of the Currituck Sound.",Wind gust of 39 knots was measured at Corolla.,CSV
202107,8,2020,202107,8,2020,161852,977325,ATLANTIC NORTH,88,2021,July,Marine Tropical Storm,Z,633,CURRITUCK SOUND,88633,AKQ,08-JUL-21 20:20:00,EST-5,08-JUL-21 20:20:00,0,0,0,0,0.00K,0.00K,Mesonet,NA,NA,NA,NA,NA,NA,NA,NA,NA,NA,NA,NA,NA,NA,NA,NA,NA,NA,NA,NA,NA,"The center of Tropical Storm Elsa tracked north just inland of the Middle Atlantic Coast from Thursday morning through Thursday night, July 8th. The Tropical Storm produced tropical storm force wind gusts across portions of the Currituck Sound.",Wind gust of 39 knots was measured at (0.5 E) Jarvisburg.,CSV
202107,8,2348,202107,8,2348,161857,977331,ATLANTIC NORTH,88,2021,July,Marine Tropical Storm,Z,636,YORK RIVER,88636,AKQ,08-JUL-21 23:48:00,EST-5,08-JUL-21 23:48:00,0,0,0,0,0.00K,0.00K,C-MAN Station,NA,NA,NA,NA,NA,NA,NA,NA,NA,NA,NA,NA,NA,NA,NA,NA,NA,NA,NA,NA,NA,"The center of Tropical Storm Elsa tracked north just inland of the Middle Atlantic Coast from Thursday morning through Thursday night, July 8th. The Tropical Storm produced tropical storm force wind gusts across portions of the York River.",Wind gust of 38 knots was measured at Yorktown USCG Station.,CSV
202107,8,1833,202107,8,1833,161856,977340,ATLANTIC NORTH,88,2021,July,Marine Tropical Storm,Z,638,JAMES RIVER FROM JAMES RIVER BRIDGE TO HAMPTON ROADS BRIDGE-TUNNEL,88638,AKQ,08-JUL-21 18:33:00,EST-5,08-JUL-21 18:33:00,0,0,0,0,0.00K,0.00K,Mesonet,NA,NA,NA,NA,NA,NA,NA,NA,NA,NA,NA,NA,NA,NA,NA,NA,NA,NA,NA,NA,NA,"The center of Tropical Storm Elsa tracked north just inland of the Middle Atlantic Coast from Thursday morning through Thursday night, July 8th. The Tropical Storm produced tropical storm force wind gusts across portions of the James River.",Wind gust of 46 knots was measured at Middle Ground Lighthouse.,CSV
202107,8,2302,202107,8,2302,161856,977341,ATLANTIC NORTH,88,2021,July,Marine Tropical Storm,Z,638,JAMES RIVER FROM JAMES RIVER BRIDGE TO HAMPTON ROADS BRIDGE-TUNNEL,88638,AKQ,08-JUL-21 23:02:00,EST-5,08-JUL-21 23:02:00,0,0,0,0,0.00K,0.00K,Mesonet,NA,NA,NA,NA,NA,NA,NA,NA,NA,NA,NA,NA,NA,NA,NA,NA,NA,NA,NA,NA,NA,"The center of Tropical Storm Elsa tracked north just inland of the Middle Atlantic Coast from Thursday morning through Thursday night, July 8th. The Tropical Storm produced tropical storm force wind gusts across portions of the James River.",Wind gust of 40 knots was measured at Hampton Flats.,CSV
202107,8,1842,202107,8,1842,161856,977343,ATLANTIC NORTH,88,2021,July,Marine Tropical Storm,Z,638,JAMES RIVER FROM JAMES RIVER BRIDGE TO HAMPTON ROADS BRIDGE-TUNNEL,88638,AKQ,08-JUL-21 18:42:00,EST-5,08-JUL-21 18:42:00,0,0,0,0,0.00K,0.00K,Mesonet,NA,NA,NA,NA,NA,NA,NA,NA,NA,NA,NA,NA,NA,NA,NA,NA,NA,NA,NA,NA,NA,"The center of Tropical Storm Elsa tracked north just inland of the Middle Atlantic Coast from Thursday morning through Thursday night, July 8th. The Tropical Storm produced tropical storm force wind gusts across portions of the James River.",Wind gust of 38 knots was measured at Willoughby Degaussing Station.,CSV
202107,8,2256,202107,8,2256,161854,977344,ATLANTIC NORTH,88,2021,July,Marine Tropical Storm,Z,650,FENWICK IS DE TO CHINCOTEAGUE VA OUT 20NM,88650,AKQ,08-JUL-21 22:56:00,EST-5,08-JUL-21 22:56:00,0,0,0,0,0.00K,0.00K,Mesonet,NA,NA,NA,NA,NA,NA,NA,NA,NA,NA,NA,NA,NA,NA,NA,NA,NA,NA,NA,NA,NA,"The center of Tropical Storm Elsa tracked north just inland of the Middle Atlantic Coast from Thursday morning through Thursday night, July 8th. The Tropical Storm produced tropical storm force wind gusts across portions of the Maryland Coastal Waters.",Wind gust of 51 knots was measured at Assateague South Point.,CSV
202107,8,2308,202107,8,2308,161854,977345,ATLANTIC NORTH,88,2021,July,Marine Tropical Storm,Z,650,FENWICK IS DE TO CHINCOTEAGUE VA OUT 20NM,88650,AKQ,08-JUL-21 23:08:00,EST-5,08-JUL-21 23:08:00,0,0,0,0,0.00K,0.00K,Mesonet,NA,NA,NA,NA,NA,NA,NA,NA,NA,NA,NA,NA,NA,NA,NA,NA,NA,NA,NA,NA,NA,"The center of Tropical Storm Elsa tracked north just inland of the Middle Atlantic Coast from Thursday morning through Thursday night, July 8th. The Tropical Storm produced tropical storm force wind gusts across portions of the Maryland Coastal Waters.",Wind gust of 37 knots was measured at Ocean City.,CSV
202107,8,2306,202107,8,2306,161854,977348,ATLANTIC NORTH,88,2021,July,Marine Tropical Storm,Z,650,FENWICK IS DE TO CHINCOTEAGUE VA OUT 20NM,88650,AKQ,08-JUL-21 23:06:00,EST-5,08-JUL-21 23:06:00,0,0,0,0,0.00K,0.00K,C-MAN Station,NA,NA,NA,NA,NA,NA,NA,NA,NA,NA,NA,NA,NA,NA,NA,NA,NA,NA,NA,NA,NA,"The center of Tropical Storm Elsa tracked north just inland of the Middle Atlantic Coast from Thursday morning through Thursday night, July 8th. The Tropical Storm produced tropical storm force wind gusts across portions of the Maryland Coastal Waters.",Wind gust of 35 knots was measured at Ocean City Inlet.,CSV
202107,8,2144,202107,8,2144,161853,977350,ATLANTIC NORTH,88,2021,July,Marine Tropical Storm,Z,656,CP CHARLES LT VA TO NC-VA BDR OUT 20NM,88656,AKQ,08-JUL-21 21:44:00,EST-5,08-JUL-21 21:44:00,0,0,0,0,0.00K,0.00K,Mesonet,NA,NA,NA,NA,NA,NA,NA,NA,NA,NA,NA,NA,NA,NA,NA,NA,NA,NA,NA,NA,NA,"The center of Tropical Storm Elsa tracked north just inland of the Middle Atlantic Coast from Thursday morning through Thursday night, July 8th. The Tropical Storm produced tropical storm force wind gusts across portions of the Virginia Coastal Waters.",Wind gust of 50 knots was measured at Sandbridge.,CSV
202107,8,2025,202107,8,2025,161853,977352,ATLANTIC NORTH,88,2021,July,Marine Tropical Storm,Z,652,CHINCOTEAGUE TO PARRAMORE IS VA OUT 20NM,88652,AKQ,08-JUL-21 20:25:00,EST-5,08-JUL-21 20:25:00,0,0,0,0,0.00K,0.00K,C-MAN Station,NA,NA,NA,NA,NA,NA,NA,NA,NA,NA,NA,NA,NA,NA,NA,NA,NA,NA,NA,NA,NA,"The center of Tropical Storm Elsa tracked north just inland of the Middle Atlantic Coast from Thursday morning through Thursday night, July 8th. The Tropical Storm produced tropical storm force wind gusts across portions of the Virginia Coastal Waters.",Wind gust of 46 knots was measured at Wachapreague.,CSV
202107,8,2131,202107,8,2131,161853,977353,ATLANTIC NORTH,88,2021,July,Marine Tropical Storm,Z,656,CP CHARLES LT VA TO NC-VA BDR OUT 20NM,88656,AKQ,08-JUL-21 21:31:00,EST-5,08-JUL-21 21:31:00,0,0,0,0,0.00K,0.00K,Mesonet,NA,NA,NA,NA,NA,NA,NA,NA,NA,NA,NA,NA,NA,NA,NA,NA,NA,NA,NA,NA,NA,"The center of Tropical Storm Elsa tracked north just inland of the Middle Atlantic Coast from Thursday morning through Thursday night, July 8th. The Tropical Storm produced tropical storm force wind gusts across portions of the Virginia Coastal Waters.",Wind gust of 38 knots was measured at Cape Henry.,CSV
202107,8,1929,202107,8,1929,161853,977354,ATLANTIC NORTH,88,2021,July,Marine Tropical Storm,Z,656,CP CHARLES LT VA TO NC-VA BDR OUT 20NM,88656,AKQ,08-JUL-21 19:29:00,EST-5,08-JUL-21 19:29:00,0,0,0,0,0.00K,0.00K,Mesonet,NA,NA,NA,NA,NA,NA,NA,NA,NA,NA,NA,NA,NA,NA,NA,NA,NA,NA,NA,NA,NA,"The center of Tropical Storm Elsa tracked north just inland of the Middle Atlantic Coast from Thursday morning through Thursday night, July 8th. The Tropical Storm produced tropical storm force wind gusts across portions of the Virginia Coastal Waters.",Wind gust of 39 knots was measured at Rudee Inlet.,CSV
202107,8,2055,202107,8,2055,161855,977359,ATLANTIC NORTH,88,2021,July,Marine Tropical Storm,Z,630,CHESAPEAKE BAY SMITH PT TO WINDMILL PT VA,88630,AKQ,08-JUL-21 20:55:00,EST-5,08-JUL-21 20:55:00,0,0,0,0,0.00K,0.00K,Mesonet,NA,NA,NA,NA,NA,NA,NA,NA,NA,NA,NA,NA,NA,NA,NA,NA,NA,NA,NA,NA,NA,"The center of Tropical Storm Elsa tracked north just inland of the Middle Atlantic Coast from Thursday morning through Thursday night, July 8th. The Tropical Storm produced tropical storm force wind gusts across portions of the Chesapeake Bay.",Wind gust of 51 knots was measured at Tangier Sound Light.,CSV
202107,6,1048,202107,6,1048,158909,962194,GULF OF MEXICO,85,2021,July,Marine Tropical Storm,Z,830,TAMPA BAY,85830,TBW,06-JUL-21 10:48:00,EST-5,06-JUL-21 10:48:00,0,0,0,0,0.00K,0.00K,Buoy,NA,NA,NA,NA,NA,NA,NA,NA,NA,NA,NA,NA,NA,NA,NA,NA,NA,NA,NA,NA,NA,"Hurricane Elsa originated from a tropical depression that formed in the central Atlantic east of the Windward Islands on June 30th. The depression strengthened into Tropical Storm Elsa on July 1st and strengthened to a hurricane on July 2nd while moving westward across the Windward Islands and into the eastern Caribbean Sea, reaching peak intensity of 85 mph and 991 mb later that day. Elsa gradually turned northwest while moving across the Caribbean and weakened to a tropical storm before making landfall in Cuba on July 5th. Elsa emerged in the southeast Gulf of Mexico late on the 5th and turned north, re-strengthened to a hurricane and reached a second peak of 75 mph and 995 mb on July 6th while centered about 100 miles south-southwest of Tampa. Elsa once again weakened to a tropical storm as it approached the northern Florida gulf coast, and made landfall on July 7th in Taylor County around 10 AM EST with maximum sustained winds of 65 mph and a minimum central pressure of 999 mb.||The highest measured wind gust in west central Florida was 58 mph at Cedar Key in Levy County. Greatest water level rises occurred at Cedar Key in Levy County, where a peak water level of 2.68 ft MHHW was observed. Area rainfall amounts were generally in the 4- to 8-inch range with locally higher amounts, with a maximum storm total rainfall amount of 11.04 inches recorded at Punta Gorda in Charlotte County.||Levy County - In Levy County the highest wind reported from Hurricane Elsa was a gust of 57 mph at a NOS-NWLON site at Cedar Key. Rainfall was around 3 to 6 inches across the area and the maximum storm surge was 2.56 ft MHHW at Cedar Key, with a maximum water level of 2.68 ft MHHW. No significant property damage was reported.||Citrus County - In Citrus County the highest wind reported from Hurricane Elsa was a gust of 47 mph at a WeatherStem mesonet site near Crystal River. Rainfall was around 2 to 5 inches across the area and the maximum storm surge was 2.11 ft MHHW at Yankeetown. Little to no property damage was reported.||Hernando County - In Hernando County the highest wind reported from Hurricane Elsa was a gust of 46 mph at an ASOS site at Brooksville-Tampa Bay Regional Airport. Rainfall was around 2 to 5 inches across the area with the maximum storm surge remaining unknown at this time. Little to no property damage was reported.||Pasco County - In Pasco County there were no tropical storm force winds recorded. Rainfall was around 2 to 5 inches across the area and the maximum storm surge remains unknown at this time. No significant property damage was reported.||Pinellas County - In Pinellas County the highest wind reported from Hurricane Elsa was a gust of 59 mph at a CWOP mesonet site at Clearwater Beach. Rainfall was around 2 to 5 inches across the area and the maximum water level was 1.75 ft MHHW at Old Port Tampa. No significant property damage was reported.||Hillsborough County - In Hillsborough County the highest wind reported from Hurricane Elsa was a gust of 42 mph at a CWOP mesonet site at Odessa. Rainfall was around 2 to 5 inches across the area and the maximum water level was 1.83 ft MHHW at East Bay. Minor tree damage and areas of flooding occured but no significant property damage was reported.||Manatee County - In Manatee County the highest wind reported from Hurricane Elsa was a gust of 54 mph at an ASOS site at Sarasota-Bradenton International Airport. Rainfall was around 2-5 inches across the area and the maximum water level was 1.54 ft MHHW at Port Manatee. Areas of flooding occurred but no significant property damage was reported.||Sarasota County - In Sarasota County the highest wind reported from Hurricane Elsa was a gust of 46 mph at a WeatherStem mesonet site at Palmer Ranch. Rainfall was around 3 to 6 inches across most of the county although amounts of 6 to 10 inches were recorded over southeast parts of the county. No significant property damage was reported.||Charlotte County - In Charlotte County the highest wind reported from Hurricane Elsa was a gust of 49 mph at a CWOP mesonet site at Punta Gorda. Rainfall was around 3 to 6 inches across the area although amounts of 6 to 10 inches were recorded over western parts of the county. Areas of flooding occurred but no significant property damage was reported.||Lee County - In Lee County the highest wind reported from Hurricane Elsa was a gust of 39 mph at an ASOS site at Page Field Airport. Rainfall was around 3 to 6 inches across the area and the maximum water level was 1.47 ft MHHW at Fort Myers. Areas of flooding occurred but no significant property damage was reported.||Sumter County - In Sumter County there were no tropical storm force winds recorded. Rainfall was around 1 to 3 inches and no significant damage was reported.||Polk County - In Polk County the highest wind reported from Hurricane Elsa was a gust of 41 mph at an ASOS site at Lakeland-Linder International Airport. Rainfall was around 2 to 4 inches across the area and no significant damage was reported.||Hardee County - In Hardee County there were no tropical storm force winds recorded. Rainfall was around 2 to 4 inches. Areas of flooding occurred but no significant property damage was reported.||Desoto County - In DeSoto County the highest wind reported from Hurricane Elsa was a gust of 41 mph at a FAWN mesonet site at Arcadia. Rainfall was around 2 to 5 inches and no significant damage was reported.||Highlands County - In Highlands County there were no tropical storm force winds recorded. Rainfall was around 2 to 4 inches and no significant damage was reported.","Hurricane Elsa originated from a tropical depression that formed in the central Atlantic east of the Windward Islands on June 30th. The depression strengthened into Tropical Storm Elsa on July 1st and strengthened to a hurricane on July 2nd while moving westward across the Windward Islands and into the eastern Caribbean Sea, reaching peak intensity of 85 mph and 991 mb later that day. Elsa gradually turned northwest while moving across the Caribbean and weakened to a tropical storm before making landfall in Cuba on July 5th. Elsa emerged in the southeast Gulf of Mexico late on the 5th and turned north, re-strengthened to a hurricane and reached a second peak of 75 mph and 995 mb on July 6th while centered about 100 miles south-southwest of Tampa. Elsa once again weakened to a tropical storm as it approached the northern Florida gulf coast, and made landfall on July 7th in Taylor County around 10 AM EST with maximum sustained winds of 65 mph and a minimum central pressure of 999 mb. NOS PORTS site MTBF1 Middle Tampa Bay reported a 51 mph wind gust.",CSV
202107,7,536,202107,7,536,158909,962198,GULF OF MEXICO,85,2021,July,Marine Tropical Storm,Z,853,ENGLEWOOD TO TARPON SPRINGS FL OUT 20NM,85853,TBW,07-JUL-21 05:36:00,EST-5,07-JUL-21 05:36:00,0,0,0,0,0.00K,0.00K,WLON,NA,NA,NA,NA,NA,NA,NA,NA,NA,NA,NA,NA,NA,NA,NA,NA,NA,NA,NA,NA,NA,"Hurricane Elsa originated from a tropical depression that formed in the central Atlantic east of the Windward Islands on June 30th. The depression strengthened into Tropical Storm Elsa on July 1st and strengthened to a hurricane on July 2nd while moving westward across the Windward Islands and into the eastern Caribbean Sea, reaching peak intensity of 85 mph and 991 mb later that day. Elsa gradually turned northwest while moving across the Caribbean and weakened to a tropical storm before making landfall in Cuba on July 5th. Elsa emerged in the southeast Gulf of Mexico late on the 5th and turned north, re-strengthened to a hurricane and reached a second peak of 75 mph and 995 mb on July 6th while centered about 100 miles south-southwest of Tampa. Elsa once again weakened to a tropical storm as it approached the northern Florida gulf coast, and made landfall on July 7th in Taylor County around 10 AM EST with maximum sustained winds of 65 mph and a minimum central pressure of 999 mb.||The highest measured wind gust in west central Florida was 58 mph at Cedar Key in Levy County. Greatest water level rises occurred at Cedar Key in Levy County, where a peak water level of 2.68 ft MHHW was observed. Area rainfall amounts were generally in the 4- to 8-inch range with locally higher amounts, with a maximum storm total rainfall amount of 11.04 inches recorded at Punta Gorda in Charlotte County.||Levy County - In Levy County the highest wind reported from Hurricane Elsa was a gust of 57 mph at a NOS-NWLON site at Cedar Key. Rainfall was around 3 to 6 inches across the area and the maximum storm surge was 2.56 ft MHHW at Cedar Key, with a maximum water level of 2.68 ft MHHW. No significant property damage was reported.||Citrus County - In Citrus County the highest wind reported from Hurricane Elsa was a gust of 47 mph at a WeatherStem mesonet site near Crystal River. Rainfall was around 2 to 5 inches across the area and the maximum storm surge was 2.11 ft MHHW at Yankeetown. Little to no property damage was reported.||Hernando County - In Hernando County the highest wind reported from Hurricane Elsa was a gust of 46 mph at an ASOS site at Brooksville-Tampa Bay Regional Airport. Rainfall was around 2 to 5 inches across the area with the maximum storm surge remaining unknown at this time. Little to no property damage was reported.||Pasco County - In Pasco County there were no tropical storm force winds recorded. Rainfall was around 2 to 5 inches across the area and the maximum storm surge remains unknown at this time. No significant property damage was reported.||Pinellas County - In Pinellas County the highest wind reported from Hurricane Elsa was a gust of 59 mph at a CWOP mesonet site at Clearwater Beach. Rainfall was around 2 to 5 inches across the area and the maximum water level was 1.75 ft MHHW at Old Port Tampa. No significant property damage was reported.||Hillsborough County - In Hillsborough County the highest wind reported from Hurricane Elsa was a gust of 42 mph at a CWOP mesonet site at Odessa. Rainfall was around 2 to 5 inches across the area and the maximum water level was 1.83 ft MHHW at East Bay. Minor tree damage and areas of flooding occured but no significant property damage was reported.||Manatee County - In Manatee County the highest wind reported from Hurricane Elsa was a gust of 54 mph at an ASOS site at Sarasota-Bradenton International Airport. Rainfall was around 2-5 inches across the area and the maximum water level was 1.54 ft MHHW at Port Manatee. Areas of flooding occurred but no significant property damage was reported.||Sarasota County - In Sarasota County the highest wind reported from Hurricane Elsa was a gust of 46 mph at a WeatherStem mesonet site at Palmer Ranch. Rainfall was around 3 to 6 inches across most of the county although amounts of 6 to 10 inches were recorded over southeast parts of the county. No significant property damage was reported.||Charlotte County - In Charlotte County the highest wind reported from Hurricane Elsa was a gust of 49 mph at a CWOP mesonet site at Punta Gorda. Rainfall was around 3 to 6 inches across the area although amounts of 6 to 10 inches were recorded over western parts of the county. Areas of flooding occurred but no significant property damage was reported.||Lee County - In Lee County the highest wind reported from Hurricane Elsa was a gust of 39 mph at an ASOS site at Page Field Airport. Rainfall was around 3 to 6 inches across the area and the maximum water level was 1.47 ft MHHW at Fort Myers. Areas of flooding occurred but no significant property damage was reported.||Sumter County - In Sumter County there were no tropical storm force winds recorded. Rainfall was around 1 to 3 inches and no significant damage was reported.||Polk County - In Polk County the highest wind reported from Hurricane Elsa was a gust of 41 mph at an ASOS site at Lakeland-Linder International Airport. Rainfall was around 2 to 4 inches across the area and no significant damage was reported.||Hardee County - In Hardee County there were no tropical storm force winds recorded. Rainfall was around 2 to 4 inches. Areas of flooding occurred but no significant property damage was reported.||Desoto County - In DeSoto County the highest wind reported from Hurricane Elsa was a gust of 41 mph at a FAWN mesonet site at Arcadia. Rainfall was around 2 to 5 inches and no significant damage was reported.||Highlands County - In Highlands County there were no tropical storm force winds recorded. Rainfall was around 2 to 4 inches and no significant damage was reported.","Hurricane Elsa originated from a tropical depression that formed in the central Atlantic east of the Windward Islands on June 30th. The depression strengthened into Tropical Storm Elsa on July 1st and strengthened to a hurricane on July 2nd while moving westward across the Windward Islands and into the eastern Caribbean Sea, reaching peak intensity of 85 mph and 991 mb later that day. Elsa gradually turned northwest while moving across the Caribbean and weakened to a tropical storm before making landfall in Cuba on July 5th. Elsa emerged in the southeast Gulf of Mexico late on the 5th and turned north, re-strengthened to a hurricane and reached a second peak of 75 mph and 995 mb on July 6th while centered about 100 miles south-southwest of Tampa. Elsa once again weakened to a tropical storm as it approached the northern Florida gulf coast, and made landfall on July 7th in Taylor County around 10 AM EST with maximum sustained winds of 65 mph and a minimum central pressure of 999 mb. NOS NWLON site CWBF1 Clearwater Beach reported a 47 mph wind gust.",CSV
202107,6,1900,202107,6,1900,158909,962199,GULF OF MEXICO,85,2021,July,Marine Tropical Storm,Z,853,ENGLEWOOD TO TARPON SPRINGS FL OUT 20NM,85853,TBW,06-JUL-21 19:00:00,EST-5,06-JUL-21 19:00:00,0,0,0,0,0.00K,0.00K,Buoy,NA,NA,NA,NA,NA,NA,NA,NA,NA,NA,NA,NA,NA,NA,NA,NA,NA,NA,NA,NA,NA,"Hurricane Elsa originated from a tropical depression that formed in the central Atlantic east of the Windward Islands on June 30th. The depression strengthened into Tropical Storm Elsa on July 1st and strengthened to a hurricane on July 2nd while moving westward across the Windward Islands and into the eastern Caribbean Sea, reaching peak intensity of 85 mph and 991 mb later that day. Elsa gradually turned northwest while moving across the Caribbean and weakened to a tropical storm before making landfall in Cuba on July 5th. Elsa emerged in the southeast Gulf of Mexico late on the 5th and turned north, re-strengthened to a hurricane and reached a second peak of 75 mph and 995 mb on July 6th while centered about 100 miles south-southwest of Tampa. Elsa once again weakened to a tropical storm as it approached the northern Florida gulf coast, and made landfall on July 7th in Taylor County around 10 AM EST with maximum sustained winds of 65 mph and a minimum central pressure of 999 mb.||The highest measured wind gust in west central Florida was 58 mph at Cedar Key in Levy County. Greatest water level rises occurred at Cedar Key in Levy County, where a peak water level of 2.68 ft MHHW was observed. Area rainfall amounts were generally in the 4- to 8-inch range with locally higher amounts, with a maximum storm total rainfall amount of 11.04 inches recorded at Punta Gorda in Charlotte County.||Levy County - In Levy County the highest wind reported from Hurricane Elsa was a gust of 57 mph at a NOS-NWLON site at Cedar Key. Rainfall was around 3 to 6 inches across the area and the maximum storm surge was 2.56 ft MHHW at Cedar Key, with a maximum water level of 2.68 ft MHHW. No significant property damage was reported.||Citrus County - In Citrus County the highest wind reported from Hurricane Elsa was a gust of 47 mph at a WeatherStem mesonet site near Crystal River. Rainfall was around 2 to 5 inches across the area and the maximum storm surge was 2.11 ft MHHW at Yankeetown. Little to no property damage was reported.||Hernando County - In Hernando County the highest wind reported from Hurricane Elsa was a gust of 46 mph at an ASOS site at Brooksville-Tampa Bay Regional Airport. Rainfall was around 2 to 5 inches across the area with the maximum storm surge remaining unknown at this time. Little to no property damage was reported.||Pasco County - In Pasco County there were no tropical storm force winds recorded. Rainfall was around 2 to 5 inches across the area and the maximum storm surge remains unknown at this time. No significant property damage was reported.||Pinellas County - In Pinellas County the highest wind reported from Hurricane Elsa was a gust of 59 mph at a CWOP mesonet site at Clearwater Beach. Rainfall was around 2 to 5 inches across the area and the maximum water level was 1.75 ft MHHW at Old Port Tampa. No significant property damage was reported.||Hillsborough County - In Hillsborough County the highest wind reported from Hurricane Elsa was a gust of 42 mph at a CWOP mesonet site at Odessa. Rainfall was around 2 to 5 inches across the area and the maximum water level was 1.83 ft MHHW at East Bay. Minor tree damage and areas of flooding occured but no significant property damage was reported.||Manatee County - In Manatee County the highest wind reported from Hurricane Elsa was a gust of 54 mph at an ASOS site at Sarasota-Bradenton International Airport. Rainfall was around 2-5 inches across the area and the maximum water level was 1.54 ft MHHW at Port Manatee. Areas of flooding occurred but no significant property damage was reported.||Sarasota County - In Sarasota County the highest wind reported from Hurricane Elsa was a gust of 46 mph at a WeatherStem mesonet site at Palmer Ranch. Rainfall was around 3 to 6 inches across most of the county although amounts of 6 to 10 inches were recorded over southeast parts of the county. No significant property damage was reported.||Charlotte County - In Charlotte County the highest wind reported from Hurricane Elsa was a gust of 49 mph at a CWOP mesonet site at Punta Gorda. Rainfall was around 3 to 6 inches across the area although amounts of 6 to 10 inches were recorded over western parts of the county. Areas of flooding occurred but no significant property damage was reported.||Lee County - In Lee County the highest wind reported from Hurricane Elsa was a gust of 39 mph at an ASOS site at Page Field Airport. Rainfall was around 3 to 6 inches across the area and the maximum water level was 1.47 ft MHHW at Fort Myers. Areas of flooding occurred but no significant property damage was reported.||Sumter County - In Sumter County there were no tropical storm force winds recorded. Rainfall was around 1 to 3 inches and no significant damage was reported.||Polk County - In Polk County the highest wind reported from Hurricane Elsa was a gust of 41 mph at an ASOS site at Lakeland-Linder International Airport. Rainfall was around 2 to 4 inches across the area and no significant damage was reported.||Hardee County - In Hardee County there were no tropical storm force winds recorded. Rainfall was around 2 to 4 inches. Areas of flooding occurred but no significant property damage was reported.||Desoto County - In DeSoto County the highest wind reported from Hurricane Elsa was a gust of 41 mph at a FAWN mesonet site at Arcadia. Rainfall was around 2 to 5 inches and no significant damage was reported.||Highlands County - In Highlands County there were no tropical storm force winds recorded. Rainfall was around 2 to 4 inches and no significant damage was reported.","Hurricane Elsa originated from a tropical depression that formed in the central Atlantic east of the Windward Islands on June 30th. The depression strengthened into Tropical Storm Elsa on July 1st and strengthened to a hurricane on July 2nd while moving westward across the Windward Islands and into the eastern Caribbean Sea, reaching peak intensity of 85 mph and 991 mb later that day. Elsa gradually turned northwest while moving across the Caribbean and weakened to a tropical storm before making landfall in Cuba on July 5th. Elsa emerged in the southeast Gulf of Mexico late on the 5th and turned north, re-strengthened to a hurricane and reached a second peak of 75 mph and 995 mb on July 6th while centered about 100 miles south-southwest of Tampa. Elsa once again weakened to a tropical storm as it approached the northern Florida gulf coast, and made landfall on July 7th in Taylor County around 10 AM EST with maximum sustained winds of 65 mph and a minimum central pressure of 999 mb. USF COMPS site 42013 reported a sustained wind of 49 mph with a 65 mph wind gust.",CSV
202107,6,1436,202107,6,1436,158909,962200,GULF OF MEXICO,85,2021,July,Marine Tropical Storm,Z,853,ENGLEWOOD TO TARPON SPRINGS FL OUT 20NM,85853,TBW,06-JUL-21 14:36:00,EST-5,06-JUL-21 14:36:00,0,0,0,0,0.00K,0.00K,Mesonet,NA,NA,NA,NA,NA,NA,NA,NA,NA,NA,NA,NA,NA,NA,NA,NA,NA,NA,NA,NA,NA,"Hurricane Elsa originated from a tropical depression that formed in the central Atlantic east of the Windward Islands on June 30th. The depression strengthened into Tropical Storm Elsa on July 1st and strengthened to a hurricane on July 2nd while moving westward across the Windward Islands and into the eastern Caribbean Sea, reaching peak intensity of 85 mph and 991 mb later that day. Elsa gradually turned northwest while moving across the Caribbean and weakened to a tropical storm before making landfall in Cuba on July 5th. Elsa emerged in the southeast Gulf of Mexico late on the 5th and turned north, re-strengthened to a hurricane and reached a second peak of 75 mph and 995 mb on July 6th while centered about 100 miles south-southwest of Tampa. Elsa once again weakened to a tropical storm as it approached the northern Florida gulf coast, and made landfall on July 7th in Taylor County around 10 AM EST with maximum sustained winds of 65 mph and a minimum central pressure of 999 mb.||The highest measured wind gust in west central Florida was 58 mph at Cedar Key in Levy County. Greatest water level rises occurred at Cedar Key in Levy County, where a peak water level of 2.68 ft MHHW was observed. Area rainfall amounts were generally in the 4- to 8-inch range with locally higher amounts, with a maximum storm total rainfall amount of 11.04 inches recorded at Punta Gorda in Charlotte County.||Levy County - In Levy County the highest wind reported from Hurricane Elsa was a gust of 57 mph at a NOS-NWLON site at Cedar Key. Rainfall was around 3 to 6 inches across the area and the maximum storm surge was 2.56 ft MHHW at Cedar Key, with a maximum water level of 2.68 ft MHHW. No significant property damage was reported.||Citrus County - In Citrus County the highest wind reported from Hurricane Elsa was a gust of 47 mph at a WeatherStem mesonet site near Crystal River. Rainfall was around 2 to 5 inches across the area and the maximum storm surge was 2.11 ft MHHW at Yankeetown. Little to no property damage was reported.||Hernando County - In Hernando County the highest wind reported from Hurricane Elsa was a gust of 46 mph at an ASOS site at Brooksville-Tampa Bay Regional Airport. Rainfall was around 2 to 5 inches across the area with the maximum storm surge remaining unknown at this time. Little to no property damage was reported.||Pasco County - In Pasco County there were no tropical storm force winds recorded. Rainfall was around 2 to 5 inches across the area and the maximum storm surge remains unknown at this time. No significant property damage was reported.||Pinellas County - In Pinellas County the highest wind reported from Hurricane Elsa was a gust of 59 mph at a CWOP mesonet site at Clearwater Beach. Rainfall was around 2 to 5 inches across the area and the maximum water level was 1.75 ft MHHW at Old Port Tampa. No significant property damage was reported.||Hillsborough County - In Hillsborough County the highest wind reported from Hurricane Elsa was a gust of 42 mph at a CWOP mesonet site at Odessa. Rainfall was around 2 to 5 inches across the area and the maximum water level was 1.83 ft MHHW at East Bay. Minor tree damage and areas of flooding occured but no significant property damage was reported.||Manatee County - In Manatee County the highest wind reported from Hurricane Elsa was a gust of 54 mph at an ASOS site at Sarasota-Bradenton International Airport. Rainfall was around 2-5 inches across the area and the maximum water level was 1.54 ft MHHW at Port Manatee. Areas of flooding occurred but no significant property damage was reported.||Sarasota County - In Sarasota County the highest wind reported from Hurricane Elsa was a gust of 46 mph at a WeatherStem mesonet site at Palmer Ranch. Rainfall was around 3 to 6 inches across most of the county although amounts of 6 to 10 inches were recorded over southeast parts of the county. No significant property damage was reported.||Charlotte County - In Charlotte County the highest wind reported from Hurricane Elsa was a gust of 49 mph at a CWOP mesonet site at Punta Gorda. Rainfall was around 3 to 6 inches across the area although amounts of 6 to 10 inches were recorded over western parts of the county. Areas of flooding occurred but no significant property damage was reported.||Lee County - In Lee County the highest wind reported from Hurricane Elsa was a gust of 39 mph at an ASOS site at Page Field Airport. Rainfall was around 3 to 6 inches across the area and the maximum water level was 1.47 ft MHHW at Fort Myers. Areas of flooding occurred but no significant property damage was reported.||Sumter County - In Sumter County there were no tropical storm force winds recorded. Rainfall was around 1 to 3 inches and no significant damage was reported.||Polk County - In Polk County the highest wind reported from Hurricane Elsa was a gust of 41 mph at an ASOS site at Lakeland-Linder International Airport. Rainfall was around 2 to 4 inches across the area and no significant damage was reported.||Hardee County - In Hardee County there were no tropical storm force winds recorded. Rainfall was around 2 to 4 inches. Areas of flooding occurred but no significant property damage was reported.||Desoto County - In DeSoto County the highest wind reported from Hurricane Elsa was a gust of 41 mph at a FAWN mesonet site at Arcadia. Rainfall was around 2 to 5 inches and no significant damage was reported.||Highlands County - In Highlands County there were no tropical storm force winds recorded. Rainfall was around 2 to 4 inches and no significant damage was reported.","Hurricane Elsa originated from a tropical depression that formed in the central Atlantic east of the Windward Islands on June 30th. The depression strengthened into Tropical Storm Elsa on July 1st and strengthened to a hurricane on July 2nd while moving westward across the Windward Islands and into the eastern Caribbean Sea, reaching peak intensity of 85 mph and 991 mb later that day. Elsa gradually turned northwest while moving across the Caribbean and weakened to a tropical storm before making landfall in Cuba on July 5th. Elsa emerged in the southeast Gulf of Mexico late on the 5th and turned north, re-strengthened to a hurricane and reached a second peak of 75 mph and 995 mb on July 6th while centered about 100 miles south-southwest of Tampa. Elsa once again weakened to a tropical storm as it approached the northern Florida gulf coast, and made landfall on July 7th in Taylor County around 10 AM EST with maximum sustained winds of 65 mph and a minimum central pressure of 999 mb. USF COMPS site FHPF1 Fred Howard Park reported a 44 mph wind gust.",CSV
202107,6,2200,202107,6,2200,158909,962201,GULF OF MEXICO,85,2021,July,Marine Tropical Storm,Z,853,ENGLEWOOD TO TARPON SPRINGS FL OUT 20NM,85853,TBW,06-JUL-21 22:00:00,EST-5,06-JUL-21 22:00:00,0,0,0,0,0.00K,0.00K,C-MAN Station,NA,NA,NA,NA,NA,NA,NA,NA,NA,NA,NA,NA,NA,NA,NA,NA,NA,NA,NA,NA,NA,"Hurricane Elsa originated from a tropical depression that formed in the central Atlantic east of the Windward Islands on June 30th. The depression strengthened into Tropical Storm Elsa on July 1st and strengthened to a hurricane on July 2nd while moving westward across the Windward Islands and into the eastern Caribbean Sea, reaching peak intensity of 85 mph and 991 mb later that day. Elsa gradually turned northwest while moving across the Caribbean and weakened to a tropical storm before making landfall in Cuba on July 5th. Elsa emerged in the southeast Gulf of Mexico late on the 5th and turned north, re-strengthened to a hurricane and reached a second peak of 75 mph and 995 mb on July 6th while centered about 100 miles south-southwest of Tampa. Elsa once again weakened to a tropical storm as it approached the northern Florida gulf coast, and made landfall on July 7th in Taylor County around 10 AM EST with maximum sustained winds of 65 mph and a minimum central pressure of 999 mb.||The highest measured wind gust in west central Florida was 58 mph at Cedar Key in Levy County. Greatest water level rises occurred at Cedar Key in Levy County, where a peak water level of 2.68 ft MHHW was observed. Area rainfall amounts were generally in the 4- to 8-inch range with locally higher amounts, with a maximum storm total rainfall amount of 11.04 inches recorded at Punta Gorda in Charlotte County.||Levy County - In Levy County the highest wind reported from Hurricane Elsa was a gust of 57 mph at a NOS-NWLON site at Cedar Key. Rainfall was around 3 to 6 inches across the area and the maximum storm surge was 2.56 ft MHHW at Cedar Key, with a maximum water level of 2.68 ft MHHW. No significant property damage was reported.||Citrus County - In Citrus County the highest wind reported from Hurricane Elsa was a gust of 47 mph at a WeatherStem mesonet site near Crystal River. Rainfall was around 2 to 5 inches across the area and the maximum storm surge was 2.11 ft MHHW at Yankeetown. Little to no property damage was reported.||Hernando County - In Hernando County the highest wind reported from Hurricane Elsa was a gust of 46 mph at an ASOS site at Brooksville-Tampa Bay Regional Airport. Rainfall was around 2 to 5 inches across the area with the maximum storm surge remaining unknown at this time. Little to no property damage was reported.||Pasco County - In Pasco County there were no tropical storm force winds recorded. Rainfall was around 2 to 5 inches across the area and the maximum storm surge remains unknown at this time. No significant property damage was reported.||Pinellas County - In Pinellas County the highest wind reported from Hurricane Elsa was a gust of 59 mph at a CWOP mesonet site at Clearwater Beach. Rainfall was around 2 to 5 inches across the area and the maximum water level was 1.75 ft MHHW at Old Port Tampa. No significant property damage was reported.||Hillsborough County - In Hillsborough County the highest wind reported from Hurricane Elsa was a gust of 42 mph at a CWOP mesonet site at Odessa. Rainfall was around 2 to 5 inches across the area and the maximum water level was 1.83 ft MHHW at East Bay. Minor tree damage and areas of flooding occured but no significant property damage was reported.||Manatee County - In Manatee County the highest wind reported from Hurricane Elsa was a gust of 54 mph at an ASOS site at Sarasota-Bradenton International Airport. Rainfall was around 2-5 inches across the area and the maximum water level was 1.54 ft MHHW at Port Manatee. Areas of flooding occurred but no significant property damage was reported.||Sarasota County - In Sarasota County the highest wind reported from Hurricane Elsa was a gust of 46 mph at a WeatherStem mesonet site at Palmer Ranch. Rainfall was around 3 to 6 inches across most of the county although amounts of 6 to 10 inches were recorded over southeast parts of the county. No significant property damage was reported.||Charlotte County - In Charlotte County the highest wind reported from Hurricane Elsa was a gust of 49 mph at a CWOP mesonet site at Punta Gorda. Rainfall was around 3 to 6 inches across the area although amounts of 6 to 10 inches were recorded over western parts of the county. Areas of flooding occurred but no significant property damage was reported.||Lee County - In Lee County the highest wind reported from Hurricane Elsa was a gust of 39 mph at an ASOS site at Page Field Airport. Rainfall was around 3 to 6 inches across the area and the maximum water level was 1.47 ft MHHW at Fort Myers. Areas of flooding occurred but no significant property damage was reported.||Sumter County - In Sumter County there were no tropical storm force winds recorded. Rainfall was around 1 to 3 inches and no significant damage was reported.||Polk County - In Polk County the highest wind reported from Hurricane Elsa was a gust of 41 mph at an ASOS site at Lakeland-Linder International Airport. Rainfall was around 2 to 4 inches across the area and no significant damage was reported.||Hardee County - In Hardee County there were no tropical storm force winds recorded. Rainfall was around 2 to 4 inches. Areas of flooding occurred but no significant property damage was reported.||Desoto County - In DeSoto County the highest wind reported from Hurricane Elsa was a gust of 41 mph at a FAWN mesonet site at Arcadia. Rainfall was around 2 to 5 inches and no significant damage was reported.||Highlands County - In Highlands County there were no tropical storm force winds recorded. Rainfall was around 2 to 4 inches and no significant damage was reported.","Hurricane Elsa originated from a tropical depression that formed in the central Atlantic east of the Windward Islands on June 30th. The depression strengthened into Tropical Storm Elsa on July 1st and strengthened to a hurricane on July 2nd while moving westward across the Windward Islands and into the eastern Caribbean Sea, reaching peak intensity of 85 mph and 991 mb later that day. Elsa gradually turned northwest while moving across the Caribbean and weakened to a tropical storm before making landfall in Cuba on July 5th. Elsa emerged in the southeast Gulf of Mexico late on the 5th and turned north, re-strengthened to a hurricane and reached a second peak of 75 mph and 995 mb on July 6th while centered about 100 miles south-southwest of Tampa. Elsa once again weakened to a tropical storm as it approached the northern Florida gulf coast, and made landfall on July 7th in Taylor County around 10 AM EST with maximum sustained winds of 65 mph and a minimum central pressure of 999 mb. NDBC CMAN site VENF1 Venice reported a 39 mph wind gust.",CSV
202107,7,442,202107,7,442,158909,962202,GULF OF MEXICO,85,2021,July,Marine Tropical Storm,Z,856,COASTAL WATERS FROM BONITA BEACH TO ENGLEWOOD FL OUT 20 NM,85856,TBW,07-JUL-21 04:42:00,EST-5,07-JUL-21 04:42:00,0,0,0,0,0.00K,0.00K,Mesonet,NA,NA,NA,NA,NA,NA,NA,NA,NA,NA,NA,NA,NA,NA,NA,NA,NA,NA,NA,NA,NA,"Hurricane Elsa originated from a tropical depression that formed in the central Atlantic east of the Windward Islands on June 30th. The depression strengthened into Tropical Storm Elsa on July 1st and strengthened to a hurricane on July 2nd while moving westward across the Windward Islands and into the eastern Caribbean Sea, reaching peak intensity of 85 mph and 991 mb later that day. Elsa gradually turned northwest while moving across the Caribbean and weakened to a tropical storm before making landfall in Cuba on July 5th. Elsa emerged in the southeast Gulf of Mexico late on the 5th and turned north, re-strengthened to a hurricane and reached a second peak of 75 mph and 995 mb on July 6th while centered about 100 miles south-southwest of Tampa. Elsa once again weakened to a tropical storm as it approached the northern Florida gulf coast, and made landfall on July 7th in Taylor County around 10 AM EST with maximum sustained winds of 65 mph and a minimum central pressure of 999 mb.||The highest measured wind gust in west central Florida was 58 mph at Cedar Key in Levy County. Greatest water level rises occurred at Cedar Key in Levy County, where a peak water level of 2.68 ft MHHW was observed. Area rainfall amounts were generally in the 4- to 8-inch range with locally higher amounts, with a maximum storm total rainfall amount of 11.04 inches recorded at Punta Gorda in Charlotte County.||Levy County - In Levy County the highest wind reported from Hurricane Elsa was a gust of 57 mph at a NOS-NWLON site at Cedar Key. Rainfall was around 3 to 6 inches across the area and the maximum storm surge was 2.56 ft MHHW at Cedar Key, with a maximum water level of 2.68 ft MHHW. No significant property damage was reported.||Citrus County - In Citrus County the highest wind reported from Hurricane Elsa was a gust of 47 mph at a WeatherStem mesonet site near Crystal River. Rainfall was around 2 to 5 inches across the area and the maximum storm surge was 2.11 ft MHHW at Yankeetown. Little to no property damage was reported.||Hernando County - In Hernando County the highest wind reported from Hurricane Elsa was a gust of 46 mph at an ASOS site at Brooksville-Tampa Bay Regional Airport. Rainfall was around 2 to 5 inches across the area with the maximum storm surge remaining unknown at this time. Little to no property damage was reported.||Pasco County - In Pasco County there were no tropical storm force winds recorded. Rainfall was around 2 to 5 inches across the area and the maximum storm surge remains unknown at this time. No significant property damage was reported.||Pinellas County - In Pinellas County the highest wind reported from Hurricane Elsa was a gust of 59 mph at a CWOP mesonet site at Clearwater Beach. Rainfall was around 2 to 5 inches across the area and the maximum water level was 1.75 ft MHHW at Old Port Tampa. No significant property damage was reported.||Hillsborough County - In Hillsborough County the highest wind reported from Hurricane Elsa was a gust of 42 mph at a CWOP mesonet site at Odessa. Rainfall was around 2 to 5 inches across the area and the maximum water level was 1.83 ft MHHW at East Bay. Minor tree damage and areas of flooding occured but no significant property damage was reported.||Manatee County - In Manatee County the highest wind reported from Hurricane Elsa was a gust of 54 mph at an ASOS site at Sarasota-Bradenton International Airport. Rainfall was around 2-5 inches across the area and the maximum water level was 1.54 ft MHHW at Port Manatee. Areas of flooding occurred but no significant property damage was reported.||Sarasota County - In Sarasota County the highest wind reported from Hurricane Elsa was a gust of 46 mph at a WeatherStem mesonet site at Palmer Ranch. Rainfall was around 3 to 6 inches across most of the county although amounts of 6 to 10 inches were recorded over southeast parts of the county. No significant property damage was reported.||Charlotte County - In Charlotte County the highest wind reported from Hurricane Elsa was a gust of 49 mph at a CWOP mesonet site at Punta Gorda. Rainfall was around 3 to 6 inches across the area although amounts of 6 to 10 inches were recorded over western parts of the county. Areas of flooding occurred but no significant property damage was reported.||Lee County - In Lee County the highest wind reported from Hurricane Elsa was a gust of 39 mph at an ASOS site at Page Field Airport. Rainfall was around 3 to 6 inches across the area and the maximum water level was 1.47 ft MHHW at Fort Myers. Areas of flooding occurred but no significant property damage was reported.||Sumter County - In Sumter County there were no tropical storm force winds recorded. Rainfall was around 1 to 3 inches and no significant damage was reported.||Polk County - In Polk County the highest wind reported from Hurricane Elsa was a gust of 41 mph at an ASOS site at Lakeland-Linder International Airport. Rainfall was around 2 to 4 inches across the area and no significant damage was reported.||Hardee County - In Hardee County there were no tropical storm force winds recorded. Rainfall was around 2 to 4 inches. Areas of flooding occurred but no significant property damage was reported.||Desoto County - In DeSoto County the highest wind reported from Hurricane Elsa was a gust of 41 mph at a FAWN mesonet site at Arcadia. Rainfall was around 2 to 5 inches and no significant damage was reported.||Highlands County - In Highlands County there were no tropical storm force winds recorded. Rainfall was around 2 to 4 inches and no significant damage was reported.","Hurricane Elsa originated from a tropical depression that formed in the central Atlantic east of the Windward Islands on June 30th. The depression strengthened into Tropical Storm Elsa on July 1st and strengthened to a hurricane on July 2nd while moving westward across the Windward Islands and into the eastern Caribbean Sea, reaching peak intensity of 85 mph and 991 mb later that day. Elsa gradually turned northwest while moving across the Caribbean and weakened to a tropical storm before making landfall in Cuba on July 5th. Elsa emerged in the southeast Gulf of Mexico late on the 5th and turned north, re-strengthened to a hurricane and reached a second peak of 75 mph and 995 mb on July 6th while centered about 100 miles south-southwest of Tampa. Elsa once again weakened to a tropical storm as it approached the northern Florida gulf coast, and made landfall on July 7th in Taylor County around 10 AM EST with maximum sustained winds of 65 mph and a minimum central pressure of 999 mb. USF COMPS site BGCF1 Big Carlos Pass reported a 46 mph wind gust.",CSV
202107,7,542,202107,7,542,158909,962203,GULF OF MEXICO,85,2021,July,Marine Tropical Storm,Z,850,TARPON SPRINGS TO SUWANNEE RIVER FL OUT 20NM,85850,TBW,07-JUL-21 05:42:00,EST-5,07-JUL-21 05:42:00,0,0,0,0,0.00K,0.00K,WLON,NA,NA,NA,NA,NA,NA,NA,NA,NA,NA,NA,NA,NA,NA,NA,NA,NA,NA,NA,NA,NA,"Hurricane Elsa originated from a tropical depression that formed in the central Atlantic east of the Windward Islands on June 30th. The depression strengthened into Tropical Storm Elsa on July 1st and strengthened to a hurricane on July 2nd while moving westward across the Windward Islands and into the eastern Caribbean Sea, reaching peak intensity of 85 mph and 991 mb later that day. Elsa gradually turned northwest while moving across the Caribbean and weakened to a tropical storm before making landfall in Cuba on July 5th. Elsa emerged in the southeast Gulf of Mexico late on the 5th and turned north, re-strengthened to a hurricane and reached a second peak of 75 mph and 995 mb on July 6th while centered about 100 miles south-southwest of Tampa. Elsa once again weakened to a tropical storm as it approached the northern Florida gulf coast, and made landfall on July 7th in Taylor County around 10 AM EST with maximum sustained winds of 65 mph and a minimum central pressure of 999 mb.||The highest measured wind gust in west central Florida was 58 mph at Cedar Key in Levy County. Greatest water level rises occurred at Cedar Key in Levy County, where a peak water level of 2.68 ft MHHW was observed. Area rainfall amounts were generally in the 4- to 8-inch range with locally higher amounts, with a maximum storm total rainfall amount of 11.04 inches recorded at Punta Gorda in Charlotte County.||Levy County - In Levy County the highest wind reported from Hurricane Elsa was a gust of 57 mph at a NOS-NWLON site at Cedar Key. Rainfall was around 3 to 6 inches across the area and the maximum storm surge was 2.56 ft MHHW at Cedar Key, with a maximum water level of 2.68 ft MHHW. No significant property damage was reported.||Citrus County - In Citrus County the highest wind reported from Hurricane Elsa was a gust of 47 mph at a WeatherStem mesonet site near Crystal River. Rainfall was around 2 to 5 inches across the area and the maximum storm surge was 2.11 ft MHHW at Yankeetown. Little to no property damage was reported.||Hernando County - In Hernando County the highest wind reported from Hurricane Elsa was a gust of 46 mph at an ASOS site at Brooksville-Tampa Bay Regional Airport. Rainfall was around 2 to 5 inches across the area with the maximum storm surge remaining unknown at this time. Little to no property damage was reported.||Pasco County - In Pasco County there were no tropical storm force winds recorded. Rainfall was around 2 to 5 inches across the area and the maximum storm surge remains unknown at this time. No significant property damage was reported.||Pinellas County - In Pinellas County the highest wind reported from Hurricane Elsa was a gust of 59 mph at a CWOP mesonet site at Clearwater Beach. Rainfall was around 2 to 5 inches across the area and the maximum water level was 1.75 ft MHHW at Old Port Tampa. No significant property damage was reported.||Hillsborough County - In Hillsborough County the highest wind reported from Hurricane Elsa was a gust of 42 mph at a CWOP mesonet site at Odessa. Rainfall was around 2 to 5 inches across the area and the maximum water level was 1.83 ft MHHW at East Bay. Minor tree damage and areas of flooding occured but no significant property damage was reported.||Manatee County - In Manatee County the highest wind reported from Hurricane Elsa was a gust of 54 mph at an ASOS site at Sarasota-Bradenton International Airport. Rainfall was around 2-5 inches across the area and the maximum water level was 1.54 ft MHHW at Port Manatee. Areas of flooding occurred but no significant property damage was reported.||Sarasota County - In Sarasota County the highest wind reported from Hurricane Elsa was a gust of 46 mph at a WeatherStem mesonet site at Palmer Ranch. Rainfall was around 3 to 6 inches across most of the county although amounts of 6 to 10 inches were recorded over southeast parts of the county. No significant property damage was reported.||Charlotte County - In Charlotte County the highest wind reported from Hurricane Elsa was a gust of 49 mph at a CWOP mesonet site at Punta Gorda. Rainfall was around 3 to 6 inches across the area although amounts of 6 to 10 inches were recorded over western parts of the county. Areas of flooding occurred but no significant property damage was reported.||Lee County - In Lee County the highest wind reported from Hurricane Elsa was a gust of 39 mph at an ASOS site at Page Field Airport. Rainfall was around 3 to 6 inches across the area and the maximum water level was 1.47 ft MHHW at Fort Myers. Areas of flooding occurred but no significant property damage was reported.||Sumter County - In Sumter County there were no tropical storm force winds recorded. Rainfall was around 1 to 3 inches and no significant damage was reported.||Polk County - In Polk County the highest wind reported from Hurricane Elsa was a gust of 41 mph at an ASOS site at Lakeland-Linder International Airport. Rainfall was around 2 to 4 inches across the area and no significant damage was reported.||Hardee County - In Hardee County there were no tropical storm force winds recorded. Rainfall was around 2 to 4 inches. Areas of flooding occurred but no significant property damage was reported.||Desoto County - In DeSoto County the highest wind reported from Hurricane Elsa was a gust of 41 mph at a FAWN mesonet site at Arcadia. Rainfall was around 2 to 5 inches and no significant damage was reported.||Highlands County - In Highlands County there were no tropical storm force winds recorded. Rainfall was around 2 to 4 inches and no significant damage was reported.","Hurricane Elsa originated from a tropical depression that formed in the central Atlantic east of the Windward Islands on June 30th. The depression strengthened into Tropical Storm Elsa on July 1st and strengthened to a hurricane on July 2nd while moving westward across the Windward Islands and into the eastern Caribbean Sea, reaching peak intensity of 85 mph and 991 mb later that day. Elsa gradually turned northwest while moving across the Caribbean and weakened to a tropical storm before making landfall in Cuba on July 5th. Elsa emerged in the southeast Gulf of Mexico late on the 5th and turned north, re-strengthened to a hurricane and reached a second peak of 75 mph and 995 mb on July 6th while centered about 100 miles south-southwest of Tampa. Elsa once again weakened to a tropical storm as it approached the northern Florida gulf coast, and made landfall on July 7th in Taylor County around 10 AM EST with maximum sustained winds of 65 mph and a minimum central pressure of 999 mb. NOS NWLON site CKYF1 Cedar Key reported a 58 mph wind gust.",CSV
202107,6,2145,202107,6,2145,158909,962205,GULF OF MEXICO,85,2021,July,Marine Tropical Storm,Z,853,ENGLEWOOD TO TARPON SPRINGS FL OUT 20NM,85853,TBW,06-JUL-21 21:45:00,EST-5,06-JUL-21 21:45:00,0,0,0,0,0.00K,0.00K,Mesonet,NA,NA,NA,NA,NA,NA,NA,NA,NA,NA,NA,NA,NA,NA,NA,NA,NA,NA,NA,NA,NA,"Hurricane Elsa originated from a tropical depression that formed in the central Atlantic east of the Windward Islands on June 30th. The depression strengthened into Tropical Storm Elsa on July 1st and strengthened to a hurricane on July 2nd while moving westward across the Windward Islands and into the eastern Caribbean Sea, reaching peak intensity of 85 mph and 991 mb later that day. Elsa gradually turned northwest while moving across the Caribbean and weakened to a tropical storm before making landfall in Cuba on July 5th. Elsa emerged in the southeast Gulf of Mexico late on the 5th and turned north, re-strengthened to a hurricane and reached a second peak of 75 mph and 995 mb on July 6th while centered about 100 miles south-southwest of Tampa. Elsa once again weakened to a tropical storm as it approached the northern Florida gulf coast, and made landfall on July 7th in Taylor County around 10 AM EST with maximum sustained winds of 65 mph and a minimum central pressure of 999 mb.||The highest measured wind gust in west central Florida was 58 mph at Cedar Key in Levy County. Greatest water level rises occurred at Cedar Key in Levy County, where a peak water level of 2.68 ft MHHW was observed. Area rainfall amounts were generally in the 4- to 8-inch range with locally higher amounts, with a maximum storm total rainfall amount of 11.04 inches recorded at Punta Gorda in Charlotte County.||Levy County - In Levy County the highest wind reported from Hurricane Elsa was a gust of 57 mph at a NOS-NWLON site at Cedar Key. Rainfall was around 3 to 6 inches across the area and the maximum storm surge was 2.56 ft MHHW at Cedar Key, with a maximum water level of 2.68 ft MHHW. No significant property damage was reported.||Citrus County - In Citrus County the highest wind reported from Hurricane Elsa was a gust of 47 mph at a WeatherStem mesonet site near Crystal River. Rainfall was around 2 to 5 inches across the area and the maximum storm surge was 2.11 ft MHHW at Yankeetown. Little to no property damage was reported.||Hernando County - In Hernando County the highest wind reported from Hurricane Elsa was a gust of 46 mph at an ASOS site at Brooksville-Tampa Bay Regional Airport. Rainfall was around 2 to 5 inches across the area with the maximum storm surge remaining unknown at this time. Little to no property damage was reported.||Pasco County - In Pasco County there were no tropical storm force winds recorded. Rainfall was around 2 to 5 inches across the area and the maximum storm surge remains unknown at this time. No significant property damage was reported.||Pinellas County - In Pinellas County the highest wind reported from Hurricane Elsa was a gust of 59 mph at a CWOP mesonet site at Clearwater Beach. Rainfall was around 2 to 5 inches across the area and the maximum water level was 1.75 ft MHHW at Old Port Tampa. No significant property damage was reported.||Hillsborough County - In Hillsborough County the highest wind reported from Hurricane Elsa was a gust of 42 mph at a CWOP mesonet site at Odessa. Rainfall was around 2 to 5 inches across the area and the maximum water level was 1.83 ft MHHW at East Bay. Minor tree damage and areas of flooding occured but no significant property damage was reported.||Manatee County - In Manatee County the highest wind reported from Hurricane Elsa was a gust of 54 mph at an ASOS site at Sarasota-Bradenton International Airport. Rainfall was around 2-5 inches across the area and the maximum water level was 1.54 ft MHHW at Port Manatee. Areas of flooding occurred but no significant property damage was reported.||Sarasota County - In Sarasota County the highest wind reported from Hurricane Elsa was a gust of 46 mph at a WeatherStem mesonet site at Palmer Ranch. Rainfall was around 3 to 6 inches across most of the county although amounts of 6 to 10 inches were recorded over southeast parts of the county. No significant property damage was reported.||Charlotte County - In Charlotte County the highest wind reported from Hurricane Elsa was a gust of 49 mph at a CWOP mesonet site at Punta Gorda. Rainfall was around 3 to 6 inches across the area although amounts of 6 to 10 inches were recorded over western parts of the county. Areas of flooding occurred but no significant property damage was reported.||Lee County - In Lee County the highest wind reported from Hurricane Elsa was a gust of 39 mph at an ASOS site at Page Field Airport. Rainfall was around 3 to 6 inches across the area and the maximum water level was 1.47 ft MHHW at Fort Myers. Areas of flooding occurred but no significant property damage was reported.||Sumter County - In Sumter County there were no tropical storm force winds recorded. Rainfall was around 1 to 3 inches and no significant damage was reported.||Polk County - In Polk County the highest wind reported from Hurricane Elsa was a gust of 41 mph at an ASOS site at Lakeland-Linder International Airport. Rainfall was around 2 to 4 inches across the area and no significant damage was reported.||Hardee County - In Hardee County there were no tropical storm force winds recorded. Rainfall was around 2 to 4 inches. Areas of flooding occurred but no significant property damage was reported.||Desoto County - In DeSoto County the highest wind reported from Hurricane Elsa was a gust of 41 mph at a FAWN mesonet site at Arcadia. Rainfall was around 2 to 5 inches and no significant damage was reported.||Highlands County - In Highlands County there were no tropical storm force winds recorded. Rainfall was around 2 to 4 inches and no significant damage was reported.","Hurricane Elsa originated from a tropical depression that formed in the central Atlantic east of the Windward Islands on June 30th. The depression strengthened into Tropical Storm Elsa on July 1st and strengthened to a hurricane on July 2nd while moving westward across the Windward Islands and into the eastern Caribbean Sea, reaching peak intensity of 85 mph and 991 mb later that day. Elsa gradually turned northwest while moving across the Caribbean and weakened to a tropical storm before making landfall in Cuba on July 5th. Elsa emerged in the southeast Gulf of Mexico late on the 5th and turned north, re-strengthened to a hurricane and reached a second peak of 75 mph and 995 mb on July 6th while centered about 100 miles south-southwest of Tampa. Elsa once again weakened to a tropical storm as it approached the northern Florida gulf coast, and made landfall on July 7th in Taylor County around 10 AM EST with maximum sustained winds of 65 mph and a minimum central pressure of 999 mb. WeatherFlow site XSRB Sarasota Bay reported a 48 mph wind gust.",CSV
202107,6,1942,202107,6,1942,158909,962206,GULF OF MEXICO,85,2021,July,Marine Tropical Storm,Z,830,TAMPA BAY,85830,TBW,06-JUL-21 19:42:00,EST-5,06-JUL-21 19:42:00,0,0,0,0,0.00K,0.00K,Mesonet,NA,NA,NA,NA,NA,NA,NA,NA,NA,NA,NA,NA,NA,NA,NA,NA,NA,NA,NA,NA,NA,"Hurricane Elsa originated from a tropical depression that formed in the central Atlantic east of the Windward Islands on June 30th. The depression strengthened into Tropical Storm Elsa on July 1st and strengthened to a hurricane on July 2nd while moving westward across the Windward Islands and into the eastern Caribbean Sea, reaching peak intensity of 85 mph and 991 mb later that day. Elsa gradually turned northwest while moving across the Caribbean and weakened to a tropical storm before making landfall in Cuba on July 5th. Elsa emerged in the southeast Gulf of Mexico late on the 5th and turned north, re-strengthened to a hurricane and reached a second peak of 75 mph and 995 mb on July 6th while centered about 100 miles south-southwest of Tampa. Elsa once again weakened to a tropical storm as it approached the northern Florida gulf coast, and made landfall on July 7th in Taylor County around 10 AM EST with maximum sustained winds of 65 mph and a minimum central pressure of 999 mb.||The highest measured wind gust in west central Florida was 58 mph at Cedar Key in Levy County. Greatest water level rises occurred at Cedar Key in Levy County, where a peak water level of 2.68 ft MHHW was observed. Area rainfall amounts were generally in the 4- to 8-inch range with locally higher amounts, with a maximum storm total rainfall amount of 11.04 inches recorded at Punta Gorda in Charlotte County.||Levy County - In Levy County the highest wind reported from Hurricane Elsa was a gust of 57 mph at a NOS-NWLON site at Cedar Key. Rainfall was around 3 to 6 inches across the area and the maximum storm surge was 2.56 ft MHHW at Cedar Key, with a maximum water level of 2.68 ft MHHW. No significant property damage was reported.||Citrus County - In Citrus County the highest wind reported from Hurricane Elsa was a gust of 47 mph at a WeatherStem mesonet site near Crystal River. Rainfall was around 2 to 5 inches across the area and the maximum storm surge was 2.11 ft MHHW at Yankeetown. Little to no property damage was reported.||Hernando County - In Hernando County the highest wind reported from Hurricane Elsa was a gust of 46 mph at an ASOS site at Brooksville-Tampa Bay Regional Airport. Rainfall was around 2 to 5 inches across the area with the maximum storm surge remaining unknown at this time. Little to no property damage was reported.||Pasco County - In Pasco County there were no tropical storm force winds recorded. Rainfall was around 2 to 5 inches across the area and the maximum storm surge remains unknown at this time. No significant property damage was reported.||Pinellas County - In Pinellas County the highest wind reported from Hurricane Elsa was a gust of 59 mph at a CWOP mesonet site at Clearwater Beach. Rainfall was around 2 to 5 inches across the area and the maximum water level was 1.75 ft MHHW at Old Port Tampa. No significant property damage was reported.||Hillsborough County - In Hillsborough County the highest wind reported from Hurricane Elsa was a gust of 42 mph at a CWOP mesonet site at Odessa. Rainfall was around 2 to 5 inches across the area and the maximum water level was 1.83 ft MHHW at East Bay. Minor tree damage and areas of flooding occured but no significant property damage was reported.||Manatee County - In Manatee County the highest wind reported from Hurricane Elsa was a gust of 54 mph at an ASOS site at Sarasota-Bradenton International Airport. Rainfall was around 2-5 inches across the area and the maximum water level was 1.54 ft MHHW at Port Manatee. Areas of flooding occurred but no significant property damage was reported.||Sarasota County - In Sarasota County the highest wind reported from Hurricane Elsa was a gust of 46 mph at a WeatherStem mesonet site at Palmer Ranch. Rainfall was around 3 to 6 inches across most of the county although amounts of 6 to 10 inches were recorded over southeast parts of the county. No significant property damage was reported.||Charlotte County - In Charlotte County the highest wind reported from Hurricane Elsa was a gust of 49 mph at a CWOP mesonet site at Punta Gorda. Rainfall was around 3 to 6 inches across the area although amounts of 6 to 10 inches were recorded over western parts of the county. Areas of flooding occurred but no significant property damage was reported.||Lee County - In Lee County the highest wind reported from Hurricane Elsa was a gust of 39 mph at an ASOS site at Page Field Airport. Rainfall was around 3 to 6 inches across the area and the maximum water level was 1.47 ft MHHW at Fort Myers. Areas of flooding occurred but no significant property damage was reported.||Sumter County - In Sumter County there were no tropical storm force winds recorded. Rainfall was around 1 to 3 inches and no significant damage was reported.||Polk County - In Polk County the highest wind reported from Hurricane Elsa was a gust of 41 mph at an ASOS site at Lakeland-Linder International Airport. Rainfall was around 2 to 4 inches across the area and no significant damage was reported.||Hardee County - In Hardee County there were no tropical storm force winds recorded. Rainfall was around 2 to 4 inches. Areas of flooding occurred but no significant property damage was reported.||Desoto County - In DeSoto County the highest wind reported from Hurricane Elsa was a gust of 41 mph at a FAWN mesonet site at Arcadia. Rainfall was around 2 to 5 inches and no significant damage was reported.||Highlands County - In Highlands County there were no tropical storm force winds recorded. Rainfall was around 2 to 4 inches and no significant damage was reported.","Hurricane Elsa originated from a tropical depression that formed in the central Atlantic east of the Windward Islands on June 30th. The depression strengthened into Tropical Storm Elsa on July 1st and strengthened to a hurricane on July 2nd while moving westward across the Windward Islands and into the eastern Caribbean Sea, reaching peak intensity of 85 mph and 991 mb later that day. Elsa gradually turned northwest while moving across the Caribbean and weakened to a tropical storm before making landfall in Cuba on July 5th. Elsa emerged in the southeast Gulf of Mexico late on the 5th and turned north, re-strengthened to a hurricane and reached a second peak of 75 mph and 995 mb on July 6th while centered about 100 miles south-southwest of Tampa. Elsa once again weakened to a tropical storm as it approached the northern Florida gulf coast, and made landfall on July 7th in Taylor County around 10 AM EST with maximum sustained winds of 65 mph and a minimum central pressure of 999 mb. WeatherFlow site XSKY Skyway Fishing Pier reported a 46 mph wind gust.",CSV
202107,6,2324,202107,6,2324,158909,962207,GULF OF MEXICO,85,2021,July,Marine Tropical Storm,Z,836,CHARLOTTE HARBOR AND PINE ISLAND SOUND,85836,TBW,06-JUL-21 23:24:00,EST-5,06-JUL-21 23:24:00,0,0,0,0,0.00K,0.00K,Mesonet,NA,NA,NA,NA,NA,NA,NA,NA,NA,NA,NA,NA,NA,NA,NA,NA,NA,NA,NA,NA,NA,"Hurricane Elsa originated from a tropical depression that formed in the central Atlantic east of the Windward Islands on June 30th. The depression strengthened into Tropical Storm Elsa on July 1st and strengthened to a hurricane on July 2nd while moving westward across the Windward Islands and into the eastern Caribbean Sea, reaching peak intensity of 85 mph and 991 mb later that day. Elsa gradually turned northwest while moving across the Caribbean and weakened to a tropical storm before making landfall in Cuba on July 5th. Elsa emerged in the southeast Gulf of Mexico late on the 5th and turned north, re-strengthened to a hurricane and reached a second peak of 75 mph and 995 mb on July 6th while centered about 100 miles south-southwest of Tampa. Elsa once again weakened to a tropical storm as it approached the northern Florida gulf coast, and made landfall on July 7th in Taylor County around 10 AM EST with maximum sustained winds of 65 mph and a minimum central pressure of 999 mb.||The highest measured wind gust in west central Florida was 58 mph at Cedar Key in Levy County. Greatest water level rises occurred at Cedar Key in Levy County, where a peak water level of 2.68 ft MHHW was observed. Area rainfall amounts were generally in the 4- to 8-inch range with locally higher amounts, with a maximum storm total rainfall amount of 11.04 inches recorded at Punta Gorda in Charlotte County.||Levy County - In Levy County the highest wind reported from Hurricane Elsa was a gust of 57 mph at a NOS-NWLON site at Cedar Key. Rainfall was around 3 to 6 inches across the area and the maximum storm surge was 2.56 ft MHHW at Cedar Key, with a maximum water level of 2.68 ft MHHW. No significant property damage was reported.||Citrus County - In Citrus County the highest wind reported from Hurricane Elsa was a gust of 47 mph at a WeatherStem mesonet site near Crystal River. Rainfall was around 2 to 5 inches across the area and the maximum storm surge was 2.11 ft MHHW at Yankeetown. Little to no property damage was reported.||Hernando County - In Hernando County the highest wind reported from Hurricane Elsa was a gust of 46 mph at an ASOS site at Brooksville-Tampa Bay Regional Airport. Rainfall was around 2 to 5 inches across the area with the maximum storm surge remaining unknown at this time. Little to no property damage was reported.||Pasco County - In Pasco County there were no tropical storm force winds recorded. Rainfall was around 2 to 5 inches across the area and the maximum storm surge remains unknown at this time. No significant property damage was reported.||Pinellas County - In Pinellas County the highest wind reported from Hurricane Elsa was a gust of 59 mph at a CWOP mesonet site at Clearwater Beach. Rainfall was around 2 to 5 inches across the area and the maximum water level was 1.75 ft MHHW at Old Port Tampa. No significant property damage was reported.||Hillsborough County - In Hillsborough County the highest wind reported from Hurricane Elsa was a gust of 42 mph at a CWOP mesonet site at Odessa. Rainfall was around 2 to 5 inches across the area and the maximum water level was 1.83 ft MHHW at East Bay. Minor tree damage and areas of flooding occured but no significant property damage was reported.||Manatee County - In Manatee County the highest wind reported from Hurricane Elsa was a gust of 54 mph at an ASOS site at Sarasota-Bradenton International Airport. Rainfall was around 2-5 inches across the area and the maximum water level was 1.54 ft MHHW at Port Manatee. Areas of flooding occurred but no significant property damage was reported.||Sarasota County - In Sarasota County the highest wind reported from Hurricane Elsa was a gust of 46 mph at a WeatherStem mesonet site at Palmer Ranch. Rainfall was around 3 to 6 inches across most of the county although amounts of 6 to 10 inches were recorded over southeast parts of the county. No significant property damage was reported.||Charlotte County - In Charlotte County the highest wind reported from Hurricane Elsa was a gust of 49 mph at a CWOP mesonet site at Punta Gorda. Rainfall was around 3 to 6 inches across the area although amounts of 6 to 10 inches were recorded over western parts of the county. Areas of flooding occurred but no significant property damage was reported.||Lee County - In Lee County the highest wind reported from Hurricane Elsa was a gust of 39 mph at an ASOS site at Page Field Airport. Rainfall was around 3 to 6 inches across the area and the maximum water level was 1.47 ft MHHW at Fort Myers. Areas of flooding occurred but no significant property damage was reported.||Sumter County - In Sumter County there were no tropical storm force winds recorded. Rainfall was around 1 to 3 inches and no significant damage was reported.||Polk County - In Polk County the highest wind reported from Hurricane Elsa was a gust of 41 mph at an ASOS site at Lakeland-Linder International Airport. Rainfall was around 2 to 4 inches across the area and no significant damage was reported.||Hardee County - In Hardee County there were no tropical storm force winds recorded. Rainfall was around 2 to 4 inches. Areas of flooding occurred but no significant property damage was reported.||Desoto County - In DeSoto County the highest wind reported from Hurricane Elsa was a gust of 41 mph at a FAWN mesonet site at Arcadia. Rainfall was around 2 to 5 inches and no significant damage was reported.||Highlands County - In Highlands County there were no tropical storm force winds recorded. Rainfall was around 2 to 4 inches and no significant damage was reported.","Hurricane Elsa originated from a tropical depression that formed in the central Atlantic east of the Windward Islands on June 30th. The depression strengthened into Tropical Storm Elsa on July 1st and strengthened to a hurricane on July 2nd while moving westward across the Windward Islands and into the eastern Caribbean Sea, reaching peak intensity of 85 mph and 991 mb later that day. Elsa gradually turned northwest while moving across the Caribbean and weakened to a tropical storm before making landfall in Cuba on July 5th. Elsa emerged in the southeast Gulf of Mexico late on the 5th and turned north, re-strengthened to a hurricane and reached a second peak of 75 mph and 995 mb on July 6th while centered about 100 miles south-southwest of Tampa. Elsa once again weakened to a tropical storm as it approached the northern Florida gulf coast, and made landfall on July 7th in Taylor County around 10 AM EST with maximum sustained winds of 65 mph and a minimum central pressure of 999 mb. WeatherFlow site XTRP Tarpon Point reported a 46 mph wind gust.",CSV
202107,6,2336,202107,6,2336,158909,962208,GULF OF MEXICO,85,2021,July,Marine Tropical Storm,Z,830,TAMPA BAY,85830,TBW,06-JUL-21 23:36:00,EST-5,06-JUL-21 23:36:00,0,0,0,0,0.00K,0.00K,Mesonet,NA,NA,NA,NA,NA,NA,NA,NA,NA,NA,NA,NA,NA,NA,NA,NA,NA,NA,NA,NA,NA,"Hurricane Elsa originated from a tropical depression that formed in the central Atlantic east of the Windward Islands on June 30th. The depression strengthened into Tropical Storm Elsa on July 1st and strengthened to a hurricane on July 2nd while moving westward across the Windward Islands and into the eastern Caribbean Sea, reaching peak intensity of 85 mph and 991 mb later that day. Elsa gradually turned northwest while moving across the Caribbean and weakened to a tropical storm before making landfall in Cuba on July 5th. Elsa emerged in the southeast Gulf of Mexico late on the 5th and turned north, re-strengthened to a hurricane and reached a second peak of 75 mph and 995 mb on July 6th while centered about 100 miles south-southwest of Tampa. Elsa once again weakened to a tropical storm as it approached the northern Florida gulf coast, and made landfall on July 7th in Taylor County around 10 AM EST with maximum sustained winds of 65 mph and a minimum central pressure of 999 mb.||The highest measured wind gust in west central Florida was 58 mph at Cedar Key in Levy County. Greatest water level rises occurred at Cedar Key in Levy County, where a peak water level of 2.68 ft MHHW was observed. Area rainfall amounts were generally in the 4- to 8-inch range with locally higher amounts, with a maximum storm total rainfall amount of 11.04 inches recorded at Punta Gorda in Charlotte County.||Levy County - In Levy County the highest wind reported from Hurricane Elsa was a gust of 57 mph at a NOS-NWLON site at Cedar Key. Rainfall was around 3 to 6 inches across the area and the maximum storm surge was 2.56 ft MHHW at Cedar Key, with a maximum water level of 2.68 ft MHHW. No significant property damage was reported.||Citrus County - In Citrus County the highest wind reported from Hurricane Elsa was a gust of 47 mph at a WeatherStem mesonet site near Crystal River. Rainfall was around 2 to 5 inches across the area and the maximum storm surge was 2.11 ft MHHW at Yankeetown. Little to no property damage was reported.||Hernando County - In Hernando County the highest wind reported from Hurricane Elsa was a gust of 46 mph at an ASOS site at Brooksville-Tampa Bay Regional Airport. Rainfall was around 2 to 5 inches across the area with the maximum storm surge remaining unknown at this time. Little to no property damage was reported.||Pasco County - In Pasco County there were no tropical storm force winds recorded. Rainfall was around 2 to 5 inches across the area and the maximum storm surge remains unknown at this time. No significant property damage was reported.||Pinellas County - In Pinellas County the highest wind reported from Hurricane Elsa was a gust of 59 mph at a CWOP mesonet site at Clearwater Beach. Rainfall was around 2 to 5 inches across the area and the maximum water level was 1.75 ft MHHW at Old Port Tampa. No significant property damage was reported.||Hillsborough County - In Hillsborough County the highest wind reported from Hurricane Elsa was a gust of 42 mph at a CWOP mesonet site at Odessa. Rainfall was around 2 to 5 inches across the area and the maximum water level was 1.83 ft MHHW at East Bay. Minor tree damage and areas of flooding occured but no significant property damage was reported.||Manatee County - In Manatee County the highest wind reported from Hurricane Elsa was a gust of 54 mph at an ASOS site at Sarasota-Bradenton International Airport. Rainfall was around 2-5 inches across the area and the maximum water level was 1.54 ft MHHW at Port Manatee. Areas of flooding occurred but no significant property damage was reported.||Sarasota County - In Sarasota County the highest wind reported from Hurricane Elsa was a gust of 46 mph at a WeatherStem mesonet site at Palmer Ranch. Rainfall was around 3 to 6 inches across most of the county although amounts of 6 to 10 inches were recorded over southeast parts of the county. No significant property damage was reported.||Charlotte County - In Charlotte County the highest wind reported from Hurricane Elsa was a gust of 49 mph at a CWOP mesonet site at Punta Gorda. Rainfall was around 3 to 6 inches across the area although amounts of 6 to 10 inches were recorded over western parts of the county. Areas of flooding occurred but no significant property damage was reported.||Lee County - In Lee County the highest wind reported from Hurricane Elsa was a gust of 39 mph at an ASOS site at Page Field Airport. Rainfall was around 3 to 6 inches across the area and the maximum water level was 1.47 ft MHHW at Fort Myers. Areas of flooding occurred but no significant property damage was reported.||Sumter County - In Sumter County there were no tropical storm force winds recorded. Rainfall was around 1 to 3 inches and no significant damage was reported.||Polk County - In Polk County the highest wind reported from Hurricane Elsa was a gust of 41 mph at an ASOS site at Lakeland-Linder International Airport. Rainfall was around 2 to 4 inches across the area and no significant damage was reported.||Hardee County - In Hardee County there were no tropical storm force winds recorded. Rainfall was around 2 to 4 inches. Areas of flooding occurred but no significant property damage was reported.||Desoto County - In DeSoto County the highest wind reported from Hurricane Elsa was a gust of 41 mph at a FAWN mesonet site at Arcadia. Rainfall was around 2 to 5 inches and no significant damage was reported.||Highlands County - In Highlands County there were no tropical storm force winds recorded. Rainfall was around 2 to 4 inches and no significant damage was reported.","Hurricane Elsa originated from a tropical depression that formed in the central Atlantic east of the Windward Islands on June 30th. The depression strengthened into Tropical Storm Elsa on July 1st and strengthened to a hurricane on July 2nd while moving westward across the Windward Islands and into the eastern Caribbean Sea, reaching peak intensity of 85 mph and 991 mb later that day. Elsa gradually turned northwest while moving across the Caribbean and weakened to a tropical storm before making landfall in Cuba on July 5th. Elsa emerged in the southeast Gulf of Mexico late on the 5th and turned north, re-strengthened to a hurricane and reached a second peak of 75 mph and 995 mb on July 6th while centered about 100 miles south-southwest of Tampa. Elsa once again weakened to a tropical storm as it approached the northern Florida gulf coast, and made landfall on July 7th in Taylor County around 10 AM EST with maximum sustained winds of 65 mph and a minimum central pressure of 999 mb. WeatherFlow site XTAM Tampa Bay Cut J reported a 49 mph wind gust.",CSV
202107,6,2318,202107,6,2318,158909,962210,GULF OF MEXICO,85,2021,July,Marine Tropical Storm,Z,853,ENGLEWOOD TO TARPON SPRINGS FL OUT 20NM,85853,TBW,06-JUL-21 23:18:00,EST-5,06-JUL-21 23:18:00,0,0,0,0,0.00K,0.00K,Mesonet,NA,NA,NA,NA,NA,NA,NA,NA,NA,NA,NA,NA,NA,NA,NA,NA,NA,NA,NA,NA,NA,"Hurricane Elsa originated from a tropical depression that formed in the central Atlantic east of the Windward Islands on June 30th. The depression strengthened into Tropical Storm Elsa on July 1st and strengthened to a hurricane on July 2nd while moving westward across the Windward Islands and into the eastern Caribbean Sea, reaching peak intensity of 85 mph and 991 mb later that day. Elsa gradually turned northwest while moving across the Caribbean and weakened to a tropical storm before making landfall in Cuba on July 5th. Elsa emerged in the southeast Gulf of Mexico late on the 5th and turned north, re-strengthened to a hurricane and reached a second peak of 75 mph and 995 mb on July 6th while centered about 100 miles south-southwest of Tampa. Elsa once again weakened to a tropical storm as it approached the northern Florida gulf coast, and made landfall on July 7th in Taylor County around 10 AM EST with maximum sustained winds of 65 mph and a minimum central pressure of 999 mb.||The highest measured wind gust in west central Florida was 58 mph at Cedar Key in Levy County. Greatest water level rises occurred at Cedar Key in Levy County, where a peak water level of 2.68 ft MHHW was observed. Area rainfall amounts were generally in the 4- to 8-inch range with locally higher amounts, with a maximum storm total rainfall amount of 11.04 inches recorded at Punta Gorda in Charlotte County.||Levy County - In Levy County the highest wind reported from Hurricane Elsa was a gust of 57 mph at a NOS-NWLON site at Cedar Key. Rainfall was around 3 to 6 inches across the area and the maximum storm surge was 2.56 ft MHHW at Cedar Key, with a maximum water level of 2.68 ft MHHW. No significant property damage was reported.||Citrus County - In Citrus County the highest wind reported from Hurricane Elsa was a gust of 47 mph at a WeatherStem mesonet site near Crystal River. Rainfall was around 2 to 5 inches across the area and the maximum storm surge was 2.11 ft MHHW at Yankeetown. Little to no property damage was reported.||Hernando County - In Hernando County the highest wind reported from Hurricane Elsa was a gust of 46 mph at an ASOS site at Brooksville-Tampa Bay Regional Airport. Rainfall was around 2 to 5 inches across the area with the maximum storm surge remaining unknown at this time. Little to no property damage was reported.||Pasco County - In Pasco County there were no tropical storm force winds recorded. Rainfall was around 2 to 5 inches across the area and the maximum storm surge remains unknown at this time. No significant property damage was reported.||Pinellas County - In Pinellas County the highest wind reported from Hurricane Elsa was a gust of 59 mph at a CWOP mesonet site at Clearwater Beach. Rainfall was around 2 to 5 inches across the area and the maximum water level was 1.75 ft MHHW at Old Port Tampa. No significant property damage was reported.||Hillsborough County - In Hillsborough County the highest wind reported from Hurricane Elsa was a gust of 42 mph at a CWOP mesonet site at Odessa. Rainfall was around 2 to 5 inches across the area and the maximum water level was 1.83 ft MHHW at East Bay. Minor tree damage and areas of flooding occured but no significant property damage was reported.||Manatee County - In Manatee County the highest wind reported from Hurricane Elsa was a gust of 54 mph at an ASOS site at Sarasota-Bradenton International Airport. Rainfall was around 2-5 inches across the area and the maximum water level was 1.54 ft MHHW at Port Manatee. Areas of flooding occurred but no significant property damage was reported.||Sarasota County - In Sarasota County the highest wind reported from Hurricane Elsa was a gust of 46 mph at a WeatherStem mesonet site at Palmer Ranch. Rainfall was around 3 to 6 inches across most of the county although amounts of 6 to 10 inches were recorded over southeast parts of the county. No significant property damage was reported.||Charlotte County - In Charlotte County the highest wind reported from Hurricane Elsa was a gust of 49 mph at a CWOP mesonet site at Punta Gorda. Rainfall was around 3 to 6 inches across the area although amounts of 6 to 10 inches were recorded over western parts of the county. Areas of flooding occurred but no significant property damage was reported.||Lee County - In Lee County the highest wind reported from Hurricane Elsa was a gust of 39 mph at an ASOS site at Page Field Airport. Rainfall was around 3 to 6 inches across the area and the maximum water level was 1.47 ft MHHW at Fort Myers. Areas of flooding occurred but no significant property damage was reported.||Sumter County - In Sumter County there were no tropical storm force winds recorded. Rainfall was around 1 to 3 inches and no significant damage was reported.||Polk County - In Polk County the highest wind reported from Hurricane Elsa was a gust of 41 mph at an ASOS site at Lakeland-Linder International Airport. Rainfall was around 2 to 4 inches across the area and no significant damage was reported.||Hardee County - In Hardee County there were no tropical storm force winds recorded. Rainfall was around 2 to 4 inches. Areas of flooding occurred but no significant property damage was reported.||Desoto County - In DeSoto County the highest wind reported from Hurricane Elsa was a gust of 41 mph at a FAWN mesonet site at Arcadia. Rainfall was around 2 to 5 inches and no significant damage was reported.||Highlands County - In Highlands County there were no tropical storm force winds recorded. Rainfall was around 2 to 4 inches and no significant damage was reported.","Hurricane Elsa originated from a tropical depression that formed in the central Atlantic east of the Windward Islands on June 30th. The depression strengthened into Tropical Storm Elsa on July 1st and strengthened to a hurricane on July 2nd while moving westward across the Windward Islands and into the eastern Caribbean Sea, reaching peak intensity of 85 mph and 991 mb later that day. Elsa gradually turned northwest while moving across the Caribbean and weakened to a tropical storm before making landfall in Cuba on July 5th. Elsa emerged in the southeast Gulf of Mexico late on the 5th and turned north, re-strengthened to a hurricane and reached a second peak of 75 mph and 995 mb on July 6th while centered about 100 miles south-southwest of Tampa. Elsa once again weakened to a tropical storm as it approached the northern Florida gulf coast, and made landfall on July 7th in Taylor County around 10 AM EST with maximum sustained winds of 65 mph and a minimum central pressure of 999 mb. WeatherFlow site XCBN Clam Bayou Nature Park reported a 43 mph wind gust.",CSV
202107,7,600,202107,7,600,158909,963756,GULF OF MEXICO,85,2021,July,Marine Tropical Storm,Z,850,TARPON SPRINGS TO SUWANNEE RIVER FL OUT 20NM,85850,TBW,07-JUL-21 06:00:00,EST-5,07-JUL-21 06:00:00,0,0,0,0,0.00K,0.00K,C-MAN Station,NA,NA,NA,NA,NA,NA,NA,NA,NA,NA,NA,NA,NA,NA,NA,NA,NA,NA,NA,NA,NA,"Hurricane Elsa originated from a tropical depression that formed in the central Atlantic east of the Windward Islands on June 30th. The depression strengthened into Tropical Storm Elsa on July 1st and strengthened to a hurricane on July 2nd while moving westward across the Windward Islands and into the eastern Caribbean Sea, reaching peak intensity of 85 mph and 991 mb later that day. Elsa gradually turned northwest while moving across the Caribbean and weakened to a tropical storm before making landfall in Cuba on July 5th. Elsa emerged in the southeast Gulf of Mexico late on the 5th and turned north, re-strengthened to a hurricane and reached a second peak of 75 mph and 995 mb on July 6th while centered about 100 miles south-southwest of Tampa. Elsa once again weakened to a tropical storm as it approached the northern Florida gulf coast, and made landfall on July 7th in Taylor County around 10 AM EST with maximum sustained winds of 65 mph and a minimum central pressure of 999 mb.||The highest measured wind gust in west central Florida was 58 mph at Cedar Key in Levy County. Greatest water level rises occurred at Cedar Key in Levy County, where a peak water level of 2.68 ft MHHW was observed. Area rainfall amounts were generally in the 4- to 8-inch range with locally higher amounts, with a maximum storm total rainfall amount of 11.04 inches recorded at Punta Gorda in Charlotte County.||Levy County - In Levy County the highest wind reported from Hurricane Elsa was a gust of 57 mph at a NOS-NWLON site at Cedar Key. Rainfall was around 3 to 6 inches across the area and the maximum storm surge was 2.56 ft MHHW at Cedar Key, with a maximum water level of 2.68 ft MHHW. No significant property damage was reported.||Citrus County - In Citrus County the highest wind reported from Hurricane Elsa was a gust of 47 mph at a WeatherStem mesonet site near Crystal River. Rainfall was around 2 to 5 inches across the area and the maximum storm surge was 2.11 ft MHHW at Yankeetown. Little to no property damage was reported.||Hernando County - In Hernando County the highest wind reported from Hurricane Elsa was a gust of 46 mph at an ASOS site at Brooksville-Tampa Bay Regional Airport. Rainfall was around 2 to 5 inches across the area with the maximum storm surge remaining unknown at this time. Little to no property damage was reported.||Pasco County - In Pasco County there were no tropical storm force winds recorded. Rainfall was around 2 to 5 inches across the area and the maximum storm surge remains unknown at this time. No significant property damage was reported.||Pinellas County - In Pinellas County the highest wind reported from Hurricane Elsa was a gust of 59 mph at a CWOP mesonet site at Clearwater Beach. Rainfall was around 2 to 5 inches across the area and the maximum water level was 1.75 ft MHHW at Old Port Tampa. No significant property damage was reported.||Hillsborough County - In Hillsborough County the highest wind reported from Hurricane Elsa was a gust of 42 mph at a CWOP mesonet site at Odessa. Rainfall was around 2 to 5 inches across the area and the maximum water level was 1.83 ft MHHW at East Bay. Minor tree damage and areas of flooding occured but no significant property damage was reported.||Manatee County - In Manatee County the highest wind reported from Hurricane Elsa was a gust of 54 mph at an ASOS site at Sarasota-Bradenton International Airport. Rainfall was around 2-5 inches across the area and the maximum water level was 1.54 ft MHHW at Port Manatee. Areas of flooding occurred but no significant property damage was reported.||Sarasota County - In Sarasota County the highest wind reported from Hurricane Elsa was a gust of 46 mph at a WeatherStem mesonet site at Palmer Ranch. Rainfall was around 3 to 6 inches across most of the county although amounts of 6 to 10 inches were recorded over southeast parts of the county. No significant property damage was reported.||Charlotte County - In Charlotte County the highest wind reported from Hurricane Elsa was a gust of 49 mph at a CWOP mesonet site at Punta Gorda. Rainfall was around 3 to 6 inches across the area although amounts of 6 to 10 inches were recorded over western parts of the county. Areas of flooding occurred but no significant property damage was reported.||Lee County - In Lee County the highest wind reported from Hurricane Elsa was a gust of 39 mph at an ASOS site at Page Field Airport. Rainfall was around 3 to 6 inches across the area and the maximum water level was 1.47 ft MHHW at Fort Myers. Areas of flooding occurred but no significant property damage was reported.||Sumter County - In Sumter County there were no tropical storm force winds recorded. Rainfall was around 1 to 3 inches and no significant damage was reported.||Polk County - In Polk County the highest wind reported from Hurricane Elsa was a gust of 41 mph at an ASOS site at Lakeland-Linder International Airport. Rainfall was around 2 to 4 inches across the area and no significant damage was reported.||Hardee County - In Hardee County there were no tropical storm force winds recorded. Rainfall was around 2 to 4 inches. Areas of flooding occurred but no significant property damage was reported.||Desoto County - In DeSoto County the highest wind reported from Hurricane Elsa was a gust of 41 mph at a FAWN mesonet site at Arcadia. Rainfall was around 2 to 5 inches and no significant damage was reported.||Highlands County - In Highlands County there were no tropical storm force winds recorded. Rainfall was around 2 to 4 inches and no significant damage was reported.","Hurricane Elsa originated from a tropical depression that formed in the central Atlantic east of the Windward Islands on June 30th. The depression strengthened into Tropical Storm Elsa on July 1st and strengthened to a hurricane on July 2nd while moving westward across the Windward Islands and into the eastern Caribbean Sea, reaching peak intensity of 85 mph and 991 mb later that day. Elsa gradually turned northwest while moving across the Caribbean and weakened to a tropical storm before making landfall in Cuba on July 5th. Elsa emerged in the southeast Gulf of Mexico late on the 5th and turned north, re-strengthened to a hurricane and reached a second peak of 75 mph and 995 mb on July 6th while centered about 100 miles south-southwest of Tampa. Elsa once again weakened to a tropical storm as it approached the northern Florida gulf coast, and made landfall on July 7th in Taylor County around 10 AM EST with maximum sustained winds of 65 mph and a minimum central pressure of 999 mb. NDBC CMAN site CDRF1 Cedar Key reported a 48 mph wind gust.",CSV
202107,6,2336,202107,6,2336,158909,963869,GULF OF MEXICO,85,2021,July,Marine Tropical Storm,Z,830,TAMPA BAY,85830,TBW,06-JUL-21 23:36:00,EST-5,06-JUL-21 23:36:00,0,0,0,0,0.00K,0.00K,Buoy,NA,NA,NA,NA,NA,NA,NA,NA,NA,NA,NA,NA,NA,NA,NA,NA,NA,NA,NA,NA,NA,"Hurricane Elsa originated from a tropical depression that formed in the central Atlantic east of the Windward Islands on June 30th. The depression strengthened into Tropical Storm Elsa on July 1st and strengthened to a hurricane on July 2nd while moving westward across the Windward Islands and into the eastern Caribbean Sea, reaching peak intensity of 85 mph and 991 mb later that day. Elsa gradually turned northwest while moving across the Caribbean and weakened to a tropical storm before making landfall in Cuba on July 5th. Elsa emerged in the southeast Gulf of Mexico late on the 5th and turned north, re-strengthened to a hurricane and reached a second peak of 75 mph and 995 mb on July 6th while centered about 100 miles south-southwest of Tampa. Elsa once again weakened to a tropical storm as it approached the northern Florida gulf coast, and made landfall on July 7th in Taylor County around 10 AM EST with maximum sustained winds of 65 mph and a minimum central pressure of 999 mb.||The highest measured wind gust in west central Florida was 58 mph at Cedar Key in Levy County. Greatest water level rises occurred at Cedar Key in Levy County, where a peak water level of 2.68 ft MHHW was observed. Area rainfall amounts were generally in the 4- to 8-inch range with locally higher amounts, with a maximum storm total rainfall amount of 11.04 inches recorded at Punta Gorda in Charlotte County.||Levy County - In Levy County the highest wind reported from Hurricane Elsa was a gust of 57 mph at a NOS-NWLON site at Cedar Key. Rainfall was around 3 to 6 inches across the area and the maximum storm surge was 2.56 ft MHHW at Cedar Key, with a maximum water level of 2.68 ft MHHW. No significant property damage was reported.||Citrus County - In Citrus County the highest wind reported from Hurricane Elsa was a gust of 47 mph at a WeatherStem mesonet site near Crystal River. Rainfall was around 2 to 5 inches across the area and the maximum storm surge was 2.11 ft MHHW at Yankeetown. Little to no property damage was reported.||Hernando County - In Hernando County the highest wind reported from Hurricane Elsa was a gust of 46 mph at an ASOS site at Brooksville-Tampa Bay Regional Airport. Rainfall was around 2 to 5 inches across the area with the maximum storm surge remaining unknown at this time. Little to no property damage was reported.||Pasco County - In Pasco County there were no tropical storm force winds recorded. Rainfall was around 2 to 5 inches across the area and the maximum storm surge remains unknown at this time. No significant property damage was reported.||Pinellas County - In Pinellas County the highest wind reported from Hurricane Elsa was a gust of 59 mph at a CWOP mesonet site at Clearwater Beach. Rainfall was around 2 to 5 inches across the area and the maximum water level was 1.75 ft MHHW at Old Port Tampa. No significant property damage was reported.||Hillsborough County - In Hillsborough County the highest wind reported from Hurricane Elsa was a gust of 42 mph at a CWOP mesonet site at Odessa. Rainfall was around 2 to 5 inches across the area and the maximum water level was 1.83 ft MHHW at East Bay. Minor tree damage and areas of flooding occured but no significant property damage was reported.||Manatee County - In Manatee County the highest wind reported from Hurricane Elsa was a gust of 54 mph at an ASOS site at Sarasota-Bradenton International Airport. Rainfall was around 2-5 inches across the area and the maximum water level was 1.54 ft MHHW at Port Manatee. Areas of flooding occurred but no significant property damage was reported.||Sarasota County - In Sarasota County the highest wind reported from Hurricane Elsa was a gust of 46 mph at a WeatherStem mesonet site at Palmer Ranch. Rainfall was around 3 to 6 inches across most of the county although amounts of 6 to 10 inches were recorded over southeast parts of the county. No significant property damage was reported.||Charlotte County - In Charlotte County the highest wind reported from Hurricane Elsa was a gust of 49 mph at a CWOP mesonet site at Punta Gorda. Rainfall was around 3 to 6 inches across the area although amounts of 6 to 10 inches were recorded over western parts of the county. Areas of flooding occurred but no significant property damage was reported.||Lee County - In Lee County the highest wind reported from Hurricane Elsa was a gust of 39 mph at an ASOS site at Page Field Airport. Rainfall was around 3 to 6 inches across the area and the maximum water level was 1.47 ft MHHW at Fort Myers. Areas of flooding occurred but no significant property damage was reported.||Sumter County - In Sumter County there were no tropical storm force winds recorded. Rainfall was around 1 to 3 inches and no significant damage was reported.||Polk County - In Polk County the highest wind reported from Hurricane Elsa was a gust of 41 mph at an ASOS site at Lakeland-Linder International Airport. Rainfall was around 2 to 4 inches across the area and no significant damage was reported.||Hardee County - In Hardee County there were no tropical storm force winds recorded. Rainfall was around 2 to 4 inches. Areas of flooding occurred but no significant property damage was reported.||Desoto County - In DeSoto County the highest wind reported from Hurricane Elsa was a gust of 41 mph at a FAWN mesonet site at Arcadia. Rainfall was around 2 to 5 inches and no significant damage was reported.||Highlands County - In Highlands County there were no tropical storm force winds recorded. Rainfall was around 2 to 4 inches and no significant damage was reported.","Hurricane Elsa originated from a tropical depression that formed in the central Atlantic east of the Windward Islands on June 30th. The depression strengthened into Tropical Storm Elsa on July 1st and strengthened to a hurricane on July 2nd while moving westward across the Windward Islands and into the eastern Caribbean Sea, reaching peak intensity of 85 mph and 991 mb later that day. Elsa gradually turned northwest while moving across the Caribbean and weakened to a tropical storm before making landfall in Cuba on July 5th. Elsa emerged in the southeast Gulf of Mexico late on the 5th and turned north, re-strengthened to a hurricane and reached a second peak of 75 mph and 995 mb on July 6th while centered about 100 miles south-southwest of Tampa. Elsa once again weakened to a tropical storm as it approached the northern Florida gulf coast, and made landfall on July 7th in Taylor County around 10 AM EST with maximum sustained winds of 65 mph and a minimum central pressure of 999 mb. NOS PORTS site TPAF1 reported a 40 mph wind gust.",CSV
202107,7,500,202107,7,1200,160810,974229,GULF OF MEXICO,85,2021,July,Marine Tropical Storm,Z,730,APALACHEE BAY OR COASTAL WATERS FROM KEATON BEACH TO OCHLOCKONEE RIVER FL OUT TO 20 NM,85730,TAE,07-JUL-21 05:00:00,EST-5,07-JUL-21 12:00:00,0,0,0,0,0.00K,0.00K,Official NWS Observations,NA,NA,NA,NA,NA,NA,NA,NA,NA,NA,NA,NA,NA,NA,NA,NA,NA,NA,NA,NA,NA,Tropical Storm Elsa moved through the coastal waters east of Apalachicola with tropical storm force winds.,Tropical Storm Elsa moved through the coastal waters with tropical storm force winds.,CSV
202107,7,500,202107,7,1200,160810,974230,GULF OF MEXICO,85,2021,July,Marine Tropical Storm,Z,755,COASTAL WATERS FROM OCHLOCKONEE RIVER TO APALACHICOLA FL OUT TO 20 NM,85755,TAE,07-JUL-21 05:00:00,EST-5,07-JUL-21 12:00:00,0,0,0,0,0.00K,0.00K,Official NWS Observations,NA,NA,NA,NA,NA,NA,NA,NA,NA,NA,NA,NA,NA,NA,NA,NA,NA,NA,NA,NA,NA,Tropical Storm Elsa moved through the coastal waters east of Apalachicola with tropical storm force winds.,Tropical Storm Elsa moved through the coastal waters with tropical storm force winds.,CSV
202107,7,500,202107,7,1200,160810,974231,GULF OF MEXICO,85,2021,July,Marine Tropical Storm,Z,765,COASTAL WATERS FROM SUWANNEE RIVER TO KEATON BEACH OUT TO 20 NM,85765,TAE,07-JUL-21 05:00:00,EST-5,07-JUL-21 12:00:00,0,0,0,0,0.00K,0.00K,Official NWS Observations,NA,NA,NA,NA,NA,NA,NA,NA,NA,NA,NA,NA,NA,NA,NA,NA,NA,NA,NA,NA,NA,Tropical Storm Elsa moved through the coastal waters east of Apalachicola with tropical storm force winds.,Tropical Storm Elsa moved through the coastal waters with tropical storm force winds.,CSV
202107,7,500,202107,7,1200,160810,974232,GULF OF MEXICO,85,2021,July,Marine Tropical Storm,Z,775,SUWANNEE R TO APALACHICOLA FL 20 TO 60NM,85775,TAE,07-JUL-21 05:00:00,EST-5,07-JUL-21 12:00:00,0,0,0,0,0.00K,0.00K,Official NWS Observations,NA,NA,NA,NA,NA,NA,NA,NA,NA,NA,NA,NA,NA,NA,NA,NA,NA,NA,NA,NA,NA,Tropical Storm Elsa moved through the coastal waters east of Apalachicola with tropical storm force winds.,Tropical Storm Elsa moved through the coastal waters with tropical storm force winds.,CSV
202107,6,600,202107,7,59,160162,975112,GULF OF MEXICO,85,2021,July,Marine Tropical Storm,Z,656,CHOKOLOSKEE TO BONITA BEACH FL OUT 20NM,85656,MFL,06-JUL-21 06:00:00,EST-5,07-JUL-21 00:59:00,0,0,0,0,0.00K,0.00K,Mesonet,NA,NA,NA,NA,NA,NA,NA,NA,NA,NA,NA,NA,NA,NA,NA,NA,NA,NA,NA,NA,NA,"A low pressure system, turned tropical disturbance, moving across the central tropical Atlantic formed into Tropical Storm Elsa on July 1st. Tropical Storm Elsa gradually continued westward over the next few days before turning northwestward and towards the FL peninsula on July 4th and 5th. The center passed well to the west of South FL, in the eastern Gulf of Mexico, during the day of July 6th, with a minimum central pressure of 1000 mb and maximum sustained winds of 70 mph. For the most part, as Tropical Storm Elsa continued northward and towards the FL Panhandle, it maintained tropical storm intensity, though briefly achieved weak hurricane status late July 6th before decreasing back to tropical storm intensity early July 7th . Lowest surface pressure recorded over the South Florida Gulf Coast was 1012.4 mb at Naples Municipal Airport and maximum sustained winds of 25 mph/22 knots at Marco Island Airport on July 6th. Estimated Tropical Storm force wind gusts were measured across the Gulf waters ranging from 40 to 50 mph, with higher gusts.||Although the effects from Tropical Storm Elsa were generally minor for wind, there were Tropical Storm force wind gusts and sustained Tropical Depression force winds over the Gulf waters, which created hazardous marine conditions.","Sustained tropical storm force winds of near 40 knots likely occurred over the near-shore Gulf waters based on data from hurricane hunter aircraft, with gusts possibly as high as 50 knots. A recorded peak wind gust of 47 mph/41 knots was measured by the mesonet (MRCSC) at Marco Island at 3:22 PM EDT in association with a strong outer rain band emanating from TS Elsa on July 6th.",CSV
202107,6,600,202107,7,59,160162,975114,GULF OF MEXICO,85,2021,July,Marine Tropical Storm,Z,676,CHOKOLOSKEE TO BONITA BEACH FL 20 TO 60NM,85676,MFL,06-JUL-21 06:00:00,EST-5,07-JUL-21 00:59:00,0,0,0,0,0.00K,0.00K,Other Federal Agency,NA,NA,NA,NA,NA,NA,NA,NA,NA,NA,NA,NA,NA,NA,NA,NA,NA,NA,NA,NA,NA,"A low pressure system, turned tropical disturbance, moving across the central tropical Atlantic formed into Tropical Storm Elsa on July 1st. Tropical Storm Elsa gradually continued westward over the next few days before turning northwestward and towards the FL peninsula on July 4th and 5th. The center passed well to the west of South FL, in the eastern Gulf of Mexico, during the day of July 6th, with a minimum central pressure of 1000 mb and maximum sustained winds of 70 mph. For the most part, as Tropical Storm Elsa continued northward and towards the FL Panhandle, it maintained tropical storm intensity, though briefly achieved weak hurricane status late July 6th before decreasing back to tropical storm intensity early July 7th . Lowest surface pressure recorded over the South Florida Gulf Coast was 1012.4 mb at Naples Municipal Airport and maximum sustained winds of 25 mph/22 knots at Marco Island Airport on July 6th. Estimated Tropical Storm force wind gusts were measured across the Gulf waters ranging from 40 to 50 mph, with higher gusts.||Although the effects from Tropical Storm Elsa were generally minor for wind, there were Tropical Storm force wind gusts and sustained Tropical Depression force winds over the Gulf waters, which created hazardous marine conditions.","Sustained tropical storm force winds of 40-50 knots likely occurred over the outer Gulf waters of Collier County based on data from hurricane hunter aircraft, with gusts possibly as high as 60 knots.",CSV
202107,8,2140,202107,8,2140,161850,977312,ATLANTIC NORTH,88,2021,July,Marine Tropical Storm,Z,658,NC-VA BDR TO CURRITUCK BEACH LT OUT 20NM,88658,AKQ,08-JUL-21 21:40:00,EST-5,08-JUL-21 21:40:00,0,0,0,0,0.00K,0.00K,Mesonet,NA,NA,NA,NA,NA,NA,NA,NA,NA,NA,NA,NA,NA,NA,NA,NA,NA,NA,NA,NA,NA,"The center of Tropical Storm Elsa tracked north just inland of the Middle Atlantic Coast from Thursday morning through Thursday night, July 8th. The Tropical Storm produced tropical storm force wind gusts across portions of the northeast North Carolina Coastal Waters.",Wind gust of 45 knots was measured at (3 E) Knotts Island.,CSV
202107,8,600,202107,8,602,161462,975066,ATLANTIC SOUTH,87,2021,July,Marine Tropical Storm,Z,254,LITTLE R INLET NC TO MURRELLS INLET SC OUT 20NM,87254,ILM,08-JUL-21 06:00:00,EST-5,08-JUL-21 06:02:00,0,0,0,0,0.00K,0.00K,Mesonet,NA,NA,NA,NA,NA,NA,NA,NA,NA,NA,NA,NA,NA,NA,NA,NA,NA,NA,NA,NA,NA,"Tropical Storm Elsa made landfall in the panhandle of Florida, then moved northeastward into the Carolinas and weakened. The storm managed to produce tropical storm force gusts across portions of the coastal waters.",The Apache Pier recorded a sustained wind of 47 mph.,CSV
202107,8,653,202107,8,655,161462,975070,ATLANTIC SOUTH,87,2021,July,Marine Tropical Storm,Z,252,COASTAL WATERS FROM CAPE FEAR NC TO LITTLE RIVER INLET SC OUT 20 NM,87252,ILM,08-JUL-21 06:53:00,EST-5,08-JUL-21 06:55:00,0,0,0,0,0.00K,0.00K,Buoy,NA,NA,NA,NA,NA,NA,NA,NA,NA,NA,NA,NA,NA,NA,NA,NA,NA,NA,NA,NA,NA,"Tropical Storm Elsa made landfall in the panhandle of Florida, then moved northeastward into the Carolinas and weakened. The storm managed to produce tropical storm force gusts across portions of the coastal waters.","The buoy 3 miles SSE of Sunset Beach recorded a peak gust of 48 mph, and sustained winds of 43 mph.",CSV
202107,8,608,202107,8,610,161462,975069,ATLANTIC SOUTH,87,2021,July,Marine Tropical Storm,Z,256,MURRELLS INLET TO S SANTEE R SC OUT 20NM,87256,ILM,08-JUL-21 06:08:00,EST-5,08-JUL-21 06:10:00,0,0,0,0,0.00K,0.00K,Mesonet,NA,NA,NA,NA,NA,NA,NA,NA,NA,NA,NA,NA,NA,NA,NA,NA,NA,NA,NA,NA,NA,"Tropical Storm Elsa made landfall in the panhandle of Florida, then moved northeastward into the Carolinas and weakened. The storm managed to produce tropical storm force gusts across portions of the coastal waters.",A WeatherFlow station near Murrells Inlet measured a 49 mph gust with sustained winds of 41 mph.,CSV
202108,16,700,202108,16,1900,162300,979764,GULF OF MEXICO,85,2021,August,Marine Tropical Storm,Z,750,COASTAL WATERS FROM OKLALOOSA-WALTON COUNTY LINE TO MEXICO BEACH OUT 20 NM,85750,TAE,16-AUG-21 07:00:00,EST-5,16-AUG-21 19:00:00,0,0,0,0,0.00K,0.00K,Official NWS Observations,NA,NA,NA,NA,NA,NA,NA,NA,NA,NA,NA,NA,NA,NA,NA,NA,NA,NA,NA,NA,NA,"After moving across the Greater Antilles and weakening, the remnants of Tropical Storm Fred strengthened into a tropical storm once again in the Gulf of Mexico and made landfall near Cape San Blas with maximum sustained winds near 65 mph on August 16th.  Tropical storm force winds were felt across all of the coastal waters.",NA,CSV
202108,16,700,202108,16,1900,162300,979765,GULF OF MEXICO,85,2021,August,Marine Tropical Storm,Z,770,WATERS FROM OKALOOSA-WALTON COUNTY LINE TO MEXICO BEACH FL 20 TO 60 NM,85770,TAE,16-AUG-21 07:00:00,EST-5,16-AUG-21 19:00:00,0,0,0,0,0.00K,0.00K,Official NWS Observations,NA,NA,NA,NA,NA,NA,NA,NA,NA,NA,NA,NA,NA,NA,NA,NA,NA,NA,NA,NA,NA,"After moving across the Greater Antilles and weakening, the remnants of Tropical Storm Fred strengthened into a tropical storm once again in the Gulf of Mexico and made landfall near Cape San Blas with maximum sustained winds near 65 mph on August 16th.  Tropical storm force winds were felt across all of the coastal waters.",NA,CSV
202108,16,700,202108,16,1900,162300,979766,GULF OF MEXICO,85,2021,August,Marine Tropical Storm,Z,752,COASTAL WATERS FROM MEXICO BEACH TO APALACHICOLA OUT 20 NM,85752,TAE,16-AUG-21 07:00:00,EST-5,16-AUG-21 19:00:00,0,0,0,0,0.00K,0.00K,Official NWS Observations,NA,NA,NA,NA,NA,NA,NA,NA,NA,NA,NA,NA,NA,NA,NA,NA,NA,NA,NA,NA,NA,"After moving across the Greater Antilles and weakening, the remnants of Tropical Storm Fred strengthened into a tropical storm once again in the Gulf of Mexico and made landfall near Cape San Blas with maximum sustained winds near 65 mph on August 16th.  Tropical storm force winds were felt across all of the coastal waters.",NA,CSV
202108,16,700,202108,16,1900,162300,979767,GULF OF MEXICO,85,2021,August,Marine Tropical Storm,Z,772,WATERS FROM MEXICO BEACH TO APALACHICOLA FL 20 TO 60 NM,85772,TAE,16-AUG-21 07:00:00,EST-5,16-AUG-21 19:00:00,0,0,0,0,0.00K,0.00K,Official NWS Observations,NA,NA,NA,NA,NA,NA,NA,NA,NA,NA,NA,NA,NA,NA,NA,NA,NA,NA,NA,NA,NA,"After moving across the Greater Antilles and weakening, the remnants of Tropical Storm Fred strengthened into a tropical storm once again in the Gulf of Mexico and made landfall near Cape San Blas with maximum sustained winds near 65 mph on August 16th.  Tropical storm force winds were felt across all of the coastal waters.",NA,CSV
202108,16,700,202108,16,1900,162300,979768,GULF OF MEXICO,85,2021,August,Marine Tropical Storm,Z,755,COASTAL WATERS FROM OCHLOCKONEE RIVER TO APALACHICOLA FL OUT TO 20 NM,85755,TAE,16-AUG-21 07:00:00,EST-5,16-AUG-21 19:00:00,0,0,0,0,0.00K,0.00K,Official NWS Observations,NA,NA,NA,NA,NA,NA,NA,NA,NA,NA,NA,NA,NA,NA,NA,NA,NA,NA,NA,NA,NA,"After moving across the Greater Antilles and weakening, the remnants of Tropical Storm Fred strengthened into a tropical storm once again in the Gulf of Mexico and made landfall near Cape San Blas with maximum sustained winds near 65 mph on August 16th.  Tropical storm force winds were felt across all of the coastal waters.",NA,CSV
202108,16,700,202108,16,1900,162300,979769,GULF OF MEXICO,85,2021,August,Marine Tropical Storm,Z,775,SUWANNEE R TO APALACHICOLA FL 20 TO 60NM,85775,TAE,16-AUG-21 07:00:00,EST-5,16-AUG-21 19:00:00,0,0,0,0,0.00K,0.00K,Official NWS Observations,NA,NA,NA,NA,NA,NA,NA,NA,NA,NA,NA,NA,NA,NA,NA,NA,NA,NA,NA,NA,NA,"After moving across the Greater Antilles and weakening, the remnants of Tropical Storm Fred strengthened into a tropical storm once again in the Gulf of Mexico and made landfall near Cape San Blas with maximum sustained winds near 65 mph on August 16th.  Tropical storm force winds were felt across all of the coastal waters.",NA,CSV
202108,16,1000,202108,16,1900,162300,979770,GULF OF MEXICO,85,2021,August,Marine Tropical Storm,Z,730,APALACHEE BAY OR COASTAL WATERS FROM KEATON BEACH TO OCHLOCKONEE RIVER FL OUT TO 20 NM,85730,TAE,16-AUG-21 10:00:00,EST-5,16-AUG-21 19:00:00,0,0,0,0,0.00K,0.00K,Official NWS Observations,NA,NA,NA,NA,NA,NA,NA,NA,NA,NA,NA,NA,NA,NA,NA,NA,NA,NA,NA,NA,NA,"After moving across the Greater Antilles and weakening, the remnants of Tropical Storm Fred strengthened into a tropical storm once again in the Gulf of Mexico and made landfall near Cape San Blas with maximum sustained winds near 65 mph on August 16th.  Tropical storm force winds were felt across all of the coastal waters.",NA,CSV
202108,16,1000,202108,16,1900,162300,979771,GULF OF MEXICO,85,2021,August,Marine Tropical Storm,Z,765,COASTAL WATERS FROM SUWANNEE RIVER TO KEATON BEACH OUT TO 20 NM,85765,TAE,16-AUG-21 10:00:00,EST-5,16-AUG-21 19:00:00,0,0,0,0,0.00K,0.00K,Official NWS Observations,NA,NA,NA,NA,NA,NA,NA,NA,NA,NA,NA,NA,NA,NA,NA,NA,NA,NA,NA,NA,NA,"After moving across the Greater Antilles and weakening, the remnants of Tropical Storm Fred strengthened into a tropical storm once again in the Gulf of Mexico and made landfall near Cape San Blas with maximum sustained winds near 65 mph on August 16th.  Tropical storm force winds were felt across all of the coastal waters.",NA,CSV
202108,29,500,202108,30,1200,162641,981991,GULF OF MEXICO,85,2021,August,Marine Tropical Storm,Z,630,NORTH MOBILE BAY,85630,MOB,29-AUG-21 05:00:00,CST-6,30-AUG-21 12:00:00,0,0,0,0,0.00K,0.00K,Official NWS Observations,NA,NA,NA,NA,NA,NA,NA,NA,NA,NA,NA,NA,NA,NA,NA,NA,NA,NA,NA,NA,NA,"Hurricane Ida rapidly intensified overnight on August 28th into the morning of August 29th into strong category 4 Hurricane as it approached the northern Gulf coast. Ida made landfall across southeast Louisiana during the late morning on August 29th. Ida turned north and northeast across central Mississippi during late afternoon and evening on Monday, August 30th.||The core of the hurricane force winds was relatively small, only extending out from the center about 50 miles. However tropical storm force winds extended outward over 150 miles from the center. This brought tropical storm force wind gusts to southeast Mississippi and much of southwest Alabama, with a brief period of sustained tropical storm force winds to coastal Alabama. Wind gusts of 40 to 60 mph were recorded across southeast Mississippi and southwestern Alabama. The tropical storm force winds also downed several trees across the area.||The highest storm surge inundation values observed were between 3 to 4.5 feet MHHW across southern Mobile county up into the far north end of Mobile Bay. Storm surge surveys indicated the highest water levels were in the Bayou La Batre area along and near Shell Belt Road where peak water levels were in the 4 to 4.5 feet MHHW range.||The slow movement of the storm caused widespread flooding especially across southeast Mississippi and portions of southwest Alabama. Rainfall amounts of anywhere from 7 to 12 inches were recorded across southeast Mississippi and portions of southwest Alabama. This led to significant flash flooding along with significant river flooding.||Two tornadoes during the afternoon on August 30th. An EF-1 in northern Mobile County and an EF-1 in southern Clarke County.||Here is a breakdown of county impacts:||Stone County MS: Tropical storm force wind gusts downed several trees in Stone|County. Seven to ten inches of rain was recorded and one road had to be barricaded due to flooding. The low lying red creek and mill creek areas experienced flooding, impacting two RV parks.||George County MS: Eight to twelve inches of rain fell across George county which|resulted in significant flash flooding. A portion of Highway 26 collapsed just west of Lucedale, killing three people and injuring seven others. Eleven other roads were significantly flooded and had some form of washout or damage.||Mobile County AL: The west end of Dauphin Island was significantly impacted by Ida|from a combination of high surf, storm surge, and tropical storm force winds. Three miles of Bienville boulevard was impassable due to surge flooding and sand up to four feet deep. The high surf also produced minor damage to a few homes on the west end. Power poles were also knocked down on the island. Storm surge inundation peaked|between 3 and 4.5 feet MHHW across southern Mobile county up into the far north end of Mobile Bay. The highest tidal gauge readings were 3.78 feet MHHW at Coast Guard sector Mobile and 3.82 feet MHHW at the Bayou La Batre bridge. Storm surge surveys along Shell Belt road in Bayou La Batre indicated water lines that reached between 4-4.5 feet.||This surge flooding resulted in closures of low lying coastal roads, such as Shell Belt road, the US Highway 90 causeway, the foot of the Dog river bridge, and the Dauphin Island causeway. Coastal flooding persisted across three high tide cycles which resulted in prolonged closures. Observations at Dauphin Island and Buccaneer Yacht Club on|Mobile Bay measured brief sustained periods of tropical storm force winds between 40-45 mph. Gusts of 50 to 60 mph were recorded in heavier rain bands across central and southern Mobile county. An EF-1 tornado impacted parts of Saraland, Satsuma, and Creola early in the afternoon on August 30th, resulting in three injuries. Rainfall|totals of 8 to 11 inches were recorded across the county, especially in southern and central portions. This heavy rainfall led to some urban flooding in neighborhoods and damaged some drainage culverts.||Baldwin County AL: Storm surge inundation of 3 to 4 feet above normally dry ground was recorded from Weeks Bay northward. This resulted in flooding of low lying areas and closure of the US Highway 90 Causeway. Five to nine inches of rain was measured across Baldwin county, which resulted in areas of flash flooding. A portion of River Road along Styx River was washed out due to heavy rainfall and flooding. A few drainage culverts were also significant damaged in the county. Tropical storm conditions were confined primarily to immediate coastal areas, particularly along the Fort Morgan peninsula.||Clarke County AL: An EF-1 Tornado impacted portions of southern Clarke County, significantly damaging a couple of structures.||Escambia County FL: High surf of at least ten feet resulted in significant flooding and sand on coastal roadways along the Gulf Islands National Seashore. Portions of the road and access areas were closed for an extended period of time.||Santa Rosa County FL: High surf of at least ten feet resulted in significant flooding and sand along the Gulf Islands National Seashore. Portions of the road and access areas were closed for and extended period of time.||Okaloosa County FL: Strong rip currents produced by Ida resulted in two rip current fatalities in the wake of the storm. One occurred on September 1st when a 14 year old teen drowned off a Destin Beach. The other fatality occurred on September 4th when a 58 year old man drowned off Henderson Beach State Park.",NA,CSV
202108,29,500,202108,30,1200,162641,981992,GULF OF MEXICO,85,2021,August,Marine Tropical Storm,Z,650,COASTAL WATERS FROM PENSACOLA FL TO PASCAGOULA MS OUT 20 NM,85650,MOB,29-AUG-21 05:00:00,CST-6,30-AUG-21 12:00:00,0,0,0,0,0.00K,0.00K,Official NWS Observations,NA,NA,NA,NA,NA,NA,NA,NA,NA,NA,NA,NA,NA,NA,NA,NA,NA,NA,NA,NA,NA,"Hurricane Ida rapidly intensified overnight on August 28th into the morning of August 29th into strong category 4 Hurricane as it approached the northern Gulf coast. Ida made landfall across southeast Louisiana during the late morning on August 29th. Ida turned north and northeast across central Mississippi during late afternoon and evening on Monday, August 30th.||The core of the hurricane force winds was relatively small, only extending out from the center about 50 miles. However tropical storm force winds extended outward over 150 miles from the center. This brought tropical storm force wind gusts to southeast Mississippi and much of southwest Alabama, with a brief period of sustained tropical storm force winds to coastal Alabama. Wind gusts of 40 to 60 mph were recorded across southeast Mississippi and southwestern Alabama. The tropical storm force winds also downed several trees across the area.||The highest storm surge inundation values observed were between 3 to 4.5 feet MHHW across southern Mobile county up into the far north end of Mobile Bay. Storm surge surveys indicated the highest water levels were in the Bayou La Batre area along and near Shell Belt Road where peak water levels were in the 4 to 4.5 feet MHHW range.||The slow movement of the storm caused widespread flooding especially across southeast Mississippi and portions of southwest Alabama. Rainfall amounts of anywhere from 7 to 12 inches were recorded across southeast Mississippi and portions of southwest Alabama. This led to significant flash flooding along with significant river flooding.||Two tornadoes during the afternoon on August 30th. An EF-1 in northern Mobile County and an EF-1 in southern Clarke County.||Here is a breakdown of county impacts:||Stone County MS: Tropical storm force wind gusts downed several trees in Stone|County. Seven to ten inches of rain was recorded and one road had to be barricaded due to flooding. The low lying red creek and mill creek areas experienced flooding, impacting two RV parks.||George County MS: Eight to twelve inches of rain fell across George county which|resulted in significant flash flooding. A portion of Highway 26 collapsed just west of Lucedale, killing three people and injuring seven others. Eleven other roads were significantly flooded and had some form of washout or damage.||Mobile County AL: The west end of Dauphin Island was significantly impacted by Ida|from a combination of high surf, storm surge, and tropical storm force winds. Three miles of Bienville boulevard was impassable due to surge flooding and sand up to four feet deep. The high surf also produced minor damage to a few homes on the west end. Power poles were also knocked down on the island. Storm surge inundation peaked|between 3 and 4.5 feet MHHW across southern Mobile county up into the far north end of Mobile Bay. The highest tidal gauge readings were 3.78 feet MHHW at Coast Guard sector Mobile and 3.82 feet MHHW at the Bayou La Batre bridge. Storm surge surveys along Shell Belt road in Bayou La Batre indicated water lines that reached between 4-4.5 feet.||This surge flooding resulted in closures of low lying coastal roads, such as Shell Belt road, the US Highway 90 causeway, the foot of the Dog river bridge, and the Dauphin Island causeway. Coastal flooding persisted across three high tide cycles which resulted in prolonged closures. Observations at Dauphin Island and Buccaneer Yacht Club on|Mobile Bay measured brief sustained periods of tropical storm force winds between 40-45 mph. Gusts of 50 to 60 mph were recorded in heavier rain bands across central and southern Mobile county. An EF-1 tornado impacted parts of Saraland, Satsuma, and Creola early in the afternoon on August 30th, resulting in three injuries. Rainfall|totals of 8 to 11 inches were recorded across the county, especially in southern and central portions. This heavy rainfall led to some urban flooding in neighborhoods and damaged some drainage culverts.||Baldwin County AL: Storm surge inundation of 3 to 4 feet above normally dry ground was recorded from Weeks Bay northward. This resulted in flooding of low lying areas and closure of the US Highway 90 Causeway. Five to nine inches of rain was measured across Baldwin county, which resulted in areas of flash flooding. A portion of River Road along Styx River was washed out due to heavy rainfall and flooding. A few drainage culverts were also significant damaged in the county. Tropical storm conditions were confined primarily to immediate coastal areas, particularly along the Fort Morgan peninsula.||Clarke County AL: An EF-1 Tornado impacted portions of southern Clarke County, significantly damaging a couple of structures.||Escambia County FL: High surf of at least ten feet resulted in significant flooding and sand on coastal roadways along the Gulf Islands National Seashore. Portions of the road and access areas were closed for an extended period of time.||Santa Rosa County FL: High surf of at least ten feet resulted in significant flooding and sand along the Gulf Islands National Seashore. Portions of the road and access areas were closed for and extended period of time.||Okaloosa County FL: Strong rip currents produced by Ida resulted in two rip current fatalities in the wake of the storm. One occurred on September 1st when a 14 year old teen drowned off a Destin Beach. The other fatality occurred on September 4th when a 58 year old man drowned off Henderson Beach State Park.",NA,CSV
202108,29,500,202108,30,1200,162641,981993,GULF OF MEXICO,85,2021,August,Marine Tropical Storm,Z,670,WATERS FROM PENSACOLA FL TO PASCAGOULA MS FROM 20 TO 60 NM,85670,MOB,29-AUG-21 05:00:00,CST-6,30-AUG-21 12:00:00,0,0,0,0,0.00K,0.00K,Official NWS Observations,NA,NA,NA,NA,NA,NA,NA,NA,NA,NA,NA,NA,NA,NA,NA,NA,NA,NA,NA,NA,NA,"Hurricane Ida rapidly intensified overnight on August 28th into the morning of August 29th into strong category 4 Hurricane as it approached the northern Gulf coast. Ida made landfall across southeast Louisiana during the late morning on August 29th. Ida turned north and northeast across central Mississippi during late afternoon and evening on Monday, August 30th.||The core of the hurricane force winds was relatively small, only extending out from the center about 50 miles. However tropical storm force winds extended outward over 150 miles from the center. This brought tropical storm force wind gusts to southeast Mississippi and much of southwest Alabama, with a brief period of sustained tropical storm force winds to coastal Alabama. Wind gusts of 40 to 60 mph were recorded across southeast Mississippi and southwestern Alabama. The tropical storm force winds also downed several trees across the area.||The highest storm surge inundation values observed were between 3 to 4.5 feet MHHW across southern Mobile county up into the far north end of Mobile Bay. Storm surge surveys indicated the highest water levels were in the Bayou La Batre area along and near Shell Belt Road where peak water levels were in the 4 to 4.5 feet MHHW range.||The slow movement of the storm caused widespread flooding especially across southeast Mississippi and portions of southwest Alabama. Rainfall amounts of anywhere from 7 to 12 inches were recorded across southeast Mississippi and portions of southwest Alabama. This led to significant flash flooding along with significant river flooding.||Two tornadoes during the afternoon on August 30th. An EF-1 in northern Mobile County and an EF-1 in southern Clarke County.||Here is a breakdown of county impacts:||Stone County MS: Tropical storm force wind gusts downed several trees in Stone|County. Seven to ten inches of rain was recorded and one road had to be barricaded due to flooding. The low lying red creek and mill creek areas experienced flooding, impacting two RV parks.||George County MS: Eight to twelve inches of rain fell across George county which|resulted in significant flash flooding. A portion of Highway 26 collapsed just west of Lucedale, killing three people and injuring seven others. Eleven other roads were significantly flooded and had some form of washout or damage.||Mobile County AL: The west end of Dauphin Island was significantly impacted by Ida|from a combination of high surf, storm surge, and tropical storm force winds. Three miles of Bienville boulevard was impassable due to surge flooding and sand up to four feet deep. The high surf also produced minor damage to a few homes on the west end. Power poles were also knocked down on the island. Storm surge inundation peaked|between 3 and 4.5 feet MHHW across southern Mobile county up into the far north end of Mobile Bay. The highest tidal gauge readings were 3.78 feet MHHW at Coast Guard sector Mobile and 3.82 feet MHHW at the Bayou La Batre bridge. Storm surge surveys along Shell Belt road in Bayou La Batre indicated water lines that reached between 4-4.5 feet.||This surge flooding resulted in closures of low lying coastal roads, such as Shell Belt road, the US Highway 90 causeway, the foot of the Dog river bridge, and the Dauphin Island causeway. Coastal flooding persisted across three high tide cycles which resulted in prolonged closures. Observations at Dauphin Island and Buccaneer Yacht Club on|Mobile Bay measured brief sustained periods of tropical storm force winds between 40-45 mph. Gusts of 50 to 60 mph were recorded in heavier rain bands across central and southern Mobile county. An EF-1 tornado impacted parts of Saraland, Satsuma, and Creola early in the afternoon on August 30th, resulting in three injuries. Rainfall|totals of 8 to 11 inches were recorded across the county, especially in southern and central portions. This heavy rainfall led to some urban flooding in neighborhoods and damaged some drainage culverts.||Baldwin County AL: Storm surge inundation of 3 to 4 feet above normally dry ground was recorded from Weeks Bay northward. This resulted in flooding of low lying areas and closure of the US Highway 90 Causeway. Five to nine inches of rain was measured across Baldwin county, which resulted in areas of flash flooding. A portion of River Road along Styx River was washed out due to heavy rainfall and flooding. A few drainage culverts were also significant damaged in the county. Tropical storm conditions were confined primarily to immediate coastal areas, particularly along the Fort Morgan peninsula.||Clarke County AL: An EF-1 Tornado impacted portions of southern Clarke County, significantly damaging a couple of structures.||Escambia County FL: High surf of at least ten feet resulted in significant flooding and sand on coastal roadways along the Gulf Islands National Seashore. Portions of the road and access areas were closed for an extended period of time.||Santa Rosa County FL: High surf of at least ten feet resulted in significant flooding and sand along the Gulf Islands National Seashore. Portions of the road and access areas were closed for and extended period of time.||Okaloosa County FL: Strong rip currents produced by Ida resulted in two rip current fatalities in the wake of the storm. One occurred on September 1st when a 14 year old teen drowned off a Destin Beach. The other fatality occurred on September 4th when a 58 year old man drowned off Henderson Beach State Park.",NA,CSV
202108,29,830,202108,29,2330,162216,979307,GULF OF MEXICO,85,2021,August,Marine Tropical Storm,Z,455,ATCHAFALAYA R TO INTRACOASTAL CITY LA OUT 20NM,85455,LCH,29-AUG-21 08:30:00,CST-6,29-AUG-21 23:30:00,0,0,0,0,0.00K,0.00K,C-MAN Station,NA,NA,NA,NA,NA,NA,NA,NA,NA,NA,NA,NA,NA,NA,NA,NA,NA,NA,NA,NA,NA,As Hurricane Ida moved into Southeast Louisiana high winds occurred in and south of the Atchafalaya and Vermilion Bays.,Amerada Pass recorded a peak gust of 52 knots with a sustained wind of 37 knots during the event.,CSV
202108,29,630,202108,29,2230,162216,979308,GULF OF MEXICO,85,2021,August,Marine Tropical Storm,Z,475,ATCHAFALAYA R TO INTRACOASTAL CITY LA 20 TO 60NM,85475,LCH,29-AUG-21 06:30:00,CST-6,29-AUG-21 22:30:00,0,0,0,0,0.00K,0.00K,AWOS,NA,NA,NA,NA,NA,NA,NA,NA,NA,NA,NA,NA,NA,NA,NA,NA,NA,NA,NA,NA,NA,As Hurricane Ida moved into Southeast Louisiana high winds occurred in and south of the Atchafalaya and Vermilion Bays.,KEIR recorded a peak wind gust of 55 knots with a sustained wind of 46 knots during the event. TESL1 recorded a peak wind gust of 47 knots.,CSV
202108,29,500,202108,30,1200,162641,981989,GULF OF MEXICO,85,2021,August,Marine Tropical Storm,Z,632,MISSISSIPPI SOUND,85632,MOB,29-AUG-21 05:00:00,CST-6,30-AUG-21 12:00:00,0,0,0,0,0.00K,0.00K,Official NWS Observations,NA,NA,NA,NA,NA,NA,NA,NA,NA,NA,NA,NA,NA,NA,NA,NA,NA,NA,NA,NA,NA,"Hurricane Ida rapidly intensified overnight on August 28th into the morning of August 29th into strong category 4 Hurricane as it approached the northern Gulf coast. Ida made landfall across southeast Louisiana during the late morning on August 29th. Ida turned north and northeast across central Mississippi during late afternoon and evening on Monday, August 30th.||The core of the hurricane force winds was relatively small, only extending out from the center about 50 miles. However tropical storm force winds extended outward over 150 miles from the center. This brought tropical storm force wind gusts to southeast Mississippi and much of southwest Alabama, with a brief period of sustained tropical storm force winds to coastal Alabama. Wind gusts of 40 to 60 mph were recorded across southeast Mississippi and southwestern Alabama. The tropical storm force winds also downed several trees across the area.||The highest storm surge inundation values observed were between 3 to 4.5 feet MHHW across southern Mobile county up into the far north end of Mobile Bay. Storm surge surveys indicated the highest water levels were in the Bayou La Batre area along and near Shell Belt Road where peak water levels were in the 4 to 4.5 feet MHHW range.||The slow movement of the storm caused widespread flooding especially across southeast Mississippi and portions of southwest Alabama. Rainfall amounts of anywhere from 7 to 12 inches were recorded across southeast Mississippi and portions of southwest Alabama. This led to significant flash flooding along with significant river flooding.||Two tornadoes during the afternoon on August 30th. An EF-1 in northern Mobile County and an EF-1 in southern Clarke County.||Here is a breakdown of county impacts:||Stone County MS: Tropical storm force wind gusts downed several trees in Stone|County. Seven to ten inches of rain was recorded and one road had to be barricaded due to flooding. The low lying red creek and mill creek areas experienced flooding, impacting two RV parks.||George County MS: Eight to twelve inches of rain fell across George county which|resulted in significant flash flooding. A portion of Highway 26 collapsed just west of Lucedale, killing three people and injuring seven others. Eleven other roads were significantly flooded and had some form of washout or damage.||Mobile County AL: The west end of Dauphin Island was significantly impacted by Ida|from a combination of high surf, storm surge, and tropical storm force winds. Three miles of Bienville boulevard was impassable due to surge flooding and sand up to four feet deep. The high surf also produced minor damage to a few homes on the west end. Power poles were also knocked down on the island. Storm surge inundation peaked|between 3 and 4.5 feet MHHW across southern Mobile county up into the far north end of Mobile Bay. The highest tidal gauge readings were 3.78 feet MHHW at Coast Guard sector Mobile and 3.82 feet MHHW at the Bayou La Batre bridge. Storm surge surveys along Shell Belt road in Bayou La Batre indicated water lines that reached between 4-4.5 feet.||This surge flooding resulted in closures of low lying coastal roads, such as Shell Belt road, the US Highway 90 causeway, the foot of the Dog river bridge, and the Dauphin Island causeway. Coastal flooding persisted across three high tide cycles which resulted in prolonged closures. Observations at Dauphin Island and Buccaneer Yacht Club on|Mobile Bay measured brief sustained periods of tropical storm force winds between 40-45 mph. Gusts of 50 to 60 mph were recorded in heavier rain bands across central and southern Mobile county. An EF-1 tornado impacted parts of Saraland, Satsuma, and Creola early in the afternoon on August 30th, resulting in three injuries. Rainfall|totals of 8 to 11 inches were recorded across the county, especially in southern and central portions. This heavy rainfall led to some urban flooding in neighborhoods and damaged some drainage culverts.||Baldwin County AL: Storm surge inundation of 3 to 4 feet above normally dry ground was recorded from Weeks Bay northward. This resulted in flooding of low lying areas and closure of the US Highway 90 Causeway. Five to nine inches of rain was measured across Baldwin county, which resulted in areas of flash flooding. A portion of River Road along Styx River was washed out due to heavy rainfall and flooding. A few drainage culverts were also significant damaged in the county. Tropical storm conditions were confined primarily to immediate coastal areas, particularly along the Fort Morgan peninsula.||Clarke County AL: An EF-1 Tornado impacted portions of southern Clarke County, significantly damaging a couple of structures.||Escambia County FL: High surf of at least ten feet resulted in significant flooding and sand on coastal roadways along the Gulf Islands National Seashore. Portions of the road and access areas were closed for an extended period of time.||Santa Rosa County FL: High surf of at least ten feet resulted in significant flooding and sand along the Gulf Islands National Seashore. Portions of the road and access areas were closed for and extended period of time.||Okaloosa County FL: Strong rip currents produced by Ida resulted in two rip current fatalities in the wake of the storm. One occurred on September 1st when a 14 year old teen drowned off a Destin Beach. The other fatality occurred on September 4th when a 58 year old man drowned off Henderson Beach State Park.",NA,CSV
202108,29,500,202108,30,1200,162641,981990,GULF OF MEXICO,85,2021,August,Marine Tropical Storm,Z,631,SOUTH MOBILE BAY,85631,MOB,29-AUG-21 05:00:00,CST-6,30-AUG-21 12:00:00,0,0,0,0,0.00K,0.00K,Official NWS Observations,NA,NA,NA,NA,NA,NA,NA,NA,NA,NA,NA,NA,NA,NA,NA,NA,NA,NA,NA,NA,NA,"Hurricane Ida rapidly intensified overnight on August 28th into the morning of August 29th into strong category 4 Hurricane as it approached the northern Gulf coast. Ida made landfall across southeast Louisiana during the late morning on August 29th. Ida turned north and northeast across central Mississippi during late afternoon and evening on Monday, August 30th.||The core of the hurricane force winds was relatively small, only extending out from the center about 50 miles. However tropical storm force winds extended outward over 150 miles from the center. This brought tropical storm force wind gusts to southeast Mississippi and much of southwest Alabama, with a brief period of sustained tropical storm force winds to coastal Alabama. Wind gusts of 40 to 60 mph were recorded across southeast Mississippi and southwestern Alabama. The tropical storm force winds also downed several trees across the area.||The highest storm surge inundation values observed were between 3 to 4.5 feet MHHW across southern Mobile county up into the far north end of Mobile Bay. Storm surge surveys indicated the highest water levels were in the Bayou La Batre area along and near Shell Belt Road where peak water levels were in the 4 to 4.5 feet MHHW range.||The slow movement of the storm caused widespread flooding especially across southeast Mississippi and portions of southwest Alabama. Rainfall amounts of anywhere from 7 to 12 inches were recorded across southeast Mississippi and portions of southwest Alabama. This led to significant flash flooding along with significant river flooding.||Two tornadoes during the afternoon on August 30th. An EF-1 in northern Mobile County and an EF-1 in southern Clarke County.||Here is a breakdown of county impacts:||Stone County MS: Tropical storm force wind gusts downed several trees in Stone|County. Seven to ten inches of rain was recorded and one road had to be barricaded due to flooding. The low lying red creek and mill creek areas experienced flooding, impacting two RV parks.||George County MS: Eight to twelve inches of rain fell across George county which|resulted in significant flash flooding. A portion of Highway 26 collapsed just west of Lucedale, killing three people and injuring seven others. Eleven other roads were significantly flooded and had some form of washout or damage.||Mobile County AL: The west end of Dauphin Island was significantly impacted by Ida|from a combination of high surf, storm surge, and tropical storm force winds. Three miles of Bienville boulevard was impassable due to surge flooding and sand up to four feet deep. The high surf also produced minor damage to a few homes on the west end. Power poles were also knocked down on the island. Storm surge inundation peaked|between 3 and 4.5 feet MHHW across southern Mobile county up into the far north end of Mobile Bay. The highest tidal gauge readings were 3.78 feet MHHW at Coast Guard sector Mobile and 3.82 feet MHHW at the Bayou La Batre bridge. Storm surge surveys along Shell Belt road in Bayou La Batre indicated water lines that reached between 4-4.5 feet.||This surge flooding resulted in closures of low lying coastal roads, such as Shell Belt road, the US Highway 90 causeway, the foot of the Dog river bridge, and the Dauphin Island causeway. Coastal flooding persisted across three high tide cycles which resulted in prolonged closures. Observations at Dauphin Island and Buccaneer Yacht Club on|Mobile Bay measured brief sustained periods of tropical storm force winds between 40-45 mph. Gusts of 50 to 60 mph were recorded in heavier rain bands across central and southern Mobile county. An EF-1 tornado impacted parts of Saraland, Satsuma, and Creola early in the afternoon on August 30th, resulting in three injuries. Rainfall|totals of 8 to 11 inches were recorded across the county, especially in southern and central portions. This heavy rainfall led to some urban flooding in neighborhoods and damaged some drainage culverts.||Baldwin County AL: Storm surge inundation of 3 to 4 feet above normally dry ground was recorded from Weeks Bay northward. This resulted in flooding of low lying areas and closure of the US Highway 90 Causeway. Five to nine inches of rain was measured across Baldwin county, which resulted in areas of flash flooding. A portion of River Road along Styx River was washed out due to heavy rainfall and flooding. A few drainage culverts were also significant damaged in the county. Tropical storm conditions were confined primarily to immediate coastal areas, particularly along the Fort Morgan peninsula.||Clarke County AL: An EF-1 Tornado impacted portions of southern Clarke County, significantly damaging a couple of structures.||Escambia County FL: High surf of at least ten feet resulted in significant flooding and sand on coastal roadways along the Gulf Islands National Seashore. Portions of the road and access areas were closed for an extended period of time.||Santa Rosa County FL: High surf of at least ten feet resulted in significant flooding and sand along the Gulf Islands National Seashore. Portions of the road and access areas were closed for and extended period of time.||Okaloosa County FL: Strong rip currents produced by Ida resulted in two rip current fatalities in the wake of the storm. One occurred on September 1st when a 14 year old teen drowned off a Destin Beach. The other fatality occurred on September 4th when a 58 year old man drowned off Henderson Beach State Park.",NA,CSV
202108,13,1800,202108,13,1800,162731,982553,GULF OF MEXICO,85,2021,August,Marine Tropical Storm,Z,32,BAYSIDE AND GULFSIDE FROM CRAIG KEY TO WEST END OF SEVEN MILE BRIDGE,85032,KEY,13-AUG-21 18:00:00,EST-5,13-AUG-21 18:00:00,0,0,0,0,0.00K,0.00K,C-MAN Station,NA,NA,NA,NA,NA,NA,NA,NA,NA,NA,NA,NA,NA,NA,NA,NA,NA,NA,NA,NA,NA,"Tropical Storm Fred moved west along the northern coast of Cuba while losing organization, producing occasional wind gusts to tropical storm force along the adjacent coastal waters along the Florida Keys.",A brief episode of wind gusts  near 39 mph occurred at Long Key Light as a squall from Tropical Storm Fred moved westward through Florida Bay.,CSV
202108,13,1915,202108,14,1000,162731,982554,GULF OF MEXICO,85,2021,August,Marine Tropical Storm,Z,44,HAWK CHANNEL FROM WEST END OF SEVEN MILE BRIDGE TO HALFMOON SHOAL OUT TO THE REEF,85044,KEY,13-AUG-21 19:15:00,EST-5,14-AUG-21 10:00:00,0,0,0,0,0.00K,0.00K,C-MAN Station,NA,NA,NA,NA,NA,NA,NA,NA,NA,NA,NA,NA,NA,NA,NA,NA,NA,NA,NA,NA,NA,"Tropical Storm Fred moved west along the northern coast of Cuba while losing organization, producing occasional wind gusts to tropical storm force along the adjacent coastal waters along the Florida Keys.",Tropical storm force wind gusts up to 47 knots were measured at the Sand Key Light C-MAN station.,CSV
202108,13,1945,202108,14,900,162731,982555,GULF OF MEXICO,85,2021,August,Marine Tropical Storm,Z,33,GULF OF MEXICO FROM EAST CAPE SABLE TO CHOKOLOSKEE 20 TO 60 NM OUT AND BEYOND 5 FATHOMS,85033,KEY,13-AUG-21 19:45:00,EST-5,14-AUG-21 09:00:00,0,0,0,0,0.00K,0.00K,Mesonet,NA,NA,NA,NA,NA,NA,NA,NA,NA,NA,NA,NA,NA,NA,NA,NA,NA,NA,NA,NA,NA,"Tropical Storm Fred moved west along the northern coast of Cuba while losing organization, producing occasional wind gusts to tropical storm force along the adjacent coastal waters along the Florida Keys.",Tropical storm force wind gusts up to 39 knots were measured at an automated WeatherFlow station at Smith Shoal Light.,CSV
202108,29,800,202108,29,2330,162216,979306,GULF OF MEXICO,85,2021,August,Marine Tropical Storm,Z,435,VERMILION BAY,85435,LCH,29-AUG-21 08:00:00,CST-6,29-AUG-21 23:30:00,0,0,0,0,0.00K,0.00K,ASOS,NA,NA,NA,NA,NA,NA,NA,NA,NA,NA,NA,NA,NA,NA,NA,NA,NA,NA,NA,NA,NA,As Hurricane Ida moved into Southeast Louisiana high winds occurred in and south of the Atchafalaya and Vermilion Bays.,Wind gusts around 40 knots occurred along the coast of Vermilion Bay. KP92 recorded a peak gust of 40 knots.,CSV
202109,13,1500,202109,14,200,161221,987251,GULF OF MEXICO,85,2021,September,Marine Tropical Storm,Z,330,MATAGORDA BAY,85330,HGX,13-SEP-21 15:00:00,CST-6,14-SEP-21 02:00:00,0,0,0,0,NA,NA,Mesonet,NA,NA,NA,NA,NA,NA,NA,NA,NA,NA,NA,NA,NA,NA,NA,NA,NA,NA,NA,NA,NA,"Nicholas formed on September 12 in the Southwestern Gulf of Mexico, slowly advancing northeastward along the Middle Texas Coast. It eventually made landfall 10 miles west of Sargent just after midnight on September 14, with maximum sustained wind speeds of 75 mph. Heavy rain bands associated with Nicholas brought widespread rainfall totals of 6 to 10 inches to the Southeast Texas Coast, while strong wind gusts resulted in tree and structural damage as well as widespread power outages across the area. Additionally, Nicholas's surge resulted in flooding along the coast, particularly around Matagorda Bay.",Hurricane Nicholas produced several hours of strong tropical storm force sustained winds and gusts especially near the mouth of the Bay and Eastern sections.,CSV
202109,13,1800,202109,14,500,161221,987253,GULF OF MEXICO,85,2021,September,Marine Tropical Storm,Z,335,GALVESTON BAY,85335,HGX,13-SEP-21 18:00:00,CST-6,14-SEP-21 05:00:00,0,0,0,0,NA,NA,Buoy,NA,NA,NA,NA,NA,NA,NA,NA,NA,NA,NA,NA,NA,NA,NA,NA,NA,NA,NA,NA,NA,"Nicholas formed on September 12 in the Southwestern Gulf of Mexico, slowly advancing northeastward along the Middle Texas Coast. It eventually made landfall 10 miles west of Sargent just after midnight on September 14, with maximum sustained wind speeds of 75 mph. Heavy rain bands associated with Nicholas brought widespread rainfall totals of 6 to 10 inches to the Southeast Texas Coast, while strong wind gusts resulted in tree and structural damage as well as widespread power outages across the area. Additionally, Nicholas's surge resulted in flooding along the coast, particularly around Matagorda Bay.",Hurricane Nicholas produced several hours of strong tropical storm force sustained winds and gusts.,CSV
202109,13,1800,202109,14,500,161221,987252,GULF OF MEXICO,85,2021,September,Marine Tropical Storm,Z,375,HIGH IS TO FREEPORT TX 20 TO 60NM,85375,HGX,13-SEP-21 18:00:00,CST-6,14-SEP-21 05:00:00,0,0,0,0,NA,NA,Buoy,NA,NA,NA,NA,NA,NA,NA,NA,NA,NA,NA,NA,NA,NA,NA,NA,NA,NA,NA,NA,NA,"Nicholas formed on September 12 in the Southwestern Gulf of Mexico, slowly advancing northeastward along the Middle Texas Coast. It eventually made landfall 10 miles west of Sargent just after midnight on September 14, with maximum sustained wind speeds of 75 mph. Heavy rain bands associated with Nicholas brought widespread rainfall totals of 6 to 10 inches to the Southeast Texas Coast, while strong wind gusts resulted in tree and structural damage as well as widespread power outages across the area. Additionally, Nicholas's surge resulted in flooding along the coast, particularly around Matagorda Bay.",Hurricane Nicholas produced several hours of strong tropical storm force sustained winds and gusts.,CSV
202109,13,400,202109,13,2000,163116,984850,GULF OF MEXICO,85,2021,September,Marine Tropical Storm,Z,270,PT ARANSAS TO BAFFIN BAY TX 20 TO 60NM,85270,CRP,13-SEP-21 04:00:00,CST-6,13-SEP-21 20:00:00,0,0,0,0,0.00K,0.00K,Official NWS Observations,NA,NA,NA,NA,NA,NA,NA,NA,NA,NA,NA,NA,NA,NA,NA,NA,NA,NA,NA,NA,NA,An area of low pressure over the western Caribbean Sea on September 9th moved west into the Bay of Campeche by the 11th. The low pressure area strengthened to become Tropical Storm Nicholas over the southern Gulf of Mexico on the morning of the 12th. Nicholas moved northward across the western Gulf of Mexico to the lower Texas coastal waters early on the 13th. Tropical storm force gusts reached southern portions of the Middle Texas coastal waters during the early morning hours of the 13th. Tropical Storm Nicholas moved to the north during the afternoon and evening on the 13th across the coastal waters of the Middle Texas coast. Seas increased to 15 to 20 feet over the Gulf waters during the afternoon. Nicholas moved north-northeast and made landfall east of Matagorda Bay before midnight as a minimal hurricane.,"Doppler radar, satellite imagery, and aircraft reconnaissance indicated Tropical Storm Nicholas moved across the region from the early morning to late evening hours of the 13th. Sustained winds were from 50-55 knots with gusts up to 65 knots. Seas built to 15 to 20 feet in the late morning and early afternoon.",CSV
202109,13,600,202109,14,100,163116,984853,GULF OF MEXICO,85,2021,September,Marine Tropical Storm,Z,255,MATAGORDA SHIP CHNL TO PT ARANSAS OUT 20NM,85255,CRP,13-SEP-21 06:00:00,CST-6,14-SEP-21 01:00:00,0,0,0,0,0.00K,0.00K,Official NWS Observations,NA,NA,NA,NA,NA,NA,NA,NA,NA,NA,NA,NA,NA,NA,NA,NA,NA,NA,NA,NA,NA,An area of low pressure over the western Caribbean Sea on September 9th moved west into the Bay of Campeche by the 11th. The low pressure area strengthened to become Tropical Storm Nicholas over the southern Gulf of Mexico on the morning of the 12th. Nicholas moved northward across the western Gulf of Mexico to the lower Texas coastal waters early on the 13th. Tropical storm force gusts reached southern portions of the Middle Texas coastal waters during the early morning hours of the 13th. Tropical Storm Nicholas moved to the north during the afternoon and evening on the 13th across the coastal waters of the Middle Texas coast. Seas increased to 15 to 20 feet over the Gulf waters during the afternoon. Nicholas moved north-northeast and made landfall east of Matagorda Bay before midnight as a minimal hurricane.,"Doppler radar, satellite imagery, and aircraft reconnaissance indicated Tropical Storm Nicholas moved across the region from the early morning to late evening hours of the 13th. Sustained winds were from 40-50 knots with gusts up to 60 knots. Seas built to 14 to 18 feet in the late morning through the afternoon and evening.",CSV
202109,13,400,202109,13,2000,163116,984851,GULF OF MEXICO,85,2021,September,Marine Tropical Storm,Z,250,PT ARANSAS TO BAFFIN BAY TX OUT 20NM,85250,CRP,13-SEP-21 04:00:00,CST-6,13-SEP-21 20:00:00,0,0,0,0,0.00K,0.00K,Official NWS Observations,NA,NA,NA,NA,NA,NA,NA,NA,NA,NA,NA,NA,NA,NA,NA,NA,NA,NA,NA,NA,NA,An area of low pressure over the western Caribbean Sea on September 9th moved west into the Bay of Campeche by the 11th. The low pressure area strengthened to become Tropical Storm Nicholas over the southern Gulf of Mexico on the morning of the 12th. Nicholas moved northward across the western Gulf of Mexico to the lower Texas coastal waters early on the 13th. Tropical storm force gusts reached southern portions of the Middle Texas coastal waters during the early morning hours of the 13th. Tropical Storm Nicholas moved to the north during the afternoon and evening on the 13th across the coastal waters of the Middle Texas coast. Seas increased to 15 to 20 feet over the Gulf waters during the afternoon. Nicholas moved north-northeast and made landfall east of Matagorda Bay before midnight as a minimal hurricane.,"Doppler radar, satellite imagery, and aircraft reconnaissance indicated Tropical Storm Nicholas moved across the region from the early morning to late evening hours of the 13th. Sustained winds were from 35-40 knots with gusts up to 50 knots. Seas built to 12 to 16 feet in the late morning and early afternoon.",CSV
202106,19,400,202106,19,600,160027,968684,GULF OF MEXICO,85,2021,June,Marine Tropical Storm,Z,634,PENSACOLA BAY AREA INCLUDING SANTA ROSA SOUND,85634,MOB,19-JUN-21 04:00:00,CST-6,19-JUN-21 06:00:00,0,0,0,0,NA,0.00K,Official NWS Observations,NA,NA,NA,NA,NA,NA,NA,NA,NA,NA,NA,NA,NA,NA,NA,NA,NA,NA,NA,NA,NA,"Potential Tropical Cyclone Claudette moved west of the Alabama coastal waters on the evening of June 18th, 2021. Claudette was declared a Tropical Storm and made landfall in southeast Louisiana during the early morning hours of June 19th. Claudette then turned northeast across southeast Mississippi and across south central Alabama during the morning on Saturday June 19th.||The highest winds recorded were sustained winds of 45 mph with gusts to 70 mph in Santa Rosa Sound, 58 mph with gusts to 81 mph at Pensacola Airport, 42 mph with gusts to 52 mph at Okaloosa Island fishing pier. In Mobile Bay, 40 mph with gusts to 49 mph at Buccaneer Yacht Club.||Claudette produced a long track EF-2 tornado that impacted Escambia and Conecuh Counties in southwest Alabama.",NA,CSV
202106,19,300,202106,19,500,160027,967281,GULF OF MEXICO,85,2021,June,Marine Tropical Storm,Z,630,NORTH MOBILE BAY,85630,MOB,19-JUN-21 03:00:00,CST-6,19-JUN-21 05:00:00,0,0,0,0,NA,0.00K,Official NWS Observations,NA,NA,NA,NA,NA,NA,NA,NA,NA,NA,NA,NA,NA,NA,NA,NA,NA,NA,NA,NA,NA,"Potential Tropical Cyclone Claudette moved west of the Alabama coastal waters on the evening of June 18th, 2021. Claudette was declared a Tropical Storm and made landfall in southeast Louisiana during the early morning hours of June 19th. Claudette then turned northeast across southeast Mississippi and across south central Alabama during the morning on Saturday June 19th.||The highest winds recorded were sustained winds of 45 mph with gusts to 70 mph in Santa Rosa Sound, 58 mph with gusts to 81 mph at Pensacola Airport, 42 mph with gusts to 52 mph at Okaloosa Island fishing pier. In Mobile Bay, 40 mph with gusts to 49 mph at Buccaneer Yacht Club.||Claudette produced a long track EF-2 tornado that impacted Escambia and Conecuh Counties in southwest Alabama.",NA,CSV
202106,19,400,202106,19,500,160027,967283,GULF OF MEXICO,85,2021,June,Marine Tropical Storm,Z,655,COASTAL WATERS FROM OKALOOSA-WALTON COUNTY LINE TO PENSACOLA FL OUT 20 NM,85655,MOB,19-JUN-21 04:00:00,CST-6,19-JUN-21 05:00:00,0,0,0,0,NA,0.00K,Official NWS Observations,NA,NA,NA,NA,NA,NA,NA,NA,NA,NA,NA,NA,NA,NA,NA,NA,NA,NA,NA,NA,NA,"Potential Tropical Cyclone Claudette moved west of the Alabama coastal waters on the evening of June 18th, 2021. Claudette was declared a Tropical Storm and made landfall in southeast Louisiana during the early morning hours of June 19th. Claudette then turned northeast across southeast Mississippi and across south central Alabama during the morning on Saturday June 19th.||The highest winds recorded were sustained winds of 45 mph with gusts to 70 mph in Santa Rosa Sound, 58 mph with gusts to 81 mph at Pensacola Airport, 42 mph with gusts to 52 mph at Okaloosa Island fishing pier. In Mobile Bay, 40 mph with gusts to 49 mph at Buccaneer Yacht Club.||Claudette produced a long track EF-2 tornado that impacted Escambia and Conecuh Counties in southwest Alabama.",NA,CSV
202106,19,400,202106,19,500,160027,967284,GULF OF MEXICO,85,2021,June,Marine Tropical Storm,Z,670,WATERS FROM PENSACOLA FL TO PASCAGOULA MS FROM 20 TO 60 NM,85670,MOB,19-JUN-21 04:00:00,CST-6,19-JUN-21 05:00:00,0,0,0,0,NA,0.00K,Official NWS Observations,NA,NA,NA,NA,NA,NA,NA,NA,NA,NA,NA,NA,NA,NA,NA,NA,NA,NA,NA,NA,NA,"Potential Tropical Cyclone Claudette moved west of the Alabama coastal waters on the evening of June 18th, 2021. Claudette was declared a Tropical Storm and made landfall in southeast Louisiana during the early morning hours of June 19th. Claudette then turned northeast across southeast Mississippi and across south central Alabama during the morning on Saturday June 19th.||The highest winds recorded were sustained winds of 45 mph with gusts to 70 mph in Santa Rosa Sound, 58 mph with gusts to 81 mph at Pensacola Airport, 42 mph with gusts to 52 mph at Okaloosa Island fishing pier. In Mobile Bay, 40 mph with gusts to 49 mph at Buccaneer Yacht Club.||Claudette produced a long track EF-2 tornado that impacted Escambia and Conecuh Counties in southwest Alabama.",NA,CSV
202106,19,300,202106,19,500,160027,967282,GULF OF MEXICO,85,2021,June,Marine Tropical Storm,Z,631,SOUTH MOBILE BAY,85631,MOB,19-JUN-21 03:00:00,CST-6,19-JUN-21 05:00:00,0,0,0,0,NA,0.00K,Official NWS Observations,NA,NA,NA,NA,NA,NA,NA,NA,NA,NA,NA,NA,NA,NA,NA,NA,NA,NA,NA,NA,NA,"Potential Tropical Cyclone Claudette moved west of the Alabama coastal waters on the evening of June 18th, 2021. Claudette was declared a Tropical Storm and made landfall in southeast Louisiana during the early morning hours of June 19th. Claudette then turned northeast across southeast Mississippi and across south central Alabama during the morning on Saturday June 19th.||The highest winds recorded were sustained winds of 45 mph with gusts to 70 mph in Santa Rosa Sound, 58 mph with gusts to 81 mph at Pensacola Airport, 42 mph with gusts to 52 mph at Okaloosa Island fishing pier. In Mobile Bay, 40 mph with gusts to 49 mph at Buccaneer Yacht Club.||Claudette produced a long track EF-2 tornado that impacted Escambia and Conecuh Counties in southwest Alabama.",NA,CSV
202106,19,400,202106,19,500,160027,968669,GULF OF MEXICO,85,2021,June,Marine Tropical Storm,Z,650,COASTAL WATERS FROM PENSACOLA FL TO PASCAGOULA MS OUT 20 NM,85650,MOB,19-JUN-21 04:00:00,CST-6,19-JUN-21 05:00:00,0,0,0,0,NA,0.00K,Official NWS Observations,NA,NA,NA,NA,NA,NA,NA,NA,NA,NA,NA,NA,NA,NA,NA,NA,NA,NA,NA,NA,NA,"Potential Tropical Cyclone Claudette moved west of the Alabama coastal waters on the evening of June 18th, 2021. Claudette was declared a Tropical Storm and made landfall in southeast Louisiana during the early morning hours of June 19th. Claudette then turned northeast across southeast Mississippi and across south central Alabama during the morning on Saturday June 19th.||The highest winds recorded were sustained winds of 45 mph with gusts to 70 mph in Santa Rosa Sound, 58 mph with gusts to 81 mph at Pensacola Airport, 42 mph with gusts to 52 mph at Okaloosa Island fishing pier. In Mobile Bay, 40 mph with gusts to 49 mph at Buccaneer Yacht Club.||Claudette produced a long track EF-2 tornado that impacted Escambia and Conecuh Counties in southwest Alabama.",NA,CSV
202108,29,355,202108,29,355,162127,980603,GULF OF MEXICO,85,2021,August,Marine Tropical Storm,Z,555,COASTAL WATERS FROM BOOTHVILLE LOUISIANA TO SOUTHWEST PASS OF THE MISSISSIPPI RIVER OUT 20 NM,85555,LIX,29-AUG-21 03:55:00,CST-6,29-AUG-21 03:55:00,0,0,0,0,0.00K,0.00K,Mesonet,NA,NA,NA,NA,NA,NA,NA,NA,NA,NA,NA,NA,NA,NA,NA,NA,NA,NA,NA,NA,NA,"The ninth named storm, fourth hurricane, and second major hurricane of the 2021 Atlantic hurricane season, Ida originated from a tropical wave in the Caribbean Sea on August 23rd. On August 26th, the wave developed into a tropical depression, which organized further and became Tropical Storm Ida later that day, near Grand Cayman. On a northwestward track, Ida intensified into a hurricane on August 27, just before moving over western Cuba. A day later, the hurricane underwent rapid intensification over the Gulf of Mexico as it passed over a warm core eddy and reached major hurricane strength. It was just under 72 hours from tropical depression formation to category 4 strength with 150 mph winds. Ida remained at its peak intensity of 150 mph winds and a minimum central pressure of 929 millibars as it made landfall near Port Fourchon midday on August 29th.",The Main Pass 289C (KVKY) anemometer measured a peak sustained wind of 51 knots or 59 MPH and a peak gust of 63 knots or 73 mph at a height of 115 meters.,CSV
202108,29,2248,202108,29,2248,162127,980605,GULF OF MEXICO,85,2021,August,Marine Tropical Storm,Z,532,MISSISSIPPI SOUND,85532,LIX,29-AUG-21 22:48:00,CST-6,29-AUG-21 22:48:00,0,0,0,0,0.00K,0.00K,Mesonet,NA,NA,NA,NA,NA,NA,NA,NA,NA,NA,NA,NA,NA,NA,NA,NA,NA,NA,NA,NA,NA,"The ninth named storm, fourth hurricane, and second major hurricane of the 2021 Atlantic hurricane season, Ida originated from a tropical wave in the Caribbean Sea on August 23rd. On August 26th, the wave developed into a tropical depression, which organized further and became Tropical Storm Ida later that day, near Grand Cayman. On a northwestward track, Ida intensified into a hurricane on August 27, just before moving over western Cuba. A day later, the hurricane underwent rapid intensification over the Gulf of Mexico as it passed over a warm core eddy and reached major hurricane strength. It was just under 72 hours from tropical depression formation to category 4 strength with 150 mph winds. Ida remained at its peak intensity of 150 mph winds and a minimum central pressure of 929 millibars as it made landfall near Port Fourchon midday on August 29th.",The Bay Waveland Yacht Club (WYMC6) anemometer measured a peak sustained wind of 47 knots or 54 MPH and a peak gust of 58 knots or 67 mph at a height of 10 meters.,CSV
202108,30,818,202108,30,818,162127,980608,GULF OF MEXICO,85,2021,August,Marine Tropical Storm,Z,532,MISSISSIPPI SOUND,85532,LIX,30-AUG-21 08:18:00,CST-6,30-AUG-21 08:18:00,0,0,0,0,0.00K,0.00K,Other Federal Agency,NA,NA,NA,NA,NA,NA,NA,NA,NA,NA,NA,NA,NA,NA,NA,NA,NA,NA,NA,NA,NA,"The ninth named storm, fourth hurricane, and second major hurricane of the 2021 Atlantic hurricane season, Ida originated from a tropical wave in the Caribbean Sea on August 23rd. On August 26th, the wave developed into a tropical depression, which organized further and became Tropical Storm Ida later that day, near Grand Cayman. On a northwestward track, Ida intensified into a hurricane on August 27, just before moving over western Cuba. A day later, the hurricane underwent rapid intensification over the Gulf of Mexico as it passed over a warm core eddy and reached major hurricane strength. It was just under 72 hours from tropical depression formation to category 4 strength with 150 mph winds. Ida remained at its peak intensity of 150 mph winds and a minimum central pressure of 929 millibars as it made landfall near Port Fourchon midday on August 29th.",The  Petit Bois Island (PTBM6) anemometer measured a peak sustained wind of 38 knots or 44 MPH and a peak gust of 48 knots or 55 mph at a height of 5 meters.,CSV
202108,30,844,202108,30,844,162127,980606,GULF OF MEXICO,85,2021,August,Marine Tropical Storm,Z,532,MISSISSIPPI SOUND,85532,LIX,30-AUG-21 08:44:00,CST-6,30-AUG-21 08:44:00,0,0,0,0,0.00K,0.00K,Mesonet,NA,NA,NA,NA,NA,NA,NA,NA,NA,NA,NA,NA,NA,NA,NA,NA,NA,NA,NA,NA,NA,"The ninth named storm, fourth hurricane, and second major hurricane of the 2021 Atlantic hurricane season, Ida originated from a tropical wave in the Caribbean Sea on August 23rd. On August 26th, the wave developed into a tropical depression, which organized further and became Tropical Storm Ida later that day, near Grand Cayman. On a northwestward track, Ida intensified into a hurricane on August 27, just before moving over western Cuba. A day later, the hurricane underwent rapid intensification over the Gulf of Mexico as it passed over a warm core eddy and reached major hurricane strength. It was just under 72 hours from tropical depression formation to category 4 strength with 150 mph winds. Ida remained at its peak intensity of 150 mph winds and a minimum central pressure of 929 millibars as it made landfall near Port Fourchon midday on August 29th.",The Ship Island Weatherflow (XSHI-WX) anemometer measured a peak sustained wind of 52 knots or 60 MPH and a peak gust of 58 knots or 67 mph at a height of 12 meters.,CSV
202108,29,355,202108,29,355,162127,980602,GULF OF MEXICO,85,2021,August,Marine Tropical Storm,Z,577,COASTAL WATERS FROM PASCAGOULA MISSISSIPPI TO STAKE ISLAND LOUISIANA FROM 20 TO 60 NM,85577,LIX,29-AUG-21 03:55:00,CST-6,29-AUG-21 03:55:00,0,0,0,0,0.00K,0.00K,Mesonet,NA,NA,NA,NA,NA,NA,NA,NA,NA,NA,NA,NA,NA,NA,NA,NA,NA,NA,NA,NA,NA,"The ninth named storm, fourth hurricane, and second major hurricane of the 2021 Atlantic hurricane season, Ida originated from a tropical wave in the Caribbean Sea on August 23rd. On August 26th, the wave developed into a tropical depression, which organized further and became Tropical Storm Ida later that day, near Grand Cayman. On a northwestward track, Ida intensified into a hurricane on August 27, just before moving over western Cuba. A day later, the hurricane underwent rapid intensification over the Gulf of Mexico as it passed over a warm core eddy and reached major hurricane strength. It was just under 72 hours from tropical depression formation to category 4 strength with 150 mph winds. Ida remained at its peak intensity of 150 mph winds and a minimum central pressure of 929 millibars as it made landfall near Port Fourchon midday on August 29th.",The Main Pass 289C (KVKY) anemometer measured a peak sustained wind of 51 knots or 59 MPH and a peak gust of 63 knots or 73 mph at a height of 115 meters.,CSV
202108,29,415,202108,29,415,162127,980604,GULF OF MEXICO,85,2021,August,Marine Tropical Storm,Z,555,COASTAL WATERS FROM BOOTHVILLE LOUISIANA TO SOUTHWEST PASS OF THE MISSISSIPPI RIVER OUT 20 NM,85555,LIX,29-AUG-21 04:15:00,CST-6,29-AUG-21 04:15:00,0,0,0,0,0.00K,0.00K,Mesonet,NA,NA,NA,NA,NA,NA,NA,NA,NA,NA,NA,NA,NA,NA,NA,NA,NA,NA,NA,NA,NA,"The ninth named storm, fourth hurricane, and second major hurricane of the 2021 Atlantic hurricane season, Ida originated from a tropical wave in the Caribbean Sea on August 23rd. On August 26th, the wave developed into a tropical depression, which organized further and became Tropical Storm Ida later that day, near Grand Cayman. On a northwestward track, Ida intensified into a hurricane on August 27, just before moving over western Cuba. A day later, the hurricane underwent rapid intensification over the Gulf of Mexico as it passed over a warm core eddy and reached major hurricane strength. It was just under 72 hours from tropical depression formation to category 4 strength with 150 mph winds. Ida remained at its peak intensity of 150 mph winds and a minimum central pressure of 929 millibars as it made landfall near Port Fourchon midday on August 29th.",The Main Pass 140B (KMIS) anemometer measured a peak sustained wind of 45 knots or 52 MPH and a peak gust of 62 knots or 71 mph at a height of 85 meters.,CSV
202108,29,540,202108,29,540,162127,980607,GULF OF MEXICO,85,2021,August,Marine Tropical Storm,Z,577,COASTAL WATERS FROM PASCAGOULA MISSISSIPPI TO STAKE ISLAND LOUISIANA FROM 20 TO 60 NM,85577,LIX,29-AUG-21 05:40:00,CST-6,29-AUG-21 05:40:00,0,0,0,0,0.00K,0.00K,Buoy,NA,NA,NA,NA,NA,NA,NA,NA,NA,NA,NA,NA,NA,NA,NA,NA,NA,NA,NA,NA,NA,"The ninth named storm, fourth hurricane, and second major hurricane of the 2021 Atlantic hurricane season, Ida originated from a tropical wave in the Caribbean Sea on August 23rd. On August 26th, the wave developed into a tropical depression, which organized further and became Tropical Storm Ida later that day, near Grand Cayman. On a northwestward track, Ida intensified into a hurricane on August 27, just before moving over western Cuba. A day later, the hurricane underwent rapid intensification over the Gulf of Mexico as it passed over a warm core eddy and reached major hurricane strength. It was just under 72 hours from tropical depression formation to category 4 strength with 150 mph winds. Ida remained at its peak intensity of 150 mph winds and a minimum central pressure of 929 millibars as it made landfall near Port Fourchon midday on August 29th.",The NDBC Buoy 42040 anemometer measured a peak sustained wind of 47 knots or 54 MPH with a peak gust of 54 knots or 62 mph at a height of 4 meters.,CSV
202209,29,1400,202209,29,1551,173605,1053721,ATLANTIC SOUTH,87,2022,September,Marine Tropical Storm,Z,454,ST AUGUSTINE TO FLAGLER BEACH FL OUT 20NM,87454,JAX,29-SEP-22 14:00:00,EST-5,29-SEP-22 15:51:00,0,0,0,0,0.00K,0.00K,C-MAN Station,NA,NA,NA,NA,NA,NA,NA,NA,NA,NA,NA,NA,NA,NA,NA,NA,NA,NA,NA,NA,NA,"Hurricane Ian made landfall as a powerful Category 4 Hurricane on the SW Florida peninsula coast near Punta Gorda on Wednesday, September 28th. The center tracked NE across south-central FL, north of Lake Okeechobee through Wednesday Night and then moved offshore of the central FL Atlantic coast Thursday Morning, September 29th, just near Cape Canaveral as a Tropical Storm. Ian regained Category 1 Hurricane Strength offshore of the northeast Florida Atlantic coast as it tracked NNE into Thursday Night and Friday morning as it made landfall along the South Carolina Atlantic coast. Locally, a strong nor'easter developed through the day Wednesday, September 28th, as a front lifted northward up the FL peninsula ahead of Ian. Tropical Storm force winds and bands of rainfall started to impact northeast Florida through the day Wednesday, the peak in local winds through the day Thursday as Ian's center tracked northward and offshore of the local Atlantic coast. Water levels increased within the St. Johns River basin Wednesday due to the strong nor'easter and annually high spring tides already created water level departures of 0.5 to 1 ft MHHW datum prior to the nor'easter further 'charging' the St. Johns River basin. The peak storm surge along the local Atlantic coast occurred Thursday, then the peak surge pressed into the St. Johns River basin Thursday night into Friday morning. Major to moderate tidal flooding continued into the weekend especially for Putnam, St. Johns and Flagler counties where trapped tides and northerly flow caused extended tidal flooding. Record setting rainfall occurred across the headwaters of the St. Johns River across east-central Florida, and water levels increased the week after Ian passed as the St. Johns River drains south to north, which was also leading up to the peak Spring tides between Oct 8th through Oct 11th.",The St. Augustine C-MAN station SAUF1 had a peak sustained wind of 56 mph (49 kts) on September 29th around 3 pm EDT. The peak wind gust for this site was 69 mph (60 kts) on September 29th at 4:51 pm EDT.,CSV
202211,8,1800,202211,9,1200,175901,1067891,ATLANTIC SOUTH,87,2022,November,Marine Tropical Storm,Z,671,DEERFIELD BEACH TO OCEAN REEF FL 20 TO 60NM,87671,MFL,08-NOV-22 18:00:00,EST-5,09-NOV-22 12:00:00,0,0,0,0,0.00K,0.00K,Mesonet,NA,NA,NA,NA,NA,NA,NA,NA,NA,NA,NA,NA,NA,NA,NA,NA,NA,NA,NA,NA,NA,"Nicole formed as a subtropical storm about 600 miles east of the Bahamas on November 7th, then moved northwest. Nicole gained tropical characteristics and became a tropical storm on November 8th as it turned west and west-southwest. Nicole strengthened into a Category 1 hurricane on November 9th as it moved over Great Abaco and Grand Bahama islands. Nicole then turned to the northwest as it approached Florida, making landfall just south of Vero Beach at 3 AM on November 10th as a Category 1 hurricane with lowest central pressure of 981 mb. Nicole then was downgraded to a tropical storm while moving inland across Central Florida.||Nicole's large wind field west of the storm center led to tropical storm force winds over the local Atlantic waters and the SE Florida coast beginning on the afternoon of November 8th and continuing until the pre-dawn hours of November 10th. Tropical storm force winds also spread across Lake Okeechobee during the late night of November 9th and early morning of November 10th.","Wind measurements from coastal locations, as well as data from hurricane hunter aircraft, indicated sustained winds in the 35-45 knot range/40-55 mph over the waters of Broward and Miami-Dade counties from 20 to 60 nm offshore.",CSV
202211,8,2000,202211,9,1130,175901,1067890,ATLANTIC SOUTH,87,2022,November,Marine Tropical Storm,Z,651,DEERFIELD BEACH TO OCEAN REEF FL,87651,MFL,08-NOV-22 20:00:00,EST-5,09-NOV-22 11:30:00,0,0,0,0,0.00K,0.00K,Mesonet,NA,NA,NA,NA,NA,NA,NA,NA,NA,NA,NA,NA,NA,NA,NA,NA,NA,NA,NA,NA,NA,"Nicole formed as a subtropical storm about 600 miles east of the Bahamas on November 7th, then moved northwest. Nicole gained tropical characteristics and became a tropical storm on November 8th as it turned west and west-southwest. Nicole strengthened into a Category 1 hurricane on November 9th as it moved over Great Abaco and Grand Bahama islands. Nicole then turned to the northwest as it approached Florida, making landfall just south of Vero Beach at 3 AM on November 10th as a Category 1 hurricane with lowest central pressure of 981 mb. Nicole then was downgraded to a tropical storm while moving inland across Central Florida.||Nicole's large wind field west of the storm center led to tropical storm force winds over the local Atlantic waters and the SE Florida coast beginning on the afternoon of November 8th and continuing until the pre-dawn hours of November 10th. Tropical storm force winds also spread across Lake Okeechobee during the late night of November 9th and early morning of November 10th.","Wind measurements from coastal locations, as well as data from hurricane hunter aircraft, indicated sustained winds in the 35-45 knot range/40-55 mph over the near-shore waters of Broward and Miami-Dade counties.",CSV
202211,10,500,202211,10,900,175901,1067892,ATLANTIC SOUTH,87,2022,November,Marine Tropical Storm,Z,610,LAKE OKEECHOBEE,87610,MFL,10-NOV-22 05:00:00,EST-5,10-NOV-22 09:00:00,0,0,0,0,0.00K,0.00K,Mesonet,NA,NA,NA,NA,NA,NA,NA,NA,NA,NA,NA,NA,NA,NA,NA,NA,NA,NA,NA,NA,NA,"Nicole formed as a subtropical storm about 600 miles east of the Bahamas on November 7th, then moved northwest. Nicole gained tropical characteristics and became a tropical storm on November 8th as it turned west and west-southwest. Nicole strengthened into a Category 1 hurricane on November 9th as it moved over Great Abaco and Grand Bahama islands. Nicole then turned to the northwest as it approached Florida, making landfall just south of Vero Beach at 3 AM on November 10th as a Category 1 hurricane with lowest central pressure of 981 mb. Nicole then was downgraded to a tropical storm while moving inland across Central Florida.||Nicole's large wind field west of the storm center led to tropical storm force winds over the local Atlantic waters and the SE Florida coast beginning on the afternoon of November 8th and continuing until the pre-dawn hours of November 10th. Tropical storm force winds also spread across Lake Okeechobee during the late night of November 9th and early morning of November 10th.","Maximum sustained winds over Lake Okeechobee were in the 30-35 knot/35-40 mph range, with peak wind gusts in the 40-45 knot/45-50 mph range.",CSV
202211,8,2000,202211,9,2300,175901,1067889,ATLANTIC SOUTH,87,2022,November,Marine Tropical Storm,Z,650,JUPITER INLET TO DEERFIELD BEACH FL OUT 20NM,87650,MFL,08-NOV-22 20:00:00,EST-5,09-NOV-22 23:00:00,0,0,0,0,0.00K,0.00K,Mesonet,NA,NA,NA,NA,NA,NA,NA,NA,NA,NA,NA,NA,NA,NA,NA,NA,NA,NA,NA,NA,NA,"Nicole formed as a subtropical storm about 600 miles east of the Bahamas on November 7th, then moved northwest. Nicole gained tropical characteristics and became a tropical storm on November 8th as it turned west and west-southwest. Nicole strengthened into a Category 1 hurricane on November 9th as it moved over Great Abaco and Grand Bahama islands. Nicole then turned to the northwest as it approached Florida, making landfall just south of Vero Beach at 3 AM on November 10th as a Category 1 hurricane with lowest central pressure of 981 mb. Nicole then was downgraded to a tropical storm while moving inland across Central Florida.||Nicole's large wind field west of the storm center led to tropical storm force winds over the local Atlantic waters and the SE Florida coast beginning on the afternoon of November 8th and continuing until the pre-dawn hours of November 10th. Tropical storm force winds also spread across Lake Okeechobee during the late night of November 9th and early morning of November 10th.","Wind measurements from coastal locations, as well as data from hurricane hunter aircraft, indicated sustained winds in the 40-50 knot range/50-60 mph over the near-shore waters of Palm Beach County.",CSV
202206,3,2200,202206,4,1900,168728,1021642,ATLANTIC SOUTH,87,2022,June,Marine Tropical Storm,Z,555,SEBASTIAN INLET TO JUPITER INLET 0-20NM,87555,MLB,03-JUN-22 22:00:00,EST-5,04-JUN-22 19:00:00,0,0,0,0,0.00K,0.00K,Emergency Manager,NA,NA,NA,NA,NA,NA,NA,NA,NA,NA,NA,NA,NA,NA,NA,NA,NA,NA,NA,NA,NA,"Potential Tropical Cyclone One (PTC1) developed near the Yucatan Peninsula on June 2, and tracked across the southeastern Gulf of Mexico on June 3. PTC1 crossed the southern Florida peninsula from late evening on June 3 through the late afternoon on June 2. Outer rain bands from PTC1 brought gusts to tropical storm force to the barrier islands and Intracoastal Waterway of the Treasure Coast and far southern Brevard County from late evening on June 4 through late afternoon on June 5. PTC1 produced a short duration of sustained tropical storm force winds along the northern Indian River County coast. These winds drove seas of at least 7 to 10 feet.","A short duration of sustained tropical storm winds impacted the coastal waters, with the strongest tropical storm conditions experienced in the passing rain bands of Potential Tropical Cyclone One. These winds lasted from late evening on June 3 through mid evening on June 4. Seas reached up to at least 7 feet, according to the Scripps buoy 41114 offshore of Fort Pierce.",CSV
202206,3,2200,202206,4,2200,168728,1021643,ATLANTIC SOUTH,87,2022,June,Marine Tropical Storm,Z,575,SEBASTIAN INLET TO JUPITER INLET 20-60NM,87575,MLB,03-JUN-22 22:00:00,EST-5,04-JUN-22 22:00:00,0,0,0,0,0.00K,0.00K,Emergency Manager,NA,NA,NA,NA,NA,NA,NA,NA,NA,NA,NA,NA,NA,NA,NA,NA,NA,NA,NA,NA,NA,"Potential Tropical Cyclone One (PTC1) developed near the Yucatan Peninsula on June 2, and tracked across the southeastern Gulf of Mexico on June 3. PTC1 crossed the southern Florida peninsula from late evening on June 3 through the late afternoon on June 2. Outer rain bands from PTC1 brought gusts to tropical storm force to the barrier islands and Intracoastal Waterway of the Treasure Coast and far southern Brevard County from late evening on June 4 through late afternoon on June 5. PTC1 produced a short duration of sustained tropical storm force winds along the northern Indian River County coast. These winds drove seas of at least 7 to 10 feet.","A short duration of sustained tropical storm winds impacted the coastal waters, with the strongest tropical storm conditions experienced in the passing rain bands of Potential Tropical Cyclone One. These winds lasted from late evening on June 3 through mid evening on June 4. Seas reached up to at least 7 feet, according to the Scripps buoy 41114 offshore of Fort Pierce.",CSV
202207,2,205,202207,2,205,171312,1040174,ATLANTIC SOUTH,87,2022,July,Marine Tropical Storm,Z,254,LITTLE R INLET NC TO MURRELLS INLET SC OUT 20NM,87254,ILM,02-JUL-22 02:05:00,EST-5,02-JUL-22 02:05:00,0,0,0,0,0.00K,0.00K,Mesonet,NA,NA,NA,NA,NA,NA,NA,NA,NA,NA,NA,NA,NA,NA,NA,NA,NA,NA,NA,NA,NA,Tropical Storm Colin formed near the northeast SC and Cape Fear coasts resulting in some gusts to tropical storm force.,A WeatherFlow sensor at Murrells Inlet measured A 35 knot gust.,CSV
202207,2,228,202207,2,228,171312,1040175,ATLANTIC SOUTH,87,2022,July,Marine Tropical Storm,Z,256,MURRELLS INLET TO S SANTEE R SC OUT 20NM,87256,ILM,02-JUL-22 02:28:00,EST-5,02-JUL-22 02:28:00,0,0,0,0,0.00K,0.00K,Other Federal Agency,NA,NA,NA,NA,NA,NA,NA,NA,NA,NA,NA,NA,NA,NA,NA,NA,NA,NA,NA,NA,NA,Tropical Storm Colin formed near the northeast SC and Cape Fear coasts resulting in some gusts to tropical storm force.,A WeatherFlow sensor at the entrance to Winyah Bay measured a 43 knot gust.,CSV
202207,2,230,202207,2,230,171312,1040176,ATLANTIC SOUTH,87,2022,July,Marine Tropical Storm,Z,270,SURF CITY TO CAPE FEAR NC FROM 20 TO 40 NM,87270,ILM,02-JUL-22 02:30:00,EST-5,02-JUL-22 02:30:00,0,0,0,0,0.00K,0.00K,Buoy,NA,NA,NA,NA,NA,NA,NA,NA,NA,NA,NA,NA,NA,NA,NA,NA,NA,NA,NA,NA,NA,Tropical Storm Colin formed near the northeast SC and Cape Fear coasts resulting in some gusts to tropical storm force.,Buoy 41013 measured a gust to 37 knots.,CSV
202207,2,508,202207,2,508,171312,1040177,ATLANTIC SOUTH,87,2022,July,Marine Tropical Storm,Z,252,COASTAL WATERS FROM CAPE FEAR NC TO LITTLE RIVER INLET SC OUT 20 NM,87252,ILM,02-JUL-22 05:08:00,EST-5,02-JUL-22 05:08:00,0,0,0,0,0.00K,0.00K,Buoy,NA,NA,NA,NA,NA,NA,NA,NA,NA,NA,NA,NA,NA,NA,NA,NA,NA,NA,NA,NA,NA,Tropical Storm Colin formed near the northeast SC and Cape Fear coasts resulting in some gusts to tropical storm force.,Buoy 41024 measured a gust to 37 knots.,CSV
202211,10,100,202211,10,1900,174579,1058980,GULF OF MEXICO,85,2022,November,Marine Tropical Storm,Z,765,COASTAL WATERS FROM SUWANNEE RIVER TO KEATON BEACH OUT TO 20 NM,85765,TAE,10-NOV-22 01:00:00,EST-5,10-NOV-22 19:00:00,0,0,0,0,0.00K,0.00K,Official NWS Observations,NA,NA,NA,NA,NA,NA,NA,NA,NA,NA,NA,NA,NA,NA,NA,NA,NA,NA,NA,NA,NA,"Tropical Storm Nicole moved across the Florida Peninsula and turned northwestward, moving across the Florida Big Bend into southern Georgia. Tropical storm force winds were felt across the coastal waters east of Mexico Beach.",NA,CSV
202209,28,330,202209,28,700,174595,1058265,GULF OF MEXICO,85,2022,September,Marine Tropical Storm,Z,42,HAWK CHANNEL FROM OCEAN REEF TO CRAIG KEY OUT TO THE REEF,85042,KEY,28-SEP-22 03:30:00,EST-5,28-SEP-22 07:00:00,0,0,0,0,0.00K,0.00K,Mesonet,NA,NA,NA,NA,NA,NA,NA,NA,NA,NA,NA,NA,NA,NA,NA,NA,NA,NA,NA,NA,NA,"Major Hurricane Ian moved north from far western Cuba into the western Straits of Florida. As Ian moved north over the Dry Tortugas and into the southeastern Gulf of Mexico from September 27th through the 28th, tropical storm force winds spread throughout the Florida Keys coastal waters with hurricane force wind gusts occurring mainly west and north of Key West.  A total of 15 persons were declared lost at sea along with 5 confirmed fatalities.","Sustained tropical storm force winds occurred along the reef offshore the Upper Florida Keys, with sustained winds of 40 to 45 knots and peak gusts measured at 52 knots at Carysfort Reef Light, and 47 knots at Alligator Reef Light.",CSV
202209,27,2230,202209,28,300,174595,1058266,GULF OF MEXICO,85,2022,September,Marine Tropical Storm,Z,32,BAYSIDE AND GULFSIDE FROM CRAIG KEY TO WEST END OF SEVEN MILE BRIDGE,85032,KEY,27-SEP-22 22:30:00,EST-5,28-SEP-22 03:00:00,0,0,0,0,0.00K,0.00K,C-MAN Station,NA,NA,NA,NA,NA,NA,NA,NA,NA,NA,NA,NA,NA,NA,NA,NA,NA,NA,NA,NA,NA,"Major Hurricane Ian moved north from far western Cuba into the western Straits of Florida. As Ian moved north over the Dry Tortugas and into the southeastern Gulf of Mexico from September 27th through the 28th, tropical storm force winds spread throughout the Florida Keys coastal waters with hurricane force wind gusts occurring mainly west and north of Key West.  A total of 15 persons were declared lost at sea along with 5 confirmed fatalities.",Sustained tropical storm force winds near 40 knots occurred over western Florida Bay with a peak gust of 48 knots measured at Long Key Light.,CSV
202209,27,1900,202209,28,430,174595,1058267,GULF OF MEXICO,85,2022,September,Marine Tropical Storm,Z,43,HAWK CHANNEL FROM CRAIG KEY TO WEST END OF SEVEN MILE BRIDGE OUT TO THE REEF,85043,KEY,27-SEP-22 19:00:00,EST-5,28-SEP-22 04:30:00,0,0,0,0,0.00K,0.00K,C-MAN Station,NA,NA,NA,NA,NA,NA,NA,NA,NA,NA,NA,NA,NA,NA,NA,NA,NA,NA,NA,NA,NA,"Major Hurricane Ian moved north from far western Cuba into the western Straits of Florida. As Ian moved north over the Dry Tortugas and into the southeastern Gulf of Mexico from September 27th through the 28th, tropical storm force winds spread throughout the Florida Keys coastal waters with hurricane force wind gusts occurring mainly west and north of Key West.  A total of 15 persons were declared lost at sea along with 5 confirmed fatalities.","Sustained tropical storm force winds near 40 knots occurred along the reef offshore the Middle Florida Keys, with a peak gust measured at 48 knots at Sombrero Key Light.",CSV
202209,27,1330,202209,28,900,174595,1058268,GULF OF MEXICO,85,2022,September,Marine Tropical Storm,Z,33,GULF OF MEXICO FROM EAST CAPE SABLE TO CHOKOLOSKEE 20 TO 60 NM OUT AND BEYOND 5 FATHOMS,85033,KEY,27-SEP-22 13:30:00,EST-5,28-SEP-22 09:00:00,0,0,0,0,0.00K,0.00K,Mesonet,NA,NA,NA,NA,NA,NA,NA,NA,NA,NA,NA,NA,NA,NA,NA,NA,NA,NA,NA,NA,NA,"Major Hurricane Ian moved north from far western Cuba into the western Straits of Florida. As Ian moved north over the Dry Tortugas and into the southeastern Gulf of Mexico from September 27th through the 28th, tropical storm force winds spread throughout the Florida Keys coastal waters with hurricane force wind gusts occurring mainly west and north of Key West.  A total of 15 persons were declared lost at sea along with 5 confirmed fatalities.","Sustained tropical storm force winds as high as 63 knots were measured at Smith Shoal Light, with a peak gust of 78 knots.",CSV
202209,27,1400,202209,28,700,174595,1058407,GULF OF MEXICO,85,2022,September,Marine Tropical Storm,Z,35,GULF OF MEXICO FROM WEST END OF SEVEN MILE BRIDGE TO HALFMOON SHOAL OUT TO 5 FATHOMS,85035,KEY,27-SEP-22 14:00:00,EST-5,28-SEP-22 07:00:00,0,0,2,0,0.00K,0.00K,Coast Guard,NA,NA,NA,NA,NA,NA,NA,NA,NA,NA,NA,NA,NA,NA,NA,NA,NA,NA,NA,NA,NA,"Major Hurricane Ian moved north from far western Cuba into the western Straits of Florida. As Ian moved north over the Dry Tortugas and into the southeastern Gulf of Mexico from September 27th through the 28th, tropical storm force winds spread throughout the Florida Keys coastal waters with hurricane force wind gusts occurring mainly west and north of Key West.  A total of 15 persons were declared lost at sea along with 5 confirmed fatalities.",A vessel was reported adrift exiting the Key West anchorage with two souls and one dog on board.  The two souls were presumed lost at sea.,CSV
202209,27,1200,202209,28,800,174595,1058406,GULF OF MEXICO,85,2022,September,Marine Tropical Storm,Z,54,STRAITS OF FLORIDA FROM WEST END OF SEVEN MILE BRIDGE TO SOUTH OF HALFMOON SHOAL OUT 20 NM,85054,KEY,27-SEP-22 12:00:00,EST-5,28-SEP-22 08:00:00,0,0,18,0,0.00K,0.00K,Coast Guard,NA,NA,NA,NA,NA,NA,NA,NA,NA,NA,NA,NA,NA,NA,NA,NA,NA,NA,NA,NA,NA,"Major Hurricane Ian moved north from far western Cuba into the western Straits of Florida. As Ian moved north over the Dry Tortugas and into the southeastern Gulf of Mexico from September 27th through the 28th, tropical storm force winds spread throughout the Florida Keys coastal waters with hurricane force wind gusts occurring mainly west and north of Key West.  A total of 15 persons were declared lost at sea along with 5 confirmed fatalities.","Tropical storm wind and sea conditions capsized a vessel carrying 27 souls south of the Lower Florida Keys on September 27th.  The USCG reported 9 survivors, including 4 reaching shore and 5 rescued) and 5 confirmed deceased.  The 13 remaining souls were presumed lost at sea.",CSV
202211,10,100,202211,10,1900,174579,1058975,GULF OF MEXICO,85,2022,November,Marine Tropical Storm,Z,752,COASTAL WATERS FROM MEXICO BEACH TO APALACHICOLA OUT 20 NM,85752,TAE,10-NOV-22 01:00:00,EST-5,10-NOV-22 19:00:00,0,0,0,0,0.00K,0.00K,Official NWS Observations,NA,NA,NA,NA,NA,NA,NA,NA,NA,NA,NA,NA,NA,NA,NA,NA,NA,NA,NA,NA,NA,"Tropical Storm Nicole moved across the Florida Peninsula and turned northwestward, moving across the Florida Big Bend into southern Georgia. Tropical storm force winds were felt across the coastal waters east of Mexico Beach.",NA,CSV
202211,10,100,202211,10,1900,174579,1058976,GULF OF MEXICO,85,2022,November,Marine Tropical Storm,Z,772,WATERS FROM MEXICO BEACH TO APALACHICOLA FL 20 TO 60 NM,85772,TAE,10-NOV-22 01:00:00,EST-5,10-NOV-22 19:00:00,0,0,0,0,0.00K,0.00K,Official NWS Observations,NA,NA,NA,NA,NA,NA,NA,NA,NA,NA,NA,NA,NA,NA,NA,NA,NA,NA,NA,NA,NA,"Tropical Storm Nicole moved across the Florida Peninsula and turned northwestward, moving across the Florida Big Bend into southern Georgia. Tropical storm force winds were felt across the coastal waters east of Mexico Beach.",NA,CSV
202211,10,100,202211,10,1900,174579,1058977,GULF OF MEXICO,85,2022,November,Marine Tropical Storm,Z,755,COASTAL WATERS FROM OCHLOCKONEE RIVER TO APALACHICOLA FL OUT TO 20 NM,85755,TAE,10-NOV-22 01:00:00,EST-5,10-NOV-22 19:00:00,0,0,0,0,0.00K,0.00K,Official NWS Observations,NA,NA,NA,NA,NA,NA,NA,NA,NA,NA,NA,NA,NA,NA,NA,NA,NA,NA,NA,NA,NA,"Tropical Storm Nicole moved across the Florida Peninsula and turned northwestward, moving across the Florida Big Bend into southern Georgia. Tropical storm force winds were felt across the coastal waters east of Mexico Beach.",NA,CSV
202211,10,100,202211,10,1900,174579,1058978,GULF OF MEXICO,85,2022,November,Marine Tropical Storm,Z,775,SUWANNEE R TO APALACHICOLA FL 20 TO 60NM,85775,TAE,10-NOV-22 01:00:00,EST-5,10-NOV-22 19:00:00,0,0,0,0,0.00K,0.00K,Official NWS Observations,NA,NA,NA,NA,NA,NA,NA,NA,NA,NA,NA,NA,NA,NA,NA,NA,NA,NA,NA,NA,NA,"Tropical Storm Nicole moved across the Florida Peninsula and turned northwestward, moving across the Florida Big Bend into southern Georgia. Tropical storm force winds were felt across the coastal waters east of Mexico Beach.",NA,CSV
202211,10,100,202211,10,1900,174579,1058979,GULF OF MEXICO,85,2022,November,Marine Tropical Storm,Z,730,APALACHEE BAY OR COASTAL WATERS FROM KEATON BEACH TO OCHLOCKONEE RIVER FL OUT TO 20 NM,85730,TAE,10-NOV-22 01:00:00,EST-5,10-NOV-22 19:00:00,0,0,0,0,0.00K,0.00K,Official NWS Observations,NA,NA,NA,NA,NA,NA,NA,NA,NA,NA,NA,NA,NA,NA,NA,NA,NA,NA,NA,NA,NA,"Tropical Storm Nicole moved across the Florida Peninsula and turned northwestward, moving across the Florida Big Bend into southern Georgia. Tropical storm force winds were felt across the coastal waters east of Mexico Beach.",NA,CSV
202209,28,1700,202209,29,2200,174465,1057690,ATLANTIC SOUTH,87,2022,September,Marine Tropical Storm,Z,555,SEBASTIAN INLET TO JUPITER INLET 0-20NM,87555,MLB,28-SEP-22 17:00:00,EST-5,29-SEP-22 22:00:00,0,0,0,0,0.00K,0.00K,Buoy,NA,NA,NA,NA,NA,NA,NA,NA,NA,NA,NA,NA,NA,NA,NA,NA,NA,NA,NA,NA,NA,"After making landfall as a major hurricane in southwest Florida, Ian moved northeast across the peninsula and emerged into the Atlantic Ocean near Cape Canaveral as a tropical storm. Ian was then upgraded to a Category 1 hurricane as the center moved further offshore and was about 65 miles east of Daytona Beach. Ian's slow movement and large wind field led to a long period of tropical storm force winds and occasional hurricane force gusts in squalls, as well as high seas, over the east central Florida Atlantic waters.","Hurricane Ian's slow movement and large wind field led to a long period of tropical storm force winds over the nearshore Atlantic waters of the Treasure Coast. A Scripps buoy just east of Fort Pierce measured seas up to 11 feet, and NOAA buoy 41009 located 20 miles offshore Port Canaveral recorded seas of 15 to 20 feet.",CSV
202209,28,1800,202209,30,0,174465,1057692,ATLANTIC SOUTH,87,2022,September,Marine Tropical Storm,Z,552,VOLUSIA-BREVARD COUNTY LINE TO SEBASTIAN INLET 0-20NM,87552,MLB,28-SEP-22 18:00:00,EST-5,30-SEP-22 00:00:00,0,0,0,0,0.00K,0.00K,Buoy,NA,NA,NA,NA,NA,NA,NA,NA,NA,NA,NA,NA,NA,NA,NA,NA,NA,NA,NA,NA,NA,"After making landfall as a major hurricane in southwest Florida, Ian moved northeast across the peninsula and emerged into the Atlantic Ocean near Cape Canaveral as a tropical storm. Ian was then upgraded to a Category 1 hurricane as the center moved further offshore and was about 65 miles east of Daytona Beach. Ian's slow movement and large wind field led to a long period of tropical storm force winds and occasional hurricane force gusts in squalls, as well as high seas, over the east central Florida Atlantic waters.","Hurricane Ian's slow movement and large wind field led to a long period of tropical storm force winds and occasional hurricane force gusts in squalls over the nearshore Atlantic waters of Brevard County. A Scripps buoy just east of Port Canaveral measured seas up to 12 feet, and NOAA buoy 41009 located 20 miles offshore Port Canaveral recorded seas of 15 to 20 feet.",CSV
202209,28,1900,202209,30,200,174465,1057688,ATLANTIC SOUTH,87,2022,September,Marine Tropical Storm,Z,550,FLAGLER BEACH TO VOLUSIA-BREVARD COUNTY LINE 0-20NM,87550,MLB,28-SEP-22 19:00:00,EST-5,30-SEP-22 02:00:00,0,0,0,0,0.00K,0.00K,Buoy,NA,NA,NA,NA,NA,NA,NA,NA,NA,NA,NA,NA,NA,NA,NA,NA,NA,NA,NA,NA,NA,"After making landfall as a major hurricane in southwest Florida, Ian moved northeast across the peninsula and emerged into the Atlantic Ocean near Cape Canaveral as a tropical storm. Ian was then upgraded to a Category 1 hurricane as the center moved further offshore and was about 65 miles east of Daytona Beach. Ian's slow movement and large wind field led to a long period of tropical storm force winds and occasional hurricane force gusts in squalls, as well as high seas, over the east central Florida Atlantic waters.","Hurricane Ian's slow movement and large wind field led to a long period of tropical storm force winds and occasional hurricane force gusts in squalls over the nearshore Atlantic waters of Volusia County. A Scripps buoy just east of Port Canaveral measured seas up to 12 feet, and NOAA buoy 41009 located 20 miles offshore Port Canaveral recorded seas of 15 to 20 feet. Similar seas likely occurred across the waters offshore the Volusia County coast.",CSV
202209,28,1900,202209,30,200,174465,1057691,ATLANTIC SOUTH,87,2022,September,Marine Tropical Storm,Z,572,VOLUSIA-BREVARD COUNTY LINE TO SEBASTIAN INLET 20-60NM,87572,MLB,28-SEP-22 19:00:00,EST-5,30-SEP-22 02:00:00,0,0,0,0,0.00K,0.00K,Buoy,NA,NA,NA,NA,NA,NA,NA,NA,NA,NA,NA,NA,NA,NA,NA,NA,NA,NA,NA,NA,NA,"After making landfall as a major hurricane in southwest Florida, Ian moved northeast across the peninsula and emerged into the Atlantic Ocean near Cape Canaveral as a tropical storm. Ian was then upgraded to a Category 1 hurricane as the center moved further offshore and was about 65 miles east of Daytona Beach. Ian's slow movement and large wind field led to a long period of tropical storm force winds and occasional hurricane force gusts in squalls, as well as high seas, over the east central Florida Atlantic waters.","Hurricane Ian's slow movement and large wind field led to a long period of tropical storm force winds and occasional hurricane force gusts in squalls offshore Brevard County. A Scripps buoy just east of Port Canaveral measured seas up to 12 feet, and NOAA buoy 41009 located 20 miles offshore Port Canaveral recorded seas of 15 to 20 feet.",CSV
202209,28,1900,202209,30,0,174465,1057693,ATLANTIC SOUTH,87,2022,September,Marine Tropical Storm,Z,575,SEBASTIAN INLET TO JUPITER INLET 20-60NM,87575,MLB,28-SEP-22 19:00:00,EST-5,30-SEP-22 00:00:00,0,0,0,0,0.00K,0.00K,Buoy,NA,NA,NA,NA,NA,NA,NA,NA,NA,NA,NA,NA,NA,NA,NA,NA,NA,NA,NA,NA,NA,"After making landfall as a major hurricane in southwest Florida, Ian moved northeast across the peninsula and emerged into the Atlantic Ocean near Cape Canaveral as a tropical storm. Ian was then upgraded to a Category 1 hurricane as the center moved further offshore and was about 65 miles east of Daytona Beach. Ian's slow movement and large wind field led to a long period of tropical storm force winds and occasional hurricane force gusts in squalls, as well as high seas, over the east central Florida Atlantic waters.","Hurricane Ian's slow movement and large wind field led to a long period of tropical storm force winds offshore the Treasure Coast. A Scripps buoy just east of Fort Pierce measured seas up to 11 feet, and NOAA buoy 41009 located 20 miles offshore Port Canaveral recorded seas of 15 to 20 feet. Similar seas likely occurred over the offshore waters of the Treasure Coast.",CSV
202209,28,2000,202209,30,400,174465,1057689,ATLANTIC SOUTH,87,2022,September,Marine Tropical Storm,Z,570,FLAGLER BEACH TO VOLUSIA-BREVARD COUNTY LINE 20-60NM,87570,MLB,28-SEP-22 20:00:00,EST-5,30-SEP-22 04:00:00,0,0,0,0,0.00K,0.00K,Buoy,NA,NA,NA,NA,NA,NA,NA,NA,NA,NA,NA,NA,NA,NA,NA,NA,NA,NA,NA,NA,NA,"After making landfall as a major hurricane in southwest Florida, Ian moved northeast across the peninsula and emerged into the Atlantic Ocean near Cape Canaveral as a tropical storm. Ian was then upgraded to a Category 1 hurricane as the center moved further offshore and was about 65 miles east of Daytona Beach. Ian's slow movement and large wind field led to a long period of tropical storm force winds and occasional hurricane force gusts in squalls, as well as high seas, over the east central Florida Atlantic waters.","Hurricane Ian's slow movement and large wind field led to a long period of tropical storm force winds and occasional hurricane force gusts in squalls offshore Volusia County. A Scripps buoy just east of Port Canaveral measured seas up to 12 feet, and NOAA buoy 41009 located 20 miles offshore Port Canaveral recorded seas of 15 to 20 feet. Similar seas likely occurred across the waters offshore the Volusia County coast.",CSV
202209,28,1600,202209,29,700,173850,1054462,GULF OF MEXICO,85,2022,September,Marine Tropical Storm,Z,755,COASTAL WATERS FROM OCHLOCKONEE RIVER TO APALACHICOLA FL OUT TO 20 NM,85755,TAE,28-SEP-22 16:00:00,EST-5,29-SEP-22 07:00:00,0,0,0,0,0.00K,0.00K,Official NWS Observations,NA,NA,NA,NA,NA,NA,NA,NA,NA,NA,NA,NA,NA,NA,NA,NA,NA,NA,NA,NA,NA,"Hurricane Ian moved across the Florida peninsula.  Although the most significant impacts were south of the area, tropical storm force winds did impact Apalachee Bay.","Hurricane Ian moved across the Florida peninsula. Although the most significant impacts were south of the area, tropical storm force winds did impact Apalachee Bay.",CSV
202209,28,1600,202209,29,700,173850,1054463,GULF OF MEXICO,85,2022,September,Marine Tropical Storm,Z,775,SUWANNEE R TO APALACHICOLA FL 20 TO 60NM,85775,TAE,28-SEP-22 16:00:00,EST-5,29-SEP-22 07:00:00,0,0,0,0,0.00K,0.00K,Official NWS Observations,NA,NA,NA,NA,NA,NA,NA,NA,NA,NA,NA,NA,NA,NA,NA,NA,NA,NA,NA,NA,NA,"Hurricane Ian moved across the Florida peninsula.  Although the most significant impacts were south of the area, tropical storm force winds did impact Apalachee Bay.","Hurricane Ian moved across the Florida peninsula. Although the most significant impacts were south of the area, tropical storm force winds did impact Apalachee Bay.",CSV
202209,28,1600,202209,29,700,173850,1054464,GULF OF MEXICO,85,2022,September,Marine Tropical Storm,Z,730,APALACHEE BAY OR COASTAL WATERS FROM KEATON BEACH TO OCHLOCKONEE RIVER FL OUT TO 20 NM,85730,TAE,28-SEP-22 16:00:00,EST-5,29-SEP-22 07:00:00,0,0,0,0,0.00K,0.00K,Official NWS Observations,NA,NA,NA,NA,NA,NA,NA,NA,NA,NA,NA,NA,NA,NA,NA,NA,NA,NA,NA,NA,NA,"Hurricane Ian moved across the Florida peninsula.  Although the most significant impacts were south of the area, tropical storm force winds did impact Apalachee Bay.","Hurricane Ian moved across the Florida peninsula. Although the most significant impacts were south of the area, tropical storm force winds did impact Apalachee Bay.",CSV
202209,28,1600,202209,29,700,173850,1054465,GULF OF MEXICO,85,2022,September,Marine Tropical Storm,Z,765,COASTAL WATERS FROM SUWANNEE RIVER TO KEATON BEACH OUT TO 20 NM,85765,TAE,28-SEP-22 16:00:00,EST-5,29-SEP-22 07:00:00,0,0,0,0,0.00K,0.00K,Official NWS Observations,NA,NA,NA,NA,NA,NA,NA,NA,NA,NA,NA,NA,NA,NA,NA,NA,NA,NA,NA,NA,NA,"Hurricane Ian moved across the Florida peninsula.  Although the most significant impacts were south of the area, tropical storm force winds did impact Apalachee Bay.","Hurricane Ian moved across the Florida peninsula. Although the most significant impacts were south of the area, tropical storm force winds did impact Apalachee Bay.",CSV
202209,30,50,202209,30,105,173605,1053723,ATLANTIC SOUTH,87,2022,September,Marine Tropical Storm,Z,450,ALTAMAHA SD TO FERNANDINA BEACH FL OUT 20NM,87450,JAX,30-SEP-22 00:50:00,EST-5,30-SEP-22 01:05:00,0,0,0,0,0.00K,0.00K,Buoy,NA,NA,NA,NA,NA,NA,NA,NA,NA,NA,NA,NA,NA,NA,NA,NA,NA,NA,NA,NA,NA,"Hurricane Ian made landfall as a powerful Category 4 Hurricane on the SW Florida peninsula coast near Punta Gorda on Wednesday, September 28th. The center tracked NE across south-central FL, north of Lake Okeechobee through Wednesday Night and then moved offshore of the central FL Atlantic coast Thursday Morning, September 29th, just near Cape Canaveral as a Tropical Storm. Ian regained Category 1 Hurricane Strength offshore of the northeast Florida Atlantic coast as it tracked NNE into Thursday Night and Friday morning as it made landfall along the South Carolina Atlantic coast. Locally, a strong nor'easter developed through the day Wednesday, September 28th, as a front lifted northward up the FL peninsula ahead of Ian. Tropical Storm force winds and bands of rainfall started to impact northeast Florida through the day Wednesday, the peak in local winds through the day Thursday as Ian's center tracked northward and offshore of the local Atlantic coast. Water levels increased within the St. Johns River basin Wednesday due to the strong nor'easter and annually high spring tides already created water level departures of 0.5 to 1 ft MHHW datum prior to the nor'easter further 'charging' the St. Johns River basin. The peak storm surge along the local Atlantic coast occurred Thursday, then the peak surge pressed into the St. Johns River basin Thursday night into Friday morning. Major to moderate tidal flooding continued into the weekend especially for Putnam, St. Johns and Flagler counties where trapped tides and northerly flow caused extended tidal flooding. Record setting rainfall occurred across the headwaters of the St. Johns River across east-central Florida, and water levels increased the week after Ian passed as the St. Johns River drains south to north, which was also leading up to the peak Spring tides between Oct 8th through Oct 11th.",The Grays Reef Buoy 41008 (about 35 miles NE of St. Simons Island) measured peak sustained winds of 52 mph (45 kts) on Sept. 30th at 1:50 am EDT. The site measured peak wind gusts of 60 mph (52 kts) on Sept. 30th at 2:05 am.,CSV
202209,28,1300,202209,29,700,174306,1057069,ATLANTIC SOUTH,87,2022,September,Marine Tropical Storm,Z,610,LAKE OKEECHOBEE,87610,MFL,28-SEP-22 13:00:00,EST-5,29-SEP-22 07:00:00,0,0,0,0,0.00K,0.00K,Mesonet,NA,NA,NA,NA,NA,NA,NA,NA,NA,NA,NA,NA,NA,NA,NA,NA,NA,NA,NA,NA,NA,"A tropical depression formed in the central Caribbean Sea on September 23rd, then was upgraded to Tropical Storm Ian at 11 PM on September 23rd. Ian moved westward, then turned northwest on September 25th, passing just west of Jamaica and near the Cayman Islands. Ian became a hurricane on Monday, September 26th south of western Cuba, then moved north and made landfall in Pinar Del Rio Province, Cuba early on Tuesday, September 27th as a Category 3 hurricane with maximum sustained winds of 125 mph. ||Ian moved into the SE Gulf of Mexico around midday on Tuesday, September 27th, then moved over Dry Tortugas as a Category 3 hurricane later that evening. Ian strengthened over the SE Gulf of Mexico as it approached Southwest Florida, becoming a Category 4 hurricane at 7 AM on Wednesday, September 28th with maximum sustained winds of 155 mph and a lowest central pressure of 936 mb. Ian moved N-NE and made landfall in Cayo Costa west of Fort Myers at 3:05 PM on Wednesday, September 28th with maximum sustained winds of 150 mph and minimum central pressure of 940 mb. ||Ian moved NE across the central Florida peninsula during the evening and night of Wednesday, September 28th, finally being downgraded to a tropical storm about 20 miles west of Melbourne at 5 AM Thursday, September 29th. Ian moved off the east coast of Florida just north of Cape Canaveral during the mid-morning hours of Thursday, September 29th. ||A peak wind gust of 68 mph/59 knots was recorded on Lake Okeechobee along with a minimum pressure of 988.5 mb as the center of Ian passed just to the north. Wind gusts over the coastal and near shore Atlantic waters and Biscayne Bay were in the 40-57 knot/46-65 mph range, with a peak gust of 56 knots/64 mph measured at Juno Beach Pier.",Sustained tropical storm force winds of 45 to 60 mph/40 to 50 knots were recorded in Lake Okeechobee. A peak wind gust of 68 mph/59 knots was recorded by the SFWMD mesonet site at the west end of Lake Okeechobee (L005) at 7:45 PM EDT.,CSV
202209,28,0,202209,28,1500,174306,1057066,ATLANTIC SOUTH,87,2022,September,Marine Tropical Storm,Z,671,DEERFIELD BEACH TO OCEAN REEF FL 20 TO 60NM,87671,MFL,28-SEP-22 00:00:00,EST-5,28-SEP-22 15:00:00,0,0,0,0,0.00K,0.00K,Mesonet,NA,NA,NA,NA,NA,NA,NA,NA,NA,NA,NA,NA,NA,NA,NA,NA,NA,NA,NA,NA,NA,"A tropical depression formed in the central Caribbean Sea on September 23rd, then was upgraded to Tropical Storm Ian at 11 PM on September 23rd. Ian moved westward, then turned northwest on September 25th, passing just west of Jamaica and near the Cayman Islands. Ian became a hurricane on Monday, September 26th south of western Cuba, then moved north and made landfall in Pinar Del Rio Province, Cuba early on Tuesday, September 27th as a Category 3 hurricane with maximum sustained winds of 125 mph. ||Ian moved into the SE Gulf of Mexico around midday on Tuesday, September 27th, then moved over Dry Tortugas as a Category 3 hurricane later that evening. Ian strengthened over the SE Gulf of Mexico as it approached Southwest Florida, becoming a Category 4 hurricane at 7 AM on Wednesday, September 28th with maximum sustained winds of 155 mph and a lowest central pressure of 936 mb. Ian moved N-NE and made landfall in Cayo Costa west of Fort Myers at 3:05 PM on Wednesday, September 28th with maximum sustained winds of 150 mph and minimum central pressure of 940 mb. ||Ian moved NE across the central Florida peninsula during the evening and night of Wednesday, September 28th, finally being downgraded to a tropical storm about 20 miles west of Melbourne at 5 AM Thursday, September 29th. Ian moved off the east coast of Florida just north of Cape Canaveral during the mid-morning hours of Thursday, September 29th. ||A peak wind gust of 68 mph/59 knots was recorded on Lake Okeechobee along with a minimum pressure of 988.5 mb as the center of Ian passed just to the north. Wind gusts over the coastal and near shore Atlantic waters and Biscayne Bay were in the 40-57 knot/46-65 mph range, with a peak gust of 56 knots/64 mph measured at Juno Beach Pier.",Sustained tropical storm force winds of 40 to 45 mph/35 to 40 knots likely occurred over the Atlantic waters of Miami-Dade and Broward counties from 20 miles offshore east to the territorial waters of the Bahamas.,CSV
202209,28,100,202209,28,2000,174306,1057067,ATLANTIC SOUTH,87,2022,September,Marine Tropical Storm,Z,650,JUPITER INLET TO DEERFIELD BEACH FL OUT 20NM,87650,MFL,28-SEP-22 01:00:00,EST-5,28-SEP-22 20:00:00,0,0,0,0,0.00K,0.00K,Mesonet,NA,NA,NA,NA,NA,NA,NA,NA,NA,NA,NA,NA,NA,NA,NA,NA,NA,NA,NA,NA,NA,"A tropical depression formed in the central Caribbean Sea on September 23rd, then was upgraded to Tropical Storm Ian at 11 PM on September 23rd. Ian moved westward, then turned northwest on September 25th, passing just west of Jamaica and near the Cayman Islands. Ian became a hurricane on Monday, September 26th south of western Cuba, then moved north and made landfall in Pinar Del Rio Province, Cuba early on Tuesday, September 27th as a Category 3 hurricane with maximum sustained winds of 125 mph. ||Ian moved into the SE Gulf of Mexico around midday on Tuesday, September 27th, then moved over Dry Tortugas as a Category 3 hurricane later that evening. Ian strengthened over the SE Gulf of Mexico as it approached Southwest Florida, becoming a Category 4 hurricane at 7 AM on Wednesday, September 28th with maximum sustained winds of 155 mph and a lowest central pressure of 936 mb. Ian moved N-NE and made landfall in Cayo Costa west of Fort Myers at 3:05 PM on Wednesday, September 28th with maximum sustained winds of 150 mph and minimum central pressure of 940 mb. ||Ian moved NE across the central Florida peninsula during the evening and night of Wednesday, September 28th, finally being downgraded to a tropical storm about 20 miles west of Melbourne at 5 AM Thursday, September 29th. Ian moved off the east coast of Florida just north of Cape Canaveral during the mid-morning hours of Thursday, September 29th. ||A peak wind gust of 68 mph/59 knots was recorded on Lake Okeechobee along with a minimum pressure of 988.5 mb as the center of Ian passed just to the north. Wind gusts over the coastal and near shore Atlantic waters and Biscayne Bay were in the 40-57 knot/46-65 mph range, with a peak gust of 56 knots/64 mph measured at Juno Beach Pier.",Sustained tropical storm force winds of 40 to 50 mph/35 to 45 knots were measured over the Atlantic waters of Palm Beach County out to 20 miles from shore. A peak wind gust of 59 mph/51 knots was recorded by the WeatherFlow mesonet site at Juno Beach Pier (XJUP) at 3:22 PM EDT. A peak wind gust of 58 mph/50 knots was measured at the C-MAN station LKWF1 at Lake Worth Pier at 8:48 AM EDT.,CSV
202209,28,100,202209,28,2000,174306,1057068,ATLANTIC SOUTH,87,2022,September,Marine Tropical Storm,Z,670,JUPITER INLET TO DEERFIELD BEACH FL 20 TO 60NM,87670,MFL,28-SEP-22 01:00:00,EST-5,28-SEP-22 20:00:00,0,0,0,0,0.00K,0.00K,Mesonet,NA,NA,NA,NA,NA,NA,NA,NA,NA,NA,NA,NA,NA,NA,NA,NA,NA,NA,NA,NA,NA,"A tropical depression formed in the central Caribbean Sea on September 23rd, then was upgraded to Tropical Storm Ian at 11 PM on September 23rd. Ian moved westward, then turned northwest on September 25th, passing just west of Jamaica and near the Cayman Islands. Ian became a hurricane on Monday, September 26th south of western Cuba, then moved north and made landfall in Pinar Del Rio Province, Cuba early on Tuesday, September 27th as a Category 3 hurricane with maximum sustained winds of 125 mph. ||Ian moved into the SE Gulf of Mexico around midday on Tuesday, September 27th, then moved over Dry Tortugas as a Category 3 hurricane later that evening. Ian strengthened over the SE Gulf of Mexico as it approached Southwest Florida, becoming a Category 4 hurricane at 7 AM on Wednesday, September 28th with maximum sustained winds of 155 mph and a lowest central pressure of 936 mb. Ian moved N-NE and made landfall in Cayo Costa west of Fort Myers at 3:05 PM on Wednesday, September 28th with maximum sustained winds of 150 mph and minimum central pressure of 940 mb. ||Ian moved NE across the central Florida peninsula during the evening and night of Wednesday, September 28th, finally being downgraded to a tropical storm about 20 miles west of Melbourne at 5 AM Thursday, September 29th. Ian moved off the east coast of Florida just north of Cape Canaveral during the mid-morning hours of Thursday, September 29th. ||A peak wind gust of 68 mph/59 knots was recorded on Lake Okeechobee along with a minimum pressure of 988.5 mb as the center of Ian passed just to the north. Wind gusts over the coastal and near shore Atlantic waters and Biscayne Bay were in the 40-57 knot/46-65 mph range, with a peak gust of 56 knots/64 mph measured at Juno Beach Pier.",Sustained tropical storm force winds of 40 to 45 mph/35 to 40 knots likely over the Atlantic waters of Palm Beach County from 20 miles offshore to the territorial waters of the Bahamas.,CSV
202209,27,2100,202209,28,1500,174306,1057064,ATLANTIC SOUTH,87,2022,September,Marine Tropical Storm,Z,630,BISCAYNE BAY,87630,MFL,27-SEP-22 21:00:00,EST-5,28-SEP-22 15:00:00,0,0,0,0,0.00K,0.00K,Mesonet,NA,NA,NA,NA,NA,NA,NA,NA,NA,NA,NA,NA,NA,NA,NA,NA,NA,NA,NA,NA,NA,"A tropical depression formed in the central Caribbean Sea on September 23rd, then was upgraded to Tropical Storm Ian at 11 PM on September 23rd. Ian moved westward, then turned northwest on September 25th, passing just west of Jamaica and near the Cayman Islands. Ian became a hurricane on Monday, September 26th south of western Cuba, then moved north and made landfall in Pinar Del Rio Province, Cuba early on Tuesday, September 27th as a Category 3 hurricane with maximum sustained winds of 125 mph. ||Ian moved into the SE Gulf of Mexico around midday on Tuesday, September 27th, then moved over Dry Tortugas as a Category 3 hurricane later that evening. Ian strengthened over the SE Gulf of Mexico as it approached Southwest Florida, becoming a Category 4 hurricane at 7 AM on Wednesday, September 28th with maximum sustained winds of 155 mph and a lowest central pressure of 936 mb. Ian moved N-NE and made landfall in Cayo Costa west of Fort Myers at 3:05 PM on Wednesday, September 28th with maximum sustained winds of 150 mph and minimum central pressure of 940 mb. ||Ian moved NE across the central Florida peninsula during the evening and night of Wednesday, September 28th, finally being downgraded to a tropical storm about 20 miles west of Melbourne at 5 AM Thursday, September 29th. Ian moved off the east coast of Florida just north of Cape Canaveral during the mid-morning hours of Thursday, September 29th. ||A peak wind gust of 68 mph/59 knots was recorded on Lake Okeechobee along with a minimum pressure of 988.5 mb as the center of Ian passed just to the north. Wind gusts over the coastal and near shore Atlantic waters and Biscayne Bay were in the 40-57 knot/46-65 mph range, with a peak gust of 56 knots/64 mph measured at Juno Beach Pier.",Sustained tropical storm force winds of 40 to 50 mph/35 to 44 knots were recorded in Biscayne Bay. A peak wind gust of 60 mph/52 knots was recorded by the WeatherFlow mesonet site at Biscayne Bay Light 20 (XKBS) at 2:49 AM EDT.,CSV
202209,27,1900,202209,29,0,174307,1057072,GULF OF MEXICO,85,2022,September,Marine Tropical Storm,Z,657,E CP SABLE TO CHOKOLOSKEE FL OUT 20NM,85657,MFL,27-SEP-22 19:00:00,EST-5,29-SEP-22 00:00:00,0,0,0,0,0.00K,0.00K,Other Federal Agency,NA,NA,NA,NA,NA,NA,NA,NA,NA,NA,NA,NA,NA,NA,NA,NA,NA,NA,NA,NA,NA,"A tropical depression formed in the central Caribbean Sea on September 23rd, then was upgraded to Tropical Storm Ian at 11 PM on September 23rd. Ian moved westward, then turned northwest on September 25th, passing just west of Jamaica and near the Cayman Islands. Ian became a hurricane on Monday, September 26th south of western Cuba, then moved north and made landfall in Pinar Del Rio Province, Cuba early on Tuesday, September 27th as a Category 3 hurricane with maximum sustained winds of 125 mph.||Ian moved into the SE Gulf of Mexico around midday on Tuesday, September 27th, then moved over Dry Tortugas as a Category 3 hurricane later that evening. Ian strengthened over the SE Gulf of Mexico as it approached Southwest Florida, becoming a Category 4 hurricane at 7 AM on Wednesday, September 28th with maximum sustained winds of 155 mph and a lowest central pressure of 936 mb. Ian moved N-NE and made landfall in Cayo Costa west of Fort Myers at 3:05 PM on Wednesday, September 28th with maximum sustained winds of 150 mph and minimum central pressure of 940 mb.||Ian moved NE across the central Florida peninsula during the evening and night of Wednesday, September 28th, finally being downgraded to a tropical storm about 20 miles west of Melbourne at 5 AM Thursday, September 29th. Ian moved off the east coast of Florida just north of Cape Canaveral during the mid-morning hours of Thursday, September 29th.||The highest measured wind gust in the coastal areas was 97 knots/112 mph well above the surface at Naples Grande Beach Resort about a half-mile inland. A peak gust of 61 knots/70 mph was measured at Naples Pier before the instrument failed as the strongest winds of Ian were approaching. The center of Ian passed about 60 nm west of Naples, and major hurricane force winds likely occurred over most of the offshore waters of Collier and Mainland Monroe counties.",Sustained tropical storm force winds of 40 to 60 mph/35 to 50 knots likely occurred over the coastal waters of Mainland Monroe County out to 20 nautical miles from shore.,CSV
202209,27,2100,202209,28,1500,174306,1057065,ATLANTIC SOUTH,87,2022,September,Marine Tropical Storm,Z,651,DEERFIELD BEACH TO OCEAN REEF FL,87651,MFL,27-SEP-22 21:00:00,EST-5,28-SEP-22 15:00:00,0,0,0,0,0.00K,0.00K,Mesonet,NA,NA,NA,NA,NA,NA,NA,NA,NA,NA,NA,NA,NA,NA,NA,NA,NA,NA,NA,NA,NA,"A tropical depression formed in the central Caribbean Sea on September 23rd, then was upgraded to Tropical Storm Ian at 11 PM on September 23rd. Ian moved westward, then turned northwest on September 25th, passing just west of Jamaica and near the Cayman Islands. Ian became a hurricane on Monday, September 26th south of western Cuba, then moved north and made landfall in Pinar Del Rio Province, Cuba early on Tuesday, September 27th as a Category 3 hurricane with maximum sustained winds of 125 mph. ||Ian moved into the SE Gulf of Mexico around midday on Tuesday, September 27th, then moved over Dry Tortugas as a Category 3 hurricane later that evening. Ian strengthened over the SE Gulf of Mexico as it approached Southwest Florida, becoming a Category 4 hurricane at 7 AM on Wednesday, September 28th with maximum sustained winds of 155 mph and a lowest central pressure of 936 mb. Ian moved N-NE and made landfall in Cayo Costa west of Fort Myers at 3:05 PM on Wednesday, September 28th with maximum sustained winds of 150 mph and minimum central pressure of 940 mb. ||Ian moved NE across the central Florida peninsula during the evening and night of Wednesday, September 28th, finally being downgraded to a tropical storm about 20 miles west of Melbourne at 5 AM Thursday, September 29th. Ian moved off the east coast of Florida just north of Cape Canaveral during the mid-morning hours of Thursday, September 29th. ||A peak wind gust of 68 mph/59 knots was recorded on Lake Okeechobee along with a minimum pressure of 988.5 mb as the center of Ian passed just to the north. Wind gusts over the coastal and near shore Atlantic waters and Biscayne Bay were in the 40-57 knot/46-65 mph range, with a peak gust of 56 knots/64 mph measured at Juno Beach Pier.",Sustained tropical storm force winds of 40 to 60 mph/35 to 50 knots were recorded over the Atlantic waters of Miami-Dade and Broward counties out to 20 nautical miles. A peak wind gust of 61 mph/53 knots was recorded by the WeatherFlow mesonet site at Government Cut (XGVT) at a height of 75 feet at 8:41 AM EDT. A peak wind gust of 66 mph/57 knots was measured at the WeatherFlow mesonet site at Port Everglades at a height of 135 feet.,CSV
202209,30,1453,202209,30,1453,174193,1056499,ATLANTIC SOUTH,87,2022,September,Marine Tropical Storm,Z,252,COASTAL WATERS FROM CAPE FEAR NC TO LITTLE RIVER INLET SC OUT 20 NM,87252,ILM,30-SEP-22 14:53:00,EST-5,30-SEP-22 14:53:00,0,0,0,0,0.00K,0.00K,Buoy,NA,NA,NA,NA,NA,NA,NA,NA,NA,NA,NA,NA,NA,NA,NA,NA,NA,NA,NA,NA,NA,"Hurricane Ian made landfall along the west coast of Florida on September 28, 2022, then moved across the Florida peninsula and exited off the east coast of Florida on September 29, 2022 then made a second landfall near Georgetown, SC on September 30, 2022.  Ian resulted in strong wind gusts and rough seas across the adjacent coastal waters as it impacted the area.",CORMP buoy 41024 measured a gust to 64 knots.,CSV
202209,30,1130,202209,30,1130,174193,1056496,ATLANTIC SOUTH,87,2022,September,Marine Tropical Storm,Z,256,MURRELLS INLET TO S SANTEE R SC OUT 20NM,87256,ILM,30-SEP-22 11:30:00,EST-5,30-SEP-22 11:30:00,0,0,0,0,0.00K,0.00K,Buoy,NA,NA,NA,NA,NA,NA,NA,NA,NA,NA,NA,NA,NA,NA,NA,NA,NA,NA,NA,NA,NA,"Hurricane Ian made landfall along the west coast of Florida on September 28, 2022, then moved across the Florida peninsula and exited off the east coast of Florida on September 29, 2022 then made a second landfall near Georgetown, SC on September 30, 2022.  Ian resulted in strong wind gusts and rough seas across the adjacent coastal waters as it impacted the area.",The Frying Pan Shoals buoy 41013 measured a wind gust of 54 knots.,CSV
202209,30,1336,202209,30,1336,174193,1056500,ATLANTIC SOUTH,87,2022,September,Marine Tropical Storm,Z,254,LITTLE R INLET NC TO MURRELLS INLET SC OUT 20NM,87254,ILM,30-SEP-22 13:36:00,EST-5,30-SEP-22 13:36:00,0,0,0,0,0.00K,0.00K,Other Federal Agency,NA,NA,NA,NA,NA,NA,NA,NA,NA,NA,NA,NA,NA,NA,NA,NA,NA,NA,NA,NA,NA,"Hurricane Ian made landfall along the west coast of Florida on September 28, 2022, then moved across the Florida peninsula and exited off the east coast of Florida on September 29, 2022 then made a second landfall near Georgetown, SC on September 30, 2022.  Ian resulted in strong wind gusts and rough seas across the adjacent coastal waters as it impacted the area.",NOS weather station at Springmaid Pier measured a gust to 53 knots.,CSV
202209,30,1453,202209,30,1453,174193,1056498,ATLANTIC SOUTH,87,2022,September,Marine Tropical Storm,Z,250,COASTAL WATERS FROM SURF CITY TO CAPE FEAR NC OUT 20 NM,87250,ILM,30-SEP-22 14:53:00,EST-5,30-SEP-22 14:53:00,0,0,0,0,0.00K,0.00K,Buoy,NA,NA,NA,NA,NA,NA,NA,NA,NA,NA,NA,NA,NA,NA,NA,NA,NA,NA,NA,NA,NA,"Hurricane Ian made landfall along the west coast of Florida on September 28, 2022, then moved across the Florida peninsula and exited off the east coast of Florida on September 29, 2022 then made a second landfall near Georgetown, SC on September 30, 2022.  Ian resulted in strong wind gusts and rough seas across the adjacent coastal waters as it impacted the area.",CORMP buoy 41038 measured a gust to 54 knots.,CSV
202308,29,815,202308,29,1600,185504,1138536,GULF OF MEXICO,85,2023,August,Marine Tropical Storm,Z,44,HAWK CHANNEL FROM WEST END OF SEVEN MILE BRIDGE TO HALFMOON SHOAL OUT TO THE REEF,85044,KEY,29-AUG-23 08:15:00,EST-5,29-AUG-23 16:00:00,0,0,0,0,NA,0.00K,C-MAN Station,NA,NA,NA,NA,NA,NA,NA,NA,NA,NA,NA,NA,NA,NA,NA,NA,NA,NA,NA,NA,NA,The center of Hurricane Idalia passed about 165 nautical miles to the west of Key West on a northward path through the eastern Gulf of Mexico.  Tropical storm-force sustained winds occurred during the passage of rain bands through the Straits of Florida.  Maximum sustained winds generally in the 35 to 40 knot range with isolated gusts in excess of 50 knots occurred along the Florida Keys reef tract.,"Tropical storm force winds, mostly in gusts associated the passage of rain bands well to the east of Hurricane Idalia's center, occurred along the reef tract south of the Lower Florida Keys.  Maximum sustained winds were measured at 36 knots with gusts to 53 knots at the navigational light at Sand Key.",CSV
202308,29,1430,202308,29,1700,185504,1138550,GULF OF MEXICO,85,2023,August,Marine Tropical Storm,Z,42,HAWK CHANNEL FROM OCEAN REEF TO CRAIG KEY OUT TO THE REEF,85042,KEY,29-AUG-23 14:30:00,EST-5,29-AUG-23 17:00:00,0,0,0,0,0.00K,0.00K,Mesonet,NA,NA,NA,NA,NA,NA,NA,NA,NA,NA,NA,NA,NA,NA,NA,NA,NA,NA,NA,NA,NA,The center of Hurricane Idalia passed about 165 nautical miles to the west of Key West on a northward path through the eastern Gulf of Mexico.  Tropical storm-force sustained winds occurred during the passage of rain bands through the Straits of Florida.  Maximum sustained winds generally in the 35 to 40 knot range with isolated gusts in excess of 50 knots occurred along the Florida Keys reef tract.,"Tropical storm force winds, mostly in gusts associated the passage of rain bands well to the east of Hurricane Idalia's center, occurred along the reef tract south of the Upper Florida Keys. Maximum sustained winds were measured at 40 knots with gusts to 47 knots at Alligator Reef Light and sustained 38 knots gusting to 48 knots at Carysfort Reefr Light.",CSV
202308,29,1315,202308,29,1330,185504,1138554,GULF OF MEXICO,85,2023,August,Marine Tropical Storm,Z,32,BAYSIDE AND GULFSIDE FROM CRAIG KEY TO WEST END OF SEVEN MILE BRIDGE,85032,KEY,29-AUG-23 13:15:00,EST-5,29-AUG-23 13:30:00,0,0,0,0,0.00K,0.00K,C-MAN Station,NA,NA,NA,NA,NA,NA,NA,NA,NA,NA,NA,NA,NA,NA,NA,NA,NA,NA,NA,NA,NA,The center of Hurricane Idalia passed about 165 nautical miles to the west of Key West on a northward path through the eastern Gulf of Mexico.  Tropical storm-force sustained winds occurred during the passage of rain bands through the Straits of Florida.  Maximum sustained winds generally in the 35 to 40 knot range with isolated gusts in excess of 50 knots occurred along the Florida Keys reef tract.,"Tropical storm force wind gusts associated the passage of rain bands well to the east of Hurricane Idalia's center, occurred over Florida Bay.  Maximum sustained winds were measured at 28 knots with gusts to 39 knots at Long Key Light.",CSV
202308,30,300,202308,30,2100,183190,1119095,ATLANTIC SOUTH,87,2023,August,Marine Tropical Storm,Z,552,VOLUSIA-BREVARD COUNTY LINE TO SEBASTIAN INLET 0-20NM,87552,MLB,30-AUG-23 03:00:00,EST-5,30-AUG-23 21:00:00,0,0,0,0,0.00K,0.00K,Official NWS Observations,NA,NA,NA,NA,NA,NA,NA,NA,NA,NA,NA,NA,NA,NA,NA,NA,NA,NA,NA,NA,NA,"Hurricane Idalia made landfall in Florida's Big Bend region as a major Category 3 hurricane. It then moved northeastward, moving into southern Georgia, before pushing into the Atlantic off of the southeast US coast. The storm brought widespread tropical storm-force gusts to the east central Florida waters, as well as large seas.","Hurricane Idalia's landfall along the Big Bend region led to widespread tropical storm-force wind gusts over the Atlantic waters of east central Florida. The Weatherflow site in the Banana River at 520 measured a peak wind gust of 47 knots, as did Trident Pier. Buoy 41009 in the offshore Brevard waters measured wind gusts to 37 knots and seas to around 8 feet.",CSV
202308,30,400,202308,30,2200,183190,1119097,ATLANTIC SOUTH,87,2023,August,Marine Tropical Storm,Z,570,FLAGLER BEACH TO VOLUSIA-BREVARD COUNTY LINE 20-60NM,87570,MLB,30-AUG-23 04:00:00,EST-5,30-AUG-23 22:00:00,0,0,0,0,0.00K,0.00K,Official NWS Observations,NA,NA,NA,NA,NA,NA,NA,NA,NA,NA,NA,NA,NA,NA,NA,NA,NA,NA,NA,NA,NA,"Hurricane Idalia made landfall in Florida's Big Bend region as a major Category 3 hurricane. It then moved northeastward, moving into southern Georgia, before pushing into the Atlantic off of the southeast US coast. The storm brought widespread tropical storm-force gusts to the east central Florida waters, as well as large seas.",Hurricane Idalia's landfall along the Big Bend region led to widespread tropical storm-force wind gusts over the Atlantic waters of east central Florida. The Daytona Beach International Airport measured a 39 knot peak wind gust. Buoy 41009 in the offshore Brevard waters measured wind gusts to 37 knots and seas to around 8 feet. Similar conditions likely occurred in the nearshore waters of Volusia County.,CSV
202308,22,924,202308,22,936,182486,1112020,GULF OF MEXICO,85,2023,August,Marine Tropical Storm,Z,135,LAGUNA MADRE FROM 5NM N OF PT MANSFIELD TO BAFFIN BAY TX,85135,BRO,22-AUG-23 09:24:00,CST-6,22-AUG-23 09:36:00,0,0,0,0,0.00K,0.00K,C-MAN Station,NA,NA,NA,NA,NA,NA,NA,NA,NA,NA,NA,NA,NA,NA,NA,NA,NA,NA,NA,NA,NA,"As Tropical Storm Harold moved across the western Gulf of Mexico towards the South Texas Coast on August 22nd, it brought a period of tropical storm force winds and hazardous seas to the lower Texas coastal waters. The strongest winds were reported at the NDBC Buoy 42020, which is in the coastal waters off of Kenedy County in Deep South Texas. The stronger winds were reported at these locations because they were closer to the center of Tropical Storm Harold, which made landfall just before 10AM CDT along the northern coast of Kenedy County on August 22nd. No injuries, fatalities, or damages to vessels have been reported at this time.","As Tropical Storm Harold passed over the Lower Texas coastal waters on August 22nd, this portion of the Laguna Madre saw tropical storm-force winds between 10:24AM CDT and 10:36AM CDT, the time-frame captured by the Texas Coastal Ocean Observing Network (TCOON) site at Rincon del San Jose (RSJT2).",CSV
202308,22,550,202308,22,850,182486,1112025,GULF OF MEXICO,85,2023,August,Marine Tropical Storm,Z,175,WATERS FROM BAFFIN BAY TO PT MANSFIELD TX EXT FROM 20 TO 60NM,85175,BRO,22-AUG-23 05:50:00,CST-6,22-AUG-23 08:50:00,0,0,0,0,0.00K,0.00K,Buoy,NA,NA,NA,NA,NA,NA,NA,NA,NA,NA,NA,NA,NA,NA,NA,NA,NA,NA,NA,NA,NA,"As Tropical Storm Harold moved across the western Gulf of Mexico towards the South Texas Coast on August 22nd, it brought a period of tropical storm force winds and hazardous seas to the lower Texas coastal waters. The strongest winds were reported at the NDBC Buoy 42020, which is in the coastal waters off of Kenedy County in Deep South Texas. The stronger winds were reported at these locations because they were closer to the center of Tropical Storm Harold, which made landfall just before 10AM CDT along the northern coast of Kenedy County on August 22nd. No injuries, fatalities, or damages to vessels have been reported at this time.","As Tropical Storm Harold passed over the Lower Texas Coastal waters on August 22nd, Buoy 42020 reported sustained winds and frequent gusts to tropical storm-force for a period of nearly 3 hours between 6:50AM CDT and 9:50AM CDT. The max reported gust was recorded at 51 knots at 8:00AM CDT and 8:20AM CDT.",CSV
202308,22,700,202308,22,930,182486,1112027,GULF OF MEXICO,85,2023,August,Marine Tropical Storm,Z,155,COASTAL WATERS FROM BAFFIN BAY TO PT MANSFIELD TX OUT 20 NM,85155,BRO,22-AUG-23 07:00:00,CST-6,22-AUG-23 09:30:00,0,0,0,0,0.00K,0.00K,Buoy,NA,NA,NA,NA,NA,NA,NA,NA,NA,NA,NA,NA,NA,NA,NA,NA,NA,NA,NA,NA,NA,"As Tropical Storm Harold moved across the western Gulf of Mexico towards the South Texas Coast on August 22nd, it brought a period of tropical storm force winds and hazardous seas to the lower Texas coastal waters. The strongest winds were reported at the NDBC Buoy 42020, which is in the coastal waters off of Kenedy County in Deep South Texas. The stronger winds were reported at these locations because they were closer to the center of Tropical Storm Harold, which made landfall just before 10AM CDT along the northern coast of Kenedy County on August 22nd. No injuries, fatalities, or damages to vessels have been reported at this time.","As Tropical Storm Harold passed over the Lower Texas Coastal waters on August 22nd, this portion of the Gulf waters saw tropical storm-force winds between 8:00AM CDT and 10:30AM CDT. While there are no observations in this portion of waters, both Buoy 42020 and TCOON RSJT2 reported sustained wind and frequent gusts to tropical storm-force, and these station surround this coastal zone.",CSV
202308,30,400,202308,30,2200,183190,1119093,ATLANTIC SOUTH,87,2023,August,Marine Tropical Storm,Z,572,VOLUSIA-BREVARD COUNTY LINE TO SEBASTIAN INLET 20-60NM,87572,MLB,30-AUG-23 04:00:00,EST-5,30-AUG-23 22:00:00,0,0,0,0,0.00K,0.00K,Official NWS Observations,NA,NA,NA,NA,NA,NA,NA,NA,NA,NA,NA,NA,NA,NA,NA,NA,NA,NA,NA,NA,NA,"Hurricane Idalia made landfall in Florida's Big Bend region as a major Category 3 hurricane. It then moved northeastward, moving into southern Georgia, before pushing into the Atlantic off of the southeast US coast. The storm brought widespread tropical storm-force gusts to the east central Florida waters, as well as large seas.",Hurricane Idalia's landfall along the Big Bend region led to widespread tropical storm-force wind gusts over the Atlantic waters of east central Florida. Buoy 41009 measured wind gusts to 37 knots and seas to around 8 feet.,CSV
202308,30,300,202308,30,2100,183190,1119096,ATLANTIC SOUTH,87,2023,August,Marine Tropical Storm,Z,550,FLAGLER BEACH TO VOLUSIA-BREVARD COUNTY LINE 0-20NM,87550,MLB,30-AUG-23 03:00:00,EST-5,30-AUG-23 21:00:00,0,0,0,0,0.00K,0.00K,Official NWS Observations,NA,NA,NA,NA,NA,NA,NA,NA,NA,NA,NA,NA,NA,NA,NA,NA,NA,NA,NA,NA,NA,"Hurricane Idalia made landfall in Florida's Big Bend region as a major Category 3 hurricane. It then moved northeastward, moving into southern Georgia, before pushing into the Atlantic off of the southeast US coast. The storm brought widespread tropical storm-force gusts to the east central Florida waters, as well as large seas.",Hurricane Idalia's landfall along the Big Bend region led to widespread tropical storm-force wind gusts over the Atlantic waters of east central Florida. The Daytona Beach International Airport measured a 39 knot peak wind gust. Buoy 41009 in the offshore Brevard waters measured wind gusts to 37 knots and seas to around 8 feet. Similar conditions likely occurred in the nearshore waters of Volusia County.,CSV
202308,30,200,202308,30,1000,184688,1133524,GULF OF MEXICO,85,2023,August,Marine Tropical Storm,Z,752,COASTAL WATERS FROM MEXICO BEACH TO APALACHICOLA OUT 20 NM,85752,TAE,30-AUG-23 02:00:00,EST-5,30-AUG-23 10:00:00,0,0,0,0,0.00K,0.00K,Official NWS Observations,NA,NA,NA,NA,NA,NA,NA,NA,NA,NA,NA,NA,NA,NA,NA,NA,NA,NA,NA,NA,NA,"Hurricane Idalia made landfall on the morning of August 30th along the coast of Taylor County Florida near Keaton Beach at approximately 745 am EDT. The hurricane made landfall with estimated sustained winds of 125 mph, making it a Category 3 hurricane on the Saffir-Simpson Hurricane Wind Scale, the first major hurricane on record to make landfall in this portion of Florida. Hurricane conditions occurred in Apalachee Bay with tropical storm conditions occurring farther west.",NA,CSV
202308,30,1658,202308,30,1658,185436,1137707,ATLANTIC SOUTH,87,2023,August,Marine Tropical Storm,Z,330,CHARLESTON HARBOR,87330,CHS,30-AUG-23 16:58:00,EST-5,30-AUG-23 16:58:00,0,0,0,0,NA,NA,Amateur Radio,NA,NA,NA,NA,NA,NA,NA,NA,NA,NA,NA,NA,NA,NA,NA,NA,NA,NA,NA,NA,NA,"Idalia first developed into a tropical depression across the western Caribbean Sea near the Yucatan Peninsula on August 26th before slowly gaining strength and becoming a tropical storm on August 27th. The storm then began to take a northward track the next day, passing the western tip of Cuba while gaining strength. On August 29th, Idalia was upgraded to a Category 1 hurricane early in the morning, then intensified to a Category 2 hurricane later in the day while tracking across the southeast Gulf of Mexico. Idalia then continued to strengthen as it accelerated northward on August 30th, passing off the Florida Suncoast as a Category 2 hurricane, before rapidly intensifying to a major Category 4 hurricane while approaching the Big Ben region of Florida across the northeast Gulf of Mexico. Idalia then made landfall at 645 AM EST on August 30th about 20 miles south of Perry, Florida as a Category 3 hurricane with maximum sustained winds of 125 mph and a minimum central pressure of 949 mb.||Idalia continued to track north-northeast after landfall, eventually turning northeast and weakening to a strong tropical storm while traversing southeast Georgia and southeast South Carolina late morning through evening hours on August 30th. Minimum surface pressures of 985.4 mb at Hinesville, GA (KLHW), 984.6 mb at Charleston City, SC (CHLS1) and 983.3 mb at the Savannah Entrance Light across nearshore coastal waters were recorded as Idalia tracked across the local area. Idalia then continued tracking northeast away from the region, exiting into the western Atlantic just south of Myrtle Beach, SC during early morning hours on August 31st. Idalia then began an eastward path across the western Atlantic, becoming a post tropical cyclone by late day, before continuing a track toward Bermuda for the next couple days.||Across southeast Georgia and southeast South Carolina, the main impacts associated with Idalia included tropical storm force winds, heavy rain, storm surge and tornadoes. Tropical storm force winds gusts up to 40 to 69 mph (highest near coastal areas) aided with heavy rains led to numerous trees and power lines down across southeast Georgia and southeast South Carolina. On August 30th, a maximum sustained wind of 44 knots and peak wind gust of 60 knots was recorded at the Tybee Island South sensor (XTYE) in southeast Georgia while a maximum sustained wind of 41 knots was recorded at the Folly South End (XFSE) sensor and a peak wind gust of 58 knots was recorded at the Beaufort (XBUF) sensor in southeast South Carolina. Additionally, a maximum sustained wind of 49 knots and a peak wind gust of 60 knots was recorded at the Savannah Entrance Light (XSEL) across nearshore coastal waters. One indirect injury occurred due to tropical storm winds when a vehicle collided with a fallen tree in Effingham County, GA. No fatalities occurred due to tropical storm winds across the area.||Storm total rainfall amounts generally ranged between 1 to 2 inches across coastal areas of southeast Georgia, 2 to 4 inches along and east of Interstate 95 across southeast South Carolina and 4 to 9 inches across far inland areas of southeast Georgia and areas west of Interstate 95 in southeast South Carolina. A peak storm total rainfall of 9.05 inches was recorded near Smoaks, South Carolina while a peak storm total rainfall of 8.28 inches was recorded near Metter, Georgia. Heavy rains across inland areas led to instances of flash flooding with numerous roads washed out, water entering a few structures and 2 vehicles being swept off roadways. No injuries or fatalities occurred due to heavy rain/flash flooding across the area.||Idalia's passage was coincident with high tide, resulting in storm surge generally between 2 to 3.5 ft along the southeast South Carolina coast. A maximum tide level of 3.47 ft MHHW (9.23 ft MLLW) was observed at the Charleston Harbor (CHTS1) tide gauge at 718 PM EST on August 30th, making it the 5th highest tide on record for that location. Damage/inundation from storm surge crossing roads, entering properties and flooding structures was most notable along the Charleston, Colleton, and Beaufort County coasts, mainly in the McClellanville, Isle of Palms, Mount Pleasant, Folly Beach, Downtown Charleston, Edisto Island and Saint Helena Island communities/areas. Peak storm surge (3.5 ft) was noted along areas adjacent to the Ashley River and the Charleston Harbor in Charleston County. Further south, a maximum tide level of 1.95 ft MHHW (9.45 ft MLLW) was observed at the Fort Pulaski (FPKG1) tide gauge at 654 PM EST on August 29th, which was consistent with water levels that typically do not produce significant impacts along the southeast Georgia coast. No injuries or fatalities occurred due to storm surge across the area.||A total of 6 tropical related tornadoes occurred across southeast Georgia into southeast South Carolina within rainbands associated with Idalia. One short-lived EF0 tornado occurred in Liberty County across southeast Georgia, mainly producing tree damage. Another EF0 tornado occurred in Charleston County across southeast South Carolina, downing/uprooting trees and producing minor roof damage to homes and vehicles in Mount Pleasant. Two waterspouts also shifted onshore along the northern end of Folly Beach in Charleston County, but were short-lived and caused no discernable damage. Two tornadoes occurred in Berkeley County across southeast South Carolina, one being an EF1 tornado that snapped/uprooted numerous trees along its path in the Francis Marion Forest and the second being a short-lived EF0 tornado that flipped a vehicle over on a highly traveled road in Goose Creek, SC. Two injuries resulted from the flipped vehicle. No fatalities occurred due to tornadoes across the area.",An amateur radio operator reported people being rescued from a shrimp boat in the Charleston Harbor during Tropical Storm Idalia.,CSV
202308,30,1800,202308,30,1900,185436,1137609,ATLANTIC SOUTH,87,2023,August,Marine Tropical Storm,Z,330,CHARLESTON HARBOR,87330,CHS,30-AUG-23 18:00:00,EST-5,30-AUG-23 19:00:00,0,0,0,0,NA,NA,Newspaper,NA,NA,NA,NA,NA,NA,NA,NA,NA,NA,NA,NA,NA,NA,NA,NA,NA,NA,NA,NA,NA,"Idalia first developed into a tropical depression across the western Caribbean Sea near the Yucatan Peninsula on August 26th before slowly gaining strength and becoming a tropical storm on August 27th. The storm then began to take a northward track the next day, passing the western tip of Cuba while gaining strength. On August 29th, Idalia was upgraded to a Category 1 hurricane early in the morning, then intensified to a Category 2 hurricane later in the day while tracking across the southeast Gulf of Mexico. Idalia then continued to strengthen as it accelerated northward on August 30th, passing off the Florida Suncoast as a Category 2 hurricane, before rapidly intensifying to a major Category 4 hurricane while approaching the Big Ben region of Florida across the northeast Gulf of Mexico. Idalia then made landfall at 645 AM EST on August 30th about 20 miles south of Perry, Florida as a Category 3 hurricane with maximum sustained winds of 125 mph and a minimum central pressure of 949 mb.||Idalia continued to track north-northeast after landfall, eventually turning northeast and weakening to a strong tropical storm while traversing southeast Georgia and southeast South Carolina late morning through evening hours on August 30th. Minimum surface pressures of 985.4 mb at Hinesville, GA (KLHW), 984.6 mb at Charleston City, SC (CHLS1) and 983.3 mb at the Savannah Entrance Light across nearshore coastal waters were recorded as Idalia tracked across the local area. Idalia then continued tracking northeast away from the region, exiting into the western Atlantic just south of Myrtle Beach, SC during early morning hours on August 31st. Idalia then began an eastward path across the western Atlantic, becoming a post tropical cyclone by late day, before continuing a track toward Bermuda for the next couple days.||Across southeast Georgia and southeast South Carolina, the main impacts associated with Idalia included tropical storm force winds, heavy rain, storm surge and tornadoes. Tropical storm force winds gusts up to 40 to 69 mph (highest near coastal areas) aided with heavy rains led to numerous trees and power lines down across southeast Georgia and southeast South Carolina. On August 30th, a maximum sustained wind of 44 knots and peak wind gust of 60 knots was recorded at the Tybee Island South sensor (XTYE) in southeast Georgia while a maximum sustained wind of 41 knots was recorded at the Folly South End (XFSE) sensor and a peak wind gust of 58 knots was recorded at the Beaufort (XBUF) sensor in southeast South Carolina. Additionally, a maximum sustained wind of 49 knots and a peak wind gust of 60 knots was recorded at the Savannah Entrance Light (XSEL) across nearshore coastal waters. One indirect injury occurred due to tropical storm winds when a vehicle collided with a fallen tree in Effingham County, GA. No fatalities occurred due to tropical storm winds across the area.||Storm total rainfall amounts generally ranged between 1 to 2 inches across coastal areas of southeast Georgia, 2 to 4 inches along and east of Interstate 95 across southeast South Carolina and 4 to 9 inches across far inland areas of southeast Georgia and areas west of Interstate 95 in southeast South Carolina. A peak storm total rainfall of 9.05 inches was recorded near Smoaks, South Carolina while a peak storm total rainfall of 8.28 inches was recorded near Metter, Georgia. Heavy rains across inland areas led to instances of flash flooding with numerous roads washed out, water entering a few structures and 2 vehicles being swept off roadways. No injuries or fatalities occurred due to heavy rain/flash flooding across the area.||Idalia's passage was coincident with high tide, resulting in storm surge generally between 2 to 3.5 ft along the southeast South Carolina coast. A maximum tide level of 3.47 ft MHHW (9.23 ft MLLW) was observed at the Charleston Harbor (CHTS1) tide gauge at 718 PM EST on August 30th, making it the 5th highest tide on record for that location. Damage/inundation from storm surge crossing roads, entering properties and flooding structures was most notable along the Charleston, Colleton, and Beaufort County coasts, mainly in the McClellanville, Isle of Palms, Mount Pleasant, Folly Beach, Downtown Charleston, Edisto Island and Saint Helena Island communities/areas. Peak storm surge (3.5 ft) was noted along areas adjacent to the Ashley River and the Charleston Harbor in Charleston County. Further south, a maximum tide level of 1.95 ft MHHW (9.45 ft MLLW) was observed at the Fort Pulaski (FPKG1) tide gauge at 654 PM EST on August 29th, which was consistent with water levels that typically do not produce significant impacts along the southeast Georgia coast. No injuries or fatalities occurred due to storm surge across the area.||A total of 6 tropical related tornadoes occurred across southeast Georgia into southeast South Carolina within rainbands associated with Idalia. One short-lived EF0 tornado occurred in Liberty County across southeast Georgia, mainly producing tree damage. Another EF0 tornado occurred in Charleston County across southeast South Carolina, downing/uprooting trees and producing minor roof damage to homes and vehicles in Mount Pleasant. Two waterspouts also shifted onshore along the northern end of Folly Beach in Charleston County, but were short-lived and caused no discernable damage. Two tornadoes occurred in Berkeley County across southeast South Carolina, one being an EF1 tornado that snapped/uprooted numerous trees along its path in the Francis Marion Forest and the second being a short-lived EF0 tornado that flipped a vehicle over on a highly traveled road in Goose Creek, SC. Two injuries resulted from the flipped vehicle. No fatalities occurred due to tornadoes across the area.","The Post and Courier reported an unmoored sailboat and blue houseboat colliding with the Highway 17 bridges connecting Downtown Charleston to West Ashley, South Carolina during Tropical Storm Idalia.",CSV
202308,22,600,202308,22,1200,185120,1134143,GULF OF MEXICO,85,2023,August,Marine Tropical Storm,Z,270,PT ARANSAS TO BAFFIN BAY TX 20 TO 60NM,85270,CRP,22-AUG-23 06:00:00,CST-6,22-AUG-23 12:00:00,0,0,0,0,0.00K,0.00K,Official NWS Observations,NA,NA,NA,NA,NA,NA,NA,NA,NA,NA,NA,NA,NA,NA,NA,NA,NA,NA,NA,NA,NA,Tropical Storm Harold moved west across the coastal waters of the Middle Texas coast on the 22nd. An area of low pressure developed over the central Gulf of Mexico on the 21st. A large area of high pressure over the central United States into the northern Gulf Coast steered the system quickly westward toward the Middle Texas coast. The low strengthened into Tropical Storm Harold by the early morning hours of the 22nd. Harold increased in strength and made landfall south of Baffin Bay as a 50 mph tropical storm during the late morning.,"Satellite and radar observations indicated Tropical Storm Harold moved across the coastal waters during the morning hours. NDBC buoy 60 nautical miles southeast of Port Aransas, just south of this region, reported wind gusts to 50 knots.",CSV
202308,22,1000,202308,22,1500,185120,1134150,GULF OF MEXICO,85,2023,August,Marine Tropical Storm,Z,237,"SAN ANTONIO, MESQUITE, AND ESPIRITU SANTO BAYS",85237,CRP,22-AUG-23 10:00:00,CST-6,22-AUG-23 15:00:00,0,0,0,0,0.00K,0.00K,Mesonet,NA,NA,NA,NA,NA,NA,NA,NA,NA,NA,NA,NA,NA,NA,NA,NA,NA,NA,NA,NA,NA,Tropical Storm Harold moved west across the coastal waters of the Middle Texas coast on the 22nd. An area of low pressure developed over the central Gulf of Mexico on the 21st. A large area of high pressure over the central United States into the northern Gulf Coast steered the system quickly westward toward the Middle Texas coast. The low strengthened into Tropical Storm Harold by the early morning hours of the 22nd. Harold increased in strength and made landfall south of Baffin Bay as a 50 mph tropical storm during the late morning.,Satellite and radar observations indicated tropical storm force wind gusts occurred over the region as Tropical Storm Harold moved toward a landfall south of Baffin Bay. Mesonet observations indicated tropical storm force wind gusts occurred. Winds gusted as high as 35 knots (40 mph) at TCOON mesonet site in Port O'Connor.,CSV
202308,22,900,202308,22,1500,185120,1134149,GULF OF MEXICO,85,2023,August,Marine Tropical Storm,Z,236,"COPANO, ARANSAS, AND REDFISH BAYS",85236,CRP,22-AUG-23 09:00:00,CST-6,22-AUG-23 15:00:00,0,0,0,0,0.00K,0.00K,ASOS,NA,NA,NA,NA,NA,NA,NA,NA,NA,NA,NA,NA,NA,NA,NA,NA,NA,NA,NA,NA,NA,Tropical Storm Harold moved west across the coastal waters of the Middle Texas coast on the 22nd. An area of low pressure developed over the central Gulf of Mexico on the 21st. A large area of high pressure over the central United States into the northern Gulf Coast steered the system quickly westward toward the Middle Texas coast. The low strengthened into Tropical Storm Harold by the early morning hours of the 22nd. Harold increased in strength and made landfall south of Baffin Bay as a 50 mph tropical storm during the late morning.,Satellite and radar observations indicated tropical storm force wind gusts occurred over the region as Tropical Storm Harold moved toward a landfall south of Baffin Bay. Mesonet observations indicated tropical storm force wind gusts occurred. Winds gusted as high as 46 knots (53 mph) at the Rockport-Aransas County Airport.,CSV
202308,22,700,202308,22,1200,185120,1134145,GULF OF MEXICO,85,2023,August,Marine Tropical Storm,Z,255,MATAGORDA SHIP CHNL TO PT ARANSAS OUT 20NM,85255,CRP,22-AUG-23 07:00:00,CST-6,22-AUG-23 12:00:00,0,0,0,0,0.00K,0.00K,Official NWS Observations,NA,NA,NA,NA,NA,NA,NA,NA,NA,NA,NA,NA,NA,NA,NA,NA,NA,NA,NA,NA,NA,Tropical Storm Harold moved west across the coastal waters of the Middle Texas coast on the 22nd. An area of low pressure developed over the central Gulf of Mexico on the 21st. A large area of high pressure over the central United States into the northern Gulf Coast steered the system quickly westward toward the Middle Texas coast. The low strengthened into Tropical Storm Harold by the early morning hours of the 22nd. Harold increased in strength and made landfall south of Baffin Bay as a 50 mph tropical storm during the late morning.,Satellite and radar observations indicated tropical storm force wind gusts occurred over the region during the morning hours as Tropical Storm Harold moved toward a landfall south of Baffin Bay. Mesonet observations indicated tropical storm force wind gusts occurred. Winds gusted as high as 35 knots (40 mph) at the RAWS site on Matagorda Island.,CSV
202308,22,700,202308,22,1400,185120,1134146,GULF OF MEXICO,85,2023,August,Marine Tropical Storm,Z,250,PT ARANSAS TO BAFFIN BAY TX OUT 20NM,85250,CRP,22-AUG-23 07:00:00,CST-6,22-AUG-23 14:00:00,0,0,0,0,0.00K,0.00K,Mesonet,NA,NA,NA,NA,NA,NA,NA,NA,NA,NA,NA,NA,NA,NA,NA,NA,NA,NA,NA,NA,NA,Tropical Storm Harold moved west across the coastal waters of the Middle Texas coast on the 22nd. An area of low pressure developed over the central Gulf of Mexico on the 21st. A large area of high pressure over the central United States into the northern Gulf Coast steered the system quickly westward toward the Middle Texas coast. The low strengthened into Tropical Storm Harold by the early morning hours of the 22nd. Harold increased in strength and made landfall south of Baffin Bay as a 50 mph tropical storm during the late morning.,Satellite and radar observations indicated tropical storm force wind gusts occurred over the region as Tropical Storm Harold moved toward a landfall south of Baffin Bay. Mesonet observations indicated tropical storm force wind gusts occurred. Winds gusted as high as 47 knots (54 mph) at mesonet site on north Padre Island.,CSV
202308,22,800,202308,22,1500,185120,1134148,GULF OF MEXICO,85,2023,August,Marine Tropical Storm,Z,232,CORPUS CHRISTI AND NUECES BAYS,85232,CRP,22-AUG-23 08:00:00,CST-6,22-AUG-23 15:00:00,0,0,0,0,0.00K,0.00K,ASOS,NA,NA,NA,NA,NA,NA,NA,NA,NA,NA,NA,NA,NA,NA,NA,NA,NA,NA,NA,NA,NA,Tropical Storm Harold moved west across the coastal waters of the Middle Texas coast on the 22nd. An area of low pressure developed over the central Gulf of Mexico on the 21st. A large area of high pressure over the central United States into the northern Gulf Coast steered the system quickly westward toward the Middle Texas coast. The low strengthened into Tropical Storm Harold by the early morning hours of the 22nd. Harold increased in strength and made landfall south of Baffin Bay as a 50 mph tropical storm during the late morning.,Satellite and radar observations indicated tropical storm force wind gusts occurred over the region during the morning hours as Tropical Storm Harold moved toward a landfall south of Baffin Bay. Mesonet observations indicated tropical storm force wind gusts occurred. Winds gusted as high as 55 knots (63 mph) at the Naval Air Station in Corpus Christi.,CSV
202308,22,800,202308,22,1500,185120,1134147,GULF OF MEXICO,85,2023,August,Marine Tropical Storm,Z,231,BAFFIN BAY AND UPPER LAGUNA MADRE,85231,CRP,22-AUG-23 08:00:00,CST-6,22-AUG-23 15:00:00,0,0,0,0,0.00K,0.00K,Mesonet,NA,NA,NA,NA,NA,NA,NA,NA,NA,NA,NA,NA,NA,NA,NA,NA,NA,NA,NA,NA,NA,Tropical Storm Harold moved west across the coastal waters of the Middle Texas coast on the 22nd. An area of low pressure developed over the central Gulf of Mexico on the 21st. A large area of high pressure over the central United States into the northern Gulf Coast steered the system quickly westward toward the Middle Texas coast. The low strengthened into Tropical Storm Harold by the early morning hours of the 22nd. Harold increased in strength and made landfall south of Baffin Bay as a 50 mph tropical storm during the late morning.,Satellite and radar observations indicated tropical storm force wind gusts occurred over the region as Tropical Storm Harold moved toward a landfall south of Baffin Bay. Mesonet observations indicated tropical storm force wind gusts occurred. Winds gusted as high as 58 knots (67 mph) at Loyola Beach and 48 knots at Baffin Bay.,CSV
202308,22,600,202308,22,1400,185120,1134144,GULF OF MEXICO,85,2023,August,Marine Tropical Storm,Z,275,MATAGORDA SHIP CHNL TO PT ARANSAS TX 20NM to 60NM,85275,CRP,22-AUG-23 06:00:00,CST-6,22-AUG-23 14:00:00,0,0,0,0,0.00K,0.00K,Official NWS Observations,NA,NA,NA,NA,NA,NA,NA,NA,NA,NA,NA,NA,NA,NA,NA,NA,NA,NA,NA,NA,NA,Tropical Storm Harold moved west across the coastal waters of the Middle Texas coast on the 22nd. An area of low pressure developed over the central Gulf of Mexico on the 21st. A large area of high pressure over the central United States into the northern Gulf Coast steered the system quickly westward toward the Middle Texas coast. The low strengthened into Tropical Storm Harold by the early morning hours of the 22nd. Harold increased in strength and made landfall south of Baffin Bay as a 50 mph tropical storm during the late morning.,Satellite and radar observations indicated tropical storm force wind gusts occurred over the region during the morning hours as Tropical Storm Harold moved toward a landfall south of Baffin Bay.,CSV
202309,22,1840,202309,23,530,186018,1143183,ATLANTIC NORTH,88,2023,September,Marine Tropical Storm,Z,636,YORK RIVER,88636,AKQ,22-SEP-23 18:40:00,EST-5,23-SEP-23 05:30:00,0,0,0,0,0.00K,0.00K,Mesonet,NA,NA,NA,NA,NA,NA,NA,NA,NA,NA,NA,NA,NA,NA,NA,NA,NA,NA,NA,NA,NA,"Tropical Storm Ophelia made landfall in Emerald Island, NC (in the southeast part of the state) at 6:20 AM on Saturday, 9/23 as a tropical storm with 70 mph winds. Ophelia gradually weakened (and lost tropical characteristics) as it tracked northward toward the Wakefield CWA during the day on Saturday. Ophelia tracked northward roughly along the I-95 corridor during the afternoon and evening hours on Saturday, reaching the Richmond Metro Area while weakening to a depression. Ophelia became an post-tropical cyclone shortly thereafter and exited to the north/northeast on Sunday. Northeast winds gusted as high as 50-65 mph near the VA/NC coast well in advance of Ophelia Friday evening into early Saturday morning (due to a tight gradient between high pressure over New England and the tropical storm to the south), with 25-45 mph gusts farther inland. Winds turned to the SE near the coast on Saturday and a few gusts to 40-45 mph were observed (while winds remained northeast inland west of the low track).",The Yorktown NOS/COOPS site measured tropical storm force winds of 34 to 40 knots between 6:40 PM EST on September 22 and 5:30 AM EST on September 23 from Tropical Storm Ophelia.,CSV
202309,22,1340,202309,23,900,186015,1143180,ATLANTIC NORTH,88,2023,September,Marine Tropical Storm,Z,650,FENWICK IS DE TO CHINCOTEAGUE VA OUT 20NM,88650,AKQ,22-SEP-23 13:40:00,EST-5,23-SEP-23 09:00:00,0,0,0,0,0.00K,0.00K,Mesonet,NA,NA,NA,NA,NA,NA,NA,NA,NA,NA,NA,NA,NA,NA,NA,NA,NA,NA,NA,NA,NA,"Tropical Storm Ophelia made landfall in Emerald Island, NC (in the southeast part of the state) at 6:20 AM on Saturday, 9/23 as a tropical storm with 70 mph winds. Ophelia gradually weakened (and lost tropical characteristics) as it tracked northward toward the Wakefield CWA during the day on Saturday. Ophelia tracked northward roughly along the I-95 corridor during the afternoon and evening hours on Saturday, reaching the Richmond Metro Area while weakening to a depression. Ophelia became an post-tropical cyclone shortly thereafter and exited to the north/northeast on Sunday. Northeast winds gusted as high as 50-65 mph near the VA/NC coast well in advance of Ophelia Friday evening into early Saturday morning (due to a tight gradient between high pressure over New England and the tropical storm to the south), with 25-45 mph gusts farther inland. Winds turned to the SE near the coast on Saturday and a few gusts to 40-45 mph were observed (while winds remained northeast inland west of the low track).",The Ocean City pier mesonet measured tropical storm force winds of 34 to 51 knots between 1:40 PM EST on September 22 and 9 AM EST on September 23 due to Tropical Storm Ophelia.,CSV
202309,22,1140,202309,23,1520,186016,1143177,ATLANTIC NORTH,88,2023,September,Marine Tropical Storm,Z,658,NC-VA BDR TO CURRITUCK BEACH LT OUT 20NM,88658,AKQ,22-SEP-23 11:40:00,EST-5,23-SEP-23 15:20:00,0,0,0,0,0.00K,0.00K,Mesonet,NA,NA,NA,NA,NA,NA,NA,NA,NA,NA,NA,NA,NA,NA,NA,NA,NA,NA,NA,NA,NA,"Tropical Storm Ophelia made landfall in Emerald Island, NC (in the southeast part of the state) at 6:20 AM on Saturday, 9/23 as a tropical storm with 70 mph winds. Ophelia gradually weakened (and lost tropical characteristics) as it tracked northward toward the Wakefield CWA during the day on Saturday. Ophelia tracked northward roughly along the I-95 corridor during the afternoon and evening hours on Saturday, reaching the Richmond Metro Area while weakening to a depression. Ophelia became an post-tropical cyclone shortly thereafter and exited to the north/northeast on Sunday. Northeast winds gusted as high as 50-65 mph near the VA/NC coast well in advance of Ophelia Friday evening into early Saturday morning (due to a tight gradient between high pressure over New England and the tropical storm to the south), with 25-45 mph gusts farther inland. Winds turned to the SE near the coast on Saturday and a few gusts to 40-45 mph were observed (while winds remained northeast inland west of the low track).",The Duck Pier NOS/COOPS site measured tropical storm force winds of 34 to 49 knots between 11:40 AM EST on September 22 and 3:20 PM EST on September 23rd from Tropical Storm Ophelia.,CSV
202309,22,1420,202309,23,1100,186019,1143174,ATLANTIC NORTH,88,2023,September,Marine Tropical Storm,Z,633,CURRITUCK SOUND,88633,AKQ,22-SEP-23 14:20:00,EST-5,23-SEP-23 11:00:00,0,0,0,0,0.00K,0.00K,Mesonet,NA,NA,NA,NA,NA,NA,NA,NA,NA,NA,NA,NA,NA,NA,NA,NA,NA,NA,NA,NA,NA,"Tropical Storm Ophelia made landfall in Emerald Island, NC (in the southeast part of the state) at 6:20 AM on Saturday, 9/23 as a tropical storm with 70 mph winds. Ophelia gradually weakened (and lost tropical characteristics) as it tracked northward toward the Wakefield CWA during the day on Saturday. Ophelia tracked northward roughly along the I-95 corridor during the afternoon and evening hours on Saturday, reaching the Richmond Metro Area while weakening to a depression. Ophelia became an post-tropical cyclone shortly thereafter and exited to the north/northeast on Sunday. Northeast winds gusted as high as 50-65 mph near the VA/NC coast well in advance of Ophelia Friday evening into early Saturday morning (due to a tight gradient between high pressure over New England and the tropical storm to the south), with 25-45 mph gusts farther inland. Winds turned to the SE near the coast on Saturday and a few gusts to 40-45 mph were observed (while winds remained northeast inland west of the low track).",A Tempest mesonet site at South Waterlily Road along the shore of the Currituck Sound measured tropical storm force winds of 40 to 55 knots between 2:20 PM EST on the September 22 and 11 AM EST on September 23 due to Tropical Storm Ophelia.,CSV
202309,22,1250,202309,23,1750,186017,1143187,ATLANTIC NORTH,88,2023,September,Marine Tropical Storm,Z,634,"CHESAPEAKE BAY FROM LITTLE CREEK, VA, TO CAPE HENRY, VA, INCLUDING THE CHESAPEAKE BAY BRIDGE TUNNEL",88634,AKQ,22-SEP-23 12:50:00,EST-5,23-SEP-23 17:50:00,0,0,0,0,0.00K,0.00K,Mesonet,NA,NA,NA,NA,NA,NA,NA,NA,NA,NA,NA,NA,NA,NA,NA,NA,NA,NA,NA,NA,NA,"Tropical Storm Ophelia made landfall in Emerald Island, NC (in the southeast part of the state) at 6:20 AM on Saturday, 9/23 as a tropical storm with 70 mph winds. Ophelia gradually weakened (and lost tropical characteristics) as it tracked northward toward the Wakefield CWA during the day on Saturday. Ophelia tracked northward roughly along the I-95 corridor during the afternoon and evening hours on Saturday, reaching the Richmond Metro Area while weakening to a depression. Ophelia became an post-tropical cyclone shortly thereafter and exited to the north/northeast on Sunday. Northeast winds gusted as high as 50-65 mph near the VA/NC coast well in advance of Ophelia Friday evening into early Saturday morning (due to a tight gradient between high pressure over New England and the tropical storm to the south), with 25-45 mph gusts farther inland. Winds turned to the SE near the coast on Saturday and a few gusts to 40-45 mph were observed (while winds remained northeast inland west of the low track).","Several mesonets across the mouth of the Chesapeake Bay including 3rd Island, First Landing, and Lynnhaven Inlet Light measured tropical storm force winds of 34 to 54 knots between 12:50 PM EST on September 22 to 5:50 PM EST on September 23 from Tropical Storm Ophelia.",CSV
202309,22,1400,202309,23,710,186017,1143192,ATLANTIC NORTH,88,2023,September,Marine Tropical Storm,Z,631,CHESAPEAKE BAY WINDMILL PT TO NEW PT COMFORT VA,88631,AKQ,22-SEP-23 14:00:00,EST-5,23-SEP-23 07:10:00,0,0,0,0,0.00K,0.00K,Mesonet,NA,NA,NA,NA,NA,NA,NA,NA,NA,NA,NA,NA,NA,NA,NA,NA,NA,NA,NA,NA,NA,"Tropical Storm Ophelia made landfall in Emerald Island, NC (in the southeast part of the state) at 6:20 AM on Saturday, 9/23 as a tropical storm with 70 mph winds. Ophelia gradually weakened (and lost tropical characteristics) as it tracked northward toward the Wakefield CWA during the day on Saturday. Ophelia tracked northward roughly along the I-95 corridor during the afternoon and evening hours on Saturday, reaching the Richmond Metro Area while weakening to a depression. Ophelia became an post-tropical cyclone shortly thereafter and exited to the north/northeast on Sunday. Northeast winds gusted as high as 50-65 mph near the VA/NC coast well in advance of Ophelia Friday evening into early Saturday morning (due to a tight gradient between high pressure over New England and the tropical storm to the south), with 25-45 mph gusts farther inland. Winds turned to the SE near the coast on Saturday and a few gusts to 40-45 mph were observed (while winds remained northeast inland west of the low track).",Several mesonet stations across the middle Chesapeake Bay including New Point Comfort and Rappahannock Shoal measured tropical storm force winds of 34 to 48 knots between 2 PM EST on September 22 and 7:10 AM EST on September 23 from Tropical Storm Ophelia.,CSV
202309,22,1400,202309,23,350,186017,1143190,ATLANTIC NORTH,88,2023,September,Marine Tropical Storm,Z,632,"MOUTH OF CHESAPEAKE BAY FROM NEW POINT COMFORT TO LITTLE CREEK, VA",88632,AKQ,22-SEP-23 14:00:00,EST-5,23-SEP-23 03:50:00,0,0,0,0,0.00K,0.00K,Mesonet,NA,NA,NA,NA,NA,NA,NA,NA,NA,NA,NA,NA,NA,NA,NA,NA,NA,NA,NA,NA,NA,"Tropical Storm Ophelia made landfall in Emerald Island, NC (in the southeast part of the state) at 6:20 AM on Saturday, 9/23 as a tropical storm with 70 mph winds. Ophelia gradually weakened (and lost tropical characteristics) as it tracked northward toward the Wakefield CWA during the day on Saturday. Ophelia tracked northward roughly along the I-95 corridor during the afternoon and evening hours on Saturday, reaching the Richmond Metro Area while weakening to a depression. Ophelia became an post-tropical cyclone shortly thereafter and exited to the north/northeast on Sunday. Northeast winds gusted as high as 50-65 mph near the VA/NC coast well in advance of Ophelia Friday evening into early Saturday morning (due to a tight gradient between high pressure over New England and the tropical storm to the south), with 25-45 mph gusts farther inland. Winds turned to the SE near the coast on Saturday and a few gusts to 40-45 mph were observed (while winds remained northeast inland west of the low track).",Several mesonets across the lower Chesapeake Bay including Thimble Shoals and York Spit (CBIBS) measured tropical storm force winds of 34 to 53 knots between 2 PM EST on September 22 and 3:50 AM EST on September 23 from Tropical Storm Ophelia.,CSV
202309,22,1330,202309,23,730,186017,1143196,ATLANTIC NORTH,88,2023,September,Marine Tropical Storm,Z,630,CHESAPEAKE BAY SMITH PT TO WINDMILL PT VA,88630,AKQ,22-SEP-23 13:30:00,EST-5,23-SEP-23 07:30:00,0,0,0,0,0.00K,0.00K,Mesonet,NA,NA,NA,NA,NA,NA,NA,NA,NA,NA,NA,NA,NA,NA,NA,NA,NA,NA,NA,NA,NA,"Tropical Storm Ophelia made landfall in Emerald Island, NC (in the southeast part of the state) at 6:20 AM on Saturday, 9/23 as a tropical storm with 70 mph winds. Ophelia gradually weakened (and lost tropical characteristics) as it tracked northward toward the Wakefield CWA during the day on Saturday. Ophelia tracked northward roughly along the I-95 corridor during the afternoon and evening hours on Saturday, reaching the Richmond Metro Area while weakening to a depression. Ophelia became an post-tropical cyclone shortly thereafter and exited to the north/northeast on Sunday. Northeast winds gusted as high as 50-65 mph near the VA/NC coast well in advance of Ophelia Friday evening into early Saturday morning (due to a tight gradient between high pressure over New England and the tropical storm to the south), with 25-45 mph gusts farther inland. Winds turned to the SE near the coast on Saturday and a few gusts to 40-45 mph were observed (while winds remained northeast inland west of the low track).",Tropical storm force winds of 34 to 48 knots were measured across the upper Chesapeake Bay at Tangier Sound Light from 1:30 PM EST on September 22 to 7:30 AM EST on September 23 from Tropical Storm Ophelia.,CSV
202309,22,1200,202309,23,400,186018,1143181,ATLANTIC NORTH,88,2023,September,Marine Tropical Storm,Z,638,JAMES RIVER FROM JAMES RIVER BRIDGE TO HAMPTON ROADS BRIDGE-TUNNEL,88638,AKQ,22-SEP-23 12:00:00,EST-5,23-SEP-23 04:00:00,0,0,0,0,0.00K,0.00K,Mesonet,NA,NA,NA,NA,NA,NA,NA,NA,NA,NA,NA,NA,NA,NA,NA,NA,NA,NA,NA,NA,NA,"Tropical Storm Ophelia made landfall in Emerald Island, NC (in the southeast part of the state) at 6:20 AM on Saturday, 9/23 as a tropical storm with 70 mph winds. Ophelia gradually weakened (and lost tropical characteristics) as it tracked northward toward the Wakefield CWA during the day on Saturday. Ophelia tracked northward roughly along the I-95 corridor during the afternoon and evening hours on Saturday, reaching the Richmond Metro Area while weakening to a depression. Ophelia became an post-tropical cyclone shortly thereafter and exited to the north/northeast on Sunday. Northeast winds gusted as high as 50-65 mph near the VA/NC coast well in advance of Ophelia Friday evening into early Saturday morning (due to a tight gradient between high pressure over New England and the tropical storm to the south), with 25-45 mph gusts farther inland. Winds turned to the SE near the coast on Saturday and a few gusts to 40-45 mph were observed (while winds remained northeast inland west of the low track).",Middle Ground Lighthouse and Hampton Flats in the James River measured tropical storm force winds of 34 to 48 knots between 12 PM EST on September 22 and 4 AM EST on September 23 from Tropical Storm Ophelia.,CSV
202309,22,1200,202309,23,1600,186014,1143179,ATLANTIC NORTH,88,2023,September,Marine Tropical Storm,Z,656,CP CHARLES LT VA TO NC-VA BDR OUT 20NM,88656,AKQ,22-SEP-23 12:00:00,EST-5,23-SEP-23 16:00:00,0,0,0,0,0.00K,0.00K,Mesonet,NA,NA,NA,NA,NA,NA,NA,NA,NA,NA,NA,NA,NA,NA,NA,NA,NA,NA,NA,NA,NA,"Tropical Storm Ophelia made landfall in Emerald Island, NC (in the southeast part of the state) at 6:20 AM on Saturday, 9/23 as a tropical storm with 70 mph winds. Ophelia gradually weakened (and lost tropical characteristics) as it tracked northward toward the Wakefield CWA during the day on Saturday. Ophelia tracked northward roughly along the I-95 corridor during the afternoon and evening hours on Saturday, reaching the Richmond Metro Area while weakening to a depression. Ophelia became an post-tropical cyclone shortly thereafter and exited to the north/northeast on Sunday. Northeast winds gusted as high as 50-65 mph near the VA/NC coast well in advance of Ophelia Friday evening into early Saturday morning (due to a tight gradient between high pressure over New England and the tropical storm to the south), with 25-45 mph gusts farther inland. Winds turned to the SE near the coast on Saturday and a few gusts to 40-45 mph were observed (while winds remained northeast inland west of the low track).",The Rudee Inlet mesonet and the Chesapeake Light Tower measured tropical storm forced winds of 34 to 55 knots between 12 PM EST on September 22 and 4 PM EST on September 23 due to Tropical Storm Ophelia.,CSV
202309,16,800,202309,16,2000,186229,1143059,ATLANTIC NORTH,88,2023,September,Marine Tropical Storm,Z,151,PENOBSCOT BAY,88151,GYX,16-SEP-23 08:00:00,EST-5,16-SEP-23 20:00:00,0,0,0,0,0.00K,0.00K,Buoy,NA,NA,NA,NA,NA,NA,NA,NA,NA,NA,NA,NA,NA,NA,NA,NA,NA,NA,NA,NA,NA,"Hurricane Lee was a category 1 hurricane as it traveled north through the eastern Gulf of Maine early on Saturday, September 16th, before it was reclassified as Post-Tropical Cyclone Lee during the morning hours. The storm center eventually made landfall near Long Island, Nova Scotia on the evening of September 16th and then again in New Brunswick later on Saturday night. Lee brought numerous wind gusts of 35 to 50 mph across the coastal waters along with large long period swells.","As Post-Tropical Lee traveled east of the coastal waters, strong northerly offshore winds impacted the coastal waters.  The Penobscot Bay Buoy had a sustained wind of 37kts with a peak gust of 49kts.  Two wave sets from the offshore locally generate waves battled the long period swell set from the southeast direction.  This led to choppy waters and a peak wave height of 7.7ft.",CSV
202309,16,800,202309,16,2000,186229,1143060,ATLANTIC NORTH,88,2023,September,Marine Tropical Storm,Z,153,CASCO BAY,88153,GYX,16-SEP-23 08:00:00,EST-5,16-SEP-23 20:00:00,0,0,0,0,0.00K,0.00K,Buoy,NA,NA,NA,NA,NA,NA,NA,NA,NA,NA,NA,NA,NA,NA,NA,NA,NA,NA,NA,NA,NA,"Hurricane Lee was a category 1 hurricane as it traveled north through the eastern Gulf of Maine early on Saturday, September 16th, before it was reclassified as Post-Tropical Cyclone Lee during the morning hours. The storm center eventually made landfall near Long Island, Nova Scotia on the evening of September 16th and then again in New Brunswick later on Saturday night. Lee brought numerous wind gusts of 35 to 50 mph across the coastal waters along with large long period swells.","As Post-Tropical Lee traveled east of the coastal waters, strong northerly offshore winds impacted the coastal waters.  The Casco Bay Buoy had a sustained wind of 33kts with a peak gust of 47kts.  Two wave sets from the offshore locally generate waves battled the long period swell set from the southeast direction.  This led to choppy waters and a peak wave height around 11ft.",CSV
202309,16,800,202309,16,2000,186229,1143062,ATLANTIC NORTH,88,2023,September,Marine Tropical Storm,Z,154,CAPE ELIZABETH ME TO MERRIMACK RIVER MA OUT 25 NM,88154,GYX,16-SEP-23 08:00:00,EST-5,16-SEP-23 20:00:00,0,0,0,0,0.00K,0.00K,Buoy,NA,NA,NA,NA,NA,NA,NA,NA,NA,NA,NA,NA,NA,NA,NA,NA,NA,NA,NA,NA,NA,"Hurricane Lee was a category 1 hurricane as it traveled north through the eastern Gulf of Maine early on Saturday, September 16th, before it was reclassified as Post-Tropical Cyclone Lee during the morning hours. The storm center eventually made landfall near Long Island, Nova Scotia on the evening of September 16th and then again in New Brunswick later on Saturday night. Lee brought numerous wind gusts of 35 to 50 mph across the coastal waters along with large long period swells.","As Post-Tropical Lee traveled east of the coastal waters, strong northerly offshore winds impacted the coastal waters.  The Western Maine Shelf Buoy had a sustained wind of 27kts with a peak gust of 35kts.  Two wave sets from the offshore locally generate waves battled the long period swell set from the southeast direction.  This led to choppy waters and a peak wave height around 11.6ft.",CSV
202309,16,800,202309,16,2000,186229,1143064,ATLANTIC NORTH,88,2023,September,Marine Tropical Storm,Z,150,STONINGTON ME TO PORT CLYDE ME OUT 25 NM,88150,GYX,16-SEP-23 08:00:00,EST-5,16-SEP-23 20:00:00,0,0,0,0,0.00K,0.00K,Buoy,NA,NA,NA,NA,NA,NA,NA,NA,NA,NA,NA,NA,NA,NA,NA,NA,NA,NA,NA,NA,NA,"Hurricane Lee was a category 1 hurricane as it traveled north through the eastern Gulf of Maine early on Saturday, September 16th, before it was reclassified as Post-Tropical Cyclone Lee during the morning hours. The storm center eventually made landfall near Long Island, Nova Scotia on the evening of September 16th and then again in New Brunswick later on Saturday night. Lee brought numerous wind gusts of 35 to 50 mph across the coastal waters along with large long period swells.","As Post-Tropical Lee traveled east of the coastal waters, strong northerly offshore winds impacted the coastal waters.  The Central Maine Shelf Buoy had a sustained wind of35kts with a peak gust of 45kts.  Two wave sets from the offshore locally generate waves battled the long period swell set from the southeast direction.  This led to choppy waters and a peak wave height around 8ft.",CSV
202309,16,800,202309,16,2000,186229,1143063,ATLANTIC NORTH,88,2023,September,Marine Tropical Storm,Z,152,PORT CLYDE ME TO CAPE ELIZABETH ME OUT 25 NM,88152,GYX,16-SEP-23 08:00:00,EST-5,16-SEP-23 20:00:00,0,0,0,0,0.00K,0.00K,Buoy,NA,NA,NA,NA,NA,NA,NA,NA,NA,NA,NA,NA,NA,NA,NA,NA,NA,NA,NA,NA,NA,"Hurricane Lee was a category 1 hurricane as it traveled north through the eastern Gulf of Maine early on Saturday, September 16th, before it was reclassified as Post-Tropical Cyclone Lee during the morning hours. The storm center eventually made landfall near Long Island, Nova Scotia on the evening of September 16th and then again in New Brunswick later on Saturday night. Lee brought numerous wind gusts of 35 to 50 mph across the coastal waters along with large long period swells.","As Post-Tropical Lee traveled east of the coastal waters, strong northerly offshore winds impacted the coastal waters.  The Casco Bay Buoy had a sustained wind of 35kts with a peak gust of 45kts.  Two wave sets from the offshore locally generate waves battled the long period swell set from the southeast direction.  This led to choppy waters and a peak wave height around 8ft.",CSV
202308,30,500,202308,30,1530,184041,1128999,ATLANTIC SOUTH,87,2023,August,Marine Tropical Storm,Z,454,ST AUGUSTINE TO FLAGLER BEACH FL OUT 20NM,87454,JAX,30-AUG-23 05:00:00,EST-5,30-AUG-23 15:30:00,0,0,0,0,0.00K,0.00K,Mesonet,NA,NA,NA,NA,NA,NA,NA,NA,NA,NA,NA,NA,NA,NA,NA,NA,NA,NA,NA,NA,NA,"Hurricane Idalia made landfall Wednesday morning August 30th around 745 AM EDT along the|Florida Big Bend near Keaton Beach as a category 3, with the inner core moving NE across the|Suwannee River Valley. The inner wind core of Idalia gradually weakened through the morning while,|heavily impacting Suwannee and Hamilton counties in NE Florida and Echols county SE Georgia as the|circulation tracked NE. Widespread tree, power line and structure damage occurred across Suwannee|and Hamilton counties, with estimated winds of 80-100 mph based on damage surveys with isolated|pockets of peak wind gusts near major hurricane strength. Outer rainbands on the eastside of Idalia|impacted all of SE Georgia and NE FL through the day, with early morning tornadoes across coastal SE|Georgia and widespread tropical cyclone wind gusts through the day causing tree damage and powerline damage at least somewhere across NE Florida and SE Georgia. Measured gusts during the peak of|the hurricane across the local forecast area were 60-80 mph. Flooding rainfall impacted locations in|the direct path of the weakening inner core across the Suwannee River Valley and southeast Georgia,|especially from eatern Hamilton county toward Baxley and Jesup GA. The peak rainfall amounts were|up to 5-8 inches. At least 3 tornadoes occurred in southeast GA as rainbands swept northwestward|ahead of the hurricane.","St. Johns County Coast: At 644 am, a mesonet station in Summerhouse measured a wind gust of 42 mph. Coastal gusts of 40-50 mph continued through the morning hours.  At 0730 am, a mesonet station in the City of St. Augustine measured a wind gust of 42 mph.  At 8 am, the C-Man station SAUF1 in St. Augustine measured a wind gust of 44 mph, then at 9 am that station measured a wind gust of 46 mph. At 942 am, the St. Augustine Airport AWOS measured a wind gust of 40 mph. At 1106 am, the AWOS at the airport measured a wind gust of 41 mph.  At 1140 am, the mesonet site in St. Augustine measure a wind gust of 46 mph. At 1210, the same site measured a wind gust of 47 mph.  At 307 pm, the AWOS station measured a gust of 43 mph.  At 350 pm, the mesonet site 2 miles SSE of South Ponte Vedra Beach at the St. Johns County Fire Station measured a wind gust of 45 mph. |||Flagler County Coast: |The first tropical storm force wind gust at the mesonet at Marineland measured a wind gust of 45 mph around 6 pm. Gusts of 40-45 mph continued at this location through the morning hours.  At 1011 am, a trained weather spotter measured a wind gust of 41 mph in Flagler Beach. At 1130 am, a mesonet station in Palm Coast measured a wind gust of 42 mph (Hammock Dunes Bridge). At 1211 about 2 miles south of Flagler Beach on the intracoastal waterway, a spotter measured wind gusts of 46 mph at South Flagler Beach. At 1213, a spotter in north Flagler beach measured sustained winds of 35 mph with gusts to 48 mph.  At 410 pm, the mesonet station at Marineland had a wind gust of 49 mph.",CSV
202308,29,1215,202308,29,1600,185504,1138541,GULF OF MEXICO,85,2023,August,Marine Tropical Storm,Z,43,HAWK CHANNEL FROM CRAIG KEY TO WEST END OF SEVEN MILE BRIDGE OUT TO THE REEF,85043,KEY,29-AUG-23 12:15:00,EST-5,29-AUG-23 16:00:00,0,0,0,0,0.00K,0.00K,C-MAN Station,NA,NA,NA,NA,NA,NA,NA,NA,NA,NA,NA,NA,NA,NA,NA,NA,NA,NA,NA,NA,NA,The center of Hurricane Idalia passed about 165 nautical miles to the west of Key West on a northward path through the eastern Gulf of Mexico.  Tropical storm-force sustained winds occurred during the passage of rain bands through the Straits of Florida.  Maximum sustained winds generally in the 35 to 40 knot range with isolated gusts in excess of 50 knots occurred along the Florida Keys reef tract.,"Tropical storm force winds, mostly in gusts associated the passage of rain bands well to the east of Hurricane Idalia's center, occurred along the reef tract south of the Middle Florida Keys. Maximum sustained winds were measured at 35knots with gusts to 51 knots at the navigational light at Sombrero Key.",CSV
202308,30,500,202308,30,1530,184041,1129000,ATLANTIC SOUTH,87,2023,August,Marine Tropical Storm,Z,452,FERNANDINA BEACH TO ST AUGUSTINE FL OUT 20NM,87452,JAX,30-AUG-23 05:00:00,EST-5,30-AUG-23 15:30:00,0,0,0,0,0.00K,0.00K,Mesonet,NA,NA,NA,NA,NA,NA,NA,NA,NA,NA,NA,NA,NA,NA,NA,NA,NA,NA,NA,NA,NA,"Hurricane Idalia made landfall Wednesday morning August 30th around 745 AM EDT along the|Florida Big Bend near Keaton Beach as a category 3, with the inner core moving NE across the|Suwannee River Valley. The inner wind core of Idalia gradually weakened through the morning while,|heavily impacting Suwannee and Hamilton counties in NE Florida and Echols county SE Georgia as the|circulation tracked NE. Widespread tree, power line and structure damage occurred across Suwannee|and Hamilton counties, with estimated winds of 80-100 mph based on damage surveys with isolated|pockets of peak wind gusts near major hurricane strength. Outer rainbands on the eastside of Idalia|impacted all of SE Georgia and NE FL through the day, with early morning tornadoes across coastal SE|Georgia and widespread tropical cyclone wind gusts through the day causing tree damage and powerline damage at least somewhere across NE Florida and SE Georgia. Measured gusts during the peak of|the hurricane across the local forecast area were 60-80 mph. Flooding rainfall impacted locations in|the direct path of the weakening inner core across the Suwannee River Valley and southeast Georgia,|especially from eatern Hamilton county toward Baxley and Jesup GA. The peak rainfall amounts were|up to 5-8 inches. At least 3 tornadoes occurred in southeast GA as rainbands swept northwestward|ahead of the hurricane.","Nassau County Coast: At 8:55 am, a 41 mph wind gust was reported by the AWOS station KFHB Fernandina Beach. At 10:24 am, a wind gust of 40 mph occurred at Buoy station FRDF1 in Fernandina Beach, FL. At 1:06 pm, the same buoy measured a gust of 47 mph. At 2:35 pm, the AWOS at Fernandina Beach KFHB measured a gust of 53 mph. |||Duval County Coast: |The mesonet at Jacksonville Beach measured a wind gust of 40 mph at 6 am. At 652 am, Mayport Naval Station ASOS measured a wind gust of 45 mph.  Gusts of 40-45 mph continued along coastal observations of Duval county through 7:15 am, which also included observations from the mesonet stations at Neptune Beach, Huguenot Park, and the Jacksonville Fire Rescue (JFR) Station 40, 2 miles WNW of Mayport. At 7:20 am, the mesonet site at Jacksonville Beach measured a wind gust of 49 mph.  At 7:40 am, the mesonet site at the JFR Station 40 measured a wind gust of 48 mph. At 7:27 am, the AWOS at Naval Station Mayport measured a gust of 46 mph. Higher gusts of 45-50 mph continued along the Duval County coast to 40-45 mph within the St. Johns River basin. Wind gusts at the coast continued to strengthen to 50-60 mph during the later part of the morning. At 9:50 am, a 61 mph wind gust was reported at the mesonet station 1483W Fswn Jfrd Station 40.  At 9:52 am, a gust to 52 mph occurred at AWOS station KNRB Mayport Naval Station then at 10:25 a 60 mph wind gust occurred.  At 10:30 am, a 54 mph wind gust was reported at Mesonet station 1618W Fswn Jacksonville Beach.  At 10:50 am, a 62 mph wind gust was reported at Mesonet station 1483W Fswn Jfrd Station 40.  A mesonet site near Fort Caroline measured a gust of 46 mph at 1:19 pm. At 2:29 pm, a 50 mph wind gust occurred at  Mesonet station XJAK Jacksonville.  At 2:53 pm, the ASOS at Craig Airfield measured a gust of 59 mph. At 2:18 pm, a mesonet site measured a gust of 52 mph at Mesonet station BLIF1 1 WNW Fort Caroline. At 3:34 pm, a 48 mph Wind Gust occurred at Mesonet station XJAK Jacksonville.  At 3:50 pm, a 53 mph Wind Gust occurred at Mesonet station 1483W Fswn Jfrd Station 40.  At 4 pm, a 40 mph Wind Gust occurred at Mesonet station 0174W 1.5 S Mayport (WEATHERSTEM).",CSV
202308,30,639,202308,30,1530,184041,1129137,ATLANTIC SOUTH,87,2023,August,Marine Tropical Storm,Z,450,ALTAMAHA SD TO FERNANDINA BEACH FL OUT 20NM,87450,JAX,30-AUG-23 06:39:00,EST-5,30-AUG-23 15:30:00,0,0,0,0,0.00K,0.00K,ASOS,NA,NA,NA,NA,NA,NA,NA,NA,NA,NA,NA,NA,NA,NA,NA,NA,NA,NA,NA,NA,NA,"Hurricane Idalia made landfall Wednesday morning August 30th around 745 AM EDT along the|Florida Big Bend near Keaton Beach as a category 3, with the inner core moving NE across the|Suwannee River Valley. The inner wind core of Idalia gradually weakened through the morning while,|heavily impacting Suwannee and Hamilton counties in NE Florida and Echols county SE Georgia as the|circulation tracked NE. Widespread tree, power line and structure damage occurred across Suwannee|and Hamilton counties, with estimated winds of 80-100 mph based on damage surveys with isolated|pockets of peak wind gusts near major hurricane strength. Outer rainbands on the eastside of Idalia|impacted all of SE Georgia and NE FL through the day, with early morning tornadoes across coastal SE|Georgia and widespread tropical cyclone wind gusts through the day causing tree damage and powerline damage at least somewhere across NE Florida and SE Georgia. Measured gusts during the peak of|the hurricane across the local forecast area were 60-80 mph. Flooding rainfall impacted locations in|the direct path of the weakening inner core across the Suwannee River Valley and southeast Georgia,|especially from eatern Hamilton county toward Baxley and Jesup GA. The peak rainfall amounts were|up to 5-8 inches. At least 3 tornadoes occurred in southeast GA as rainbands swept northwestward|ahead of the hurricane.","Glynn County Coast: At 7:39 am, a 43 mph wind gust was reported at ASOS station KSSI Brunswick. At 10:55 am, a Wind Gust of 41 mph was recorded at AWOS station KBQK Brunswick Golden Isles Airport. At 11:33 am, a 52 mph wind gust was recorded at ASOS station KSSI Brunswick. At 12:55 pm, a 55 mph wind gust was reported at Mesonet station XJEK on Jekyll Island, GA. At 1:53 pm, a 56 mph wind gust was reported at ASOS station KSSI Brunswick. At 2:35 pm, a 55 mph wind gust occurred at AWOS station KBQK Brunswick Golden Isles Airport. At 2:31 pm, a 67 mph wind gust reported at ASOS station KSSI Brunswick. At 2:53 pm, a 66 mph wind gust was reported at ASOS station KSSI Brunswick.",CSV
202308,29,900,202308,30,900,185217,1135173,GULF OF MEXICO,85,2023,August,Marine Tropical Storm,Z,676,CHOKOLOSKEE TO BONITA BEACH FL 20 TO 60NM,85676,MFL,29-AUG-23 09:00:00,EST-5,30-AUG-23 09:00:00,0,0,0,0,0.00K,0.00K,Other Federal Agency,NA,NA,NA,NA,NA,NA,NA,NA,NA,NA,NA,NA,NA,NA,NA,NA,NA,NA,NA,NA,NA,The center of Hurricane Idalia passed about 180 miles west of Naples as a Category 2 moving north over the eastern Gulf of Mexico. The outermost edge of Idalia's tropical storm force wind field brought tropical storm force winds to the waters just offshore Collier County.,Maximum winds were in the 35-40 knot range over the Gulf waters offshore Collier County based on aircraft reconnaissance data.,CSV
202308,29,1500,202308,29,1700,185218,1135178,ATLANTIC SOUTH,87,2023,August,Marine Tropical Storm,Z,610,LAKE OKEECHOBEE,87610,MFL,29-AUG-23 15:00:00,EST-5,29-AUG-23 17:00:00,0,0,0,0,0.00K,0.00K,Mesonet,NA,NA,NA,NA,NA,NA,NA,NA,NA,NA,NA,NA,NA,NA,NA,NA,NA,NA,NA,NA,NA,"The center of Hurricane Idalia passed about 180 miles west of Naples as a Category 2 moving north over the eastern Gulf of Mexico. The outermost edge of Idalia's tropical storm force wind field brought tropical storm force winds to parts of Lake Okeechobee, and near tropical storm force winds to the nearshore Atlantic waters of SE Florida.","Maximum sustained winds were in the 30-34 knot range over Lake Okeechobee, with a peak sustained wind of 34 knots out of the south at the SFWMD north end sensor. Peak wind gusts were in the 35-48 knot range.",CSV
202408,3,630,202408,4,1600,196232,1214181,GULF OF MEXICO,85,2024,August,Marine Tropical Storm,Z,32,BAYSIDE AND GULFSIDE FROM CRAIG KEY TO WEST END OF SEVEN MILE BRIDGE,85032,KEY,03-AUG-24 06:30:00,EST-5,04-AUG-24 16:00:00,0,0,0,0,0.00K,0.00K,C-MAN Station,NA,NA,NA,NA,NA,NA,NA,NA,NA,NA,NA,NA,NA,NA,NA,NA,NA,NA,NA,NA,NA,The center of Tropical Storm Debby passed about 85 nautical miles to the west-southwest of Key West on a north-northwest path through the southeastern Gulf of Mexico. Tropical storm-force wind gusts occurred in rain bands extending throughout the Straits of Florida and Florida Keys. Sustained tropical storm force winds occurred over the coastal waters mainly from along the Lower Florida Keys west of the Seven Mile Bridge through Dry Tortugas.,"Tropical storm force winds impacted the western portions of Florida Bay, where peak sustained winds near 37 knots with gusts to 48 knots were observed at Long Key Light.",CSV
202408,3,130,202408,4,1700,196232,1214184,GULF OF MEXICO,85,2024,August,Marine Tropical Storm,Z,42,HAWK CHANNEL FROM OCEAN REEF TO CRAIG KEY OUT TO THE REEF,85042,KEY,03-AUG-24 01:30:00,EST-5,04-AUG-24 17:00:00,0,0,0,0,0.00K,0.00K,Mesonet,NA,NA,NA,NA,NA,NA,NA,NA,NA,NA,NA,NA,NA,NA,NA,NA,NA,NA,NA,NA,NA,The center of Tropical Storm Debby passed about 85 nautical miles to the west-southwest of Key West on a north-northwest path through the southeastern Gulf of Mexico. Tropical storm-force wind gusts occurred in rain bands extending throughout the Straits of Florida and Florida Keys. Sustained tropical storm force winds occurred over the coastal waters mainly from along the Lower Florida Keys west of the Seven Mile Bridge through Dry Tortugas.,Tropical storm force winds impacted Hawk Channel along the Upper Florida Keys of Monroe County.  Sustained winds peaked at 34 to 42 knots with gusts 45 to 52 knots.,CSV
202408,3,1300,202408,4,1230,196232,1214185,GULF OF MEXICO,85,2024,August,Marine Tropical Storm,Z,44,HAWK CHANNEL FROM WEST END OF SEVEN MILE BRIDGE TO HALFMOON SHOAL OUT TO THE REEF,85044,KEY,03-AUG-24 13:00:00,EST-5,04-AUG-24 12:30:00,0,0,0,0,0.00K,0.00K,C-MAN Station,NA,NA,NA,NA,NA,NA,NA,NA,NA,NA,NA,NA,NA,NA,NA,NA,NA,NA,NA,NA,NA,The center of Tropical Storm Debby passed about 85 nautical miles to the west-southwest of Key West on a north-northwest path through the southeastern Gulf of Mexico. Tropical storm-force wind gusts occurred in rain bands extending throughout the Straits of Florida and Florida Keys. Sustained tropical storm force winds occurred over the coastal waters mainly from along the Lower Florida Keys west of the Seven Mile Bridge through Dry Tortugas.,Tropical storm force winds impacted Hawk Channel waters along the Lower Florida Keys of Monroe County.  Sustained winds reached a peak of 39 knots with gusts to 50 knots at Sand Key Light.,CSV
202406,18,1600,202406,19,1700,191219,1194678,GULF OF MEXICO,85,2024,June,Marine Tropical Storm,Z,335,GALVESTON BAY,85335,HGX,18-JUN-24 16:00:00,CST-6,19-JUN-24 17:00:00,0,0,0,0,0.00K,0.00K,Mesonet,NA,NA,NA,NA,NA,NA,NA,NA,NA,NA,NA,NA,NA,NA,NA,NA,NA,NA,NA,NA,NA,A Potential Tropical Cyclone became Tropical Storm Alberto as it moved generally westward across the southern Gulf of Mexico and made landfall in the Tampico area. Several storm marine wind gusts and a waterspout occurred with this storm.,"Tropical Storm Alberto produced numerous tropical storm force gusts and occasional sustained winds across Galveston Bay, as noted by coastal observation sites.",CSV
202406,18,1600,202406,19,1700,191219,1194679,GULF OF MEXICO,85,2024,June,Marine Tropical Storm,Z,330,MATAGORDA BAY,85330,HGX,18-JUN-24 16:00:00,CST-6,19-JUN-24 17:00:00,0,0,0,0,0.00K,0.00K,Mesonet,NA,NA,NA,NA,NA,NA,NA,NA,NA,NA,NA,NA,NA,NA,NA,NA,NA,NA,NA,NA,NA,A Potential Tropical Cyclone became Tropical Storm Alberto as it moved generally westward across the southern Gulf of Mexico and made landfall in the Tampico area. Several storm marine wind gusts and a waterspout occurred with this storm.,"Tropical Storm Alberto produced sporadic tropical storm force gusts across Matagorda Bay, as noted by coastal observation sites.",CSV
202409,26,1100,202409,27,1100,196052,1217534,ATLANTIC SOUTH,87,2024,September,Marine Tropical Storm,Z,454,ST AUGUSTINE TO FLAGLER BEACH FL OUT 20NM,87454,JAX,26-SEP-24 11:00:00,EST-5,27-SEP-24 11:00:00,0,0,0,0,0.00K,0.00K,Official NWS Observations,NA,NA,NA,NA,NA,NA,NA,NA,NA,NA,NA,NA,NA,NA,NA,NA,NA,NA,NA,NA,NA,"Hurricane Helene made landfall as a category 4 with peak winds of near 140 mph in the Florida Big |Bend just east of the Aucilla River Entrance in Taylor County, late Thursday evening September 26, |2024.  Helene's main impact to southeast Georgia and northeast Florida was wind damage as it |tracked quickly north-northeast. The very powerful hurricane and the forward motion produced a |wide swath of wind damage across the forecast area with peak wind gusts 55 to 75 mph across the |eastern half of the area, and western zones up to 75 to 100 mph from the Suwannee Valley area |northward through interior southeast GA. The max wind gust of 100 mph was measured at the Alma |GA ASOS in the early morning hours of Friday September 27th.  Given the strength of these winds, |widespread power outages, structure damage and downed or uprooted trees occurred across inland |southeast GA and portions of northeast FL. At least 1 tornado occurred, which was in Coffee county. |Maximum rainfall amounts of 3 to 5 inches were located over western half of the area.","On 9/26 at 12 pm, the St. Augustine CMAN station SAUF1 measured a wind gust of 41 mph. At 12:46 pm, the St. Augustine Airport AWOS measured a wind gust of 40 mph. At 3:20 pm, a mesonet site in the City of St. Augustine measured a wind gust of 40 mph. At 4:40 pm, a mesonet site Lewis measured a wind gust of 40 mph. At 5:27 pm, a mesonet station in Summerhouse measured a wind gust of 43 mph. At 5:42 pm, the same station measured a gust of 45 mph, then at 5:57 pm the station measured a gust of 49 mph. At 6:10 pm, the Lewis station measured a gust of 49 mph. At 7 pm, the CMAN station SAUF1 measured a wind gust of 48 mph. At 8 pm, a mesonet site in the City of St. Augustine measured a wind gust of 47 mph and at 8:20 pm, the site measured a 53 mph wind gust. At 8:56 pm, the AWOS at the St. Johns Regional Airport measured a gust of 45 mph and a mesonet site in Summerhouse had a gust of 55 mph. At 9 pm, the City of St. Augustine mesonet station had a gust of 59 mph. At 10:10 pm, the mesonet station in the City of St. Augustine had a gust of 65 mph.||Peak wind gusts were at Marineland at 63 mph. On 9/26 at 11:30 am, a wind gust of 40 mph was measured at a mesonet site near Marineland. At 3:19 pm, a mesonet site in Palm Coast measured a wind gust of 40 mph. At 3:50 pm, a mesonet site in Marineland measured a wind gust of 45 mph. At 5:30 pm, the Marineland mesonet site measured a wind gust of 51 mph. At 6:50 pm, the Marineland mesonet site measured a wind gust of 51 mph. At 8 pm, the mesonet site in Palm Coast measured a wind gust of 44 mph. At 7:10 pm, the media reported that a large tree was uprooted and fell on a home in Palm Coast. At 8:40 pm, the site in Marineland measured a gust of 55 mph. At 9:01 pm, a gust of 51 mph was measured at the Hammock Dunes Bridge per EM. At 9:12 pm, the EM reported a large tree was blown down at N Village Parkway and Colbert Lane which blocked Colbert Lane. At 9:20 pm, the EM reported a wind gust of 60 mph at the Marineland mesonet site and at 9:53 pm this site had a gust of 63 mph.",CSV
202406,18,1500,202406,19,2200,191219,1194683,GULF OF MEXICO,85,2024,June,Marine Tropical Storm,Z,355,HIGH IS TO FREEPORT TX OUT 20NM,85355,HGX,18-JUN-24 15:00:00,CST-6,19-JUN-24 22:00:00,0,0,0,0,0.00K,0.00K,Buoy,NA,NA,NA,NA,NA,NA,NA,NA,NA,NA,NA,NA,NA,NA,NA,NA,NA,NA,NA,NA,NA,A Potential Tropical Cyclone became Tropical Storm Alberto as it moved generally westward across the southern Gulf of Mexico and made landfall in the Tampico area. Several storm marine wind gusts and a waterspout occurred with this storm.,"Tropical Storm Alberto produced numerous tropical storm force gusts, as noted by buoys.",CSV
202406,18,1100,202406,20,100,191219,1197604,GULF OF MEXICO,85,2024,June,Marine Tropical Storm,Z,375,HIGH IS TO FREEPORT TX 20 TO 60NM,85375,HGX,18-JUN-24 11:00:00,CST-6,20-JUN-24 01:00:00,0,0,0,0,0.00K,0.00K,Buoy,NA,NA,NA,NA,NA,NA,NA,NA,NA,NA,NA,NA,NA,NA,NA,NA,NA,NA,NA,NA,NA,A Potential Tropical Cyclone became Tropical Storm Alberto as it moved generally westward across the southern Gulf of Mexico and made landfall in the Tampico area. Several storm marine wind gusts and a waterspout occurred with this storm.,"Tropical Storm Alberto produced numerous tropical storm force winds and gusts, as noted by buoys.",CSV
202409,25,1000,202409,27,1000,196052,1217533,ATLANTIC SOUTH,87,2024,September,Marine Tropical Storm,Z,452,FERNANDINA BEACH TO ST AUGUSTINE FL OUT 20NM,87452,JAX,25-SEP-24 10:00:00,EST-5,27-SEP-24 10:00:00,0,0,0,0,0.00K,0.00K,Official NWS Observations,NA,NA,NA,NA,NA,NA,NA,NA,NA,NA,NA,NA,NA,NA,NA,NA,NA,NA,NA,NA,NA,"Hurricane Helene made landfall as a category 4 with peak winds of near 140 mph in the Florida Big |Bend just east of the Aucilla River Entrance in Taylor County, late Thursday evening September 26, |2024.  Helene's main impact to southeast Georgia and northeast Florida was wind damage as it |tracked quickly north-northeast. The very powerful hurricane and the forward motion produced a |wide swath of wind damage across the forecast area with peak wind gusts 55 to 75 mph across the |eastern half of the area, and western zones up to 75 to 100 mph from the Suwannee Valley area |northward through interior southeast GA. The max wind gust of 100 mph was measured at the Alma |GA ASOS in the early morning hours of Friday September 27th.  Given the strength of these winds, |widespread power outages, structure damage and downed or uprooted trees occurred across inland |southeast GA and portions of northeast FL. At least 1 tornado occurred, which was in Coffee county. |Maximum rainfall amounts of 3 to 5 inches were located over western half of the area.","At 11:15 pm on 9/26, the AWOS at Fernandina Beach measured sustained winds of 40mph with gust of 44 mph before an outage through the night. A Weatherstem site in Yulee measured a gust to 61 mph out of the SSE at 1:20am on 9/27. The same site observed sustained wind to 40 mph at 11:20pm on 9/26. Over 31,000 customers (about 58% of the county) were without power after the storm passed early Friday Morning, the 27th.||Far outer rainbands began to impact the Duval county coast on the afternoon of Wednesday, 9/25. Wind gusts near 40 mph were reported at coastal locations, including a 42 mph gust at the JFRD Station 40 near Mayport at 3:10 pm local time. At 10:57 pm on 9/25, a mesonet site at Huguenot Park measured a wind gust of 42 mph. At 10:30 am on 9/26, the Craig Airport ASOS measured a gust of 45 mph.  At 12:10 pm on 9/26, a mesonet site at 2 miles WNW of Mayport measured a wind gust of 47 mph. At 1:10 pm, a mesonet site at 1 mile NNE of Jacksonville Beach measured a wind gust of 48 mph. At 1:20 pm, a mesonet site in Neptune Beach measured a wind gust of 44 mph, a mesonet site at JFRD Station 40 measured a wind gust of 49 mph, and a mesonet site at Huguenot Park measured a gust of 44 mph. At 3:43 pm, a mesonet site near Ft Caroline on the St. Johns River measured a wind gust of 41 mph. At 6:28 pm, the Fort Caroline mesonet measured a gust of 48 mph. At 6:50 pm, a mesonet station in Jacksonville Beach measured a gust of 51 mph. At 6:52 pm, the Naval Station Mayport AWOS measured a wind gust of 49 mph. At 7:10 pm, the mesonet site at JFRD Station 40 measured a gust of 59 mph.  At 7:28 pm, the Mayport Naval Station AWOS measured a wind gust of 52 mph. At 7:52 pm, the AWOS at Naval Station Mayport measured a wind gust of 52 mph. At 7:53 pm, the ASOS at Craig Airfield measured a wind gust of 48 mph.  At 8:20 pm, the JFRD Station 40 station measured a gust of 54 mph. At 8:40 pm, a mesonet site in Jacksonville Beach measured a gust of 60 mph and the mesonet site in Neptune Beach measured a gust of 54 mph. Also at 8:42 pm, the mesonet site at Huguenot Park measured a gust of 57  mph. At 8:43 pm, the mesonet site near Ft Caroline on the St. Johns River measured a wind gust of 60 mph. At 8:52 pm, the AWOS at Mayport Naval Station measured a gust of 63 mph. At 8:53 pm, the ASOS at Craig Airport measured a gust of 52 mph.  At 10:10 pm, the AWOS at Naval Station Mayport had a gust of 68 mph and a mesonet site at Jacksonville Beach had a gust of 67 mph.  At 10:20 pm, the mesonet station in Neptune Beach had a gust of 65 mph, then at 11:50 pm, the site had a gust of 75 mph. At 12:40 am, the mesonet site at the JFRD Station 40 measured a gust of 80 mph.||On 9/26 at 12 pm, the St. Augustine CMAN station SAUF1 measured a wind gust of 41 mph. At 12:46 pm, the St. Augustine Airport AWOS measured a wind gust of 40 mph. At 3:20 pm, a mesonet site in the City of St. Augustine measured a wind gust of 40 mph. At 4:40 pm, a mesonet site Lewis measured a wind gust of 40 mph. At 5:27 pm, a mesonet station in Summerhouse measured a wind gust of 43 mph. At 5:42 pm, the same station measured a gust of 45 mph, then at 5:57 pm the station measured a gust of 49 mph. At 6:10 pm, the Lewis station measured a gust of 49 mph. At 7 pm, the CMAN station SAUF1 measured a wind gust of 48 mph. At 8 pm, a mesonet site in the City of St. Augustine measured a wind gust of 47 mph and at 8:20 pm, the site measured a 53 mph wind gust. At 8:56 pm, the AWOS at the St. Johns Regional Airport measured a gust of 45 mph and a mesonet site in Summerhouse had a gust of 55 mph. At 9 pm, the City of St. Augustine mesonet station had a gust of 59 mph. At 10:10 pm, the mesonet station in the City of St. Augustine had a gust of 65 mph.",CSV
202407,8,135,202407,8,140,194748,1204149,GULF OF MEXICO,85,2024,July,Marine Tropical Storm,Z,237,"SAN ANTONIO, MESQUITE, AND ESPIRITU SANTO BAYS",85237,CRP,08-JUL-24 01:35:00,CST-6,08-JUL-24 01:40:00,0,0,0,0,0.00K,0.00K,Official NWS Observations,NA,NA,NA,NA,NA,NA,NA,NA,NA,NA,NA,NA,NA,NA,NA,NA,NA,NA,NA,NA,NA,"Beryl became the earliest category 5 atlantic hurricane on July 1st between the Lesser Antilles and the Dominican Republic. Beryl rapidly weakened to tropical storm strength as it crossed the Yucatan Peninsula moving west-northward, shifting north and east along the Texas Coast on its trajectory persistently until landfall near Matagorda, TX during the early morning hours of July 8th as a category 1 hurricane. Notable impacts were confined to Victoria County and Calhoun County, positioned west of the center of Beryl, where rainfall up to 2.6 fell and winds gusted to hurricane force at Port O'Connor. Large trees and a wooden fence were blown down in eastern Calhoun County. Brief tropical storm force wind gusts were observed with the outer rainbands across the Coastal Bend on July 7th. The Port O���Connor NOS site quickly rose to 3.71��� MHHW. As winds wrapped around to the north on the backside of the eyewall, the water levels fell drastically to near -0.5��� in a negative surge effect.",TCOON Site PCNT2 in Port O'Connor measured 1-minute sustained winds of 62 MPH with gusts up to hurricane force.,CSV
202409,11,1300,202409,11,1300,196953,1218697,GULF OF MEXICO,85,2024,September,Marine Tropical Storm,Z,552,COASTAL WATERS FROM SOUTHWEST PASS OF THE MISSISSIPPI RIVER TO PORT FOURCHON LOUISIANA OUT 20 NM,85552,LIX,11-SEP-24 13:00:00,CST-6,11-SEP-24 13:00:00,0,0,0,0,0.00K,0.00K,Mesonet,NA,NA,NA,NA,NA,NA,NA,NA,NA,NA,NA,NA,NA,NA,NA,NA,NA,NA,NA,NA,NA,"Hurricane Francine formed as a tropical storm in the Gulf of Mexico on September 9, 2024, and intensified into a Category 2 hurricane before making landfall near Houma, Louisiana, on the morning of September 11. With sustained winds of 100 mph and gusts peaking at 105 mph, Francine brought widespread damage to southeastern Louisiana and southern Mississippi. A storm surge of 6-9 feet inundated low-lying coastal areas, while torrential rainfall of 10-15 inches caused significant flash flooding, including in the New Orleans metro area. Over 400,000 residents experienced power outages, and extensive wind damage was reported, with numerous trees and powerlines downed.",A 52 mph sustained/61 mph gust was measured at mesonet station BURL1 Southwest Pass.,CSV
202409,11,1642,202409,11,1642,196953,1218699,GULF OF MEXICO,85,2024,September,Marine Tropical Storm,Z,552,COASTAL WATERS FROM SOUTHWEST PASS OF THE MISSISSIPPI RIVER TO PORT FOURCHON LOUISIANA OUT 20 NM,85552,LIX,11-SEP-24 16:42:00,CST-6,11-SEP-24 16:42:00,0,0,0,0,0.00K,0.00K,Mesonet,NA,NA,NA,NA,NA,NA,NA,NA,NA,NA,NA,NA,NA,NA,NA,NA,NA,NA,NA,NA,NA,"Hurricane Francine formed as a tropical storm in the Gulf of Mexico on September 9, 2024, and intensified into a Category 2 hurricane before making landfall near Houma, Louisiana, on the morning of September 11. With sustained winds of 100 mph and gusts peaking at 105 mph, Francine brought widespread damage to southeastern Louisiana and southern Mississippi. A storm surge of 6-9 feet inundated low-lying coastal areas, while torrential rainfall of 10-15 inches caused significant flash flooding, including in the New Orleans metro area. Over 400,000 residents experienced power outages, and extensive wind damage was reported, with numerous trees and powerlines downed.",A 46 mph sustained/59 mph gust was measured at mesonet station LPOL1 24 S Grand Isle.,CSV
202409,11,1718,202409,11,1718,196953,1218700,GULF OF MEXICO,85,2024,September,Marine Tropical Storm,Z,530,LAKE PONCHARTRAIN AND LAKE MAUREPAS,85530,LIX,11-SEP-24 17:18:00,CST-6,11-SEP-24 17:18:00,0,0,0,0,0.00K,0.00K,Other Federal Agency,NA,NA,NA,NA,NA,NA,NA,NA,NA,NA,NA,NA,NA,NA,NA,NA,NA,NA,NA,NA,NA,"Hurricane Francine formed as a tropical storm in the Gulf of Mexico on September 9, 2024, and intensified into a Category 2 hurricane before making landfall near Houma, Louisiana, on the morning of September 11. With sustained winds of 100 mph and gusts peaking at 105 mph, Francine brought widespread damage to southeastern Louisiana and southern Mississippi. A storm surge of 6-9 feet inundated low-lying coastal areas, while torrential rainfall of 10-15 inches caused significant flash flooding, including in the New Orleans metro area. Over 400,000 residents experienced power outages, and extensive wind damage was reported, with numerous trees and powerlines downed.",A 45 mph sustained was measured at New Canal NOS.,CSV
202409,11,1747,202409,11,1747,196953,1218703,GULF OF MEXICO,85,2024,September,Marine Tropical Storm,Z,552,COASTAL WATERS FROM SOUTHWEST PASS OF THE MISSISSIPPI RIVER TO PORT FOURCHON LOUISIANA OUT 20 NM,85552,LIX,11-SEP-24 17:47:00,CST-6,11-SEP-24 17:47:00,0,0,0,0,0.00K,0.00K,AWOS,NA,NA,NA,NA,NA,NA,NA,NA,NA,NA,NA,NA,NA,NA,NA,NA,NA,NA,NA,NA,NA,"Hurricane Francine formed as a tropical storm in the Gulf of Mexico on September 9, 2024, and intensified into a Category 2 hurricane before making landfall near Houma, Louisiana, on the morning of September 11. With sustained winds of 100 mph and gusts peaking at 105 mph, Francine brought widespread damage to southeastern Louisiana and southern Mississippi. A storm surge of 6-9 feet inundated low-lying coastal areas, while torrential rainfall of 10-15 inches caused significant flash flooding, including in the New Orleans metro area. Over 400,000 residents experienced power outages, and extensive wind damage was reported, with numerous trees and powerlines downed.",LOOP measured a 54 mph sustained wind and a 63 mph gust.,CSV
202409,11,1808,202409,11,1808,196953,1218704,GULF OF MEXICO,85,2024,September,Marine Tropical Storm,Z,532,MISSISSIPPI SOUND,85532,LIX,11-SEP-24 18:08:00,CST-6,11-SEP-24 18:08:00,0,0,0,0,0.00K,0.00K,C-MAN Station,NA,NA,NA,NA,NA,NA,NA,NA,NA,NA,NA,NA,NA,NA,NA,NA,NA,NA,NA,NA,NA,"Hurricane Francine formed as a tropical storm in the Gulf of Mexico on September 9, 2024, and intensified into a Category 2 hurricane before making landfall near Houma, Louisiana, on the morning of September 11. With sustained winds of 100 mph and gusts peaking at 105 mph, Francine brought widespread damage to southeastern Louisiana and southern Mississippi. A storm surge of 6-9 feet inundated low-lying coastal areas, while torrential rainfall of 10-15 inches caused significant flash flooding, including in the New Orleans metro area. Over 400,000 residents experienced power outages, and extensive wind damage was reported, with numerous trees and powerlines downed.",Shell Beach measured a 44 mph sustained wind.,CSV
202409,11,1812,202409,11,1812,196953,1218705,GULF OF MEXICO,85,2024,September,Marine Tropical Storm,Z,530,LAKE PONCHARTRAIN AND LAKE MAUREPAS,85530,LIX,11-SEP-24 18:12:00,CST-6,11-SEP-24 18:12:00,0,0,0,0,0.00K,0.00K,ASOS,NA,NA,NA,NA,NA,NA,NA,NA,NA,NA,NA,NA,NA,NA,NA,NA,NA,NA,NA,NA,NA,"Hurricane Francine formed as a tropical storm in the Gulf of Mexico on September 9, 2024, and intensified into a Category 2 hurricane before making landfall near Houma, Louisiana, on the morning of September 11. With sustained winds of 100 mph and gusts peaking at 105 mph, Francine brought widespread damage to southeastern Louisiana and southern Mississippi. A storm surge of 6-9 feet inundated low-lying coastal areas, while torrential rainfall of 10-15 inches caused significant flash flooding, including in the New Orleans metro area. Over 400,000 residents experienced power outages, and extensive wind damage was reported, with numerous trees and powerlines downed.",KNEW measured a 44 mph sustained wind.,CSV
202409,11,2042,202409,11,2042,196953,1218706,GULF OF MEXICO,85,2024,September,Marine Tropical Storm,Z,532,MISSISSIPPI SOUND,85532,LIX,11-SEP-24 20:42:00,CST-6,11-SEP-24 20:42:00,0,0,0,0,0.00K,0.00K,Other Federal Agency,NA,NA,NA,NA,NA,NA,NA,NA,NA,NA,NA,NA,NA,NA,NA,NA,NA,NA,NA,NA,NA,"Hurricane Francine formed as a tropical storm in the Gulf of Mexico on September 9, 2024, and intensified into a Category 2 hurricane before making landfall near Houma, Louisiana, on the morning of September 11. With sustained winds of 100 mph and gusts peaking at 105 mph, Francine brought widespread damage to southeastern Louisiana and southern Mississippi. A storm surge of 6-9 feet inundated low-lying coastal areas, while torrential rainfall of 10-15 inches caused significant flash flooding, including in the New Orleans metro area. Over 400,000 residents experienced power outages, and extensive wind damage was reported, with numerous trees and powerlines downed.",NOS gauge measured a 40 mph sustained and a 54 mph gust.,CSV
202406,18,1100,202406,20,100,191219,1197603,GULF OF MEXICO,85,2024,June,Marine Tropical Storm,Z,350,FREEPORT TO MATAGORDA SHIP CHNL OUT 20NM,85350,HGX,18-JUN-24 11:00:00,CST-6,20-JUN-24 01:00:00,0,0,0,0,0.00K,0.00K,Buoy,NA,NA,NA,NA,NA,NA,NA,NA,NA,NA,NA,NA,NA,NA,NA,NA,NA,NA,NA,NA,NA,A Potential Tropical Cyclone became Tropical Storm Alberto as it moved generally westward across the southern Gulf of Mexico and made landfall in the Tampico area. Several storm marine wind gusts and a waterspout occurred with this storm.,"Tropical Storm Alberto produced numerous tropical storm force winds and gusts, as noted by buoys.",CSV
202409,26,1400,202409,27,200,195639,1209369,GULF OF MEXICO,85,2024,September,Marine Tropical Storm,Z,750,COASTAL WATERS FROM OKLALOOSA-WALTON COUNTY LINE TO MEXICO BEACH OUT 20 NM,85750,TAE,26-SEP-24 14:00:00,EST-5,27-SEP-24 02:00:00,0,0,0,0,0.00K,0.00K,Official NWS Observations,NA,NA,NA,NA,NA,NA,NA,NA,NA,NA,NA,NA,NA,NA,NA,NA,NA,NA,NA,NA,NA,"Hurricane Helene made landfall as a Category 4 hurricane with maximum sustained winds of 140 mph and a minimum central pressure of 938 mb (27.70 inches) at about 11:10 PM EDT on Thursday, September 26th, in Taylor County Florida just east of the Aucilla River. Helene brought hurricane conditions to the coastal waters east of Mexico Beach and tropical storms conditions to the coastal waters west of Mexico Beach.",NA,CSV
202409,26,1400,202409,27,200,195639,1209370,GULF OF MEXICO,85,2024,September,Marine Tropical Storm,Z,752,COASTAL WATERS FROM MEXICO BEACH TO APALACHICOLA OUT 20 NM,85752,TAE,26-SEP-24 14:00:00,EST-5,27-SEP-24 02:00:00,0,0,0,0,0.00K,0.00K,Official NWS Observations,NA,NA,NA,NA,NA,NA,NA,NA,NA,NA,NA,NA,NA,NA,NA,NA,NA,NA,NA,NA,NA,"Hurricane Helene made landfall as a Category 4 hurricane with maximum sustained winds of 140 mph and a minimum central pressure of 938 mb (27.70 inches) at about 11:10 PM EDT on Thursday, September 26th, in Taylor County Florida just east of the Aucilla River. Helene brought hurricane conditions to the coastal waters east of Mexico Beach and tropical storms conditions to the coastal waters west of Mexico Beach.",NA,CSV
202409,26,1400,202409,27,200,195639,1209371,GULF OF MEXICO,85,2024,September,Marine Tropical Storm,Z,770,WATERS FROM OKALOOSA-WALTON COUNTY LINE TO MEXICO BEACH FL 20 TO 60 NM,85770,TAE,26-SEP-24 14:00:00,EST-5,27-SEP-24 02:00:00,0,0,0,0,0.00K,0.00K,Official NWS Observations,NA,NA,NA,NA,NA,NA,NA,NA,NA,NA,NA,NA,NA,NA,NA,NA,NA,NA,NA,NA,NA,"Hurricane Helene made landfall as a Category 4 hurricane with maximum sustained winds of 140 mph and a minimum central pressure of 938 mb (27.70 inches) at about 11:10 PM EDT on Thursday, September 26th, in Taylor County Florida just east of the Aucilla River. Helene brought hurricane conditions to the coastal waters east of Mexico Beach and tropical storms conditions to the coastal waters west of Mexico Beach.",NA,CSV
202406,18,1100,202406,20,100,191219,1194680,GULF OF MEXICO,85,2024,June,Marine Tropical Storm,Z,370,FREEPORT TO MATAGORDA SHIP CHNL 20 TO 60NM,85370,HGX,18-JUN-24 11:00:00,CST-6,20-JUN-24 01:00:00,0,0,0,0,0.00K,0.00K,Buoy,NA,NA,NA,NA,NA,NA,NA,NA,NA,NA,NA,NA,NA,NA,NA,NA,NA,NA,NA,NA,NA,A Potential Tropical Cyclone became Tropical Storm Alberto as it moved generally westward across the southern Gulf of Mexico and made landfall in the Tampico area. Several storm marine wind gusts and a waterspout occurred with this storm.,"Although wind data are sparse in this zone, Tropical Storm Alberto is believed to produce sustained wind to tropical storm force.",CSV
202409,11,2236,202409,11,2236,196069,1212943,GULF OF MEXICO,85,2024,September,Marine Tropical Storm,Z,631,SOUTH MOBILE BAY,85631,MOB,11-SEP-24 22:36:00,CST-6,11-SEP-24 22:36:00,0,0,0,0,0.00K,0.00K,Mesonet,NA,NA,NA,NA,NA,NA,NA,NA,NA,NA,NA,NA,NA,NA,NA,NA,NA,NA,NA,NA,NA,"Hurricane Francine impacted much of the south central gulf coast states, making landfall in Louisiana. Tropical storm force winds and gusts extended eastward into Mississippi and Alabama, resulting in some minor damage across the area. Coastal flooding additionally impacted much of Mobile and Baldwin Counties.",NOS COOPS station reported a sustained wind of 40 mph with a maximum gust of 46 mph.,CSV
202410,9,1000,202410,10,100,196746,1219571,GULF OF MEXICO,85,2024,October,Marine Tropical Storm,Z,656,CHOKOLOSKEE TO BONITA BEACH FL OUT 20NM,85656,MFL,09-OCT-24 10:00:00,EST-5,10-OCT-24 01:00:00,0,0,0,0,0.00K,0.00K,Other Federal Agency,NA,NA,NA,NA,NA,NA,NA,NA,NA,NA,NA,NA,NA,NA,NA,NA,NA,NA,NA,NA,NA,"Hurricane Milton became a Category 5 hurricane in the southwestern Gulf of Mexico on Monday, October 7th about 735 miles southwest of Tampa while moving east-southeast, then turned east and northeast on Tuesday, October 8th while maintaining Category 4 and 5 strength. Milton's maximum winds decreased as it approached the Florida peninsula on October 9th and made landfall near Siesta Key as a Category 3 hurricane with maximum sustained winds of 120 mph. The outer circulation of Milton began affecting South Florida late October 8th, with tropical storm force wind gusts spreading across South Florida and its outer waters through the early morning hours of Thursday, October 10th.",Data from hurricane hunter aircraft suggested that sustained tropical storm force winds occurred over the coastal waters of Collier County on October 9th and 10th as Hurricane Milton moved northeast over the eastern Gulf of Mexico.,CSV
202410,9,1000,202410,9,2300,196746,1219572,GULF OF MEXICO,85,2024,October,Marine Tropical Storm,Z,676,CHOKOLOSKEE TO BONITA BEACH FL 20 TO 60NM,85676,MFL,09-OCT-24 10:00:00,EST-5,09-OCT-24 23:00:00,0,0,0,0,0.00K,0.00K,Other Federal Agency,NA,NA,NA,NA,NA,NA,NA,NA,NA,NA,NA,NA,NA,NA,NA,NA,NA,NA,NA,NA,NA,"Hurricane Milton became a Category 5 hurricane in the southwestern Gulf of Mexico on Monday, October 7th about 735 miles southwest of Tampa while moving east-southeast, then turned east and northeast on Tuesday, October 8th while maintaining Category 4 and 5 strength. Milton's maximum winds decreased as it approached the Florida peninsula on October 9th and made landfall near Siesta Key as a Category 3 hurricane with maximum sustained winds of 120 mph. The outer circulation of Milton began affecting South Florida late October 8th, with tropical storm force wind gusts spreading across South Florida and its outer waters through the early morning hours of Thursday, October 10th.",Data from hurricane hunter aircraft suggested that sustained tropical storm force winds occurred over the coastal waters of Collier County on October 9th as Hurricane Milton moved northeast over the eastern Gulf of Mexico.,CSV
202410,9,1300,202410,9,2300,196746,1219573,GULF OF MEXICO,85,2024,October,Marine Tropical Storm,Z,657,E CP SABLE TO CHOKOLOSKEE FL OUT 20NM,85657,MFL,09-OCT-24 13:00:00,EST-5,09-OCT-24 23:00:00,0,0,0,0,0.00K,0.00K,Other Federal Agency,NA,NA,NA,NA,NA,NA,NA,NA,NA,NA,NA,NA,NA,NA,NA,NA,NA,NA,NA,NA,NA,"Hurricane Milton became a Category 5 hurricane in the southwestern Gulf of Mexico on Monday, October 7th about 735 miles southwest of Tampa while moving east-southeast, then turned east and northeast on Tuesday, October 8th while maintaining Category 4 and 5 strength. Milton's maximum winds decreased as it approached the Florida peninsula on October 9th and made landfall near Siesta Key as a Category 3 hurricane with maximum sustained winds of 120 mph. The outer circulation of Milton began affecting South Florida late October 8th, with tropical storm force wind gusts spreading across South Florida and its outer waters through the early morning hours of Thursday, October 10th.",Data from hurricane hunter aircraft suggested that sustained tropical storm force winds occurred over the coastal waters of Mainland Monroe County on October 9th as Hurricane Milton moved northeast over the eastern Gulf of Mexico.,CSV
202410,9,1500,202410,9,2100,197220,1220164,GULF OF MEXICO,85,2024,October,Marine Tropical Storm,Z,32,BAYSIDE AND GULFSIDE FROM CRAIG KEY TO WEST END OF SEVEN MILE BRIDGE,85032,KEY,09-OCT-24 15:00:00,EST-5,09-OCT-24 21:00:00,0,0,0,0,0.00K,0.00K,C-MAN Station,NA,NA,NA,NA,NA,NA,NA,NA,NA,NA,NA,NA,NA,NA,NA,NA,NA,NA,NA,NA,NA,Sustained lower-end tropical storm force winds overspread the Florida Keys coastal waters from west to east as Hurricane Milton passed well to the north.,"Tropical storm force winds reached a maximum of 37 knots with gusts to 41 knots at Long Key Light, over the western portion of Florida Bay.",CSV
202410,9,1300,202410,9,2300,197220,1220165,GULF OF MEXICO,85,2024,October,Marine Tropical Storm,Z,42,HAWK CHANNEL FROM OCEAN REEF TO CRAIG KEY OUT TO THE REEF,85042,KEY,09-OCT-24 13:00:00,EST-5,09-OCT-24 23:00:00,0,0,0,0,0.00K,0.00K,Mesonet,NA,NA,NA,NA,NA,NA,NA,NA,NA,NA,NA,NA,NA,NA,NA,NA,NA,NA,NA,NA,NA,Sustained lower-end tropical storm force winds overspread the Florida Keys coastal waters from west to east as Hurricane Milton passed well to the north.,"Tropical storm force winds reached a maximum of 40 knots with gusts to 45 knots at Carysfort Reef Light, and 33 knots with gusts to 43 knots at Alligator Reef Light.",CSV
202410,9,300,202410,10,600,197220,1220166,GULF OF MEXICO,85,2024,October,Marine Tropical Storm,Z,44,HAWK CHANNEL FROM WEST END OF SEVEN MILE BRIDGE TO HALFMOON SHOAL OUT TO THE REEF,85044,KEY,09-OCT-24 03:00:00,EST-5,10-OCT-24 06:00:00,0,0,0,0,0.00K,0.00K,C-MAN Station,NA,NA,NA,NA,NA,NA,NA,NA,NA,NA,NA,NA,NA,NA,NA,NA,NA,NA,NA,NA,NA,Sustained lower-end tropical storm force winds overspread the Florida Keys coastal waters from west to east as Hurricane Milton passed well to the north.,"Tropical storm force winds spread over the Lower Keys portions of Hawk Channel, reaching a maximum of 45 knots with gusts to 51 knots at Sand Key Light.",CSV
202410,9,1600,202410,10,1300,197245,1221451,ATLANTIC SOUTH,87,2024,October,Marine Tropical Storm,Z,550,FLAGLER BEACH TO VOLUSIA-BREVARD COUNTY LINE 0-20NM,87550,MLB,09-OCT-24 16:00:00,EST-5,10-OCT-24 13:00:00,0,0,0,0,0.00K,0.00K,Buoy,NA,NA,NA,NA,NA,NA,NA,NA,NA,NA,NA,NA,NA,NA,NA,NA,NA,NA,NA,NA,NA,"Hurricane Milton made landfall as a category 3 hurricane near Siesta Key on Oct 9 before crossing the peninsula and re-emerging into the Atlantic as a category 1 hurricane. Overall, sustained winds reached tropical storm force across the Atlantic waters of east central Florida, with occasional gusts to hurricane force. Numerous waterspouts were witnessed on KMLB radar during the afternoon hours of Oct 9, several of which began as tornadoes before emerging into the Intracoastal and Atlantic waters of the Treasure Coast.","Tropical storm conditions, with gusts to hurricane force (65 to 75 knots), were experienced over the nearshore Atlantic waters of Volusia County. Peak wind gust observations of 65 to 70 knots were witnessed near and over the barrier islands. Buoy 41070, owned and maintained by the Coastal Ocean Research and Monitoring Program (CORMP), 11 miles east-northeast of Daytona Beach, measured a peak wave height of 18 ft at 0405EST on Oct 10.",CSV
202410,9,1600,202410,10,400,196747,1217220,ATLANTIC SOUTH,87,2024,October,Marine Tropical Storm,Z,610,LAKE OKEECHOBEE,87610,MFL,09-OCT-24 16:00:00,EST-5,10-OCT-24 04:00:00,0,0,0,0,0.00K,0.00K,Mesonet,NA,NA,NA,NA,NA,NA,NA,NA,NA,NA,NA,NA,NA,NA,NA,NA,NA,NA,NA,NA,NA,"Hurricane Milton became a Category 5 hurricane in the southwestern Gulf of Mexico on Monday, October 7th about 735 miles southwest of Tampa while moving east-southeast, then turned east and northeast on Tuesday, October 8th while maintaining Category 4 and 5 strength. Milton's maximum winds decreased as it approached the Florida peninsula on October 9th and made landfall near Siesta Key as a Category 3 hurricane with maximum sustained winds of 120 mph. The outer circulation of Milton began affecting South Florida late October 8th, with tropical storm force wind gusts spreading across South Florida and its outer waters through the early morning hours of Thursday, October 10th.","Maximum sustained winds over Lake Okeechobee were in the 35 to 45 knot range, with a peak gust of 57 knots at the Lake Okeechobee Lock 7 FSWN station.",CSV
202410,9,1700,202410,10,1500,197245,1221452,ATLANTIC SOUTH,87,2024,October,Marine Tropical Storm,Z,570,FLAGLER BEACH TO VOLUSIA-BREVARD COUNTY LINE 20-60NM,87570,MLB,09-OCT-24 17:00:00,EST-5,10-OCT-24 15:00:00,0,0,0,0,0.00K,0.00K,Buoy,NA,NA,NA,NA,NA,NA,NA,NA,NA,NA,NA,NA,NA,NA,NA,NA,NA,NA,NA,NA,NA,"Hurricane Milton made landfall as a category 3 hurricane near Siesta Key on Oct 9 before crossing the peninsula and re-emerging into the Atlantic as a category 1 hurricane. Overall, sustained winds reached tropical storm force across the Atlantic waters of east central Florida, with occasional gusts to hurricane force. Numerous waterspouts were witnessed on KMLB radar during the afternoon hours of Oct 9, several of which began as tornadoes before emerging into the Intracoastal and Atlantic waters of the Treasure Coast.","Tropical storm conditions, with gusts to hurricane force (65 to 75 knots), were experienced over the offshore Atlantic waters of Volusia County. Peak wind gust observations of 65 to 70 knots were witnessed near and over the barrier islands. Buoy 41070, owned and maintained by the Coastal Ocean Research and Monitoring Program (CORMP), 11 miles east-northeast of Daytona Beach, measured a peak wave height of 18 ft at 0405EST on Oct 10.",CSV
202410,9,1600,202410,10,1300,197245,1221453,ATLANTIC SOUTH,87,2024,October,Marine Tropical Storm,Z,552,VOLUSIA-BREVARD COUNTY LINE TO SEBASTIAN INLET 0-20NM,87552,MLB,09-OCT-24 16:00:00,EST-5,10-OCT-24 13:00:00,0,0,0,0,0.00K,0.00K,Buoy,NA,NA,NA,NA,NA,NA,NA,NA,NA,NA,NA,NA,NA,NA,NA,NA,NA,NA,NA,NA,NA,"Hurricane Milton made landfall as a category 3 hurricane near Siesta Key on Oct 9 before crossing the peninsula and re-emerging into the Atlantic as a category 1 hurricane. Overall, sustained winds reached tropical storm force across the Atlantic waters of east central Florida, with occasional gusts to hurricane force. Numerous waterspouts were witnessed on KMLB radar during the afternoon hours of Oct 9, several of which began as tornadoes before emerging into the Intracoastal and Atlantic waters of the Treasure Coast.","Tropical storm conditions, with gusts to hurricane force (60 to 70 knots), were experienced over the nearshore Atlantic waters of Brevard County. Buoy 41009, owned and maintained by the National Data Buoy Center, 21 miles east-northeast of Port Canaveral, measured: maximum sustained wind of 41 knots at 0820EST on Oct 10, a peak wind gust of 58 knots at 0140EST on Oct 10, and a peak wave height of 21 ft at 0310EST on Oct 10.",CSV
202410,9,1600,202410,10,400,195641,1209175,GULF OF MEXICO,85,2024,October,Marine Tropical Storm,Z,752,COASTAL WATERS FROM MEXICO BEACH TO APALACHICOLA OUT 20 NM,85752,TAE,09-OCT-24 16:00:00,EST-5,10-OCT-24 04:00:00,0,0,0,0,0.00K,0.00K,Official NWS Observations,NA,NA,NA,NA,NA,NA,NA,NA,NA,NA,NA,NA,NA,NA,NA,NA,NA,NA,NA,NA,NA,Major Hurricane Milton moved across the Florida peninsula and brought tropical force winds to portions of the coastal waters east of Mexico Beach.,NA,CSV
202410,9,1600,202410,10,400,195641,1209176,GULF OF MEXICO,85,2024,October,Marine Tropical Storm,Z,772,WATERS FROM MEXICO BEACH TO APALACHICOLA FL 20 TO 60 NM,85772,TAE,09-OCT-24 16:00:00,EST-5,10-OCT-24 04:00:00,0,0,0,0,0.00K,0.00K,Official NWS Observations,NA,NA,NA,NA,NA,NA,NA,NA,NA,NA,NA,NA,NA,NA,NA,NA,NA,NA,NA,NA,NA,Major Hurricane Milton moved across the Florida peninsula and brought tropical force winds to portions of the coastal waters east of Mexico Beach.,NA,CSV
202410,9,1600,202410,10,400,195641,1209177,GULF OF MEXICO,85,2024,October,Marine Tropical Storm,Z,755,COASTAL WATERS FROM OCHLOCKONEE RIVER TO APALACHICOLA FL OUT TO 20 NM,85755,TAE,09-OCT-24 16:00:00,EST-5,10-OCT-24 04:00:00,0,0,0,0,0.00K,0.00K,Official NWS Observations,NA,NA,NA,NA,NA,NA,NA,NA,NA,NA,NA,NA,NA,NA,NA,NA,NA,NA,NA,NA,NA,Major Hurricane Milton moved across the Florida peninsula and brought tropical force winds to portions of the coastal waters east of Mexico Beach.,NA,CSV
202410,9,1600,202410,10,400,195641,1209178,GULF OF MEXICO,85,2024,October,Marine Tropical Storm,Z,775,SUWANNEE R TO APALACHICOLA FL 20 TO 60NM,85775,TAE,09-OCT-24 16:00:00,EST-5,10-OCT-24 04:00:00,0,0,0,0,0.00K,0.00K,Official NWS Observations,NA,NA,NA,NA,NA,NA,NA,NA,NA,NA,NA,NA,NA,NA,NA,NA,NA,NA,NA,NA,NA,Major Hurricane Milton moved across the Florida peninsula and brought tropical force winds to portions of the coastal waters east of Mexico Beach.,NA,CSV
202410,9,1600,202410,10,400,195641,1209179,GULF OF MEXICO,85,2024,October,Marine Tropical Storm,Z,730,APALACHEE BAY OR COASTAL WATERS FROM KEATON BEACH TO OCHLOCKONEE RIVER FL OUT TO 20 NM,85730,TAE,09-OCT-24 16:00:00,EST-5,10-OCT-24 04:00:00,0,0,0,0,0.00K,0.00K,Official NWS Observations,NA,NA,NA,NA,NA,NA,NA,NA,NA,NA,NA,NA,NA,NA,NA,NA,NA,NA,NA,NA,NA,Major Hurricane Milton moved across the Florida peninsula and brought tropical force winds to portions of the coastal waters east of Mexico Beach.,NA,CSV
202410,9,1600,202410,10,400,195641,1209180,GULF OF MEXICO,85,2024,October,Marine Tropical Storm,Z,765,COASTAL WATERS FROM SUWANNEE RIVER TO KEATON BEACH OUT TO 20 NM,85765,TAE,09-OCT-24 16:00:00,EST-5,10-OCT-24 04:00:00,0,0,0,0,0.00K,0.00K,Official NWS Observations,NA,NA,NA,NA,NA,NA,NA,NA,NA,NA,NA,NA,NA,NA,NA,NA,NA,NA,NA,NA,NA,Major Hurricane Milton moved across the Florida peninsula and brought tropical force winds to portions of the coastal waters east of Mexico Beach.,NA,CSV
202410,9,1900,202410,10,400,196747,1217431,ATLANTIC SOUTH,87,2024,October,Marine Tropical Storm,Z,650,JUPITER INLET TO DEERFIELD BEACH FL OUT 20NM,87650,MFL,09-OCT-24 19:00:00,EST-5,10-OCT-24 04:00:00,0,0,0,0,0.00K,0.00K,Mesonet,NA,NA,NA,NA,NA,NA,NA,NA,NA,NA,NA,NA,NA,NA,NA,NA,NA,NA,NA,NA,NA,"Hurricane Milton became a Category 5 hurricane in the southwestern Gulf of Mexico on Monday, October 7th about 735 miles southwest of Tampa while moving east-southeast, then turned east and northeast on Tuesday, October 8th while maintaining Category 4 and 5 strength. Milton's maximum winds decreased as it approached the Florida peninsula on October 9th and made landfall near Siesta Key as a Category 3 hurricane with maximum sustained winds of 120 mph. The outer circulation of Milton began affecting South Florida late October 8th, with tropical storm force wind gusts spreading across South Florida and its outer waters through the early morning hours of Thursday, October 10th.","Maximum sustained winds over the nearshore waters of Palm Beach County were in the 35 to 40 knot range, with a peak gust of 53 knots at the Juno Beach Pier WxFlow Station.",CSV
202410,9,1900,202410,10,400,196747,1217433,ATLANTIC SOUTH,87,2024,October,Marine Tropical Storm,Z,651,DEERFIELD BEACH TO OCEAN REEF FL,87651,MFL,09-OCT-24 19:00:00,EST-5,10-OCT-24 04:00:00,0,0,0,0,0.00K,0.00K,Mesonet,NA,NA,NA,NA,NA,NA,NA,NA,NA,NA,NA,NA,NA,NA,NA,NA,NA,NA,NA,NA,NA,"Hurricane Milton became a Category 5 hurricane in the southwestern Gulf of Mexico on Monday, October 7th about 735 miles southwest of Tampa while moving east-southeast, then turned east and northeast on Tuesday, October 8th while maintaining Category 4 and 5 strength. Milton's maximum winds decreased as it approached the Florida peninsula on October 9th and made landfall near Siesta Key as a Category 3 hurricane with maximum sustained winds of 120 mph. The outer circulation of Milton began affecting South Florida late October 8th, with tropical storm force wind gusts spreading across South Florida and its outer waters through the early morning hours of Thursday, October 10th.","Maximum sustained winds over the nearshore waters of Broward and Miami-Dade Counties were in the 35 to 40 knot range, with a peak gust of 52 knots at University of Miami Rosenstiel School WEATHERSTEM station.",CSV
202410,9,1700,202410,10,1500,197245,1221454,ATLANTIC SOUTH,87,2024,October,Marine Tropical Storm,Z,572,VOLUSIA-BREVARD COUNTY LINE TO SEBASTIAN INLET 20-60NM,87572,MLB,09-OCT-24 17:00:00,EST-5,10-OCT-24 15:00:00,0,0,0,0,0.00K,0.00K,Buoy,NA,NA,NA,NA,NA,NA,NA,NA,NA,NA,NA,NA,NA,NA,NA,NA,NA,NA,NA,NA,NA,"Hurricane Milton made landfall as a category 3 hurricane near Siesta Key on Oct 9 before crossing the peninsula and re-emerging into the Atlantic as a category 1 hurricane. Overall, sustained winds reached tropical storm force across the Atlantic waters of east central Florida, with occasional gusts to hurricane force. Numerous waterspouts were witnessed on KMLB radar during the afternoon hours of Oct 9, several of which began as tornadoes before emerging into the Intracoastal and Atlantic waters of the Treasure Coast.","Tropical storm conditions, with gusts to hurricane force (60 to 70 knots), were experienced over the offshore Atlantic waters of Brevard County. Buoy 41009, owned and maintained by the National Data Buoy Center, 21 miles east-northeast of Port Canaveral, measured: maximum sustained wind of 41 knots at 0820EST on Oct 10, a peak wind gust of 58 knots at 0140EST on Oct 10, and a peak wave height of 21 ft at 0310EST on Oct 10.",CSV
202410,9,1600,202410,10,1300,197245,1221455,ATLANTIC SOUTH,87,2024,October,Marine Tropical Storm,Z,555,SEBASTIAN INLET TO JUPITER INLET 0-20NM,87555,MLB,09-OCT-24 16:00:00,EST-5,10-OCT-24 13:00:00,0,0,0,0,0.00K,0.00K,Buoy,NA,NA,NA,NA,NA,NA,NA,NA,NA,NA,NA,NA,NA,NA,NA,NA,NA,NA,NA,NA,NA,"Hurricane Milton made landfall as a category 3 hurricane near Siesta Key on Oct 9 before crossing the peninsula and re-emerging into the Atlantic as a category 1 hurricane. Overall, sustained winds reached tropical storm force across the Atlantic waters of east central Florida, with occasional gusts to hurricane force. Numerous waterspouts were witnessed on KMLB radar during the afternoon hours of Oct 9, several of which began as tornadoes before emerging into the Intracoastal and Atlantic waters of the Treasure Coast.","Tropical storm conditions were experienced over the nearshore Atlantic waters of the Treasure Coast with estimated peak wind gusts of 50 to 60 knots. Buoy 41114, owned and maintained by the Scripps Institution of Oceanography, 6 miles east-northeast of Fort Pierce Inlet measured a peak wave height of 12 ft at 1226EST on Oct 10.",CSV
202410,9,1700,202410,10,1400,197245,1221456,ATLANTIC SOUTH,87,2024,October,Marine Tropical Storm,Z,575,SEBASTIAN INLET TO JUPITER INLET 20-60NM,87575,MLB,09-OCT-24 17:00:00,EST-5,10-OCT-24 14:00:00,0,0,0,0,0.00K,0.00K,Buoy,NA,NA,NA,NA,NA,NA,NA,NA,NA,NA,NA,NA,NA,NA,NA,NA,NA,NA,NA,NA,NA,"Hurricane Milton made landfall as a category 3 hurricane near Siesta Key on Oct 9 before crossing the peninsula and re-emerging into the Atlantic as a category 1 hurricane. Overall, sustained winds reached tropical storm force across the Atlantic waters of east central Florida, with occasional gusts to hurricane force. Numerous waterspouts were witnessed on KMLB radar during the afternoon hours of Oct 9, several of which began as tornadoes before emerging into the Intracoastal and Atlantic waters of the Treasure Coast.","Tropical storm conditions were experienced over the offshore Atlantic waters of the Treasure Coast with estimated peak wind gusts of 50 to 60 knots. Buoy 41114, owned and maintained by the Scripps Institution of Oceanography, 6 miles east-northeast of Fort Pierce Inlet measured a peak wave height of 12 ft at 1226EST on Oct 10.",CSV
202410,9,2100,202410,10,1500,196054,1217537,ATLANTIC SOUTH,87,2024,October,Marine Tropical Storm,Z,450,ALTAMAHA SD TO FERNANDINA BEACH FL OUT 20NM,87450,JAX,09-OCT-24 21:00:00,EST-5,10-OCT-24 15:00:00,0,0,0,0,0.00K,0.00K,Official NWS Observations,NA,NA,NA,NA,NA,NA,NA,NA,NA,NA,NA,NA,NA,NA,NA,NA,NA,NA,NA,NA,NA,"A tropical disturbance over the southwest Gulf of Mexico quickly developed into Tropical Storm |Milton on Saturday, October 5th. Milton then moved slowly east-southeastward, strengthening into a |hurricane the following day. On Monday, October 7th, the storm underwent rapid intensification, |reaching Category 5 strength as it neared the northwestern coast of Mexico's Yucat��n Peninsula. Late |on Monday and into Tuesday, Milton shifted eastward and then northeastward across the |southeastern Gulf of Mexico.| As Milton approached Florida���s Gulf coast on Wednesday, October 9th, it began to gradually weaken, |but still maintained major hurricane status. The storm made landfall that evening near Siesta Key on |Florida���s west coast as a strong Category 3 hurricane on the Saffir-Simpson Hurricane Wind Scale. |While it weakened further as it crossed central Florida overnight, Milton remained a hurricane. By |early Thursday morning, October 10th, it emerged off Florida���s Atlantic coast as a Category 1 storm.| Milton caused widespread impacts across north-central and northeast Florida, as well as coastal |southeast Georgia. Flagler County, along with large portions of St. Johns, Putnam, and Marion |counties, experienced sustained tropical storm-force winds and hurricane-force gusts. Rainfall |amounts ranged from 7 to 11 inches as outer rainbands and the storm's powerful northern side |swept through these areas late Wednesday night into early Thursday morning.| This heavy rainfall caused Deep Creek, a tributary of the St. Johns River in St. Johns County, to reach |record levels on Thursday, October 10th, surpassing the previous record set during Hurricane Irma in |2017. This led to extensive flooding throughout the southern half of St. Johns County, particularly in |the Flagler Estates community and the towns of Hastings and Spuds. Additionally, record flooding was |observed along Haw Creek in western Flagler County, exceeding the previous record set in the |aftermath of Hurricane Ian in 2022.| Storm surge flooding of around 3 feet above Mean Higher High Water (MHHW) was recorded along |the St. Johns River and the northeast Florida coast. Significant inundation was reported along the |lower St. Johns River, with widespread flooding in areas such as Welaka, FL.",Jekyll Island had a peak wind gust of 41 mph. The highest wind gusts reported in the county were 40 and 46 mph (3:55 am on 10/10) in Fernandina Beach.,CSV
202410,9,2000,202410,10,1500,196054,1217538,ATLANTIC SOUTH,87,2024,October,Marine Tropical Storm,Z,452,FERNANDINA BEACH TO ST AUGUSTINE FL OUT 20NM,87452,JAX,09-OCT-24 20:00:00,EST-5,10-OCT-24 15:00:00,0,0,0,0,0.00K,0.00K,Official NWS Observations,NA,NA,NA,NA,NA,NA,NA,NA,NA,NA,NA,NA,NA,NA,NA,NA,NA,NA,NA,NA,NA,"A tropical disturbance over the southwest Gulf of Mexico quickly developed into Tropical Storm |Milton on Saturday, October 5th. Milton then moved slowly east-southeastward, strengthening into a |hurricane the following day. On Monday, October 7th, the storm underwent rapid intensification, |reaching Category 5 strength as it neared the northwestern coast of Mexico's Yucat��n Peninsula. Late |on Monday and into Tuesday, Milton shifted eastward and then northeastward across the |southeastern Gulf of Mexico.| As Milton approached Florida���s Gulf coast on Wednesday, October 9th, it began to gradually weaken, |but still maintained major hurricane status. The storm made landfall that evening near Siesta Key on |Florida���s west coast as a strong Category 3 hurricane on the Saffir-Simpson Hurricane Wind Scale. |While it weakened further as it crossed central Florida overnight, Milton remained a hurricane. By |early Thursday morning, October 10th, it emerged off Florida���s Atlantic coast as a Category 1 storm.| Milton caused widespread impacts across north-central and northeast Florida, as well as coastal |southeast Georgia. Flagler County, along with large portions of St. Johns, Putnam, and Marion |counties, experienced sustained tropical storm-force winds and hurricane-force gusts. Rainfall |amounts ranged from 7 to 11 inches as outer rainbands and the storm's powerful northern side |swept through these areas late Wednesday night into early Thursday morning.| This heavy rainfall caused Deep Creek, a tributary of the St. Johns River in St. Johns County, to reach |record levels on Thursday, October 10th, surpassing the previous record set during Hurricane Irma in |2017. This led to extensive flooding throughout the southern half of St. Johns County, particularly in |the Flagler Estates community and the towns of Hastings and Spuds. Additionally, record flooding was |observed along Haw Creek in western Flagler County, exceeding the previous record set in the |aftermath of Hurricane Ian in 2022.| Storm surge flooding of around 3 feet above Mean Higher High Water (MHHW) was recorded along |the St. Johns River and the northeast Florida coast. Significant inundation was reported along the |lower St. Johns River, with widespread flooding in areas such as Welaka, FL.","The highest wind gusts reported in the county were 40 and 46 mph (3:55 am on 10/10) in Fernandina Beach. ||The first rainband came through early morning on Oct. 9th with KNRB Mayport Naval Station measuring a gust of 43 MPH at 3:01 am. Winds begin to ramp up after midnight on Oct. 10th with peak winds occurring between 3-5 AM EDT. At 12:42 am, a mesonet station at Huguenot Park measured a wind gust of 50 mph. At 12:44 am, the AWOS station at Naval Station Mayport measured a wind gust of 52 mph, then at 1:52 am the station measured a gust of 61 mph.  At 1:58 am, a mesonet 1 mile ENE of Fort Caroline measured a wind gust of 50 mph. At 2:13 am, a mesonet site about 1 mile ENE of Fort Caroline measured a wind gust of 54 mph. At 3:30 AM, 1482W Fswn Duval Neptune Beach WeatherSTEM station reported a sustained wind of 48 mph and a gust of 51 mph. At 3:40 am, a mesonet station 1 mile NNE of Jacksonville Beach measured a wind gust of 53 mph. At 3:43 AM, XJAK Jacksonville station reported a sustained wind of 45 mph with a gust of 58 mph. At 3:52 AM, AWOS station KNRB Mayport Naval Station measured a wind gust of 64 mph. At 3:53 AM, ASOS station KCRG Jacksonville Craig measured a sustained wind of 45 mph and a gust of 58 mph. At 4:40 am, a mesonet station 1 mile NNE of Jacksonville Beach measured a sustained wind o f 44 mph. At 5:48 am, a mesonet site about 1 mile WNW of Fort Caroline measured a wind gust of 48 mph. ||On 10/9 at 9:20 PM, FSWN St. Johns County Fire Station reported wind gusts of 51 mph with sustained winds of 40 mph. At 11 pm, the C-man station SAUF1 measured sustained winds of 44 mph with gusts to 49 mph. At 11:20 pm, a mesonet site at JFRD fire station reported sustained winds of 44 mph with gusts to 60 mph. At 11:20 pm, a mesonet site in the City of St. Augustine measured a wind gust of 52 mph. At 11:56 pm, the AWOS at the St. Augustine Airport measured a wind gust of 52 mph. ||On 10/10, at 12 am, a mesonet site at the St. Johns County Fire Station 2 miles SSE of South Ponte Vedra measured a wind gust of 62 mph. Also at 12 am, the C-Man station SAUF1 measured sustained winds o f46 mph with a gust of 54 mph. At 12:38 am, the AWOS at the St. Augustine airport measured a gust of 55 mph. At 1:25 am, the airport AWOS measured a wind gust of 59 mph. At 1:50 am, a mesonet site in the City of St. Augustine measured a wind gust of 55 mph.  At 1:55 am, a mesonet site 2 miles NW of St. Augustine called Lewis measured a gust of 60 mph. At 1:56 am, the St. Augustine airport AWOS  measured a sustained wind of 52 mph with a gust of 60 mph. Also at 1:56 am, a mesonet site 1 mile SSE of Crescent Beach called Summerhouse measured a gust of 55 mph. At 2 AM, AWOS station KSGJ St Augustine measured a sustained wind of 52 mph with a wind gust of 60 mph. At 2:10 am, a mesonet site 2 miles NW of St. Augustine called Lewis measured a wind gust of 63 mph. At 2:20 am, a mesonet site 2 miles SSE of South Ponte Vedra Beach measured a wind gust of 67 mph. At 2:30 AM, FSWN St. Johns County Fire Station measured a peak wind gust of 70 mph. At 2:40 am, a mesonet site in the City of St. Augustine measured a wind gust of 59 mph. At 2:41 am, a mesonet site 1 mile SSE of Crescent Beach called Summerhouse measured a wind gust of 63 mph. At 2:55 AM, XLWS Lewis reported a sustained wind of 44 mph with a gust to 64 mph. At 3 AM, SAUF1 1 NNE Saint Augustine Beach reported sustained winds of 56 mph with a wind gust of 67 mph. At 3:30 am, a mesonet site in the City of St. Augustine measured  a sustained wind of 55 mph with a gust of 61 mph.",CSV
202408,4,2000,202408,5,1000,193053,1197205,GULF OF MEXICO,85,2024,August,Marine Tropical Storm,Z,755,COASTAL WATERS FROM OCHLOCKONEE RIVER TO APALACHICOLA FL OUT TO 20 NM,85755,TAE,04-AUG-24 20:00:00,EST-5,05-AUG-24 10:00:00,0,0,0,0,0.00K,0.00K,Official NWS Observations,NA,NA,NA,NA,NA,NA,NA,NA,NA,NA,NA,NA,NA,NA,NA,NA,NA,NA,NA,NA,NA,"Hurricane Debby moved northward into Apalachee Bay in early August, bringing tropical storm or hurricane force winds to areas east of Apalachicola.",NA,CSV
202408,4,2000,202408,5,1000,193053,1197206,GULF OF MEXICO,85,2024,August,Marine Tropical Storm,Z,730,APALACHEE BAY OR COASTAL WATERS FROM KEATON BEACH TO OCHLOCKONEE RIVER FL OUT TO 20 NM,85730,TAE,04-AUG-24 20:00:00,EST-5,05-AUG-24 10:00:00,0,0,0,0,0.00K,0.00K,Official NWS Observations,NA,NA,NA,NA,NA,NA,NA,NA,NA,NA,NA,NA,NA,NA,NA,NA,NA,NA,NA,NA,NA,"Hurricane Debby moved northward into Apalachee Bay in early August, bringing tropical storm or hurricane force winds to areas east of Apalachicola.",NA,CSV
202411,6,1430,202411,7,230,198190,1225480,GULF OF MEXICO,85,2024,November,Marine Tropical Storm,Z,44,HAWK CHANNEL FROM WEST END OF SEVEN MILE BRIDGE TO HALFMOON SHOAL OUT TO THE REEF,85044,KEY,06-NOV-24 14:30:00,EST-5,07-NOV-24 02:30:00,0,0,0,0,0.00K,0.00K,C-MAN Station,NA,NA,NA,NA,NA,NA,NA,NA,NA,NA,NA,NA,NA,NA,NA,NA,NA,NA,NA,NA,NA,"Hurricane Rafael moved northwest from the northwestern Caribbean Sea, crossing western Cuba and continuing northwest across the southeastern Gulf. The center of Rafael passed 125 miles southwest of Key West during the evening of November 6, 2024 as a category 2 hurricane on the Saffir Simpson Hurricane Wind Scale. Lower-end tropical storm force winds impacted the coastal waters adjacent to the Lower Florida Keys.","Tropical storm force winds impacted Hawk Channel waters along the Atlantic side of the Lower Florida Keys, with the highest winds measured at Sand Key Light sustained at 34 knots with a gust to 56 knots.",CSV
202409,26,200,202409,26,2000,196758,1217132,GULF OF MEXICO,85,2024,September,Marine Tropical Storm,Z,656,CHOKOLOSKEE TO BONITA BEACH FL OUT 20NM,85656,MFL,26-SEP-24 02:00:00,EST-5,26-SEP-24 20:00:00,0,0,0,0,0.00K,0.00K,Other Federal Agency,NA,NA,NA,NA,NA,NA,NA,NA,NA,NA,NA,NA,NA,NA,NA,NA,NA,NA,NA,NA,NA,"The center of Hurricane Helene passed about 200 miles west of Naples as a Category 3 hurricane moving N-NE over the eastern Gulf of Mexico around midday on Thursday, September 26th, then made landfall later that evening in the Florida Big Bend as a Category 4 hurricane. The large wind field around Helene and associated outer bands brought tropical storm force winds across the Gulf waters off Collier County on September 26th.",Data from hurricane hunter aircraft suggested that sustained tropical storm force winds occurred over the coastal Gulf waters off Collier County on September 26th as Hurricane Helene moved north over the eastern Gulf of Mexico.,CSV
202409,26,200,202409,26,2000,196758,1217133,GULF OF MEXICO,85,2024,September,Marine Tropical Storm,Z,657,E CP SABLE TO CHOKOLOSKEE FL OUT 20NM,85657,MFL,26-SEP-24 02:00:00,EST-5,26-SEP-24 20:00:00,0,0,0,0,0.00K,0.00K,Other Federal Agency,NA,NA,NA,NA,NA,NA,NA,NA,NA,NA,NA,NA,NA,NA,NA,NA,NA,NA,NA,NA,NA,"The center of Hurricane Helene passed about 200 miles west of Naples as a Category 3 hurricane moving N-NE over the eastern Gulf of Mexico around midday on Thursday, September 26th, then made landfall later that evening in the Florida Big Bend as a Category 4 hurricane. The large wind field around Helene and associated outer bands brought tropical storm force winds across the Gulf waters off Collier County on September 26th.",Data from hurricane hunter aircraft suggested that sustained tropical storm force winds occurred over the coastal Gulf waters off Mainland Monroe County on September 26th as Hurricane Helene moved north over the eastern Gulf of Mexico.,CSV
202409,26,200,202409,26,2000,196758,1217131,GULF OF MEXICO,85,2024,September,Marine Tropical Storm,Z,676,CHOKOLOSKEE TO BONITA BEACH FL 20 TO 60NM,85676,MFL,26-SEP-24 02:00:00,EST-5,26-SEP-24 20:00:00,0,0,0,0,0.00K,0.00K,Other Federal Agency,NA,NA,NA,NA,NA,NA,NA,NA,NA,NA,NA,NA,NA,NA,NA,NA,NA,NA,NA,NA,NA,"The center of Hurricane Helene passed about 200 miles west of Naples as a Category 3 hurricane moving N-NE over the eastern Gulf of Mexico around midday on Thursday, September 26th, then made landfall later that evening in the Florida Big Bend as a Category 4 hurricane. The large wind field around Helene and associated outer bands brought tropical storm force winds across the Gulf waters off Collier County on September 26th.",Data from hurricane hunter aircraft suggested that sustained tropical storm force winds occurred over the outer Gulf waters off Collier County on September 26th as Hurricane Helene moved north over the eastern Gulf of Mexico.,CSV
202409,26,0,202409,27,0,196756,1217243,ATLANTIC SOUTH,87,2024,September,Marine Tropical Storm,Z,650,JUPITER INLET TO DEERFIELD BEACH FL OUT 20NM,87650,MFL,26-SEP-24 00:00:00,EST-5,27-SEP-24 00:00:00,0,0,0,0,0.00K,0.00K,Mesonet,NA,NA,NA,NA,NA,NA,NA,NA,NA,NA,NA,NA,NA,NA,NA,NA,NA,NA,NA,NA,NA,"The center of Hurricane Helene passed about 200 miles west of Naples as a Category 3 hurricane moving N-NE over the eastern Gulf of Mexico around midday on Thursday, September 26th, then made landfall later that evening in the Florida Big Bend as a Category 4 hurricane. The large wind field around Helene and associated outer bands brought tropical storm force winds and gusts to the immediate Atlantic and Biscayne Bay coasts as well as Lake Okeechobee.","Maximum sustained winds over the nearshore waters off Palm Beach County were in the 35 to 40 knot range. A peak wind gust of 58 knots / 67 mph was recorded at the Juno Beach Pier mesonet station, with a peak wind gust of 53 knots / 61 at the Lake Worth Pier mesonet station.",CSV
202409,26,0,202409,27,0,196756,1217241,ATLANTIC SOUTH,87,2024,September,Marine Tropical Storm,Z,630,BISCAYNE BAY,87630,MFL,26-SEP-24 00:00:00,EST-5,27-SEP-24 00:00:00,0,0,0,0,0.00K,0.00K,Mesonet,NA,NA,NA,NA,NA,NA,NA,NA,NA,NA,NA,NA,NA,NA,NA,NA,NA,NA,NA,NA,NA,"The center of Hurricane Helene passed about 200 miles west of Naples as a Category 3 hurricane moving N-NE over the eastern Gulf of Mexico around midday on Thursday, September 26th, then made landfall later that evening in the Florida Big Bend as a Category 4 hurricane. The large wind field around Helene and associated outer bands brought tropical storm force winds and gusts to the immediate Atlantic and Biscayne Bay coasts as well as Lake Okeechobee.",Maximum sustained winds over Biscayne Bay were in the 35 to 40 knot range. A peak wind gust of 43 knots / 50 mph was recorded at the Biscayne Bay Light 20 WxFlow station.,CSV
202409,26,0,202409,27,0,196756,1217239,ATLANTIC SOUTH,87,2024,September,Marine Tropical Storm,Z,610,LAKE OKEECHOBEE,87610,MFL,26-SEP-24 00:00:00,EST-5,27-SEP-24 00:00:00,0,0,0,0,0.00K,0.00K,Mesonet,NA,NA,NA,NA,NA,NA,NA,NA,NA,NA,NA,NA,NA,NA,NA,NA,NA,NA,NA,NA,NA,"The center of Hurricane Helene passed about 200 miles west of Naples as a Category 3 hurricane moving N-NE over the eastern Gulf of Mexico around midday on Thursday, September 26th, then made landfall later that evening in the Florida Big Bend as a Category 4 hurricane. The large wind field around Helene and associated outer bands brought tropical storm force winds and gusts to the immediate Atlantic and Biscayne Bay coasts as well as Lake Okeechobee.",Maximum sustained winds over Lake Okeechobee were in the 35 to 40 knot range. A peak wind gust of 44 knots / 51 mph was recorded at FSWN mesonet site at Lake Okeechobee Lock 7.,CSV
202409,26,0,202409,27,0,196756,1217242,ATLANTIC SOUTH,87,2024,September,Marine Tropical Storm,Z,651,DEERFIELD BEACH TO OCEAN REEF FL,87651,MFL,26-SEP-24 00:00:00,EST-5,27-SEP-24 00:00:00,0,0,0,0,0.00K,0.00K,Mesonet,NA,NA,NA,NA,NA,NA,NA,NA,NA,NA,NA,NA,NA,NA,NA,NA,NA,NA,NA,NA,NA,"The center of Hurricane Helene passed about 200 miles west of Naples as a Category 3 hurricane moving N-NE over the eastern Gulf of Mexico around midday on Thursday, September 26th, then made landfall later that evening in the Florida Big Bend as a Category 4 hurricane. The large wind field around Helene and associated outer bands brought tropical storm force winds and gusts to the immediate Atlantic and Biscayne Bay coasts as well as Lake Okeechobee.","Maximum sustained winds over the nearshore waters off Miami-Dade and Broward Counties were in the 35 to 40 knot range. A peak wind gust of 56 knots / 65 mph was recorded at the Government Cut mesonet station, with a peak wind gust of 49 knots / 56 mph at Port Everglades mesonet station.",CSV
202409,25,1800,202409,26,2330,196872,1217682,GULF OF MEXICO,85,2024,September,Marine Tropical Storm,Z,42,HAWK CHANNEL FROM OCEAN REEF TO CRAIG KEY OUT TO THE REEF,85042,KEY,25-SEP-24 18:00:00,EST-5,26-SEP-24 23:30:00,0,0,0,0,0.00K,0.00K,Mesonet,NA,NA,NA,NA,NA,NA,NA,NA,NA,NA,NA,NA,NA,NA,NA,NA,NA,NA,NA,NA,NA,"Hurricane Helene moved north northeast across the eastern Gulf of Mexico, strengthening to category 2 strength before passing at closest approach 235 statue miles to the west-northwest of Key West on the morning of September 27, 2024.  Widespread lower-end tropical storm force winds overspread the Florida Keys coastal waters.","Tropical Storm force sustained winds impacted the Hawk Channel waters offshore the Upper Florida Keys, where the WeatherFlow mesonet station at Carysfort Reef Light measured peak sustained winds of 37 knots with gusts to 48 knots.",CSV
202409,25,1700,202409,26,1930,196872,1217683,GULF OF MEXICO,85,2024,September,Marine Tropical Storm,Z,32,BAYSIDE AND GULFSIDE FROM CRAIG KEY TO WEST END OF SEVEN MILE BRIDGE,85032,KEY,25-SEP-24 17:00:00,EST-5,26-SEP-24 19:30:00,0,0,0,0,0.00K,0.00K,C-MAN Station,NA,NA,NA,NA,NA,NA,NA,NA,NA,NA,NA,NA,NA,NA,NA,NA,NA,NA,NA,NA,NA,"Hurricane Helene moved north northeast across the eastern Gulf of Mexico, strengthening to category 2 strength before passing at closest approach 235 statue miles to the west-northwest of Key West on the morning of September 27, 2024.  Widespread lower-end tropical storm force winds overspread the Florida Keys coastal waters.","Tropical storm force winds spread throughout Florida Bay, with the C-MAN station at Long Key Light measured sustained winds of 44 knots with gusts to 48 knots.",CSV
202409,25,1700,202409,26,2330,196872,1217684,GULF OF MEXICO,85,2024,September,Marine Tropical Storm,Z,44,HAWK CHANNEL FROM WEST END OF SEVEN MILE BRIDGE TO HALFMOON SHOAL OUT TO THE REEF,85044,KEY,25-SEP-24 17:00:00,EST-5,26-SEP-24 23:30:00,0,0,0,0,0.00K,0.00K,C-MAN Station,NA,NA,NA,NA,NA,NA,NA,NA,NA,NA,NA,NA,NA,NA,NA,NA,NA,NA,NA,NA,NA,"Hurricane Helene moved north northeast across the eastern Gulf of Mexico, strengthening to category 2 strength before passing at closest approach 235 statue miles to the west-northwest of Key West on the morning of September 27, 2024.  Widespread lower-end tropical storm force winds overspread the Florida Keys coastal waters.","Tropical Storm force winds overspread Hawk Channel waters along the Lower Florida Keys, with Sand Key Light reporting sustained winds up to 46 knots and gusts to 52 knots.",CSV
202409,26,700,202409,27,300,197014,1218979,ATLANTIC SOUTH,87,2024,September,Marine Tropical Storm,Z,555,SEBASTIAN INLET TO JUPITER INLET 0-20NM,87555,MLB,26-SEP-24 07:00:00,EST-5,27-SEP-24 03:00:00,0,0,0,0,0.00K,0.00K,Official NWS Observations,NA,NA,NA,NA,NA,NA,NA,NA,NA,NA,NA,NA,NA,NA,NA,NA,NA,NA,NA,NA,NA,Major Hurricane Helene paralleled the west coast of Florida before making landfall in the Big Bend region of Florida near the city of Perry. The system's expansive wind field produced tropical storm conditions across much of east central Florida including its adjacent coastal waters.,"Helene's expansive wind field produced a period of tropical storm conditions, especially in gusts, over the nearshore waters of the Treasure Coast. A Scripps Institution of Oceanography buoy just offshore Fort Pierce Inlet, Station 41114, recorded maximum seas up to 9 feet.",CSV
202409,26,700,202409,27,300,197014,1218980,ATLANTIC SOUTH,87,2024,September,Marine Tropical Storm,Z,575,SEBASTIAN INLET TO JUPITER INLET 20-60NM,87575,MLB,26-SEP-24 07:00:00,EST-5,27-SEP-24 03:00:00,0,0,0,0,0.00K,0.00K,Official NWS Observations,NA,NA,NA,NA,NA,NA,NA,NA,NA,NA,NA,NA,NA,NA,NA,NA,NA,NA,NA,NA,NA,Major Hurricane Helene paralleled the west coast of Florida before making landfall in the Big Bend region of Florida near the city of Perry. The system's expansive wind field produced tropical storm conditions across much of east central Florida including its adjacent coastal waters.,"Helene's expansive wind field produced a period of tropical storm conditions, especially in gusts, over the offshore waters of the Treasure Coast. A Scripps Institution of Oceanography buoy just offshore Fort Pierce Inlet, Station 41114, recorded maximum seas up to 9 feet.",CSV
202409,26,900,202409,27,300,197014,1218977,ATLANTIC SOUTH,87,2024,September,Marine Tropical Storm,Z,552,VOLUSIA-BREVARD COUNTY LINE TO SEBASTIAN INLET 0-20NM,87552,MLB,26-SEP-24 09:00:00,EST-5,27-SEP-24 03:00:00,0,0,0,0,0.00K,0.00K,Official NWS Observations,NA,NA,NA,NA,NA,NA,NA,NA,NA,NA,NA,NA,NA,NA,NA,NA,NA,NA,NA,NA,NA,Major Hurricane Helene paralleled the west coast of Florida before making landfall in the Big Bend region of Florida near the city of Perry. The system's expansive wind field produced tropical storm conditions across much of east central Florida including its adjacent coastal waters.,"Helene's expansive wind field produced a period of tropical storm conditions, especially in gusts, over the nearshore waters of Brevard County. A National Data Buoy Center buoy 20 nm east of Port Canaveral, Station 41009, measured a maximum sustained wind of 35 knots, peak wind gust of 51 knots and seas up to 12.5 feet. A Scripps Institution of Oceanography buoy just east of Port Canaveral, Station 41113, measured seas up to 11 feet.",CSV
202409,26,900,202409,27,300,197014,1218978,ATLANTIC SOUTH,87,2024,September,Marine Tropical Storm,Z,572,VOLUSIA-BREVARD COUNTY LINE TO SEBASTIAN INLET 20-60NM,87572,MLB,26-SEP-24 09:00:00,EST-5,27-SEP-24 03:00:00,0,0,0,0,0.00K,0.00K,Official NWS Observations,NA,NA,NA,NA,NA,NA,NA,NA,NA,NA,NA,NA,NA,NA,NA,NA,NA,NA,NA,NA,NA,Major Hurricane Helene paralleled the west coast of Florida before making landfall in the Big Bend region of Florida near the city of Perry. The system's expansive wind field produced tropical storm conditions across much of east central Florida including its adjacent coastal waters.,"Helene's expansive wind field produced a period of tropical storm conditions, especially in gusts, over the offshore waters of Brevard County. A National Data Buoy Center buoy 20 nm east of Port Canaveral, Station 41009, measured a maximum sustained wind of 35 knots, peak wind gust of 51 knots and seas up to 12.5 feet. A Scripps Institution of Oceanography buoy just east of Port Canaveral, Station 41113, measured seas up to 11 feet.",CSV
202409,26,1100,202409,27,500,197014,1218973,ATLANTIC SOUTH,87,2024,September,Marine Tropical Storm,Z,550,FLAGLER BEACH TO VOLUSIA-BREVARD COUNTY LINE 0-20NM,87550,MLB,26-SEP-24 11:00:00,EST-5,27-SEP-24 05:00:00,0,0,0,0,0.00K,0.00K,Official NWS Observations,NA,NA,NA,NA,NA,NA,NA,NA,NA,NA,NA,NA,NA,NA,NA,NA,NA,NA,NA,NA,NA,Major Hurricane Helene paralleled the west coast of Florida before making landfall in the Big Bend region of Florida near the city of Perry. The system's expansive wind field produced tropical storm conditions across much of east central Florida including its adjacent coastal waters.,"Helene's expansive wind field produced a period of tropical storm conditions, especially in gusts, over the nearshore waters of Volusia County. A Coastal Ocean Research and Monitoring Program (CORMP) buoy east of Daytona Beach, Station 41070, recorded seas up to 11 feet.",CSV
202409,26,1100,202409,27,500,197014,1218974,ATLANTIC SOUTH,87,2024,September,Marine Tropical Storm,Z,570,FLAGLER BEACH TO VOLUSIA-BREVARD COUNTY LINE 20-60NM,87570,MLB,26-SEP-24 11:00:00,EST-5,27-SEP-24 05:00:00,0,0,0,0,0.00K,0.00K,Official NWS Observations,NA,NA,NA,NA,NA,NA,NA,NA,NA,NA,NA,NA,NA,NA,NA,NA,NA,NA,NA,NA,NA,Major Hurricane Helene paralleled the west coast of Florida before making landfall in the Big Bend region of Florida near the city of Perry. The system's expansive wind field produced tropical storm conditions across much of east central Florida including its adjacent coastal waters.,"Helene's expansive wind field produced a period of tropical storm conditions, especially in gusts, over the offshore waters of Volusia County. A Coastal Ocean Research and Monitoring Program (CORMP) buoy east of Daytona Beach, Station 41070, recorded seas up to 11 feet.",CSV
202408,3,2100,202408,4,2000,195250,1212017,ATLANTIC SOUTH,87,2024,August,Marine Tropical Storm,Z,650,JUPITER INLET TO DEERFIELD BEACH FL OUT 20NM,87650,MFL,03-AUG-24 21:00:00,EST-5,04-AUG-24 20:00:00,0,0,0,0,0.00K,0.00K,Mesonet,NA,NA,NA,NA,NA,NA,NA,NA,NA,NA,NA,NA,NA,NA,NA,NA,NA,NA,NA,NA,NA,"The center of Debby passed about 140 miles west of Naples as a tropical storm moving north-northwest over the eastern Gulf of Mexico around 8 AM EDT on August 4th. Tropical Storm Debby intensified into a hurricane as it passed southwest of Tampa late August 4th before making landfall in the Florida Big Bend area as a Category 1 hurricane on the morning of August 5th. Brief periods of sustained tropical storm force winds of 35 to 40 knots were observed along the immediate Atlantic and Biscayne Bay coasts, with gusts to  tropical storm force over Lake Okeechobee.","Maximum sustained winds over the nearshore waters of Palm Beach County were in the 30 mph range, with peak gusts in the 35 to 40 knot range. A maximum wind gust of 51 knots was measured at the Juno Beach Pier WxFlow station.",CSV
202408,3,1600,202408,4,1000,195251,1214628,GULF OF MEXICO,85,2024,August,Marine Tropical Storm,Z,657,E CP SABLE TO CHOKOLOSKEE FL OUT 20NM,85657,MFL,03-AUG-24 16:00:00,EST-5,04-AUG-24 10:00:00,0,0,0,0,0.00K,0.00K,Other Federal Agency,NA,NA,NA,NA,NA,NA,NA,NA,NA,NA,NA,NA,NA,NA,NA,NA,NA,NA,NA,NA,NA,The center of Debby passed about 140 miles west of Naples as a tropical storm moving north-northwest over the eastern Gulf of Mexico around 8 AM EDT on August 4th. Tropical Storm Debby intensified into a hurricane as it passed southwest of Tampa late August 4th before making landfall in the Florida Big Bend area as a Category 1 hurricane on the morning of August 5th. The outermost edge of Debby's tropical storm force wind field skirted the southwestern Florida Gulf coast on August 3rd and 4th.,Data from hurricane hunter aircraft suggested that sustained tropical storm force winds occurred over the coastal waters of Mainland Monroe County on August 3rd and 4th as Tropical Storm Debby moved north over the eastern Gulf of Mexico.,CSV
202408,3,2200,202408,4,1600,195251,1214629,GULF OF MEXICO,85,2024,August,Marine Tropical Storm,Z,676,CHOKOLOSKEE TO BONITA BEACH FL 20 TO 60NM,85676,MFL,03-AUG-24 22:00:00,EST-5,04-AUG-24 16:00:00,0,0,0,0,0.00K,0.00K,Other Federal Agency,NA,NA,NA,NA,NA,NA,NA,NA,NA,NA,NA,NA,NA,NA,NA,NA,NA,NA,NA,NA,NA,The center of Debby passed about 140 miles west of Naples as a tropical storm moving north-northwest over the eastern Gulf of Mexico around 8 AM EDT on August 4th. Tropical Storm Debby intensified into a hurricane as it passed southwest of Tampa late August 4th before making landfall in the Florida Big Bend area as a Category 1 hurricane on the morning of August 5th. The outermost edge of Debby's tropical storm force wind field skirted the southwestern Florida Gulf coast on August 3rd and 4th.,Data from hurricane hunter aircraft suggested that sustained tropical storm force winds occurred over the coastal waters of Collier County on August 3rd and 4th as Tropical Storm Debby moved north over the eastern Gulf of Mexico.,CSV
202408,3,2100,202408,4,2000,195250,1212010,ATLANTIC SOUTH,87,2024,August,Marine Tropical Storm,Z,630,BISCAYNE BAY,87630,MFL,03-AUG-24 21:00:00,EST-5,04-AUG-24 20:00:00,0,0,0,0,0.00K,0.00K,Mesonet,NA,NA,NA,NA,NA,NA,NA,NA,NA,NA,NA,NA,NA,NA,NA,NA,NA,NA,NA,NA,NA,"The center of Debby passed about 140 miles west of Naples as a tropical storm moving north-northwest over the eastern Gulf of Mexico around 8 AM EDT on August 4th. Tropical Storm Debby intensified into a hurricane as it passed southwest of Tampa late August 4th before making landfall in the Florida Big Bend area as a Category 1 hurricane on the morning of August 5th. Brief periods of sustained tropical storm force winds of 35 to 40 knots were observed along the immediate Atlantic and Biscayne Bay coasts, with gusts to  tropical storm force over Lake Okeechobee.","Maximum sustained winds over Biscayne Bay were in the 35-40 knot range, with a peak gust of 47 knots at the Biscayne Bay Light 20 WxFlow station.",CSV
202408,3,2200,202408,4,1000,195251,1214630,GULF OF MEXICO,85,2024,August,Marine Tropical Storm,Z,656,CHOKOLOSKEE TO BONITA BEACH FL OUT 20NM,85656,MFL,03-AUG-24 22:00:00,EST-5,04-AUG-24 10:00:00,0,0,0,0,0.00K,0.00K,Other Federal Agency,NA,NA,NA,NA,NA,NA,NA,NA,NA,NA,NA,NA,NA,NA,NA,NA,NA,NA,NA,NA,NA,The center of Debby passed about 140 miles west of Naples as a tropical storm moving north-northwest over the eastern Gulf of Mexico around 8 AM EDT on August 4th. Tropical Storm Debby intensified into a hurricane as it passed southwest of Tampa late August 4th before making landfall in the Florida Big Bend area as a Category 1 hurricane on the morning of August 5th. The outermost edge of Debby's tropical storm force wind field skirted the southwestern Florida Gulf coast on August 3rd and 4th.,Data from hurricane hunter aircraft suggested that sustained tropical storm force winds occurred over the coastal waters of Collier County on August 3rd and 4th as Tropical Storm Debby moved north over the eastern Gulf of Mexico.,CSV
202408,3,2100,202408,4,2000,195250,1211996,ATLANTIC SOUTH,87,2024,August,Marine Tropical Storm,Z,651,DEERFIELD BEACH TO OCEAN REEF FL,87651,MFL,03-AUG-24 21:00:00,EST-5,04-AUG-24 20:00:00,0,0,0,0,0.00K,0.00K,Mesonet,NA,NA,NA,NA,NA,NA,NA,NA,NA,NA,NA,NA,NA,NA,NA,NA,NA,NA,NA,NA,NA,"The center of Debby passed about 140 miles west of Naples as a tropical storm moving north-northwest over the eastern Gulf of Mexico around 8 AM EDT on August 4th. Tropical Storm Debby intensified into a hurricane as it passed southwest of Tampa late August 4th before making landfall in the Florida Big Bend area as a Category 1 hurricane on the morning of August 5th. Brief periods of sustained tropical storm force winds of 35 to 40 knots were observed along the immediate Atlantic and Biscayne Bay coasts, with gusts to  tropical storm force over Lake Okeechobee.","Maximum sustained winds over the nearshore waters of Miami-Dade and Broward counties were in the 30-35 knot range, with peak gusts reaching as high as 63 knots at the Port Everglades and Dania Pier WxFlow stations.",CSV
202409,27,806,202409,27,806,196001,1212308,ATLANTIC SOUTH,87,2024,September,Marine Tropical Storm,Z,254,LITTLE R INLET NC TO MURRELLS INLET SC OUT 20NM,87254,ILM,27-SEP-24 08:06:00,EST-5,27-SEP-24 08:06:00,0,0,0,0,0.00K,0.00K,Buoy,NA,NA,NA,NA,NA,NA,NA,NA,NA,NA,NA,NA,NA,NA,NA,NA,NA,NA,NA,NA,NA,Hurricane Helene made landfall along the Gulf Coast of FL in the Big Bend and weakened to a tropical storm before reaching central GA. The storm then turned northwest across the southern Appalachians before weakening to a tropical depression over eastern TN. Tropical Storm Warnings were issued for all of northeast SC. Limited impacts occurred across the coastal waters.,Gage at Springmaid Pier measured a 52 knot wind gust.,CSV
202409,26,1000,202409,27,1100,196052,1217532,ATLANTIC SOUTH,87,2024,September,Marine Tropical Storm,Z,450,ALTAMAHA SD TO FERNANDINA BEACH FL OUT 20NM,87450,JAX,26-SEP-24 10:00:00,EST-5,27-SEP-24 11:00:00,0,0,0,0,0.00K,0.00K,Official NWS Observations,NA,NA,NA,NA,NA,NA,NA,NA,NA,NA,NA,NA,NA,NA,NA,NA,NA,NA,NA,NA,NA,"Hurricane Helene made landfall as a category 4 with peak winds of near 140 mph in the Florida Big |Bend just east of the Aucilla River Entrance in Taylor County, late Thursday evening September 26, |2024.  Helene's main impact to southeast Georgia and northeast Florida was wind damage as it |tracked quickly north-northeast. The very powerful hurricane and the forward motion produced a |wide swath of wind damage across the forecast area with peak wind gusts 55 to 75 mph across the |eastern half of the area, and western zones up to 75 to 100 mph from the Suwannee Valley area |northward through interior southeast GA. The max wind gust of 100 mph was measured at the Alma |GA ASOS in the early morning hours of Friday September 27th.  Given the strength of these winds, |widespread power outages, structure damage and downed or uprooted trees occurred across inland |southeast GA and portions of northeast FL. At least 1 tornado occurred, which was in Coffee county. |Maximum rainfall amounts of 3 to 5 inches were located over western half of the area.","On 9/26 at 11:15 am, a mesonet site on Jekyll Island measured a wind gust of 44 mph. On 9/27 at 12:22 am, a mesonet station on Jekyll Island measured a wind gust of 69  mph. At 1:52 am, the site measured a wind gust of 78 mph from the SE. At 2:15 am, the ASOS KSSI on St. Simons at the McKinnon Airport measured a wind gust of 68 mph from the SE.  At 3:19 am on 9/27, a WeatherStem station on Cumberland Island measured a gust of 53 mph.",CSV
202408,7,700,202408,7,700,195287,1207070,ATLANTIC SOUTH,87,2024,August,Marine Tropical Storm,Z,272,CAPE FEAR NC TO LITTLE RIVER INLET SC FROM 20 TO 40 NM,87272,ILM,07-AUG-24 07:00:00,EST-5,07-AUG-24 07:00:00,0,0,0,0,0.00K,0.00K,Buoy,NA,NA,NA,NA,NA,NA,NA,NA,NA,NA,NA,NA,NA,NA,NA,NA,NA,NA,NA,NA,NA,"After making landfall in the Big Bend area of Florida as a Category 1 hurricane on August 5, Debby weakened to a tropical storm as it slowly moved across southeastern Georgia and offshore before making another landfall along the central SC coast between Charleston and Georgetown. The storm then moved northwest to near the SC/NC border and weakened to a tropical depression on August 8 before quickly becoming a non-tropical low pressure system.",The Frying Pan Shoals buoy had a brief period of tropical storm force winds.,CSV
202505,30,2024,202505,30,2024,202570,1260223,ATLANTIC SOUTH,87,2025,May,Marine Tropical Storm,Z,450,ALTAMAHA SD TO FERNANDINA BEACH FL OUT 20NM,87450,JAX,30-MAY-25 20:24:00,EST-5,30-MAY-25 20:24:00,0,0,0,0,0.00K,0.00K,Official NWS Observations,NA,NA,NA,NA,NA,NA,NA,NA,NA,NA,NA,NA,NA,NA,NA,NA,NA,NA,NA,NA,NA,Evening storms produced strong wind gusts near the local Atlantic coast.,"NOS station FRDF1 Fernandina Beach, FL measured a wind gust of 47 mph.",CSV
202508,21,1000,202508,22,0,204943,1278197,ATLANTIC NORTH,88,2025,August,Marine Tropical Storm,Z,475,CAPE MAY NJ TO FENWICK ISLAND DE OUT 20 TO 40 NM,88475,PHI,21-AUG-25 10:00:00,EST-5,22-AUG-25 00:00:00,0,0,0,0,NA,NA,Buoy,NA,NA,NA,NA,NA,NA,NA,NA,NA,NA,NA,NA,NA,NA,NA,NA,NA,NA,NA,NA,NA,"Hurricane Erin passed about 450 miles south and east of the New Jersey and Delaware coast. The storm had an expansive wind field, and produced tropical storm force gusts for several hours late on August 20th and into August 21st across the coastal waters of New Jersey and Delaware.","Buoy 44009 had several hours of tropical storm force gusts, with a peak sustained wind of 31 kt and peak gust of 39 kt.",CSV
202508,21,1000,202508,22,0,204943,1278198,ATLANTIC NORTH,88,2025,August,Marine Tropical Storm,Z,455,CP HENLOPEN TO FENWICK IS DE OUT 20NM,88455,PHI,21-AUG-25 10:00:00,EST-5,22-AUG-25 00:00:00,0,0,0,0,0.00K,0.00K,Buoy,NA,NA,NA,NA,NA,NA,NA,NA,NA,NA,NA,NA,NA,NA,NA,NA,NA,NA,NA,NA,NA,"Hurricane Erin passed about 450 miles south and east of the New Jersey and Delaware coast. The storm had an expansive wind field, and produced tropical storm force gusts for several hours late on August 20th and into August 21st across the coastal waters of New Jersey and Delaware.","Buoy 44009 had several hours of tropical storm force gusts, with a peak sustained wind of 31 kt and peak gust of 39 kt.",CSV
202508,21,1000,202508,22,0,204943,1278199,ATLANTIC NORTH,88,2025,August,Marine Tropical Storm,Z,454,CP MAY TO CP HENLOPEN DE OUT 20NM,88454,PHI,21-AUG-25 10:00:00,EST-5,22-AUG-25 00:00:00,0,0,0,0,NA,NA,Mesonet,NA,NA,NA,NA,NA,NA,NA,NA,NA,NA,NA,NA,NA,NA,NA,NA,NA,NA,NA,NA,NA,"Hurricane Erin passed about 450 miles south and east of the New Jersey and Delaware coast. The storm had an expansive wind field, and produced tropical storm force gusts for several hours late on August 20th and into August 21st across the coastal waters of New Jersey and Delaware.","Cape Henlopen mesonet had several hours of tropical storm force gusts, with a peak sustained wind of 33 kt and peak gust of 40 kt.",CSV
202508,21,1000,202508,22,0,204943,1278201,ATLANTIC NORTH,88,2025,August,Marine Tropical Storm,Z,473,GREAT EGG INLET NJ TO CAPE MAY NJ OUT 20 TO 40 NM,88473,PHI,21-AUG-25 10:00:00,EST-5,22-AUG-25 00:00:00,0,0,0,0,NA,NA,Mesonet,NA,NA,NA,NA,NA,NA,NA,NA,NA,NA,NA,NA,NA,NA,NA,NA,NA,NA,NA,NA,NA,"Hurricane Erin passed about 450 miles south and east of the New Jersey and Delaware coast. The storm had an expansive wind field, and produced tropical storm force gusts for several hours late on August 20th and into August 21st across the coastal waters of New Jersey and Delaware.","North Wildwood mesonet had several hours of tropical storm force gusts, with a peak sustained wind of 32 kt and peak gust of 38 kt. Mesonet stations in Ludlam Bay in Sea Isle City and Ocean City also recorded tropical storm force wind gusts.",CSV
202508,21,1000,202508,22,0,204943,1278204,ATLANTIC NORTH,88,2025,August,Marine Tropical Storm,Z,453,GREAT EGG INLET TO CP MAY NJ OUT 20NM,88453,PHI,21-AUG-25 10:00:00,EST-5,22-AUG-25 00:00:00,0,0,0,0,NA,NA,Mesonet,NA,NA,NA,NA,NA,NA,NA,NA,NA,NA,NA,NA,NA,NA,NA,NA,NA,NA,NA,NA,NA,"Hurricane Erin passed about 450 miles south and east of the New Jersey and Delaware coast. The storm had an expansive wind field, and produced tropical storm force gusts for several hours late on August 20th and into August 21st across the coastal waters of New Jersey and Delaware.","North Wildwood mesonet had several hours of tropical storm force gusts, with a peak sustained wind of 32 kt and peak gust of 38 kt. Mesonet stations in Ludlam Bay in Sea Isle City and Ocean City also recorded tropical storm force wind gusts.",CSV
202508,21,930,202508,22,0,204943,1278207,ATLANTIC NORTH,88,2025,August,Marine Tropical Storm,Z,472,LITTLE EGG INLET NJ TO GREAT EGG INLET NJ OUT 20 TO 40 NM,88472,PHI,21-AUG-25 09:30:00,EST-5,22-AUG-25 00:00:00,0,0,0,0,NA,NA,Other Federal Agency,NA,NA,NA,NA,NA,NA,NA,NA,NA,NA,NA,NA,NA,NA,NA,NA,NA,NA,NA,NA,NA,"Hurricane Erin passed about 450 miles south and east of the New Jersey and Delaware coast. The storm had an expansive wind field, and produced tropical storm force gusts for several hours late on August 20th and into August 21st across the coastal waters of New Jersey and Delaware.","The USGS site at the Atlantic City Marina had several hours of tropical storm force wind gusts, with a peak sustained wind of 30 kt and peak gust of 40 kt.",CSV
202508,21,930,202508,22,0,204943,1278210,ATLANTIC NORTH,88,2025,August,Marine Tropical Storm,Z,472,LITTLE EGG INLET NJ TO GREAT EGG INLET NJ OUT 20 TO 40 NM,88472,PHI,21-AUG-25 09:30:00,EST-5,22-AUG-25 00:00:00,0,0,0,0,NA,NA,Other Federal Agency,NA,NA,NA,NA,NA,NA,NA,NA,NA,NA,NA,NA,NA,NA,NA,NA,NA,NA,NA,NA,NA,"Hurricane Erin passed about 450 miles south and east of the New Jersey and Delaware coast. The storm had an expansive wind field, and produced tropical storm force gusts for several hours late on August 20th and into August 21st across the coastal waters of New Jersey and Delaware.","The USGS site at the Atlantic City Marina had several hours of tropical storm force wind gusts, with a peak sustained wind of 30 kt and peak gust of 40 kt.",CSV
202508,20,2330,202508,21,2200,204943,1278218,ATLANTIC NORTH,88,2025,August,Marine Tropical Storm,Z,471,MANASQUAN INLET NJ TO LITTLE EGG INLET NJ OUT 20 TO 40 NM,88471,PHI,20-AUG-25 23:30:00,EST-5,21-AUG-25 22:00:00,0,0,0,0,NA,NA,Buoy,NA,NA,NA,NA,NA,NA,NA,NA,NA,NA,NA,NA,NA,NA,NA,NA,NA,NA,NA,NA,NA,"Hurricane Erin passed about 450 miles south and east of the New Jersey and Delaware coast. The storm had an expansive wind field, and produced tropical storm force gusts for several hours late on August 20th and into August 21st across the coastal waters of New Jersey and Delaware.","Barnegat Inlet Light had several hours of tropical storm force wind gusts with a peak sustained wind of 33 kt and peak gust of 41 kt. Mesonet stations in Seaside Heights, Long Beach Island, Tuckerton, and Kite Island also measured several hours of tropical storm force wind gusts.",CSV
202508,20,2330,202508,21,2200,204943,1278221,ATLANTIC NORTH,88,2025,August,Marine Tropical Storm,Z,451,MANASQUAN INLET TO LITTLE EGG INLET NJ OUT 20NM,88451,PHI,20-AUG-25 23:30:00,EST-5,21-AUG-25 22:00:00,0,0,0,0,0.00K,0.00K,Buoy,NA,NA,NA,NA,NA,NA,NA,NA,NA,NA,NA,NA,NA,NA,NA,NA,NA,NA,NA,NA,NA,"Hurricane Erin passed about 450 miles south and east of the New Jersey and Delaware coast. The storm had an expansive wind field, and produced tropical storm force gusts for several hours late on August 20th and into August 21st across the coastal waters of New Jersey and Delaware.","Barnegat Inlet Light had several hours of tropical storm force wind gusts with a peak sustained wind of 33 kt and peak gust of 41 kt. Mesonet stations in Seaside Heights, Long Beach Island, Tuckerton, and Kite Island also measured several hours of tropical storm force wind gusts.",CSV
202508,21,300,202508,21,1830,206957,1292175,ATLANTIC NORTH,88,2025,August,Marine Tropical Storm,Z,634,"CHESAPEAKE BAY FROM LITTLE CREEK, VA, TO CAPE HENRY, VA, INCLUDING THE CHESAPEAKE BAY BRIDGE TUNNEL",88634,AKQ,21-AUG-25 03:00:00,EST-5,21-AUG-25 18:30:00,0,0,0,0,NA,NA,Mesonet,NA,NA,NA,NA,NA,NA,NA,NA,NA,NA,NA,NA,NA,NA,NA,NA,NA,NA,NA,NA,NA,"The center of Hurricane Erin stayed several hundred miles east of the Middle Atlantic coast on August 21, 2025. However, due the extremely large size of the cyclone with an expansive wind field, tropical storm force gusts occurred over the coastal waters and lower/middle Chesapeake Bay.",The Third Island (XBBT) mesonet measured tropical storm force winds of 30 to 45 knots between 3 AM and 6:30 PM EST with a peak gust of 43 knots at 12:03 PM EST. The Lynnhaven Inlet Light (XLHI) mesonet measured tropical storm force winds between 30 and 35 knots between 8 AM and 5 PM EST with a peak gust of 34 knots at 9:39 AM EST.,CSV
202508,21,300,202508,21,1800,206957,1292070,ATLANTIC NORTH,88,2025,August,Marine Tropical Storm,Z,631,CHESAPEAKE BAY WINDMILL PT TO NEW PT COMFORT VA,88631,AKQ,21-AUG-25 03:00:00,EST-5,21-AUG-25 18:00:00,0,0,0,0,NA,NA,Mesonet,NA,NA,NA,NA,NA,NA,NA,NA,NA,NA,NA,NA,NA,NA,NA,NA,NA,NA,NA,NA,NA,"The center of Hurricane Erin stayed several hundred miles east of the Middle Atlantic coast on August 21, 2025. However, due the extremely large size of the cyclone with an expansive wind field, tropical storm force gusts occurred over the coastal waters and lower/middle Chesapeake Bay.",The Rappahannock Shoal mesonet measured tropical storm force winds of 30 and 40 knots between 3 AM and 6 PM EST with a peak gust of 37 knots at 9:24 AM EST. The Silver Beach mesonet measured a peak gust to 35 knots at 12:11 PM EST.,CSV
202508,21,400,202508,21,1600,206957,1292174,ATLANTIC NORTH,88,2025,August,Marine Tropical Storm,Z,632,"MOUTH OF CHESAPEAKE BAY FROM NEW POINT COMFORT TO LITTLE CREEK, VA",88632,AKQ,21-AUG-25 04:00:00,EST-5,21-AUG-25 16:00:00,0,0,0,0,NA,NA,Mesonet,NA,NA,NA,NA,NA,NA,NA,NA,NA,NA,NA,NA,NA,NA,NA,NA,NA,NA,NA,NA,NA,"The center of Hurricane Erin stayed several hundred miles east of the Middle Atlantic coast on August 21, 2025. However, due the extremely large size of the cyclone with an expansive wind field, tropical storm force gusts occurred over the coastal waters and lower/middle Chesapeake Bay.",The Thimble Shoals (XTHM) mesonet measured tropical storm force winds of 30 and 35 knots between 4 AM and 4 PM EST with a peak gust of 36 kt at 9:35 AM EST. The York Spit mesonet measured a peak gust of 35 knots at 5:12 AM EST and the Plantation Flats (XPLT) mesonet measured a peak gust to 36 knots at 9:25 AM EST.,CSV
202508,21,500,202508,21,1400,206957,1292065,ATLANTIC NORTH,88,2025,August,Marine Tropical Storm,Z,630,CHESAPEAKE BAY SMITH PT TO WINDMILL PT VA,88630,AKQ,21-AUG-25 05:00:00,EST-5,21-AUG-25 14:00:00,0,0,0,0,NA,NA,Mesonet,NA,NA,NA,NA,NA,NA,NA,NA,NA,NA,NA,NA,NA,NA,NA,NA,NA,NA,NA,NA,NA,"The center of Hurricane Erin stayed several hundred miles east of the Middle Atlantic coast on August 21, 2025. However, due the extremely large size of the cyclone with an expansive wind field, tropical storm force gusts occurred over the coastal waters and lower/middle Chesapeake Bay.",The Tangier Sound Light (XTSL) mesonet measured tropical storm force winds of 30 and 35 knots between 5 AM and 2 PM EST with a peak gust of 34 knots observed at 10:01 AM EST. The Onancock (XHAK) mesonet measured a gust to 34 knots at 11:53 AM EST.,CSV
202508,21,300,202508,21,830,206958,1291185,ATLANTIC NORTH,88,2025,August,Marine Tropical Storm,Z,638,JAMES RIVER FROM JAMES RIVER BRIDGE TO HAMPTON ROADS BRIDGE-TUNNEL,88638,AKQ,21-AUG-25 03:00:00,EST-5,21-AUG-25 08:30:00,0,0,0,0,NA,NA,Mesonet,NA,NA,NA,NA,NA,NA,NA,NA,NA,NA,NA,NA,NA,NA,NA,NA,NA,NA,NA,NA,NA,"The center of Hurricane Erin stayed several hundred miles east of the Middle Atlantic coast on August 21, 2025. However, due the extremely large size of the cyclone with an expansive wind field, tropical storm force gusts occurred over the coastal waters, lower/middle Chesapeake Bay, and the Lower James River.",The Middle Ground Lighthouse (XMGL) mesonet measured tropical storm force winds of 30 and 40 knots between 3 AM and 8:30 AM with a peak gust of 37 knots observed at 5:31 AM EST.,CSV
202508,21,200,202508,21,1530,206956,1291186,ATLANTIC NORTH,88,2025,August,Marine Tropical Storm,Z,650,FENWICK IS DE TO CHINCOTEAGUE VA OUT 20NM,88650,AKQ,21-AUG-25 02:00:00,EST-5,21-AUG-25 15:30:00,0,0,0,0,NA,NA,Mesonet,NA,NA,NA,NA,NA,NA,NA,NA,NA,NA,NA,NA,NA,NA,NA,NA,NA,NA,NA,NA,NA,"The center of Hurricane Erin stayed several hundred miles east of the Middle Atlantic coast on August 21, 2025. However, due the extremely large size of the cyclone with an expansive wind field, tropical storm force gusts occurred over the coastal waters and lower/middle Chesapeake Bay. Large swell of up to 15 feet from Erin impacted the Middle Atlantic coastal waters causing significant beach erosion and rip currents.",The Ocean City (XOCN) mesonet measured tropical storm force winds of 34 and 45 knots between 8 AM and 3:30 PM with a peak gust of 43 knots observed at 1:33 PM EST. An additional period of 30 to 35 knot winds was observed between 2 AM and 3 AM EST.,CSV
202508,21,300,202508,21,1700,206955,1291187,ATLANTIC NORTH,88,2025,August,Marine Tropical Storm,Z,656,CP CHARLES LT VA TO NC-VA BDR OUT 20NM,88656,AKQ,21-AUG-25 03:00:00,EST-5,21-AUG-25 17:00:00,0,0,0,0,NA,NA,Mesonet,NA,NA,NA,NA,NA,NA,NA,NA,NA,NA,NA,NA,NA,NA,NA,NA,NA,NA,NA,NA,NA,"The center of Hurricane Erin stayed several hundred miles east of the Middle Atlantic coast on August 21, 2025. However, due the extremely large size of the cyclone with an expansive wind field, tropical storm force gusts occurred over the coastal waters and lower/middle Chesapeake Bay. Large swell of up to 15 feet from Erin impacted the Middle Atlantic coastal waters causing significant beach erosion and rip currents.","The Chesapeake Light Tower (XCLT) mesonet measured tropical storm force winds of 34 and 45 knots between 3 AM and 5 PM with a peak gust of 45 knots observed at 12:55 PM EST. The Sandbridge (XSBR) mesonet measured a peak gust to 34 knots at 9:05 AM EST, the Rudee Inlet (XRUD) mesonet measured a peak gust to 35 knots at 5:47 AM EST, and the Cape Henry (XHEN) mesonet measured a peak gust to 41 knots at 10:23 AM EST.",CSV
202508,21,130,202508,21,1400,206954,1291188,ATLANTIC NORTH,88,2025,August,Marine Tropical Storm,Z,658,NC-VA BDR TO CURRITUCK BEACH LT OUT 20NM,88658,AKQ,21-AUG-25 01:30:00,EST-5,21-AUG-25 14:00:00,0,0,0,0,NA,NA,Mesonet,NA,NA,NA,NA,NA,NA,NA,NA,NA,NA,NA,NA,NA,NA,NA,NA,NA,NA,NA,NA,NA,"The center of Hurricane Erin stayed several hundred miles east of the Middle Atlantic coast on August 21, 2025. However, due the extremely large size of the cyclone with an expansive wind field, tropical storm force gusts occurred over the coastal waters and lower/middle Chesapeake Bay. Large swell of up to 15 feet from Erin impacted the Middle Atlantic coastal waters causing significant beach erosion and rip currents.",The CCEM Carova Beach Fire Department mesonet measured tropical storm force winds of 30 and 35 knots between 1:30 AM and 2 PM with a peak gust of 35 knots observed at 6:30 AM EST.,CSV
