BEGIN_YEARMONTH,BEGIN_DAY,BEGIN_TIME,END_YEARMONTH,END_DAY,END_TIME,EPISODE_ID,EVENT_ID,STATE,STATE_FIPS,YEAR,MONTH_NAME,EVENT_TYPE,CZ_TYPE,CZ_FIPS,CZ_NAME,cty_fips,WFO,BEGIN_DATE_TIME,CZ_TIMEZONE,END_DATE_TIME,INJURIES_DIRECT,INJURIES_INDIRECT,DEATHS_DIRECT,DEATHS_INDIRECT,DAMAGE_PROPERTY,DAMAGE_CROPS,SOURCE,MAGNITUDE,MAGNITUDE_TYPE,FLOOD_CAUSE,CATEGORY,TOR_F_SCALE,TOR_LENGTH,TOR_WIDTH,TOR_OTHER_WFO,TOR_OTHER_CZ_STATE,TOR_OTHER_CZ_FIPS,TOR_OTHER_CZ_NAME,BEGIN_RANGE,BEGIN_AZIMUTH,BEGIN_LOCATION,END_RANGE,END_AZIMUTH,END_LOCATION,BEGIN_LAT,BEGIN_LON,END_LAT,END_LON,EPISODE_NARRATIVE,EVENT_NARRATIVE,DATA_SOURCE
200612,27,1400,200612,27,2000,1160,4940,E PACIFIC,86,2006,December,Marine Strong Wind,Z,775,SAN MATEO PT TO MEXICAN BDR 30 TO 60NM,86775,SGX,27-DEC-06 14:00:00,PST-8,27-DEC-06 20:00:00,0,0,0,0,1.00K,0.00K,Buoy,45,MG,NA,NA,NA,NA,NA,NA,NA,NA,NA,0,N,SAN CLEMENTE IS. NALF,0,N,SAN CLEMENTE IS. NALF,33.02,-118.58,33.02,-118.58,"Gale force winds behind a strong cold front swept across the entire coastal waters off San Diego County. At the peak, winds were sustained 43 mph with gusts to 52 mph at San Clemente Island. Elswhere, the San Clemente Basin Buoy measured a sustained wind of 40 mph with gusts to 47 mph. Similar wind speeds were observed along the coast as well, including several wind gusts in excess of 50 mph. The gale generated large, short period waves that resulted in very hazardous boating conditions. The most extreme example of this was at Newport Beach where 10-12 foot waves were observed with a 3 second period. Further south, the Oceanside Harbor entrance buoy reported a 16 foot wave with a 9 second period. No reports of significant damage have been received at this time, which may indicate that mariners heeded the warning and remained in harbor.",NA,CSV
200610,6,1700,200610,6,2100,226,937,ATLANTIC NORTH,88,2006,October,Marine Strong Wind,Z,632,CHESAPEAKE BAY NEW PT COMFORT TO CP HENRY VA,88632,AKQ,06-OCT-06 17:00:00,EST-5,06-OCT-06 21:00:00,0,0,2,0,0.00K,0.00K,Broadcast Media,40,EG,NA,NA,NA,NA,NA,NA,NA,NA,NA,10,SW,NEW POINT COMFORT,10,SW,NEW POINT COMFORT,37.2,-76.12,37.2,-76.12,A strong low pressure system off the North Carolina coast caused gale force winds across much of the Mid Atlantic coast and southern Chesapeake  Bay.,Two fisherman cast off from the Poquoson River in a 17-foot skiff in the late afternoon and were reported missing several hours later.,CSV
200612,27,1400,200612,27,1700,1160,6618,E PACIFIC,86,2006,December,Marine Strong Wind,Z,750,SAN MATEO PT TO MEXICAN BDR OUT 30NM,86750,SGX,27-DEC-06 14:00:00,PST-8,27-DEC-06 17:00:00,0,0,0,0,1.00K,0.00K,ASOS,41,MG,NA,NA,NA,NA,NA,NA,NA,NA,NA,0,N,OCEANSIDE HARBOR,0,N,POINT LOMA,33.2,-117.38,32.67,-117.23,"Gale force winds behind a strong cold front swept across the entire coastal waters off San Diego County. At the peak, winds were sustained 43 mph with gusts to 52 mph at San Clemente Island. Elswhere, the San Clemente Basin Buoy measured a sustained wind of 40 mph with gusts to 47 mph. Similar wind speeds were observed along the coast as well, including several wind gusts in excess of 50 mph. The gale generated large, short period waves that resulted in very hazardous boating conditions. The most extreme example of this was at Newport Beach where 10-12 foot waves were observed with a 3 second period. Further south, the Oceanside Harbor entrance buoy reported a 16 foot wave with a 9 second period. No reports of significant damage have been received at this time, which may indicate that mariners heeded the warning and remained in harbor.",NA,CSV
200706,7,1300,200706,7,1300,7778,44783,LAKE MICHIGAN,91,2007,June,Marine Strong Wind,Z,740,WINTHROP HBR TO WILMETTE HBR IL,91740,LOT,07-JUN-07 13:00:00,CST-6,07-JUN-07 13:00:00,0,0,1,0,0.00K,0.00K,Newspaper,39,EG,NA,NA,NA,NA,NA,NA,NA,NA,NA,0,N,WAUKEGAN HARBOR,0,N,WAUKEGAN HARBOR,42.37,-87.83,42.37,-87.83,Gale force winds blew across southern Lake Michigan during the afternoon hours of June 7th.  A 19 year old man drown in choppy waters while trying to save a friend who was having trouble swimming near Waukegan.,NA,CSV
200706,7,1600,200706,7,1600,7802,44971,LAKE MICHIGAN,91,2007,June,Marine Strong Wind,Z,645,NORTH PT LT TO WIND PT WI,91645,MKX,07-JUN-07 16:00:00,CST-6,07-JUN-07 16:00:00,0,0,0,0,1.00K,0.00K,Other Federal Agency,39,MG,NA,NA,NA,NA,NA,NA,NA,NA,NA,2.2,NE,MILWAUKEE HARBOR,2.2,NE,MILWAUKEE HARBOR,43.0525,-87.9392,43.0525,-87.9392,"Strong, gusty, gradient, southwest winds ahead of a cold front peaked over 34 knots (40 mph) over the Lake Michigan waters.",A canopy on a boat in the harbor was ripped into pieces.,CSV
200706,7,900,200706,7,900,7802,44972,LAKE MICHIGAN,91,2007,June,Marine Strong Wind,Z,646,WIND PT LT WI TO WINTHROP HBR IL,91646,MKX,07-JUN-07 09:00:00,CST-6,07-JUN-07 09:00:00,0,0,0,0,1.00K,0.00K,Other Federal Agency,37,MG,NA,NA,NA,NA,NA,NA,NA,NA,NA,0.6,NE,KENOSHA,0.6,NE,KENOSHA,42.5861,-87.8217,42.5861,-87.8217,"Strong, gusty, gradient, southwest winds ahead of a cold front peaked over 34 knots (40 mph) over the Lake Michigan waters.",A canopy on a boat in the harbor was ripped into pieces.,CSV
200705,30,1942,200705,30,1942,5574,32635,GULF OF MEXICO,85,2007,May,Marine Strong Wind,Z,355,HIGH IS TO FREEPORT TX OUT 20NM,85355,HGX,30-MAY-07 19:42:00,CST-6,30-MAY-07 19:42:00,0,0,0,0,1.00K,0.00K,Other Federal Agency,43,MG,NA,NA,NA,NA,NA,NA,NA,NA,NA,0,N,PLEASURE PIER,0,N,PLEASURE PIER,29.28,-94.78,29.28,-94.78,An inland mesoscale-high formed over Harris and Galveston Counties in a post-storm environment. This created a tight near-coastal pressure gradient that increased Galveston Bay's early evening winds.,Measured via PORTS instrumentation.,CSV
200705,16,1815,200705,16,1815,6036,35279,ATLANTIC NORTH,88,2007,May,Marine Strong Wind,Z,455,CP HENLOPEN TO FENWICK IS DE OUT 20NM,88455,PHI,16-MAY-07 18:15:00,EST-5,16-MAY-07 18:15:00,3,0,0,0,0.00K,0.00K,Newspaper,25,EG,NA,NA,NA,NA,NA,NA,NA,NA,NA,1,SE,LEWES DE,1,SE,LEWES DE,38.7598,-75.1369,38.7598,-75.1369,"Three men (20-year-old, 21-year-old and 25-year-old) were rescued from the frigid waters off of Cape Henlopen on the afternoon of the 16th after their kayaks overturned. All were treated for hypothermia and released. The men left the Capes Shore Beach between the state fishing pier and the Cape Shores pier at about 315 p.m. EDT on the 16th and were headed for Lewes. They were about 600 yards offshore, where the winds and waves increased. Winds were estimated at about 25 knots. A large wave hit the two-man kayak. It took on water and a panicked man leaned into the waves and overturned the kayak. They were unable to right it. They then took turns in and out of the remaining one-man kayak which after about 15 minutes also was flipped. They were spotted in the water by a Cape Henlopen State Park ranger. A Delaware State Police helicopter and a patrol boat of the State Division of Fish and Wildlife Enforcement assisted in the rescue. They were in the water for about 40 minutes and ocean water temperatures were in the mid 50s.",NA,CSV
200703,15,1530,200703,15,1530,3424,18675,ATLANTIC NORTH,88,2007,March,Marine Strong Wind,Z,534,CHESAPEAKE BAY DRUM PT TO SMITH PT VA,88534,LWX,15-MAR-07 15:30:00,EST-5,15-MAR-07 15:30:00,5,0,0,0,0.00K,0.00K,Newspaper,25,MG,NA,NA,NA,NA,NA,NA,NA,NA,NA,0,N,SOLOMONS ISLAND,0,N,SOLOMONS ISLAND,38.32,-76.45,38.32,-76.45,A cold front approaching the Maryland Chesapeake Bay on March 15th produced gusty winds.  Automated surface observations from Annapolis and Patuxent River on western shore of the Bay reported wind gusts between 20 and 25 knots.,"Five Sailboats overturned off Solomons Island, MD., in Calvert County. Ten teenage sailing students fell into the 40-degree water. A few students were treated at the scene for hypothermia. Emergency response pulled everyone from the water within 10 minutes.",CSV
200707,4,1920,200707,4,1920,5950,34717,ATLANTIC NORTH,88,2007,July,Marine Strong Wind,Z,451,MANASQUAN INLET TO LITTLE EGG INLET NJ OUT 20NM,88451,PHI,04-JUL-07 19:20:00,EST-5,04-JUL-07 19:20:00,7,0,1,0,0.00K,0.00K,Newspaper,30,EG,NA,NA,NA,NA,NA,NA,NA,NA,NA,8,NNW,BARNEGAT INLET,8,NNW,BARNEGAT INLET,39.8569,-74.2776,39.8569,-74.2776,"A 32-year-old woman drowned in Barnegat Bay after a boat she was riding in capsized at about 820 p.m. EDT. Winds were estimated to be gusting at 30 to 35 mph from the south at the time the boat capsized. The capsizing was made easier by two waves which struck the boat. All the other passengers on the boat, including a 11-month-old and three-year-old child survived.",NA,CSV
200709,29,1100,200709,29,1100,11105,61065,E PACIFIC,86,2007,September,Marine Strong Wind,Z,210,COLUMBIA RIVER BAR,86210,PQR,29-SEP-07 11:00:00,PST-8,29-SEP-07 11:00:00,0,0,1,0,0.00K,0.00K,Newspaper,30,EG,NA,NA,NA,NA,NA,NA,NA,NA,NA,0,N,CAPE DISAPPOINTMENT,0,N,CAPE DISAPPOINTMENT,46.23,-124.03,46.23,-124.03,"A Pacific storm brought strong winds to the coastal waters, which helped to increase swell conditions in the Columbia River bar. A man was thrown overboard in the strong winds and large swell.  The USCG conducted a search, but never found the individual.  He is presumed dead.","A man was thrown overboard near the Columbia River bar. There was a search conducted by the Coast Guard and assisted by the Columbia River Bar Pilots, but it was suspended after the man couldn't be found.",CSV
200808,26,930,200808,26,930,22846,133923,ATLANTIC NORTH,88,2008,August,Marine Strong Wind,Z,335,LONG ISLAND SOUND W OF NEW HAVEN CT TO PORT JEFFERSON NY,88335,OKX,26-AUG-08 09:30:00,EST-5,26-AUG-08 09:30:00,0,0,1,0,NA,NA,Newspaper,20,EG,NA,NA,NA,NA,NA,NA,NA,NA,NA,8.02,SW,BRIDGEPORT HARBOR,8.02,SW,BRIDGEPORT HARBOR,41.1011,-73.3331,41.1011,-73.3331,"Gusty northwest winds, of up to 20 knots behind a departing cold front, caused a catamaran to capsize in Western Long Island Sound, near Westport. A 3 year old occupant of the boat drowned in the accident.","Gusty northwest winds, of up to 20 knots behind a departing cold front, caused a catamaran to capsize in Western Long Island Sound, near Westport. A 3 year old occupant of the boat drowned in the accident.",CSV
200801,20,6,200801,20,206,12168,66545,GULF OF MEXICO,85,2008,January,Marine Strong Wind,Z,853,ENGLEWOOD TO TARPON SPRINGS FL OUT 20NM,85853,TBW,20-JAN-08 00:06:00,EST-5,20-JAN-08 02:06:00,0,0,0,0,0.10K,0.00K,C-MAN Station,36,MG,NA,NA,NA,NA,NA,NA,NA,NA,NA,0,N,CLEARWATER BEACH,0,N,CLEARWATER BEACH,27.98,-82.83,27.98,-82.83,A strong cold front pushed through the area and winds increased to gale force for a few hours behind the line of thunderstorms associated with the front.,Frequent wind gusts of 34 to 36 knots were measured at the Clearwater Beach CO-OPS sensor for two hours.,CSV
200801,20,6,200801,20,212,12168,66546,GULF OF MEXICO,85,2008,January,Marine Strong Wind,Z,853,ENGLEWOOD TO TARPON SPRINGS FL OUT 20NM,85853,TBW,20-JAN-08 00:06:00,EST-5,20-JAN-08 02:12:00,0,0,0,0,0.10K,0.00K,C-MAN Station,38,MG,NA,NA,NA,NA,NA,NA,NA,NA,NA,13.14,S,ST PETERSBURG BEACH,13.14,S,ST PETERSBURG BEACH,27.54,-82.74,27.54,-82.74,A strong cold front pushed through the area and winds increased to gale force for a few hours behind the line of thunderstorms associated with the front.,Frequent wind gusts of 34 to 38 knots were measured at the Anna Maria COMPS station for two hours.,CSV
200803,15,600,200803,15,2000,14365,80775,E PACIFIC,86,2008,March,Marine Strong Wind,Z,545,POINT REYES TO PIGEON POINT CALIFORNIA OUT TO 20 NM,86545,MTR,15-MAR-08 06:00:00,PST-8,15-MAR-08 20:00:00,0,0,2,0,25.00K,0.00K,Newspaper,25,EG,NA,NA,NA,NA,NA,NA,NA,NA,NA,1.34,SE,POINT BONITA,1.34,SE,POINT BONITA,37.8044,-122.5154,37.8044,-122.5154,"Two men participating in a race to benefit United Celebral Palsy were lost at sea after they left the Richardson Bay Marina in San Francisco Bay around 9am aboard a 32 foot boat named Daisy on Saturday March 15th. Around 1030am Sunday morning March 16th, officials recovered debris from the boat about 5 miles west of the Golden Gate Bridge. An hour later, the body of one of the sailors was found. The other body has not been recovered.","Two men participating in a race to benefit United Celebral Palsy were lost at sea after they left the Richardson Bay Marina om San Francisco Bay around 9am aboard a 32 foot boat named Daisy on Saturday March 17th. Around 1030am Sunday morning March 18th, officials recovered debris from the boat about 5 miles west of the Golden Gate Bridge. An hour later, the body of one of the sailors was found. The other body has not been recovered.",CSV
200808,22,1100,200808,22,2300,22107,130224,GULF OF MEXICO,85,2008,August,Marine Strong Wind,Z,850,TARPON SPRINGS TO SUWANNEE RIVER FL OUT 20NM,85850,TBW,22-AUG-08 11:00:00,EST-5,22-AUG-08 23:00:00,0,0,0,0,1.00K,0.00K,C-MAN Station,43,MG,NA,NA,NA,NA,NA,NA,NA,NA,NA,0,N,CEDAR KEY,0,N,CEDAR KEY,29.13,-83.03,29.13,-83.03,"After stalling offshore of Daytona Beach on the 20th, Tropical Storm Fay began to move slowly northwest on the 21st and moved into the Gulf of Mexico late in the evening on the 22nd then made a fourth Florida landfall early Saturday morning the 23rd in the Pan Handle.",Tropical Storm Fay caused a peak wind gust of 43 knots from the west at 11:09 AM EDT at the C-MAN station on Cedar Key. Winds at the COMPS station at the mouth of the Homosassa River reached 41 knots from th ewest at 8:30 AM EDT the same day.,CSV
200808,23,1037,200808,23,1042,22402,131570,LAKE SUPERIOR,92,2008,August,Marine Strong Wind,Z,246,POINT ISABELLE TO LOWER ENTRANCE OF PORTAGE CANAL MI,92246,MQT,23-AUG-08 10:37:00,EST-5,23-AUG-08 10:42:00,0,0,1,0,NA,0.00K,Broadcast Media,32,EG,NA,NA,NA,NA,NA,NA,NA,NA,NA,3.25,WNW,TRAVERSE POINT,3.25,WNW,TRAVERSE POINT,47.1893,-88.2331,47.1893,-88.2331,Strong west winds gusting in excess of 30 knots at times whipped up high waves over Grand Traverse Bay on Lake Superior on the 23rd. The high waves  sank a 16-foot fishing boat which claimed the life of a Laurium man.,Strong west winds kicked up high waves during a fishing tournament in  Grand Traverse Bay on the 23rd. The high waves sank a 16-foot fishing boat claiming the life of a 42 year-old Laurium man. Two other fisherman from the boat were rescued as they struggled to stay afloat in the rough waters.,CSV
200808,3,1900,200808,3,1900,23433,137035,GULF OF MEXICO,85,2008,August,Marine Strong Wind,Z,550,SW PASS OF THE MS R TO ATCHAFALAYA R LA OUT 20NM,85550,LIX,03-AUG-08 19:00:00,CST-6,03-AUG-08 19:00:00,0,0,1,0,0.00K,0.00K,Other Federal Agency,35,EG,NA,NA,NA,NA,NA,NA,NA,NA,NA,27,S,VENICE,27,S,VENICE,28.8892,-89.37,28.8892,-89.37,Strong winds and high seas contributed to a man falling off a shrimp boat.,Coast Guard reported a 34 year old man apparently fell overboard a commercial shrimp boat several miles south of the Southwest Pass. He was presumed dead after several days of searching. Rough seas and high winds were occurring in the area in conjunction with Tropical Storm Edouard.,CSV
200902,21,1230,200902,21,1330,26667,156190,E PACIFIC,86,2009,February,Marine Strong Wind,Z,560,PIGEON POINT TO POINT PINOS CALIFORNIA OUT TO 20 NM,86560,MTR,21-FEB-09 12:30:00,PST-8,21-FEB-09 13:30:00,2,0,1,0,20.00K,0.00K,Newspaper,33,EG,NA,NA,NA,NA,NA,NA,NA,NA,NA,13.16,NW,DAVENPORT,13.16,NW,DAVENPORT,37.125,-122.3801,37.125,-122.3801,Strong winds produced chaotic seas in the central California coastal waters.,A 36-foot boat capsized in rough seas resulting in two people rescued and the drowning of a male fisherman. Wave heights at nearby buoys were reported at three to three and a half meters.,CSV
200901,11,900,200901,11,930,24950,145267,HAWAII WATERS,84,2009,January,Marine Strong Wind,Z,123,BIG ISLAND LEEWARD WATERS,84123,HFO,11-JAN-09 09:00:00,HST-10,11-JAN-09 09:30:00,0,0,0,1,0.00K,0.00K,RAWS,35,EG,NA,NA,NA,NA,NA,NA,NA,NA,NA,2.99,SSE,KEAHOLE POINT,2.31,WNW,KAILUA-KONA,19.6918,-156.0484,19.6607,-156.0337,Prefrontal conditions in waters off the west side of the Big Island of Hawaii were contributing factors that led to the death of a boater.,"A couple out fishing in an 18-foot fiberglass boat were helping three kayakers in distress.  One kayaker was helped onto the boat, but before the others could be rescued, the boat's engine died.  The boat drifted toward the shore and caught on fire.  The man on the boat hit his head,  fell overboard, and drowned.  Everyone else made it to safety, most with the help of fire rescue personnel.||Winds and seas had picked up as the attempted rescue of the kayakers was being made, and heavy showers were falling, according to the wife of the deceased man.",CSV
201011,5,1000,201011,5,1000,44887,260167,GULF OF MEXICO,85,2010,November,Marine Strong Wind,Z,853,ENGLEWOOD TO TARPON SPRINGS FL OUT 20NM,85853,TBW,05-NOV-10 10:00:00,EST-5,05-NOV-10 10:00:00,0,0,0,0,1.50K,0.00K,Newspaper,34,MG,NA,NA,NA,NA,NA,NA,NA,NA,NA,3.11,NE,CLEARWATER BEACH,3.11,NE,CLEARWATER BEACH,28.0152,-82.7984,28.0152,-82.7984,Strong north to northwest winds behind a cold front caused damages to a boat and dock.,Strong north to northwest winds gusting frequently to 25 to 35 knots caused a 35-foot sailboat that was anchored 400 yards offshore in the Intracoastal Waterway to break free of its moorings and crash into a seawall and dock.,CSV
201001,25,1700,201001,25,1700,35178,203374,ATLANTIC SOUTH,87,2010,January,Marine Strong Wind,Z,552,VOLUSIA-BREVARD COUNTY LINE TO SEBASTIAN INLET 0-20NM,87552,MLB,25-JAN-10 17:00:00,EST-5,25-JAN-10 17:00:00,0,2,0,0,0.00K,0.00K,Newspaper,26,EG,NA,NA,NA,NA,NA,NA,NA,NA,NA,5.51,SE,(TIX) SPACE CENTER EXEC,5.51,SE,(TIX) SPACE CENTER EXEC,28.4582,-80.7427,28.4582,-80.7427,"A small boat capsized in the Indian River off Pt. St. John in Brevard County, causing all four occupants to fall into the water. The incident occurred after a cold front crossed the region and produced gusty winds, causing seas to become rough. Two of the boaters swam to shore, however the other two boaters remained in the water for several hours before reaching shore. The later two individuals were transported to a local hospital.","Strong wind gusts up to 30 mph behind a cold front produced choppy seas in the Indian River, which swamped and sank a disabled 16 foot boat between Pt. St. John and Merritt Island. Of the four occupants of the craft, two swam immediately to safety, reaching Merritt Island. However the other two were missing for several hours before reaching shore in Pt. St. John. Due to the long time in the water with temperatures in the 60s, the two boaters experienced hypothermia and were transported to an area hospital.",CSV
201002,17,1200,201002,17,1300,36192,209886,HAWAII WATERS,84,2010,February,Marine Strong Wind,Z,119,MAALAEA BAY,84119,HFO,17-FEB-10 12:00:00,HST-10,17-FEB-10 13:00:00,0,0,1,0,0.00K,0.00K,County Official,35,EG,NA,NA,NA,NA,NA,NA,NA,NA,NA,3.74,ESE,MAALAEA,3.24,ESE,MAALAEA,20.7809,-156.4659,20.7796,-156.4748,Strong winds across the waters in Maalaea Bay in Maui caused difficulties for swimmers and surfers. County lifeguards were involved in assisting numerous beach-goers.  One individual perished (direct) in the water because of the strong wind.,NA,CSV
201004,23,1154,201004,23,1154,37317,218067,GULF OF MEXICO,85,2010,April,Marine Strong Wind,Z,350,FREEPORT TO MATAGORDA SHIP CHNL OUT 20NM,85350,HGX,23-APR-10 11:54:00,CST-6,23-APR-10 11:54:00,0,0,0,0,0.01K,0.00K,Buoy,35,MG,NA,NA,NA,NA,NA,NA,NA,NA,NA,1.55,SE,FREEPORT,1.55,SE,FREEPORT,28.9361,-95.3098,28.9361,-95.3098,A series of five gravity waves moved along the Upper Texas Coast early in the morning.  The second gravity wave caused damaging wind gusts on Galveston Island.,The wind gust was measured by a Freeport buoy.,CSV
201004,24,30,201004,24,30,37317,218077,GULF OF MEXICO,85,2010,April,Marine Strong Wind,Z,350,FREEPORT TO MATAGORDA SHIP CHNL OUT 20NM,85350,HGX,24-APR-10 00:30:00,CST-6,24-APR-10 00:30:00,0,0,0,0,0.01K,0.00K,Coast Guard,43,MG,NA,NA,NA,NA,NA,NA,NA,NA,NA,1.55,SE,FREEPORT,1.55,SE,FREEPORT,28.9361,-95.3098,28.9361,-95.3098,A series of five gravity waves moved along the Upper Texas Coast early in the morning.  The second gravity wave caused damaging wind gusts on Galveston Island.,The wind gust was measured by the Coast Guard in Freeport.,CSV
201004,24,124,201004,24,124,37317,218081,GULF OF MEXICO,85,2010,April,Marine Strong Wind,Z,350,FREEPORT TO MATAGORDA SHIP CHNL OUT 20NM,85350,HGX,24-APR-10 01:24:00,CST-6,24-APR-10 01:24:00,0,0,0,0,0.01K,0.00K,Buoy,39,MG,NA,NA,NA,NA,NA,NA,NA,NA,NA,1.55,SE,FREEPORT,1.55,SE,FREEPORT,28.9361,-95.3098,28.9361,-95.3098,A series of five gravity waves moved along the Upper Texas Coast early in the morning.  The second gravity wave caused damaging wind gusts on Galveston Island.,The wind gust was measured at the Freeport buoy.,CSV
201004,24,200,201004,24,200,37317,218082,GULF OF MEXICO,85,2010,April,Marine Strong Wind,Z,355,HIGH IS TO FREEPORT TX OUT 20NM,85355,HGX,24-APR-10 02:00:00,CST-6,24-APR-10 02:00:00,0,0,0,0,0.01K,0.00K,Buoy,43,MG,NA,NA,NA,NA,NA,NA,NA,NA,NA,0.65,WNW,PLEASURE PIER,0.65,WNW,PLEASURE PIER,29.2851,-94.789,29.2851,-94.789,A series of five gravity waves moved along the Upper Texas Coast early in the morning.  The second gravity wave caused damaging wind gusts on Galveston Island.,The wind gust was measured at the Pleasure Pier buoy.,CSV
201004,24,218,201004,24,218,37317,218083,GULF OF MEXICO,85,2010,April,Marine Strong Wind,Z,355,HIGH IS TO FREEPORT TX OUT 20NM,85355,HGX,24-APR-10 02:18:00,CST-6,24-APR-10 02:18:00,0,0,0,0,0.01K,0.00K,Buoy,40,MG,NA,NA,NA,NA,NA,NA,NA,NA,NA,0.65,WNW,PLEASURE PIER,0.65,WNW,PLEASURE PIER,29.2851,-94.789,29.2851,-94.789,A series of five gravity waves moved along the Upper Texas Coast early in the morning.  The second gravity wave caused damaging wind gusts on Galveston Island.,The wind gust was measured at the Pleasure Pier buoy.,CSV
201004,24,300,201004,24,300,37317,218084,GULF OF MEXICO,85,2010,April,Marine Strong Wind,Z,355,HIGH IS TO FREEPORT TX OUT 20NM,85355,HGX,24-APR-10 03:00:00,CST-6,24-APR-10 03:00:00,0,0,0,0,0.01K,0.00K,Buoy,36,MG,NA,NA,NA,NA,NA,NA,NA,NA,NA,7.35,SW,HIGH IS,7.35,SW,HIGH IS,29.5082,-94.4996,29.5082,-94.4996,A series of five gravity waves moved along the Upper Texas Coast early in the morning.  The second gravity wave caused damaging wind gusts on Galveston Island.,The wind gust was measured at the Rollover Pass buoy.,CSV
201004,24,500,201004,24,500,37317,218086,GULF OF MEXICO,85,2010,April,Marine Strong Wind,Z,330,MATAGORDA BAY,85330,HGX,24-APR-10 05:00:00,CST-6,24-APR-10 05:00:00,0,0,0,0,0.01K,0.00K,Coast Guard,36,MG,NA,NA,NA,NA,NA,NA,NA,NA,NA,6.04,NNW,PORT O'CONNOR,6.04,NNW,PORT O'CONNOR,28.51,-96.47,28.51,-96.47,A series of five gravity waves moved along the Upper Texas Coast early in the morning.  The second gravity wave caused damaging wind gusts on Galveston Island.,The wind gust was measured by the Coast Guard in Matagorda Bay.,CSV
201004,24,106,201004,24,106,37317,218079,GULF OF MEXICO,85,2010,April,Marine Strong Wind,Z,350,FREEPORT TO MATAGORDA SHIP CHNL OUT 20NM,85350,HGX,24-APR-10 01:06:00,CST-6,24-APR-10 01:06:00,0,0,0,0,0.01K,0.00K,Buoy,38,MG,NA,NA,NA,NA,NA,NA,NA,NA,NA,1.55,SE,FREEPORT,1.55,SE,FREEPORT,28.9361,-95.3098,28.9361,-95.3098,A series of five gravity waves moved along the Upper Texas Coast early in the morning.  The second gravity wave caused damaging wind gusts on Galveston Island.,The wind gust was measured at the Freeport buoy.,CSV
201004,24,112,201004,24,112,37317,218080,GULF OF MEXICO,85,2010,April,Marine Strong Wind,Z,355,HIGH IS TO FREEPORT TX OUT 20NM,85355,HGX,24-APR-10 01:12:00,CST-6,24-APR-10 01:12:00,0,0,0,0,0.01K,0.00K,Buoy,40,MG,NA,NA,NA,NA,NA,NA,NA,NA,NA,0.65,WNW,PLEASURE PIER,0.65,WNW,PLEASURE PIER,29.2851,-94.789,29.2851,-94.789,A series of five gravity waves moved along the Upper Texas Coast early in the morning.  The second gravity wave caused damaging wind gusts on Galveston Island.,The wind gust was measured at the Pleasure Pier buoy.,CSV
201004,24,12,201004,24,12,37317,218069,GULF OF MEXICO,85,2010,April,Marine Strong Wind,Z,350,FREEPORT TO MATAGORDA SHIP CHNL OUT 20NM,85350,HGX,24-APR-10 00:12:00,CST-6,24-APR-10 00:12:00,0,0,0,0,0.01K,0.00K,Buoy,42,MG,NA,NA,NA,NA,NA,NA,NA,NA,NA,1.55,SE,FREEPORT,1.55,SE,FREEPORT,28.9361,-95.3098,28.9361,-95.3098,A series of five gravity waves moved along the Upper Texas Coast early in the morning.  The second gravity wave caused damaging wind gusts on Galveston Island.,The wind gust was measured by a Freeport buoy.,CSV
201004,24,18,201004,24,18,37317,218071,GULF OF MEXICO,85,2010,April,Marine Strong Wind,Z,355,HIGH IS TO FREEPORT TX OUT 20NM,85355,HGX,24-APR-10 00:18:00,CST-6,24-APR-10 00:18:00,0,0,0,0,0.01K,0.00K,Buoy,39,MG,NA,NA,NA,NA,NA,NA,NA,NA,NA,0.65,WNW,PLEASURE PIER,0.65,WNW,PLEASURE PIER,29.2851,-94.7891,29.2851,-94.7891,A series of five gravity waves moved along the Upper Texas Coast early in the morning.  The second gravity wave caused damaging wind gusts on Galveston Island.,The wind gust was measured at Galveston Pleasure Pier.,CSV
201004,24,42,201004,24,42,37317,218073,GULF OF MEXICO,85,2010,April,Marine Strong Wind,Z,350,FREEPORT TO MATAGORDA SHIP CHNL OUT 20NM,85350,HGX,24-APR-10 00:42:00,CST-6,24-APR-10 00:42:00,0,0,0,0,0.01K,0.00K,Buoy,37,MG,NA,NA,NA,NA,NA,NA,NA,NA,NA,1.55,SE,FREEPORT,1.55,SE,FREEPORT,28.9361,-95.3098,28.9361,-95.3098,A series of five gravity waves moved along the Upper Texas Coast early in the morning.  The second gravity wave caused damaging wind gusts on Galveston Island.,The wind gust was measured at a Freeport buoy.,CSV
201004,24,48,201004,24,48,37317,218074,GULF OF MEXICO,85,2010,April,Marine Strong Wind,Z,355,HIGH IS TO FREEPORT TX OUT 20NM,85355,HGX,24-APR-10 00:48:00,CST-6,24-APR-10 00:48:00,0,0,0,0,0.01K,0.00K,Buoy,42,MG,NA,NA,NA,NA,NA,NA,NA,NA,NA,0,N,PLEASURE PIER,0,N,PLEASURE PIER,29.28,-94.78,29.28,-94.78,A series of five gravity waves moved along the Upper Texas Coast early in the morning.  The second gravity wave caused damaging wind gusts on Galveston Island.,The wind gust was measured at Pleasure Pier.,CSV
201007,20,900,201007,20,2200,43232,251887,ATLANTIC SOUTH,87,2010,July,Marine Strong Wind,Z,651,DEERFIELD BEACH TO OCEAN REEF FL,87651,MFL,20-JUL-10 09:00:00,EST-5,20-JUL-10 22:00:00,0,0,1,0,0.00K,0.00K,Newspaper,30,EG,NA,NA,NA,NA,NA,NA,NA,NA,NA,6.18,NNE,PORT EVERGLADES,6.18,NNE,PORT EVERGLADES,26.1839,-80.0952,26.1839,-80.0952,Persistent and strong east winds caused by high pressure north and east of the area produced gusty winds in excess of 30 mph over the Atlantic coastal waters. Wind gusts up to 44 MPH were noted on July 20th.,Strong onshore winds to 30 knots created rough seas over the Atlantic waters. A kayaker was capsized by a large wave just offshore Lauderdale-by-the-Sea around 630 PM EDT. The large wave tossed him from his craft and into the rough sea where he drowned. He was pronounced dead at Holy Cross Hospital.,CSV
201110,29,800,201110,30,0,58829,352721,ATLANTIC NORTH,88,2011,October,Marine Strong Wind,Z,430,DE BAY WATERS N OF E PT NJ TO SLAUGHTER BEACH DE,88430,PHI,29-OCT-11 08:00:00,EST-5,30-OCT-11 00:00:00,3,0,0,0,0.00K,0.00K,C-MAN Station,42,MG,NA,NA,NA,NA,NA,NA,NA,NA,NA,20.2,N,BOWERS BEACH DE,11.65,ENE,BOWERS BEACH DE,39.3422,-75.432,39.1167,-75.2205,"Strong northeast winds overspread Delaware Bay during the morning through the evening of the 29th. This produced gale force wind gusts on the bay. Off of the Woodland Beach Public Dock in Kent County, a boat capsized. Three hunters were rescued. While they were hospitalized, none of them were injured seriously. The peak wind gusts included 45 knots (52 mph) at Brandywine Shoal Light, 43 knots (50 mph) at Lewes in Sussex County and 42 knots (48 mph) at Ship John Shoal Light.  | |The gale force winds were caused by the pressure difference between the intensifying low pressure system to the south and east of Delaware and a high pressure system over New England. Once the low pressure system passed far enough east of Delaware during the evening of the 29th, the gale force wind gusts started to subside and ended overnight.",NA,CSV
201111,2,2020,201111,3,1140,57684,346313,LAKE MICHIGAN,91,2011,November,Marine Strong Wind,Z,646,WIND PT LT WI TO WINTHROP HBR IL,91646,MKX,02-NOV-11 20:20:00,CST-6,03-NOV-11 11:40:00,0,0,0,0,0.10K,NA,C-MAN Station,41,MG,NA,NA,NA,NA,NA,NA,NA,NA,NA,1.24,ENE,KENOSHA,1.24,ENE,KENOSHA,42.589,-87.809,42.589,-87.809,"Strengthening low pressure over the central Mississippi Valley region resulted in a tightening pressure gradient over southern Lake Michigan during the afternoon and evening of Wednesday, November 2nd.  In addition, unstable conditions over Lake Michigan contributed to strong gusty winds mixing down to the lake surface Wednesday night into Thursday morning, November 3rd.  The strongest winds were south of Wind Point, where continuous gusts reached gale force for a nine hour period from 3 am CDT to 1240 pm CDT Thursday, November 3rd.",Peak wind gust of 41 knots at 650 am CDT.  Nearly continuous period of wind gusts 34 to 41 knots from 3 am CDT to 1240 pm CDT.  Highest prevailing winds 34 knots at 720 am CDT.  Wind gusts began reaching 34 knots or greater at 920 pm CDT on November 2nd.,CSV
201105,12,1018,201105,12,1018,50348,296345,GULF OF MEXICO,85,2011,May,Marine Strong Wind,Z,432,CALCASIEU LAKE,85432,LCH,12-MAY-11 10:18:00,CST-6,12-MAY-11 10:18:00,0,0,0,0,1.00K,0.00K,Official NWS Observations,35,MG,NA,NA,NA,NA,NA,NA,NA,NA,NA,2.36,SSW,CAMERON,2.36,SSW,CAMERON,29.7678,-93.343,29.7678,-93.343,An MCS moving across the northwest Gulf of Mexico caused high tide levels along the coast and several strong wind gusts on offshore oil rigs.,"Calcasieu Pass Tide Gauge measured a peak wind gust of 40 mph, along with a peak tide level of 3.46 feet MLLW after a sharp 1.63 foot rise in 40 minutes. Minor coastal flooding resulted.",CSV
201104,9,1415,201104,9,1600,51299,304393,E PACIFIC,86,2011,April,Marine Strong Wind,Z,545,POINT REYES TO PIGEON POINT...OUT TO 10 NM,86545,MTR,09-APR-11 14:15:00,PST-8,09-APR-11 16:00:00,1,0,1,0,25.00K,0.00K,Newspaper,30,EG,NA,NA,NA,NA,NA,NA,NA,NA,NA,2.4,NNW,FORT FUNSTON,2.4,NNW,FORT FUNSTON,37.7536,-122.5116,37.7536,-122.5116,Strong winds and moderate seas produced hazardous conditions for small crafts operating in the surf zone.,Strong wind and chaotic seas caused a sailboat to capsize in the water near San Francisco's Ocean Beach. One man was pulled from the water around 4:00 p.m. and the other man aboard was not found and presumed dead.,CSV
201105,31,1345,201105,31,1345,50195,295400,LAKE MICHIGAN,91,2011,May,Marine Strong Wind,Z,645,NORTH PT LT TO WIND PT WI,91645,MKX,31-MAY-11 13:45:00,CST-6,31-MAY-11 13:45:00,0,0,1,0,0.00K,0.00K,C-MAN Station,38,MG,NA,NA,NA,NA,NA,NA,NA,NA,NA,3.49,SE,NORTH POINT LTHOUSE,3.49,SE,NORTH POINT LTHOUSE,43.046,-87.879,43.046,-87.879,A strong cold front moved through the near shore areas during the afternoon of May 31st and generated severe storms with gusty winds over portions of the near-shore waters of Lake Michigan.,NA,CSV
201110,19,2315,201110,19,2315,57489,344747,LAKE MICHIGAN,91,2011,October,Marine Strong Wind,Z,646,WIND PT LT WI TO WINTHROP HBR IL,91646,MKX,19-OCT-11 23:15:00,CST-6,19-OCT-11 23:15:00,0,0,0,0,0.10K,NA,Mesonet,40,MG,NA,NA,NA,NA,NA,NA,NA,NA,NA,0.67,NNE,RACINE,0.67,NNE,RACINE,42.7292,-87.7957,42.7292,-87.7957,"Rapidly developing low pressure moved across western Ohio and southeast Lower Michigan during the overnight period of October 19th and morning of October 20th.  An associated strong pressure gradient and lingering unstable conditions over Lake Michigan allowed strong gusty north to northeast winds to mix down to the lake surface.  The lake surface temperature at this time was estimated to be in the 54 to 58 degree range.  Wind gusts reached 50 to 70 mph along the lake shore.  The strong winds caused high waves of 12 to 16 feet.  The strong winds and high waves caused extensive damage to boats in the South Shore Yacht Club, mainly due to an eroding and failing breakwall protecting the southern part of Milwaukee Harbor.  Three boats were totally destroyed at the yacht club.  Four others were washed ashore and were able to be salvaged.  Two of the destroyed boats were sunk.  One person at the Club, while trying to secure a boat with a rope line, was tossed about on the boat due to wave action and injured (directly-related).",Measured at 21st Century Prep School.,CSV
201110,19,1600,201110,19,1600,57489,344746,LAKE MICHIGAN,91,2011,October,Marine Strong Wind,Z,643,SHEBOYGAN TO PT WASHINGTON WI,91643,MKX,19-OCT-11 16:00:00,CST-6,19-OCT-11 16:00:00,0,0,0,0,0.10K,NA,C-MAN Station,45,MG,NA,NA,NA,NA,NA,NA,NA,NA,NA,1.4,E,SHEBOYGAN,1.4,E,SHEBOYGAN,43.75,-87.692,43.75,-87.692,"Rapidly developing low pressure moved across western Ohio and southeast Lower Michigan during the overnight period of October 19th and morning of October 20th.  An associated strong pressure gradient and lingering unstable conditions over Lake Michigan allowed strong gusty north to northeast winds to mix down to the lake surface.  The lake surface temperature at this time was estimated to be in the 54 to 58 degree range.  Wind gusts reached 50 to 70 mph along the lake shore.  The strong winds caused high waves of 12 to 16 feet.  The strong winds and high waves caused extensive damage to boats in the South Shore Yacht Club, mainly due to an eroding and failing breakwall protecting the southern part of Milwaukee Harbor.  Three boats were totally destroyed at the yacht club.  Four others were washed ashore and were able to be salvaged.  Two of the destroyed boats were sunk.  One person at the Club, while trying to secure a boat with a rope line, was tossed about on the boat due to wave action and injured (directly-related).",Measured at SGNW3 marine observation platform.  Prevailing winds of 41 knots at time of wind gust.,CSV
201111,26,2100,201111,27,400,58373,350076,GULF OF MEXICO,85,2011,November,Marine Strong Wind,Z,130,LAGUNA MADRE FROM PORT OF BROWNSVILLE TO ARROYO COLORADO,85130,BRO,26-NOV-11 21:00:00,CST-6,27-NOV-11 04:00:00,0,0,0,0,25.00K,0.00K,Coast Guard,43,MG,NA,NA,NA,NA,NA,NA,NA,NA,NA,1.95,E,PORT ISABEL,1.95,E,PORT ISABEL,26.0754,-97.1691,26.0754,-97.1691,"A strong cold front whipped across the Lower Texas marine waters late on November 26th and early on the 27th, followed by occasional Gale force wind gusts which continued into the morning hours.  Gusts at the South Padre Island Coast Guard Station and Port Isabel C-MAN site ranged from 40 to 49 mph between 10 PM and 4 AM; Some of these gusts reported capsized and sunk two moored small craft along the Laguna side of South Padre Island during the pre dawn hours of the 27th.","The U.S. Coast Guard station at South Padre Island recorded a wind gust to 49 mph at 10 PM on the 26th, and gusts continued above 40 mph through 4 AM.  Two small moored boats reportedly capsized along the bayshore near the Sea Ranch Marina, virtuallyl adjacent to the Coast Guard Station, sometime during the night. No injuries or fatalities were reported, and damage was unknown as of this writing.",CSV
201110,19,2320,201110,19,2320,57489,344749,LAKE MICHIGAN,91,2011,October,Marine Strong Wind,Z,665,LM SHEBOYGAN WI TO WINTHROP HARBOR IL EWD BYD 5NM TO MID LINE OF LAKE,91665,MKX,19-OCT-11 23:20:00,CST-6,19-OCT-11 23:20:00,0,0,0,0,0.10K,NA,Mesonet,41,MG,NA,NA,NA,NA,NA,NA,NA,NA,NA,1.86,N,SHEBOYGAN,1.86,N,SHEBOYGAN,43.7769,-87.7192,43.7769,-87.7192,"Rapidly developing low pressure moved across western Ohio and southeast Lower Michigan during the overnight period of October 19th and morning of October 20th.  An associated strong pressure gradient and lingering unstable conditions over Lake Michigan allowed strong gusty north to northeast winds to mix down to the lake surface.  The lake surface temperature at this time was estimated to be in the 54 to 58 degree range.  Wind gusts reached 50 to 70 mph along the lake shore.  The strong winds caused high waves of 12 to 16 feet.  The strong winds and high waves caused extensive damage to boats in the South Shore Yacht Club, mainly due to an eroding and failing breakwall protecting the southern part of Milwaukee Harbor.  Three boats were totally destroyed at the yacht club.  Four others were washed ashore and were able to be salvaged.  Two of the destroyed boats were sunk.  One person at the Club, while trying to secure a boat with a rope line, was tossed about on the boat due to wave action and injured (directly-related).",Measured at Sheboygan North High School.,CSV
201110,19,1600,201110,19,1600,57489,344750,LAKE MICHIGAN,91,2011,October,Marine Strong Wind,Z,645,NORTH PT LT TO WIND PT WI,91645,MKX,19-OCT-11 16:00:00,CST-6,19-OCT-11 16:00:00,0,0,0,0,0.10K,NA,C-MAN Station,42,MG,NA,NA,NA,NA,NA,NA,NA,NA,NA,3.49,SE,NORTH POINT LTHOUSE,3.49,SE,NORTH POINT LTHOUSE,43.046,-87.879,43.046,-87.879,"Rapidly developing low pressure moved across western Ohio and southeast Lower Michigan during the overnight period of October 19th and morning of October 20th.  An associated strong pressure gradient and lingering unstable conditions over Lake Michigan allowed strong gusty north to northeast winds to mix down to the lake surface.  The lake surface temperature at this time was estimated to be in the 54 to 58 degree range.  Wind gusts reached 50 to 70 mph along the lake shore.  The strong winds caused high waves of 12 to 16 feet.  The strong winds and high waves caused extensive damage to boats in the South Shore Yacht Club, mainly due to an eroding and failing breakwall protecting the southern part of Milwaukee Harbor.  Three boats were totally destroyed at the yacht club.  Four others were washed ashore and were able to be salvaged.  Two of the destroyed boats were sunk.  One person at the Club, while trying to secure a boat with a rope line, was tossed about on the boat due to wave action and injured (directly-related).",Measured at MLWW3 marine observation platform.,CSV
201110,19,1800,201110,19,1800,57489,344752,LAKE MICHIGAN,91,2011,October,Marine Strong Wind,Z,643,SHEBOYGAN TO PT WASHINGTON WI,91643,MKX,19-OCT-11 18:00:00,CST-6,19-OCT-11 18:00:00,0,0,0,0,0.10K,NA,C-MAN Station,46,MG,NA,NA,NA,NA,NA,NA,NA,NA,NA,1.4,E,SHEBOYGAN,1.4,E,SHEBOYGAN,43.75,-87.692,43.75,-87.692,"Rapidly developing low pressure moved across western Ohio and southeast Lower Michigan during the overnight period of October 19th and morning of October 20th.  An associated strong pressure gradient and lingering unstable conditions over Lake Michigan allowed strong gusty north to northeast winds to mix down to the lake surface.  The lake surface temperature at this time was estimated to be in the 54 to 58 degree range.  Wind gusts reached 50 to 70 mph along the lake shore.  The strong winds caused high waves of 12 to 16 feet.  The strong winds and high waves caused extensive damage to boats in the South Shore Yacht Club, mainly due to an eroding and failing breakwall protecting the southern part of Milwaukee Harbor.  Three boats were totally destroyed at the yacht club.  Four others were washed ashore and were able to be salvaged.  Two of the destroyed boats were sunk.  One person at the Club, while trying to secure a boat with a rope line, was tossed about on the boat due to wave action and injured (directly-related).",Measured at SGNW3 marine observation platform.  Prevailing winds of 37 knots at time of gust.,CSV
201110,19,1900,201110,19,1900,57489,345885,LAKE MICHIGAN,91,2011,October,Marine Strong Wind,Z,645,NORTH PT LT TO WIND PT WI,91645,MKX,19-OCT-11 19:00:00,CST-6,19-OCT-11 19:00:00,1,0,0,0,300.00K,NA,C-MAN Station,46,MG,NA,NA,NA,NA,NA,NA,NA,NA,NA,3.49,SE,NORTH POINT LTHOUSE,3.49,SE,NORTH POINT LTHOUSE,43.046,-87.879,43.046,-87.879,"Rapidly developing low pressure moved across western Ohio and southeast Lower Michigan during the overnight period of October 19th and morning of October 20th.  An associated strong pressure gradient and lingering unstable conditions over Lake Michigan allowed strong gusty north to northeast winds to mix down to the lake surface.  The lake surface temperature at this time was estimated to be in the 54 to 58 degree range.  Wind gusts reached 50 to 70 mph along the lake shore.  The strong winds caused high waves of 12 to 16 feet.  The strong winds and high waves caused extensive damage to boats in the South Shore Yacht Club, mainly due to an eroding and failing breakwall protecting the southern part of Milwaukee Harbor.  Three boats were totally destroyed at the yacht club.  Four others were washed ashore and were able to be salvaged.  Two of the destroyed boats were sunk.  One person at the Club, while trying to secure a boat with a rope line, was tossed about on the boat due to wave action and injured (directly-related).",Measured at MLWW3 marine observation platform.,CSV
201111,3,700,201111,3,900,57684,346314,LAKE MICHIGAN,91,2011,November,Marine Strong Wind,Z,645,NORTH PT LT TO WIND PT WI,91645,MKX,03-NOV-11 07:00:00,CST-6,03-NOV-11 09:00:00,0,0,0,0,0.10K,0.00K,C-MAN Station,35,MG,NA,NA,NA,NA,NA,NA,NA,NA,NA,3.49,SE,NORTH POINT LTHOUSE,3.49,SE,NORTH POINT LTHOUSE,43.046,-87.879,43.046,-87.879,"Strengthening low pressure over the central Mississippi Valley region resulted in a tightening pressure gradient over southern Lake Michigan during the afternoon and evening of Wednesday, November 2nd.  In addition, unstable conditions over Lake Michigan contributed to strong gusty winds mixing down to the lake surface Wednesday night into Thursday morning, November 3rd.  The strongest winds were south of Wind Point, where continuous gusts reached gale force for a nine hour period from 3 am CDT to 1240 pm CDT Thursday, November 3rd.",Frequent gusts 34 - 35 knots from 800 am CDT to 10 am CDT.,CSV
201212,22,1,201212,22,30,70380,422687,E PACIFIC,86,2012,December,Marine Strong Wind,Z,356,CAPE BLANCO TO PT. ST. GEORGE...OUT TO 10 NM,86356,MFR,22-DEC-12 00:01:00,PST-8,22-DEC-12 00:30:00,0,0,0,0,1.00K,NA,Official NWS Observations,37,MG,NA,NA,NA,NA,NA,NA,NA,NA,NA,7.52,SW,PORT ORFORD,8.44,WSW,BROOKINGS,42.6671,-124.596,42.002,-124.4312,A line of thunderstorms producing strong winds moved across the coastal waters on this day.,A line of thunderstorms was observed on radar and a Special Marine Warning was issued to address it.  A wind gust to 43 mph was recorded at Port Orford when these thunderstorms moved onshore...so it is assumed that the warning criteria was met over the coastal waters.,CSV
201206,18,1200,201206,18,1200,65830,394630,LAKE MICHIGAN,91,2012,June,Marine Strong Wind,Z,745,BURNS HARBOR TO MICHIGAN CITY IN,91745,LOT,18-JUN-12 12:00:00,CST-6,18-JUN-12 12:00:00,0,0,1,0,0.00K,0.00K,Newspaper,30,EG,NA,NA,NA,NA,NA,NA,NA,NA,NA,4.92,WSW,MICHIGAN CITY,4.92,WSW,MICHIGAN CITY,41.696,-86.9939,41.696,-86.9939,Strong winds to around 30 knots developed over southern Lake Michigan in response to an area of low pressure moving across the lake.,"A man and a female companion rowed a small inflatable boat approximately a quarter mile from the Lake View Beach shore.  The pair went too far out into the lake and were unable to row back against the strong winds.  The man tried to swim and pull the boat back to shore but became fatigued.  While trying to reenter the boat, the boat capsized and blew away.  Winds were reported to be around 30 knots with waves around 3 feet.  Neither person was wearing a life jacket.  The female was able to make it back to shore; however, the man went missing and drowned.  His body was recovered on June 23rd.",CSV
201211,13,924,201211,13,924,70135,421177,ATLANTIC NORTH,88,2012,November,Marine Strong Wind,Z,656,CP CHARLES LT VA TO NC-VA BDR OUT 20NM,88656,AKQ,13-NOV-12 09:24:00,EST-5,13-NOV-12 09:24:00,0,0,0,0,1.00K,0.00K,C-MAN Station,40,MG,NA,NA,NA,NA,NA,NA,NA,NA,NA,0,N,CAPE HENRY,0,N,CAPE HENRY,36.92,-76,36.92,-76,Gusty north winds occurred behind a cold front across portions of the Chesapeake Bay and Virginia Coastal Waters.,Wind gust of 40 knots was measured at Cape Henry.,CSV
201211,13,1005,201211,13,1005,70135,421176,ATLANTIC NORTH,88,2012,November,Marine Strong Wind,Z,634,"CHESAPEAKE BAY FROM LITTLE CREEK, VA, TO CAPE HENRY, VA, INCLUDING THE CHESAPEAKE BAY BRIDGE TUNNEL",88634,AKQ,13-NOV-12 10:05:00,EST-5,13-NOV-12 10:05:00,0,0,0,0,1.00K,0.00K,C-MAN Station,41,MG,NA,NA,NA,NA,NA,NA,NA,NA,NA,0,N,CHESAPEAKE BAY BRIDGE TUNNEL 3RD ISLAND,0,N,CHESAPEAKE BAY BRIDGE TUNNEL 3RD ISLAND,37.04,-76.08,37.04,-76.08,Gusty north winds occurred behind a cold front across portions of the Chesapeake Bay and Virginia Coastal Waters.,Wind gust of 41 knots was measured at Chesapeake Bay Bridge Tunnel 3rd Island.,CSV
201211,30,2049,201211,30,2345,69774,420730,E PACIFIC,86,2012,November,Marine Strong Wind,Z,376,CAPE BLANCO TO PT. ST. GEORGE...10 TO 60 NM,86376,MFR,30-NOV-12 20:49:00,PST-8,30-NOV-12 23:45:00,0,0,0,0,1.00K,NA,Official NWS Observations,40,EG,NA,NA,NA,NA,NA,NA,NA,NA,NA,34.65,NNW,PORT ORFORD,18.67,WNW,GOLD BEACH,43.2308,-124.6948,42.3062,-124.7772,An organized fast-moving line of thunderstorms moved into the Oregon coastal waters.,"This warning was based on radar and lightning observations. No verifying wind or hail observations were recorded, but given that Special Marine Warning criteria only requires an organized area of convection, a line of thunderstorms qualifies.",CSV
201211,30,2049,201211,30,2345,69774,420731,E PACIFIC,86,2012,November,Marine Strong Wind,Z,370,FLORENCE TO CAPE BLANCO...10 TO 60 NM,86370,MFR,30-NOV-12 20:49:00,PST-8,30-NOV-12 23:45:00,0,0,0,0,1.00K,NA,Official NWS Observations,40,EG,NA,NA,NA,NA,NA,NA,NA,NA,NA,28.06,NW,BANDON,19.12,NW,GOLD BEACH,43.3979,-124.8267,42.4239,-124.7113,An organized fast-moving line of thunderstorms moved into the Oregon coastal waters.,"This warning was based on radar and lightning observations. No verifying wind or hail observations were recorded, but given that Special Marine Warning criteria only requires an organized area of convection, a line of thunderstorms qualifies.",CSV
201211,30,2049,201211,30,2345,69774,420732,E PACIFIC,86,2012,November,Marine Strong Wind,Z,350,FLORENCE TO CAPE BLANCO...OUT TO 10 NM,86350,MFR,30-NOV-12 20:49:00,PST-8,30-NOV-12 23:45:00,0,0,0,0,1.00K,NA,Official NWS Observations,40,EG,NA,NA,NA,NA,NA,NA,NA,NA,NA,11.37,NW,LANGLOIS,17.56,SSW,DENMARK,43.0296,-124.6179,42.5859,-124.596,An organized fast-moving line of thunderstorms moved into the Oregon coastal waters.,"This warning was based on radar and lightning observations. No verifying wind or hail observations were recorded, but given that Special Marine Warning criteria only requires an organized area of convection, a line of thunderstorms qualifies.",CSV
201211,30,2049,201211,30,2345,69774,420733,E PACIFIC,86,2012,November,Marine Strong Wind,Z,356,CAPE BLANCO TO PT. ST. GEORGE...OUT TO 10 NM,86356,MFR,30-NOV-12 20:49:00,PST-8,30-NOV-12 23:45:00,0,0,0,0,1.00K,NA,Official NWS Observations,40,EG,NA,NA,NA,NA,NA,NA,NA,NA,NA,19.62,NNW,PORT ORFORD,15.43,WNW,PISTOL RIVER,43.0089,-124.6591,42.3914,-124.6619,An organized fast-moving line of thunderstorms moved into the Oregon coastal waters.,"This warning was based on radar and lightning observations. No verifying wind or hail observations were recorded, but given that Special Marine Warning criteria only requires an organized area of convection, a line of thunderstorms qualifies.",CSV
201211,30,1943,201211,30,2045,69774,420734,E PACIFIC,86,2012,November,Marine Strong Wind,Z,376,CAPE BLANCO TO PT. ST. GEORGE...10 TO 60 NM,86376,MFR,30-NOV-12 19:43:00,PST-8,30-NOV-12 20:45:00,0,0,0,0,1.00K,0.00K,Official NWS Observations,40,EG,NA,NA,NA,NA,NA,NA,NA,NA,NA,38.59,NW,PORT ORFORD,37.98,WSW,PORT ORFORD,43.1134,-125.0794,42.5575,-125.2002,An organized fast-moving line of thunderstorms moved into the Oregon coastal waters.,"This warning was based on radar and lightning observations. No verifying wind or hail observations were recorded, but given that Special Marine Warning criteria only requires an organized area of convection, a line of thunderstorms qualifies.",CSV
201211,30,1943,201211,30,2045,69774,420735,E PACIFIC,86,2012,November,Marine Strong Wind,Z,370,FLORENCE TO CAPE BLANCO...10 TO 60 NM,86370,MFR,30-NOV-12 19:43:00,PST-8,30-NOV-12 20:45:00,0,0,0,0,1.00K,0.00K,Official NWS Observations,40,EG,NA,NA,NA,NA,NA,NA,NA,NA,NA,25.75,WNW,BANDON,35.82,WSW,DENMARK,43.262,-124.8926,42.5656,-125.1068,An organized fast-moving line of thunderstorms moved into the Oregon coastal waters.,"This warning was based on radar and lightning observations. No verifying wind or hail observations were recorded, but given that Special Marine Warning criteria only requires an organized area of convection, a line of thunderstorms qualifies.",CSV
201212,27,406,201212,27,406,70588,423847,ATLANTIC NORTH,88,2012,December,Marine Strong Wind,Z,631,CHESAPEAKE BAY WINDMILL PT TO NEW PT COMFORT VA,88631,AKQ,27-DEC-12 04:06:00,EST-5,27-DEC-12 04:06:00,0,0,0,0,1.00K,0.00K,C-MAN Station,35,MG,NA,NA,NA,NA,NA,NA,NA,NA,NA,0,N,RAPPAHANNOCK LIGHT STATION (RPLV2),0,N,RAPPAHANNOCK LIGHT STATION (RPLV2),37.54,-76.02,37.54,-76.02,Gusty west winds occurred behind a cold front across portions of the Chesapeake Bay.,Wind gust of 35 knots was measured at Rappahannock Light.,CSV
201212,22,1,201212,22,30,70380,422685,E PACIFIC,86,2012,December,Marine Strong Wind,Z,376,CAPE BLANCO TO PT. ST. GEORGE...10 TO 60 NM,86376,MFR,22-DEC-12 00:01:00,PST-8,22-DEC-12 00:30:00,0,0,0,0,1.00K,NA,Official NWS Observations,37,MG,NA,NA,NA,NA,NA,NA,NA,NA,NA,36.06,W,GOLD BEACH,31.62,WSW,GOLD BEACH,42.3265,-125.1178,42.0497,-124.975,A line of thunderstorms producing strong winds moved across the coastal waters on this day.,A line of thunderstorms was observed on radar and a Special Marine Warning was issued to address it.  A wind gust to 43 mph was recorded at Port Orford when these thunderstorms moved onshore...so it is assumed that the warning criteria was met over the coastal waters.,CSV
201212,22,1,201212,22,30,70380,422688,E PACIFIC,86,2012,December,Marine Strong Wind,Z,350,FLORENCE TO CAPE BLANCO...OUT TO 10 NM,86350,MFR,22-DEC-12 00:01:00,PST-8,22-DEC-12 00:30:00,0,0,0,0,1.00K,NA,Official NWS Observations,37,MG,NA,NA,NA,NA,NA,NA,NA,NA,NA,6.99,W,REEDSPORT,6.94,NW,DENMARK,43.712,-124.2389,42.8929,-124.6069,A line of thunderstorms producing strong winds moved across the coastal waters on this day.,A line of thunderstorms was observed on radar and a Special Marine Warning was issued to address it.  A wind gust to 43 mph was recorded at Port Orford when these thunderstorms moved onshore...so it is assumed that the warning criteria was met over the coastal waters.,CSV
201212,22,1,201212,22,30,70380,422692,E PACIFIC,86,2012,December,Marine Strong Wind,Z,370,FLORENCE TO CAPE BLANCO...10 TO 60 NM,86370,MFR,22-DEC-12 00:01:00,PST-8,22-DEC-12 00:30:00,0,0,0,0,1.00K,NA,Official NWS Observations,37,MG,NA,NA,NA,NA,NA,NA,NA,NA,NA,45.69,WNW,DENMARK,35.41,WNW,LAKESIDE,42.9902,-125.376,43.7517,-124.8377,A line of thunderstorms producing strong winds moved across the coastal waters on this day.,A line of thunderstorms was observed on radar and a Special Marine Warning was issued to address it.  A wind gust to 43 mph was recorded at Port Orford when these thunderstorms moved onshore...so it is assumed that the warning criteria was met over the coastal waters.,CSV
201205,27,1100,201205,27,1115,64199,385580,ATLANTIC SOUTH,87,2012,May,Marine Strong Wind,Z,330,CHARLESTON HARBOR,87330,CHS,27-MAY-12 11:00:00,EST-5,27-MAY-12 11:15:00,0,0,0,0,3.00K,0.00K,Broadcast Media,39,EG,NA,NA,NA,NA,NA,NA,NA,NA,NA,0.69,S,THE CHARLESTON BATTERY,0.69,S,THE CHARLESTON BATTERY,32.77,-79.9,32.77,-79.9,"Beryl developed as a Subtropical Storm over the Atlantic Ocean. The cyclone eventually became a Tropical Storm and slowly moved to the southwest and finally made landfall along the northeast Florida coast. The system then weakened to a Tropical Depression and meandered about before slowly moving back to the northeast across coastal portions of Georgia and South Carolina. The system produced tropical storm force winds, rip currents, and areas of heavy rainfall across the region.",Three people and one dog were rescued from a sinking boat in the Charleston Harbor by the United States Coast Guard. The boat was fourteen feet long and was flooded due to four foot seas in the harbor related to Beryl.,CSV
201208,10,1100,201208,10,1200,65155,390429,LAKE MICHIGAN,91,2012,August,Marine Strong Wind,Z,643,SHEBOYGAN TO PT WASHINGTON WI,91643,MKX,10-AUG-12 11:00:00,CST-6,10-AUG-12 12:00:00,0,0,2,0,0.00K,0.00K,C-MAN Station,36,MG,NA,NA,NA,NA,NA,NA,NA,NA,NA,1.26,E,SHEBOYGAN,1.26,E,SHEBOYGAN,43.751,-87.6948,43.751,-87.6948,"A tight pressure gradient over Lake Michigan due to strengthening low pressure moving through the Ohio Valley and central Great Lakes was responsible for gusty northeast winds and resultant high waves at Sheboygan Harbor.  Wave heights reached as high as 14 feet at the southern Lake Michigan buoy.  Winds gusted as high as 36 knots at the Sheboygan C-Man station in the early afternoon on August 10th.  The two victims were swept into Lake Michigan by high waves crashing onto the Sheboygan harbor north break wall.  The two were trying to recover fishing equipment which had fallen into the lake the day before.  A third person was also washed into the lake by the high waves, but survived due to holding onto a nearby ladder.  The first victim's body was located the next day, Saturday, August 11th.  The second victim was found the following day, on Sunday, August 12th.",Sustained winds of 32 knots gusting to 34-36 knots caused high waves on the Sheboygan harbor break wall.,CSV
201206,18,1320,201206,18,1320,63375,383057,LAKE MICHIGAN,91,2012,June,Marine Strong Wind,Z,646,WIND PT LT WI TO WINTHROP HBR IL,91646,MKX,18-JUN-12 13:20:00,CST-6,18-JUN-12 13:20:00,0,0,0,0,0.10K,0.00K,C-MAN Station,39,MG,NA,NA,NA,NA,NA,NA,NA,NA,NA,1.24,ENE,KENOSHA,1.24,ENE,KENOSHA,42.589,-87.809,42.589,-87.809,"Strong southwest winds due to a tight pressure gradient across southern Wisconsin and Lake Michigan gusted as high as 35 knots (41 mph).  The strongest winds occurred during the afternoon and early evening.  Frequent wind gusts were in the 28 to 32 knots (32 to 37 mph) range during this period.  These strong winds caused six kayakers to capsize in Milwaukee Harbor during the late afternoon.  The coast guard and local police and fire came to the rescue of the kayakers.  There were in 60 degree water for about 30 minutes, but did not sustain any injuries.",Frequent gusts at KNSW3 C-Man station of 34 to 39 knots from 130 pm to 720 pm CDT.,CSV
201206,18,1100,201206,18,2000,63375,379511,LAKE MICHIGAN,91,2012,June,Marine Strong Wind,Z,673,NORTH POINT LIGHT TO WIND POINT WI 5NM OFFSHORE TO MID LAKE,91673,MKX,18-JUN-12 11:00:00,CST-6,18-JUN-12 20:00:00,0,3,0,0,0.00K,0.00K,ASOS,32,MG,NA,NA,NA,NA,NA,NA,NA,NA,NA,3.97,ESE,NORTH POINT LTHOUSE,3.97,ESE,NORTH POINT LTHOUSE,43.0558,-87.8587,43.0558,-87.8587,"Strong southwest winds due to a tight pressure gradient across southern Wisconsin and Lake Michigan gusted as high as 35 knots (41 mph).  The strongest winds occurred during the afternoon and early evening.  Frequent wind gusts were in the 28 to 32 knots (32 to 37 mph) range during this period.  These strong winds caused six kayakers to capsize in Milwaukee Harbor during the late afternoon.  The coast guard and local police and fire came to the rescue of the kayakers.  There were in 60 degree water for about 30 minutes, but did not sustain any injuries.",Frequent gusts of 28 to 32 knots (32 to 37 mph) from noon to 8 pm at Milwaukee International Airport.,CSV
201201,11,1620,201201,11,1825,60148,359036,GULF OF MEXICO,85,2012,January,Marine Strong Wind,Z,43,HAWK CHANNEL FROM CRAIG KEY TO WEST END OF SEVEN MILE BRIDGE OUT TO THE REEF,85043,KEY,11-JAN-12 16:20:00,EST-5,11-JAN-12 18:25:00,0,0,0,0,1.00K,0.00K,C-MAN Station,41,MG,NA,NA,NA,NA,NA,NA,NA,NA,NA,9.34,SW,KEY WEST,9.34,SW,KEY WEST,24.46,-81.88,24.46,-81.88,A strong wake low developed north and west of a vigorous squall line moving east through the Florida Straits.  Strong south and southwest winds developed across the coastal waters near the Lower and Middle Florida Keys and intensified across Florida Bay and Hawk Channel along the Upper Florida Keys.,Gale force wind gusts up to 41 knots were measured for over two hours from Sand Key Light through Ramrod Key.  The U.S. Coast Guard Key West responded to several distress calls involving vessels dragging anchor.,CSV
201203,5,1440,201203,5,1440,61624,368802,ATLANTIC NORTH,88,2012,March,Marine Strong Wind,Z,634,"CHESAPEAKE BAY FROM LITTLE CREEK, VA, TO CAPE HENRY, VA, INCLUDING THE CHESAPEAKE BAY BRIDGE TUNNEL",88634,AKQ,05-MAR-12 14:40:00,EST-5,05-MAR-12 14:40:00,0,0,0,0,1.00K,0.00K,C-MAN Station,44,MG,NA,NA,NA,NA,NA,NA,NA,NA,NA,0,N,CHESAPEAKE BAY BRIDGE TUNNEL 3RD ISLAND,0,N,CHESAPEAKE BAY BRIDGE TUNNEL 3RD ISLAND,37.04,-76.08,37.04,-76.08,"Low pressure moving off the coast produced gusty winds across portions of the Chesapeake Bay, Virginia/North Carolina Coastal Waters and Currituck Sound.",Wind gust of 44 knots was measured at the Chesapeake Bay Bridge Tunnel 3rd Island.,CSV
201203,5,1442,201203,5,1442,61624,368805,ATLANTIC NORTH,88,2012,March,Marine Strong Wind,Z,634,"CHESAPEAKE BAY FROM LITTLE CREEK, VA, TO CAPE HENRY, VA, INCLUDING THE CHESAPEAKE BAY BRIDGE TUNNEL",88634,AKQ,05-MAR-12 14:42:00,EST-5,05-MAR-12 14:42:00,0,0,0,0,1.00K,0.00K,C-MAN Station,36,MG,NA,NA,NA,NA,NA,NA,NA,NA,NA,0,N,CHESAPEAKE BAY BRIDGE TUNNEL STATION (CBBV2),0,N,CHESAPEAKE BAY BRIDGE TUNNEL STATION (CBBV2),36.97,-76.11,36.97,-76.11,"Low pressure moving off the coast produced gusty winds across portions of the Chesapeake Bay, Virginia/North Carolina Coastal Waters and Currituck Sound.",Wind gust of 36 knots was measured at the Chesapeake Bay Bridge Tunnel Station (CBBV2).,CSV
201203,5,1452,201203,5,1452,61624,368807,ATLANTIC NORTH,88,2012,March,Marine Strong Wind,Z,656,CP CHARLES LT VA TO NC-VA BDR OUT 20NM,88656,AKQ,05-MAR-12 14:52:00,EST-5,05-MAR-12 14:52:00,0,0,0,0,1.00K,0.00K,Mesonet,36,MG,NA,NA,NA,NA,NA,NA,NA,NA,NA,9.05,N,NC-VA BORDER,9.05,N,NC-VA BORDER,36.7,-75.9,36.7,-75.9,"Low pressure moving off the coast produced gusty winds across portions of the Chesapeake Bay, Virginia/North Carolina Coastal Waters and Currituck Sound.",Wind gust of 36 knots was measured at the Sandbridge Weatherflow site.,CSV
201203,5,1500,201203,5,1500,61624,368808,ATLANTIC NORTH,88,2012,March,Marine Strong Wind,Z,656,CP CHARLES LT VA TO NC-VA BDR OUT 20NM,88656,AKQ,05-MAR-12 15:00:00,EST-5,05-MAR-12 15:00:00,0,0,0,0,1.00K,0.00K,C-MAN Station,38,MG,NA,NA,NA,NA,NA,NA,NA,NA,NA,1.38,N,CAPE HENRY,1.38,N,CAPE HENRY,36.94,-76,36.94,-76,"Low pressure moving off the coast produced gusty winds across portions of the Chesapeake Bay, Virginia/North Carolina Coastal Waters and Currituck Sound.",Wind gust of 38 knots was measured at Cape Henry.,CSV
201203,10,1030,201203,10,1030,60878,363820,LAKE MICHIGAN,91,2012,March,Marine Strong Wind,Z,643,SHEBOYGAN TO PT WASHINGTON WI,91643,MKX,10-MAR-12 10:30:00,CST-6,10-MAR-12 10:30:00,0,0,1,0,0.00K,0.00K,C-MAN Station,34,EG,NA,NA,NA,NA,NA,NA,NA,NA,NA,0.88,NNE,PORT WASHINGTON,0.88,NNE,PORT WASHINGTON,43.3908,-87.8608,43.3908,-87.8608,"An experienced kayaker battered by buffeting winds and high waves was thrown from his kayak and drowned on Lake Michigan (directly-related fatality), just northeast of the Port Washington marina.  Strong low pressure moving across southern Canada created a tight pressure gradient over Lake Michigan.  This tight pressure gradient helped cause strong, gusty south winds over the near shore waters of Lake Michigan.  Sustained winds at the Port Washington GLOS observing station were 10 to 20 knots with frequent gusts of 20 to 30 knots.  This Port Washington observing station is partially shielded by nearby terrain so does not alway reflect actual wind speed velocities.  Farther north, the Sheboygan C-MAN station maintained by GLOS recorded much stronger winds at the time of the incident, with gusts of 35 to 40 knots.",See episode narrative.,CSV
201310,7,500,201310,7,900,78901,474190,E PACIFIC,86,2013,October,Marine Strong Wind,Z,350,FLORENCE TO CAPE BLANCO...OUT TO 10 NM,86350,MFR,07-OCT-13 05:00:00,PST-8,07-OCT-13 09:00:00,0,0,1,0,0.00K,0.00K,Newspaper,30,EG,NA,NA,NA,NA,NA,NA,NA,NA,NA,6.34,W,COOS BAY,6.34,W,COOS BAY,43.3559,-124.3446,43.3559,-124.3446,"A 30-foot fishing vessel (Ruth) was operating near the Coos Bay north jetty when it was struck by a sneaker wave. The boat was swept into the jetty. Two passengers climbed onto the jetty, but a third passenger, a 50 year old female, was washed overboard and out to sea. She was missing for a while, but later her body was recovered by the Coast guard after a search operation.","A 30-foot fishing vessel (Ruth) was operating near the Coos Bay north jetty when it was struck by a sneaker wave. The boat was swept into the jetty. Two passengers climbed onto the jetty, but a third passenger, a 50 year old female, was washed overboard and out to sea. She was missing for a while, but later her body was recovered by the Coast guard after a search operation.",CSV
201305,9,1300,201305,9,1300,73874,447056,E PACIFIC,86,2013,May,Marine Strong Wind,Z,530,SAN FRANCISCO / SAN PABLO / SUISUN BAY AND W DELTA,86530,MTR,09-MAY-13 13:00:00,PST-8,09-MAY-13 13:00:00,0,0,1,0,0.00K,0.00K,Broadcast Media,25,EG,NA,NA,NA,NA,NA,NA,NA,NA,NA,4.2,SE,ANGEL ISLAND,4.2,SE,ANGEL ISLAND,37.837,-122.3756,37.837,-122.3756,Gusty Southwest Winds lead to the capsizing of an America's Cup Yacht in San Francisco Bay during training runs.,Southwest winds caused a 72 foot long America's Cup Yacht to capsize during training runs in San Francisco Bay. 12 people were onboard the yacht when it capsized and had to be rescued. There was one fatality.,CSV
201301,19,1245,201301,19,1255,70376,422671,ATLANTIC SOUTH,87,2013,January,Marine Strong Wind,Z,555,SEBASTIAN INLET TO JUPITER INLET 0-20NM,87555,MLB,19-JAN-13 12:45:00,EST-5,19-JAN-13 12:55:00,0,0,1,0,0.00K,0.00K,Newspaper,30,EG,NA,NA,NA,NA,NA,NA,NA,NA,NA,6.23,ESE,STUART,6.23,ESE,STUART,27.1656,-80.1563,27.1656,-80.1563,Strong winds produced high seas near and offshore St. Lucie Inlet. A fishing vessel capsized due to the rough conditions and four men were ejected from the boat. One man drowned and three were rescued.,"Strong onshore (gradient) winds produced 6-8 foot seas near and offshore St. Lucie Inlet. A 23-foot commercial fishing boat was returning to port due to the rough conditions and capsized in the St. Lucie Inlet. A large wave pushed the boat forward and it then nose-dived into the back of another wave, ejecting four men from the vessel as it capsized. One man drowned and the other three were rescued by another commerical fisherman as they were hanging onto the overturned vessel.",CSV
201311,15,1400,201311,15,1400,80967,484736,E PACIFIC,86,2013,November,Marine Strong Wind,Z,135,PUGET SOUND AND HOOD CANAL,86135,SEW,15-NOV-13 14:00:00,PST-8,15-NOV-13 14:00:00,0,0,1,0,0.00K,0.00K,C-MAN Station,25,MS,NA,NA,NA,NA,NA,NA,NA,NA,NA,10,ESE,BAINBRIDGE ISLAND,10,ESE,BAINBRIDGE ISLAND,47.5646,-122.4217,47.5646,-122.4217,"A Ballard Marine Construction Boat, an approximately 25 foot commericial aluminum boat, conducting underwater surveys off Alki Point capsized around 2 pm on Friday. 4 people were on board the boat, 3 were rescued, 1 was found in the wheelhouse of the boat and he eventually died.","A Ballard Marine Construction Boat, an approximately 25 foot commericial aluminum boat, conducting underwater surveys off Alki Point capsized around 2 pm on Friday. 4 people were on board the boat, 3 were rescued, 1 was found in the wheelhouse of the boat and he eventually died.",CSV
201311,22,2245,201311,22,2345,81049,485583,GULF OF MEXICO,85,2013,November,Marine Strong Wind,Z,155,COASTAL WATERS FROM BAFFIN BAY TO PT MANSFIELD TX OUT 20 NM,85155,BRO,22-NOV-13 22:45:00,CST-6,22-NOV-13 23:45:00,0,0,0,0,2.00K,0.00K,Coast Guard,35,MG,NA,NA,NA,NA,NA,NA,NA,NA,NA,83.19,S,S BAFFIN BAY,83.19,S,S BAFFIN BAY,25.9987,-97.2894,25.9987,-97.2894,Modified polar air swept from western Canada and across the Lower Texas Coastal Waters on the afternoon of November 22nd. Strong northerly winds behind the front brought gale force winds for several hours after the frontal passage. The gale force winds led to a boat taking on water in the Laguna Madre late that afternoon.,"A 16 foot pleasure craft took on water during the early evening hours of November 22nd, in the Brownsville Ship Channel, near the Jaime J. Zapata Memorial Boat Ramp A Gale Warning was in effect and gale force wind gusts were recorded at nearby KSPL and the South Padre Island Coast Guard Station. Three men were rescued from the swamped boat with no injuries reported.",CSV
201305,3,1647,201305,3,1647,73182,442008,ATLANTIC SOUTH,87,2013,May,Marine Strong Wind,Z,550,FLAGLER BEACH TO VOLUSIA-BREVARD COUNTY LINE 0-20NM,87550,MLB,03-MAY-13 16:47:00,EST-5,03-MAY-13 16:47:00,0,0,0,0,1.00K,0.00K,AWOS,45,MG,NA,NA,NA,NA,NA,NA,NA,NA,NA,0,N,NEW SMYRNA BEACH,0,N,NEW SMYRNA BEACH,29.02,-80.93,29.02,-80.93,"A deepening low pressure system moved from the northern Brevard coastal waters northward and produced gale conditions over the coastal waters and along the coastline. Wind gusts of 45 to 54 mph were common for several hours. While there was scattered convection in the area, the strongest wind gusts were from gradient, non-convective winds.",The New Smyrna Beach AWOS measured non-convective wind gusts to 45 knots. Some power outages occurred in the area due to falling tree branches.,CSV
201305,3,1735,201305,3,1735,73182,442010,ATLANTIC SOUTH,87,2013,May,Marine Strong Wind,Z,550,FLAGLER BEACH TO VOLUSIA-BREVARD COUNTY LINE 0-20NM,87550,MLB,03-MAY-13 17:35:00,EST-5,03-MAY-13 17:35:00,0,0,0,0,1.00K,0.00K,Mesonet,44,MG,NA,NA,NA,NA,NA,NA,NA,NA,NA,2.75,NE,NEW SMYRNA BEACH,2.75,NE,NEW SMYRNA BEACH,29.05,-80.9,29.05,-80.9,"A deepening low pressure system moved from the northern Brevard coastal waters northward and produced gale conditions over the coastal waters and along the coastline. Wind gusts of 45 to 54 mph were common for several hours. While there was scattered convection in the area, the strongest wind gusts were from gradient, non-convective winds.",Weatherflow mesonet site XNSB measured wind non-convective gusts of 44 knots. Some minor powerline damage occurred in the area.,CSV
201411,16,600,201411,16,630,90828,544624,E PACIFIC,86,2014,November,Marine Strong Wind,Z,655,INNER WATERS FROM POINT MUGU TO SAN MATEO POINT CA INCLUDING SANTA CATALINA AND ANACAPA ISLANDS,86655,LOX,16-NOV-14 06:00:00,PST-8,16-NOV-14 06:30:00,1,0,0,0,0.00K,0.00K,Fire Department/Rescue,40,EG,NA,NA,NA,NA,NA,NA,NA,NA,NA,21.59,NNE,SANTA MONICA BASIN BUOY (46025),21.69,NNE,SANTA MONICA BASIN BUOY (46025),34.0362,-118.8987,34.0356,-118.893,"Strong and gusty Santa Ana winds impacted the coastal waters off the coast of Ventura county. In one incident, a 15 foot boat was capsized by the strong northeasterly winds. In another incident, a kayaker was blown about 600 yards offshore by the winds.",Strong Santa Ana winds impacted the coastal waters just off the Santa Monica Mountains. The north to northeast winds blew a kayaker 600 yards offshore. The kayaker was rescued by the fire department.,CSV
201411,16,700,201411,16,730,90828,544625,E PACIFIC,86,2014,November,Marine Strong Wind,Z,650,EAST SANTA BARBARA CHANNEL FROM POINT CONCEPTION TO POINT MUGU CA INCLUDING SANTA CRUZ ISLAND,86650,LOX,16-NOV-14 07:00:00,PST-8,16-NOV-14 07:30:00,2,0,0,0,0.00K,0.00K,Fire Department/Rescue,40,EG,NA,NA,NA,NA,NA,NA,NA,NA,NA,37.68,ESE,EAST SANTA BARBARA BUOY (46053),38.16,ESE,EAST SANTA BARBARA BUOY (46053),34.1319,-119.1963,34.1272,-119.1891,"Strong and gusty Santa Ana winds impacted the coastal waters off the coast of Ventura county. In one incident, a 15 foot boat was capsized by the strong northeasterly winds. In another incident, a kayaker was blown about 600 yards offshore by the winds.","Strong Santa Ana winds impacted the coastal waters just off the Ventura County coast. Near Ormond Beach, the strong northeast winds capsized a 15 foot long boat. Two people were rescued and treated for hypothermia.",CSV
201412,23,1510,201412,23,1510,92389,553363,LAKE SUPERIOR,92,2014,December,Marine Strong Wind,Z,141,GRAND MARAIS TO TACONITE HBR MN,92141,DLH,23-DEC-14 15:10:00,CST-6,23-DEC-14 15:10:00,0,0,2,0,0.00K,0.00K,ASOS,20,MG,NA,NA,NA,NA,NA,NA,NA,NA,NA,7.38,WSW,LUTSEN,7.38,WSW,LUTSEN,47.5742,-90.8351,47.5742,-90.8351,Waves as high as 6 feet washed a man into the lake as he was sitting on a rock along the shore of Lake Superior at Bluefin Bay Resort. He was wearing swimming trunks as he had just exited a nearby sauna. Another man who was trying to reach out to the victim from a rock slipped into the lake and was washed away by the high waves.  Both men drowned. Winds measured by the Grand Marais ASOS were northeast from about 10 to 15 miles an hour since midnight but were decreasing to under 10 mph at the time of the drownings.,NA,CSV
201411,1,800,201411,1,800,90526,543249,E PACIFIC,86,2014,November,Marine Strong Wind,Z,540,POINT ARENA TO POINT REYES...OUT TO 10 NM,86540,MTR,01-NOV-14 08:00:00,PST-8,01-NOV-14 08:00:00,1,0,4,0,NA,0.00K,Broadcast Media,20,EG,NA,NA,NA,NA,NA,NA,NA,NA,NA,1.03,SSW,BODEGA BAY,1.03,SSW,BODEGA BAY,38.3073,-123.0501,38.3073,-123.0501,Long period swell produced high surf and dangerous ocean conditions. A boat capsized and several fatalities occurred.,"High surf and potentially a rouge wave occurred in Bodega Bay, capsizing a 32 foot long vessel after an early morning crabbing trip on the opening day of recreational crab season. Five people on the boat were thrown into the water, none of them were wearing life jackets. Four of the people died in the water and one was able to swim to shore and was rescued later by a helicopter crew. The incident was not directly caused by local wind conditions, but distant wind in a strong Pacific Storm created the swell conditions that caused this incident.",CSV
201410,31,1335,201410,31,1335,90200,542060,LAKE MICHIGAN,91,2014,October,Marine Strong Wind,Z,645,NORTH PT LT TO WIND PT WI,91645,MKX,31-OCT-14 13:35:00,CST-6,31-OCT-14 13:35:00,0,0,0,0,10.00K,0.00K,Public,44,EG,NA,NA,NA,NA,NA,NA,NA,NA,NA,3.67,NNW,CUDAHY,3.67,NNW,CUDAHY,42.9974,-87.8825,42.9974,-87.8825,"Strengthening low pressure over lower Michigan in conjunction with a strong push of cold air over the relatively warmer waters of Lake Michigan resulted in strong winds affecting the nearshore waters of Lake Michigan on Halloween, 2014.  The strongest wind gust was 47 knots at the Kenosha lakeshore observation.  Wind gusts were frequently between 34 and 43 knots over the near shore waters for much of the day into the evening.",South Shore Yacht Club reported two vessels had broken free from their moorings due to the high winds.  One vessel ended up on the rocks near South Shore Park.  The other was blown farther south away from the yacht club.  Time is estimated as strong north winds gusts between 34 and 40 knots occurred much of the day.  The peak wind measured at the Milwaukee Lakeshore observation site (MLWW3) was 44 knots at 135 pm LST.  Damage amount is estimated.,CSV
201405,31,2000,201405,31,2200,86629,522803,E PACIFIC,86,2014,May,Marine Strong Wind,Z,132,EAST ENTRANCE US WATERS STRAIT OF JUAN DE FUCA,86132,SEW,31-MAY-14 20:00:00,PST-8,31-MAY-14 22:00:00,0,0,2,0,0.00K,0.00K,Newspaper,32,MS,NA,NA,NA,NA,NA,NA,NA,NA,NA,1,NW,NAS WHIDBEY IS,1,NW,NAS WHIDBEY IS,48.3602,-122.6654,48.3602,-122.6654,Two enlisted men from Texas and California were not equipped for cold and windy waters when they went fishing from kayaks and drowned not far from the Whidbey Island Naval Air Station.,"Two enlisted men from Texas and California were not equipped for cold and windy waters when they went fishing from kayaks and drowned not far from the Whidbey Island Naval Air Station.  The men were in 10-foot, open, lake-style kayaks, one wearing jeans and the other shorts. They wore recreational life vests.   The cause of death was salt water drowning with hypothermia.",CSV
201504,11,1400,201504,11,1700,94806,569782,E PACIFIC,86,2015,April,Marine Strong Wind,Z,131,CENTRAL US WATERS STRAIT OF JUAN DE FUCA,86131,SEW,11-APR-15 14:00:00,PST-8,11-APR-15 17:00:00,1,0,2,0,0.00K,0.00K,Newspaper,30,MG,NA,NA,NA,NA,NA,NA,NA,NA,NA,0.2,NW,DUNGENESS,0.2,NW,DUNGENESS,48.1521,-123.1231,48.1521,-123.1231,Two people died and one was injured while kayaking in the Strait of Juan de Fuca near New Dungeness during strong winds.,Two people died and one was injured while kayaking near New Dungeness in the Strait of Juan de Fuca during strong winds.,CSV
201502,16,1450,201502,16,1630,93773,563530,GULF OF MEXICO,85,2015,February,Marine Strong Wind,Z,135,LAGUNA MADRE FROM 5NM N OF PT MANSFIELD TO BAFFIN BAY TX,85135,BRO,16-FEB-15 14:50:00,CST-6,16-FEB-15 16:30:00,0,4,0,0,NA,0.00K,Coast Guard,43,MG,NA,NA,NA,NA,NA,NA,NA,NA,NA,42.62,S,S BAFFIN BAY,42.62,S,S BAFFIN BAY,26.5836,-97.3533,26.5836,-97.3533,A strong cold front swept across the region and produced wind gusts over 34 knots across the Lower Texas Coastal Waters.  Observation platforms along the coast recorded wind gusts as high as 40 knots along the front. The strong winds resulted in one boat running aground near Port Mansfield.,"The strong and gusty winds associated with the cold front resulted in a small boat running aground in the Laguna Madre west of Port Mansfield Cut. TCOON site at Rincon del San Jose reported wind gusts of 34 knots or greater with a maximum wind gust of 43 knots at 3 pm. The cold front dropped temperatures 25 degrees in less than two hours. Coast Guard aircrew rescued the 4 individuals on board, including 2 children. All 4 individuals were hospitalized for hypothermia.",CSV
201510,15,1540,201510,15,1610,99862,598762,LAKE MICHIGAN,91,2015,October,Marine Strong Wind,Z,646,WIND PT LT WI TO WINTHROP HBR IL,91646,MKX,15-OCT-15 15:40:00,CST-6,15-OCT-15 16:10:00,0,0,0,0,0.00K,0.00K,C-MAN Station,36,MG,NA,NA,NA,NA,NA,NA,NA,NA,NA,1.24,ENE,KENOSHA,1.24,ENE,KENOSHA,42.589,-87.809,42.589,-87.809,A strong push of cold air and an unstable atmosphere caused scattered showers over the lake shore and near shore waters of Lake Michigan during the late afternoon.  These showers produced strong gusty winds.  A few wind gusts exceeded 33 knots.,"Kenosha lakeshore observation equipment reported wind gusts of 34 to 36 knots for a 20 minute period, from 450 pm CDT to 510 pm CDT.  The strongest gust of 36 knots was reported at 5 pm CDT.",CSV
201510,15,1509,201510,15,1509,99862,598763,LAKE MICHIGAN,91,2015,October,Marine Strong Wind,Z,643,SHEBOYGAN TO PT WASHINGTON WI,91643,MKX,15-OCT-15 15:09:00,CST-6,15-OCT-15 15:09:00,0,0,0,0,0.00K,0.00K,C-MAN Station,45,MG,NA,NA,NA,NA,NA,NA,NA,NA,NA,1.4,E,SHEBOYGAN,1.4,E,SHEBOYGAN,43.75,-87.692,43.75,-87.692,A strong push of cold air and an unstable atmosphere caused scattered showers over the lake shore and near shore waters of Lake Michigan during the late afternoon.  These showers produced strong gusty winds.  A few wind gusts exceeded 33 knots.,Sheboygan lakeshore station measured a wind gust of 45 knots at 409 pm CDT.,CSV
201510,15,1530,201510,15,1530,99862,600109,LAKE MICHIGAN,91,2015,October,Marine Strong Wind,Z,645,NORTH PT LT TO WIND PT WI,91645,MKX,15-OCT-15 15:30:00,CST-6,15-OCT-15 15:30:00,0,0,0,0,10.00K,0.00K,Mariner,45,EG,NA,NA,NA,NA,NA,NA,NA,NA,NA,3.65,NNW,CUDAHY,3.65,NNW,CUDAHY,42.9974,-87.8817,42.9974,-87.8817,A strong push of cold air and an unstable atmosphere caused scattered showers over the lake shore and near shore waters of Lake Michigan during the late afternoon.  These showers produced strong gusty winds.  A few wind gusts exceeded 33 knots.,South Shore Yacht Club personnel reported damage to several docked vessels.,CSV
201510,2,1930,201510,2,1930,101146,605185,ATLANTIC NORTH,88,2015,October,Marine Strong Wind,Z,355,FIRE ISLAND INLET NY TO SANDY HOOK NJ OUT 20NM,88355,OKX,02-OCT-15 19:30:00,EST-5,02-OCT-15 19:30:00,0,0,2,0,0.00K,0.00K,Buoy,30,EG,NA,NA,NA,NA,NA,NA,NA,NA,NA,2.86,E,BREEZY POINT WXFLOW,2.86,E,BREEZY POINT WXFLOW,40.5545,-73.8759,40.5545,-73.8759,Hazardous Seas of up to 13 feet resulted in the capsizing of a fishing boat off of Brooklyn.,"Choppy waters caused a boat to capsize, resulting in two fatalities.  Buoy 44025 measured 13 foot waves at the time.",CSV
201511,27,1340,201511,27,1340,100874,609232,ATLANTIC NORTH,88,2015,November,Marine Strong Wind,Z,450,SANDY HOOK TO MANASQUAN INLET NJ OUT 20NM,88450,PHI,27-NOV-15 13:40:00,EST-5,27-NOV-15 13:40:00,5,0,2,0,1.00K,0.00K,Broadcast Media,30,EG,NA,NA,NA,NA,NA,NA,NA,NA,NA,1.24,S,MANASQUAN,1.24,S,MANASQUAN,40.1023,-74.0331,40.1023,-74.0331,"A strong southeasterly swell along the Atlantic ocean waters off the New Jersey coast produced hazardous seas in the waters off the Monmouth County coast and into Manasquan Inlet during the afternoon of the 27th. A Small Craft Advisory for Hazardous Seas was in effect for the New Jersey coastal waters.||A pontoon boat capsized in Manasquan Inlet, New Jersey around 1:40 p.m. EST on November 27, 2015. The Coast Guard responded and rescued four people. Two people were rescued by good Samaritans, and one person was hoisted into the air by a NYPD helicopter. New Jersey State Police reported 2 people were pronounced dead following the rescue, with 4 victims having been taken to Ocean Medical Center with non-life threatening injuries and 1 victim refused medical treatment. New Jersey State Police also reported that strong currents could have played a factor in the boating accident.",NA,CSV
201511,5,2242,201511,5,2302,100386,601196,LAKE MICHIGAN,91,2015,November,Marine Strong Wind,Z,645,NORTH PT LT TO WIND PT WI,91645,MKX,05-NOV-15 22:42:00,CST-6,05-NOV-15 23:02:00,0,0,0,0,0.00K,0.00K,C-MAN Station,46,MG,NA,NA,NA,NA,NA,NA,NA,NA,NA,3.49,SE,NORTH POINT LTHOUSE,3.49,SE,NORTH POINT LTHOUSE,43.046,-87.879,43.046,-87.879,A strong cold front approaching Lake Michigan from eastern Wisconsin triggered showers and isolated thunderstorms over the lake shore and near shore waters during the late evening of November 5th.  Strong gusty winds accompanied some of these showers.,Milwaukee lake shore station measured frequent wind gusts of 34 to 37 knots for a 20 minute period.  The peak wind gust was 46 knots at 11 pm CST.,CSV
201511,10,859,201511,10,859,100463,609275,ATLANTIC NORTH,88,2015,November,Marine Strong Wind,Z,431,DE BAY WATERS S OF E PT NJ TO SLAUGHTER BEACH DE,88431,PHI,10-NOV-15 08:59:00,EST-5,10-NOV-15 08:59:00,0,0,0,0,0.50K,0.00K,Buoy,37,MG,NA,NA,NA,NA,NA,NA,NA,NA,NA,8.77,W,NORTH CAPE MAY,8.77,W,NORTH CAPE MAY,38.987,-75.113,38.987,-75.113,"An area of low pressure along the Middle Atlantic coast produced a strong easterly wind gust during the morning of the 10th in the lower Delaware Bay. A 43 mph wind gust was measured at the Brandywine Shoal NOS buoy in lower Delaware Bay. The low pressure slowly tracked along the Eastern Seaboard from around the Tidewater of Virginia early in the day, crossing the lower Delmarva Peninsula and eventually emerging off the southern New Jersey coast by the evening.",NA,CSV
201602,14,0,201602,14,1200,102773,614266,ATLANTIC SOUTH,87,2016,February,Marine Strong Wind,Z,552,VOLUSIA-BREVARD COUNTY LINE TO SEBASTIAN INLET 0-20NM,87552,MLB,14-FEB-16 00:00:00,EST-5,14-FEB-16 12:00:00,0,0,1,0,0.00K,0.00K,Newspaper,20,EG,NA,NA,NA,NA,NA,NA,NA,NA,NA,6.02,E,COCOA BEACH,6.02,E,COCOA BEACH,28.3209,-80.501,28.3209,-80.501,"Although light north winds prevailed near-shore when a lone mariner departed Port Canaveral during the early morning hours, northeast winds likely became 12-16 knots just offshore, with peak winds near 20 knots, resulting in choppy 4-5 foot seas. The empty boat was found late at night at Indian Harbour Beach, about 20 miles south of Port Canaveral. The search for the missing boater was suspended after several days and the occupant was presumed drowned.","A mariner who departed Port Canaveral  in a 17-foot fishing boat during the early-morning hours was lost at sea and presumed drowned. It is likely that the boater left port in light winds and small seas, but quickly encountered north winds gusting to 20 knots and building seas of 4-5 feet just offshore. The unoccupied boat was found late at night, about 20 miles south of Port Canaveral.",CSV
201602,5,30,201602,5,2000,102775,614270,ATLANTIC SOUTH,87,2016,February,Marine Strong Wind,Z,555,SEBASTIAN INLET TO JUPITER INLET 0-20NM,87555,MLB,05-FEB-16 00:30:00,EST-5,05-FEB-16 20:00:00,2,0,0,0,0.00K,0.00K,Newspaper,25,EG,NA,NA,NA,NA,NA,NA,NA,NA,NA,19.76,N,SEBASTIAN INLET,19.76,N,SEBASTIAN INLET,28.1328,-80.6177,28.1328,-80.6177,"Strong winds developed behind a cold front, resulting in choppy conditions on the Indian River in Brevard County. A houseboat in Melbourne was battered against a sea wall, causing injuries to two occupants.","Strong and gusty northwest winds developed immediately behind a cold front just after midnight. Wind gusts around 25 knots likely caused river conditions to quickly become choppy. A 42-foot houseboat on the Indian River in Melbourne crashed into the north side of the Eau Gallie Causeway around 0115LST, injuring two elderly occupants. Police and several citizens stabilized the vessels and the officers pulled the two people to safety. They were taken to a local hospital with minor injuries.",CSV
201603,16,1600,201603,16,1600,102927,615062,LAKE MICHIGAN,91,2016,March,Marine Strong Wind,Z,644,PT WASHINGTON TO NORTH PT LT WI,91644,MKX,16-MAR-16 16:00:00,CST-6,16-MAR-16 16:00:00,0,0,0,1,0.00K,0.00K,C-MAN Station,43,MG,NA,NA,NA,NA,NA,NA,NA,NA,NA,0.85,NE,PORT WASHINGTON,0.85,NE,PORT WASHINGTON,43.39,-87.86,43.39,-87.86,"Rapidly deepening low pressure over Wisconsin resulted in very windy conditions affecting the lake shore and near shore waters of Lake Michigan from late morning through the afternoon.  Frequent west to southwest wind gusts of 30 to 40 knots affected the near shore waters causing high waves.  The peak wind gust recorded at the Port Washington lake shore station was 43 knots at 3:10 pm CDT. Wave heights were estimated at 8 feet just off shore.  The high winds and waves caused a pair of kayaks located just off the Port Washington shore to capsize.  One of the kayakers made it back to shore, but the other kayaker remains missing and presumed drowned.","Frequent gusts of 30 to 40 knots during the late morning and afternoon resulted in high waves, estimated as high as 8 feet just off shore.  These high winds and waves resulted in a kayak capsizing.  The body of the kayaker was never found.",CSV
201604,10,800,201604,10,800,104520,626153,ATLANTIC SOUTH,87,2016,April,Marine Strong Wind,Z,555,SEBASTIAN INLET TO JUPITER INLET 0-20NM,87555,MLB,10-APR-16 08:00:00,EST-5,10-APR-16 08:00:00,0,0,3,0,0.00K,0.00K,Newspaper,20,ES,NA,NA,NA,NA,NA,NA,NA,NA,NA,7.81,E,STUART,7.81,E,STUART,27.2135,-80.1238,27.2135,-80.1238,A 24-foot boat left Stuart with four boaters in the morning. They encountered high seas just offshore the coast generated by gusty onshore winds and the boat capsized. Three of the four boaters drowned and the fourth person made it to the beach and was rescued.,Three adults and a child departed Sandspirit Park in Stuart around 0700LST in a 24-foot Sea Ray boat for a fishing trip near St. Lucie Inlet. Three of the boaters drowned and the fourth one was found alive on a Stuart Beach the following morning. The survivor stated the boat was swamped by rough seas shortly after leaving port for the fishing trip. The boat filled up with water and sank below the surface.,CSV
201603,31,1100,201603,31,1100,104627,626661,GULF OF MEXICO,85,2016,March,Marine Strong Wind,Z,155,COASTAL WATERS FROM BAFFIN BAY TO PT MANSFIELD TX OUT 20 NM,85155,BRO,31-MAR-16 11:00:00,CST-6,31-MAR-16 11:00:00,0,0,1,0,0.00K,0.00K,Broadcast Media,25,MG,NA,NA,NA,NA,NA,NA,NA,NA,NA,74.93,S,S BAFFIN BAY,74.93,S,S BAFFIN BAY,26.1183,-97.2932,26.1183,-97.2932,"In the wake of an overnight gravity wave event across the lower Texas coastal waters, winds remained strong and gusty across the Laguna Madre during the morning hours of March 31. The strong winds resulted in rough to very rough waters in the Laguna Madre. The winds capsized a kayak near Holly Beach and one person was drowned.","In the wake of an overnight gravity wave event, in which winds reached 40 knots across the lower Texas coastal waters, winds remained strong and gusty across the Laguna Madre during the morning hours of March 31. The strong winds resulted in rough to very rough waters in the Laguna Madre. The winds with gusts of 25 knots and rough to very rough chop capsized a kayak near Holly Beach and one person was drowned.",CSV
201606,22,1500,201606,22,1500,107204,643101,ATLANTIC NORTH,88,2016,June,Marine Strong Wind,Z,50,EASTPORT ME TO SCHOODIC POINT ME OUT 25 NM,88050,CAR,22-JUN-16 15:00:00,EST-5,22-JUN-16 15:00:00,0,1,0,2,NA,NA,Buoy,26,EG,NA,NA,NA,NA,NA,NA,NA,NA,NA,20,SW,JONESPORT,20,SW,JONESPORT,44.3253,-67.8866,44.3253,-67.8866,An upper level disturbance moved across the region during the 22nd...accompanied by an area of rain moving along the Downeast coast. Locally gusty winds...up to 30 mph...briefly occurred along the leading edge of the area of rain over the waters near Schoodic Point. A group of 3 sea kayakers...two men and a woman... encountered the gusty winds in an area of dangerous tides and currents near Schoodic Point. The combination of gusty winds and currents caused the kayaks to overturn and spill the kayakers into the water. The tides and currents then drew the kayakers further offshore. The two male kayakers perished due to a combination of hypothermia in the cold waters and drowning. The female kayaker was rescued and hospitalized but survived.,Locally gusty winds up to 30 mph briefly occurred along the leading edge of an area of rain moving along the Downeast coast near Schoodic Point. Three sea kayakers encountered the gusty winds in an area of dangerous currents. The combination of gusty winds and dangerous currents caused the kayaks to overturn and spill the occupants...2 men and a woman...into the water. The dangerous currents and tides then drew the kayakers further offshore. The two male kayakers perished from a combination of hypothermia and drowning (indirect). The female kayaker was rescued and hospitalized but survived (indirect).  The wind gusts and time of the event are estimated.,CSV
201603,6,1200,201603,6,2000,104382,625127,GULF OF MEXICO,85,2016,March,Marine Strong Wind,Z,230,CORPUS CHRISTI TO BAFFIN BAY,85230,CRP,06-MAR-16 12:00:00,CST-6,06-MAR-16 20:00:00,0,0,3,0,0.00K,0.00K,Broadcast Media,30,MG,NA,NA,NA,NA,NA,NA,NA,NA,NA,9.32,N,BOB HALL PIER,9.32,N,BOB HALL PIER,27.714,-97.2469,27.714,-97.2469,"A 20 foot recreational boat capsized near Flour Bluff Sunday 6 March 2016 at 3:00 PM CST. According to the U. S. Coast Guard, the boat was originally placed in the water near the JFK Causeway. Eight people were on board. Six were rescued and two were missing. According to the Corpus Christi Police Department, one of the six rescued (who was pulled from the Corpus Christi Bay near Swantner Park), a 3 year old boy died. On Friday March 11th, the two missing were found deceased (a 35 year old man and a 13 year old girl).","A 20 foot recreational boat capsized near Flour Bluff Sunday 6 March 2016 at 3:00 PM CST. According to the U. S. Coast Guard, the boat was originally placed in the water near the JFK Causeway. Eight people were on board. Six were rescued and two were missing. According to the Corpus Christi Police Department, one of the six rescued (who was pulled from the Corpus Christi Bay near Swantner Park), a 3 year old boy died. On Friday March 11th, the two missing were found deceased (a 35 year old man and a 13 year old girl).",CSV
201612,16,1950,201612,16,2250,112248,669347,E PACIFIC,86,2016,December,Marine Strong Wind,Z,775,SAN MATEO PT TO MEXICAN BDR 30 TO 60NM,86775,SGX,16-DEC-16 19:50:00,PST-8,16-DEC-16 22:50:00,0,0,0,0,0.00K,NA,Buoy,36,MG,NA,NA,NA,NA,NA,NA,NA,NA,NA,31.76,SE,SAN CLEMENTE IS. RAWS,31.76,SE,SAN CLEMENTE IS. RAWS,32.5,-118,32.5,-118,Strong northwesterly winds and elevated seas developed in the wake of a Pacific cold front on December 16th and 17th. The winds reached gale force for several hours on the 16th.,The San Clemente Basin Buoy reported wind gusts of 40-42 mph between 1950 and 2250PST on the 16th. The buoy also reported seas of 9-11 ft.,CSV
201611,19,1700,201611,19,1700,117368,705814,ATLANTIC NORTH,88,2016,November,Marine Strong Wind,Z,537,TIDAL POTOMAC COBB IS MD TO SMITH PT VA,88537,LWX,19-NOV-16 17:00:00,EST-5,19-NOV-16 17:00:00,1,0,2,0,NA,NA,Newspaper,35,EG,NA,NA,NA,NA,NA,NA,NA,NA,NA,8.47,NNW,COLES POINT (COL),8.47,NNW,COLES POINT (COL),38.253,-76.6705,38.253,-76.6705,A potent cold front passed through. A strong wind shift behind the front along with gusty winds led to a couple fatalities along with an injury.,A boat carrying four people capsized due to the strong winds. Two fatalities were reported. One was missing and one was injured.,CSV
201710,24,224,201710,24,224,120474,721817,ATLANTIC NORTH,88,2017,October,Marine Strong Wind,Z,431,DE BAY WATERS S OF E PT NJ TO SLAUGHTER BEACH DE,88431,PHI,24-OCT-17 02:24:00,EST-5,24-OCT-17 02:24:00,0,0,0,0,0.01K,0.01K,Buoy,43,MG,NA,NA,NA,NA,NA,NA,NA,NA,NA,11.56,SW,EAST POINT NJ,11.56,SW,EAST POINT NJ,39.0557,-75.1575,39.0557,-75.1575,A strong low pressure system over the Great Lakes and a departing high pressure system to our east lead to a tight pressure gradient and a round of strong winds.,Measured gust at Brandywine Shoal Nos platform.,CSV
201703,1,1436,201703,1,1436,114566,687175,ATLANTIC NORTH,88,2017,March,Marine Strong Wind,Z,656,CP CHARLES LT VA TO NC-VA BDR OUT 20NM,88656,AKQ,01-MAR-17 14:36:00,EST-5,01-MAR-17 14:36:00,0,0,0,0,1.00K,0.00K,C-MAN Station,36,MG,NA,NA,NA,NA,NA,NA,NA,NA,NA,0,N,CAPE HENRY,0,N,CAPE HENRY,36.92,-76,36.92,-76,Gusty southwest winds occurred ahead of a cold front across portions of the Virginia Coastal Waters.,Wind gust of 36 knots was measured at Cape Henry.,CSV
201703,1,1348,201703,1,1348,114563,687169,ATLANTIC NORTH,88,2017,March,Marine Strong Wind,Z,636,YORK RIVER,88636,AKQ,01-MAR-17 13:48:00,EST-5,01-MAR-17 13:48:00,0,0,0,0,1.00K,0.00K,C-MAN Station,38,MG,NA,NA,NA,NA,NA,NA,NA,NA,NA,0,N,YORKTOWN USCG STATION WLON (YKTV2),0,N,YORKTOWN USCG STATION WLON (YKTV2),37.23,-76.48,37.23,-76.48,Gusty southwest winds occurred ahead of a cold front across portions of the York River.,Wind gust of 38 knots was measured at Yorktown USCG Station.,CSV
201703,1,1424,201703,1,1424,114564,687172,ATLANTIC NORTH,88,2017,March,Marine Strong Wind,Z,632,"MOUTH OF CHESAPEAKE BAY FROM NEW POINT COMFORT TO LITTLE CREEK, VA",88632,AKQ,01-MAR-17 14:24:00,EST-5,01-MAR-17 14:24:00,0,0,0,0,1.00K,0.00K,C-MAN Station,40,MG,NA,NA,NA,NA,NA,NA,NA,NA,NA,0,N,YORK RIVER EAST REAR RANGE LIGHT WLON (YKRV2),0,N,YORK RIVER EAST REAR RANGE LIGHT WLON (YKRV2),37.25,-76.33,37.25,-76.33,Gusty southwest winds occurred ahead of a cold front across portions of the Chesapeake Bay.,Wind gust of 40 knots was measured at York River East Rear Range Light.,CSV
201703,1,1424,201703,1,1424,114565,687174,ATLANTIC NORTH,88,2017,March,Marine Strong Wind,Z,638,JAMES RIVER FROM JAMES RIVER BRIDGE TO HAMPTON ROADS BRIDGE-TUNNEL,88638,AKQ,01-MAR-17 14:24:00,EST-5,01-MAR-17 14:24:00,0,0,0,0,1.00K,0.00K,C-MAN Station,42,MG,NA,NA,NA,NA,NA,NA,NA,NA,NA,0,N,DOMINION TERMINAL ASSOCIATES WLON (DOMV2),0,N,DOMINION TERMINAL ASSOCIATES WLON (DOMV2),36.96,-76.43,36.96,-76.43,Gusty southwest winds occurred ahead of a cold front across portions of the James River.,Wind gust of 42 knots was measured at Dominion Terminal Associates.,CSV
201703,10,1436,201703,10,1436,114569,687190,ATLANTIC NORTH,88,2017,March,Marine Strong Wind,Z,656,CP CHARLES LT VA TO NC-VA BDR OUT 20NM,88656,AKQ,10-MAR-17 14:36:00,EST-5,10-MAR-17 14:36:00,0,0,0,0,1.00K,0.00K,C-MAN Station,43,MG,NA,NA,NA,NA,NA,NA,NA,NA,NA,0,N,CAPE HENRY,0,N,CAPE HENRY,36.92,-76,36.92,-76,Gusty north or northwest winds occurred on the back side of low pressure across portions of the Virginia Coastal Waters.,Wind gust of 43 knots was measured at Cape Henry.,CSV
201702,17,1950,201702,17,2350,113771,681132,E PACIFIC,86,2017,February,Marine Strong Wind,Z,775,SAN MATEO PT TO MEXICAN BDR 30 TO 60NM,86775,SGX,17-FEB-17 19:50:00,PST-8,17-FEB-17 23:50:00,0,0,0,0,0.00K,0.00K,Buoy,37,EG,NA,NA,NA,NA,NA,NA,NA,NA,NA,30.84,SE,SAN CLEMENTE IS. RAWS,30.84,SE,SAN CLEMENTE IS. RAWS,32.491,-118.035,32.491,-118.035,A deepening surface cyclone brought gale force winds and high seas to the coastal waters as it moved inland from the west.,The San Clemente Basin Buoy reported wind gusts in excess of 34 kts for 4 hours with a peak gust of 37 kts.,CSV
201701,20,1150,201701,20,1650,113089,676354,E PACIFIC,86,2017,January,Marine Strong Wind,Z,775,SAN MATEO PT TO MEXICAN BDR 30 TO 60NM,86775,SGX,20-JAN-17 11:50:00,PST-8,20-JAN-17 16:50:00,0,0,0,0,0.01K,0.00K,Buoy,40,EG,NA,NA,NA,NA,NA,NA,NA,NA,NA,30.84,SE,SAN CLEMENTE IS. RAWS,30.84,SE,SAN CLEMENTE IS. RAWS,32.491,-118.035,32.491,-118.035,"A strong surface front brought strong squalls, choppy seas, and gale force winds to the Southern California Bight on the 20th of January.","The San Clemente Basin Buoy reported wind gusts in excess of 34 knots for 5 hours, with a peak gust of 40 kt.",CSV
201704,30,330,201704,30,330,115354,692629,GULF OF MEXICO,85,2017,April,Marine Strong Wind,Z,135,LAGUNA MADRE FROM 5NM N OF PT MANSFIELD TO BAFFIN BAY TX,85135,BRO,30-APR-17 03:30:00,CST-6,30-APR-17 03:30:00,0,0,0,0,20.00K,0.00K,Broadcast Media,34,EG,NA,NA,NA,NA,NA,NA,NA,NA,NA,30.09,S,S BAFFIN BAY,30.09,S,S BAFFIN BAY,26.7714,-97.4671,26.7714,-97.4671,"Strong and gusty winds, some to gale force, developed behind a cold front that pushed across the lower Texas coastal waters during the early morning hours. The strong winds capsized an 18 foot boat in shallow water, 15 miles north of Port Mansfield.",Media reported an 18 foot boat capsized 15 miles north of Port Mansfield in 3 feet of water. The four occupants were rescued by helicopter and taken to Port Isabel-Cameron County Airport. No injuries reported. Wind gusts estimated.,CSV
201712,23,900,201712,23,1500,122102,730998,GULF OF MEXICO,85,2017,December,Marine Strong Wind,Z,250,PT ARANSAS TO BAFFIN BAY TX OUT 20NM,85250,CRP,23-DEC-17 09:00:00,CST-6,23-DEC-17 15:00:00,0,0,1,0,0.00K,0.00K,Broadcast Media,20,EG,NA,NA,NA,NA,NA,NA,NA,NA,NA,5,E,BOB HALL PIER,5,E,BOB HALL PIER,27.58,-97.1484,27.58,-97.1484,"Fire Department crews arrived to find a capsized vessel around five miles offshore and two teenagers clinging to a nearby oil rig. A third boater, who officials believe was their uncle, was found face down in the water where he had reportedly been for several minutes.On the way to the hospital, officials said the man was pronounced dead.","Corpus Christi Fire Department responded just before 3 p.m. Saturday to Packery Channel to reports of three people in distress in the water. Coast Guard helicopter crew was diverted to the scene and provided aerial support to crews on the ground. Fire Department crews arrived to find a capsized vessel around five miles offshore and two teenagers clinging to a nearby oil rig. A third boater, who officials believe was their uncle, was found face down in the water where he had reportedly been for several minutes. All three were brought to shore, where the unconscious man underwent CPR before being taken to a nearby hospital by ambulance. On the way to the hospital, officials said the man was pronounced dead. Officials said the teens reported that they and their uncle were on a fishing trip from Houston and were not local to the area. They said the boat got away from them and their uncle was not a good swimmer. None of the boaters were wearing life jackets.",CSV
201803,29,900,201803,29,900,124599,747653,GULF OF MEXICO,85,2018,March,Marine Strong Wind,Z,155,COASTAL WATERS FROM BAFFIN BAY TO PT MANSFIELD TX OUT 20 NM,85155,BRO,29-MAR-18 09:00:00,CST-6,29-MAR-18 09:00:00,2,0,0,0,NA,0.00K,Broadcast Media,5,MG,NA,NA,NA,NA,NA,NA,NA,NA,NA,44.77,S,S BAFFIN BAY,44.77,S,S BAFFIN BAY,26.5622,-97.2522,26.5622,-97.2522,This is a test.,"Two men were rescued by the U.S. Coast Guard after their 21-foot fishing boat capsized (as reported by local TV media). One man showed signs of hypothermia, and the other was face-down with no pulse but revived with CPR. Both were airlifted to a local hospital. The exact cause of the capsize was unknown, though combined seas had built to nearly 8 feet with a swell period from the east of 9 seconds. Note: Time of the incident was estimated.",CSV
201801,16,400,201801,16,900,123027,737629,E PACIFIC,86,2018,January,Marine Strong Wind,Z,750,SAN MATEO PT TO MEXICAN BDR OUT 30NM,86750,SGX,16-JAN-18 04:00:00,PST-8,16-JAN-18 09:00:00,0,0,0,0,100.00K,0.00K,Coast Guard,43,EG,NA,NA,NA,NA,NA,NA,NA,NA,NA,1.4,ENE,POINT LOMA,1.4,ENE,POINT LOMA,32.6796,-117.2089,32.6796,-117.2089,"A Pacific storm system brought rough seas (6-9 ft) and gusty winds (20-30 kt locally 40 kt) to the coastal waters. Winds and seas resulted in 10 boats being beached near Zu��iga Point (entrance to San Diego Bay) after the boats pulled from their moorings. Multiple Coast Guard rescues were requested, but only one was conducted in the area.","Winds and seas resulted in 10 boats being beached near Zu��iga Point (entrance to San Diego Bay) after the boats pulled from their moorings. Multiple Coast Guard rescues were requested, but only one was conducted in the area.",CSV
201804,15,1100,201804,15,1100,127398,763646,ATLANTIC NORTH,88,2018,April,Marine Strong Wind,Z,536,TIDAL POTOMAC INDIAN HD TO COBB IS MD,88536,LWX,15-APR-18 11:00:00,EST-5,15-APR-18 11:00:00,2,0,2,0,NA,NA,Broadcast Media,20,EG,NA,NA,NA,NA,NA,NA,NA,NA,NA,6.05,ENE,QUANTICO (KNYG),6.05,ENE,QUANTICO (KNYG),38.5576,-77.2061,38.5576,-77.2061,A boat capsized resulting in two fatalities on the 15th around noon. Gradient winds were estimated to be around 20 knots.,Wind gusts were estimated to be around 20 knots based on observations nearby around Quantico and Cobb Point. Two direct fatalities occurred when a boat capsized near the mouth of the Mattawoman Creek.,CSV
201808,30,1400,201808,30,2300,130236,779859,LAKE SUPERIOR,92,2018,August,Marine Strong Wind,Z,147,SAND IS TO BAYFIELD WI,92147,DLH,30-AUG-18 14:00:00,CST-6,30-AUG-18 23:00:00,0,0,0,4,0.00K,0.00K,Law Enforcement,13,EG,NA,NA,NA,NA,NA,NA,NA,NA,NA,9.85,E,BASS ISLAND RAWS STATION APOW3,9.85,E,BASS ISLAND RAWS STATION APOW3,46.8912,-90.5432,46.8912,-90.5432,A family of five fell into Lake Superior when their kayak overturned in rough water. The father and three children tried swimming to shore but were found deceased due to hypothermia. The mother was found alive with the kayak. Everyone was wearing life jackets. Waves were 1-3 feet.,"A family of five (husband, wife, three children under the age of 10) set out on a kayak to tour the Apostle Islands at around 100 pm CDT. Wind and waves were nearly calm when the family set out from Madeline Island on a sit on top type of kayak. The winds picked up by 4 pm becoming east-southeast at 5-15 mph with waves building to 1-3 feet, causing the kayak to overturn, sending the family into the water.  All occupants were wearing life jackets, however, water temperatures were around 60 degrees and they were not wearing wet suits. The father and children tried to swim to the nearest island while the mother remained with the boat. She had a cell phone and tried to text for help, but cell coverage was poor. A text message from the mother went through around 8:30 pm to her sister, who then contacted police. Search teams were deployed and the wife was found alive just after 10 pm. The father and two of the children were found deceased after midnight on the 31st and the third child was found deceased at about 10 am the same day. The cause of death of the father and children was hypothermia due to the 60 degree water.",CSV
201801,20,2200,201801,21,1000,122993,737466,E PACIFIC,86,2018,January,Marine Strong Wind,Z,135,PUGET SOUND AND HOOD CANAL,86135,SEW,20-JAN-18 22:00:00,PST-8,21-JAN-18 10:00:00,1,0,1,0,NA,NA,Coast Guard,23,MS,NA,NA,NA,NA,NA,NA,NA,NA,NA,12.07,ESE,PORT ORCHARD,12.07,ESE,PORT ORCHARD,47.449,-122.4008,47.449,-122.4008,South gales forecast in Puget Sound.,Coast Guard air and boat rescued one woman and recovered one man after their 15-foot paddleboat was reportedly deset by weather. Dispatch was sent 2:53 am Jan 21st.||Point Robinson on Vashon Island reported a peak wind of 23 knots at 150 AM on Jan 21st.,CSV
201810,26,1545,201810,26,1550,130737,782329,E PACIFIC,86,2018,October,Marine Strong Wind,Z,350,COASTAL WATERS FROM FLORENCE TO CAPE BLANCO OR OUT 10 NM,86350,MFR,26-OCT-18 15:45:00,PST-8,26-OCT-18 15:50:00,0,0,0,1,0.00K,0.00K,Coast Guard,5,ES,NA,NA,NA,NA,NA,NA,NA,NA,NA,0.39,W,UMPQUA RIVER LIGHTHOUSE,0.39,W,UMPQUA RIVER LIGHTHOUSE,43.6692,-124.2078,43.6692,-124.2078,"At approximately 4:45 PM PDT on 10/26/18, a 14-foot aluminum boat lost power and drifted out into the Umpqua River Bar, where it capsized. Four people were on the |boat: a husband and wife, both 75, and their son and their son's friend, both in their 40s. The three men were subsequently found clinging to the boat and rescued by a 47-ft USCG motor life boat. Aside from being cold, all three were reported in good condition. The woman was found between the boat and the jetty, in an area with a high amount of debris. She was recovered by USCG helicopter and transported to a hospital, where she was pronounced deceased. As of 3:25 p.m., conditions at the Umpqua River Bar were reported as 6 to 8-foot swells, upwards of 14-foot breaking waves, light and variable winds, and a visibility of 3 miles. At 4:53 PM, Umpqua Offshore Buoy, 16 NM WNW of the Umpqua Bar, reported seas of 10.5 feet at 13 seconds, composed of 8.2 foot west swell at 13 seconds and a 5.9 foot wind wave (south).","At approximately 4:45 PM PDT on 10/26/18, a 14-foot aluminum boat lost power and drifted out into the Umpqua River Bar, where it capsized. Four people were on the |boat: a husband and wife, both 75, and their son and their son's friend, both in their 40s. The three men were subsequently found clinging to the boat and rescued by a 47-ft USCG motor life boat. Aside from being cold, all three were reported in good condition. The woman was found between the boat and the jetty, in an area with a high amount of debris. She was recovered by USCG helicopter and transported to a hospital, where she was pronounced deceased. As of 3:25 p.m., conditions at the Umpqua River Bar were reported as 6 to 8-foot swells, upwards of 14-foot breaking waves, light and variable winds, and a visibility of 3 miles. At 4:53 PM, Umpqua Offshore Buoy, 16 NM WNW of the Umpqua Bar, reported seas of 10.5 feet at 13 seconds, composed of 8.2 foot west swell at 13 seconds and a 5.9 foot wind wave (south).",CSV
201810,26,2155,201810,26,2155,132186,790989,ATLANTIC NORTH,88,2018,October,Marine Strong Wind,Z,632,"MOUTH OF CHESAPEAKE BAY FROM NEW POINT COMFORT TO LITTLE CREEK, VA",88632,AKQ,26-OCT-18 21:55:00,EST-5,26-OCT-18 21:55:00,0,0,0,0,1.00K,0.00K,Mesonet,38,MG,NA,NA,NA,NA,NA,NA,NA,NA,NA,0,N,THIMBLE SHOALS,0,N,THIMBLE SHOALS,37.05,-76.26,37.05,-76.26,Scattered showers associated with low pressure moving northeast across the Mid Atlantic region produced gusty winds across portions of the Chesapeake Bay.,Wind gust of 38 knots was measured at Thimble Shoals.,CSV
201810,26,2210,201810,26,2210,132186,790990,ATLANTIC NORTH,88,2018,October,Marine Strong Wind,Z,634,"CHESAPEAKE BAY FROM LITTLE CREEK, VA, TO CAPE HENRY, VA, INCLUDING THE CHESAPEAKE BAY BRIDGE TUNNEL",88634,AKQ,26-OCT-18 22:10:00,EST-5,26-OCT-18 22:10:00,0,0,0,0,1.00K,0.00K,Buoy,41,MG,NA,NA,NA,NA,NA,NA,NA,NA,NA,2.15,NNE,CHESAPEAKE BAY BRIDGE TUNNEL STATION (CBBV2),2.15,NNE,CHESAPEAKE BAY BRIDGE TUNNEL STATION (CBBV2),37,-76.1,37,-76.1,Scattered showers associated with low pressure moving northeast across the Mid Atlantic region produced gusty winds across portions of the Chesapeake Bay.,Wind gust of 41 knots was measured at First Landing.,CSV
201810,26,2216,201810,26,2216,132186,790991,ATLANTIC NORTH,88,2018,October,Marine Strong Wind,Z,632,"MOUTH OF CHESAPEAKE BAY FROM NEW POINT COMFORT TO LITTLE CREEK, VA",88632,AKQ,26-OCT-18 22:16:00,EST-5,26-OCT-18 22:16:00,0,0,0,0,1.00K,0.00K,Mesonet,37,MG,NA,NA,NA,NA,NA,NA,NA,NA,NA,0,N,PLANTATION FLATS,0,N,PLANTATION FLATS,37.26,-76.02,37.26,-76.02,Scattered showers associated with low pressure moving northeast across the Mid Atlantic region produced gusty winds across portions of the Chesapeake Bay.,Wind gust of 37 knots was measured at Plantation Flats.,CSV
201904,28,1927,201904,28,1927,136931,821624,ATLANTIC NORTH,88,2019,April,Marine Strong Wind,Z,632,"MOUTH OF CHESAPEAKE BAY FROM NEW POINT COMFORT TO LITTLE CREEK, VA",88632,AKQ,28-APR-19 19:27:00,EST-5,28-APR-19 19:27:00,0,0,0,0,1.00K,0.00K,Mesonet,36,MG,NA,NA,NA,NA,NA,NA,NA,NA,NA,5.3,NW,THIMBLE SHOALS,5.3,NW,THIMBLE SHOALS,37.11,-76.32,37.11,-76.32,Strong wind gusts occurred with a cold frontal passage across portions of the Chesapeake Bay.,Wind gust of 36 knots was measured at Poquoson.,CSV
201904,28,1930,201904,28,1930,136932,821634,ATLANTIC NORTH,88,2019,April,Marine Strong Wind,Z,638,JAMES RIVER FROM JAMES RIVER BRIDGE TO HAMPTON ROADS BRIDGE-TUNNEL,88638,AKQ,28-APR-19 19:30:00,EST-5,28-APR-19 19:30:00,0,0,0,0,1.00K,0.00K,Mesonet,36,MG,NA,NA,NA,NA,NA,NA,NA,NA,NA,6.32,S,WILLOUGHBY DEGAUSSING STATION WLON (WDSV2),6.32,S,WILLOUGHBY DEGAUSSING STATION WLON (WDSV2),36.89,-76.34,36.89,-76.34,Strong wind gusts occurred with a cold frontal passage across portions of the James River.,Wind gust of 36 knots was measured at South Craney Island.,CSV
201904,28,1915,201904,28,1915,136931,821617,ATLANTIC NORTH,88,2019,April,Marine Strong Wind,Z,634,"CHESAPEAKE BAY FROM LITTLE CREEK, VA, TO CAPE HENRY, VA, INCLUDING THE CHESAPEAKE BAY BRIDGE TUNNEL",88634,AKQ,28-APR-19 19:15:00,EST-5,28-APR-19 19:15:00,0,0,0,0,1.00K,0.00K,Mesonet,41,MG,NA,NA,NA,NA,NA,NA,NA,NA,NA,0,N,CHESAPEAKE BAY BRIDGE TUNNEL 3RD ISLAND,0,N,CHESAPEAKE BAY BRIDGE TUNNEL 3RD ISLAND,37.04,-76.08,37.04,-76.08,Strong wind gusts occurred with a cold frontal passage across portions of the Chesapeake Bay.,Wind gust of 41 knots was measured at the Chesapeake Bay Bridge Tunnel 3rd Island.,CSV
201904,28,1918,201904,28,1918,136931,821621,ATLANTIC NORTH,88,2019,April,Marine Strong Wind,Z,632,"MOUTH OF CHESAPEAKE BAY FROM NEW POINT COMFORT TO LITTLE CREEK, VA",88632,AKQ,28-APR-19 19:18:00,EST-5,28-APR-19 19:18:00,0,0,0,0,1.00K,0.00K,C-MAN Station,36,MG,NA,NA,NA,NA,NA,NA,NA,NA,NA,0,N,YORK RIVER EAST REAR RANGE LIGHT WLON (YKRV2),0,N,YORK RIVER EAST REAR RANGE LIGHT WLON (YKRV2),37.25,-76.33,37.25,-76.33,Strong wind gusts occurred with a cold frontal passage across portions of the Chesapeake Bay.,Wind gust of 36 knots was measured at York River East Rear Range Light.,CSV
201904,28,1928,201904,28,1928,136931,821626,ATLANTIC NORTH,88,2019,April,Marine Strong Wind,Z,632,"MOUTH OF CHESAPEAKE BAY FROM NEW POINT COMFORT TO LITTLE CREEK, VA",88632,AKQ,28-APR-19 19:28:00,EST-5,28-APR-19 19:28:00,0,0,0,0,1.00K,0.00K,Mesonet,34,MG,NA,NA,NA,NA,NA,NA,NA,NA,NA,0,N,THIMBLE SHOALS,0,N,THIMBLE SHOALS,37.05,-76.26,37.05,-76.26,Strong wind gusts occurred with a cold frontal passage across portions of the Chesapeake Bay.,Wind gust of 34 knots was measured at Thimble Shoals.,CSV
201904,28,1921,201904,28,1921,136932,821633,ATLANTIC NORTH,88,2019,April,Marine Strong Wind,Z,638,JAMES RIVER FROM JAMES RIVER BRIDGE TO HAMPTON ROADS BRIDGE-TUNNEL,88638,AKQ,28-APR-19 19:21:00,EST-5,28-APR-19 19:21:00,0,0,0,0,1.00K,0.00K,Mesonet,42,MG,NA,NA,NA,NA,NA,NA,NA,NA,NA,2.31,ESE,DOMINION TERMINAL ASSOCIATES WLON (DOMV2),2.31,ESE,DOMINION TERMINAL ASSOCIATES WLON (DOMV2),36.95,-76.39,36.95,-76.39,Strong wind gusts occurred with a cold frontal passage across portions of the James River.,Wind gust of 42 knots was measured at Middle Ground Lighthouse.,CSV
201904,28,1938,201904,28,1938,136932,821641,ATLANTIC NORTH,88,2019,April,Marine Strong Wind,Z,638,JAMES RIVER FROM JAMES RIVER BRIDGE TO HAMPTON ROADS BRIDGE-TUNNEL,88638,AKQ,28-APR-19 19:38:00,EST-5,28-APR-19 19:38:00,0,0,0,0,1.00K,0.00K,Mesonet,35,MG,NA,NA,NA,NA,NA,NA,NA,NA,NA,2.21,W,WILLOUGHBY DEGAUSSING STATION WLON (WDSV2),2.21,W,WILLOUGHBY DEGAUSSING STATION WLON (WDSV2),36.98,-76.36,36.98,-76.36,Strong wind gusts occurred with a cold frontal passage across portions of the James River.,Wind gust of 35 knots was measured at Hampton Flats.,CSV
201904,28,1954,201904,28,1954,136932,821642,ATLANTIC NORTH,88,2019,April,Marine Strong Wind,Z,638,JAMES RIVER FROM JAMES RIVER BRIDGE TO HAMPTON ROADS BRIDGE-TUNNEL,88638,AKQ,28-APR-19 19:54:00,EST-5,28-APR-19 19:54:00,0,0,0,0,1.00K,0.00K,Mesonet,36,MG,NA,NA,NA,NA,NA,NA,NA,NA,NA,0,N,WILLOUGHBY DEGAUSSING STATION WLON (WDSV2),0,N,WILLOUGHBY DEGAUSSING STATION WLON (WDSV2),36.98,-76.32,36.98,-76.32,Strong wind gusts occurred with a cold frontal passage across portions of the James River.,Wind gust of 36 knots was measured at Willoughby Degaussing Station.,CSV
201910,22,1245,201910,22,1245,143199,858980,LAKE MICHIGAN,91,2019,October,Marine Strong Wind,Z,847,GRAND HAVEN TO WHITEHALL MI,91847,GRR,22-OCT-19 12:45:00,EST-5,22-OCT-19 12:45:00,0,0,0,0,50.00K,0.00K,NWS Employee,46,MG,NA,NA,NA,NA,NA,NA,NA,NA,NA,0,N,WHITE LAKE HARBOR,0,N,WHITE LAKE HARBOR,43.38,-86.38,43.38,-86.38,"A peak wind gust to 54 mph was recorded in Muskegon, where a restaurant on Beach street was flooded due to high winds and high lake water levels. A 54 mph gust was also measured in Grand Haven.",A NWS employee reported that high winds caused a gas dock and parking lots to be flooded on White Lake and that a restaurant on Beach street was flooded.,CSV
201910,15,300,201910,15,1900,143198,858975,LAKE MICHIGAN,91,2019,October,Marine Strong Wind,Z,848,WHITEHALL TO PENTWATER MI,91848,GRR,15-OCT-19 03:00:00,EST-5,15-OCT-19 19:00:00,0,0,0,0,100.00K,0.00K,Mesonet,43,EG,NA,NA,NA,NA,NA,NA,NA,NA,NA,0,N,LITTLE SABLE POINT,0,N,LITTLE SABLE POINT,43.62,-86.48,43.62,-86.48,"A peak wind gust of 58 mph was recorded at a mesonet station at the Muskegon north breakwater light.  Wind gusts of up to around 50 mph were common along the Lake Michigan shoreline.  The high winds in conjunction with high lake levels caused minor flooding of some parking lots, roads and private property and beach and dune erosion right along the Lake Michigan shoreline.",Wind gusts of up to around 45 to 50 mph resulted in beach and dune erosion and flooding of parking lots and roads right along the Lake Michigan shoreline.,CSV
201910,15,300,201910,15,1900,143198,858976,LAKE MICHIGAN,91,2019,October,Marine Strong Wind,Z,849,PENTWATER TO MANISTEE MI,91849,GRR,15-OCT-19 03:00:00,EST-5,15-OCT-19 19:00:00,0,0,0,0,100.00K,0.00K,Mesonet,43,EG,NA,NA,NA,NA,NA,NA,NA,NA,NA,0,N,BIG SABLE POINT,0,N,BIG SABLE POINT,44.07,-86.5,44.07,-86.5,"A peak wind gust of 58 mph was recorded at a mesonet station at the Muskegon north breakwater light.  Wind gusts of up to around 50 mph were common along the Lake Michigan shoreline.  The high winds in conjunction with high lake levels caused minor flooding of some parking lots, roads and private property and beach and dune erosion right along the Lake Michigan shoreline.",Beach and dune erosion and flooding of parking lots and roads occurred right along the Lake Michigan shoreline.,CSV
201910,15,300,201910,15,1900,143198,858977,LAKE MICHIGAN,91,2019,October,Marine Strong Wind,Z,844,ST JOSEPH TO SOUTH HAVEN MI,91844,GRR,15-OCT-19 03:00:00,EST-5,15-OCT-19 19:00:00,0,0,0,0,100.00K,0.00K,Mesonet,43,EG,NA,NA,NA,NA,NA,NA,NA,NA,NA,0,N,SOUTH HAVEN HARBOR,0,N,SOUTH HAVEN HARBOR,42.4,-86.27,42.4,-86.27,"A peak wind gust of 58 mph was recorded at a mesonet station at the Muskegon north breakwater light.  Wind gusts of up to around 50 mph were common along the Lake Michigan shoreline.  The high winds in conjunction with high lake levels caused minor flooding of some parking lots, roads and private property and beach and dune erosion right along the Lake Michigan shoreline.",Wind gusts of up to around 45 to 50 mph resulted in beach and dune erosion and flooding of parking lots and roads right along the Lake Michigan shoreline.,CSV
201910,15,300,201910,15,1900,143198,858978,LAKE MICHIGAN,91,2019,October,Marine Strong Wind,Z,845,SOUTH HAVEN TO HOLLAND MI,91845,GRR,15-OCT-19 03:00:00,EST-5,15-OCT-19 19:00:00,0,0,0,0,100.00K,0.00K,Mesonet,43,EG,NA,NA,NA,NA,NA,NA,NA,NA,NA,0,N,SAUGATUCK HARBOR,0,N,SAUGATUCK HARBOR,42.65,-86.2,42.65,-86.2,"A peak wind gust of 58 mph was recorded at a mesonet station at the Muskegon north breakwater light.  Wind gusts of up to around 50 mph were common along the Lake Michigan shoreline.  The high winds in conjunction with high lake levels caused minor flooding of some parking lots, roads and private property and beach and dune erosion right along the Lake Michigan shoreline.",Wind gusts of up to around 45 to 50 mph resulted in beach and dune erosion and flooding of parking lots and roads right along the Lake Michigan shoreline.,CSV
201910,15,300,201910,15,1900,143198,858979,LAKE MICHIGAN,91,2019,October,Marine Strong Wind,Z,846,HOLLAND TO GRAND HAVEN MI,91846,GRR,15-OCT-19 03:00:00,EST-5,15-OCT-19 19:00:00,0,0,0,0,100.00K,0.00K,Mesonet,43,EG,NA,NA,NA,NA,NA,NA,NA,NA,NA,0,N,GRAND HAVEN HARBOR,0,N,GRAND HAVEN HARBOR,43.07,-86.23,43.07,-86.23,"A peak wind gust of 58 mph was recorded at a mesonet station at the Muskegon north breakwater light.  Wind gusts of up to around 50 mph were common along the Lake Michigan shoreline.  The high winds in conjunction with high lake levels caused minor flooding of some parking lots, roads and private property and beach and dune erosion right along the Lake Michigan shoreline.",Beach and dune erosion and flooding of parking lots and roads occurred right along the Lake Michigan shoreline due to wind gusts of up to 45 to 50 mph.,CSV
201911,9,1247,201911,9,1247,144316,866227,GULF OF MEXICO,85,2019,November,Marine Strong Wind,Z,42,HAWK CHANNEL FROM OCEAN REEF TO CRAIG KEY OUT TO THE REEF,85042,KEY,09-NOV-19 12:47:00,EST-5,09-NOV-19 12:47:00,0,0,0,0,0.50K,0.00K,Coast Guard,38,MG,NA,NA,NA,NA,NA,NA,NA,NA,NA,0,N,ALLIGATOR REEF LIGHT,0,N,ALLIGATOR REEF LIGHT,24.85,-80.62,24.85,-80.62,Strong north to northeast winds gusting to gale force impacted the Florida Keys Reef tract in the wake of a a cold front moving quickly southward into the Straits of Florida.,"A flat-bottomed small vessel took on water near the Alligator Reef Lighthouse, requiring rescue from U.S.C.G Station Islamorada.  Sustained winds just below gale force wind gusts in excess of 35 knots were occurring at the time.",CSV
201909,30,600,201909,30,1200,142809,857053,LAKE SUPERIOR,92,2019,September,Marine Strong Wind,Z,145,DULUTH MN TO PT WING WI,92145,DLH,30-SEP-19 06:00:00,CST-6,30-SEP-19 12:00:00,0,0,1,0,0.00K,0.00K,Fire Department/Rescue,19,MG,NA,NA,NA,NA,NA,NA,NA,NA,NA,0.57,N,SKY HARBOR AIRPORT,0.57,N,SKY HARBOR AIRPORT,46.7282,-92.0379,46.7282,-92.0379,"A 21-foot aluminum boat exited the Superior Entry and entered Lake Superior the morning of the 30th. Waves of 2 to 4 feet swamped the boat and then capsized it, sending the three occupants into the water. Two of the occupants reached shore safely, while a third did not and drowned.","A prolonged period of northeast winds led to 2 to 4 foot waves at the head of Lake Superior. Winds were on the downward trend the morning of the 30th with gusts to around 22mph in thundershowers that moved through earlier in the morning, with rain ending around 10AM. Three boaters in aboard a 21 foot Monark Aluminum Hulled boat departed from Superior Bay and entered Lake Superior through the Superior Entry when they turned northwest to parallel Minnesota Point. Waves caused the engine to be overcome with water, and subsequent large waves turned the boat, later flipping it upside down in the water. The boat capsized around 11AM, sending the the occupants into the water. All were wearing life jackets, but they were not zipped up. Two of the boaters reached the shore safely, but the third occupant did not and his body was recovered by the Duluth Fire Department. A Small Craft Advisory was in effect at the time along with a Beach Hazards Statement citing a high risk for rip currents in the area.",CSV
201904,28,1936,201904,28,1936,136932,821636,ATLANTIC NORTH,88,2019,April,Marine Strong Wind,Z,638,JAMES RIVER FROM JAMES RIVER BRIDGE TO HAMPTON ROADS BRIDGE-TUNNEL,88638,AKQ,28-APR-19 19:36:00,EST-5,28-APR-19 19:36:00,0,0,0,0,1.00K,0.00K,Mesonet,36,MG,NA,NA,NA,NA,NA,NA,NA,NA,NA,6.22,S,WILLOUGHBY DEGAUSSING STATION WLON (WDSV2),6.22,S,WILLOUGHBY DEGAUSSING STATION WLON (WDSV2),36.89,-76.32,36.89,-76.32,Strong wind gusts occurred with a cold frontal passage across portions of the James River.,Wind gust of 36 knots was measured at Lafayette River.,CSV
202004,15,340,202004,15,340,147255,885394,ATLANTIC NORTH,88,2020,April,Marine Strong Wind,Z,656,CP CHARLES LT VA TO NC-VA BDR OUT 20NM,88656,AKQ,15-APR-20 03:40:00,EST-5,15-APR-20 03:40:00,0,0,0,0,1.00K,0.00K,Mesonet,35,MG,NA,NA,NA,NA,NA,NA,NA,NA,NA,0,N,RUDEE INLET,0,N,RUDEE INLET,36.83,-75.97,36.83,-75.97,Scattered showers along a frontal boundary produced gusty winds across portions of the Chesapeake Bay and Virginia Coastal Waters.,Wind gust of 35 knots was measured at Rudee Inlet.,CSV
202004,15,341,202004,15,341,147255,885395,ATLANTIC NORTH,88,2020,April,Marine Strong Wind,Z,634,"CHESAPEAKE BAY FROM LITTLE CREEK, VA, TO CAPE HENRY, VA, INCLUDING THE CHESAPEAKE BAY BRIDGE TUNNEL",88634,AKQ,15-APR-20 03:41:00,EST-5,15-APR-20 03:41:00,0,0,0,0,1.00K,0.00K,Mesonet,36,MG,NA,NA,NA,NA,NA,NA,NA,NA,NA,0,N,CHESAPEAKE BAY BRIDGE TUNNEL 3RD ISLAND,0,N,CHESAPEAKE BAY BRIDGE TUNNEL 3RD ISLAND,37.04,-76.08,37.04,-76.08,Scattered showers along a frontal boundary produced gusty winds across portions of the Chesapeake Bay and Virginia Coastal Waters.,Wind gust of 36 knots was measured at the Chesapeake Bay Bridge Tunnel 3rd Island.,CSV
202011,12,948,202011,12,948,154502,930706,ATLANTIC NORTH,88,2020,November,Marine Strong Wind,Z,656,CP CHARLES LT VA TO NC-VA BDR OUT 20NM,88656,AKQ,12-NOV-20 09:48:00,EST-5,12-NOV-20 09:48:00,0,0,0,0,1.00K,0.00K,Mesonet,39,MG,NA,NA,NA,NA,NA,NA,NA,NA,NA,0,N,CAPE HENRY,0,N,CAPE HENRY,36.92,-76,36.92,-76,A cold frontal passage produced strong winds across portions of the Chesapeake Bay and Virginia Coastal Waters.,Wind gust of 39 knots was measured at Cape Henry.,CSV
202011,12,1642,202011,12,1642,154502,930707,ATLANTIC NORTH,88,2020,November,Marine Strong Wind,Z,632,"MOUTH OF CHESAPEAKE BAY FROM NEW POINT COMFORT TO LITTLE CREEK, VA",88632,AKQ,12-NOV-20 16:42:00,EST-5,12-NOV-20 16:42:00,0,0,0,0,1.00K,0.00K,C-MAN Station,40,MG,NA,NA,NA,NA,NA,NA,NA,NA,NA,0,N,YORK RIVER EAST REAR RANGE LIGHT WLON (YKRV2),0,N,YORK RIVER EAST REAR RANGE LIGHT WLON (YKRV2),37.25,-76.33,37.25,-76.33,A cold frontal passage produced strong winds across portions of the Chesapeake Bay and Virginia Coastal Waters.,Wind gust of 40 knots was measured at York River East Rear Range Light.,CSV
202011,12,1700,202011,12,1700,154504,930711,ATLANTIC NORTH,88,2020,November,Marine Strong Wind,Z,638,JAMES RIVER FROM JAMES RIVER BRIDGE TO HAMPTON ROADS BRIDGE-TUNNEL,88638,AKQ,12-NOV-20 17:00:00,EST-5,12-NOV-20 17:00:00,0,0,0,0,1.00K,0.00K,Mesonet,40,MG,NA,NA,NA,NA,NA,NA,NA,NA,NA,0,N,WILLOUGHBY DEGAUSSING STATION WLON (WDSV2),0,N,WILLOUGHBY DEGAUSSING STATION WLON (WDSV2),36.98,-76.32,36.98,-76.32,A cold frontal passage produced strong winds across portions of the James River.,Wind gust of 40 knots was measured at Willoughby Degaussing Station.,CSV
202011,12,1706,202011,12,1706,154503,930710,ATLANTIC NORTH,88,2020,November,Marine Strong Wind,Z,636,YORK RIVER,88636,AKQ,12-NOV-20 17:06:00,EST-5,12-NOV-20 17:06:00,0,0,0,0,1.00K,0.00K,Buoy,41,MG,NA,NA,NA,NA,NA,NA,NA,NA,NA,0,N,YORKTOWN USCG STATION WLON (YKTV2),0,N,YORKTOWN USCG STATION WLON (YKTV2),37.23,-76.48,37.23,-76.48,A cold frontal passage produced strong winds across portions of the York River.,Wind gust of 41 knots was measured at Yorktown USCG Station.,CSV
202007,11,912,202007,11,912,150903,909597,LAKE ERIE,95,2020,July,Marine Strong Wind,Z,149,CONNEAUT OH TO RIPLEY NY,95149,CLE,11-JUL-20 09:12:00,EST-5,11-JUL-20 09:12:00,0,0,0,0,1000.00K,0.00K,Broadcast Media,39,EG,NA,NA,NA,NA,NA,NA,NA,NA,NA,14.67,WSW,RIPLEY,14.67,WSW,RIPLEY,42.191,-79.9661,42.191,-79.9661,"A surface low moved eastward across Lake Ontario and extended a trough over Lake Erie during the late morning through early evening of the 11th. A relatively-tight surface pressure gradient affected northwest PA and nearby Lake Erie as the aforementioned trough interacted with a surface ridge building from the Lower Mississippi Valley. This tight pressure gradient was accompanied by breezy surface winds over northwest PA and Lake Erie. Numerous rain showers and isolated thunderstorms accompanied the surface trough. Rain transported stronger winds aloft to the surface, contributing to strong wind gusts. Multiple water rescues were reported offshore Erie, PA. However, no injuries or deaths were reported and only one water rescue involved a damaged boat.","Boat capsized offshore Shades Beach in Harborcreek, PA. No injuries or deaths reported. Time was estimated based on the nearby Erie Int'l Airport ASOS recording a peak wind gust of 39 knots at 10:12 AM EDT.",CSV
202104,12,650,202104,12,830,158236,956660,GULF OF MEXICO,85,2021,April,Marine Strong Wind,Z,43,HAWK CHANNEL FROM CRAIG KEY TO WEST END OF SEVEN MILE BRIDGE OUT TO THE REEF,85043,KEY,12-APR-21 06:50:00,EST-5,12-APR-21 08:30:00,0,0,0,0,15.00K,0.00K,C-MAN Station,38,MG,NA,NA,NA,NA,NA,NA,NA,NA,NA,2.88,WSW,MARATHON,2.88,WSW,MARATHON,24.7047,-81.1328,24.7047,-81.1328,Scattered thunderstorms from a decaying mesoscale convective system preceded strong gradient winds associated with a mesoscale low pressure passage through the Lower and Middle Florida Keys.  Frequent gale-force wind gusts resulted in a large power outage impacting the Lower Florida Keys.,"A wind gust of 38 knots was recorded at Sombrero Key Light.  A sailboat dragged anchor and strike a power transmission line along the south side near the east end of Seven Mile Bridge, causing a power outage affecting more than 28,000 customers from Ohio and Missouri Keys through Key West.  Damage values estimated from minimum one hour's loss of power and estimated marine towing fees.",CSV
202105,1,1315,202105,1,1315,157730,957432,LAKE MICHIGAN,91,2021,May,Marine Strong Wind,Z,743,CALUMET HARBOR IL TO GARY IN,91743,LOT,01-MAY-21 13:15:00,CST-6,01-MAY-21 13:15:00,3,0,1,0,0.00K,0.00K,Broadcast Media,39,EG,NA,NA,NA,NA,NA,NA,NA,NA,NA,0.74,WNW,BUFFINGTON HARBOR,0.74,WNW,BUFFINGTON HARBOR,41.6548,-87.4229,41.6548,-87.4229,Strong southwest winds occurred over southern Lake Michigan during the afternoon of May 1st with gusts as high as 45 mph.  An 18 foot long boat with four men onboard capsized around 215 pm near the East Chicago Marina after taking on water.  Three of the four men were pulled from the water about two miles from their boat.  All were suffering from hypothermia.  One man was in critical condition.  The fourth man was missing and the search ended with sunset.  Water temperatures were around 50 degrees.,NA,CSV
202108,21,1100,202108,21,1600,162194,979173,LAKE SUPERIOR,92,2021,August,Marine Strong Wind,Z,146,PT WING TO SAND IS WI,92146,DLH,21-AUG-21 11:00:00,CST-6,21-AUG-21 16:00:00,1,0,0,0,5.00K,0.00K,Social Media,23,MG,NA,NA,NA,NA,NA,NA,NA,NA,NA,5.58,SSW,SAND ISLAND,5.58,SSW,SAND ISLAND,46.9128,-91.0156,46.9128,-91.0156,Wind gusts of 20 to 25 knots lead to waves of 3 to 4 feet along the Bayfield Peninsula during the afternoon of the 21st. A group of 11 kayakers were caught in the 3 to 4 foot waves and many capsized and had to be rescued by the National Park Service. One kayak was destroyed and one kayaker went to the hospital for a foot injury.,A kayak tour group was caught in 3 to 4 foot waves around 4PM. The kayaks capsized and the kayakers was standed in one of the sea caves in the area. They were rescued by National Park Service personel and the Coast Guard was on scene as well. One of the kayakers was transported to an area hospital with a non-life threatening foot injury and at least one kayak was broken in half.,CSV
202210,6,1545,202210,6,1545,174488,1057812,LAKE MICHIGAN,91,2022,October,Marine Strong Wind,Z,741,WILMETTE HARBOR TO NORTHERLY ISLAND IL,91741,LOT,06-OCT-22 15:45:00,CST-6,06-OCT-22 15:45:00,0,0,0,0,18.00K,0.00K,Broadcast Media,35,EG,NA,NA,NA,NA,NA,NA,NA,NA,NA,2.75,SSE,WILMETTE HARBOR,2.75,SSE,WILMETTE HARBOR,42.0412,-87.6679,42.0412,-87.6679,A strong cold front moved across southern Lake Michigan during the afternoon of October 6th.  Winds shifted to the north and gusted as high as 35 knots which allowed waves to quickly build to 5 to 8 feet.,Several boats had gone sailing east of Dempster Street in Evanston.  A cold front moved through with strong northerly winds allowing waves to rapidly increase.  Eight small boats capsized.  One of these boats was a complete loss and several were damaged.  At least eight individuals on these boats were thrown into the water.  All were rescued and no injuries were reported.,CSV
202202,17,2030,202202,17,2300,165534,1000649,GULF OF MEXICO,85,2022,February,Marine Strong Wind,Z,132,LAGUNA MADRE FROM ARROYO COLORADO TO 5NM N OF PT MANSFIELD TX,85132,BRO,17-FEB-22 20:30:00,CST-6,17-FEB-22 23:00:00,0,0,6,0,0.50K,0.00K,Emergency Manager,36,EG,NA,NA,NA,NA,NA,NA,NA,NA,NA,2.86,NE,PORT MANSFIELD,2.02,E,PORT MANSFIELD,26.5783,-97.3963,26.5504,-97.3974,"Strong, gusty north winds rapidly developed in the wake of a cold front the evening of February 17th and persisted for 2 hours. Winds gusted to 36 knots at Rincon del San Jose. || The winds capsized a 16 foot Jon Boat boat near Port Mansfield in the Laguna Madre. Three people were found drowned, one was found onshore just before Midnight the evening of February 17th and the other 2 were found the morning of February 18th. Three people were also found injured; one of those injured died from their injuries on Tuesday, February 22nd. Another body was recovered along Coastal Kenedy County on Thursday, February 24th. One person was never found and presumed perished. F29BO. UBO. UBO. UBO. UBO. UBO.","Strong, gusty north winds rapidly developed behind a cold front the evening of February 17th. The rapid onset of winds capsized a 16 foot Jon Boat near Port Mansfield in the Laguna Madre. Three people were found drowned, one was found onshore just before Midnight the evening of February 17th and the other 2 were found the morning of February 18th. Three people were injured, with one person passing away from injuries on Tuesday, February 22nd. One person was still missing and presumed perished. F29BO. UBO. UBO. UBO. UBO. UBO.",CSV
202208,22,1510,202208,22,1510,173465,1052966,ATLANTIC SOUTH,87,2022,August,Marine Strong Wind,Z,454,ST AUGUSTINE TO FLAGLER BEACH FL OUT 20NM,87454,JAX,22-AUG-22 15:10:00,EST-5,22-AUG-22 15:10:00,0,0,0,0,0.01K,0.00K,Mesonet,43,MG,NA,NA,NA,NA,NA,NA,NA,NA,NA,3.71,NW,SAUF1 CMAN,3.71,NW,SAUF1 CMAN,29.8906,-81.3106,29.8906,-81.3106,"Generally west steering flow along with deep moisture (PWATs 2 inches or more) and impulses of energy in this flow aloft triggered numerous showers and storms during the afternoon and evening hours. Westerly flow pinned the Atlantic coast sea breeze to the coast and gave an early start to the Gulf coast sea breeze shifting inland across northeast Florida. Strong thunderstorms developed in the afternoon as they interacted with the stationary Atlantic sea breeze boundary along the coast before shifting offshore. These storms produced gusts between 45 to 55 mph at Marineland, St. Augustine and Mayport. Also, lightning struck a house in Neptune beach causing a house fire. Street flooding and heavy rain in Jacksonville Beach and Clay county were caused by training storms moving northeastward along a line that set up extending from Jacksonville Beach to Ocala.",Mesonet station 1695W FSWN City of St. Augustine measured a gust of 49 mph from a thunderstorm at 4:10 PM EDT.,CSV
202208,22,1350,202208,22,1350,173465,1052964,ATLANTIC SOUTH,87,2022,August,Marine Strong Wind,Z,452,FERNANDINA BEACH TO ST AUGUSTINE FL OUT 20NM,87452,JAX,22-AUG-22 13:50:00,EST-5,22-AUG-22 13:50:00,0,0,0,0,0.01K,0.00K,Mesonet,45,MG,NA,NA,NA,NA,NA,NA,NA,NA,NA,1.3,NE,MAYPORT NAS,1.3,NE,MAYPORT NAS,30.4155,-81.4074,30.4155,-81.4074,"Generally west steering flow along with deep moisture (PWATs 2 inches or more) and impulses of energy in this flow aloft triggered numerous showers and storms during the afternoon and evening hours. Westerly flow pinned the Atlantic coast sea breeze to the coast and gave an early start to the Gulf coast sea breeze shifting inland across northeast Florida. Strong thunderstorms developed in the afternoon as they interacted with the stationary Atlantic sea breeze boundary along the coast before shifting offshore. These storms produced gusts between 45 to 55 mph at Marineland, St. Augustine and Mayport. Also, lightning struck a house in Neptune beach causing a house fire. Street flooding and heavy rain in Jacksonville Beach and Clay county were caused by training storms moving northeastward along a line that set up extending from Jacksonville Beach to Ocala.",Mesonet station XHUP Huguenot Park measured a 52 mph gust from a thunderstorm at 2:50 PM EDT.,CSV
202211,5,1300,202211,5,1300,174876,1060174,LAKE ERIE,95,2022,November,Marine Strong Wind,Z,145,VERMILION TO AVON POINT OH,95145,CLE,05-NOV-22 13:00:00,EST-5,05-NOV-22 13:00:00,0,0,1,0,0.00K,0.00K,Broadcast Media,38,EG,NA,NA,NA,NA,NA,NA,NA,NA,NA,4.43,NNW,AVON POINT,4.43,NNW,AVON POINT,41.51,-82.06,41.51,-82.06,"A deepening and occluded surface low moved north-northeastward from eastern Iowa to northern Wisconsin during the late morning through early evening of the 5th. This low interacted with a strong surface high pressure ridge to its east, which lead to a tight mean sea-level pressure gradient across Lake Erie and vicinity, including northern Ohio. The tight pressure gradient and diurnal convective mixing of the boundary layer over land, tapping into stronger flow aloft, resulted in southerly to south-southwesterly surface wind gusts as strong as 30 to 40 knots in northern Ohio and over adjacent waters of Lake Erie. Unfortunately a kayaker ventured onto Lake Erie and perished while encountering the gusty winds and sizable waves. A Small Craft Advisory was in effect.","FOX 8 Cleveland reported a 30-year old male kayaker went missing just offshore Miller Road Park in Avon Lake around 2 PM EDT. Location is estimated. He was wearing a life jacket. The Huron Light C-MAN Station (HHLO1) was the nearest weather station reporting observations at the time of the incident. The reported gust at 2 PM EDT was used as an estimate. On December 10th, 2022, the man's kayak was found along the Lake Erie shore in Fort Erie, Ontario.",CSV
202309,16,1000,202309,16,1000,186048,1141839,ATLANTIC NORTH,88,2023,September,Marine Strong Wind,Z,52,INTRACOASTAL WATERS FROM SCHOODIC POINT ME TO STONINGTON ME,88052,CAR,16-SEP-23 10:00:00,EST-5,16-SEP-23 10:00:00,0,2,0,0,NA,NA,Emergency Manager,43,EG,NA,NA,NA,NA,NA,NA,NA,NA,NA,5,SE,BAR HARBOR,5,SE,BAR HARBOR,44.3288,-68.1284,44.3288,-68.1284,Post-Tropical Cyclone Lee generally brought 43 to 52 knot (50 to 60 mph) wind gusts to the Downeast coast and Gulf of Maine. A 54 knot (62 mph) gust was reported at Eastport in Washington county...with a 55 knot (63 mph) gust reported at the Jonesport buoy. Wind gusts along the coast of Hancock county generally ranged from 39 to 48 knots (45 to 55 mph). A whale watching boat in Bar Harbor was torn from its mooring and ran aground resulting in an 1800 gallon fuel spill. A lobster boat attempting to pull traps was capsized around a mile offshore of Gouldsboro due to a rogue wave. Two lobstermen went into the water and had to be rescued by the Coast Guard. The capsized boat eventually  sank.,Post-Tropical Cyclone Lee generally produced wind gusts of 39 to 48 knots ( 45 to 55 mph) along the Hancock county coast. A lobster boat attempting to pull traps was capsized by a rogue wave. Two lobstermen went into the water and had to be rescued by the Coast Guard. The capsized boat eventually sank.,CSV
202407,6,930,202407,6,930,194762,1204168,LAKE ERIE,95,2024,July,Marine Strong Wind,Z,147,WILLOWICK TO GENEVA-ON-THE-LAKE OH,95147,CLE,06-JUL-24 09:30:00,EST-5,06-JUL-24 09:30:00,0,0,1,1,0.00K,0.00K,Broadcast Media,15,ES,NA,NA,NA,NA,NA,NA,NA,NA,NA,12.18,WSW,GENEVA ON THE LAKE,12.18,WSW,GENEVA ON THE LAKE,41.8195,-81.1567,41.8195,-81.1567,"At the surface, a cold front drifted eastward from near Long Point, ON and the OH/PA border to western NY and western PA as the parent, occluded low drifted eastward across northern Lake Huron between 8 AM and 11 AM EDT on July 6th. Behind the front, a weak ridge built from the Upper Midwest and was accompanied by a weak MSLP gradient. Behind the front, westerly surface winds around 10 to 15 knots and waves no larger than one to three feet affected Lake Erie during the morning of the 6th. A boat capsized about one-mile offshore the Perry Nuclear Power Plant around 10:30 AM EDT. Of the four passengers, two survived and two perished.","A motorboat with four passengers capsized about one-mile offshore the Perry Nuclear Power Plant in the North Perry area. Two passengers survived, one was pronounced dead after an extensive U.S. Coast Guard search, and one passenger was pronounced dead at the hospital. The nearest buoy (Fairport Harbor buoy) reported 10 to 15 knot sustained surface wind and waves of two feet around the time of this incident.",CSV
202412,29,0,202412,30,2100,198280,1228901,GUAM WATERS,83,2024,December,Marine Strong Wind,Z,181,MAJURO COASTAL WATERS,83181,GUM,29-DEC-24 00:00:00,GST10,30-DEC-24 21:00:00,3,0,4,0,NA,0.00K,Unknown,25,ES,NA,NA,NA,NA,NA,NA,NA,NA,NA,6.12,E,DELAP,6.12,E,DELAP,7.0879,171.4689,7.0879,171.4689,"Choppy seas around 8 to 11 feet, created by long-period north swell from distant systems in the northern Pacific and an elevated trade swell, caused hazardous marine conditions.","A trade-wind surge affecting eastern Micronesia with winds estimated to be around 20 to 25 knots, according to satellite scatterometer data. Wind waves with a mixed trade swell and longer period north swell, generated choppy seas, estimated to be around 8 to 11 feet based on satellite altimetry, around Majuro Atoll near the end of December. On December 30th a motorboat left Majuro between 1700LST to 1730LST (1500ChST to 1530ChST) in the late afternoon and was heading east to Arno Atoll, roughly 30 miles away. The boat had seven individuals onboard (5 men and 2 women) and was reported missing at 2100LST (1900ChST) when the boat did not arrive at Arno as scheduled. Rescuers found 2 survivors, 3 men, while only 1 male body was recovered about half way between Majuro and Arno Atolls as the boat had sunk. The other 2 men and 2 women were not found and presumed lost. Age of the victims was not given and not estimate on the cost of the boat was available.",CSV
202407,7,612,202407,7,612,195034,1205592,GULF OF MEXICO,85,2024,July,Marine Strong Wind,Z,150,COASTAL WATERS FROM PT MANSFIELD TO RIO GRANDE RIVER TX OUT 20NM,85150,BRO,07-JUL-24 06:12:00,CST-6,07-JUL-24 06:12:00,0,0,0,0,1.00K,0.00K,Buoy,39,MG,NA,NA,NA,NA,NA,NA,NA,NA,NA,1.42,WSW,SOUTH PADRE ISLAND,1.42,WSW,SOUTH PADRE ISLAND,26.07,-97.15,26.07,-97.15,"SPI Brazos Santiago reported a peak wind gust of 39 kts or 45 mph, possibly as a result of a nearby outflow boundary. The outflow emanated from distant bands loosely associated with Tropical Storm Beryl, whose center was more than 130 miles east-southeast of this location when the event occurred.","SPI Brazos Santiago reported a non-thunderstorm peak wind gust of 39 knots or 45 mph. The event was from an outer band associated with distant Tropical Storm Beryl, whose center was around 130 miles east of South Padre Island around the time these bands passed by.",CSV
202501,18,700,202501,18,1900,198813,1229178,ATLANTIC NORTH,88,2025,January,Marine Strong Wind,Z,50,EASTPORT ME TO SCHOODIC POINT ME OUT 25 NM,88050,CAR,18-JAN-25 07:00:00,EST-5,18-JAN-25 19:00:00,0,0,2,0,NA,NA,Newspaper,30,EG,NA,NA,NA,NA,NA,NA,NA,NA,NA,8.03,NE,CUTLER,8.03,NE,CUTLER,44.7311,-67.083,44.7311,-67.083,"An approaching low pressure system on January 18th tightened the pressure gradient over the Gulf of Maine. This caused near gale force winds over the Gulf of Maine, with seas building to near 8 feet.",Two fisherman were lost at sea when traveling from Eastport to South Addison. They radioed the USCG for assistance and changed course due to rough seas.,CSV
202501,20,2243,202501,20,2243,200197,1239647,GULF OF MEXICO,85,2025,January,Marine Strong Wind,Z,135,LAGUNA MADRE FROM 5NM N OF PT MANSFIELD TO BAFFIN BAY TX,85135,BRO,20-JAN-25 22:43:00,CST-6,20-JAN-25 22:43:00,0,0,0,0,1.00K,0.00K,Buoy,43,MG,NA,NA,NA,NA,NA,NA,NA,NA,NA,29.87,S,S BAFFIN BAY,29.87,S,S BAFFIN BAY,26.77,-97.43,26.77,-97.43,"An enhanced pressure and thermal gradient associated with the Arctic Cold Front resulted in strong and gusty northwest winds Monday night into Tuesday (January 20-21, 2025). Winds gusted between 47-52 mph during this timeframe.",A buoy near Port Mansfield reported a peak wind gust of 50 mph.,CSV
202501,21,10,202501,21,10,200197,1239650,GULF OF MEXICO,85,2025,January,Marine Strong Wind,Z,175,WATERS FROM BAFFIN BAY TO PT MANSFIELD TX EXT FROM 20 TO 60NM,85175,BRO,21-JAN-25 00:10:00,CST-6,21-JAN-25 00:10:00,0,0,0,0,1.00K,0.00K,Buoy,41,MG,NA,NA,NA,NA,NA,NA,NA,NA,NA,30.19,ESE,S BAFFIN BAY,30.19,ESE,S BAFFIN BAY,26.96,-96.97,26.96,-96.97,"An enhanced pressure and thermal gradient associated with the Arctic Cold Front resulted in strong and gusty northwest winds Monday night into Tuesday (January 20-21, 2025). Winds gusted between 47-52 mph during this timeframe.",A buoy over the offshore waters of Port Mansfield reported a peak wind gust of 47 mph.,CSV
202501,21,454,202501,21,454,200197,1239652,GULF OF MEXICO,85,2025,January,Marine Strong Wind,Z,130,LAGUNA MADRE FROM PORT OF BROWNSVILLE TO ARROYO COLORADO,85130,BRO,21-JAN-25 04:54:00,CST-6,21-JAN-25 04:54:00,0,0,0,0,1.00K,0.00K,Buoy,44,MG,NA,NA,NA,NA,NA,NA,NA,NA,NA,7.44,E,ARROYO CITY,7.44,E,ARROYO CITY,26.23,-97.3,26.23,-97.3,"An enhanced pressure and thermal gradient associated with the Arctic Cold Front resulted in strong and gusty northwest winds Monday night into Tuesday (January 20-21, 2025). Winds gusted between 47-52 mph during this timeframe.",A buoy near Realitos Peninsula (9 miles north of Laguna Vista) reported a peak wind gust of 51 mph.,CSV
202501,21,500,202501,21,500,200197,1239656,GULF OF MEXICO,85,2025,January,Marine Strong Wind,Z,130,LAGUNA MADRE FROM PORT OF BROWNSVILLE TO ARROYO COLORADO,85130,BRO,21-JAN-25 05:00:00,CST-6,21-JAN-25 05:00:00,0,0,0,0,1.00K,0.00K,Buoy,45,MG,NA,NA,NA,NA,NA,NA,NA,NA,NA,1.86,E,PORT ISABEL,1.86,E,PORT ISABEL,26.07,-97.17,26.07,-97.17,"An enhanced pressure and thermal gradient associated with the Arctic Cold Front resulted in strong and gusty northwest winds Monday night into Tuesday (January 20-21, 2025). Winds gusted between 47-52 mph during this timeframe.",South Padre Island (SPI) Coast Guard Station Buoy measured a peak wind gust of 52 mph.,CSV
202503,21,1230,202503,21,1230,200867,1245548,LAKE MICHIGAN,91,2025,March,Marine Strong Wind,Z,743,CALUMET HARBOR IL TO GARY IN,91743,LOT,21-MAR-25 12:30:00,CST-6,21-MAR-25 12:30:00,1,0,1,0,0.00K,0.00K,Broadcast Media,43,EG,NA,NA,NA,NA,NA,NA,NA,NA,NA,1.74,WNW,INDIANA HARBOR,1.74,WNW,INDIANA HARBOR,41.6839,-87.4681,41.6839,-87.4681,"Two men were fishing on southern Lake Michigan near East Chicago's steel mill when their 19-foot vessel capsized during the afternoon of the 21st. One man was able to swim to shore and was transported to a local hospital where he recovered. The other man, a 73 year old, did not survive and his body was recovered later that afternoon. A Gale Warning was in effect at the time advertising hazardous boating conditions. The Harrison-Dever Crib was consistently reporting 50 to 55 mph gusts at the time of the incident and the water temperature was recorded nearby at 37 degrees.",NA,CSV
202603,6,1418,202603,6,1500,212343,1327906,ATLANTIC SOUTH,87,2026,March,Marine Strong Wind,Z,735,COASTAL WATERS OF SOUTHERN PUERTO RICO OUT 10 NM,87735,SJU,06-MAR-26 14:18:00,AST-4,06-MAR-26 15:00:00,3,0,1,0,10.00K,0.00K,Newspaper,25,EG,NA,NA,NA,NA,NA,NA,NA,NA,NA,1.03,NW,PONCE NAUTICAL CLUB,0.84,NW,PONCE NAUTICAL CLUB,17.9619,-66.6194,17.9583,-66.6192,A strong Atlantic high-pressure system produced fresh to strong easterly winds across Puerto Rico and the U.S. Virgin Islands. The resulting tight pressure gradient generated choppy to rough seas and a high risk of rip currents across the region.,"Strong winds and rough seas caused a small recreational vessel carrying four occupants to capsize near Caja de Muerto, south of Ponce. One person drowned while three others were rescued and survived the incident. Hazardous marine conditions were present across the local waters due to enhanced easterly winds associated with a strong Atlantic high-pressure system.",CSV
